landslide_id,label,block_id,split,longitude,latitude,elev_mean,slope_mean
LS_00002,1,44_85,val,80.51683883666992,7.710088729858398,280.5565795898437,21.30812263488769
LS_00005,1,48_84,train,80.88276280854878,7.63932991027832,230.6499938964844,17.103866577148438
LS_00006,1,47_84,train,80.74507126055266,7.611654281616211,353.8070678710937,16.783597946166992
LS_00011,1,47_84,train,80.74383745193481,7.618221282958984,295.9005432128906,19.33814239501953
LS_00020,1,43_84,test,80.43869334661395,7.600591861936891,153.54562377929688,12.478599548339844
LS_00025,1,43_84,test,80.44469239758857,7.621555640685408,215.82293701171875,18.728883743286133
LS_00028,1,43_84,test,80.42002067868671,7.623325347900391,282.69171142578125,24.884315490722656
LS_00032,1,43_84,test,80.41519943086126,7.608426845055674,363.6575622558594,31.060131072998047
LS_00035,1,43_84,test,80.40518124898274,7.625118255615234,349.1222839355469,26.065868377685547
LS_00040,1,43_84,test,80.41499582926431,7.601989746093751,345.0128173828125,28.32147789001465
LS_00041,1,43_83,train,80.41586235591343,7.593391418457031,190.30642700195312,16.939149856567383
LS_00046,1,43_83,train,80.40971607632108,7.598752975463867,232.27020263671875,22.15074157714844
LS_00047,1,43_83,train,80.36613898277282,7.533100128173828,262.7344665527344,24.723464965820312
LS_00053,1,46_83,train,80.68380387624106,7.598594665527344,550.4434204101562,22.88184356689453
LS_00057,1,46_83,train,80.6759934425354,7.596155166625977,400.7863159179688,16.115398406982422
LS_00059,1,46_84,val,80.69453430175781,7.603395462036133,815.3941040039062,26.773887634277344
LS_00063,1,47_83,train,80.7437105178833,7.574085235595703,407.9562072753906,13.34194564819336
LS_00066,1,47_83,train,80.78065518538156,7.512409210205078,469.9879760742188,21.48750686645508
LS_00073,1,48_82,test,80.8869047164917,7.443538665771484,713.5860595703125,19.66581344604492
LS_00076,1,48_82,test,80.89619318644205,7.437519073486328,673.7471313476562,22.24961471557617
LS_00077,1,48_82,test,80.90897769927979,7.436395645141602,357.6201171875,13.63459587097168
LS_00082,1,48_82,test,80.89709490117892,7.430517196655273,620.0927124023438,16.476383209228516
LS_00084,1,48_82,test,80.89128398895264,7.430421829223633,848.85986328125,26.537620544433597
LS_00086,1,48_81,val,80.88670744214738,7.417448043823242,1164.986572265625,30.20586395263672
LS_00089,1,48_81,val,80.89321231842041,7.414026260375977,1050.2548828125,29.469640731811523
LS_00092,1,49_82,train,80.91912937164307,7.434469223022461,239.1280517578125,11.616358757019045
LS_00093,1,48_82,test,80.86098204718695,7.478647232055664,581.6474609375,20.09113311767578
LS_00094,1,48_82,test,80.85299110412598,7.464570999145509,541.3896484375,24.491680145263672
LS_00098,1,48_82,test,80.84632746621173,7.460684674601051,778.0665283203125,25.623126983642575
LS_00100,1,48_82,test,80.84213471412659,7.453945159912109,638.021240234375,23.19974708557129
LS_00102,1,48_82,test,80.83835124969482,7.445268630981445,503.55462646484375,24.950517654418945
LS_00104,1,48_82,test,80.83584594726562,7.43964958190918,723.9790649414062,32.914390563964844
LS_00112,1,48_82,test,80.85133965810141,7.42982292175293,339.4340515136719,20.483348846435547
LS_00113,1,48_82,test,80.89238529205322,7.420053482055664,868.2039794921875,20.573711395263672
LS_00117,1,48_82,test,80.82170508458064,7.426992416381836,733.8302612304688,28.84231185913086
LS_00126,1,48_82,test,80.82098020826066,7.44398307800293,926.6143798828124,32.803611755371094
LS_00134,1,48_82,test,80.85150194168091,7.498687744140625,419.7691650390625,19.19854736328125
LS_00135,1,47_82,train,80.77836537361145,7.498706817626953,507.177001953125,27.72357940673828
LS_00138,1,47_82,train,80.76943039894104,7.508712768554687,650.9949951171875,25.421356201171875
LS_00146,1,47_82,train,80.76694808006286,7.489015579223633,705.52880859375,27.464597702026367
LS_00152,1,47_82,train,80.80588376522064,7.433174133300781,1060.8072509765625,34.24089813232422
LS_00153,1,47_82,train,80.78423595428467,7.452409744262695,952.3628540039062,25.51590347290039
LS_00159,1,46_82,train,80.72392904758453,7.440322875976562,1025.7620849609375,10.56362247467041
LS_00160,1,46_82,train,80.71707057952881,7.430984497070312,1193.3828125,25.88605117797852
LS_00163,1,46_82,train,80.68126410885012,7.491811994877983,540.409423828125,17.28419303894043
LS_00165,1,46_82,train,80.70904731750488,7.444787979125977,1185.7989501953125,21.88946914672852
LS_00168,1,48_81,val,80.86381936073303,7.405738830566406,849.3441162109375,27.515926361083984
LS_00169,1,48_81,val,80.86922264099121,7.409107208251953,683.4674072265625,24.688644409179688
LS_00170,1,48_81,val,80.86553730684167,7.41473388671875,532.7166748046875,19.330707550048828
LS_00173,1,47_81,train,80.81614685058594,7.412872314453125,1161.60400390625,40.61866760253906
LS_00176,1,48_81,val,80.90801544189453,7.3940887451171875,771.54638671875,19.714279174804688
LS_00180,1,48_81,val,80.9009937286377,7.401723861694336,969.9901123046876,25.437255859375
LS_00184,1,42_80,train,80.28737020492554,7.248645782470703,212.76727294921875,16.014375686645508
LS_00185,1,49_79,val,80.93074617385864,7.174673080444336,844.0780639648438,22.979854583740234
LS_00189,1,46_79,test,80.67240357398987,7.19975471496582,802.9229736328125,9.618175506591797
LS_00190,1,46_79,test,80.70130920410156,7.199590682983398,1243.596435546875,20.734176635742188
LS_00192,1,46_79,test,80.69132137298584,7.164762496948242,1264.689697265625,22.239303588867188
LS_00197,1,44_79,train,80.54301261901855,7.177806854248047,740.678955078125,21.325855255126957
LS_00200,1,44_79,train,80.52674751281738,7.153957366943359,580.34033203125,26.484325408935547
LS_00202,1,44_79,train,80.50492858886719,7.147193908691406,365.7185974121094,23.972434997558597
LS_00204,1,44_78,train,80.479847240448,7.145071029663086,250.09149169921875,9.623868942260742
LS_00210,1,43_78,val,80.39598970155458,7.117237091064453,704.861083984375,22.570087432861328
LS_00211,1,43_78,val,80.41932845115662,7.124977111816406,575.261474609375,21.378660202026367
LS_00213,1,43_78,val,80.42759919166565,7.121246337890625,807.0706176757812,16.59548568725586
LS_00215,1,43_78,val,80.41905001231602,7.105777740478516,985.1773681640624,20.073244094848636
LS_00217,1,43_78,val,80.423348903656,7.098064422607422,726.68896484375,24.220378875732425
LS_00218,1,43_78,val,80.4245921997797,7.078104019165039,594.1536865234375,22.343828201293945
LS_00219,1,43_78,val,80.4324813570295,7.082193374633789,767.2518310546875,27.36682891845703
LS_00220,1,43_78,val,80.44757095972696,7.089103698730469,1065.4598388671875,17.785476684570312
LS_00221,1,43_78,val,80.43952751159668,7.098320007324219,918.2991943359376,15.720078468322754
LS_00223,1,44_78,train,80.52363699952329,7.124127717746056,759.1444091796875,16.245725631713867
LS_00226,1,44_78,train,80.464106798172,7.065547943115234,1031.918212890625,14.788917541503906
LS_00227,1,45_78,test,80.61561479287988,7.072349548339844,1018.3877563476562,27.25671768188477
LS_00230,1,45_78,test,80.60960003425336,7.06901741027832,935.3710327148438,28.7762451171875
LS_00232,1,45_78,test,80.59076900482178,7.075588226318359,911.9581298828124,22.09134292602539
LS_00233,1,45_78,test,80.62550163269043,7.065557479858398,833.302490234375,18.48594665527344
LS_00235,1,46_78,val,80.71444830336678,7.138773549369386,1074.999267578125,20.141647338867188
LS_00239,1,46_79,test,80.6990234375,7.156047821044922,1231.98681640625,27.556245803833008
LS_00240,1,46_79,test,80.70384898400816,7.151398160708194,1168.8924560546875,27.275367736816406
LS_00244,1,46_78,val,80.70741415023804,7.125612258911133,1270.3177490234375,19.451175689697266
LS_00245,1,47_78,test,80.73769844902887,7.135631561279297,903.4423828125,23.723072052001957
LS_00247,1,47_78,test,80.75073733329774,7.138839721679688,818.14794921875,16.619964599609375
LS_00250,1,50_77,train,81.06787495386033,7.009748458862305,810.948486328125,25.544288635253903
LS_00251,1,49_76,train,80.9935827255249,6.965194702148437,1030.7373046875,19.52324485778809
LS_00253,1,49_77,test,80.99533544267928,7.03422737121582,980.484619140625,22.33125686645508
LS_00256,1,49_77,test,80.9781092779977,7.00929069519043,683.3167724609375,31.13354110717773
LS_00257,1,50_77,train,81.05954005501488,7.050420761108398,434.9708251953125,21.08765411376953
LS_00258,1,50_78,train,81.06703262329101,7.060201644897461,480.88323974609375,25.17391586303711
LS_00259,1,50_78,train,81.05754566192627,7.075288772583008,366.4659423828125,20.41587829589844
LS_00264,1,49_75,test,80.99686209360758,6.789178848266602,1596.56298828125,17.82149887084961
LS_00269,1,46_77,train,80.6893478694715,7.034336090087891,1568.0675048828125,22.59697914123535
LS_00273,1,46_77,train,80.70461511611938,7.02998161315918,1533.601318359375,23.040977478027344
LS_00275,1,46_77,train,80.72123399902793,7.043214797973633,1564.4625244140625,21.36481666564941
LS_00277,1,47_77,val,80.77864360809326,7.02978515625,1365.1070556640625,27.484575271606445
LS_00282,1,48_77,train,80.8400965643104,6.995906057844112,1874.96337890625,20.576068878173828
LS_00285,1,48_77,train,80.85539240292965,6.9795288052968125,1886.624755859375,30.60242462158203
LS_00287,1,49_77,test,80.96535046895346,7.036741256713867,579.9200439453125,25.84517478942871
LS_00290,1,49_77,test,80.96472644805908,7.021625518798828,587.2308349609375,24.87105178833008
LS_00292,1,49_77,test,80.95984363555908,7.001970291137695,991.0453491210938,32.51882553100586
LS_00295,1,50_78,train,81.04488547643027,7.065513610839844,664.310791015625,29.99245262145996
LS_00297,1,51_78,test,81.17777114055312,7.106709150278085,766.4410400390625,22.47209930419922
LS_00299,1,51_78,test,81.17133013407388,7.105926513671875,695.0926513671875,17.581321716308594
LS_00300,1,51_78,test,81.17259502410889,7.113002777099609,602.7611083984375,23.30792808532715
LS_00301,1,51_78,test,81.16683053970337,7.111457824707031,726.8904418945312,26.14009094238281
LS_00304,1,51_78,test,81.15374612808228,7.12211799621582,935.7478637695312,27.171092987060547
LS_00308,1,51_78,test,81.1630564265781,7.098564147949219,1299.838134765625,34.46623229980469
LS_00312,1,51_78,test,81.16763553619384,7.090301513671875,1166.89013671875,32.836395263671875
LS_00315,1,51_78,test,81.17915855754507,7.08833122253418,1031.3076171875,27.35495948791504
LS_00321,1,51_78,test,81.09365940093994,7.062713623046875,1019.5735473632812,31.43069839477539
LS_00327,1,51_78,test,81.11439590454101,7.081878662109375,483.60101318359375,23.08768653869629
LS_00328,1,51_77,train,81.10617923736572,7.053678512573242,665.3372802734375,18.89448356628418
LS_00329,1,51_78,test,81.10938630785262,7.062437057495117,485.35931396484375,31.83010673522949
LS_00330,1,51_78,test,81.14111920886252,7.082880752256436,732.7425537109375,29.42722511291504
LS_00331,1,51_78,test,81.1775647163391,7.062419891357422,970.995361328125,19.19744873046875
LS_00332,1,51_78,test,81.1741590499878,7.067926406860352,1115.2908935546875,23.898868560791016
LS_00334,1,51_77,train,81.17853060635653,7.050458908081055,1100.886474609375,20.386417388916016
LS_00335,1,51_77,train,81.17767129989869,7.041851043701172,1193.312744140625,28.942672729492188
LS_00336,1,52_77,test,81.19094467163086,7.041513442993164,861.98388671875,15.141068458557127
LS_00337,1,52_77,test,81.19641314482175,7.044598051329725,796.9996337890625,15.397575378417969
LS_00340,1,52_77,test,81.2208200754053,7.050400665006248,805.2240600585938,27.82457733154297
LS_00341,1,52_77,test,81.21955915371635,7.02498002584746,672.1396484375,26.34652709960937
LS_00346,1,52_77,test,81.21966489156088,7.032831192016601,767.154052734375,27.19702911376953
LS_00347,1,52_77,test,81.20056533813477,7.024534225463867,768.380126953125,12.418054580688477
LS_00348,1,52_77,test,81.22142219543457,7.042675018310547,688.5604248046875,23.96832656860352
LS_00350,1,51_77,train,81.16990694632898,7.012855529785156,1296.1064453125,21.04314422607422
LS_00353,1,51_77,train,81.17538070678711,7.017122268676758,1361.2933349609375,26.9755973815918
LS_00354,1,51_77,train,81.14838886260986,7.009729385375977,799.9547119140625,28.146900177001957
LS_00355,1,51_77,train,81.1340939203898,7.020551681518555,470.7998352050781,20.398067474365234
LS_00357,1,51_77,train,81.131019115448,6.980562210083008,1112.754150390625,29.072429656982425
LS_00359,1,51_77,train,81.14018806037438,6.9696002163232285,954.28515625,17.5419921875
LS_00363,1,51_77,train,81.13713312149048,6.975109100341797,1086.591796875,18.3612060546875
LS_00365,1,51_76,test,81.12383460998535,6.937723159790039,1270.527587890625,26.4837703704834
LS_00366,1,50_76,val,81.05505164464316,6.925617218017578,910.0020751953124,23.1510009765625
LS_00368,1,51_76,test,81.09670738008117,6.921538776331795,1261.0400390625,26.9952335357666
LS_00371,1,51_76,test,81.1243839263916,6.909837722778319,1138.892822265625,23.834884643554688
LS_00373,1,51_76,test,81.13429737091064,6.92680549621582,1164.824951171875,24.68486785888672
LS_00377,1,51_76,test,81.12760776943631,6.917520523071289,1300.063720703125,30.229305267333984
LS_00378,1,51_76,test,81.13019680976868,6.93525505065918,1147.984375,24.119853973388672
LS_00380,1,50_77,train,81.01707663536072,7.044254302978516,1161.5809326171875,25.95216941833496
LS_00382,1,44_75,test,80.51899562162512,6.828834533691406,1408.56787109375,22.55242919921875
LS_00383,1,47_82,train,80.78709506988525,7.496311187744141,375.5402221679688,23.57718849182129
LS_00384,1,47_82,train,80.778323514895,7.490402221679687,483.2891845703125,22.34237098693848
LS_00387,1,46_82,train,80.70615339279175,7.487209320068359,766.8452758789062,19.792896270751957
LS_00388,1,47_83,train,80.73374334971109,7.582000732421875,524.39990234375,17.012096405029297
LS_00389,1,47_83,train,80.74659543255575,7.566495895385742,523.2247314453125,15.850578308105469
LS_00391,1,47_83,train,80.73427402973175,7.562740325927734,746.8970947265625,36.95700454711914
LS_00392,1,46_83,train,80.720205783844,7.558691024780273,784.3139038085938,23.49800109863281
LS_00394,1,44_85,val,80.5287234817726,7.698383331298828,333.4674072265625,22.22257232666016
LS_00395,1,44_85,val,80.52746987342834,7.691951751708984,242.33224487304688,15.757774353027344
LS_00398,1,44_85,val,80.53521728515625,7.70665168762207,407.6856384277344,19.872392654418945
LS_00399,1,44_85,val,80.522237385111,7.702453226025369,337.67486572265625,22.983657836914062
LS_00406,1,44_85,val,80.51782274246216,7.692764282226562,257.861572265625,16.91278648376465
LS_00408,1,44_85,val,80.51663139106137,7.723439294006633,236.5870056152344,18.41975212097168
LS_00410,1,47_83,train,80.78383135795593,7.517913818359375,544.364990234375,28.22304344177246
LS_00411,1,47_83,train,80.77731394767761,7.525936126708984,892.6171875,33.297733306884766
LS_00412,1,47_83,train,80.77090573310852,7.534248352050781,567.99658203125,19.93236541748047
LS_00413,1,47_83,train,80.73470843279803,7.550577163696289,1080.880126953125,38.50089263916016
LS_00414,1,47_83,train,80.76038551330566,7.561759948730469,628.6906127929688,23.325340270996094
LS_00415,1,47_83,train,80.76023533765007,7.546304702758789,799.3092651367188,17.109027862548828
LS_00418,1,47_83,train,80.75083995395237,7.551637649536133,831.76171875,19.23257064819336
LS_00422,1,45_84,train,80.55881834030151,7.606395721435547,371.1414794921875,20.407207489013672
LS_00423,1,45_83,train,80.56533039317412,7.598711013793945,570.842041015625,31.09079360961914
LS_00424,1,43_79,train,80.42015886306763,7.160312652587891,439.0797119140625,20.10906219482422
LS_00425,1,43_79,train,80.4126812616984,7.158815383911133,293.15252685546875,15.52650547027588
LS_00426,1,43_79,train,80.41714143753052,7.17840576171875,461.4967956542969,21.829647064208984
LS_00427,1,43_79,train,80.4091240564982,7.181352615356445,493.347412109375,19.839021682739254
LS_00428,1,43_79,train,80.43612957000732,7.182634353637695,390.036376953125,22.20484161376953
LS_00429,1,44_78,train,80.50764274597168,7.078098297119141,1072.9459228515625,21.02720642089844
LS_00430,1,44_78,train,80.50019580451819,7.098190352339829,740.731689453125,17.123836517333984
LS_00431,1,44_78,train,80.46913814544678,7.112323760986329,893.7398681640625,20.85524559020996
LS_00432,1,44_78,train,80.46488035212056,7.119646191745137,772.5384521484375,24.978839874267575
LS_00435,1,44_78,train,80.45715522766113,7.121408462524414,791.0087890625,23.507200241088867
LS_00437,1,44_78,train,80.46358442306519,7.135490417480469,346.37030029296875,22.527677536010746
LS_00438,1,44_78,train,80.45675033993192,7.132932662963867,500.69342041015625,31.022157669067383
LS_00442,1,43_78,val,80.43839059557234,7.14216423034668,849.655029296875,26.937576293945312
LS_00444,1,43_78,val,80.44451625530536,7.140819549560548,535.0630493164062,26.27216339111328
LS_00445,1,45_82,train,80.60800814628601,7.462882995605469,509.78118896484375,22.49112701416016
LS_00446,1,45_82,train,80.5976402759552,7.469381332397461,588.7491455078125,24.812335968017575
LS_00448,1,45_82,train,80.58819484710693,7.429960250854492,737.4586181640625,19.96612548828125
LS_00449,1,45_82,train,80.59042644500732,7.449811935424805,477.6561279296875,19.26697540283203
LS_00450,1,45_82,train,80.54981117248535,7.483945846557617,355.29376220703125,23.41931533813477
LS_00453,1,45_82,train,80.58150027348445,7.504936218261719,538.1060791015625,18.493423461914062
LS_00454,1,44_82,val,80.5020604133606,7.501981735229491,377.0823364257813,25.21371459960937
LS_00455,1,44_82,val,80.49555673245587,7.494291305541992,599.1077880859375,29.73010635375977
LS_00456,1,44_82,val,80.48192291259765,7.496492385864258,458.2488098144531,22.453651428222656
LS_00457,1,44_82,val,80.49215126037598,7.487865447998047,588.3509521484375,20.21133041381836
LS_00458,1,44_82,val,80.48411451198731,7.484566029326954,355.36541748046875,20.866819381713867
LS_00459,1,44_82,val,80.49026536941528,7.47978401184082,592.07763671875,23.306171417236328
LS_00460,1,44_82,val,80.48187611897787,7.474332809448242,311.4884338378906,24.498371124267575
LS_00461,1,44_82,val,80.48822911580405,7.47068977355957,536.4472045898438,27.76757049560547
LS_00462,1,44_82,val,80.49826453256114,7.483051256576662,566.6668701171875,21.88132095336914
LS_00463,1,44_82,val,80.50466012954712,7.479448318481445,326.9189758300781,23.888568878173828
LS_00464,1,44_82,val,80.49598817825317,7.474393844604492,555.6071166992188,25.43419075012207
LS_00466,1,44_82,val,80.50303014119467,7.463291168212891,275.5373229980469,19.26302719116211
LS_00467,1,44_82,val,80.52005990346274,7.434429168701172,250.79049682617188,15.41094207763672
LS_00468,1,44_82,val,80.52569453301004,7.423229631553039,308.6966552734375,18.64666748046875
LS_00469,1,44_81,train,80.52196453735891,7.410823822021484,449.4234924316406,27.710426330566406
LS_00470,1,44_82,val,80.53060119628907,7.419328689575195,341.6739807128906,21.872520446777344
LS_00471,1,45_82,train,80.56470600763956,7.451332092285156,612.07080078125,19.66290283203125
LS_00472,1,45_82,train,80.55422306060791,7.453863143920898,607.26318359375,17.068098068237305
LS_00473,1,45_82,train,80.57905750274658,7.421758651733398,626.5863037109375,15.994621276855469
LS_00475,1,45_82,train,80.56129096536075,7.434946060180664,681.1749877929688,17.13882827758789
LS_00476,1,45_82,train,80.5552303314209,7.438432693481445,654.9610595703125,22.35116958618164
LS_00478,1,44_82,val,80.54602209726968,7.440439224243164,507.514404296875,26.459487915039062
LS_00481,1,45_82,train,80.54976643456354,7.448110580444336,759.7149658203125,18.045259475708008
LS_00483,1,44_82,val,80.54121718571103,7.449026107788085,524.7644653320312,24.62744140625
LS_00487,1,44_82,val,80.54228115081787,7.460329055786133,412.7208251953125,25.24033737182617
LS_00489,1,44_82,val,80.53840696161444,7.46583366394043,327.0315856933594,22.58216667175293
LS_00490,1,44_82,val,80.53001689910889,7.46977424621582,239.44610595703125,14.967378616333008
LS_00491,1,45_82,train,80.55608574549356,7.465656280517578,418.60443115234375,23.174259185791016
LS_00492,1,43_78,val,80.4260425567627,7.145772933959961,784.440673828125,24.5069580078125
LS_00493,1,43_78,val,80.42188102006912,7.140827178955078,657.191650390625,26.956899642944336
LS_00498,1,43_78,val,80.42878341674805,7.137628555297852,733.257080078125,22.42974853515625
LS_00501,1,43_78,val,80.4135851201998,7.113090726227487,827.5057373046875,20.89978408813477
LS_00503,1,43_78,val,80.42542376885046,7.111034393310547,955.4776000976562,20.91549301147461
LS_00506,1,43_78,val,80.4378801981608,7.131376266479492,703.0411376953125,23.353918075561523
LS_00507,1,43_78,val,80.4450671672821,7.134368896484375,504.4547729492188,23.54696273803711
LS_00508,1,43_78,val,80.45237796956843,7.126243591308594,799.5730590820312,23.694416046142575
LS_00511,1,43_78,val,80.39810562133789,7.073503494262695,475.96099853515625,27.86954498291016
LS_00512,1,43_78,val,80.38669012465598,7.059900938810831,688.8204345703125,31.48319625854492
LS_00514,1,43_78,val,80.39446425437927,7.062171936035156,583.663818359375,26.657106399536133
LS_00515,1,43_78,val,80.40339810507638,7.066415786743164,572.2743530273438,24.60676383972168
LS_00516,1,43_78,val,80.4090830485026,7.064132690429688,716.2400512695312,23.439434051513672
LS_00520,1,43_78,val,80.41873127680559,7.071090698242188,594.9036254882812,23.219114303588867
LS_00521,1,43_78,val,80.41299314744819,7.094780177424172,570.5211181640625,23.614845275878903
LS_00522,1,43_78,val,80.4076279534234,7.082780838012695,773.6094360351562,22.74993133544922
LS_00524,1,43_78,val,80.40022792816163,7.088373184204102,535.0584106445312,21.18002319335937
LS_00525,1,43_78,val,80.43972385138795,7.077718734741211,666.4212036132812,30.00316619873047
LS_00526,1,44_78,train,80.45799228123256,7.102626800537109,1060.109619140625,25.530780792236328
LS_00527,1,44_78,train,80.46600303649902,7.082357406616211,910.01513671875,18.59416961669922
LS_00528,1,43_77,train,80.42681485956365,7.045862197875977,815.9918212890625,32.874019622802734
LS_00530,1,43_77,train,80.42414919535318,7.037765502929688,733.585693359375,25.78038024902344
LS_00532,1,43_77,train,80.41841556912377,7.0351409912109375,675.4691772460938,36.116737365722656
LS_00533,1,43_77,train,80.38370381868802,7.021490097045898,382.0445251464844,19.456378936767575
LS_00534,1,42_78,train,80.35498305729458,7.110134124755859,274.876220703125,21.471895217895508
LS_00535,1,42_78,train,80.31842752603384,7.113092422485352,237.41763305664065,17.11202621459961
LS_00536,1,44_78,train,80.4946448802948,7.124645233154297,762.8522338867188,26.01991081237793
LS_00538,1,44_78,train,80.51465155861595,7.113746643066406,724.6605834960938,19.651500701904297
LS_00539,1,44_78,train,80.53235816955566,7.1112213134765625,733.2501831054688,16.754684448242188
LS_00541,1,44_78,train,80.54652995447958,7.14044189453125,750.0737915039062,20.629291534423828
LS_00543,1,44_78,train,80.54171514511108,7.144201278686523,662.2448120117188,22.482891082763672
LS_00545,1,45_79,train,80.55671934423776,7.152458190917969,499.05126953125,6.297738075256348
LS_00546,1,45_79,train,80.55005232493082,7.155225753784179,755.5982055664062,30.69904136657715
LS_00547,1,44_79,train,80.54162543160575,7.184303283691406,687.3143310546875,19.70780372619629
LS_00549,1,44_79,train,80.53565002716694,7.186132431030273,585.899658203125,17.208097457885742
LS_00553,1,44_79,train,80.53138219393216,7.17323112487793,392.8304138183594,19.052339553833008
LS_00554,1,44_80,train,80.5445146220071,7.240501403808594,592.2661743164062,19.67466926574707
LS_00555,1,44_79,train,80.51682207319472,7.228322982788086,361.45556640625,18.800437927246094
LS_00556,1,44_79,train,80.50757722854614,7.213836669921875,446.1672973632813,27.48830795288086
LS_00557,1,44_79,train,80.5027644057013,7.219661293495024,451.30999755859375,30.96984100341797
LS_00558,1,44_80,train,80.47463130950928,7.286098480224609,340.9638671875,24.534748077392575
LS_00559,1,44_80,train,80.4793062210083,7.294301986694336,592.78515625,17.14508819580078
LS_00560,1,44_80,train,80.47703239473401,7.299944243295888,605.63916015625,21.505346298217773
LS_00561,1,44_80,train,80.46704750061035,7.308248519897461,592.0499267578125,29.4152946472168
LS_00563,1,44_80,train,80.48981778761919,7.312150955200195,439.1456909179688,26.202342987060547
LS_00565,1,44_80,train,80.49958923127916,7.308341979980469,611.2980346679688,21.744258880615234
LS_00566,1,43_81,test,80.42170492808023,7.348995208740234,196.2296600341797,17.557891845703125
LS_00567,1,43_81,test,80.41574340396457,7.351896286010742,136.90728759765625,14.507537841796877
LS_00568,1,43_81,test,80.410209514878,7.377836227416992,236.37478637695312,18.610769271850582
LS_00569,1,43_81,test,80.41974547931126,7.399856567382813,199.3820343017578,14.69771957397461
LS_00570,1,43_81,test,80.41955500004383,7.383712265528583,150.15362548828125,15.968267440795898
LS_00571,1,43_81,test,80.40824728012085,7.413234710693359,431.5563354492188,21.465301513671875
LS_00572,1,43_82,train,80.40708285630352,7.419260025024414,370.82757568359375,23.67926406860352
LS_00574,1,43_82,train,80.41882010868618,7.425264358520508,377.9105529785156,28.55298614501953
LS_00575,1,43_82,train,80.41871121724446,7.438764572143555,265.8339233398437,22.16279983520508
LS_00578,1,43_82,train,80.41388151380751,7.447751998901367,266.8792724609375,19.67790412902832
LS_00580,1,43_82,train,80.40353965759277,7.450004577636719,224.11370849609372,16.25
LS_00582,1,43_81,test,80.39831209182739,7.405426025390624,346.0717468261719,19.50577545166016
LS_00584,1,43_81,test,80.41796389493075,7.406587600708008,294.58740234375,17.94744873046875
LS_00587,1,43_82,train,80.43477401733398,7.422859191894532,206.8201141357422,11.665719985961914
LS_00590,1,46_78,val,80.71396479887122,7.097555160522461,1962.7374267578125,23.5610294342041
LS_00592,1,46_78,val,80.68941446940104,7.112661361694336,1351.162841796875,20.87672233581543
LS_00596,1,46_78,val,80.71424039204916,7.113895416259766,1530.85009765625,20.108760833740234
LS_00597,1,46_78,val,80.70824599266052,7.114147186279297,1491.806396484375,13.298534393310549
LS_00598,1,46_78,val,80.72340461186,7.104339599609375,1823.003662109375,24.182159423828125
LS_00600,1,46_78,val,80.72545659542084,7.131608963012695,1203.1109619140625,20.417919158935547
LS_00601,1,46_78,val,80.70618335125312,7.057876894741186,1267.96484375,18.40768241882324
LS_00603,1,46_77,train,80.69694232860934,6.966331481933594,2084.080078125,18.96784019470215
LS_00614,1,46_76,train,80.69082570075989,6.959262847900391,1633.592529296875,34.92315673828125
LS_00616,1,46_77,train,80.69813251495361,6.982725143432617,1874.72021484375,17.859886169433594
LS_00617,1,46_77,train,80.69887948036194,6.990184783935548,1677.33740234375,16.038278579711914
LS_00618,1,46_77,train,80.6915205001831,6.978525161743164,1916.2884521484373,18.98996353149414
LS_00624,1,46_77,train,80.68851238886515,6.970615386962891,1956.294189453125,27.64520835876465
LS_00627,1,46_77,train,80.68063749116043,6.972019195556641,1845.71533203125,28.173858642578125
LS_00629,1,46_77,train,80.67468917269667,6.971042633056641,1717.214111328125,33.3500862121582
LS_00630,1,46_77,train,80.659035382952,6.980684280395508,1365.166748046875,16.86542510986328
LS_00632,1,45_76,test,80.63629544453153,6.920558929443359,1481.78076171875,16.79765510559082
LS_00633,1,43_77,train,80.3853660583496,7.00132942199707,109.09547424316406,19.17466735839844
LS_00635,1,47_84,train,80.75893676752187,7.610076083293343,409.9260559082031,17.63016128540039
LS_00636,1,47_83,train,80.78824440638223,7.583492279052734,424.2164916992188,25.97735023498535
LS_00638,1,47_83,train,80.76516990661621,7.578369140624999,423.708251953125,17.86456298828125
LS_00642,1,47_83,train,80.77593358357748,7.551660537719727,531.075439453125,17.27212905883789
LS_00643,1,47_83,train,80.75072202512196,7.539272308349609,781.4638061523438,9.63816261291504
LS_00648,1,47_83,train,80.76921281004263,7.525251388549805,829.8074951171875,30.956275939941406
LS_00654,1,47_83,train,80.7782429854075,7.519775390625,823.9073486328125,22.523948669433597
LS_00656,1,47_82,train,80.76683289664132,7.499721527099609,833.859619140625,19.201635360717773
LS_00663,1,47_82,train,80.80828971332974,7.5079345703125,503.2032165527344,17.6197509765625
LS_00664,1,48_83,val,80.82964587211609,7.528877258300781,405.02197265625,13.715378761291504
LS_00665,1,47_83,train,80.81823938914707,7.509019851684569,671.4676513671875,18.84444236755371
LS_00668,1,47_82,train,80.81822766198053,7.500040054321289,641.5439453125,21.26094436645508
LS_00669,1,48_82,test,80.82372177668981,7.504903793334961,577.9957885742188,20.643693923950195
LS_00674,1,48_82,test,80.82993638515472,7.506071090698242,402.4107666015625,17.942472457885742
LS_00677,1,47_82,train,80.80878591092343,7.49390417722813,918.2355346679688,22.37551498413086
LS_00681,1,47_82,train,80.81592750549316,7.493194580078125,662.0699462890625,19.4362850189209
LS_00682,1,48_82,test,80.8214943408966,7.483427047729492,919.5234375,22.85057830810547
LS_00684,1,47_82,train,80.81303024291992,7.486446380615234,799.8463134765625,18.38541030883789
LS_00687,1,47_82,train,80.8085527420044,7.481807708740234,997.0751953125,22.138463973999023
LS_00689,1,47_82,train,80.79803085327148,7.479486465454102,838.716796875,30.20730400085449
LS_00691,1,47_82,train,80.79240290348585,7.482621484710473,616.184326171875,22.012969970703125
LS_00694,1,47_82,train,80.78815786043802,7.476295471191406,594.2789306640625,21.70880889892578
LS_00696,1,47_82,train,80.79643499034725,7.466485977172852,767.0333251953125,26.686634063720703
LS_00697,1,48_82,test,80.82017103830972,7.470369338989258,1316.281982421875,35.27537536621094
LS_00700,1,47_82,train,80.76127580495981,7.486162185668945,889.6267700195312,33.52366638183594
LS_00701,1,47_82,train,80.77071088903091,7.47163200378418,688.85986328125,27.52521705627441
LS_00704,1,47_82,train,80.77006459236145,7.482839584350586,829.5166015625,24.986427307128903
LS_00707,1,47_82,train,80.80989289283752,7.438129425048828,1332.97314453125,31.8842716217041
LS_00709,1,47_82,train,80.80184719779274,7.438518524169922,1329.2889404296875,19.558670043945312
LS_00713,1,47_82,train,80.79052543640137,7.440807342529297,1261.6767578125,20.919960021972656
LS_00714,1,47_82,train,80.78897308795482,7.457703459927811,883.3428955078125,24.19970703125
LS_00719,1,47_82,train,80.74896621887936,7.480589710315995,1311.8629150390625,28.796104431152344
LS_00721,1,47_82,train,80.76075204213461,7.494974136352539,944.1018676757812,22.236921310424805
LS_00723,1,47_82,train,80.75172935527999,7.498182347332937,842.2117919921875,19.327547073364254
LS_00724,1,47_82,train,80.75132751464844,7.504810333251953,794.666259765625,21.87401962280273
LS_00725,1,47_83,train,80.73015766143799,7.513053894042969,1024.73388671875,21.145442962646484
LS_00726,1,46_82,train,80.72294413248699,7.506515502929687,859.3685913085938,17.8477783203125
LS_00727,1,46_82,train,80.68571066856384,7.476890563964844,700.4302978515625,24.856388092041016
LS_00729,1,47_82,train,80.73804622226291,7.44932746887207,1488.44482421875,20.89955711364746
LS_00731,1,47_82,train,80.72914004325867,7.445343017578125,1157.576416015625,19.958740234375
LS_00732,1,46_82,train,80.72616147994995,7.425601959228516,986.9367065429688,12.474221229553224
LS_00733,1,46_82,train,80.67742681503296,7.433176040649414,674.03662109375,16.086437225341797
LS_00734,1,45_82,train,80.57511196136474,7.430171966552734,606.3165283203125,12.889991760253906
LS_00735,1,45_82,train,80.58714616298676,7.437583923339844,553.4173583984375,24.693523406982425
LS_00736,1,46_89,train,80.68782301930909,8.066608511327221,166.50987243652344,1.9371633529663088
LS_00738,1,43_87,train,80.38659428650479,7.93372917175293,255.6742706298828,23.484228134155277
LS_00739,1,43_85,train,80.4246678352356,7.75471305847168,202.03997802734372,15.218199729919434
LS_00740,1,44_85,val,80.52242897273777,7.7180633544921875,319.4947509765625,22.10181427001953
LS_00741,1,46_85,val,80.70362754761072,7.755289675098206,679.4232177734375,22.67033195495605
LS_00742,1,47_84,train,80.73126999537149,7.608530044555664,672.898681640625,19.437700271606445
LS_00743,1,46_84,val,80.72527281443277,7.607919692993164,750.0035400390625,28.89883041381836
LS_00746,1,46_84,val,80.72177440098355,7.613288879394531,497.60009765625,25.870895385742188
LS_00747,1,47_84,train,80.75984989513051,7.627031326293945,292.2960510253906,22.33180427551269
LS_00748,1,46_84,val,80.70978705088297,7.607723236083983,918.499755859375,27.282489776611328
LS_00750,1,46_84,val,80.70607606349353,7.61233993544924,713.9217529296875,25.27252578735352
LS_00751,1,46_84,val,80.71580998102823,7.617454528808594,629.64794921875,34.88459014892578
LS_00753,1,46_84,val,80.6948053571913,7.612249374389648,648.5831909179688,27.345813751220703
LS_00756,1,46_84,val,80.6711903933821,7.623472213745117,360.3253784179688,20.99677085876465
LS_00757,1,44_84,train,80.54575843811035,7.673934936523437,233.90460205078125,10.086465835571287
LS_00758,1,45_84,train,80.56683353985663,7.634022325133049,497.7731628417969,17.285791397094727
LS_00760,1,45_84,train,80.56136016845703,7.626548767089844,360.2725830078125,22.107301712036133
LS_00762,1,45_84,train,80.57057881355286,7.621932983398437,569.2788696289062,18.213239669799805
LS_00764,1,45_84,train,80.5650282965766,7.61796760559082,671.10205078125,29.13355255126953
LS_00768,1,45_84,train,80.55786868504116,7.618295669555664,346.1460266113281,22.312789916992188
LS_00773,1,45_84,train,80.56665579477945,7.605730056762695,642.0318603515625,31.710641860961918
LS_00774,1,45_84,train,80.5507743358612,7.60614013671875,281.47369384765625,13.601547241210938
LS_00777,1,44_84,train,80.54564630063093,7.631688864925612,342.8031616210937,22.585769653320312
LS_00782,1,44_84,train,80.54644648234049,7.623512268066406,346.57000732421875,24.088207244873047
LS_00783,1,44_84,train,80.54443448607685,7.655160903930664,181.05255126953125,7.370897769927978
LS_00784,1,44_84,train,80.53933891822354,7.667060019524175,266.3971862792969,14.480223655700684
LS_00787,1,44_84,train,80.51201629638672,7.678369522094727,170.20278930664062,3.7789766788482666
LS_00788,1,44_84,train,80.46756818860311,7.668241988956066,221.08255004882807,20.091419219970703
LS_00789,1,43_84,test,80.41247081756592,7.644655227661133,166.31932067871094,16.14739227294922
LS_00791,1,43_84,test,80.44712734222412,7.602775573730469,222.26168823242188,18.15619659423828
LS_00792,1,43_84,test,80.4467651685079,7.611679077148437,199.2758331298828,16.422962188720703
LS_00797,1,43_84,test,80.44182613917759,7.605497360229492,261.76202392578125,25.216711044311523
LS_00798,1,42_84,train,80.31356048583984,7.604629516601562,211.6508636474609,19.624900817871094
LS_00799,1,43_83,train,80.42898120378193,7.595722198486328,155.3566436767578,10.50988483428955
LS_00801,1,44_83,test,80.5376968383789,7.59345817565918,300.9515380859375,21.256637573242188
LS_00802,1,45_83,train,80.56432723999023,7.517568588256836,381.2589111328125,20.45754623413086
LS_00803,1,45_83,train,80.56818215052286,7.528720855712891,505.4753112792969,25.92515182495117
LS_00804,1,45_83,train,80.57385047276816,7.535280227661133,532.4575805664062,17.876951217651367
LS_00806,1,45_83,train,80.55919089220991,7.572536468505859,283.69110107421875,14.986701965332031
LS_00808,1,45_83,train,80.57833077470727,7.571705696928868,516.584228515625,23.017658233642575
LS_00809,1,45_83,train,80.59354572687005,7.584734220595652,442.1574096679688,13.796489715576172
LS_00811,1,45_83,train,80.57283673967635,7.541784286499023,481.9114379882813,11.36347770690918
LS_00816,1,45_83,train,80.58064235913041,7.593875146113655,623.8199462890625,24.16695785522461
LS_00817,1,45_84,train,80.58811211159525,7.6018328931205,591.23046875,26.5303897857666
LS_00818,1,45_83,train,80.59601974487305,7.541149139404297,481.3604736328125,17.95700454711914
LS_00819,1,45_83,train,80.61436875661215,7.536079406738281,483.154541015625,21.545135498046875
LS_00821,1,45_83,train,80.60980138778686,7.529449462890625,663.2217407226562,32.965576171875
LS_00822,1,45_83,train,80.6021700521414,7.544652039789659,589.65966796875,22.97964096069336
LS_00823,1,45_83,train,80.60206937789917,7.53776741027832,723.2550048828125,28.987869262695312
LS_00825,1,45_83,train,80.56065702438354,7.59068489074707,277.7857360839844,17.287094116210938
LS_00826,1,45_83,train,80.56742525100708,7.592483520507812,656.756591796875,32.46699905395508
LS_00827,1,45_83,train,80.5690218601128,7.555891264324417,471.4542846679688,23.29483413696289
LS_00828,1,45_83,train,80.60900515362732,7.512670516967773,638.7269287109375,25.359472274780277
LS_00829,1,46_83,train,80.6392912864685,7.5771636962890625,376.0865173339844,18.259248733520508
LS_00830,1,46_84,val,80.63866424560547,7.603670120239258,380.37249755859375,12.17594051361084
LS_00831,1,45_83,train,80.63676756620407,7.597873687744141,428.650146484375,13.388689041137695
LS_00832,1,46_84,val,80.6855123837789,7.605295181274414,552.5575561523438,21.066499710083008
LS_00835,1,46_83,train,80.69129123687745,7.597919464111328,676.4736938476562,21.38717460632324
LS_00838,1,46_83,train,80.70310926437378,7.598613739013672,766.78759765625,21.93358993530273
LS_00839,1,46_83,train,80.71765041351318,7.594842910766602,1137.5614013671875,26.744577407836918
LS_00840,1,46_83,train,80.70379824108548,7.587017059326172,1160.3701171875,26.22768783569336
LS_00841,1,46_83,train,80.68438259760538,7.571434020996094,598.0302734375,26.939308166503903
LS_00850,1,46_83,train,80.689215696775,7.583560943603516,821.6566772460938,21.1027946472168
LS_00856,1,46_83,train,80.68073544135461,7.582586288452148,610.01318359375,22.40599250793457
LS_00859,1,46_83,train,80.67922744750976,7.575376510620117,467.3829956054688,23.02380752563477
LS_00860,1,46_83,train,80.67587290819998,7.568724047990028,491.7184448242188,17.45261001586914
LS_00861,1,46_83,train,80.6971256619408,7.566131591796875,840.2774658203125,22.341236114501957
LS_00862,1,46_83,train,80.71489715576172,7.562582015991211,872.5021362304688,19.552589416503903
LS_00866,1,46_83,train,80.69390106201172,7.513055801391601,496.100341796875,22.474441528320312
LS_00867,1,46_83,train,80.70770586453952,7.517221450805664,716.7232055664062,17.525636672973633
LS_00868,1,45_83,train,80.63301229476929,7.514089584350586,367.9108276367188,6.166409492492676
LS_00869,1,46_83,train,80.66323770053476,7.570392110794747,447.517333984375,18.553295135498047
LS_00870,1,46_83,train,80.65849113464355,7.563951492309569,346.8370361328125,18.853912353515625
LS_00872,1,46_83,train,80.64743121465048,7.553106307983398,401.1214904785156,14.86819839477539
LS_00874,1,45_83,train,80.63642018181937,7.566593170166016,393.0411071777344,17.480255126953125
LS_00875,1,46_83,train,80.6679561708431,7.558617954930213,530.9249877929688,13.979019165039062
LS_00877,1,46_83,train,80.6960666179657,7.558990478515625,841.5146484375,23.22068977355957
LS_00880,1,46_83,train,80.69058333502875,7.540063858032227,655.8668212890625,20.354869842529297
LS_00881,1,46_83,train,80.68166875839233,7.545356750488281,515.16796875,19.57766342163086
LS_00888,1,46_83,train,80.72369027137756,7.597911834716797,1012.2721557617188,16.64223289489746
LS_00889,1,47_83,train,80.73985966769132,7.591634750366211,608.99658203125,14.497533798217772
LS_00891,1,47_83,train,80.74466342926026,7.545726776123047,914.2798461914062,15.727653503417969
LS_00892,1,46_83,train,80.71918034553528,7.527103424072266,909.6920776367188,24.65679168701172
LS_00895,1,47_83,train,80.7366840839386,7.529033660888672,1259.2578125,28.786346435546875
LS_00897,1,47_83,train,80.74010072435652,7.522937774658204,1168.7694091796875,26.592544555664062
LS_00898,1,47_83,train,80.74411273002625,7.514604568481445,1100.29052734375,31.205615997314453
LS_00900,1,47_83,train,80.7601387500763,7.516788482666016,691.86474609375,13.601964950561523
LS_00903,1,47_83,train,80.75258286794028,7.526662826538086,735.552001953125,9.152501106262209
LS_00904,1,47_83,train,80.7990057889153,7.535552978515625,272.63818359375,17.76620101928711
LS_00907,1,47_83,train,80.74749406178793,7.582094192504883,381.606689453125,13.091535568237305
LS_00910,1,47_82,train,80.80723920735446,7.4433441162109375,1379.8553466796875,26.48087310791016
LS_00913,1,47_82,train,80.79719066619873,7.428308486938477,1437.1226806640625,12.132258415222168
LS_00918,1,47_82,train,80.80743106206259,7.4267425537109375,1130.7205810546875,37.150978088378906
LS_00921,1,47_82,train,80.79049698919312,7.467473983764648,656.6869506835938,24.372169494628903
LS_00922,1,47_82,train,80.7836856376834,7.466779708862305,731.5809936523438,23.828514099121094
LS_00923,1,47_82,train,80.76666005452475,7.460443496704102,922.8060913085938,23.73301696777344
LS_00926,1,47_82,train,80.76471309661865,7.479866027832031,980.0279541015624,32.7784423828125
LS_00929,1,47_82,train,80.74143977695041,7.507238388061523,1199.6837158203125,27.370790481567383
LS_00930,1,47_82,train,80.72831925286187,7.468873977661133,1472.9188232421875,18.87900924682617
LS_00932,1,47_82,train,80.74243207411332,7.477466583251953,1208.74609375,30.15267372131348
LS_00934,1,47_82,train,80.75322010937859,7.472360610961914,1460.998046875,27.552017211914062
LS_00935,1,47_82,train,80.75768197377522,7.477462768554687,1213.780517578125,35.78630828857422
LS_00936,1,47_82,train,80.76692997720357,7.449204198202767,1373.990478515625,32.35369110107422
LS_00940,1,47_82,train,80.75041365623474,7.433605194091797,1347.590087890625,18.67987060546875
LS_00941,1,47_82,train,80.74236845970154,7.432159423828125,1230.62158203125,22.529237747192383
LS_00943,1,47_82,train,80.74547331541487,7.421886444091797,1030.0123291015625,19.501754760742188
LS_00944,1,47_82,train,80.73560854593913,7.421636581420898,977.855224609375,17.41651153564453
LS_00945,1,47_82,train,80.73113738789277,7.436969757080078,1111.713134765625,20.224321365356445
LS_00955,1,47_82,train,80.76094695499965,7.463031768798828,943.3515625,29.236963272094727
LS_00958,1,47_82,train,80.74192911035874,7.467899322509766,1371.0224609375,25.64936065673828
LS_00959,1,47_82,train,80.75590324401855,7.455356597900391,1332.9647216796875,44.58594512939453
LS_00961,1,47_82,train,80.76477704729353,7.427213668823242,1277.57861328125,20.54844284057617
LS_00962,1,47_82,train,80.7743401924769,7.425815582275391,1417.9210205078125,21.475793838500977
LS_00963,1,46_82,train,80.71684424082437,7.469509124755859,1217.8050537109375,19.12602806091309
LS_00964,1,46_82,train,80.71793879632543,7.463301702122099,1214.4901123046875,16.234668731689453
LS_00965,1,46_82,train,80.64698787835928,7.498443603515625,404.894287109375,14.561877250671388
LS_00967,1,46_82,train,80.69505047798157,7.506599426269531,526.9617919921875,20.95811653137207
LS_00968,1,46_82,train,80.72647666931152,7.488121032714844,1490.73681640625,25.92241668701172
LS_00969,1,46_82,train,80.71799475647683,7.487739562988281,1162.562744140625,26.81098175048828
LS_00970,1,46_82,train,80.69677734375,7.477235794067383,961.220947265625,20.26259994506836
LS_00972,1,46_82,train,80.7067288108494,7.453058242797852,1172.014404296875,20.15787506103516
LS_00973,1,46_82,train,80.6857678623976,7.446743645871538,922.5340576171876,19.12999725341797
LS_00975,1,46_82,train,80.70222358289647,7.466077391986605,1142.413330078125,17.44183349609375
LS_00976,1,46_82,train,80.68927640625925,7.458181381225586,747.68408203125,14.63084316253662
LS_00977,1,46_82,train,80.68421459197998,7.462635040283203,628.3717041015625,12.5013427734375
LS_00978,1,46_82,train,80.67593245072798,7.439023971557617,770.1166381835938,19.920223236083984
LS_00979,1,46_82,train,80.70799255371094,7.430011749267578,1255.5172119140625,17.088048934936523
LS_00980,1,46_82,train,80.6918251991272,7.430044174194336,911.4528198242188,14.631574630737305
LS_00982,1,46_82,train,80.67246278127035,7.422922134399414,548.7609252929688,19.26408195495605
LS_00983,1,45_82,train,80.63471513894888,7.429759979248047,425.9567565917969,13.05150032043457
LS_00984,1,46_82,train,80.6375803580651,7.441802978515625,438.7216796875,17.28875160217285
LS_00986,1,46_82,train,80.64732101985386,7.486650466918945,389.9879150390625,6.107778072357178
LS_00988,1,46_82,train,80.66028467814127,7.470697402954102,555.8896484375,11.290037155151367
LS_00989,1,45_82,train,80.57917366027831,7.442434310913086,699.95068359375,13.649710655212402
LS_00991,1,45_82,train,80.56663219134012,7.4663543701171875,656.1533203125,15.762555122375488
LS_00992,1,45_82,train,80.60148652394614,7.462381362915039,481.9089050292969,23.59282684326172
LS_00994,1,45_82,train,80.5584699789683,7.483261108398437,552.6103515625,22.899370193481445
LS_00995,1,45_82,train,80.60476614634196,7.492900848388672,1068.42041015625,29.06743431091309
LS_00997,1,45_82,train,80.60228900909424,7.498577117919922,744.7835693359375,29.114791870117188
LS_00998,1,45_82,train,80.5837230682373,7.488969802856445,1106.48681640625,27.004518508911133
LS_00999,1,45_82,train,80.57211770855628,7.455502249476268,635.2916259765625,15.168551445007324
LS_01000,1,45_82,train,80.57250428199768,7.488399505615234,726.1787109375,27.855979919433597
LS_01001,1,44_82,val,80.53212265014648,7.460811614990234,320.6689453125,23.66912841796875
LS_01004,1,41_81,val,80.26781749725342,7.375051498413086,158.43994140625,19.38000869750977
LS_01006,1,41_81,val,80.27009989906387,7.367245044254605,223.3411865234375,17.866291046142578
LS_01007,1,41_81,val,80.27143232869297,7.356506920468678,169.60543823242188,14.582181930541992
LS_01009,1,41_81,val,80.27504207561543,7.338029861450195,121.81021881103516,16.115354537963867
LS_01010,1,42_81,test,80.28748798370361,7.349533081054687,165.5960693359375,15.578258514404297
LS_01012,1,42_81,test,80.35672549377259,7.340847825715903,178.07916259765625,18.599971771240234
LS_01013,1,43_81,test,80.36866855621338,7.402988433837891,194.1142425537109,13.537446022033691
LS_01014,1,43_81,test,80.38126412367765,7.391730641061947,214.9321746826172,18.052207946777344
LS_01016,1,42_81,test,80.28776741027832,7.362358093261719,146.4450225830078,14.643619537353516
LS_01017,1,42_81,test,80.2826280593872,7.370246887207032,203.60202026367188,20.799331665039062
LS_01018,1,42_81,test,80.34858640034994,7.368619918823242,186.88351440429688,13.409135818481444
LS_01019,1,43_82,train,80.42202223902163,7.419939041137695,269.0504455566406,21.722576141357425
LS_01020,1,43_81,test,80.41652505214398,7.365314483642578,156.72305297851562,14.687427520751951
LS_01022,1,43_81,test,80.41948175430298,7.370317459106444,184.8180084228516,16.418848037719727
LS_01024,1,43_81,test,80.40907308790419,7.386220932006836,444.5486450195313,29.03426551818848
LS_01025,1,43_81,test,80.42690693248403,7.335424423217773,187.2768402099609,13.547990798950195
LS_01026,1,43_81,test,80.40683913230896,7.350906372070312,115.69041442871094,12.947973251342772
LS_01027,1,44_81,train,80.54189462247102,7.406675338745117,404.873046875,21.39357185363769
LS_01028,1,44_81,train,80.53955161601736,7.395036768884024,564.860107421875,12.986759185791016
LS_01029,1,44_81,train,80.48346928187779,7.39732551574707,292.4556884765625,22.39112091064453
LS_01030,1,44_81,train,80.46249866485596,7.363710403442383,347.0033264160156,18.84862899780273
LS_01031,1,44_81,train,80.49748420715332,7.384458541870117,396.249267578125,21.577556610107425
LS_01032,1,44_81,train,80.47597460387004,7.375822409952921,290.96343994140625,13.215850830078123
LS_01033,1,44_81,train,80.53455185890198,7.376594543457031,398.7017822265625,25.5477294921875
LS_01034,1,44_81,train,80.5309997740246,7.386512756347656,417.9983520507813,23.308757781982425
LS_01036,1,44_81,train,80.52604039510092,7.389726638793945,373.7183227539063,23.1785831451416
LS_01037,1,45_81,train,80.54763078689575,7.410251617431641,454.6871643066406,22.11032485961914
LS_01040,1,45_81,train,80.5671649509006,7.413253784179687,678.9883422851562,16.468799591064453
LS_01041,1,45_81,train,80.62193981729644,7.3869125862411344,554.9769287109375,13.795333862304688
LS_01042,1,45_81,train,80.63371658325195,7.417196273803711,402.58697509765625,12.122404098510742
LS_01043,1,46_81,train,80.69679737091064,7.403215408325195,999.8489990234376,18.654964447021484
LS_01045,1,46_81,train,80.68190383911133,7.4081573486328125,760.06689453125,24.940975189208984
LS_01047,1,46_81,train,80.68432393084979,7.3925331219392785,910.5389404296876,23.42953109741211
LS_01048,1,46_81,train,80.70727030436197,7.387825012207031,1205.100341796875,27.51969146728516
LS_01050,1,46_81,train,80.67943492479529,7.384856882502091,786.408935546875,21.654220581054688
LS_01052,1,46_81,train,80.68743908405304,7.37567138671875,859.702880859375,23.42145156860352
LS_01053,1,46_81,train,80.6849912405014,7.36956787109375,743.2415771484375,26.08198547363281
LS_01054,1,46_81,train,80.66879606246948,7.368413925170898,446.5230712890625,16.19923973083496
LS_01055,1,46_81,train,80.66463343302408,7.373064041137694,449.37646484375,16.42369842529297
LS_01056,1,46_81,train,80.6908028125763,7.367462158203125,784.621826171875,23.91490173339844
LS_01058,1,46_81,train,80.69860363006592,7.368227005004883,725.8784790039062,11.838397979736328
LS_01060,1,47_81,train,80.78706979751587,7.355558395385742,1046.302978515625,15.448064804077148
LS_01062,1,47_81,train,80.77309052149454,7.392601013183594,923.42626953125,14.788660049438477
LS_01063,1,47_82,train,80.78574085235596,7.418706893920898,1378.51220703125,27.06302261352539
LS_01064,1,47_81,train,80.76930440266926,7.415014266967773,1105.925537109375,19.833608627319336
LS_01066,1,47_81,train,80.76132369041443,7.413476943969727,1066.9967041015625,16.81960678100586
LS_01067,1,47_81,train,80.74866930643717,7.404802322387695,826.799072265625,16.266620635986328
LS_01068,1,47_81,train,80.74161950747171,7.390893936157227,770.5510864257812,30.419099807739254
LS_01070,1,46_81,train,80.72485385443035,7.380628585815431,949.5469360351562,27.519420623779297
LS_01071,1,47_81,train,80.78538370132446,7.373653411865234,948.2258911132812,25.22398567199707
LS_01073,1,47_81,train,80.77554321289062,7.368520736694336,812.5845947265625,17.833906173706055
LS_01074,1,47_81,train,80.76500606536865,7.36882209777832,816.3363037109375,22.387331008911133
LS_01075,1,47_81,train,80.7907964070638,7.345613479614258,981.1385498046876,23.30854797363281
LS_01076,1,47_80,train,80.77352571487427,7.316688537597656,738.1275634765625,18.842700958251957
LS_01077,1,47_80,train,80.75919075012207,7.257665634155273,561.7469482421875,23.211673736572266
LS_01079,1,47_80,train,80.75445365905762,7.265110015869141,477.0099487304688,14.698711395263672
LS_01080,1,47_80,train,80.75928429194859,7.248662948608398,489.5816345214844,15.634148597717283
LS_01082,1,47_80,train,80.73854528154646,7.249822616577149,482.1728515625,14.67270851135254
LS_01083,1,47_80,train,80.73121738433838,7.245939254760742,468.1765747070313,11.33061408996582
LS_01086,1,46_80,val,80.68650172758393,7.244492227926887,593.777099609375,19.12435913085937
LS_01087,1,45_80,val,80.63737201690674,7.252676010131836,785.1248779296875,12.903640747070312
LS_01089,1,46_80,val,80.6417191416156,7.299037917064686,593.2110595703125,14.807329177856444
LS_01090,1,44_81,train,80.54089164733887,7.329256057739258,564.1070556640625,18.71885299682617
LS_01091,1,45_80,val,80.59824040806538,7.282352657250239,577.1605224609375,20.817110061645508
LS_01092,1,44_80,train,80.53979158401489,7.312541961669922,512.517578125,25.79561996459961
LS_01093,1,44_80,train,80.4746732711792,7.325590133666992,215.39453125,13.897266387939451
LS_01095,1,44_80,train,80.48633575439453,7.303348541259766,554.675048828125,18.35302734375
LS_01096,1,44_80,train,80.4879057000272,7.277123359818569,549.963623046875,19.284523010253903
LS_01098,1,44_80,train,80.49349212646484,7.280860900878906,596.1146850585938,12.13829517364502
LS_01101,1,44_80,train,80.4888403148698,7.259832331597695,361.4920959472656,22.958295822143555
LS_01102,1,44_80,train,80.47998650868735,7.260215759277344,274.3683776855469,12.042546272277832
LS_01103,1,44_80,train,80.500383913517,7.260608673095703,635.5634765625,24.97071075439453
LS_01106,1,44_80,train,80.50134355122401,7.254238596597468,430.551513671875,28.50287628173828
LS_01108,1,44_80,train,80.4943778514862,7.2546539306640625,357.221923828125,20.86152648925781
LS_01109,1,44_80,train,80.51932702281258,7.237613677978516,443.3878173828125,25.82530403137207
LS_01110,1,44_80,train,80.52988076210022,7.242694854736328,581.7509765625,16.305923461914062
LS_01111,1,44_80,train,80.50891957964217,7.245180130004883,417.7178955078125,27.689268112182617
LS_01112,1,43_80,val,80.41763601547632,7.246837615966797,235.3245086669922,18.665599822998047
LS_01114,1,43_80,val,80.40262764335698,7.243858337402344,319.1223449707031,13.494277000427246
LS_01115,1,43_80,val,80.38912880420685,7.2463531494140625,231.10430908203125,13.541067123413086
LS_01116,1,43_80,val,80.37091255187988,7.25166130065918,136.54148864746094,13.32923698425293
LS_01117,1,43_80,val,80.41152627032037,7.311168587851328,202.3014373779297,16.139204025268555
LS_01118,1,43_80,val,80.42030954360962,7.296802520751953,163.6779022216797,14.536977767944336
LS_01119,1,43_80,val,80.43754196166992,7.3034515380859375,248.4418029785156,15.755571365356444
LS_01120,1,43_80,val,80.43831384181976,7.316787719726562,273.5306091308594,21.459720611572266
LS_01121,1,42_80,train,80.32756354014079,7.247730255126953,202.68032836914065,13.53466796875
LS_01122,1,42_80,train,80.31266069412231,7.248573303222656,239.65904235839844,15.650775909423828
LS_01124,1,41_80,test,80.24319161309137,7.259210586547852,171.2195281982422,16.179092407226562
LS_01125,1,41_80,test,80.2333241454325,7.280961507508325,136.45352172851562,16.41193199157715
LS_01126,1,41_80,test,80.25398283738356,7.286270141601562,136.84950256347656,17.187992095947266
LS_01127,1,41_81,val,80.21993083953858,7.328950881958008,95.66668701171876,8.678329467773438
LS_01128,1,41_80,test,80.21831618414984,7.305402755737305,111.06314849853516,14.611665725708008
LS_01129,1,39_72,train,80.02109225856819,6.5635623931884775,26.040283203125,7.647472381591797
LS_01130,1,44_74,val,80.47867886225382,6.710338592529297,270.0826110839844,16.124305725097656
LS_01131,1,43_75,train,80.44670896530151,6.80072021484375,532.115966796875,16.11365509033203
LS_01132,1,43_75,train,80.37711165351719,6.791537093175133,134.46856689453125,18.671157836914062
LS_01133,1,42_75,train,80.2830720477634,6.811496734619141,51.08273696899414,8.395782470703125
LS_01134,1,41_75,val,80.21994209289551,6.8545989990234375,92.39932250976562,12.191675186157228
LS_01135,1,41_74,val,80.22099614143372,6.7825469970703125,70.33126068115234,15.967233657836914
LS_01136,1,40_75,train,80.14593410491943,6.827991485595703,46.325042724609375,6.622600078582764
LS_01137,1,40_76,val,80.18163276918264,6.910475544643042,112.80052185058594,15.27366828918457
LS_01138,1,40_76,val,80.1638355255127,6.913236618041992,189.52032470703125,16.24237823486328
LS_01139,1,41_76,train,80.26647066186976,6.928232192993164,89.5855712890625,15.491403579711914
LS_01140,1,41_76,train,80.25687656402587,6.893758773803711,167.0597381591797,19.7873649597168
LS_01141,1,41_75,val,80.21404893057687,6.86766242980957,135.38815307617188,19.30632209777832
LS_01142,1,42_76,val,80.30947971343994,6.908729553222656,256.0418701171875,10.945682525634766
LS_01143,1,43_76,train,80.40152479807536,6.907268524169922,407.237548828125,16.68114471435547
LS_01144,1,44_76,test,80.47185039520264,6.956560134887695,474.3921508789063,20.96178436279297
LS_01145,1,44_76,test,80.52240371704102,6.898357391357422,1141.9388427734375,18.676891326904297
LS_01147,1,46_77,train,80.70773158754622,7.035194396972656,1410.1514892578125,27.49400329589844
LS_01149,1,46_77,train,80.66660751615251,7.03278923034668,1198.169189453125,21.601642608642575
LS_01151,1,46_77,train,80.66424500314812,7.042726516723633,984.252197265625,21.63251495361328
LS_01153,1,46_77,train,80.67846441268921,7.011676788330078,1120.9625244140625,19.72609138488769
LS_01155,1,46_77,train,80.68359184265137,7.015146255493164,1396.379150390625,25.221546173095703
LS_01156,1,46_77,train,80.68802242279052,7.008388519287109,1224.96435546875,22.669586181640625
LS_01160,1,46_77,train,80.70399585137,7.023632049560547,1644.89599609375,15.959135055541992
LS_01164,1,46_77,train,80.69241523742676,7.043186187744141,1141.345703125,21.12583541870117
LS_01166,1,46_77,train,80.67907953262329,7.042682647705078,1269.5386962890625,34.1690673828125
LS_01170,1,46_77,train,80.67694249519934,7.019767761230469,1310.2449951171875,31.388172149658203
LS_01173,1,46_77,train,80.66996383666992,7.021120071411133,1118.361083984375,26.747703552246094
LS_01174,1,45_77,train,80.62777727621574,7.047220230102539,930.0504760742188,22.73915100097656
LS_01175,1,45_77,train,80.55598643331817,7.020761489868164,844.5022583007812,20.62459945678711
LS_01176,1,45_77,train,80.55503178929385,7.044909962904845,718.4113159179688,19.61842155456543
LS_01177,1,45_77,train,80.55698519739612,7.039436340332031,809.1201171875,23.25352478027344
LS_01178,1,44_77,train,80.4933385848999,7.040075302124023,774.6240234375,24.29076385498047
LS_01180,1,43_76,train,80.3835757862438,6.965570449829102,463.2415771484375,19.61680603027344
LS_01182,1,43_77,train,80.37121696472168,7.04945182800293,672.638916015625,33.8004150390625
LS_01183,1,42_77,val,80.31084871292114,7.000862121582031,146.96331787109375,15.790735244750977
LS_01184,1,41_77,train,80.27097000394548,7.036985397338867,194.30609130859372,16.87588119506836
LS_01186,1,41_77,train,80.19695896572537,7.026302337646484,145.3108673095703,16.078636169433594
LS_01187,1,40_77,val,80.1837154812283,6.979860305786133,115.9733657836914,17.54477882385254
LS_01188,1,41_78,test,80.26615524291992,7.139726638793945,169.11068725585938,17.904659271240234
LS_01189,1,42_78,train,80.3114595413208,7.133691787719727,179.02499389648438,13.308969497680664
LS_01190,1,42_78,train,80.32130889503424,7.136677203414976,170.27926635742188,20.01058578491211
LS_01191,1,42_78,train,80.30806849079747,7.125312805175781,278.7660827636719,13.153157234191896
LS_01192,1,42_78,train,80.31939208507538,7.093280792236328,75.12429809570312,14.54434585571289
LS_01193,1,43_78,val,80.37830090522766,7.066734313964844,314.3033752441406,20.22235679626465
LS_01194,1,43_78,val,80.37861347198486,7.080646514892578,661.0157470703125,30.273624420166016
LS_01195,1,43_78,val,80.406616797814,7.0745697021484375,484.7855529785156,23.49553108215332
LS_01196,1,43_77,train,80.42427253723145,7.054384231567383,784.6609497070312,23.322376251220703
LS_01197,1,43_78,val,80.4427564740181,7.064764022827148,695.2089233398438,18.582630157470703
LS_01199,1,44_77,train,80.47356887847658,7.05401611328125,986.1957397460938,22.94607925415039
LS_01203,1,44_78,train,80.51497438218858,7.142343521118164,746.89697265625,21.4194278717041
LS_01205,1,45_78,test,80.56038093566895,7.063503265380859,764.37744140625,16.843477249145508
LS_01206,1,45_78,test,80.61682205200195,7.066423416137695,782.7664794921875,19.626256942749023
LS_01207,1,45_78,test,80.62774538993835,7.078805923461914,1292.43212890625,21.981142044067383
LS_01209,1,45_78,test,80.55658249855041,7.138164520263672,679.40625,26.488683700561523
LS_01211,1,45_78,test,80.63430559635162,7.137584686279297,881.1409912109375,14.038471221923828
LS_01212,1,45_78,test,80.59545564651489,7.129203796386719,691.33642578125,21.22763442993164
LS_01213,1,45_78,test,80.55367024739584,7.127172470092774,715.527587890625,25.006505966186523
LS_01214,1,45_78,test,80.54955377578736,7.075685501098633,578.0362548828125,11.519556045532228
LS_01215,1,45_78,test,80.60878232809213,7.111787796020508,813.823974609375,20.197179794311523
LS_01217,1,45_77,train,80.61968231201172,7.05443000793457,743.9024658203125,11.095979690551758
LS_01218,1,45_78,test,80.61489629745483,7.093000411987305,1079.827880859375,16.63982391357422
LS_01219,1,45_78,test,80.62046602037218,7.099897384643555,1142.247314453125,21.060714721679688
LS_01221,1,45_78,test,80.62302625179291,7.112522125244141,917.00146484375,13.643614768981934
LS_01222,1,45_78,test,80.61384642464463,7.120234418442621,968.281005859375,17.547122955322266
LS_01223,1,45_78,test,80.61913903554282,7.129053115844727,1023.8224487304688,17.559711456298828
LS_01225,1,46_78,val,80.64966187110315,7.142446517944336,946.3297729492188,20.74176025390625
LS_01226,1,46_78,val,80.66020425160727,7.141401290893555,931.5052490234376,17.884510040283203
LS_01228,1,46_78,val,80.71150461832681,7.144285202026367,1137.3017578125,28.6943416595459
LS_01230,1,46_78,val,80.71244049072266,7.133119583129883,1097.4739990234375,18.365352630615234
LS_01232,1,46_78,val,80.65420818328857,7.121408462524414,1019.0507202148438,16.7049503326416
LS_01233,1,46_78,val,80.64470863342285,7.104957580566406,1037.987060546875,12.98460578918457
LS_01235,1,45_78,test,80.63230419158936,7.090387344360352,1236.0865478515625,25.857746124267575
LS_01236,1,45_78,test,80.63571882247925,7.083034515380859,1146.781005859375,26.980579376220703
LS_01238,1,46_78,val,80.66898941993713,7.081157684326172,1023.466552734375,13.835448265075684
LS_01241,1,46_78,val,80.68376964992947,7.071811676025391,1075.0604248046875,21.325847625732425
LS_01244,1,46_78,val,80.70974690573556,7.062788009643555,1401.168212890625,13.917367935180664
LS_01246,1,46_78,val,80.72364012400308,7.056558609008789,1685.2767333984375,13.962373733520508
LS_01247,1,46_78,val,80.69245648384094,7.076946258544922,1412.276123046875,19.216840744018555
LS_01249,1,46_78,val,80.67836093902588,7.089570999145508,1395.134033203125,22.038728713989254
LS_01250,1,46_78,val,80.70186685167141,7.119441817865253,1458.0423583984375,21.122329711914062
LS_01253,1,46_78,val,80.67599296569824,7.121009826660156,1231.169189453125,26.43950653076172
LS_01254,1,46_78,val,80.68199646472931,7.119634628295898,1368.9599609375,20.38046264648437
LS_01255,1,46_79,test,80.72292065620422,7.177570343017578,905.34130859375,17.241132736206055
LS_01257,1,47_79,train,80.739772605896,7.185617446899414,773.155517578125,24.122217178344727
LS_01259,1,47_79,train,80.73712175233024,7.191871643066406,774.9570922851562,25.042015075683597
LS_01260,1,47_79,train,80.73036766052246,7.191089630126953,863.2091064453125,26.084285736083984
LS_01274,1,47_79,train,80.73050438274038,7.205875396728516,659.896484375,23.375953674316406
LS_01279,1,47_79,train,80.7284746170044,7.20042610168457,728.9952392578125,27.840961456298828
LS_01280,1,47_79,train,80.7649981469819,7.215417861938477,513.783447265625,20.21957015991211
LS_01281,1,46_79,test,80.72097698847452,7.212038040161133,672.7650146484375,19.39830780029297
LS_01283,1,47_79,train,80.73535537719727,7.199501037597656,687.868408203125,21.560047149658203
LS_01289,1,46_79,test,80.705557346344,7.2112274169921875,828.9375,22.727697372436523
LS_01290,1,46_79,test,80.69167073717378,7.2008204234320825,1102.918212890625,20.87570571899414
LS_01292,1,46_79,test,80.69194869995117,7.211198806762695,1110.9437255859375,21.85600852966309
LS_01294,1,46_79,test,80.68141038647661,7.206387364649467,906.427001953125,16.331161499023438
LS_01295,1,46_79,test,80.65793157305036,7.203378677368164,826.0928955078125,13.782970428466797
LS_01296,1,46_79,test,80.66656875610352,7.207118988037109,820.0335693359375,7.113465785980225
LS_01298,1,46_79,test,80.65650097529092,7.213235855102539,899.947021484375,14.821698188781738
LS_01300,1,45_79,train,80.63676810264587,7.213600158691406,997.4869384765624,18.306751251220703
LS_01303,1,46_79,test,80.64518594741821,7.201904296875,901.2387084960938,19.70614624023437
LS_01308,1,45_79,train,80.63432994255652,7.19202995300293,665.7581787109375,13.13294506072998
LS_01310,1,46_79,test,80.65251159667969,7.188409805297852,717.39453125,18.09626579284668
LS_01313,1,46_79,test,80.67230180788394,7.174496632858304,969.3607177734376,20.69533920288086
LS_01314,1,46_79,test,80.68136011237672,7.177290668170304,1093.7900390625,20.18177795410156
LS_01315,1,46_79,test,80.68462216854095,7.187400817871094,890.9039306640625,12.955799102783203
LS_01316,1,46_79,test,80.67122631072998,7.183656692504883,962.8321533203124,15.497686386108398
LS_01319,1,46_79,test,80.64101274555782,7.1495002413934365,924.8505859375,19.535606384277344
LS_01320,1,46_79,test,80.68652454325786,7.158760875782246,1179.159423828125,14.996175765991213
LS_01321,1,46_79,test,80.6725262800644,7.159586913124437,916.1138916015624,16.228622436523438
LS_01324,1,46_79,test,80.64363861083984,7.184930801391602,668.4322509765625,11.69264793395996
LS_01325,1,45_79,train,80.62716286385108,7.187479019165039,624.5560302734375,18.88302230834961
LS_01327,1,45_79,train,80.61996777852377,7.195934295654297,576.652587890625,20.431529998779297
LS_01328,1,45_79,train,80.63040781021118,7.206483840942383,735.74853515625,20.289085388183597
LS_01329,1,45_79,train,80.62773591963972,7.211854934692383,780.820068359375,22.402721405029297
LS_01330,1,45_79,train,80.61273701985678,7.179269790649414,637.4005126953125,14.912372589111328
LS_01331,1,45_79,train,80.6257459640503,7.175600051879883,697.6173095703125,15.672576904296877
LS_01332,1,45_79,train,80.55658448397458,7.173046112060547,532.0942993164062,14.534711837768556
LS_01333,1,45_79,train,80.54745038350424,7.16944694519043,740.0811157226562,25.822681427001957
LS_01334,1,45_79,train,80.61438179016113,7.162832260131836,751.2607421875,11.676809310913086
LS_01335,1,44_79,train,80.54371695085005,7.149808883666992,700.7997436523438,24.02448463439941
LS_01336,1,44_78,train,80.49992911020914,7.142875671386719,319.9974365234375,18.584495544433597
LS_01338,1,44_79,train,80.53167957729764,7.157100677490234,616.8040771484375,26.9520320892334
LS_01342,1,44_79,train,80.52653063668146,7.163166046142578,460.9767150878906,26.07515335083008
LS_01343,1,44_79,train,80.54208183288574,7.193647384643555,677.9325561523438,15.461663246154783
LS_01344,1,43_79,train,80.37957791487375,7.228626251220703,283.3100280761719,16.095340728759766
LS_01346,1,43_79,train,80.37117055294476,7.221136744169927,225.9234619140625,10.807868957519531
LS_01347,1,43_79,train,80.38386025148279,7.210805892944336,280.951171875,15.029016494750977
LS_01348,1,43_79,train,80.43857645988464,7.204046249389648,287.0262451171875,14.12940502166748
LS_01349,1,43_79,train,80.39493009779189,7.195093154907227,433.73577880859375,17.382314682006836
LS_01350,1,43_79,train,80.42436049534724,7.167879104614258,328.9714660644531,18.87130355834961
LS_01351,1,43_79,train,80.42762875556946,7.154319763183594,822.6119384765625,27.403017044067383
LS_01353,1,43_79,train,80.43739318847656,7.154850006103516,666.4832763671875,28.174169540405277
LS_01355,1,43_79,train,80.4436867237091,7.155895233154297,585.72900390625,26.46111297607422
LS_01357,1,43_79,train,80.45124626159668,7.151451110839844,425.4351806640625,22.0264949798584
LS_01358,1,43_79,train,80.41314690696198,7.16555754996621,300.1780700683594,11.662612915039062
LS_01359,1,42_79,train,80.28786512215933,7.219482421875,164.07167053222656,13.043730735778809
LS_01360,1,42_79,train,80.28125,7.219560623168945,185.5440826416016,14.204814910888672
LS_01361,1,42_79,train,80.29504618644714,7.208282470703125,155.77090454101562,12.047310829162598
LS_01362,1,41_79,test,80.22227878570557,7.219060897827148,125.7988739013672,13.900115966796877
LS_01363,1,41_79,test,80.25745391845703,7.18058967590332,122.38431549072266,15.979659080505373
LS_01364,1,40_79,train,80.17978950988561,7.18057042978141,122.8881378173828,15.444415092468262
LS_01365,1,46_79,test,80.65724563598633,7.179887771606445,797.7531127929688,20.26059341430664
LS_01366,1,46_79,test,80.66224417479143,7.189014434814454,779.3746337890625,14.289130210876465
LS_01368,1,45_78,test,80.5831111272176,7.087043762207031,819.0231323242188,17.58226203918457
LS_01369,1,45_79,train,80.62018752098083,7.222286224365234,703.8292236328125,19.289703369140625
LS_01370,1,46_78,val,80.67173194885254,7.090856552124023,1266.7030029296875,19.96065139770508
LS_01372,1,46_78,val,80.69276898406272,7.063652038574219,1036.5550537109375,22.727516174316406
LS_01373,1,46_78,val,80.68682366032755,7.058298110961914,808.2534790039062,12.70850944519043
LS_01374,1,46_79,test,80.64433002471924,7.158428192138672,869.888916015625,19.3201961517334
LS_01376,1,46_83,train,80.69023027420045,7.549356460571289,697.2808227539062,20.287612915039062
LS_01378,1,46_83,train,80.70451164245605,7.535984039306641,735.3190307617188,24.254541397094727
LS_01379,1,47_82,train,80.7767162322998,7.473899841308594,629.287353515625,22.335254669189453
LS_01380,1,48_80,train,80.86250718434653,7.293048858642578,759.2940673828125,21.514129638671875
LS_01381,1,46_77,train,80.67151363079364,7.044641494750977,1138.87646484375,30.091522216796875
LS_01383,1,49_78,train,80.92212613423665,7.129976272583008,789.6026611328125,17.417205810546875
LS_01384,1,47_79,train,80.80995305379233,7.180273056030273,721.2476806640625,26.318958282470703
LS_01385,1,49_82,train,80.91303372383118,7.420356750488281,402.143310546875,14.22133445739746
LS_01386,1,49_81,val,80.91469836235046,7.410720825195312,579.0198364257812,24.856325149536133
LS_01387,1,49_81,val,80.92017936706543,7.416847229003907,342.27557373046875,20.10853576660156
LS_01388,1,49_82,train,80.92679858207703,7.422145843505859,192.48187255859372,6.25205659866333
LS_01391,1,49_81,val,80.92624568939209,7.399169921875001,668.9332275390625,23.279937744140625
LS_01393,1,49_81,val,80.92104816436768,7.404809951782227,671.9307861328125,16.111494064331055
LS_01395,1,49_82,train,80.94468720753989,7.4248046875,168.21383666992188,12.499906539916992
LS_01396,1,49_79,val,80.96832545598349,7.152654647827148,397.601318359375,16.10854721069336
LS_01397,1,49_79,val,80.93919753483985,7.1600341796875,737.745361328125,23.144916534423828
LS_01401,1,49_79,val,80.97244135538736,7.159934997558594,407.7711791992188,18.7266845703125
LS_01404,1,49_78,train,80.97716858603738,7.146902084350585,663.5164794921875,21.83504295349121
LS_01410,1,49_78,train,80.93173967997234,7.131681442260742,870.5703125,26.88256072998047
LS_01411,1,49_78,train,80.93164745966592,7.1244049072265625,711.8789672851562,21.092926025390625
LS_01412,1,49_78,train,80.97134304046631,7.140388488769531,437.0452270507813,18.47443008422852
LS_01413,1,49_79,val,80.92149114608765,7.169593811035156,687.9199829101562,27.40418243408203
LS_01417,1,48_79,train,80.8998670578003,7.152120590209961,392.5877380371094,22.839439392089844
LS_01418,1,49_79,val,80.92040379842123,7.1490631103515625,836.3055419921875,24.174240112304688
LS_01420,1,46_84,val,80.67227249145508,7.630966186523437,336.1964111328125,19.97129821777344
LS_01421,1,46_84,val,80.68909601064829,7.614225387573242,475.97857666015625,20.32933807373047
LS_01422,1,47_83,train,80.76373195648193,7.592615127563477,316.8658447265625,15.114055633544922
LS_01423,1,47_84,train,80.7436169896807,7.606006622314453,412.78118896484375,18.49872589111328
LS_01426,1,46_83,train,80.72297634395389,7.584799292363844,766.7237548828125,24.77972412109375
LS_01430,1,46_83,train,80.69785176790677,7.594436645507812,790.7034912109375,22.76634979248047
LS_01433,1,46_83,train,80.68756471361434,7.590307235717773,754.0609130859375,22.071495056152344
LS_01435,1,46_83,train,80.69258642196655,7.575634002685548,679.0964965820312,17.375442504882812
LS_01439,1,48_83,val,80.89002497990927,7.556201934814453,208.6822052001953,18.7305965423584
LS_01443,1,48_83,val,80.85826365152994,7.523595809936523,269.1539611816406,16.426279067993164
LS_01444,1,48_83,val,80.88078673680624,7.520381927490234,425.68011474609375,18.98115348815918
LS_01446,1,48_83,val,80.89240582784018,7.52092170715332,216.22604370117188,22.236896514892575
LS_01447,1,48_82,test,80.9008430334238,7.492534637451172,302.3910522460937,19.00467300415039
LS_01448,1,49_82,train,80.91089057922363,7.4875736236572275,290.0597229003906,26.7739315032959
LS_01450,1,49_82,train,80.91975426673889,7.496986389160156,169.1981201171875,15.834587097167969
LS_01452,1,49_82,train,80.9185375066904,7.48466682434082,153.07757568359375,11.261759757995604
LS_01453,1,48_82,test,80.89542073469896,7.481538772583008,294.0469970703125,22.825756072998047
LS_01454,1,48_82,test,80.88873985835484,7.47697639465332,254.38560485839844,20.102842330932617
LS_01458,1,48_82,test,80.86162992624136,7.45952033996582,350.4052124023437,19.90173721313477
LS_01459,1,48_82,test,80.87018274793438,7.448799133300781,328.63641357421875,18.472591400146484
LS_01461,1,48_82,test,80.82982326854359,7.435331344604492,896.4908447265625,29.02252769470215
LS_01467,1,47_82,train,80.8177705563997,7.433139801025391,845.8259887695312,24.52219009399414
LS_01469,1,48_82,test,80.82463894392315,7.4184417724609375,736.265380859375,28.745227813720703
LS_01474,1,48_81,val,80.8228383594089,7.396306991577148,1153.58154296875,32.059654235839844
LS_01475,1,47_81,train,80.81784194580902,7.3996653710754945,1496.7415771484375,35.76087951660156
LS_01477,1,48_81,val,80.83280881245932,7.401613235473633,966.968994140625,37.51266479492188
LS_01478,1,48_81,val,80.83780517578126,7.407087326049805,717.9126586914062,28.231014251708984
LS_01480,1,48_81,val,80.83344167785992,7.416470371869377,649.35888671875,26.100975036621094
LS_01482,1,48_82,test,80.83589066609943,7.431235199147365,814.626220703125,30.36963653564453
LS_01487,1,48_81,val,80.87220055716378,7.414831161499023,759.6085815429688,22.33726501464844
LS_01495,1,49_81,val,80.91593382285703,7.393345458150286,908.628662109375,20.43677520751953
LS_01497,1,49_81,val,80.93371684734637,7.3972015380859375,392.9432373046875,13.752416610717772
LS_01498,1,49_81,val,80.93109202384949,7.406164169311523,339.12548828125,15.815492630004885
LS_01499,1,50_81,test,81.005344581604,7.407743453979492,165.42446899414062,18.62701797485352
LS_01504,1,48_82,test,80.89888191223145,7.422098159790039,809.4072265625,20.91168594360352
LS_01505,1,48_82,test,80.86601452827453,7.439104080200195,397.2972412109375,22.54278564453125
LS_01507,1,48_81,val,80.85603419939676,7.407722473144531,691.465576171875,18.56692123413086
LS_01511,1,48_81,val,80.87324369521369,7.402860641479492,868.9777221679688,22.69140625
LS_01515,1,48_81,val,80.88165264594846,7.41212272644043,1021.21484375,28.885780334472656
LS_01517,1,48_82,test,80.84413480758667,7.429807662963867,536.658935546875,22.5672664642334
LS_01522,1,47_81,train,80.79936246871948,7.38502311706543,1348.1043701171875,26.50754165649414
LS_01524,1,47_81,train,80.80768687370508,7.3589957897849265,1493.255126953125,24.923248291015625
LS_01525,1,48_81,val,80.82265663146973,7.364473342895508,1418.830322265625,28.24831199645996
LS_01526,1,48_81,val,80.82904259363809,7.391700744628907,890.8223266601562,29.371566772460938
LS_01527,1,48_81,val,80.83939317018303,7.37741457348266,1026.12158203125,22.91265296936035
LS_01529,1,48_81,val,80.85050463676453,7.367725372314453,977.1508178710938,23.271339416503903
LS_01530,1,48_81,val,80.84549827575684,7.371814727783203,1088.81689453125,25.552133560180664
LS_01534,1,48_81,val,80.83787751197815,7.360805511474609,1282.844970703125,20.56659698486328
LS_01537,1,48_81,val,80.83254528045654,7.356651306152344,1313.5570068359375,22.027244567871094
LS_01538,1,48_81,val,80.84169673919678,7.353796005249023,1058.7176513671875,22.668058395385746
LS_01539,1,48_81,val,80.84373452952227,7.365300570044776,1093.947509765625,26.42597198486328
LS_01540,1,48_81,val,80.83580708503723,7.350429534912109,1363.5999755859375,29.30499839782715
LS_01543,1,48_81,val,80.85548496246338,7.356555938720703,775.995849609375,19.886669158935547
LS_01544,1,48_81,val,80.86170554161072,7.359268188476562,834.5023193359375,19.06285095214844
LS_01550,1,48_81,val,80.86864709854126,7.363790512084961,757.87060546875,19.42255401611328
LS_01552,1,48_81,val,80.86020147800446,7.37584114074707,1085.7379150390625,26.567176818847656
LS_01562,1,48_81,val,80.87141949789864,7.376794815063477,1034.0076904296875,31.219776153564453
LS_01563,1,48_81,val,80.88972846984863,7.393680572509766,824.6282348632812,12.559101104736328
LS_01567,1,48_81,val,80.87083053588867,7.352399826049805,648.711181640625,17.39805793762207
LS_01568,1,48_81,val,80.89751633008322,7.358909606933594,621.6747436523438,15.855849266052246
LS_01573,1,48_81,val,80.8781943321228,7.379573822021484,842.2633056640625,25.78941345214844
LS_01574,1,48_81,val,80.8843822479248,7.375110626220703,732.6541748046875,21.7800350189209
LS_01580,1,48_81,val,80.90021018981933,7.378316879272461,551.6064453125,18.58182144165039
LS_01583,1,49_81,val,80.91734838485718,7.386873245239258,688.5724487304688,20.24117088317871
LS_01586,1,49_81,val,80.92290878295898,7.383750915527344,640.2238159179688,23.74165344238281
LS_01589,1,49_81,val,80.92890103658041,7.392242431640625,660.0429077148438,30.2689151763916
LS_01592,1,49_81,val,80.9294533839129,7.377835095002713,409.207275390625,23.8225154876709
LS_01593,1,49_81,val,80.93071413040161,7.36488151550293,262.9791564941406,22.05370330810547
LS_01595,1,48_81,val,80.90427843729654,7.373266220092773,571.6785888671875,22.8906192779541
LS_01596,1,50_81,test,81.00549666777901,7.368350982666016,134.49737548828125,14.293035507202148
LS_01597,1,49_80,train,80.96722888946533,7.317922592163086,268.2344055175781,21.622432708740234
LS_01598,1,49_80,train,80.95453698294503,7.310134887695312,517.1505737304688,24.974096298217773
LS_01599,1,49_80,train,80.96692848205566,7.327594757080078,244.99436950683597,21.83897018432617
LS_01601,1,49_81,val,80.96479415893555,7.342931747436523,241.6776428222656,24.782379150390625
LS_01602,1,47_81,train,80.80658388137817,7.348134994506836,1218.859130859375,17.520538330078125
LS_01604,1,47_80,train,80.80491173267365,7.326927185058594,770.2021484375,23.61638641357422
LS_01606,1,47_81,train,80.8115873336792,7.33070182800293,833.901123046875,27.385929107666016
LS_01612,1,48_81,val,80.82600593566895,7.329877853393555,1033.6064453125,20.54676818847656
LS_01613,1,48_80,train,80.81914036614555,7.320877075195312,886.1385498046875,25.156139373779297
LS_01614,1,48_80,train,80.81989786359999,7.312158584594727,908.383056640625,20.40536499023437
LS_01616,1,48_81,val,80.84850172996521,7.352069854736328,904.8748779296876,19.362653732299805
LS_01620,1,48_81,val,80.85115242004395,7.343767166137695,1019.6758422851562,19.360462188720703
LS_01621,1,48_81,val,80.84500535329184,7.346267700195312,1113.736328125,29.79395866394043
LS_01627,1,48_81,val,80.8240966796875,7.345998764038086,1210.9681396484375,21.937763214111328
LS_01628,1,47_81,train,80.80959812800089,7.33961296081543,1125.4666748046875,24.49717140197754
LS_01629,1,47_81,train,80.81602355412075,7.338438034057617,984.4642333984376,25.93139266967773
LS_01631,1,47_80,train,80.80795599619547,7.314655303955078,654.26806640625,22.980445861816406
LS_01635,1,48_81,val,80.84847679138184,7.33116340637207,1454.4599609375,25.350908279418945
LS_01642,1,48_81,val,80.86453444617135,7.350898742675781,669.957763671875,18.380992889404297
LS_01645,1,48_81,val,80.86084222793579,7.345563888549805,877.7486572265625,26.0153865814209
LS_01646,1,48_81,val,80.87094731026508,7.345462799072266,852.7874145507812,18.879844665527344
LS_01649,1,48_81,val,80.86520494416345,7.33909747541801,996.4602661132812,23.665416717529297
LS_01653,1,48_81,val,80.87688048680624,7.33897590637207,803.1839599609375,24.05235481262207
LS_01655,1,48_81,val,80.85513324737549,7.328714370727539,1395.304443359375,28.628433227539062
LS_01661,1,48_80,train,80.87133062802829,7.321142196655273,986.8657836914062,28.817874908447266
LS_01663,1,48_80,train,80.89069080352783,7.321390151977539,969.454833984375,26.209304809570312
LS_01666,1,48_80,train,80.8963451385498,7.317068099975586,935.1148071289062,20.839893341064453
LS_01667,1,48_80,train,80.89753804210893,7.311304032295682,812.0592651367188,16.315624237060547
LS_01674,1,48_80,train,80.8774141898522,7.310346603393555,697.5697021484375,15.087265014648438
LS_01675,1,48_80,train,80.86535739898682,7.311882019042969,1050.73779296875,20.36802864074707
LS_01676,1,48_80,train,80.8710175620185,7.314470291137695,865.8466796875,23.72063636779785
LS_01678,1,48_80,train,80.87421024762668,7.327611923217773,782.8815307617188,21.435523986816406
LS_01679,1,48_81,val,80.86576925662132,7.332857388239706,1105.275390625,24.270862579345703
LS_01681,1,48_80,train,80.88943547259726,7.310418343147739,831.2040405273438,25.49651908874512
LS_01686,1,48_80,train,80.89262580871582,7.305526733398437,655.138427734375,13.080059051513672
LS_01687,1,49_80,train,80.9338120866864,7.309020667714401,776.0567016601562,16.111793518066406
LS_01689,1,49_80,train,80.93356018066406,7.31834602355957,879.743896484375,25.176074981689453
LS_01690,1,49_80,train,80.9398078918457,7.31184196472168,804.52490234375,25.20454406738281
LS_01692,1,49_81,val,80.91498756408691,7.330436706542969,734.3346557617188,25.58578109741211
LS_01693,1,48_81,val,80.90250206517355,7.346993195044886,761.673095703125,17.023643493652344
LS_01695,1,48_81,val,80.90606331825256,7.352165222167969,653.3126220703125,20.979890823364254
LS_01696,1,49_81,val,80.91620445251465,7.34893798828125,500.0397338867188,26.828014373779297
LS_01697,1,49_80,train,80.95367342138755,7.272852833521591,644.4931640625,27.04003143310547
LS_01698,1,49_80,train,80.95443334579468,7.292474746704102,529.4942016601562,22.52437210083008
LS_01699,1,49_80,train,80.94577119694722,7.291899461199605,976.1062622070312,21.29882049560547
LS_01700,1,49_80,train,80.9501235144479,7.287925720214844,783.348388671875,37.77163314819336
LS_01701,1,49_80,train,80.9477502822876,7.300027847290039,745.8450927734375,25.754358291625977
LS_01703,1,49_80,train,80.9404524826422,7.302263259887695,734.8226318359375,20.973386764526367
LS_01704,1,49_80,train,80.9140062059675,7.302705764770508,810.8652954101562,14.688653945922852
LS_01707,1,48_80,train,80.89964970675382,7.287429809570312,775.0848388671875,21.43732261657715
LS_01709,1,49_80,train,80.92484378814697,7.284866333007812,948.4317016601562,14.592780113220217
LS_01710,1,49_80,train,80.91744790253816,7.283439636230469,704.8369140625,21.55247688293457
LS_01713,1,49_80,train,80.91644859313965,7.275047302246094,587.8575439453125,19.94324111938477
LS_01716,1,49_80,train,80.93074497809778,7.296815872192383,780.5509033203125,18.76293182373047
LS_01717,1,49_80,train,80.92141962051392,7.289543151855469,953.7439575195312,25.593408584594727
LS_01718,1,49_80,train,80.91563405990601,7.296531677246094,790.5352783203125,20.036476135253903
LS_01720,1,48_80,train,80.90750741958618,7.284759521484376,694.486328125,21.277996063232425
LS_01728,1,48_80,train,80.90127754211426,7.279203414916992,833.9579467773438,19.872398376464844
LS_01733,1,49_80,train,80.93990128918698,7.2791786193847665,815.8297119140625,19.86781883239746
LS_01736,1,49_80,train,80.94035761367871,7.262189865112305,554.947998046875,26.68526840209961
LS_01737,1,49_80,train,80.93456506729126,7.269756317138672,798.3828125,26.679725646972656
LS_01741,1,49_80,train,80.92660903930664,7.265567779541016,913.1348266601562,20.45577812194824
LS_01742,1,49_80,train,80.90957609812418,7.266115188598633,481.9426879882813,19.20767974853516
LS_01743,1,48_80,train,80.90525150299072,7.27154541015625,627.193603515625,22.52379608154297
LS_01745,1,48_80,train,80.89939419428508,7.266729354858398,762.69775390625,26.19845199584961
LS_01758,1,48_80,train,80.89177888234457,7.272483825683594,771.870849609375,19.729272842407227
LS_01759,1,48_80,train,80.88478174209595,7.271381378173828,580.3201904296875,24.29194450378418
LS_01770,1,48_80,train,80.86018689473471,7.266633987426758,561.4876708984375,21.253454208374023
LS_01771,1,48_80,train,80.86226344108582,7.273597717285156,555.5983276367188,21.630495071411133
LS_01773,1,48_80,train,80.85452140494132,7.274134145171983,799.919921875,22.21989250183105
LS_01774,1,48_80,train,80.85988159974416,7.285633087158203,754.2393798828125,23.13768768310547
LS_01779,1,48_80,train,80.85472774505615,7.306600570678711,1238.9344482421875,30.514312744140625
LS_01781,1,48_80,train,80.85725712776184,7.300457000732422,969.8955078125,17.55126190185547
LS_01782,1,48_80,train,80.86831295490265,7.303157806396484,901.14306640625,27.53199958801269
LS_01785,1,48_80,train,80.8707259950776,7.297504119541474,705.0940551757812,17.51046371459961
LS_01791,1,48_80,train,80.8965585231781,7.299823760986328,723.58935546875,14.800674438476562
LS_01793,1,48_80,train,80.88918099403381,7.297561645507812,696.12158203125,20.949432373046875
LS_01794,1,48_80,train,80.8923614025116,7.292690277099609,684.8695678710938,22.290809631347656
LS_01798,1,48_80,train,80.88599556279937,7.291467666625977,646.2681884765625,22.53842163085937
LS_01804,1,48_80,train,80.86907575853029,7.281942796575333,514.0305786132812,17.641040802001953
LS_01810,1,48_80,train,80.8824609120687,7.280004501342773,574.83740234375,15.691202163696287
LS_01812,1,48_80,train,80.89188507172372,7.281929655938815,790.7426147460938,17.725643157958984
LS_01815,1,48_80,train,80.86989707946778,7.262332916259766,436.2300415039063,17.026973724365234
LS_01816,1,48_80,train,80.87834893238707,7.265227139067115,604.4674682617188,15.770627975463867
LS_01817,1,48_80,train,80.8244394659996,7.3040008544921875,924.6441040039062,21.391237258911133
LS_01820,1,48_80,train,80.83102111139334,7.296753310273881,795.2733154296875,20.02109146118164
LS_01822,1,48_80,train,80.83900799070085,7.304496765136719,1043.747802734375,34.41282653808594
LS_01823,1,48_80,train,80.84862364085325,7.278972132900453,898.7372436523438,22.853939056396484
LS_01824,1,48_80,train,80.8267126083374,7.268362045288086,816.4739990234375,24.246612548828125
LS_01826,1,48_80,train,80.82073930104573,7.268474578857422,621.617919921875,17.684797286987305
LS_01827,1,47_80,train,80.80176399728177,7.298141232057933,624.2421875,24.74522399902344
LS_01828,1,47_80,train,80.79275131225586,7.282131195068359,515.9683837890625,18.968284606933597
LS_01833,1,47_80,train,80.80216481950548,7.280055999755859,472.7146606445313,20.65321922302246
LS_01834,1,47_80,train,80.78897709316678,7.273014068603516,476.5877075195313,17.12079429626465
LS_01835,1,47_80,train,80.79233090082803,7.267150878906249,583.9847412109375,22.882959365844727
LS_01836,1,47_80,train,80.80027215073748,7.265602111816406,626.7814331054688,18.414684295654297
LS_01839,1,47_80,train,80.78186583518982,7.264324188232422,446.4752502441406,9.14801788330078
LS_01840,1,47_80,train,80.7973508633248,7.246827816844908,492.3376770019531,16.32601547241211
LS_01842,1,47_80,train,80.7918643951416,7.23875617980957,492.9902648925781,24.997539520263672
LS_01845,1,47_79,train,80.7903561592102,7.232353210449219,436.2492370605469,23.52273178100586
LS_01853,1,47_79,train,80.7989044825236,7.23643684387207,523.8668823242188,20.907012939453125
LS_01855,1,47_79,train,80.79506797790528,7.227746963500977,397.6876831054688,22.573875427246094
LS_01856,1,47_79,train,80.80169615523363,7.231103897094727,429.4103698730469,24.92302131652832
LS_01857,1,47_79,train,80.80532956123352,7.222316741943359,379.51116943359375,20.90754127502441
LS_01862,1,47_80,train,80.80290222167969,7.242031097412109,524.9037475585938,19.288959503173828
LS_01868,1,47_79,train,80.79724049568176,7.220493316650391,513.2763061523438,28.39916229248047
LS_01870,1,47_80,train,80.76928636149134,7.25518836682509,484.2483215332031,16.796003341674805
LS_01871,1,47_79,train,80.79109938939413,7.222087860107422,595.10888671875,20.90714263916016
LS_01873,1,48_80,train,80.84623696511252,7.255695343017578,941.342529296875,27.28481674194336
LS_01874,1,48_80,train,80.83436393737793,7.24687385559082,863.6357421875,16.96504783630371
LS_01881,1,48_80,train,80.84580345153809,7.246055603027344,854.9365844726562,24.937135696411133
LS_01885,1,48_80,train,80.85399250454373,7.23979377746582,583.078857421875,28.63505744934082
LS_01891,1,48_80,train,80.84714221954346,7.238449096679687,878.85888671875,29.714988708496094
LS_01893,1,48_79,train,80.83822458440608,7.223468780517578,672.0140380859375,20.914989471435547
LS_01895,1,48_79,train,80.84440272194999,7.232526779174805,658.3628540039062,28.823707580566406
LS_01897,1,48_79,train,80.85616755485535,7.232810974121094,391.8978271484375,16.731884002685547
LS_01901,1,48_79,train,80.85161905288696,7.229015350341797,448.67132568359375,23.735294342041016
LS_01902,1,48_79,train,80.85883868017862,7.227071762084961,323.46929931640625,7.858910083770752
LS_01913,1,48_79,train,80.84652210684384,7.221763610839844,729.4390869140625,27.914913177490234
LS_01916,1,48_79,train,80.85201644897461,7.219045639038086,484.70257568359375,26.75038146972656
LS_01918,1,48_80,train,80.82055568695068,7.254035949707031,804.4036865234375,22.45604705810547
LS_01919,1,47_80,train,80.80662973110492,7.253147125244141,624.849853515625,24.451570510864254
LS_01920,1,47_80,train,80.81133290176484,7.259049272375158,577.5314331054688,18.799461364746094
LS_01921,1,47_80,train,80.81345280733976,7.251237869262695,704.7783203125,17.876205444335938
LS_01931,1,48_80,train,80.82597773415702,7.241996765136719,803.3480224609375,25.0095272064209
LS_01934,1,48_80,train,80.82043127218881,7.244350433349609,819.23388671875,22.351518630981445
LS_01942,1,47_79,train,80.81826877593994,7.235410690307617,629.2691650390625,26.393939971923828
LS_01950,1,47_79,train,80.81451225280762,7.223976135253906,591.1165771484375,25.01940155029297
LS_01952,1,48_79,train,80.87707778385708,7.230016708374023,543.8485107421875,18.017139434814453
LS_01954,1,48_79,train,80.88946437835693,7.234004974365234,538.0438232421875,19.635957717895508
LS_01958,1,48_79,train,80.8974110285441,7.228092193603516,350.41961669921875,19.06224822998047
LS_01959,1,48_80,train,80.87875690157452,7.243661880493164,535.729736328125,17.334674835205078
LS_01961,1,48_79,train,80.87145709991455,7.218658447265625,484.16009521484375,19.57415008544922
LS_01963,1,49_80,train,80.91521906852722,7.257968902587891,450.70941162109375,17.706499099731445
LS_01964,1,49_80,train,80.92161850477096,7.256018726727328,782.6431274414062,27.143648147583008
LS_01965,1,49_80,train,80.92213702201843,7.247341156005859,680.458740234375,29.78026962280273
LS_01968,1,49_80,train,80.93590032789442,7.254343032836914,716.8849487304688,25.13343620300293
LS_01971,1,49_80,train,80.9335880279541,7.247739791870117,682.3370361328125,22.65736389160156
LS_01973,1,49_80,train,80.94296336174011,7.245279312133789,382.22406005859375,26.29237365722656
LS_01974,1,49_80,train,80.9219822883606,7.240900039672852,645.1842041015625,29.98257827758789
LS_01978,1,48_79,train,80.9074649810791,7.231826782226562,361.8171691894531,21.836708068847656
LS_01979,1,49_79,val,80.91835534572601,7.232688903808594,427.8735961914063,21.843505859375
LS_01980,1,49_79,val,80.92465209960938,7.228570938110352,714.5467529296875,32.81684112548828
LS_01981,1,49_79,val,80.9291169166565,7.232952117919922,789.0010986328125,26.07973861694336
LS_01982,1,49_79,val,80.93350591659546,7.224514007568359,461.7862243652344,21.65502166748047
LS_01987,1,49_80,train,80.9747462272644,7.246858596801758,469.0967102050781,26.23670196533203
LS_01989,1,49_80,train,80.97486186481657,7.258007049560547,425.2622985839844,27.08644676208496
LS_01990,1,49_80,train,80.9583911895752,7.259166717529296,498.5908508300781,21.385425567626957
LS_01993,1,49_80,train,80.9522476196289,7.256317138671875,623.627685546875,26.20018768310547
LS_01997,1,49_80,train,80.9568862915039,7.250450134277344,342.96197509765625,11.538437843322754
LS_02000,1,49_79,val,80.92878388298882,7.217164993286133,660.0401611328125,28.47570037841797
LS_02004,1,49_79,val,80.9316552480062,7.209062576293945,386.38970947265625,26.75278663635254
LS_02006,1,49_79,val,80.93738822937011,7.214973449707031,244.79966735839844,13.512939453125
LS_02008,1,49_79,val,80.93834301630656,7.192584991455078,254.9763641357422,18.94557762145996
LS_02009,1,49_79,val,80.93344402313232,7.179931640625,539.931884765625,29.150218963623047
LS_02012,1,49_79,val,80.9268134640109,7.191509246826172,536.3658447265625,30.900732040405277
LS_02013,1,49_79,val,80.92904949188232,7.168920516967773,958.306640625,17.411510467529297
LS_02014,1,49_79,val,80.91643953323364,7.175907135009766,413.9869384765625,22.23223114013672
LS_02019,1,49_79,val,80.92049645966497,7.21739387512207,394.42584228515625,23.122323989868164
LS_02022,1,48_79,train,80.8542947769165,7.213712692260742,366.7669372558594,20.75558280944824
LS_02028,1,48_79,train,80.84930725097657,7.198064804077148,409.7412109375,26.32963180541992
LS_02030,1,48_79,train,80.84987115859985,7.205778121948242,376.5908203125,23.28238296508789
LS_02031,1,48_79,train,80.84534653027853,7.211952209472656,389.0906372070313,25.33502960205078
LS_02034,1,48_79,train,80.8236359187535,7.18385124206543,533.8931884765625,31.21355628967285
LS_02036,1,47_79,train,80.80470437781756,7.186225891113281,571.1348876953125,17.601669311523438
LS_02037,1,48_79,train,80.82142066955566,7.218950271606445,507.1401977539063,23.05492782592773
LS_02038,1,47_79,train,80.8051028060913,7.212974548339844,390.2774658203125,27.28957176208496
LS_02039,1,47_79,train,80.8091757774353,7.208354949951172,535.9420166015625,26.969741821289062
LS_02040,1,47_79,train,80.81458314259848,7.212667465209961,470.2928771972656,24.788286209106445
LS_02045,1,47_79,train,80.79814863204956,7.210044860839844,436.1939697265625,27.961685180664062
LS_02047,1,47_79,train,80.80099296569824,7.203516006469727,337.53741455078125,20.94949722290039
LS_02050,1,48_79,train,80.82551431655884,7.203708648681641,312.5816650390625,17.665164947509766
LS_02053,1,47_79,train,80.79353383008171,7.216024398803711,656.5430908203125,25.578248977661133
LS_02055,1,47_79,train,80.79237608909607,7.188804626464844,815.2784423828125,14.874917984008787
LS_02056,1,47_79,train,80.79460516997746,7.194934844970703,667.60400390625,22.24360656738281
LS_02059,1,47_79,train,80.77664506435394,7.197589874267578,628.7822265625,25.336549758911133
LS_02061,1,47_79,train,80.77319073677063,7.187261581420898,744.24951171875,21.67455101013184
LS_02065,1,47_79,train,80.76910076141357,7.195363998413086,635.8201904296875,25.713943481445312
LS_02067,1,47_79,train,80.77123035996723,7.207366943359375,607.2018432617188,27.189037322998047
LS_02073,1,47_79,train,80.76898841857911,7.201440811157227,586.8824462890625,23.529191970825195
LS_02087,1,48_79,train,80.82809329032898,7.213840484619141,429.7981567382813,17.007431030273438
LS_02088,1,48_79,train,80.83597588539124,7.215080261230469,469.0933227539063,19.04873275756836
LS_02092,1,48_79,train,80.85631117224693,7.183517456054688,457.6410217285156,29.296186447143555
LS_02095,1,48_79,train,80.84266511599222,7.184062957763672,276.1794738769531,18.259784698486328
LS_02097,1,48_79,train,80.86506126403808,7.169942855834961,502.0861206054688,26.526138305664062
LS_02099,1,47_79,train,80.81859636306763,7.201728820800781,294.54376220703125,18.176084518432617
LS_02100,1,47_79,train,80.79305839538574,7.181606292724609,894.453125,18.680265426635746
LS_02101,1,47_79,train,80.75473315335283,7.164863275327239,835.140869140625,21.79036903381348
LS_02102,1,47_79,train,80.7616935143104,7.163412094116211,874.4547119140625,18.579181671142575
LS_02104,1,47_79,train,80.74024963378906,7.147932052612305,825.263671875,23.5478515625
LS_02108,1,47_79,train,80.79614513397217,7.161989212036133,1205.01708984375,25.171039581298828
LS_02109,1,47_79,train,80.7988512732766,7.156270980834961,1257.98095703125,23.11802291870117
LS_02111,1,47_79,train,80.81585884094238,7.149930953979492,925.093505859375,22.665733337402344
LS_02112,1,48_78,train,80.88942309788295,7.122678756713867,778.1425170898438,21.01316261291504
LS_02113,1,48_78,train,80.86551690101624,7.111965179443359,640.0237426757812,27.569190979003903
LS_02114,1,48_78,train,80.88448086906882,7.1163177490234375,541.048828125,17.704879760742188
LS_02116,1,48_78,train,80.88966163212373,7.110750293371959,696.8458251953125,19.80381774902344
LS_02117,1,48_78,train,80.88085849285126,7.105480194091797,546.2037963867188,20.704111099243164
LS_02122,1,48_78,train,80.88993740081787,7.100439071655273,755.8286743164062,25.391094207763672
LS_02123,1,48_78,train,80.86699843406677,7.093032836914063,843.544189453125,21.707069396972656
LS_02126,1,48_78,train,80.86060774400806,7.089003621837065,1074.827392578125,22.858362197875977
LS_02128,1,47_78,test,80.80259439680312,7.070430755615234,1042.76513671875,14.819137573242188
LS_02129,1,47_78,test,80.76465413009231,7.066427063036132,1232.914306640625,19.58546257019043
LS_02130,1,47_78,test,80.76378536224365,7.073184967041016,1463.86376953125,29.004587173461918
LS_02131,1,47_78,test,80.77529011837271,7.074802398681641,1198.1041259765625,20.40496063232422
LS_02132,1,47_78,test,80.77919054031372,7.082714080810547,1186.932861328125,30.665260314941406
LS_02133,1,47_78,test,80.79360269245348,7.068508148193359,1091.6900634765625,23.484798431396484
LS_02134,1,47_78,test,80.78178495519302,7.058378219604492,1086.9195556640625,21.888389587402344
LS_02137,1,48_78,train,80.82279949188232,7.074489593505859,1366.45068359375,22.47437858581543
LS_02139,1,50_78,train,81.02340564727783,7.092325210571289,360.3368225097656,13.877226829528809
LS_02143,1,50_78,train,81.03216902414957,7.096206665039063,695.5132446289062,27.93679428100586
LS_02145,1,48_79,train,80.83325583140055,7.232975006103516,676.844970703125,23.207387924194336
LS_02147,1,48_80,train,80.83444786071777,7.240814208984375,770.1778564453125,23.880104064941406
LS_02156,1,47_79,train,80.81430880228677,7.230684280395508,670.7846069335938,26.36310577392578
LS_02159,1,48_80,train,80.85690629482269,7.257022857666016,673.50341796875,26.7012939453125
LS_02162,1,48_80,train,80.86293836073442,7.259273529052734,450.896728515625,17.327165603637695
LS_02168,1,48_80,train,80.87784147262573,7.258377075195312,620.460693359375,21.62797164916992
LS_02170,1,48_80,train,80.87270501943735,7.253141403198242,466.9542541503906,17.214614868164062
LS_02173,1,48_80,train,80.89633178710938,7.255481719970703,652.8936767578125,23.3824405670166
LS_02176,1,48_80,train,80.88827586174011,7.245565414428711,640.9825439453125,23.0787353515625
LS_02177,1,48_80,train,80.86296744140726,7.243881381730896,383.0667724609375,17.867008209228516
LS_02181,1,49_80,train,80.9161946773529,7.245441436767578,430.5195617675781,17.184303283691406
LS_02183,1,48_80,train,80.90913009643555,7.24787712097168,425.58892822265625,19.917144775390625
LS_02185,1,49_80,train,80.91570640441984,7.251716613769531,454.4084777832031,18.37821388244629
LS_02188,1,49_79,val,80.93609309196472,7.230781555175781,458.0563659667969,29.55725479125977
LS_02189,1,49_80,train,80.95741083962577,7.265522003173828,578.3527221679688,26.18884658813477
LS_02199,1,49_80,train,80.91044569015503,7.237703323364258,409.4981689453125,18.822141647338867
LS_02207,1,48_80,train,80.85336153847831,7.24882698059082,633.87744140625,21.44513320922852
LS_02210,1,47_80,train,80.8097458912776,7.242771148681641,640.3152465820312,26.1358585357666
LS_02213,1,47_79,train,80.76035363857562,7.190956115722656,591.4597778320312,16.3475341796875
LS_02220,1,48_79,train,80.82896788915,7.220180511474609,432.7915649414063,11.897050857543944
LS_02221,1,47_79,train,80.8076159954071,7.194648742675781,359.72509765625,15.14745044708252
LS_02222,1,48_79,train,80.82194876670837,7.190267562866211,282.51275634765625,16.443910598754883
LS_02230,1,47_79,train,80.81731920242309,7.178726196289063,809.7069091796875,22.429418563842773
LS_02233,1,47_78,test,80.79974476496378,7.142742156982422,1010.1322631835938,20.721479415893555
LS_02234,1,47_78,test,80.81584933825901,7.141088485717773,779.8643798828125,21.184551239013672
LS_02235,1,47_78,test,80.80973807778585,7.140224973990126,972.3539428710938,22.737319946289062
LS_02236,1,48_78,train,80.82558465003967,7.141559600830078,508.2309875488281,16.631134033203125
LS_02237,1,48_78,train,80.82424795627594,7.13258171081543,461.3370971679688,21.93507575988769
LS_02241,1,48_79,train,80.82616138458252,7.168985366821289,713.3851928710938,32.3129768371582
LS_02242,1,48_79,train,80.82695627212524,7.159954071044922,615.2970581054688,25.14315414428711
LS_02244,1,48_79,train,80.86525519688925,7.178363800048828,333.43719482421875,19.57324981689453
LS_02248,1,49_79,val,80.98433846235275,7.162803649902344,357.1949768066406,21.664709091186523
LS_02253,1,49_79,val,80.98293844858804,7.149410247802734,535.71826171875,31.37894630432129
LS_02261,1,49_79,val,80.97576653515851,7.153465270996094,628.7428588867188,17.319374084472656
LS_02264,1,52_79,test,81.21138694069603,7.16339111328125,384.0753173828125,21.977313995361328
LS_02265,1,51_78,test,81.13307075977752,7.142341765208037,998.6373901367188,23.65383529663086
LS_02266,1,51_78,test,81.12618255615234,7.135847091674805,1177.9383544921875,13.782271385192873
LS_02268,1,49_79,val,80.93015766143799,7.159587860107422,992.5475463867188,25.32177352905273
LS_02269,1,49_79,val,80.91748725666719,7.163539886474609,709.6881103515625,30.34684181213379
LS_02275,1,49_79,val,80.93529065450033,7.154325485229492,806.439697265625,28.979393005371094
LS_02279,1,49_79,val,80.93776241938272,7.14845085144043,560.373046875,26.372095108032227
LS_02286,1,49_79,val,80.93154096603394,7.148637771606445,767.8480224609375,32.34843063354492
LS_02289,1,49_78,train,80.94948589353633,7.141214370727539,285.96685791015625,10.869100570678713
LS_02292,1,49_78,train,80.93909435272217,7.139425277709961,525.6728515625,23.265281677246094
LS_02299,1,49_78,train,80.93110903987179,7.139276504516602,928.2862548828124,35.013648986816406
LS_02304,1,49_78,train,80.93747644424438,7.133819580078125,668.68017578125,27.822195053100582
LS_02315,1,49_78,train,80.95101307206886,7.132053375244141,287.3792724609375,11.016328811645508
LS_02316,1,49_78,train,80.94076324911678,7.128568649291992,473.80908203125,24.3568172454834
LS_02318,1,49_78,train,80.94680881500244,7.120870590209961,540.18408203125,24.82889175415039
LS_02320,1,49_78,train,80.94348417917888,7.106544494628906,461.3269958496094,20.391563415527344
LS_02333,1,49_78,train,80.92022347450256,7.142507553100586,865.7626953125,22.06278419494629
LS_02338,1,49_78,train,80.91151396433511,7.142719268798828,544.984130859375,21.53387451171875
LS_02344,1,48_78,train,80.89700781504314,7.135843276977539,911.662353515625,27.129589080810547
LS_02347,1,48_78,train,80.88595008850098,7.1366024017333975,523.3589477539062,26.718338012695312
LS_02351,1,48_79,train,80.87566618485884,7.167331695556641,324.46173095703125,23.55997085571289
LS_02353,1,48_79,train,80.87213921546936,7.17315673828125,349.1727905273437,21.91554069519043
LS_02355,1,49_79,val,80.96441010066441,7.148239135742188,301.6063842773437,18.3011531829834
LS_02356,1,49_78,train,80.96253371238708,7.140628814697266,300.29278564453125,20.900665283203125
LS_02362,1,49_78,train,80.98097356160483,7.139345169067383,574.0478515625,23.844873428344727
LS_02367,1,49_78,train,80.9858922958374,7.1341552734375,354.87774658203125,19.21662712097168
LS_02369,1,49_79,val,80.97553052902222,7.168357849121093,591.705078125,23.871479034423828
LS_02372,1,50_78,train,81.02826452255249,7.133562088012695,390.1395568847656,23.862293243408203
LS_02377,1,50_78,train,81.01759004592896,7.138465881347656,247.28793334960935,19.427112579345703
LS_02379,1,50_78,train,81.01044864654541,7.144193649291992,257.58673095703125,19.743114471435547
LS_02381,1,50_78,train,81.0246514014478,7.141456604003906,485.27142333984375,22.23699760437012
LS_02382,1,50_78,train,81.01741260171602,7.144703414979711,219.67926025390625,19.82954406738281
LS_02387,1,50_79,train,81.0474256515503,7.158462524414063,325.1015930175781,18.086584091186523
LS_02390,1,50_79,train,81.03584098815918,7.169914245605469,324.5048828125,17.7835636138916
LS_02394,1,49_77,test,80.94061782308485,7.029989185856289,823.5950317382812,20.038848876953125
LS_02395,1,49_77,test,80.94748973846436,7.033788681030273,844.7337646484375,24.110614776611328
LS_02396,1,49_77,test,80.95929082234701,7.02400016784668,584.107666015625,24.920116424560547
LS_02397,1,49_78,train,80.91424369812012,7.09377098083496,1155.3961181640625,22.022918701171875
LS_02399,1,49_78,train,80.92746537923813,7.097747802734375,731.6024169921875,23.117509841918945
LS_02401,1,49_78,train,80.94947814941406,7.090240478515625,500.15032958984375,25.458141326904297
LS_02402,1,49_78,train,80.91305828094482,7.086477279663086,1227.1925048828125,23.6845645904541
LS_02404,1,49_78,train,80.95951843261719,7.107728958129883,396.9471740722656,20.58545684814453
LS_02405,1,49_78,train,80.97739887237549,7.112129211425781,460.1067199707031,21.48590850830078
LS_02407,1,49_78,train,80.97000285557338,7.129690170288086,505.5404052734375,15.656391143798828
LS_02410,1,49_78,train,80.98811752455575,7.126903533935546,287.61785888671875,12.772603034973145
LS_02412,1,49_78,train,80.9814762387957,7.125965118408203,536.7186279296875,27.796667098999023
LS_02417,1,50_78,train,81.0078049659729,7.115383148193359,257.825927734375,13.013472557067873
LS_02419,1,50_78,train,81.00164604187012,7.108699798583984,321.32861328125,27.399948120117188
LS_02424,1,49_78,train,80.98209424452348,7.119876861572266,474.6090087890625,25.46428680419922
LS_02426,1,50_78,train,81.00867938995361,7.089748382568359,389.2740478515625,20.134510040283203
LS_02427,1,49_78,train,80.9983925819397,7.116619110107422,267.38397216796875,22.83418846130371
LS_02432,1,50_78,train,81.02527364403807,7.120949550874434,318.8457336425781,24.51593017578125
LS_02433,1,50_78,train,81.02999446297491,7.116257476768617,466.6217956542969,25.822507858276367
LS_02435,1,50_78,train,81.03906137803023,7.107324600219727,415.9780578613281,27.18685340881348
LS_02437,1,50_78,train,81.02093243598938,7.112663269042969,403.3681945800781,22.21367073059082
LS_02440,1,50_78,train,81.0466119978163,7.11149787902832,406.82421875,21.46500015258789
LS_02441,1,50_79,train,81.0260623296102,7.149759292602539,415.14935302734375,22.412616729736328
LS_02444,1,50_78,train,81.03457145690918,7.103496551513672,732.4114990234375,26.232954025268555
LS_02450,1,50_78,train,81.02814435958862,7.106365203857422,631.3038330078125,26.89153289794922
LS_02453,1,50_78,train,81.03874299791124,7.095592498779297,545.9566650390625,31.63578987121582
LS_02454,1,50_78,train,81.04427509307861,7.093866348266602,348.572509765625,10.364049911499023
LS_02463,1,50_78,train,81.03544683456421,7.088932037353516,638.4193115234375,25.48410987854004
LS_02467,1,50_78,train,81.02943019917585,7.090150633998488,531.755126953125,19.76841926574707
LS_02469,1,50_78,train,81.01818970271519,7.087490081787109,339.1546630859375,18.936885833740234
LS_02470,1,50_78,train,81.03595806558532,7.124881574220552,349.24884033203125,25.801464080810547
LS_02471,1,50_78,train,81.04382991790771,7.130847930908203,439.5309143066406,23.2810115814209
LS_02472,1,50_78,train,81.0748176574707,7.11512565612793,368.51416015625,22.029253005981445
LS_02474,1,50_78,train,81.07091369628907,7.093564987182617,857.929931640625,29.078147888183597
LS_02476,1,50_78,train,81.07693099975586,7.096010208129883,751.2314453125,32.800228118896484
LS_02480,1,50_78,train,81.07883405685425,7.102813720703125,565.19580078125,28.12812042236328
LS_02482,1,50_78,train,81.06885582467784,7.102329254150391,743.4578857421875,26.664365768432617
LS_02483,1,51_79,train,81.0985860824585,7.167856216430664,595.666259765625,26.190290451049805
LS_02485,1,51_79,train,81.1079190572103,7.166780471801758,917.844970703125,30.58077621459961
LS_02490,1,51_79,train,81.10166606903076,7.161163330078125,635.2816772460938,24.72770500183105
LS_02492,1,51_79,train,81.11203521840713,7.161666870117188,890.70654296875,26.66513442993164
LS_02500,1,51_79,train,81.1121145248413,7.154975891113281,1083.854248046875,23.985092163085938
LS_02502,1,51_78,test,81.09772205352783,7.139566421508789,470.26666259765625,25.58744239807129
LS_02503,1,51_79,train,81.10665875704228,7.150616041779947,838.9812622070312,30.53923988342285
LS_02504,1,47_78,test,80.73668150468306,7.098600387573242,1657.22802734375,18.20009994506836
LS_02505,1,47_78,test,80.74018360319592,7.103456497192383,1577.462890625,19.889015197753903
LS_02507,1,47_78,test,80.73944282531738,7.089906692504883,1616.378173828125,18.869224548339844
LS_02510,1,47_78,test,80.77723693847656,7.130590438842773,1030.906982421875,17.980541229248047
LS_02511,1,47_78,test,80.78179909632756,7.111362457275391,1142.69580078125,19.66288948059082
LS_02513,1,47_78,test,80.76432657241821,7.105794906616211,1242.9866943359375,19.153060913085938
LS_02514,1,47_78,test,80.76095056533813,7.0958251953125,1534.52001953125,21.078813552856445
LS_02515,1,47_78,test,80.76904207865397,7.100334167480469,1439.8583984375,20.81635856628418
LS_02518,1,47_78,test,80.77441701022062,7.093072891235352,1608.3955078125,19.42340087890625
LS_02523,1,47_78,test,80.79635753631592,7.104501724243164,858.2327880859375,27.245906829833984
LS_02529,1,47_78,test,80.80473899841309,7.100175857543945,681.366455078125,21.415462493896484
LS_02533,1,47_78,test,80.78084969520569,7.089962005615234,1343.26953125,31.89675712585449
LS_02534,1,47_78,test,80.79299926757812,7.096014022827148,973.4205322265624,34.23102569580078
LS_02535,1,48_78,train,80.82348537445068,7.102266311645508,1007.0103149414062,26.867237091064453
LS_02536,1,48_78,train,80.83655325571695,7.099828720092773,1093.3052978515625,18.780672073364254
LS_02537,1,48_78,train,80.85275868936019,7.09330940246582,1010.265625,27.703929901123047
LS_02540,1,48_78,train,80.84839963043135,7.09804437753795,1261.43115234375,29.869674682617188
LS_02544,1,48_78,train,80.84717285550875,7.091159820556641,1216.90771484375,35.58655548095703
LS_02546,1,48_78,train,80.8486430644989,7.112106323242188,1020.1738891601562,24.565113067626957
LS_02547,1,47_78,test,80.81632295021643,7.1290283203125,487.8296508789063,19.963132858276367
LS_02548,1,47_78,test,80.81765548695631,7.117795235922562,718.414794921875,24.70780372619629
LS_02551,1,48_78,train,80.84933423995972,7.131748199462891,593.4990234375,18.926576614379883
LS_02554,1,48_78,train,80.84296887772899,7.122015392109029,955.7379760742188,27.75934219360352
LS_02555,1,48_78,train,80.83635256025526,7.128593444824219,655.6859130859375,29.606494903564453
LS_02556,1,48_78,train,80.83131017440405,7.124696731567383,592.2078857421875,26.403709411621094
LS_02565,1,50_78,train,81.03915618447697,7.117372512817383,319.5898132324219,22.563255310058597
LS_02571,1,51_78,test,81.1083533498976,7.136543273925781,900.61181640625,26.5250244140625
LS_02577,1,51_78,test,81.09474740028381,7.146087646484375,529.7474365234375,25.269704818725582
LS_02580,1,51_78,test,81.11672680194562,7.146255493164063,1183.95556640625,31.67598342895508
LS_02591,1,51_79,train,81.10561034896156,7.156700134277344,809.9921875,28.250057220458984
LS_02592,1,51_79,train,81.09899374956936,7.151543643889411,597.58447265625,24.517841339111328
LS_02601,1,51_79,train,81.09317337839227,7.153238296508789,460.307861328125,18.90843963623047
LS_02602,1,51_78,test,81.14730930328369,7.10113525390625,1205.6171875,26.660266876220703
LS_02605,1,51_78,test,81.14399113125272,7.094497680664063,1067.462158203125,34.639862060546875
LS_02613,1,51_78,test,81.12920316060385,7.098775863647461,897.7315673828125,29.592788696289062
LS_02615,1,51_78,test,81.11664022718156,7.100042343139648,908.4390869140624,28.172046661376957
LS_02620,1,51_78,test,81.1119626151191,7.106292724609375,803.0283813476562,27.233726501464844
LS_02621,1,51_78,test,81.11298743538234,7.088438034057617,475.4219665527344,23.238096237182617
LS_02622,1,51_78,test,81.10157928466796,7.094587326049805,272.4664611816406,16.943771362304688
LS_02623,1,51_78,test,81.11075496673584,7.124750137329102,835.555908203125,25.42584800720215
LS_02624,1,51_78,test,81.09800910949707,7.131706237792968,450.76751708984375,24.514034271240234
LS_02625,1,51_78,test,81.10015296936035,7.120761871337891,454.1051330566406,21.22910690307617
LS_02626,1,51_78,test,81.10187816619873,7.126855850219727,549.5404052734375,24.775806427001957
LS_02627,1,51_78,test,81.09800552471805,7.1106858013047285,394.9021301269531,24.834793090820312
LS_02628,1,51_78,test,81.10657930374146,7.111368179321289,608.0888671875,25.207984924316406
LS_02630,1,51_78,test,81.1025824546814,7.1059417724609375,409.1365661621094,21.356115341186523
LS_02632,1,50_78,train,81.08730551401774,7.090259552001953,542.778564453125,27.1054801940918
LS_02633,1,49_78,train,80.98519468307495,7.097949981689453,369.4527282714844,17.683643341064453
LS_02634,1,47_78,test,80.74843508402506,7.067190170288086,1809.9979248046875,25.65464401245117
LS_02635,1,47_78,test,80.74891376495361,7.075508117675781,1835.773193359375,26.20725440979004
LS_02638,1,47_78,test,80.74577383561568,7.061893463134766,1854.0126953125,30.058595657348636
LS_02642,1,47_77,val,80.74553108215332,7.047353744506836,1933.673583984375,27.34531784057617
LS_02644,1,47_77,val,80.74515353308783,7.055093765258789,1741.853759765625,30.41936683654785
LS_02646,1,47_77,val,80.75619257776015,7.044586726104017,1441.656982421875,18.06790351867676
LS_02651,1,47_77,val,80.75678482055665,7.054666519165039,1384.5316162109375,24.094133377075195
LS_02656,1,47_78,test,80.7689847946167,7.082143783569336,1535.315185546875,22.050125122070312
LS_02669,1,47_78,test,80.78849673271179,7.085353851318359,953.342529296875,25.1645450592041
LS_02678,1,47_78,test,80.77741050720215,7.068998336791992,1047.3218994140625,31.529890060424805
LS_02685,1,47_78,test,80.78713766733804,7.071611404418945,906.2299194335938,25.940704345703125
LS_02687,1,47_78,test,80.79522075653077,7.058877944946289,1351.3685302734375,24.87158203125
LS_02688,1,47_77,val,80.79944944381714,7.054676055908203,1501.0440673828125,19.325489044189453
LS_02689,1,47_77,val,80.78736644871356,7.0452280691379805,1405.9873046875,30.246749877929688
LS_02691,1,47_77,val,80.77442407608032,7.0454864501953125,1134.205078125,18.977169036865234
LS_02695,1,47_77,val,80.80698617299399,7.055692672729492,1505.546875,20.886898040771484
LS_02696,1,48_78,train,80.8192024230957,7.0885009765625,1172.30615234375,21.40298843383789
LS_02701,1,48_78,train,80.84955374002456,7.084453582763672,1252.058349609375,31.262699127197266
LS_02704,1,48_78,train,80.8500150792739,7.077749252319336,1456.630615234375,22.9224910736084
LS_02706,1,48_78,train,80.844560286578,7.067794799804688,1564.005615234375,12.704362869262695
LS_02707,1,48_78,train,80.84627188806948,7.061845779418945,1579.695556640625,16.764881134033203
LS_02710,1,48_77,train,80.84410095214844,7.052814483642578,1748.297607421875,20.015350341796875
LS_02712,1,48_78,train,80.83386500700303,7.069917678833008,1566.712890625,15.636232376098633
LS_02713,1,48_78,train,80.83606112003326,7.060909271240234,1629.683837890625,20.912353515625
LS_02715,1,48_78,train,80.82388085278555,7.06312998881133,1586.7232666015625,16.959041595458984
LS_02716,1,48_78,train,80.83023250102997,7.083806991577148,1424.7762451171875,21.951505661010746
LS_02718,1,47_78,test,80.81494474411011,7.078145980834961,1158.271240234375,16.706398010253906
LS_02721,1,47_78,test,80.80897331237793,7.075162887573242,1123.419921875,17.806503295898438
LS_02729,1,47_77,val,80.8127965927124,7.053863525390625,1586.771728515625,24.8292236328125
LS_02732,1,48_78,train,80.82701241629465,7.05775260925293,1688.56640625,16.283645629882812
LS_02735,1,48_77,train,80.87429523468018,7.054206848144531,1457.7928466796875,19.113353729248047
LS_02736,1,48_78,train,80.87255054050021,7.059858322143555,1453.8917236328125,20.96034049987793
LS_02740,1,48_78,train,80.85640621185303,7.082389831542969,1341.495849609375,22.329328536987305
LS_02745,1,48_78,train,80.86268107096355,7.080942153930664,1181.877685546875,20.45539093017578
LS_02747,1,48_78,train,80.85918998718262,7.069828033447266,1484.91943359375,26.37057876586914
LS_02750,1,48_78,train,80.8604789013724,7.063757209251844,1582.9146728515625,25.540260314941406
LS_02751,1,48_78,train,80.85612869262695,7.058755874633789,1604.218505859375,12.472007751464844
LS_02752,1,48_78,train,80.87594589820276,7.085092544555664,996.716796875,20.076343536376957
LS_02754,1,48_78,train,80.88918685913086,7.0689697265625,1045.2276611328125,29.97465133666992
LS_02758,1,48_77,train,80.89495086669922,7.056316375732422,870.7489013671875,17.030067443847656
LS_02759,1,48_78,train,80.88802642822266,7.056768417358398,1008.454833984375,27.40927505493164
LS_02760,1,49_78,train,80.94420521599906,7.085903167724609,616.0498657226562,20.94569969177246
LS_02762,1,49_78,train,80.92070073149667,7.083144675882875,953.7825317382812,24.818607330322266
LS_02764,1,49_78,train,80.911542263248,7.07168279315603,803.1480712890625,20.24745750427246
LS_02765,1,49_78,train,80.92725009918213,7.078218460083008,690.8798828125,24.09466552734375
LS_02766,1,49_78,train,80.92259772167876,7.072253952740915,798.3716430664062,25.04881477355957
LS_02767,1,49_78,train,80.93528925455533,7.067541122436523,592.4102172851562,21.519895553588867
LS_02768,1,49_78,train,80.94425787244523,7.078596115112305,736.2020263671875,19.86310195922852
LS_02775,1,49_78,train,80.95462350209554,7.07847785949707,533.3748779296875,24.830368041992188
LS_02777,1,49_78,train,80.95086116790772,7.06898307800293,646.1075439453125,31.89569854736328
LS_02781,1,49_78,train,80.93101024627686,7.089305877685546,603.05615234375,22.005393981933597
LS_02785,1,48_78,train,80.90386127864613,7.057785034179688,868.2560424804688,19.73158264160156
LS_02786,1,49_77,test,80.91825301637869,7.05509686803981,659.52099609375,17.248985290527344
LS_02792,1,49_77,test,80.91605154673258,7.046607971191406,689.0028076171875,27.064498901367188
LS_02793,1,49_78,train,80.98410511016846,7.077848434448242,537.028076171875,19.190475463867188
LS_02795,1,49_78,train,80.96024417877197,7.07484245300293,418.2550048828125,20.18794631958008
LS_02796,1,49_78,train,80.99090801585805,7.068090438842773,756.5420532226562,24.60824966430664
LS_02799,1,49_78,train,80.94921832614475,7.060537338256836,891.348876953125,27.02799224853516
LS_02800,1,49_77,test,80.94676730212043,7.053806304931641,883.4595947265625,14.726568222045898
LS_02801,1,49_78,train,80.96388387680054,7.056577682495117,520.4383544921875,23.315711975097656
LS_02811,1,49_77,test,80.95403909683228,7.055461883544922,739.9985961914062,26.00825309753418
LS_02812,1,49_77,test,80.97568925221762,7.050289154052734,676.0269165039062,23.890350341796875
LS_02814,1,49_78,train,80.96544753180609,7.070920944213867,553.0034790039062,22.739381790161133
LS_02815,1,49_78,train,80.98018278394426,7.082769393920898,426.5509643554688,14.168094635009766
LS_02818,1,49_78,train,80.97228002548218,7.065149307250977,510.2815246582031,20.564849853515625
LS_02822,1,49_77,test,80.9817123413086,7.051931381225586,716.7445068359375,20.563175201416016
LS_02823,1,49_77,test,80.96906667947769,7.052936553955078,543.2548828125,25.052265167236328
LS_02826,1,49_77,test,80.96010947227478,7.046207427978516,576.9940795898438,25.188188552856445
LS_02827,1,49_78,train,80.98163961481166,7.0582122802734375,556.20068359375,21.94034194946289
LS_02833,1,49_78,train,80.98827819824218,7.056804656982422,709.9461669921875,19.370630264282227
LS_02836,1,50_77,train,81.00103616714478,7.049036026000977,1004.3358154296876,32.48383331298828
LS_02837,1,49_77,test,80.99389987521701,7.049802780151367,959.8556518554688,19.378692626953125
LS_02840,1,50_77,train,81.00983344184027,7.049539566040039,963.5086059570312,25.416889190673828
LS_02842,1,50_78,train,81.00187707172634,7.062285726459541,831.755126953125,37.00186538696289
LS_02845,1,50_78,train,81.04387887433404,7.138389485747866,394.363525390625,16.1014461517334
LS_02847,1,50_78,train,81.04018878936768,7.142942428588867,563.3304443359375,31.15213394165039
LS_02850,1,50_79,train,81.08089256286621,7.1569366455078125,280.0844116210937,18.366853713989254
LS_02851,1,52_78,train,81.18435321384005,7.117040634155273,427.4311218261719,18.7545166015625
LS_02852,1,52_78,train,81.21524975034926,7.101467132568359,417.1682434082031,23.725772857666016
LS_02853,1,51_78,test,81.15476197462816,7.108091354370117,1293.69775390625,16.12230682373047
LS_02860,1,50_78,train,81.03421650879773,7.080686569213867,566.5426025390625,22.749736785888672
LS_02864,1,50_78,train,81.0362298488617,7.070095062255859,649.801513671875,23.936662673950195
LS_02866,1,49_78,train,80.99621001879373,7.078800201416016,447.2707824707031,20.455596923828125
LS_02867,1,49_78,train,80.99680455525717,7.071348190307617,629.5680541992188,30.01022720336914
LS_02873,1,50_78,train,81.00434684753418,7.069185256958008,610.7835083007812,19.311426162719727
LS_02881,1,50_78,train,81.00704746246338,7.057062149047852,803.3107299804688,21.479921340942383
LS_02885,1,50_78,train,81.02986827492714,7.064033508300781,776.232177734375,18.519664764404297
LS_02888,1,50_78,train,81.03110949198404,7.058336257934571,879.2498779296875,31.09292984008789
LS_02893,1,50_77,train,81.0238435910927,7.047536420287211,1082.2960205078125,23.594783782958984
LS_02895,1,50_77,train,81.02144321124594,7.05282325160263,1003.6281127929688,23.926891326904297
LS_02898,1,50_78,train,81.02118861076428,7.063309376573791,652.29736328125,26.39030647277832
LS_02905,1,50_78,train,81.01284472147623,7.058668136596679,860.5216064453125,25.560237884521484
LS_02909,1,50_78,train,81.02788305282593,7.0773468017578125,493.4153442382813,20.895082473754883
LS_02912,1,50_77,train,81.02830076217651,7.052532196044922,921.6173706054688,18.99444961547852
LS_02913,1,50_77,train,81.03791813850403,7.051624298095703,1066.279541015625,29.784189224243164
LS_02917,1,50_77,train,81.03383731842041,7.045246124267578,1050.13623046875,22.82683753967285
LS_02920,1,46_76,train,80.70048634211221,6.951122283935547,1449.88427734375,18.946996688842773
LS_02922,1,46_76,train,80.70274194081625,6.957555770874023,1701.791015625,24.62869644165039
LS_02925,1,46_76,train,80.71025186033103,6.945306777954102,1468.1883544921875,20.292755126953125
LS_02929,1,46_76,train,80.69972610473633,6.944972991943359,1327.076416015625,10.209386825561523
LS_02931,1,47_76,train,80.74001095357019,6.951135766127286,1779.30810546875,23.005788803100582
LS_02933,1,47_76,train,80.7397301197052,6.939876556396484,1591.3155517578125,12.057924270629885
LS_02934,1,48_76,train,80.82184278106948,6.9100002510763705,1830.912353515625,15.477121353149414
LS_02935,1,48_76,train,80.8333067771716,6.913684844970703,1496.1461181640625,19.00469017028809
LS_02936,1,49_76,train,80.96232562564728,6.953288012248986,782.7925415039062,27.90782356262207
LS_02940,1,49_76,train,80.95885467529297,6.938331604003906,864.0538330078125,24.92406272888184
LS_02947,1,49_76,train,80.95303541819254,6.935752868652344,837.6461791992188,28.16179656982422
LS_02951,1,50_76,val,81.01432580947876,6.952539443969727,983.3753662109376,29.5471305847168
LS_02952,1,50_76,val,81.05648040771484,6.950689315795898,855.6365966796875,20.627487182617188
LS_02954,1,50_76,val,81.06024174690246,6.944976806640625,868.7378540039062,22.883621215820312
LS_02955,1,54_75,train,81.39784248669943,6.862627029418945,407.2571716308594,31.591297149658203
LS_02956,1,49_76,train,80.9472427368164,6.911970138549805,994.3047485351562,26.47964096069336
LS_02957,1,49_76,train,80.98191952187227,6.8956495665484425,1199.645263671875,13.43047046661377
LS_02958,1,49_76,train,80.95602416992188,6.892698287963867,1001.2188720703124,24.96797561645508
LS_02959,1,48_76,train,80.86290862825182,6.895292282104492,1291.9547119140625,22.0503044128418
LS_02960,1,48_76,train,80.84861119588217,6.90864372253418,1293.222412109375,19.55725860595703
LS_02962,1,48_76,train,80.83480357422548,6.896663665771484,1585.4052734375,25.66193008422852
LS_02967,1,48_76,train,80.84029706319174,6.890583038330078,1468.921630859375,32.441184997558594
LS_02975,1,48_76,train,80.82606983184814,6.893510818481445,1630.9769287109375,21.95983123779297
LS_02976,1,47_76,train,80.78053555995858,6.888136729374578,1777.8699951171875,20.944801330566406
LS_02978,1,47_76,train,80.77783718109131,6.910163879394531,1983.9234619140625,21.781593322753903
LS_02981,1,47_76,train,80.76953053474426,6.89085578918457,1694.78662109375,19.12240219116211
LS_02982,1,47_76,train,80.76053352355957,6.89207649230957,1613.2889404296875,26.64847183227539
LS_02986,1,47_76,train,80.75392525536674,6.89399528503418,1551.460205078125,29.13199806213379
LS_02987,1,46_75,val,80.72764921188354,6.875530242919922,1550.098388671875,18.28665351867676
LS_02988,1,47_75,train,80.74282196684,6.8720119813998926,1684.582763671875,15.89157009124756
LS_02989,1,53_75,train,81.28516781951282,6.852880987994729,353.77459716796875,9.752538681030272
LS_02990,1,49_75,test,80.95189247131347,6.859888076782227,1113.441650390625,22.88864517211914
LS_02991,1,48_75,test,80.84161631228963,6.854281253840542,1784.27587890625,29.437610626220703
LS_02992,1,46_75,val,80.67655112526634,6.812318801879883,1393.0450439453125,14.344354629516602
LS_02993,1,48_75,test,80.84182825922144,6.812959476605112,1967.08203125,18.39563369750977
LS_02994,1,50_75,test,81.04041116887873,6.821775436401367,1130.8419189453125,22.298805236816406
LS_02999,1,48_81,val,80.86709894452775,7.372674942016602,909.2569580078124,18.31485366821289
LS_03025,1,48_81,val,80.87931227684021,7.387340545654297,968.0943603515624,17.593547821044922
LS_03027,1,48_81,val,80.82481575012207,7.358299255371094,1247.302490234375,12.795758247375488
LS_03033,1,48_81,val,80.84438451131186,7.392374038696289,836.1761474609375,26.292495727539062
LS_03035,1,48_81,val,80.84169960021973,7.385923385620117,878.370849609375,24.952804565429688
LS_03036,1,48_81,val,80.83503079414368,7.385677337646484,936.31103515625,30.554765701293945
LS_03037,1,47_81,train,80.7972960472107,7.3776702880859375,1144.3905029296875,28.282445907592773
LS_03040,1,47_81,train,80.8031188249588,7.354804992675781,1335.607421875,25.416894912719727
LS_03041,1,47_81,train,80.79272409585806,7.357791900634766,1132.198486328125,19.02576446533203
LS_03044,1,48_81,val,80.8523907104096,7.399995803833008,658.793212890625,18.16440200805664
LS_03048,1,48_81,val,80.8786985874176,7.4179534912109375,1005.910888671875,30.368621826171875
LS_03051,1,48_78,train,80.90582055311937,7.136035919189453,806.817626953125,27.171539306640625
LS_03052,1,50_79,train,81.01475286483765,7.162021636962892,175.07546997070312,15.143967628479004
LS_03053,1,50_79,train,81.02542736416771,7.156360626220703,272.11083984375,18.89996719360352
LS_03054,1,50_79,train,81.0350104967753,7.151657104492188,731.5838012695312,22.743209838867188
LS_03055,1,50_79,train,81.08585279638118,7.152473449707031,306.48150634765625,18.083648681640625
LS_03056,1,47_76,train,80.76676359176636,6.924915313720703,1987.4508056640625,20.35628890991211
LS_03060,1,50_77,train,81.0177993774414,7.029541015625,1178.21875,21.20745849609375
LS_03065,1,50_77,train,81.0275514125824,7.028636932373047,974.4180297851562,27.95414161682129
LS_03084,1,48_77,train,80.90658577283224,7.0438232421875,894.9229736328125,16.886838912963867
LS_03087,1,48_77,train,80.89941024780273,7.020925521850586,1266.2760009765625,22.084228515625
LS_03096,1,49_77,test,80.97311687469482,7.044681549072266,781.669189453125,22.402812957763672
LS_03107,1,49_77,test,80.94690036773682,7.041084289550782,930.0064697265624,20.66841506958008
LS_03111,1,49_77,test,80.95752000808716,7.0402374267578125,637.75927734375,24.83501243591309
LS_03139,1,49_77,test,80.95409970283508,7.029552459716797,798.7206420898438,25.073841094970703
LS_03142,1,49_77,test,80.96607208251953,7.028606414794922,653.8469848632812,22.58526039123535
LS_03144,1,48_77,train,80.90654730796814,7.024238586425781,953.1557006835938,30.82593536376953
LS_03162,1,50_77,train,81.00890445709229,7.018585205078125,1067.794189453125,20.75570678710937
LS_03168,1,49_77,test,80.96996426582336,7.019077301025391,737.5516357421875,20.45176315307617
LS_03170,1,49_77,test,80.99058175086975,7.013866424560546,833.48974609375,22.013187408447266
LS_03188,1,49_77,test,80.96178504398891,7.009515762329102,691.366943359375,27.21059799194336
LS_03194,1,49_77,test,80.95442295074463,7.006540298461914,978.8536376953124,29.066295623779297
LS_03200,1,49_77,test,80.95275783538818,7.015220642089844,767.982177734375,21.168758392333984
LS_03234,1,50_77,train,81.07673025131226,7.009057998657226,1082.33984375,18.83313369750977
LS_03244,1,46_77,train,80.71708869934082,7.039152145385742,1726.138671875,23.948429107666016
LS_03246,1,48_77,train,80.84379539489746,7.040365219116211,1969.851318359375,22.23554992675781
LS_03249,1,48_77,train,80.84666991233826,7.034305572509766,1837.206298828125,22.15639877319336
LS_03257,1,51_77,train,81.1584300994873,7.0350189208984375,1321.72314453125,13.985187530517578
LS_03261,1,50_77,train,81.08440971374512,7.032325744628906,592.999755859375,16.68407440185547
LS_03267,1,51_77,train,81.17424082756042,7.029720306396484,1398.9520263671875,12.203950881958008
LS_03268,1,49_77,test,80.93238830566406,7.001924514770508,1133.096923828125,24.241622924804688
LS_03271,1,47_77,val,80.74286766052246,7.034168243408203,1883.425048828125,18.927976608276367
LS_03275,1,47_77,val,80.75023460388184,7.028696060180664,1898.041015625,25.861194610595703
LS_03276,1,47_77,val,80.74008393287659,7.02783203125,2038.110595703125,20.73566436767578
LS_03303,1,47_77,val,80.79505825042725,7.034942626953125,1522.7099609375,28.51231002807617
LS_03331,1,47_77,val,80.77838206291199,7.037590026855469,1222.0447998046875,20.543601989746094
LS_03348,1,47_77,val,80.78967634836832,7.032554626464844,1347.31005859375,15.441082954406738
LS_03354,1,47_77,val,80.79162510236105,7.026535034179688,1477.153076171875,28.563018798828125
LS_03361,1,47_77,val,80.79503345489502,7.02052116394043,1886.306640625,22.028181076049805
LS_03365,1,52_77,test,81.2490701675415,7.03654670715332,505.1228942871094,17.94335174560547
LS_03371,1,52_77,test,81.21264266967773,7.031789779663086,847.018310546875,16.431034088134766
LS_03373,1,50_77,train,81.07156181335449,7.030755996704102,638.70556640625,17.53652572631836
LS_03389,1,49_77,test,80.98663091659546,7.006093978881836,745.74365234375,23.322338104248047
LS_03390,1,49_77,test,80.98119596334604,7.003593444824219,608.6015014648438,20.822948455810547
LS_03415,1,50_77,train,81.04533195495605,7.040586471557617,871.40966796875,25.6602725982666
LS_03430,1,50_77,train,81.06997728347778,7.015842437744141,902.0316162109376,26.69023895263672
LS_03452,1,50_78,train,81.03999283200218,7.083803176879883,476.7476806640625,19.548900604248047
LS_03460,1,50_78,train,81.04924030303955,7.073963165283203,357.4042053222656,13.830263137817385
LS_03466,1,50_78,train,81.04326261792863,7.073389053344727,515.8887939453125,23.71173477172852
LS_03483,1,50_78,train,81.0503568649292,7.063505172729492,437.9490051269531,20.078584671020508
LS_03495,1,50_78,train,81.0813647111257,7.059181213378906,629.66943359375,19.089519500732425
LS_03497,1,50_78,train,81.04218983650208,7.058521270751953,758.1553344726562,22.05056571960449
LS_03506,1,50_77,train,81.05175669987997,7.050931930541992,542.9007568359375,23.814353942871094
LS_03517,1,51_78,test,81.10745207468668,7.084564208984375,281.71148681640625,16.677762985229492
LS_03519,1,51_78,test,81.09536457061768,7.081508636474609,444.9664611816406,20.76961708068848
LS_03526,1,51_78,test,81.10336701075235,7.077695846557617,324.72900390625,18.121864318847656
LS_03534,1,51_78,test,81.0911922454834,7.076480865478516,712.453369140625,25.831748962402344
LS_03541,1,51_78,test,81.09474074840546,7.069381713867188,813.9595947265625,36.82319259643555
LS_03546,1,51_78,test,81.10039615631104,7.071577072143555,518.0537719726562,21.488624572753903
LS_03547,1,51_78,test,81.12514877319336,7.065296173095703,414.13616943359375,28.150123596191406
LS_03550,1,50_78,train,81.0878677368164,7.063543319702148,874.1231689453125,26.800168991088867
LS_03557,1,51_78,test,81.10135459899902,7.060127258300781,712.3717041015625,29.123519897460938
LS_03563,1,51_77,train,81.09601712226868,7.056354522705078,939.1039428710938,29.43687057495117
LS_03570,1,51_77,train,81.12811183929443,7.053800582885742,717.119873046875,29.4251651763916
LS_03595,1,51_77,train,81.09739017486572,7.050466537475586,1016.2294921875,23.80957794189453
LS_03597,1,50_77,train,81.0869677066803,7.048492431640625,811.5509643554688,20.250267028808597
LS_03602,1,51_78,test,81.1467567284902,7.085689544677734,1061.8546142578125,35.05915451049805
LS_03606,1,51_78,test,81.13139237676347,7.084789276123047,490.3896484375,21.486003875732425
LS_03625,1,51_78,test,81.15948700904846,7.080253601074219,946.8226928710938,20.47926902770996
LS_03626,1,51_78,test,81.14028072357178,7.077070236206055,566.157958984375,20.788471221923828
LS_03642,1,51_78,test,81.15128135681152,7.072160720825195,681.1947021484375,20.759567260742188
LS_03653,1,51_78,test,81.15894889831543,7.070014953613281,866.761962890625,20.448566436767575
LS_03656,1,51_78,test,81.1342715008158,7.069705963134766,533.3912353515625,26.209247589111328
LS_03662,1,51_78,test,81.14459460122245,7.067539215087891,646.2020263671875,29.538589477539062
LS_03676,1,51_78,test,81.13256015777588,7.0641727447509775,642.2166748046875,27.138896942138672
LS_03680,1,51_78,test,81.1519595781962,7.065832138061523,752.9437255859375,30.652315139770508
LS_03683,1,51_78,test,81.1390495300293,7.063995361328125,780.5183715820312,22.905029296875
LS_03699,1,51_77,train,81.14342621394566,7.054695129394531,1021.7286376953124,28.837371826171875
LS_03707,1,51_77,train,81.13718795776367,7.05232048034668,1066.35498046875,32.691368103027344
LS_03708,1,51_78,test,81.15892132014935,7.057400077467662,1076.34326171875,22.908143997192383
LS_03717,1,51_77,train,81.15547037124634,7.0501670837402335,1240.199462890625,25.100666046142575
LS_03728,1,51_77,train,81.14895343780518,7.046916961669922,1187.63330078125,27.826948165893555
LS_03733,1,51_77,train,81.1409126917521,7.04414176940918,805.317626953125,29.42259979248047
LS_03735,1,51_78,test,81.12335332234701,7.087839126586914,545.5861206054688,22.02216911315918
LS_03744,1,51_78,test,81.1531753540039,7.082456588745117,975.5853271484376,27.72302627563477
LS_03745,1,51_78,test,81.12406635284424,7.081998825073242,378.97064208984375,13.009421348571776
LS_03775,1,51_78,test,81.15249991416931,7.057395935058594,1122.026611328125,25.20318984985352
LS_03788,1,51_77,train,81.15941524505615,7.043952941894531,1299.0545654296875,18.781871795654297
LS_03792,1,52_78,train,81.21738719940186,7.07451057434082,670.1213989257812,23.27066993713379
LS_03794,1,52_78,train,81.2203254699707,7.069065093994141,745.7164306640625,20.409326553344727
LS_03795,1,53_77,test,81.33511543273926,7.040901184082031,222.6251220703125,11.946815490722656
LS_03796,1,53_77,test,81.32760270436606,7.037761688232422,286.57720947265625,15.91464138031006
LS_03799,1,53_77,test,81.33284568786621,7.027797698974609,361.1516723632813,20.742504119873047
LS_03812,1,51_77,train,81.1534788608551,7.041450500488281,1309.73291015625,18.357879638671875
LS_03826,1,51_77,train,81.1496057510376,7.034357070922852,1175.594482421875,29.86362075805664
LS_03829,1,51_77,train,81.14358425140381,7.031024932861328,773.3895874023438,30.69778823852539
LS_03837,1,51_77,train,81.16244602203369,7.026885986328125,1297.76953125,17.907241821289062
LS_03839,1,51_77,train,81.15483840306601,7.026264190673828,1072.3612060546875,30.53306198120117
LS_03841,1,51_77,train,81.13988637924194,7.024925231933594,578.9339599609375,26.777814865112305
LS_03857,1,51_77,train,81.14895820617676,7.022132873535156,840.8154296875,30.137371063232425
LS_03860,1,51_77,train,81.1617784500122,7.017728805541992,1321.2890625,14.494973182678224
LS_03861,1,51_77,train,81.14774070467269,7.015529632568359,804.8133544921875,30.399822235107425
LS_03869,1,51_77,train,81.1341028213501,7.00947380065918,571.6453857421875,23.60604858398437
LS_03884,1,51_77,train,81.14297996248519,7.002773284912109,523.5996704101562,17.12116813659668
LS_03885,1,51_77,train,81.12997388839722,7.003894805908203,819.6622314453125,25.68100929260254
LS_03887,1,51_77,train,81.13539187113443,7.0014286041259775,713.94287109375,26.262401580810547
LS_03894,1,51_77,train,81.10134696960449,7.041893005371094,1048.63037109375,22.603900909423828
LS_03895,1,51_77,train,81.1083952585856,7.04315185546875,793.8631591796875,24.636688232421875
LS_03899,1,51_77,train,81.09508895874023,7.041543960571289,905.3643798828124,23.469785690307617
LS_03903,1,51_77,train,81.11652355194092,7.041219711303711,547.991455078125,23.412904739379883
LS_03907,1,51_77,train,81.12406635284424,7.042291641235352,389.9353637695313,19.67119598388672
LS_03920,1,51_77,train,81.12812805175781,7.0372314453125,423.57757568359375,22.23648834228516
LS_03924,1,51_77,train,81.11364618937175,7.035112380981445,831.8020629882812,25.393510818481445
LS_03925,1,51_77,train,81.10024147033691,7.034797668457031,975.481689453125,23.76148223876953
LS_03932,1,51_77,train,81.12649130821228,7.031166076660156,527.0877685546875,23.33048248291016
LS_03933,1,51_77,train,81.12069718043008,7.030263900756836,714.5919189453125,19.06328010559082
LS_03938,1,51_77,train,81.12468814849854,7.020336151123047,865.2919311523438,22.262300491333008
LS_03943,1,51_77,train,81.10462188720703,7.018547058105469,1070.034912109375,20.46594619750977
LS_03946,1,50_77,train,81.0899507522583,7.01646614074707,966.3599853515624,20.00103759765625
LS_03947,1,51_77,train,81.09617869059244,7.016023635864258,1010.2216796875,17.43271827697754
LS_03948,1,51_77,train,81.11203175499325,7.0188541412353525,921.38232421875,20.14727783203125
LS_03951,1,51_77,train,81.12499364217123,7.014326095581055,911.9599609375,21.72265243530273
LS_03962,1,51_77,train,81.09451389312744,7.005151748657227,963.7886962890624,18.28915405273437
LS_03966,1,51_77,train,81.12402439117432,7.001064300537109,1145.7330322265625,27.215940475463867
LS_03968,1,50_77,train,81.07023938496908,7.044948577880859,483.6715698242188,20.903074264526367
LS_03983,1,50_77,train,81.08014464378357,7.039737701416016,578.92578125,20.830581665039062
LS_03986,1,50_77,train,81.06110048294067,7.039287567138672,422.9943237304688,19.85772705078125
LS_03991,1,50_77,train,81.05053976603917,7.037990570068359,594.84765625,17.551557540893555
LS_03996,1,50_77,train,81.04234762191773,7.03363037109375,754.9542236328125,25.53261375427246
LS_03997,1,50_77,train,81.05574954183479,7.031152725219727,462.02294921875,19.74966812133789
LS_03998,1,50_77,train,81.07622882298061,7.019039154052734,966.26611328125,31.32530212402344
LS_04023,1,50_77,train,81.03567504882812,7.025896072387695,689.789794921875,18.841856002807617
LS_04027,1,50_77,train,81.01937212262834,7.018587112426758,975.6927490234376,11.656282424926758
LS_04030,1,50_77,train,81.01654161725725,7.000616073608398,1021.8235473632812,21.261859893798828
LS_04041,1,49_77,test,80.97912737528483,7.030305862426758,841.2735595703125,18.045249938964844
LS_04046,1,49_77,test,80.97256592341832,7.012836456298827,693.4788818359375,22.360231399536133
LS_04054,1,49_77,test,80.96817207336426,7.002946853637695,726.9243774414062,21.77633285522461
LS_04063,1,49_77,test,80.94422928492227,7.003305435180664,986.3934326171876,21.33432006835937
LS_04073,1,48_77,train,80.89810371398926,7.03143310546875,986.4161987304688,29.575197219848636
LS_04074,1,47_77,val,80.81864743232727,7.027482986450195,1892.361572265625,18.29666519165039
LS_04076,1,47_77,val,80.81280255317688,7.022674560546875,1987.973388671875,13.995993614196776
LS_04077,1,48_77,train,80.88372707366943,7.020193099975586,1321.6536865234375,18.64852523803711
LS_04078,1,48_77,train,80.87478923797607,7.0203857421875,1408.1943359375,18.09706115722656
LS_04079,1,48_77,train,80.89612579345703,7.012519836425781,1176.665283203125,18.524044036865234
LS_04080,1,48_77,train,80.82007646560669,7.011674880981445,1975.0577392578125,20.245813369750977
LS_04082,1,48_77,train,80.89819240570068,7.005832672119141,1121.653076171875,22.04873275756836
LS_04087,1,47_77,val,80.79250240325928,7.040546417236328,1596.4061279296875,33.144775390625
LS_04091,1,47_77,val,80.78692944844563,7.038482666015625,1316.132080078125,20.39139938354492
LS_04096,1,47_77,val,80.7619981765747,7.026945114135742,1902.679443359375,19.58848571777344
LS_04097,1,47_77,val,80.767937819163,7.025503158569336,1873.802001953125,22.44866752624512
LS_04104,1,47_77,val,80.79834175109863,7.014982223510742,2098.888671875,17.33515739440918
LS_04105,1,47_77,val,80.77996563911438,7.014453887939453,1910.488037109375,30.509151458740234
LS_04106,1,47_77,val,80.76589012145996,7.01423454284668,1976.0018310546875,36.58417510986328
LS_04118,1,47_77,val,80.77824211120605,7.008295059204103,2273.980224609375,29.676908493041992
LS_04120,1,47_77,val,80.76346826553345,7.007850646972656,2190.826171875,33.06672668457031
LS_04128,1,47_77,val,80.79084300994873,6.999277114868164,2207.830078125,20.09635353088379
LS_04130,1,46_77,train,80.7160551071167,6.998146057128906,1669.436279296875,16.21338653564453
LS_04132,1,47_77,val,80.73161443074545,6.995988845825195,1888.1131591796875,18.459247589111328
LS_04138,1,48_77,train,80.88080358505249,6.99388313293457,1450.35107421875,27.577167510986328
LS_04140,1,47_77,val,80.7832543849945,6.990741729736328,2293.3642578125,16.59457778930664
LS_04144,1,47_77,val,80.77723121643066,6.979362487792969,2050.17626953125,20.19327735900879
LS_04146,1,47_77,val,80.81720161437988,6.978969573974609,1995.867919921875,10.62063980102539
LS_04147,1,48_77,train,80.84102725982666,6.975065231323242,1779.3243408203125,18.35598373413086
LS_04148,1,47_77,val,80.75822944641114,6.972677230834961,2004.2598876953125,17.959890365600586
LS_04149,1,49_77,test,80.9111328125,6.97258186340332,1231.75439453125,20.95771026611328
LS_04150,1,48_77,train,80.89863777160645,6.970746994018555,1373.784912109375,14.4537935256958
LS_04158,1,46_76,train,80.71043968200684,6.960418701171875,1869.2720947265625,20.801271438598636
LS_04162,1,49_77,test,80.97599067687989,7.00062370300293,679.838134765625,22.10246086120605
LS_04170,1,51_77,train,81.11504141489664,6.998594284057617,1118.5074462890625,19.59723663330078
LS_04174,1,51_77,train,81.13099727630615,6.997121810913086,911.0540161132812,24.77998352050781
LS_04176,1,51_77,train,81.12213659286499,6.994192123413086,1250.43994140625,18.85414123535156
LS_04178,1,49_77,test,80.95940735226586,6.992713928222656,1069.7193603515625,28.464710235595703
LS_04180,1,49_77,test,80.94802188873291,6.992486953735352,1190.52294921875,22.7644157409668
LS_04182,1,50_77,train,81.02130126953125,6.992002487182617,962.7909545898438,22.013015747070312
LS_04184,1,49_77,test,80.97571309407552,6.989084243774414,770.3902587890625,12.66015338897705
LS_04185,1,50_77,train,81.03544990221658,6.979686737060547,984.7734375,18.74940299987793
LS_04188,1,51_77,train,81.10974049568176,6.973533630371094,872.0283203125,18.05522727966309
LS_04190,1,49_77,test,80.99049015045166,6.971736907958984,831.844482421875,22.21245384216309
LS_04191,1,49_77,test,80.97553372383118,6.972057342529297,698.8426513671875,28.067951202392575
LS_04194,1,51_77,train,81.11383652687073,6.968460083007812,958.2012939453124,18.432636260986328
LS_04195,1,50_77,train,81.011559009552,6.967426300048828,1002.1500244140624,22.67662048339844
LS_04202,1,51_76,test,81.13090658187866,6.962306976318359,970.1481323242188,20.06689453125
LS_04211,1,51_77,train,81.13740491867065,6.99378776550293,895.6673583984375,24.984737396240234
LS_04215,1,51_77,train,81.1448221206665,6.992893218994141,583.17919921875,21.181570053100582
LS_04217,1,52_77,test,81.21865542729697,6.991994857788086,751.6580810546875,25.59946060180664
LS_04220,1,51_77,train,81.15156030654907,6.983314514160156,582.9601440429688,17.003448486328125
LS_04222,1,44_79,train,80.52058539769254,7.182964138970135,429.8971557617188,23.462839126586918
LS_04224,1,44_79,train,80.54080589508419,7.171608954473442,704.6814575195312,28.107234954833984
NEG00000,0,42_79,train,80.33851904596158,7.226569635417856,249.12759399414065,10.575109481811523
NEG00001,0,46_84,val,80.6562799019373,7.637471580565116,328.8966064453125,18.518579483032227
NEG00002,0,50_75,test,81.02159184493,6.853423545595261,1077.3612060546875,19.581880569458008
NEG00003,0,44_81,train,80.46074629996858,7.405374806706724,172.49070739746094,5.704535484313965
NEG00004,0,43_74,train,80.39029178602102,6.762554175737358,97.33126831054688,10.78529930114746
NEG00005,0,43_80,val,80.37433631100667,7.277106685254067,144.99365234375,10.636180877685549
NEG00006,0,46_84,val,80.653854535594,7.612593269618775,324.8537292480469,12.326740264892578
NEG00007,0,45_80,val,80.56945954388696,7.28830465704108,576.9501342773438,13.28633975982666
NEG00008,0,41_75,val,80.19470957279842,6.8555429127066505,136.85350036621094,10.965656280517578
NEG00009,0,44_74,val,80.50935282848104,6.71349577611669,297.80694580078125,16.482994079589844
NEG00010,0,43_77,train,80.40831771952554,7.031077812438923,415.1158447265625,19.403823852539062
NEG00011,0,49_75,test,80.96706735876762,6.833889255214552,1223.520263671875,21.774059295654297
NEG00012,0,42_76,val,80.31166797708654,6.9449662656490645,210.9410858154297,15.274943351745604
NEG00013,0,44_74,val,80.4858338344691,6.745527215729505,392.9103393554688,8.389497756958008
NEG00014,0,43_81,test,80.45445128012052,7.372286340736127,304.8608093261719,13.005658149719238
NEG00015,0,46_79,test,80.68988539477445,7.224681277846128,731.146240234375,21.191139221191406
NEG00016,0,43_79,train,80.4037862638959,7.191669530025078,741.16357421875,25.246522903442383
NEG00017,0,49_78,train,80.97518809815422,7.095593160315284,397.9869384765625,21.538209915161133
NEG00018,0,49_79,val,80.98033975764639,7.201115876473958,154.72021484375,11.148109436035156
NEG00019,0,44_77,train,80.51764687268118,7.033455712122203,624.011962890625,10.949254989624023
NEG00020,0,44_78,train,80.52611982789364,7.088576221292074,851.580322265625,15.3185453414917
NEG00021,0,44_76,test,80.51580483719277,6.878434025243017,987.960205078125,14.617668151855469
NEG00022,0,52_77,test,81.19172270407657,7.015857025956388,920.560791015625,20.38493537902832
NEG00023,0,42_81,test,80.30833049390674,7.351932848197962,77.61968994140625,3.537989377975464
NEG00024,0,43_78,val,80.37571866651251,7.145571632533272,245.62814331054688,12.24070644378662
NEG00025,0,50_79,train,81.05333399903613,7.176657063731195,137.70370483398438,7.21663761138916
NEG00026,0,46_76,train,80.67683536205391,6.95600942633946,1345.58935546875,10.768741607666016
NEG00027,0,52_77,test,81.211889619992,6.982116329599656,655.393798828125,15.367795944213867
NEG00028,0,49_81,val,80.96100650837026,7.354902612960759,98.01637268066406,6.907522678375244
NEG00029,0,41_80,test,80.18498473069934,7.305736489418855,90.8496322631836,9.636895179748535
NEG00030,0,50_76,val,81.07263110920526,6.895343551677811,1013.7412109375,19.276782989501957
NEG00031,0,40_75,train,80.14299919799166,6.8115083574827615,45.56439208984375,6.59532642364502
NEG00032,0,46_75,val,80.68683316817781,6.798542611451966,1340.1480712890625,9.425823211669922
NEG00033,0,44_74,val,80.47720091849372,6.729902153871438,442.6124877929688,14.433100700378418
NEG00034,0,50_81,test,81.00864758967917,7.37926938342121,148.85296630859375,14.799314498901367
NEG00035,0,45_77,train,80.56861112285156,7.052952676458989,798.7042846679688,18.629528045654297
NEG00036,0,48_84,train,80.88156190713241,7.67404201983918,168.77725219726562,9.294748306274414
NEG00037,0,53_77,test,81.31592253238007,7.030078773445983,247.41476440429688,7.690693378448486
NEG00038,0,44_77,train,80.54439489314733,7.005782838188658,860.4359741210938,16.15521240234375
NEG00039,0,42_76,val,80.34065297196209,6.909822470580308,99.0511245727539,7.463654518127441
NEG00040,0,40_75,train,80.13054721818888,6.839766328905059,56.84259414672852,10.93290901184082
NEG00041,0,48_78,train,80.89948094090666,7.07467136249237,922.1395874023438,21.51154327392578
NEG00042,0,46_88,val,80.68278522591456,8.05059785667732,157.19113159179688,2.0950870513916016
NEG00043,0,53_78,test,81.33904758535532,7.057773756035672,386.7519226074219,23.9715633392334
NEG00044,0,42_79,train,80.27609787864967,7.181071592031044,145.78103637695312,13.97007656097412
NEG00045,0,48_79,train,80.90348861919679,7.207716532076434,240.78204345703125,8.106443405151367
NEG00046,0,44_82,val,80.4678921422644,7.4447860136296145,149.18365478515625,4.019936561584473
NEG00047,0,44_78,train,80.53318728051492,7.075511100995793,712.88427734375,16.867923736572266
NEG00048,0,41_80,test,80.19115293587274,7.306748156958059,59.65413665771485,6.014119625091553
NEG00049,0,50_82,val,81.00981258162555,7.42666681010741,87.60594177246094,1.8353365659713743
NEG00050,0,46_84,val,80.70714700850662,7.651022083573642,231.44320678710935,10.634233474731444
NEG00051,0,43_83,train,80.36905520154164,7.542795038125386,106.87834167480467,2.6592135429382324
NEG00052,0,45_79,train,80.59105976047336,7.207036498260707,506.7344665527344,11.815903663635254
NEG00053,0,48_75,test,80.84723103067212,6.86663823018881,1483.00048828125,22.45071029663086
NEG00054,0,42_79,train,80.34829177833274,7.217459157265418,230.7792053222656,12.794086456298828
NEG00055,0,51_76,test,81.13474017594835,6.881429057411024,1273.843994140625,15.98347282409668
NEG00056,0,41_77,train,80.24974155070926,7.025700779864355,164.3101806640625,21.93816947937012
NEG00057,0,43_83,train,80.3911618214245,7.527583769117908,121.90982818603516,4.332218647003174
NEG00058,0,43_80,val,80.45032189181597,7.239086951622901,217.0064697265625,7.5894598960876465
NEG00059,0,41_79,test,80.25148279893769,7.205405731693784,121.36213684082033,12.593286514282228
NEG00060,0,43_80,val,80.40871013623618,7.2921473687171,126.94358825683594,13.605966567993164
NEG00061,0,52_78,train,81.26870212619679,7.064350743857839,234.31797790527344,5.778559684753418
NEG00062,0,42_79,train,80.34073945730158,7.149325332275506,295.2674865722656,10.091703414916992
NEG00063,0,48_77,train,80.86653671252031,7.039301329263969,1521.9068603515625,12.809115409851074
NEG00064,0,42_78,train,80.32970210250951,7.083601543096278,162.87936401367188,20.62975311279297
NEG00065,0,49_76,train,80.92757790588769,6.930132740436168,1125.2735595703125,9.537933349609377
NEG00066,0,52_78,train,81.22669566829057,7.110292664474152,251.3397979736328,6.936620712280273
NEG00067,0,45_82,train,80.6353376036195,7.452460766982723,405.7236328125,12.195878028869627
NEG00068,0,42_81,test,80.27921702067775,7.384873349171974,94.29792022705078,5.745726585388184
NEG00069,0,42_78,train,80.28869502560012,7.146095432346623,46.01240539550781,6.9322509765625
NEG00070,0,52_77,test,81.21303282475834,6.966930472300207,547.366455078125,16.287233352661133
NEG00071,0,44_81,train,80.50929651721549,7.376404075898251,262.59429931640625,8.559106826782227
NEG00072,0,44_75,test,80.50846035167626,6.870857288305591,1324.939697265625,26.977954864501957
NEG00073,0,51_76,test,81.11171923650045,6.950979469818742,1444.94140625,25.666030883789062
NEG00074,0,50_74,train,81.02103865340749,6.782872050750855,1781.5863037109375,19.105712890625
NEG00075,0,50_77,train,81.00840756111026,6.991936678979144,925.844482421875,15.56920337677002
NEG00076,0,42_83,train,80.30713811366834,7.584010140194179,88.64411163330078,2.978184700012207
NEG00077,0,54_75,train,81.36929577008199,6.861141805003781,508.0475158691406,24.06304168701172
NEG00078,0,43_74,train,80.43246794249974,6.772958721911412,177.00747680664062,19.023378372192383
NEG00079,0,45_79,train,80.58129387769898,7.152497485996293,515.8793334960938,13.532153129577637
NEG00080,0,40_79,train,80.1527418446801,7.169098988622797,82.07152557373047,11.32781219482422
NEG00081,0,44_79,train,80.46067499079042,7.160596697411729,247.8194732666016,12.855182647705078
NEG00082,0,48_84,train,80.8875600141501,7.606433089062359,163.23855590820312,8.807769775390625
NEG00083,0,43_77,train,80.39491659264041,7.021087086099255,367.8435974121094,17.789352416992188
NEG00084,0,49_75,test,80.97853874778559,6.788012190809644,1628.880859375,17.346036911010742
NEG00085,0,46_81,train,80.651676838543,7.359506351248993,523.1129150390625,13.6309175491333
NEG00086,0,42_81,test,80.27896429856447,7.403351858357746,103.23329162597656,5.897988319396973
NEG00087,0,45_75,train,80.54911018169595,6.872675194377076,1372.847412109375,16.45566177368164
NEG00088,0,54_75,train,81.42759667053237,6.854182488948405,164.8309326171875,7.422934055328369
NEG00089,0,43_84,test,80.45088441971498,7.661914478649051,124.91165161132812,3.725689888000488
NEG00090,0,45_76,test,80.63347354038687,6.942971204238685,1269.72802734375,10.67677116394043
NEG00091,0,47_80,train,80.73285238915788,7.281987349261686,523.5947265625,9.317829132080078
NEG00092,0,46_85,val,80.68172426093949,7.74165516710767,257.67529296875,9.378873825073242
NEG00093,0,47_76,train,80.73223237095792,6.89586338382701,1381.9857177734375,15.597403526306152
NEG00094,0,52_79,test,81.18944884313773,7.153387321594666,281.24383544921875,6.096797943115234
NEG00095,0,48_77,train,80.82712296150143,6.997063013459546,1952.363037109375,12.93012809753418
NEG00096,0,49_76,train,80.93191034798937,6.944069998517867,1074.2828369140625,18.01852035522461
NEG00097,0,46_85,val,80.69748981348903,7.770342109455575,404.873046875,21.391008377075195
NEG00098,0,44_78,train,80.50394530456244,7.13071920091498,579.5469360351562,29.44227600097656
NEG00099,0,46_74,val,80.67475619573585,6.7810115316659045,1546.379638671875,14.491918563842772
NEG00100,0,41_80,test,80.18804435109546,7.288264902575949,80.80752563476562,7.925619602203369
NEG00101,0,49_81,val,80.99709536529603,7.393371280923874,148.29275512695312,21.855525970458984
NEG00102,0,47_79,train,80.77433505715189,7.233742856794961,602.074462890625,19.742450714111328
NEG00103,0,46_78,val,80.70619039483495,7.078930376478231,1608.8984375,13.36727809906006
NEG00104,0,43_83,train,80.38617369957488,7.551087817600727,112.50505065917967,3.67873215675354
NEG00105,0,48_84,train,80.87176162720411,7.605268200913181,420.6362609863281,17.50323486328125
NEG00106,0,48_76,train,80.87279574401444,6.877872156305076,1137.486328125,12.99778938293457
NEG00107,0,47_81,train,80.76113154122315,7.397673276632666,795.904052734375,16.041561126708984
NEG00108,0,39_72,train,80.02262686338022,6.575138966012279,22.089637756347656,7.060579776763916
NEG00109,0,43_84,test,80.40017711473553,7.667891396112665,103.60140991210938,2.9267449378967285
NEG00110,0,41_81,val,80.23673416027943,7.341432645387657,85.39134216308594,8.14013957977295
NEG00111,0,47_81,train,80.75220842049913,7.368737449937617,572.6070556640625,19.110382080078125
NEG00112,0,47_81,train,80.75823754851268,7.378440885669454,762.9547729492188,16.357433319091797
NEG00113,0,47_80,train,80.75235986651835,7.3218258312874065,482.9337158203125,12.45602798461914
NEG00114,0,49_76,train,80.91090170683422,6.9364667605527925,1138.64892578125,12.243338584899902
NEG00115,0,46_85,val,80.69225688876016,7.747320495488793,424.173828125,21.85700035095215
NEG00116,0,43_79,train,80.45300754527574,7.200795546433185,250.40573120117188,13.690655708312988
NEG00117,0,43_85,train,80.45517616548729,7.753751102840313,174.5030517578125,5.209695339202881
NEG00118,0,44_81,train,80.53569707156112,7.343835651874344,312.61151123046875,12.10389232635498
NEG00119,0,47_76,train,80.75539597590914,6.9298109844496425,1867.6533203125,14.96888256072998
NEG00120,0,48_79,train,80.88666221948195,7.205792072512954,232.63026428222656,4.430662631988525
NEG00121,0,47_76,train,80.77222607884178,6.8773983614969145,1844.734375,8.213902473449707
NEG00122,0,45_84,train,80.5800505912295,7.684573942782371,407.9166259765625,8.17860221862793
NEG00123,0,48_76,train,80.86934151171118,6.919710272783755,1096.33203125,10.88771152496338
NEG00124,0,53_77,test,81.35268389191111,7.015736498380606,245.3653259277344,11.132086753845217
NEG00125,0,45_77,train,80.57487644778703,7.046088180672094,1032.392578125,14.138504028320312
NEG00126,0,43_76,train,80.36780247840838,6.961051574303293,636.367431640625,31.809764862060547
NEG00127,0,44_81,train,80.5200982510098,7.34951307945543,347.89166259765625,15.36671543121338
NEG00128,0,51_78,test,81.14288287345944,7.12964267858533,1179.5135498046875,29.53566169738769
NEG00129,0,43_85,train,80.39920765954798,7.777950785108474,117.3384246826172,3.944815397262573
NEG00130,0,43_76,train,80.37206839965769,6.915627967666078,141.5758056640625,18.77712821960449
NEG00131,0,49_81,val,80.97413400902737,7.384918688724108,82.3233413696289,1.3454554080963137
NEG00132,0,45_80,val,80.6259542938573,7.285951136460762,505.7545166015625,9.795586585998535
NEG00133,0,41_80,test,80.19724475264401,7.241421037020468,193.28646850585935,21.43175506591797
NEG00134,0,41_77,train,80.1896019184925,6.9690988896284685,91.69747924804688,12.975987434387209
NEG00135,0,48_79,train,80.88516116342865,7.193157669158709,257.68524169921875,13.251628875732422
NEG00136,0,48_84,train,80.86416286948575,7.616080297323681,213.18844604492188,11.464947700500488
NEG00137,0,42_79,train,80.34646905596072,7.147368762197001,332.9864196777344,11.549274444580078
NEG00138,0,54_76,test,81.41289691274078,6.8825588490941865,163.47975158691406,13.034356117248535
NEG00139,0,51_76,test,81.15063031114248,6.953575014742322,790.4764404296875,13.212383270263672
NEG00140,0,51_76,test,81.11600314401379,6.957296736200941,1170.0604248046875,21.736778259277344
NEG00141,0,42_87,train,80.36012707810173,7.9476688896431025,120.21261596679688,2.780529022216797
NEG00142,0,45_83,train,80.55222422662354,7.559091760043683,190.01116943359372,7.972000598907471
NEG00143,0,44_85,val,80.49866143364429,7.730564524017816,167.7590789794922,4.350269317626953
NEG00144,0,46_77,train,80.71458280063788,7.017666968845338,1661.62841796875,13.922178268432615
NEG00145,0,43_78,val,80.4445932926205,7.111136460918095,1115.588623046875,25.743764877319336
NEG00146,0,41_81,val,80.23436278573746,7.380057150688929,65.25611877441406,4.503345966339111
NEG00147,0,43_85,train,80.44277514245911,7.779254943970877,143.02044677734375,5.460453987121582
NEG00148,0,51_79,train,81.14521500760338,7.168311421756468,358.99639892578125,16.680343627929688
NEG00149,0,46_84,val,80.71943882043972,7.634159055762291,272.919189453125,9.233173370361328
NEG00150,0,40_79,train,80.1630011570923,7.182069046501354,92.70130920410156,16.199007034301758
NEG00151,0,46_76,train,80.70166707164444,6.930144658749505,1470.467041015625,10.02961254119873
NEG00152,0,45_83,train,80.63297710848444,7.52665691267409,388.4489135742188,7.5943284034729
NEG00153,0,52_77,test,81.18113412026514,6.982044365289447,1073.4176025390625,19.275598526000977
NEG00154,0,43_88,train,80.37365638854551,7.968659326658838,122.08248138427734,2.9773194789886475
NEG00155,0,43_79,train,80.38451185036622,7.177075199483517,234.25994873046875,23.42774772644043
NEG00156,0,46_85,val,80.67108965512375,7.767358849517638,208.6954803466797,1.6303825378417969
NEG00157,0,43_79,train,80.42650443622138,7.223470282464348,305.8558044433594,14.984389305114746
NEG00158,0,43_81,test,80.45192116114973,7.335020183004571,176.07464599609375,12.32150173187256
NEG00159,0,44_74,val,80.51336607446376,6.707031970684695,204.75271606445312,14.568120956420898
NEG00160,0,42_77,val,80.33761872121202,7.012693468490947,76.41172790527344,15.280923843383787
NEG00161,0,50_81,test,81.03106376065419,7.361527057936698,95.3522720336914,0.3852869868278503
NEG00162,0,48_79,train,80.89851550398024,7.176103260266739,249.2176055908203,12.33178997039795
NEG00163,0,45_83,train,80.62317682633339,7.569804464476538,377.1652221679688,11.499031066894531
NEG00164,0,49_76,train,80.93100160232812,6.962618538180332,1011.3447265625,16.226364135742188
NEG00165,0,42_78,train,80.36307367667972,7.077237103199011,620.1575317382812,20.437435150146484
NEG00166,0,47_76,train,80.77742439501846,6.949856466884487,1874.61669921875,14.612040519714355
NEG00167,0,43_77,train,80.37427663336614,7.003088652545189,163.20567321777344,22.675373077392575
NEG00168,0,45_80,val,80.61904507237362,7.250413435733601,773.1244506835938,17.306346893310547
NEG00169,0,43_76,train,80.41061482335688,6.934899604017612,241.96945190429688,13.629232406616213
NEG00170,0,46_75,val,80.70375956441318,6.851478129924136,1648.5989990234375,20.02783203125
NEG00171,0,44_81,train,80.52864582743875,7.366542385069692,349.93896484375,19.28959846496582
NEG00172,0,46_81,train,80.71317286312954,7.40208334799576,1298.620361328125,17.095613479614258
NEG00173,0,44_75,test,80.52601704990242,6.853729152660614,1303.173095703125,28.568702697753903
NEG00174,0,41_79,test,80.19284697908355,7.219779927105231,131.40872192382812,17.33317756652832
NEG00175,0,44_81,train,80.52405995760444,7.341382548673275,466.2081298828125,23.92007827758789
NEG00176,0,44_76,test,80.50863576854792,6.908537770243604,1070.16748046875,23.63447952270508
NEG00177,0,43_80,val,80.45349279334555,7.267439035215202,253.406005859375,13.157093048095703
NEG00178,0,51_76,test,81.14244203422737,6.915096140722858,1065.3883056640625,12.080321311950684
NEG00179,0,51_77,train,81.16143903302415,6.988970867848812,944.7211303710938,21.323715209960938
NEG00180,0,48_77,train,80.86291488693803,7.032009150910354,1532.5589599609375,10.03792953491211
NEG00181,0,41_77,train,80.2693991867831,7.051225909909112,170.81256103515625,27.616579055786133
NEG00182,0,41_80,test,80.26606948066137,7.281823747186338,109.52845001220705,11.226354598999023
NEG00183,0,42_79,train,80.30908968301885,7.226348013897413,188.7684783935547,14.119365692138672
NEG00184,0,46_81,train,80.69710999913497,7.341192575831355,617.663818359375,16.782434463500977
NEG00185,0,44_78,train,80.51099654361106,7.09444628323755,764.5999755859375,17.32971954345703
NEG00186,0,50_75,test,81.03703723477557,6.835694163368422,1193.9359130859375,14.331955909729004
NEG00187,0,41_76,train,80.25744399152657,6.914056108382931,105.63719177246094,19.714021682739254
NEG00188,0,44_77,train,80.49166723871146,6.972892581617526,441.0296936035156,19.58511734008789
NEG00189,0,50_79,train,81.08505302011584,7.1942424870409765,193.47561645507807,5.137550354003906
NEG00190,0,43_80,val,80.40822416652378,7.271745795667627,156.3363494873047,11.977362632751465
NEG00191,0,46_76,train,80.64659307042054,6.963803162526094,1274.927490234375,14.074851989746094
NEG00192,0,41_79,test,80.22936954397981,7.22880483374395,138.62155151367188,11.594380378723145
NEG00193,0,42_77,val,80.29810584331112,7.019512860914507,64.5583267211914,16.862585067749023
NEG00194,0,43_78,val,80.37354747679399,7.093058799281173,412.32373046875,26.939496994018555
NEG00195,0,47_77,val,80.73004800707564,7.016142053997244,1715.306884765625,13.566972732543944
NEG00196,0,41_77,train,80.20021636483325,7.03796418871384,195.79803466796875,16.06403350830078
NEG00197,0,45_80,val,80.57312024237916,7.253721999217084,523.3560180664062,11.446171760559082
NEG00198,0,44_74,val,80.50054506578219,6.696966703451343,176.84913635253906,18.24899673461914
NEG00199,0,48_84,train,80.86897849970097,7.650620637958589,238.4942626953125,15.67169952392578
NEG00200,0,54_76,test,81.40085839119686,6.889085378858611,240.91943359375,17.727413177490234
NEG00201,0,52_77,test,81.23059758638927,6.994541203075728,429.4338989257813,14.41093635559082
NEG00202,0,42_81,test,80.36496062631304,7.388362234147716,230.3557586669922,15.308067321777344
NEG00203,0,42_78,train,80.2908994670158,7.129135485314036,127.36482238769533,14.58908462524414
NEG00204,0,44_80,train,80.54048948443184,7.296404682229175,643.4069213867188,17.500709533691406
NEG00205,0,51_78,test,81.16328498834557,7.141554498544857,360.20391845703125,11.31064796447754
NEG00206,0,40_76,val,80.13063590202607,6.916286891889545,36.78447723388672,7.968475818634033
NEG00207,0,47_76,train,80.76762422539645,6.945590206561866,1881.84033203125,18.278392791748047
NEG00208,0,44_74,val,80.46572010131092,6.726918724315213,366.0899658203125,18.66259384155273
NEG00209,0,46_78,val,80.65761865669668,7.071393837724521,832.8280639648438,18.908445358276367
NEG00210,0,43_80,val,80.4504984636337,7.303690389956111,281.958251953125,20.937219619750977
NEG00211,0,46_75,val,80.65640661281421,6.809124376287175,1357.9295654296875,10.15383529663086
NEG00212,0,46_78,val,80.64907793224391,7.084361265820366,918.4209594726562,15.126680374145508
NEG00213,0,51_76,test,81.15616704375867,6.940521514340786,816.2659912109375,11.097890853881836
NEG00214,0,50_80,train,81.00172719991504,7.281164868605805,82.82249450683594,10.261542320251465
NEG00215,0,42_79,train,80.31758822950712,7.193766061618424,181.232421875,18.184221267700195
NEG00216,0,40_75,train,80.16858052318307,6.845472965256723,105.9731216430664,10.158529281616213
NEG00217,0,44_81,train,80.45701008841037,7.390958996103976,228.14833068847656,10.679658889770508
NEG00218,0,46_76,train,80.66376230913916,6.948890298112139,1249.1151123046875,12.48972988128662
NEG00219,0,47_79,train,80.73885495137365,7.1715508079848265,679.7532348632812,17.28538703918457
NEG00220,0,46_81,train,80.70693467449013,7.406809935885405,1309.888427734375,14.128801345825195
NEG00221,0,45_77,train,80.59017108798017,7.035987239972028,1024.803955078125,16.429689407348633
NEG00222,0,44_84,train,80.52791309726265,7.603068819530232,221.05587768554688,9.388980865478516
NEG00223,0,47_80,train,80.77699043101018,7.294117706659028,469.16107177734375,12.37143898010254
NEG00224,0,42_78,train,80.30474048527185,7.113791910141269,228.99339294433597,13.851346969604492
NEG00225,0,45_81,train,80.56941811799744,7.370505676867272,508.9752197265625,12.14640998840332
NEG00226,0,40_76,val,80.15684374667948,6.880916601653798,133.22116088867188,17.09210968017578
NEG00227,0,44_81,train,80.47017315510652,7.341893336449315,208.68820190429688,17.40541648864746
NEG00228,0,46_80,val,80.7162332967569,7.277407503985107,445.680908203125,5.304934501647949
NEG00229,0,41_79,test,80.26880389677365,7.169938849442199,117.59583282470705,16.60701560974121
NEG00230,0,47_77,val,80.77222566672582,6.9999913301859,2465.83154296875,17.466781616210938
NEG00231,0,46_76,train,80.66920729756792,6.937818099338171,1250.1224365234375,16.94013023376465
NEG00232,0,42_79,train,80.33549710980377,7.165716658217687,209.02996826171875,17.634967803955078
NEG00233,0,50_76,val,81.02350045420546,6.906314356682207,1325.0999755859375,15.963406562805176
NEG00234,0,48_75,test,80.84370947073718,6.787140294011811,1400.111572265625,30.772441864013672
NEG00235,0,42_81,test,80.28500828889307,7.409159783273044,101.5176239013672,4.468900203704834
NEG00236,0,43_84,test,80.45491484157223,7.638544751509782,137.52264404296875,4.875890254974365
NEG00237,0,52_77,test,81.23867143846246,7.015930550437491,455.6626586914063,15.061389923095703
NEG00238,0,39_72,train,80.041036485338,6.538358410954141,22.96737670898437,5.844287395477295
NEG00239,0,45_77,train,80.60565485589669,7.01915576604225,1300.290771484375,19.814136505126957
NEG00240,0,49_79,val,80.92093048335713,7.204029338581472,248.22335815429688,9.112655639648438
NEG00241,0,46_84,val,80.72346197039793,7.651597907498383,283.25103759765625,16.725284576416016
NEG00242,0,44_80,train,80.53510941236698,7.272766368578339,526.4180908203125,10.840474128723145
NEG00243,0,46_85,val,80.72520703346773,7.743234735478794,212.6700439453125,3.076702117919922
NEG00244,0,43_81,test,80.39410416053953,7.347600855165842,102.86851501464844,9.124887466430664
NEG00245,0,52_77,test,81.26064958924938,7.030937219771599,284.32427978515625,7.44727087020874
NEG00246,0,49_79,val,80.91109131802241,7.194380176559655,227.0,0.0
NEG00247,0,52_78,train,81.23126183364107,7.078434051768741,673.7177734375,29.20142936706543
NEG00248,0,44_80,train,80.46723123945522,7.258655462075047,312.4706420898437,17.558143615722656
NEG00249,0,45_85,val,80.57140878851186,7.716563132050822,419.4920043945313,5.402281284332275
NEG00250,0,42_78,train,80.35642400199467,7.097831410178378,102.04046630859376,14.236211776733398
NEG00251,0,44_83,test,80.52621517268835,7.524437738079602,181.9683532714844,7.561512470245361
NEG00252,0,41_81,val,80.25318640716694,7.402104517967617,217.50845336914065,21.515060424804688
NEG00253,0,43_85,train,80.43654417273478,7.730881518723669,135.6455078125,3.153483867645264
NEG00254,0,46_80,val,80.7174523569673,7.2439368490208595,549.504150390625,18.438180923461918
NEG00255,0,46_80,val,80.72572494652766,7.267502862266453,443.9969482421875,5.996888160705566
NEG00256,0,46_84,val,80.66892139365464,7.612227307724426,352.90802001953125,19.910036087036133
NEG00257,0,45_84,train,80.57316649080475,7.682378625947148,391.4167175292969,9.260769844055176
NEG00258,0,42_81,test,80.30509276851278,7.342744427735068,76.29582214355469,4.033353328704834
NEG00259,0,43_80,val,80.45073753548915,7.284291285952443,158.324951171875,8.922313690185547
NEG00260,0,52_78,train,81.19910703273446,7.061682996354094,794.0739135742188,7.377836227416992
NEG00261,0,42_87,train,80.35409086153535,7.951262100219942,123.96159362792967,2.692746162414551
NEG00262,0,48_83,val,80.89986854230325,7.593157106369676,111.2980499267578,2.878995418548584
NEG00263,0,44_75,test,80.50732383958939,6.8120785888640265,1756.4505615234375,21.68347549438477
NEG00264,0,42_78,train,80.33010948970883,7.105897639911244,147.8340606689453,18.617185592651367
NEG00265,0,41_80,test,80.19090628639161,7.318899597488629,75.79802703857422,11.92959976196289
NEG00266,0,42_77,val,80.35328414736958,6.971949183819256,419.3699645996094,23.53128433227539
NEG00267,0,48_79,train,80.8991995643804,7.164399678760175,230.8872985839844,3.6663899421691895
NEG00268,0,47_80,train,80.75211309602462,7.301531663578886,431.8995361328125,4.091742038726807
NEG00269,0,42_77,val,80.34541935142883,7.018104905532293,139.21401977539062,20.761531829833984
NEG00270,0,44_84,train,80.52991734945024,7.617983457775393,220.89077758789065,10.003440856933594
NEG00271,0,41_78,test,80.26732461353267,7.126640472706762,104.5256576538086,9.968809127807615
NEG00272,0,53_77,test,81.35808202620758,7.009431754577908,201.30804443359372,10.213589668273926
NEG00273,0,41_75,val,80.20500751864712,6.795214845582951,199.43878173828125,9.946832656860352
NEG00274,0,41_80,test,80.20315518881297,7.309560785007538,69.55213928222656,5.428844451904297
NEG00275,0,48_84,train,80.88189333856954,7.650638164059378,268.72479248046875,23.201351165771484
NEG00276,0,40_76,val,80.13602599777438,6.903613807830453,54.97994995117188,9.710789680480955
NEG00277,0,44_77,train,80.46626104118687,6.986206771571858,251.23989868164065,21.36006546020508
NEG00278,0,48_76,train,80.87517918064866,6.893890316901154,1208.8770751953125,7.7473955154418945
NEG00279,0,49_77,test,80.92247607141128,7.023268454711124,897.5928955078125,18.734418869018555
NEG00280,0,42_77,val,80.35964540575365,7.008293630136819,221.428466796875,22.373023986816406
NEG00281,0,45_78,test,80.58022653888615,7.060442230435731,771.8859252929688,21.82941055297852
NEG00282,0,44_83,test,80.51117528515175,7.537425525107397,157.11456298828125,6.1118340492248535
NEG00283,0,46_80,val,80.66672063571693,7.320647303045088,490.3486328125,9.225818634033203
NEG00284,0,41_74,val,80.2551712874159,6.776970921404901,98.05049896240234,5.619364738464356
NEG00285,0,46_79,test,80.64195498695463,7.22383301408198,1139.71923828125,24.42334747314453
NEG00286,0,46_89,train,80.67259702778136,8.09085184187266,169.96026611328125,6.402994632720947
NEG00287,0,40_75,train,80.15015911390412,6.818535399250657,45.15397644042969,6.093156814575195
NEG00288,0,40_76,val,80.17366550967697,6.883842941554507,129.90521240234375,13.37453842163086
NEG00289,0,43_76,train,80.41871087589016,6.876592682146662,293.1842041015625,20.00658798217773
NEG00290,0,41_77,train,80.21845022423952,6.99042771395947,33.366455078125,8.675629615783691
NEG00291,0,47_79,train,80.75464788133019,7.224935388488719,588.1288452148438,11.230531692504885
NEG00292,0,43_85,train,80.39334731603117,7.756878184478205,105.00735473632812,2.536111831665039
NEG00293,0,46_84,val,80.690792421937,7.639202240265591,329.5397033691406,19.003009796142575
NEG00294,0,43_81,test,80.38472130060542,7.36337283453522,121.11944580078124,7.916697025299072
NEG00295,0,48_83,val,80.86118454631064,7.5568726396494625,184.99205017089844,10.126575469970703
NEG00296,0,41_79,test,80.25885128612106,7.212269024092022,106.3060302734375,12.669723510742188
NEG00297,0,45_81,train,80.62028584536388,7.364484832623086,493.8717041015625,14.49307918548584
NEG00298,0,43_85,train,80.44774071698448,7.770761691567905,139.91873168945312,2.002046585083008
NEG00299,0,52_77,test,81.24582322252839,7.005611277184861,413.2808837890625,15.25062370300293
NEG00300,0,51_77,train,81.17968867281762,6.973298350205402,1181.754638671875,19.71442985534668
NEG00301,0,46_85,val,80.68900298411508,7.726809363569944,400.6852416992188,21.50337219238281
NEG00302,0,53_77,test,81.3494542414746,7.000182837404222,207.98626708984372,6.880093574523926
NEG00303,0,46_84,val,80.66595394180018,7.640001064825289,284.7501220703125,8.599433898925781
NEG00304,0,41_77,train,80.19917883641635,7.0545232574994525,246.89627075195312,16.08576202392578
NEG00305,0,46_76,train,80.70513766353058,6.923533757510922,1397.692626953125,10.230210304260254
NEG00306,0,46_84,val,80.69249493803026,7.658057551384198,215.2718811035156,7.104962348937988
NEG00307,0,42_81,test,80.31738835907264,7.379081607987496,99.76638793945312,7.172823429107666
NEG00308,0,48_77,train,80.8349786268547,6.985781691000796,2019.935546875,18.40156364440918
NEG00309,0,49_80,train,80.98969249912882,7.2522151816465295,129.7630615234375,4.388216018676758
NEG00310,0,43_79,train,80.39653988241903,7.216799674062205,236.64007568359372,13.377246856689451
NEG00311,0,42_78,train,80.3343584647129,7.116395897031096,102.9697036743164,17.5814151763916
NEG00312,0,45_80,val,80.60252009546645,7.310832182564144,520.3947143554688,12.416879653930664
NEG00313,0,47_79,train,80.73988016309228,7.159094787669696,678.5895385742188,15.626663208007812
NEG00314,0,46_85,val,80.66848029444081,7.750174223068615,225.26333618164065,3.138001680374145
NEG00315,0,44_83,test,80.4691732541589,7.528759826501229,136.09498596191406,2.8263649940490723
NEG00316,0,43_82,train,80.4487396071747,7.455033423580604,141.88784790039062,4.564981937408447
NEG00317,0,42_77,val,80.29069818480282,6.969789342740788,158.63461303710938,12.053997993469238
NEG00318,0,45_80,val,80.60816363313938,7.254008915366844,577.0409545898438,15.10102653503418
NEG00319,0,50_76,val,81.06718752390154,6.954449884832991,733.8626708984375,17.93262481689453
NEG00320,0,45_79,train,80.63041456075118,7.167136415436397,807.3809814453125,14.506141662597656
NEG00321,0,46_86,train,80.69889020680841,7.783142480311214,487.9077453613281,17.35157012939453
NEG00322,0,42_77,val,80.29790139510479,7.000565107728076,175.4473876953125,14.33033275604248
NEG00323,0,42_79,train,80.27658146856965,7.154255647681545,72.0067138671875,17.017593383789062
NEG00324,0,47_83,train,80.78664968887414,7.5662128948205885,481.2444763183594,16.668842315673828
NEG00325,0,50_76,val,81.03926065029316,6.9490463876955575,871.89697265625,13.680405616760254
NEG00326,0,50_79,train,81.05540650979609,7.191066948117332,133.39178466796875,8.125693321228027
NEG00327,0,42_77,val,80.31382372510551,7.017074241908979,88.42338562011719,18.57621383666992
NEG00328,0,41_77,train,80.19104568463975,7.044528235293923,208.23745727539065,14.696630477905272
NEG00329,0,53_75,train,81.31678139992434,6.870488048202353,214.40240478515625,7.86500358581543
NEG00330,0,41_76,train,80.22182502847967,6.897258133627457,39.22338104248047,9.279184341430664
NEG00331,0,49_81,val,80.9876482888919,7.329849067111943,86.8995590209961,4.943912506103516
NEG00332,0,43_79,train,80.42573918873204,7.23465956457916,311.242919921875,11.044185638427734
NEG00333,0,44_81,train,80.49433105033029,7.345642532058864,269.41314697265625,14.894018173217772
NEG00334,0,41_81,val,80.2649833803008,7.331957870698167,100.87881469726562,8.679173469543457
NEG00335,0,41_77,train,80.20478979385894,7.046199105882866,235.73220825195312,12.170148849487305
NEG00336,0,44_76,test,80.48419157893034,6.940575568876129,771.4857177734375,24.686264038085938
NEG00337,0,46_80,val,80.65181886426363,7.263123194204596,762.2681274414062,18.92457389831543
NEG00338,0,46_76,train,80.69629990838133,6.927717155697021,1388.296142578125,12.871967315673828
NEG00339,0,40_79,train,80.16738923578824,7.177062232293475,104.95758819580078,13.71315860748291
NEG00341,0,53_76,train,81.28424415480288,6.8782178269524135,259.5791015625,16.218170166015625
NEG00342,0,47_75,train,80.75769074086753,6.842691829824658,1608.05078125,20.85016441345215
NEG00343,0,42_79,train,80.35132367712059,7.228775461097795,193.10623168945312,7.327925682067871
NEG00344,0,43_82,train,80.37494112330108,7.430346675512248,294.3480224609375,19.309680938720703
NEG00345,0,51_77,train,81.16161832771117,7.000593576834306,1237.440185546875,22.64236259460449
NEG00346,0,44_82,val,80.49897486877605,7.451130160640934,524.6152954101562,21.4476375579834
NEG00347,0,45_80,val,80.55299599406882,7.264013381131532,519.342041015625,9.693864822387695
NEG00348,0,47_75,train,80.75476662069599,6.867167945027067,1677.7362060546875,16.997541427612305
NEG00349,0,47_79,train,80.75169017583505,7.183848453968191,631.5284423828125,12.738872528076172
NEG00350,0,43_76,train,80.4491493384311,6.951508190763416,513.0599365234375,16.313522338867188
NEG00351,0,47_83,train,80.77669026504101,7.56573285530915,563.9454345703125,12.349461555480955
NEG00352,0,47_83,train,80.80796910569846,7.562233333215042,374.656494140625,20.582990646362305
NEG00353,0,42_75,train,80.31629486712694,6.805525344149086,145.52549743652344,15.24028778076172
NEG00354,0,51_79,train,81.1344299608113,7.179002074871161,413.1661987304688,17.13724708557129
NEG00355,0,41_75,val,80.21416160740868,6.82297579641354,223.0263671875,19.500144958496094
NEG00356,0,40_79,train,80.15423884341571,7.205225396708767,72.77226257324219,6.575270652770996
NEG00357,0,54_75,train,81.3920575579841,6.825806655721645,145.22491455078125,4.68165922164917
NEG00358,0,44_78,train,80.47654089714074,7.097848854416719,804.7495727539062,15.539936065673828
NEG00359,0,45_82,train,80.62773486707124,7.466048106902501,347.1136779785156,4.679770469665527
NEG00360,0,42_83,train,80.29576438693947,7.578814759145155,87.42977905273438,2.752271890640259
NEG00361,0,46_83,train,80.65644128679368,7.577892267823539,305.35650634765625,10.194215774536133
NEG00362,0,45_80,val,80.58928510082853,7.239981008712437,525.7980346679688,11.418024063110352
NEG00363,0,43_77,train,80.4545911347352,7.020117492715882,852.76416015625,23.254413604736328
NEG00364,0,44_79,train,80.46857217947392,7.197115693896534,252.5653381347656,15.033472061157228
NEG00365,0,44_78,train,80.53711438021887,7.127654441473352,762.1806030273438,15.401442527770996
NEG00366,0,41_80,test,80.2088847729893,7.296628889804023,80.11428833007812,5.928948879241943
NEG00367,0,45_77,train,80.57966272028456,7.053738819565353,855.6051025390625,16.80008316040039
NEG00368,0,46_75,val,80.66640301491165,6.846850839828766,1877.66259765625,31.268836975097656
NEG00369,0,52_78,train,81.1930651274158,7.075959585834984,1010.5791015625,21.94666862487793
NEG00370,0,45_77,train,80.59172401724037,7.015158323651307,1043.1611328125,14.663497924804688
NEG00371,0,51_79,train,81.12875064234603,7.187614754882988,369.9485473632813,20.309385299682617
NEG00372,0,43_84,test,80.44440356234422,7.656529540375637,131.626708984375,3.519351005554199
NEG00373,0,46_76,train,80.65959503465193,6.953556943434354,1272.21533203125,9.427777290344238
NEG00374,0,43_81,test,80.44429928182156,7.346114725199652,208.3175811767578,15.798120498657228
NEG00375,0,42_78,train,80.34902851626573,7.13014016328053,196.62977600097656,15.11040496826172
NEG00376,0,52_78,train,81.20227914791064,7.073239552645084,762.9093017578125,13.36090087890625
NEG00377,0,52_77,test,81.2229094339466,7.014074963174549,533.4705810546875,18.128204345703125
NEG00378,0,49_79,val,80.96385103580094,7.207398762735959,192.6713104248047,16.761659622192383
NEG00379,0,43_76,train,80.397976025067,6.932970584393177,260.5674743652344,22.88585090637207
NEG00380,0,49_78,train,80.91362707550918,7.103751646143563,1168.3739013671875,15.567112922668455
NEG00381,0,44_80,train,80.5018116819692,7.293520894515071,572.718017578125,10.399198532104492
NEG00382,0,39_72,train,80.03197450197334,6.560114134350755,13.311145782470703,5.454287528991699
NEG00383,0,47_83,train,80.80691173337259,7.542065341865235,362.7891845703125,22.59601211547852
NEG00384,0,43_84,test,80.3930574180146,7.644061594105233,208.0356292724609,16.952991485595703
NEG00385,0,49_75,test,80.96948203953029,6.839884191601239,1136.7454833984375,16.285184860229492
NEG00386,0,41_77,train,80.21431424176328,7.030227981874706,139.18258666992188,16.114559173583984
NEG00387,0,47_77,val,80.7419633901125,7.014070854332148,2000.007080078125,23.329254150390625
NEG00388,0,49_79,val,80.99422755073768,7.175143624709992,154.79930114746094,7.120461463928223
NEG00389,0,52_79,test,81.20795099442137,7.189818939216979,292.045654296875,8.473889350891113
NEG00390,0,41_79,test,80.25263318253677,7.228921870312366,187.9146270751953,16.670228958129883
NEG00391,0,44_82,val,80.48312603940334,7.433836752805317,155.0248260498047,3.2083899974823
NEG00392,0,48_83,val,80.90288781070225,7.561186046580992,111.53547668457033,3.5250556468963623
NEG00393,0,43_77,train,80.4011651289069,6.970384778496726,372.10357666015625,18.01901054382324
NEG00394,0,41_75,val,80.24050962991306,6.825229571073043,113.27651977539062,13.061208724975586
NEG00395,0,43_84,test,80.4369884077942,7.662687591090875,125.42251586914062,3.847690105438232
NEG00396,0,41_80,test,80.20839149397459,7.287305819720192,86.19207763671875,9.885826110839844
NEG00397,0,42_75,train,80.30595068293918,6.832086381016661,55.86195373535156,7.989319324493408
NEG00398,0,44_79,train,80.4632922748272,7.184574674825792,260.0453796386719,12.527307510375977
NEG00399,0,48_81,val,80.8190899948618,7.376854407892139,1553.267822265625,9.794490814208984
NEG00400,0,49_81,val,80.94238208830477,7.370790622536093,138.09140014648438,7.029617786407471
NEG00401,0,49_76,train,80.93803637537343,6.907444586625172,1088.100830078125,12.977622032165527
NEG00402,0,43_78,val,80.36768475219661,7.119555609658347,421.31787109375,19.679466247558597
NEG00403,0,49_82,train,80.9476028932357,7.505033166096134,85.209716796875,5.707762241363525
NEG00404,0,41_77,train,80.22317978270654,7.045799191517172,106.22049713134766,12.01034164428711
NEG00405,0,43_80,val,80.3969243380955,7.305844937163033,115.1723175048828,8.621004104614258
NEG00406,0,41_75,val,80.23551731836884,6.83403615205446,130.79010009765625,17.84377670288086
NEG00407,0,44_75,test,80.48194214329979,6.819408306389212,1437.63720703125,16.706111907958984
NEG00408,0,47_79,train,80.74714480105244,7.205363564205207,612.998779296875,11.060111045837402
NEG00409,0,45_81,train,80.61049768337344,7.358421963989556,461.1408081054688,7.781365871429443
NEG00410,0,50_79,train,81.03087693565035,7.182216448067517,227.73712158203125,16.383411407470703
NEG00411,0,46_80,val,80.67973591299405,7.259778642927344,530.39306640625,13.991804122924805
NEG00412,0,49_82,train,80.9739300084821,7.426214064823007,77.1742172241211,3.9871981143951416
NEG00413,0,46_89,train,80.65572547531187,8.065001029388382,146.44564819335938,1.103856086730957
NEG00414,0,42_76,val,80.31442383979024,6.884025807641051,154.15631103515625,16.343238830566406
NEG00415,0,43_84,test,80.40291897093232,7.610387533083517,158.73439025878906,14.039230346679688
NEG00416,0,46_82,train,80.65285349911233,7.429090805251389,449.2218017578125,15.17880630493164
NEG00417,0,49_79,val,80.96716605026117,7.192629479571465,175.08692932128906,11.107219696044922
NEG00418,0,43_82,train,80.4491645695726,7.443725425495409,161.53199768066406,4.379250526428223
NEG00419,0,44_82,val,80.49517168796753,7.426924523260976,187.59556579589844,10.073053359985352
NEG00420,0,44_82,val,80.46252406969597,7.419298841119047,164.72125244140625,3.5637047290802
NEG00421,0,42_81,test,80.30900102754241,7.331869192420588,73.69126892089844,4.217637062072754
NEG00422,0,49_75,test,80.9686068564367,6.848297918132774,1144.614013671875,12.367555618286133
NEG00423,0,46_84,val,80.72511609041945,7.639871482800634,226.41030883789065,11.301132202148438
NEG00424,0,49_80,train,80.98503890640964,7.238641442460094,159.16336059570312,7.680332660675049
NEG00425,0,43_82,train,80.39108227295966,7.441987438400363,206.48846435546875,11.300528526306152
NEG00426,0,43_85,train,80.39059099353203,7.751709723814122,102.36921691894533,2.751928806304932
NEG00427,0,48_84,train,80.87696895590811,7.655791524909359,369.68853759765625,21.828168869018555
NEG00428,0,52_77,test,81.25453873372773,7.007885460893122,300.1564636230469,8.000688552856445
NEG00429,0,45_80,val,80.61827921339133,7.284935858735143,533.3310546875,16.233394622802734
NEG00430,0,48_84,train,80.90411865529649,7.647459175174688,124.00794982910156,2.1665170192718506
NEG00431,0,40_75,train,80.13653848826216,6.827046722746599,54.750247955322266,9.128097534179688
NEG00432,0,45_80,val,80.59547468642154,7.268593585093527,485.2291259765625,8.121271133422852
NEG00433,0,41_78,test,80.26618580639757,7.113335789339189,136.52346801757812,13.95909595489502
NEG00434,0,52_79,test,81.22687703061294,7.196469270358327,299.0777282714844,14.738879203796388
NEG00435,0,45_79,train,80.5890841202902,7.161191430086308,576.9161376953125,14.0582275390625
NEG00436,0,45_79,train,80.60924534762209,7.149340273404132,849.586669921875,18.07143783569336
NEG00437,0,43_84,test,80.39136073339249,7.665190389292472,106.06891632080078,7.943430423736572
NEG00438,0,40_79,train,80.17486629565056,7.2108775302233346,97.43829345703124,10.162667274475098
NEG00439,0,43_80,val,80.40437931859702,7.301738351782601,138.6168670654297,9.813730239868164
NEG00440,0,46_75,val,80.6793353085527,6.799272275875025,1297.240478515625,3.8803319931030273
NEG00441,0,45_84,train,80.56893325878205,7.676997631193195,330.6282958984375,10.938919067382812
NEG00442,0,41_74,val,80.21177750810081,6.7570590352162885,113.78600311279295,18.45094108581543
NEG00443,0,46_79,test,80.67207939778038,7.2251490815652515,973.8104858398438,13.184221267700195
NEG00444,0,48_79,train,80.86160417223381,7.202595533947674,301.9373779296875,18.383451461791992
NEG00445,0,44_79,train,80.47299322527225,7.224383059018376,231.61257934570312,8.293242454528809
NEG00446,0,47_80,train,80.75817470794858,7.294400742384363,454.3346557617188,13.47465705871582
NEG00447,0,50_81,test,81.03310158986126,7.3545156850177795,107.23225402832033,5.185214042663574
NEG00448,0,49_75,test,80.99108675980392,6.861672607853918,1226.7708740234375,11.290496826171877
NEG00449,0,43_83,train,80.37760862538366,7.516957192335052,114.60189056396484,3.399953365325928
NEG00450,0,48_82,test,80.8619884351087,7.501817066347497,388.6009826660156,17.74286651611328
NEG00451,0,43_79,train,80.39584296629846,7.232601969100954,330.88262939453125,8.731019020080566
NEG00452,0,48_82,test,80.83871347931398,7.47793118801999,704.5017700195312,13.020532608032228
NEG00453,0,48_77,train,80.85963119597074,7.00043325850061,1555.5126953125,13.067669868469238
NEG00454,0,47_81,train,80.73329840891286,7.372692746410922,682.1353759765625,18.106277465820312
NEG00455,0,50_77,train,81.08064513654175,6.968110803842396,1040.934814453125,18.499462127685547
NEG00456,0,46_77,train,80.68764310184689,6.997870006503984,1411.628662109375,23.48075485229492
NEG00457,0,40_77,val,80.18225125600223,7.02679449511968,113.8283233642578,15.95643711090088
NEG00458,0,44_81,train,80.49491125588969,7.374783944448727,290.00006103515625,13.724090576171877
NEG00459,0,45_78,test,80.61851397508137,7.138688530386404,821.0751953125,10.934320449829102
NEG00460,0,44_81,train,80.50557027957699,7.410284584818591,175.47776794433594,5.868921279907227
NEG00461,0,46_83,train,80.7038746741189,7.552380009960474,1093.494384765625,22.64568519592285
NEG00462,0,41_76,train,80.26106021261867,6.945318106904252,87.44182586669922,7.505810737609863
NEG00463,0,48_84,train,80.89343628817599,7.668614603440787,158.7025604248047,10.765031814575195
NEG00464,0,45_82,train,80.58285872025095,7.472158498986864,697.6873779296875,23.90452003479004
NEG00465,0,42_76,val,80.28184304852982,6.890732645368875,60.68056106567383,11.310863494873049
NEG00466,0,38_72,train,80.00016876807385,6.59039245120265,5.578019142150879,3.699574708938599
NEG00467,0,45_82,train,80.6177629705348,7.452708904838925,357.6664428710937,4.8606486320495605
NEG00468,0,44_81,train,80.54397204097704,7.365893593464449,549.716796875,11.59465789794922
NEG00469,0,45_80,val,80.63348624959302,7.272081768146705,719.1029052734375,15.313563346862791
NEG00470,0,43_81,test,80.36643816200741,7.343656517674804,184.70217895507807,19.94604110717773
NEG00471,0,50_78,train,81.07417374060893,7.077275618993975,783.4950561523438,13.312657356262209
NEG00472,0,45_83,train,80.55223344632756,7.509384151897496,285.1544189453125,19.554162979125977
NEG00473,0,41_80,test,80.19658477535542,7.298179445046042,67.80197143554688,8.484647750854492
NEG00474,0,43_75,train,80.39051278332872,6.789466547855635,301.1044921875,13.814825057983398
NEG00475,0,48_77,train,80.82028471669416,7.03851470176352,1764.27978515625,14.103397369384766
NEG00476,0,49_75,test,80.97531686208289,6.799376449150639,1384.0133056640625,12.564535140991213
NEG00477,0,47_77,val,80.74086103513834,6.986965220767405,2087.76318359375,16.55074691772461
NEG00478,0,50_76,val,81.01190786445245,6.939131456651335,976.8277587890624,24.478546142578125
NEG00479,0,43_81,test,80.38301666305401,7.344270689291105,136.75494384765625,12.496926307678224
NEG00480,0,44_85,val,80.5366250062079,7.754170525652589,266.0235900878906,10.167348861694336
NEG00481,0,46_78,val,80.72666286367591,7.0878729936336935,1931.7716064453125,23.078685760498047
NEG00482,0,45_77,train,80.63206253190026,7.015316852189711,884.907470703125,11.338119506835938
NEG00483,0,47_76,train,80.80568536342071,6.924909691670335,1911.441650390625,13.344019889831545
NEG00484,0,44_75,test,80.52395996574403,6.800539474076835,1516.44677734375,17.971141815185547
NEG00485,0,49_79,val,80.97198690084957,7.21053133329442,202.32467651367188,17.06829071044922
NEG00486,0,43_74,train,80.45653101537194,6.700709488267958,86.29046630859375,18.680191040039062
NEG00487,0,53_77,test,81.29844538796652,7.048046632820324,251.04574584960935,10.793107986450195
NEG00488,0,44_84,train,80.5001933792167,7.667435518154328,166.71340942382812,5.090664386749268
NEG00489,0,49_82,train,80.94519705052339,7.453277253165762,87.15841674804688,4.9444756507873535
NEG00490,0,51_76,test,81.17014949555215,6.951252730912049,1139.659912109375,20.58554458618164
NEG00491,0,49_75,test,80.95414864700629,6.8462255751671055,1294.13525390625,20.58749389648437
NEG00492,0,46_78,val,80.72325514833898,7.071903964593951,1730.09814453125,16.35009002685547
NEG00493,0,41_76,train,80.22703184284536,6.890969866636763,47.64387893676758,8.855273246765137
NEG00494,0,41_75,val,80.25555818167054,6.798967696177123,217.16253662109372,20.328468322753903
NEG00495,0,44_76,test,80.47963938960973,6.945890542106218,591.7854614257812,21.31879425048828
NEG00496,0,44_75,test,80.53711914645724,6.8091213699975,1480.7833251953125,19.75193977355957
NEG00497,0,46_81,train,80.6653569658818,7.402434604292655,439.4693298339844,15.168750762939451
NEG00498,0,42_76,val,80.31149203652232,6.923553055829356,165.09378051757812,21.113182067871094
NEG00499,0,42_81,test,80.28391712511053,7.395779022648029,102.52120971679688,9.409021377563477
NEG00500,0,43_84,test,80.40809349114397,7.66603511436179,114.7324676513672,6.018086910247803
NEG00501,0,53_77,test,81.3214985501349,7.003595834181674,299.4517822265625,8.94447135925293
NEG00502,0,41_81,val,80.24653213917306,7.330938557680276,180.05462646484375,13.360764503479004
NEG00503,0,47_77,val,80.78965477693703,6.971740159913261,1917.704833984375,10.812347412109377
NEG00504,0,43_74,train,80.39687158702533,6.763207334915356,189.7821044921875,20.40902709960937
NEG00505,0,49_81,val,80.96236094411348,7.383298624713595,105.93675231933594,3.8358073234558105
NEG00506,0,44_77,train,80.49259169402474,6.9821077695291365,543.5851440429688,18.62921905517578
NEG00507,0,52_79,test,81.19012946039565,7.176003030275104,260.6495361328125,3.3319129943847656
NEG00508,0,44_75,test,80.47366889449262,6.811134499574037,1375.107421875,18.220897674560547
NEG00509,0,44_76,test,80.52253656138275,6.876104340396807,1010.6732788085938,21.381610870361328
NEG00510,0,44_82,val,80.472807551104,7.49060766692582,146.83013916015625,4.926677227020264
NEG00511,0,43_81,test,80.43431856532813,7.40622211174559,196.2881774902344,9.759175300598145
NEG00512,0,40_75,train,80.14213950808444,6.843309714155557,79.45570373535156,13.779987335205078
NEG00513,0,42_80,train,80.30728073268185,7.239768938906423,162.71131896972656,11.503610610961914
NEG00514,0,45_78,test,80.63641864510925,7.115325215109877,1003.6026611328124,11.445098876953123
NEG00515,0,45_78,test,80.55889420550025,7.102468824888514,583.9840698242188,10.403074264526367
NEG00516,0,44_77,train,80.5387367460465,6.993749502602625,725.1668090820312,14.87601089477539
NEG00517,0,44_81,train,80.50366169785514,7.348286686355818,370.69482421875,15.89594554901123
NEG00518,0,53_77,test,81.33902407059387,7.012913918429442,263.6523742675781,11.70893383026123
NEG00519,0,45_78,test,80.55655231337052,7.113813999510597,731.8942260742188,22.996681213378903
NEG00520,0,47_81,train,80.76026020198731,7.357308667396571,770.8124389648438,19.15056610107422
NEG00521,0,49_75,test,80.98906787539093,6.825222041712798,1288.393310546875,15.346485137939451
NEG00522,0,46_85,val,80.703752125549,7.717255203812067,267.12677001953125,7.900083541870117
NEG00523,0,44_75,test,80.4807602534164,6.789859505015978,1142.905517578125,28.304031372070312
NEG00524,0,49_76,train,80.98098863407321,6.91751230914632,1240.5400390625,17.492603302001953
NEG00525,0,42_75,train,80.27886628168851,6.8024441576461845,30.61449432373047,6.798977851867676
NEG00526,0,47_76,train,80.81166693097921,6.893730243890702,1874.40576171875,9.457012176513672
NEG00527,0,41_75,val,80.27235002745753,6.846111340316732,31.648775100708008,3.692429542541504
NEG00528,0,44_74,val,80.50709015374846,6.694786809232088,191.64047241210935,16.1284122467041
NEG00529,0,47_76,train,80.74274305468997,6.883832288827007,1703.74951171875,16.728099822998047
NEG00530,0,44_73,test,80.50103760427464,6.684332072196655,222.83255004882807,13.07393741607666
NEG00531,0,46_75,val,80.71713619579585,6.873088977908434,1447.2008056640625,15.626811981201172
NEG00532,0,48_83,val,80.89916803173773,7.566434733385939,117.83895874023438,3.281911849975586
NEG00533,0,49_80,train,80.96420563132394,7.273812909738716,323.37469482421875,8.571565628051758
NEG00534,0,44_84,train,80.47782385664613,7.683909202208754,139.59561157226562,2.7561492919921875
NEG00535,0,47_81,train,80.74657030289352,7.351100206768753,608.8299560546875,19.367095947265625
NEG00536,0,45_83,train,80.55408508085969,7.532271852018333,316.1541442871094,14.824884414672852
NEG00537,0,50_76,val,81.03623283642682,6.9324999002775005,812.424560546875,17.184528350830078
NEG00538,0,43_83,train,80.38428022261057,7.535573253934618,120.71158599853516,4.045063018798828
NEG00539,0,46_80,val,80.67099075966071,7.315941164021983,506.7184448242188,7.967116355895996
NEG00540,0,42_80,train,80.27935388674099,7.292956295545391,213.8438720703125,14.768552780151367
NEG00541,0,49_80,train,80.91585283094925,7.318136596649895,999.6629028320312,30.161155700683597
NEG00542,0,43_87,train,80.38995958363269,7.897482630759714,125.91302490234376,2.848961114883423
NEG00543,0,42_83,train,80.34111877368733,7.539302330944129,100.2354736328125,3.0748708248138428
NEG00544,0,51_76,test,81.10707080963623,6.88004738080987,1441.163818359375,20.19266128540039
NEG00545,0,41_81,val,80.21917074015445,7.362666000158569,126.44303131103516,12.19100284576416
NEG00546,0,47_75,train,80.81602426799334,6.857334827954981,1876.884521484375,10.270218849182127
NEG00547,0,42_76,val,80.32350005813856,6.92679677073694,251.24856567382807,15.710341453552246
NEG00548,0,45_79,train,80.55652372762835,7.19179717097772,576.9647827148438,11.42497730255127
NEG00549,0,43_77,train,80.40062387013838,7.0486100018715385,1173.072998046875,24.034706115722656
NEG00550,0,41_81,val,80.20642187172476,7.350743054564347,92.7283172607422,7.578760147094727
NEG00551,0,41_75,val,80.20004729467269,6.825747266176611,320.2205505371094,10.685118675231934
NEG00552,0,44_75,test,80.46817508388376,6.82686047106003,1247.43701171875,18.268287658691406
NEG00553,0,44_81,train,80.46188808019939,7.374110687755116,282.4931030273437,12.319697380065918
NEG00554,0,41_76,train,80.18700793607886,6.953927362783804,139.41912841796875,11.832040786743164
NEG00555,0,44_76,test,80.51023153092603,6.916983506673734,1006.484375,24.87869644165039
NEG00556,0,43_85,train,80.44919599018881,7.727411036844211,131.5140380859375,3.0092906951904297
NEG00557,0,43_76,train,80.3720183376206,6.95111172098606,396.092529296875,22.25942039489746
NEG00558,0,43_84,test,80.40188870871411,7.645408170980754,215.05992126464844,13.199813842773438
NEG00559,0,50_76,val,81.03015741488655,6.9621165585113065,792.290283203125,13.467116355895996
NEG00560,0,40_76,val,80.15213437567779,6.928952889657995,106.75192260742188,11.380624771118164
NEG00561,0,41_79,test,80.18764008212432,7.153831752141962,199.17881774902344,20.67849349975586
NEG00562,0,44_81,train,80.53953946816561,7.350487735025257,404.6599426269531,22.06882095336914
NEG00563,0,49_76,train,80.93902645405676,6.919632985478937,1031.2459716796875,20.24686050415039
NEG00564,0,42_81,test,80.30835059890552,7.385911514672747,111.8106918334961,5.569531440734863
NEG00565,0,51_79,train,81.11346978930148,7.181392063608941,757.76416015625,32.79606628417969
NEG00566,0,42_79,train,80.35966570497514,7.197608491551038,191.92947387695312,12.526449203491213
NEG00567,0,43_74,train,80.38143396871818,6.7738032922712,61.05510330200195,9.804784774780272
NEG00568,0,49_79,val,80.98068817581773,7.185869227517703,383.139892578125,19.683494567871094
NEG00569,0,44_78,train,80.47539372369921,7.1285318561306354,331.7966613769531,20.31626892089844
NEG00570,0,46_79,test,80.7252557440764,7.148692157897075,829.678466796875,10.671575546264648
NEG00571,0,48_83,val,80.8792523414422,7.571828518806948,404.2320556640625,26.329679489135746
NEG00572,0,44_77,train,80.46329997432,6.980412426369493,354.492431640625,24.008544921875
NEG00573,0,49_79,val,80.99778408195395,7.170085649131728,130.63941955566406,12.072135925292969
NEG00574,0,42_80,train,80.32480633064927,7.32701088750302,74.78848266601562,6.319315910339356
NEG00575,0,46_80,val,80.6495751902777,7.313962410970947,455.533935546875,9.088531494140623
NEG00576,0,47_79,train,80.74821076037166,7.198186961366454,657.3787841796875,12.00021743774414
NEG00577,0,43_77,train,80.42371340015424,6.995786656446593,166.52725219726562,17.898832321166992
NEG00578,0,45_83,train,80.61510575781105,7.559959539925055,421.3084106445313,14.216646194458008
NEG00579,0,43_87,train,80.41836762639953,7.931037507029761,134.33255004882812,2.2044012546539307
NEG00580,0,43_85,train,80.42780849884096,7.723566180874333,134.0944366455078,8.048008918762207
NEG00581,0,42_80,train,80.32486176189785,7.2634009412979985,197.7755126953125,9.536112785339355
NEG00582,0,41_81,val,80.23461956142467,7.373047388666261,84.36054229736328,8.415153503417969
NEG00583,0,54_77,test,81.36705495930377,7.0156336214815465,176.95233154296875,11.315706253051758
NEG00584,0,43_78,val,80.37308980727704,7.135736622894423,229.0652313232422,13.65938949584961
NEG00585,0,43_76,train,80.4407325149142,6.9446294742470025,385.1838684082031,17.228391647338867
NEG00586,0,48_75,test,80.88286602897612,6.874340522214846,1223.11767578125,15.539688110351562
NEG00587,0,44_85,val,80.48092452227769,7.704080316944188,149.38873291015625,4.4857940673828125
NEG00588,0,45_76,test,80.62831232398472,6.890123103596543,1347.0516357421875,11.944576263427734
NEG00589,0,41_80,test,80.25913044616944,7.254505878186336,93.12307739257812,12.547080039978027
NEG00590,0,47_80,train,80.78849248695346,7.297032077231202,710.41748046875,21.765525817871094
NEG00591,0,41_81,val,80.21071747793935,7.3553035896788765,117.18180847167967,9.619617462158203
NEG00592,0,42_82,train,80.34768539516855,7.431071332921651,146.0556640625,6.129827976226807
NEG00593,0,42_78,train,80.35072616115329,7.077318854985106,262.2850952148437,24.487289428710938
NEG00594,0,42_76,val,80.28505429586019,6.943002280758328,104.40719604492188,20.926746368408203
NEG00595,0,43_81,test,80.4391896492334,7.38508038019628,164.56968688964844,9.18739891052246
NEG00596,0,40_77,val,80.16742726379125,6.978130822468727,21.5639705657959,6.060445785522461
NEG00597,0,43_78,val,80.4298132990024,7.0655869631693085,656.544189453125,17.095399856567383
NEG00598,0,42_77,val,80.35227722221771,6.988151286222843,156.4107666015625,19.847484588623047
NEG00599,0,39_72,train,80.04078238199615,6.574703291047927,8.155929565429688,4.024538993835449
NEG00600,0,45_76,test,80.5506721299062,6.921932417626303,1211.021240234375,10.89535903930664
NEG00602,0,44_81,train,80.50498353644944,7.331807121063004,310.6457214355469,16.06153106689453
NEG00603,0,52_78,train,81.18342700302993,7.133260007769992,295.591552734375,6.245480060577393
NEG00604,0,40_79,train,80.18196467477806,7.21441552823991,121.83373260498048,17.554054260253906
NEG00605,0,43_77,train,80.41825213499092,7.009199157248533,128.71844482421875,17.75322723388672
NEG00606,0,45_82,train,80.61936861423165,7.499473169541615,407.492919921875,13.62247371673584
NEG00607,0,47_80,train,80.7635033345255,7.291089194348987,442.1239929199219,6.669352054595947
NEG00608,0,43_77,train,80.44245327925677,7.043214013427457,902.695556640625,16.46137809753418
NEG00609,0,50_79,train,81.00305322889191,7.166842126680936,144.80682373046875,5.583035469055176
NEG00610,0,43_80,val,80.45032446235709,7.257278197724279,213.2735595703125,7.363645553588867
NEG00611,0,45_84,train,80.59790138759847,7.614621850266524,402.736572265625,9.969128608703612
NEG00612,0,41_79,test,80.19238570178277,7.184264873740234,212.61996459960935,14.164505004882812
NEG00613,0,44_83,test,80.53655240040413,7.567560357599847,167.06317138671875,5.069025039672852
NEG00614,0,45_80,val,80.55029602944741,7.271259754361109,524.612548828125,11.116313934326172
NEG00615,0,47_81,train,80.73172721649897,7.346859343303948,543.3938598632812,16.98176383972168
NEG00616,0,49_75,test,80.96499660591512,6.797222877323772,1485.2158203125,17.818838119506836
NEG00617,0,42_74,train,80.34287438908154,6.781158731994492,26.437423706054688,5.10165548324585
NEG00618,0,40_75,train,80.12966827569545,6.856887538585465,108.11593627929688,12.704609870910645
NEG00619,0,51_76,test,81.11022393323206,6.903139253528316,1515.59130859375,19.480148315429688
NEG00620,0,44_74,val,80.49723862593422,6.701897662157098,137.38140869140625,21.57194328308105
NEG00621,0,44_84,train,80.46140585692888,7.657836427032692,135.25238037109375,4.493764877319336
NEG00622,0,43_79,train,80.37890104420809,7.197289273730337,233.90838623046875,13.839433670043944
NEG00623,0,43_87,train,80.37780821463186,7.958974547357729,153.6713409423828,9.947099685668944
NEG00624,0,44_85,val,80.50454055975294,7.7049423827040755,165.89158630371094,3.788707971572876
NEG00625,0,43_76,train,80.44174014907595,6.938700612492134,390.88568115234375,13.158683776855469
NEG00626,0,50_77,train,81.02399799588736,6.98057418936621,899.1376953125,19.54211807250977
NEG00627,0,44_78,train,80.5302749846863,7.059538092847188,715.2811889648438,21.728273391723636
NEG00628,0,42_82,train,80.35995837994926,7.435045200397486,148.49224853515625,5.377100467681885
NEG00629,0,40_77,val,80.18399095030982,7.036499584954831,63.22126007080078,12.50054931640625
NEG00630,0,43_75,train,80.39261815470398,6.797084750162322,433.2366027832031,25.797807693481445
NEG00631,0,46_77,train,80.64599755392206,6.977632164477395,1233.830078125,11.797613143920898
NEG00632,0,42_83,train,80.32726994057971,7.58119424339654,238.922607421875,25.58840751647949
NEG00633,0,50_76,val,81.05959005396737,6.90699995129379,892.422607421875,25.49549102783203
NEG00634,0,43_80,val,80.42507714353582,7.308530777474021,156.75735473632812,9.612222671508787
NEG00635,0,46_89,train,80.69164021085108,8.086832413470201,165.591064453125,1.9171793460845947
NEG00636,0,50_75,test,81.01561490300551,6.787438817486285,1804.1043701171875,13.51156997680664
NEG00637,0,46_81,train,80.64617243686287,7.331209131691465,485.7056579589844,12.030340194702148
NEG00638,0,48_75,test,80.85142665147339,6.825962884671917,1814.713134765625,19.11054992675781
NEG00639,0,47_79,train,80.73736381630879,7.214918567602396,541.4024658203125,10.279359817504885
NEG00640,0,48_77,train,80.88844493857721,6.983516253204472,1516.010009765625,20.717506408691406
NEG00641,0,50_75,test,81.04289153939342,6.851286134526056,1147.3182373046875,16.470001220703125
NEG00642,0,49_81,val,80.97257287300492,7.406069515700589,80.7115478515625,3.879539012908936
NEG00643,0,48_83,val,80.86128477142778,7.578693359819915,192.30706787109372,8.671051025390625
NEG00644,0,42_75,train,80.28637689089403,6.798793521172336,22.9307861328125,4.02793025970459
NEG00645,0,45_84,train,80.59593821971657,7.635819748762562,421.7769470214844,7.73361873626709
NEG00646,0,43_80,val,80.4196317784455,7.28486852419399,124.47373962402344,12.171945571899414
NEG00647,0,48_76,train,80.84991483558983,6.939228929202488,1210.201416015625,22.514328002929688
NEG00648,0,52_77,test,81.21244517903577,7.010982076452427,870.770263671875,23.84101676940918
NEG00649,0,43_75,train,80.37222637091676,6.816534436787267,189.6835021972656,15.35092544555664
NEG00650,0,50_75,test,81.059301654795,6.79420963833982,1034.608642578125,32.11492919921875
NEG00651,0,41_76,train,80.2117178721268,6.963835528700125,44.4864387512207,9.10672092437744
NEG00652,0,45_81,train,80.58807275640719,7.374475840840101,528.2337646484375,10.572444915771484
NEG00653,0,53_75,train,81.27288775504134,6.82477836015008,254.67156982421875,5.643084526062012
NEG00654,0,43_76,train,80.45591752339384,6.925171857157161,767.141845703125,20.14818572998047
NEG00655,0,50_76,val,81.00574690103883,6.907716595717279,1208.3935546875,8.370095252990723
NEG00656,0,42_81,test,80.35177899003065,7.352969626776714,142.17758178710938,10.926998138427734
NEG00657,0,41_79,test,80.23631432430011,7.198129929254048,179.87255859375,16.783784866333008
NEG00658,0,49_82,train,80.97691297045085,7.436275196043571,80.99481964111328,3.842551231384277
NEG00659,0,50_80,train,81.0044153419649,7.26338076717135,91.55036163330078,1.442207098007202
NEG00660,0,47_81,train,80.74576608182959,7.358276402633866,622.8594970703125,16.68225860595703
NEG00661,0,42_77,val,80.28544380013146,6.9984932346418125,222.56732177734372,21.951473236083984
NEG00662,0,44_75,test,80.53120630397066,6.866037573497064,1048.97119140625,12.427730560302734
NEG00663,0,47_78,test,80.80495986243538,7.119988575001452,571.1810302734375,24.053226470947266
NEG00664,0,43_75,train,80.44596018206293,6.838451000313859,1269.03857421875,31.350753784179688
NEG00665,0,40_76,val,80.15808400148315,6.893022962073374,114.6466064453125,15.174363136291504
NEG00666,0,41_79,test,80.22221030885129,7.178114535483785,198.03451538085935,19.35912322998047
NEG00667,0,48_82,test,80.88015781770838,7.49801930455999,337.7971496582031,14.189990997314451
NEG00668,0,41_76,train,80.23142253452467,6.8818788954518535,69.1855239868164,11.010455131530762
NEG00669,0,43_84,test,80.39119987502353,7.632004618799117,116.97550964355467,4.150347709655762
NEG00670,0,46_79,test,80.69676387165481,7.178839758407552,1037.314453125,13.391743659973145
NEG00671,0,43_80,val,80.42071355291998,7.266930606379194,293.7400817871094,9.94780731201172
NEG00672,0,42_80,train,80.28253631912105,7.239011662921051,153.1785888671875,11.13176727294922
NEG00673,0,49_76,train,80.98914038993573,6.934431639332712,1237.368896484375,11.674580574035645
NEG00674,0,43_80,val,80.42074454962793,7.315667443094717,180.12789916992188,13.161999702453612
NEG00675,0,41_75,val,80.19767359947936,6.8746053606309285,175.5244140625,13.547475814819336
NEG00676,0,49_76,train,80.98659991735636,6.877094488432092,1259.678955078125,15.57402801513672
NEG00677,0,44_82,val,80.46061777673272,7.455167062113088,144.47808837890625,4.073396682739258
NEG00678,0,42_76,val,80.33331820312011,6.888802386272119,161.74766540527344,15.35909652709961
NEG00679,0,45_83,train,80.57705800972268,7.561126487124832,430.03167724609375,8.439062118530273
NEG00680,0,48_77,train,80.85052253762977,7.021862754005064,1619.5841064453125,11.459331512451172
NEG00681,0,49_76,train,80.94214031877256,6.891175655395889,1248.154541015625,13.19308376312256
NEG00682,0,47_81,train,80.77821782451385,7.343190249398124,1030.2513427734375,18.817426681518555
NEG00683,0,41_80,test,80.21115434169742,7.239734035876632,83.99811553955078,10.65736198425293
NEG00684,0,40_75,train,80.17268580404834,6.8102749105059335,243.56719970703125,13.981229782104492
NEG00685,0,50_77,train,81.04983980038752,6.970408719201491,845.36474609375,19.07331085205078
NEG00686,0,46_78,val,80.64498904183611,7.117683316747341,1106.0845947265625,13.407144546508787
NEG00687,0,48_82,test,80.84304950058781,7.486955063236704,579.11962890625,18.98173713684082
NEG00688,0,44_80,train,80.52429061435954,7.283443954707849,533.7337646484375,10.872615814208984
NEG00689,0,46_77,train,80.65743270840619,7.001831883379208,1313.37841796875,12.728229522705078
NEG00690,0,45_84,train,80.5947478569012,7.624875412341754,415.0286560058594,12.247450828552246
NEG00691,0,48_75,test,80.85432159558279,6.796140802291839,1743.448974609375,16.751121520996094
NEG00692,0,40_75,train,80.14186791245332,6.861864815839433,47.48435974121094,8.56467056274414
NEG00693,0,38_72,train,79.98596474166287,6.5655055470179535,9.450664520263672,4.058412075042725
NEG00694,0,46_89,train,80.69860823577937,8.060891756968347,164.53976440429688,2.225700855255127
NEG00695,0,45_77,train,80.5668338040356,7.002107522977966,1060.066650390625,9.33637237548828
NEG00696,0,46_78,val,80.66014109530094,7.089826578016648,1079.019775390625,11.90345573425293
NEG00697,0,45_81,train,80.5581243449267,7.358637137272097,535.1298828125,13.530791282653809
NEG00698,0,52_79,test,81.22817000722651,7.165621178561387,258.8691711425781,5.015162467956543
NEG00699,0,40_77,val,80.1754864192734,7.030435143590793,90.4564208984375,16.766376495361328
NEG00700,0,51_77,train,81.15283391864732,6.968856048080104,734.9644775390625,19.5550537109375
NEG00701,0,41_81,val,80.25132557550974,7.377777792848766,87.49311828613281,9.759190559387209
NEG00702,0,48_84,train,80.86138202536088,7.63140365308055,182.74447631835935,10.957226753234863
NEG00703,0,43_77,train,80.41028662302553,7.004284747581465,76.34056091308594,8.365856170654297
NEG00704,0,42_81,test,80.3051119524402,7.379033753994743,100.85968017578124,6.088220596313477
NEG00705,0,44_76,test,80.53164550389802,6.911510618193468,1094.3521728515625,21.754806518554688
NEG00706,0,50_77,train,81.06120571082054,6.968986905370723,784.2012329101562,20.87651252746582
NEG00707,0,49_84,test,80.9103140408417,7.622499567382097,113.8885498046875,5.263347625732422
NEG00708,0,43_84,test,80.42959276392095,7.653059121565594,117.19221496582033,8.088533401489258
NEG00709,0,42_78,train,80.33197798502191,7.145779788945439,286.0286865234375,18.227951049804688
NEG00710,0,40_75,train,80.13745683435883,6.795967745788879,28.73720359802246,4.479351997375488
NEG00711,0,40_79,train,80.15100024344716,7.1970579147983145,75.3873291015625,5.358681201934815
NEG00712,0,45_79,train,80.54998842020171,7.223759442100237,594.9281005859375,18.338123321533203
NEG00713,0,54_76,test,81.38504614206929,6.883352398965262,875.4342041015625,23.471454620361328
NEG00714,0,43_81,test,80.371753368571,7.361050399467375,193.2697296142578,14.353303909301758
NEG00715,0,47_83,train,80.80632710806188,7.569851430830287,409.478515625,20.580123901367188
NEG00716,0,42_77,val,80.32634208974409,7.013159093464161,85.83920288085938,18.117467880249023
NEG00717,0,48_83,val,80.86159391066786,7.54227464706996,197.58761596679688,9.275009155273438
NEG00718,0,42_79,train,80.3562825983252,7.19219766735354,238.90493774414065,16.979787826538086
NEG00719,0,46_80,val,80.65646378655511,7.31979638981828,469.70501708984375,11.35866355895996
NEG00720,0,47_83,train,80.79103878162604,7.552042662633074,537.45068359375,14.515164375305176
NEG00721,0,41_81,val,80.19272350159672,7.351997177752788,52.23760223388672,2.8515491485595703
NEG00722,0,41_78,test,80.25545564204215,7.065550841199555,38.748046875,8.035340309143066
NEG00723,0,43_87,train,80.4220700514665,7.921402163136989,140.33421325683594,1.9957762956619265
NEG00724,0,43_82,train,80.3930250685946,7.466676043382893,137.77413940429688,4.1590256690979
NEG00725,0,44_74,val,80.46568694914947,6.700662802157156,125.22421264648438,15.332500457763672
NEG00726,0,42_74,train,80.35718673194168,6.775923972742762,27.73193359375,4.238681316375732
NEG00727,0,42_77,val,80.36427102779528,7.017314677185766,158.1683807373047,18.75379943847656
NEG00728,0,44_82,val,80.49089815292818,7.458406295935143,453.1160278320313,27.531150817871094
NEG00729,0,44_79,train,80.50037467108386,7.165104833537977,330.6502685546875,20.631580352783203
NEG00730,0,41_78,test,80.25477769274305,7.142037337044532,168.06280517578125,16.213836669921875
NEG00731,0,42_83,train,80.34641986736244,7.563316887676775,162.2574462890625,17.70694351196289
NEG00732,0,42_75,train,80.3015245473205,6.819323168765757,39.707427978515625,7.723472118377685
NEG00733,0,50_79,train,81.00580816575115,7.18161803679649,126.29434204101562,5.202450752258301
NEG00734,0,47_76,train,80.79541731702575,6.899184636709631,1889.5538330078125,7.716818809509277
NEG00735,0,50_77,train,81.0544797069848,6.985795387244604,667.1287231445312,7.970119476318359
NEG00736,0,49_82,train,80.91693192529192,7.450940297654535,166.84140014648438,6.458819389343262
NEG00737,0,48_83,val,80.84209459901359,7.51407203525364,251.78704833984372,8.690505027770996
NEG00738,0,44_84,train,80.46634254143774,7.611774539311264,165.33746337890625,4.712847709655762
NEG00739,0,43_85,train,80.41845401504851,7.718912875609646,119.89613342285156,5.535036087036133
NEG00740,0,53_77,test,81.31072389171413,7.013161064266742,242.7862091064453,5.034083366394043
NEG00741,0,43_84,test,80.43746907636876,7.668597100032404,119.47714233398438,2.9451520442962646
NEG00742,0,47_84,train,80.76292604058341,7.656795592420244,164.69590759277344,5.25768518447876
NEG00743,0,41_75,val,80.24887985774008,6.843674885531945,27.532695770263672,3.224058151245117
NEG00744,0,42_80,train,80.28195524589765,7.312137565496077,91.00271606445312,11.148072242736816
NEG00745,0,42_77,val,80.3555315114558,7.040424476278651,617.690673828125,31.815940856933597
NEG00746,0,42_77,val,80.33308187536248,7.006111702600441,144.47222900390625,17.512420654296875
NEG00747,0,45_83,train,80.57715603912075,7.518248570576332,583.8550415039062,13.12191104888916
NEG00748,0,49_81,val,80.94640739594048,7.328322664826238,292.7674560546875,12.241472244262695
NEG00749,0,52_77,test,81.20946462968925,7.002439031107292,798.1068115234375,18.107196807861328
NEG00750,0,41_75,val,80.20965796434804,6.791291116307801,206.8756103515625,18.102901458740234
NEG00751,0,45_82,train,80.55139207274111,7.419994940965316,398.6423950195313,23.13965606689453
NEG00752,0,41_77,train,80.20048080519189,6.965573261180226,26.55582427978516,5.283403873443604
NEG00753,0,49_81,val,80.93515789256243,7.333835270075459,367.6523742675781,17.217397689819336
NEG00754,0,49_81,val,80.92917796352417,7.331811078125583,429.8297729492188,19.043376922607425
NEG00755,0,51_77,train,81.0995107099811,6.975279068183773,795.7169189453125,16.041797637939453
NEG00756,0,44_83,test,80.48123385216833,7.589885742690793,159.91290283203125,4.685193061828613
NEG00757,0,46_83,train,80.68043967197521,7.532152825292456,434.999267578125,16.824676513671875
NEG00758,0,42_84,train,80.30168613385318,7.606631059332218,87.6877212524414,3.6086831092834473
NEG00759,0,43_77,train,80.40227733364634,7.018493013215807,278.3428649902344,17.133962631225586
NEG00760,0,49_81,val,80.96158218014261,7.4073866761088,87.66400146484375,4.241537570953369
NEG00761,0,45_78,test,80.59993891880151,7.09598683947737,922.6966552734376,14.74856185913086
NEG00762,0,47_76,train,80.7519336510921,6.912643888704113,1611.1767578125,19.571043014526367
NEG00763,0,43_74,train,80.43452028751561,6.766256947865847,87.08409881591797,10.293224334716797
NEG00764,0,46_83,train,80.66404854114515,7.5490098614567716,379.7068481445313,16.28681182861328
NEG00765,0,44_85,val,80.52095274545,7.739361285975865,318.6907958984375,18.503406524658203
NEG00766,0,45_77,train,80.5728184177109,6.999591551151971,1125.5345458984375,14.714197158813477
NEG00767,0,46_76,train,80.71545531134855,6.919140088311654,1421.8043212890625,11.204421043395996
NEG00768,0,42_80,train,80.34044101872949,7.323723009947734,98.00942993164062,11.81337833404541
NEG00769,0,45_84,train,80.58069049205369,7.655950670782975,434.96630859375,12.046048164367676
NEG00770,0,43_85,train,80.4434463705536,7.762715530462923,136.78665161132812,2.9263663291931152
NEG00771,0,51_77,train,81.17312276391642,6.980625363705527,1082.101806640625,14.235225677490234
NEG00772,0,42_83,train,80.33545272258587,7.524431170896298,137.12765502929688,6.016738414764404
NEG00773,0,45_78,test,80.5789594756079,7.111838262379523,633.9119873046875,14.666619300842283
NEG00774,0,47_76,train,80.74224325864893,6.902486770165493,1469.700927734375,17.538782119750977
NEG00775,0,41_76,train,80.21444919316487,6.909343709476097,164.96649169921875,22.393369674682617
NEG00776,0,46_77,train,80.64569002915906,7.017217024288078,1032.27734375,16.623746871948242
NEG00777,0,49_81,val,80.94661997384823,7.392439217804132,147.691650390625,8.90174674987793
NEG00778,0,53_77,test,81.32560663188181,7.049795670345575,406.8579711914063,14.267934799194336
NEG00779,0,41_77,train,80.21472808857831,7.002442004241826,33.37749481201172,7.324127197265625
NEG00780,0,44_75,test,80.4685589015028,6.819534702078267,1246.6383056640625,20.999303817749023
NEG00781,0,49_83,test,80.91516269043652,7.5755413432981,107.73749542236328,4.769358158111572
NEG00782,0,46_84,val,80.63961486611372,7.636759261377023,379.29290771484375,14.17299461364746
NEG00783,0,42_80,train,80.3371483978655,7.246241633415089,201.2924652099609,9.809906959533691
NEG00784,0,50_82,val,81.0376652168976,7.420029772778455,110.24346923828124,3.206822872161865
NEG00785,0,47_82,train,80.73186487879276,7.460017468387559,1427.3056640625,18.470245361328125
NEG00786,0,49_79,val,80.95437200349191,7.181054046828873,247.269287109375,17.507122039794922
NEG00787,0,39_72,train,80.01437770544996,6.5956846282048645,16.26042366027832,6.612828254699707
NEG00788,0,48_76,train,80.86104996906268,6.926797511481787,1109.099365234375,11.00863265991211
NEG00789,0,45_80,val,80.55670140206703,7.303696412333645,674.764404296875,17.56005859375
NEG00790,0,43_87,train,80.40336716076915,7.947289985763463,131.27377319335938,3.125898838043213
NEG00791,0,51_76,test,81.16148437765253,6.949599257517885,997.6155395507812,17.534950256347656
NEG00792,0,46_75,val,80.70464040868744,6.799897914806051,1705.97705078125,22.980716705322266
NEG00793,0,41_80,test,80.19575396806485,7.313124445599735,55.54351806640625,3.953465223312378
NEG00794,0,46_80,val,80.69697880059965,7.246097912962671,580.3804931640625,11.892955780029297
NEG00795,0,42_77,val,80.3176211148017,6.972542779268465,224.17013549804688,14.415283203125
NEG00796,0,50_75,test,81.02890367191038,6.786682436778862,1685.80517578125,28.91634559631348
NEG00797,0,46_76,train,80.69101603215317,6.93730049232488,1376.7208251953125,14.549403190612791
NEG00798,0,50_74,train,81.01070864772177,6.780790839432176,1738.286865234375,28.517147064208984
NEG00799,0,50_76,val,81.0002488395819,6.905800785447517,1190.94775390625,9.957595825195312
NEG00800,0,47_80,train,80.76743526625819,7.300045221487876,433.7468566894531,3.4855759143829346
NEG00801,0,44_75,test,80.532622714001,6.799398016337585,1486.004638671875,21.215614318847656
NEG00802,0,51_79,train,81.11251436126075,7.188359117143871,492.7989196777344,12.514175415039062
NEG00803,0,41_77,train,80.19959903812627,7.008171114314628,38.64389801025391,9.588533401489258
NEG00804,0,46_80,val,80.70722173919394,7.257627318433975,568.2611083984375,16.812179565429688
NEG00805,0,42_76,val,80.31582420342058,6.89727252687295,313.442138671875,16.725135803222656
NEG00806,0,43_82,train,80.40130444099212,7.475149053779633,160.73052978515625,6.959358215332031
NEG00807,0,52_77,test,81.18667508049614,7.011763760808108,1133.491455078125,30.538652420043945
NEG00808,0,49_75,test,80.92171863979141,6.8428116717902965,1249.605224609375,10.670400619506836
NEG00809,0,43_80,val,80.39446959412652,7.316944522952167,112.43766784667967,8.525535583496094
NEG00810,0,43_79,train,80.42830954324545,7.213032869919899,296.4515686035156,15.49179744720459
NEG00811,0,46_82,train,80.66932287353696,7.449966376712727,647.8487548828125,15.189491271972656
NEG00812,0,50_76,val,81.08217927594039,6.89833405572965,1003.320068359375,14.391765594482422
NEG00813,0,43_80,val,80.39675288034451,7.291997123000173,135.32615661621094,15.561795234680176
NEG00814,0,44_76,test,80.51976552645337,6.9209574429929015,954.429443359375,25.959856033325195
NEG00815,0,52_78,train,81.21822330968509,7.125775026477609,238.5835876464844,4.476242065429688
NEG00816,0,45_80,val,80.56351260773822,7.256509508992284,529.9574584960938,10.742542266845703
NEG00817,0,45_80,val,80.6314063874286,7.293338204143555,537.0753173828125,13.346385955810549
NEG00818,0,52_78,train,81.2409469436884,7.073708599072849,309.6153869628906,12.426164627075195
NEG00819,0,44_76,test,80.46943541362305,6.931242639033162,342.8203125,16.547988891601562
NEG00820,0,43_77,train,80.44081753809647,7.025212292386361,499.8364868164063,22.09540557861328
NEG00821,0,44_83,test,80.45698442856744,7.521885362779328,132.3868408203125,3.901448965072632
NEG00822,0,49_83,test,80.91076570055682,7.586051185124018,105.61228942871094,3.092611312866211
NEG00823,0,49_81,val,80.9943986828299,7.379495868161579,97.46778869628906,5.93329668045044
NEG00824,0,46_84,val,80.65427062745376,7.654956801956043,255.0936584472656,4.280303478240967
NEG00825,0,48_75,test,80.85260382270816,6.819679975660759,1711.7708740234375,19.2857666015625
NEG00826,0,51_76,test,81.15163437665244,6.918899715350933,1171.827880859375,28.487972259521484
NEG00827,0,45_80,val,80.61442389633571,7.304424719526485,496.9200439453125,12.968584060668944
NEG00828,0,50_75,test,81.05093030356478,6.849016219054007,1206.885498046875,33.796409606933594
NEG00829,0,42_77,val,80.32905593723103,6.97711665471892,144.82366943359375,22.69081115722656
NEG00830,0,41_81,val,80.20028200120056,7.348720923432143,63.681522369384766,3.731873035430908
NEG00831,0,50_76,val,81.0367123811422,6.914101150098567,1207.244873046875,18.253108978271484
NEG00832,0,48_79,train,80.84288812207542,7.167438972955144,288.8399963378906,16.460969924926758
NEG00833,0,43_83,train,80.38125961715141,7.595769303013057,100.9941864013672,2.826910972595215
NEG00834,0,42_81,test,80.33055678228942,7.35825600286699,96.4915771484375,7.926142692565918
NEG00835,0,48_83,val,80.84146123931042,7.562970785297011,240.27053833007807,13.497583389282228
NEG00836,0,44_77,train,80.53136470579447,7.021741171130215,704.4146728515625,11.79585075378418
NEG00837,0,47_76,train,80.768969288121,6.957348343689102,1881.221435546875,11.749204635620115
NEG00838,0,47_79,train,80.72922552937344,7.153709254981449,758.9251708984375,11.128032684326172
NEG00839,0,44_83,test,80.5068553177122,7.521982359756291,201.1863250732422,13.994003295898438
NEG00840,0,42_78,train,80.33606486501756,7.086560218576917,195.1466827392578,20.63970184326172
NEG00841,0,44_76,test,80.50001952041637,6.901917638390462,694.1822509765625,24.44597625732422
NEG00842,0,50_79,train,81.08486030807381,7.184242600227604,197.95941162109372,7.707277297973633
NEG00843,0,41_79,test,80.27015161054202,7.163534210946949,121.83311462402344,15.67881202697754
NEG00844,0,43_79,train,80.4205645833336,7.207577561026843,280.38531494140625,13.30707550048828
NEG00845,0,50_81,test,81.01322621390601,7.348679562159743,129.03390502929688,5.680176258087158
NEG00846,0,44_83,test,80.50994013228555,7.587476703474527,155.16946411132812,2.7171754837036133
NEG00847,0,48_75,test,80.83958839573089,6.87000094811964,1518.4140625,28.05063247680664
NEG00848,0,42_78,train,80.28904205167879,7.098726024024396,49.23652648925781,7.938849925994873
NEG00849,0,42_77,val,80.3174924385214,6.979151143202708,218.5233154296875,17.07852554321289
NEG00850,0,44_80,train,80.51916978148063,7.315293748385786,258.7222900390625,11.279796600341797
NEG00851,0,41_77,train,80.25990408153524,7.051868605231686,47.563602447509766,10.489582061767578
NEG00852,0,42_77,val,80.29275109874042,7.0506123505110425,147.8195343017578,16.07662582397461
NEG00853,0,49_79,val,80.95434226699895,7.167675963015152,299.29742431640625,19.68427085876465
NEG00854,0,41_76,train,80.25261998466759,6.921014866440102,138.90272521972656,17.316938400268555
NEG00855,0,53_75,train,81.31754180859764,6.847828353130643,185.96728515625,4.331284999847412
NEG00856,0,44_80,train,80.53469168703202,7.258167288036986,576.5621337890625,20.376708984375
NEG00857,0,42_77,val,80.32020095999432,7.0290821020292125,121.619873046875,19.4965934753418
NEG00858,0,50_80,train,81.00683939569218,7.254602605601661,91.74522399902344,3.73663330078125
NEG00859,0,46_76,train,80.64737101234216,6.900242138971628,1415.122314453125,13.203046798706056
NEG00860,0,46_84,val,80.65164397040081,7.602382351333325,349.1746826171875,11.642892837524414
NEG00861,0,52_78,train,81.26121506262004,7.0634158604529045,244.27413940429688,5.501578330993652
NEG00862,0,43_79,train,80.44330863634416,7.192322250921979,363.5908203125,16.95905303955078
NEG00863,0,43_83,train,80.39468710840552,7.516201035301603,138.84674072265625,4.894980430603027
NEG00864,0,43_88,train,80.36702562598983,7.964915069673991,117.02839660644533,2.1986100673675537
NEG00865,0,45_76,test,80.61534281695506,6.919659092925532,1263.573974609375,12.043426513671877
NEG00866,0,48_75,test,80.85727464079795,6.788902945441663,1764.5299072265625,17.505603790283203
NEG00867,0,43_84,test,80.43789410209052,7.685557598012243,111.42645263671876,2.626654148101806
NEG00868,0,47_84,train,80.7796241312707,7.605207500125284,292.80084228515625,15.28524398803711
NEG00869,0,50_81,test,81.0089412862223,7.35664733206186,119.4166259765625,9.953620910644531
NEG00870,0,47_75,train,80.74939281267503,6.85604267145456,1431.070556640625,10.67634105682373
NEG00871,0,44_83,test,80.503406988804,7.590300171029104,156.2935791015625,4.376381874084473
NEG00872,0,43_81,test,80.380261696279,7.358309248005263,102.45867919921876,4.580099105834961
NEG00873,0,41_76,train,80.25669991059203,6.930446838275978,187.19143676757807,23.715011596679688
NEG00874,0,44_75,test,80.54478045865682,6.828065672441067,1163.53564453125,2.0616979598999023
NEG00875,0,43_79,train,80.37664205069808,7.154127795998368,245.828369140625,12.078985214233398
NEG00876,0,46_81,train,80.68686527060544,7.346104276201909,502.929931640625,13.895851135253906
NEG00877,0,53_75,train,81.30054138639555,6.82107416819788,152.2393798828125,3.4052696228027344
NEG00878,0,48_76,train,80.85597826472063,6.920934090447214,1222.0916748046875,23.34821891784668
NEG00879,0,44_80,train,80.4735897232269,7.271349341875775,344.487060546875,30.51792526245117
NEG00880,0,45_81,train,80.5587191174958,7.390703487137621,571.6408081054688,11.092890739440918
NEG00881,0,40_79,train,80.14482379871953,7.177918190368822,60.32060241699219,7.193387985229492
NEG00882,0,44_84,train,80.50637970809487,7.647539616994066,147.92367553710938,2.2800238132476807
NEG00883,0,46_76,train,80.66718931544054,6.961931204137985,1367.176513671875,6.847310543060303
NEG00884,0,48_83,val,80.862243554337,7.535004107738914,201.8764190673828,7.788178443908691
NEG00885,0,42_78,train,80.29221430377399,7.087780369694423,64.15425872802734,11.853057861328123
NEG00886,0,41_81,val,80.24338612283917,7.3537704914263164,133.45310974121094,15.135590553283691
NEG00887,0,46_85,val,80.70238585554544,7.77625947084218,553.923583984375,19.282169342041016
NEG00888,0,48_82,test,80.89560934798311,7.465721435083233,287.963134765625,19.239425659179688
NEG00889,0,49_77,test,80.91838635362298,6.997440514494143,1477.532958984375,15.334760665893556
NEG00890,0,42_80,train,80.27614166358597,7.282483237947511,196.95065307617188,10.361159324645996
NEG00891,0,52_79,test,81.20328822012837,7.198013484075942,276.2800598144531,6.967278480529785
NEG00892,0,41_77,train,80.2026379839296,6.996937602170837,36.1704216003418,8.166187286376953
NEG00893,0,41_79,test,80.22808122284617,7.160818835165415,260.40802001953125,15.095495223999023
NEG00894,0,43_85,train,80.40300700563515,7.729253945451012,106.92925262451172,2.2317934036254883
NEG00895,0,41_77,train,80.26506909152967,7.021583095406276,32.59905242919922,7.868196487426758
NEG00896,0,46_82,train,80.65605826758467,7.44161062319305,475.0334777832031,15.053641319274902
NEG00897,0,40_76,val,80.16242011852454,6.940846927220369,47.98626327514648,9.322972297668455
NEG00898,0,49_82,train,80.9366933016857,7.438486616968963,145.2714080810547,7.540955543518066
NEG00899,0,46_74,val,80.67989458481102,6.7773204189020735,1595.76025390625,14.72983741760254
NEG00900,0,43_86,train,80.42608033515772,7.786443578581706,126.9188003540039,3.716078996658325
NEG00901,0,44_77,train,80.50516991551413,7.041573822936454,606.8394775390625,11.56751823425293
NEG00902,0,48_82,test,80.8795839770329,7.486637574827561,421.6935424804688,16.46322250366211
NEG00903,0,47_84,train,80.78437773728125,7.621640124179576,379.50048828125,21.01775360107422
NEG00904,0,40_77,val,80.16431692714637,7.020939220131937,48.67611312866211,8.768150329589844
NEG00905,0,44_76,test,80.50044352110478,6.87699751417403,1237.7547607421875,24.75802993774414
NEG00906,0,43_79,train,80.44156622501089,7.2229343453669745,226.48516845703125,8.757904052734375
NEG00907,0,42_78,train,80.28554546602588,7.08235634928655,124.36578369140624,21.49321937561035
NEG00908,0,43_76,train,80.41401521736385,6.929083497370788,221.30776977539065,9.248180389404297
NEG00909,0,44_85,val,80.45925802251182,7.761840109116407,168.43397521972656,7.937840938568115
NEG00910,0,41_81,val,80.2570444967506,7.343959915882765,84.89985656738281,5.076009750366211
NEG00911,0,43_83,train,80.44595670313748,7.576971455046886,149.72903442382812,5.628582954406738
NEG00912,0,48_81,val,80.88212200385372,7.352707749203457,581.1446533203125,7.814411640167236
NEG00913,0,44_84,train,80.46529704154972,7.630937417898191,153.5983123779297,5.926386833190918
NEG00914,0,45_81,train,80.61995002338772,7.358087481868375,477.1446533203125,12.236775398254396
NEG00915,0,46_77,train,80.65811433528961,6.993481051147493,1479.1842041015625,14.10647678375244
NEG00916,0,42_80,train,80.31750575088215,7.264632064586959,172.9668426513672,10.414351463317873
NEG00917,0,48_75,test,80.87243662509589,6.8384666198623965,1320.4161376953125,9.736698150634766
NEG00918,0,43_79,train,80.41587257558133,7.2206634332394914,283.3159484863281,14.98131275177002
NEG00919,0,47_78,test,80.73966749063266,7.121409386385825,1218.0572509765625,17.15618133544922
NEG00920,0,44_77,train,80.4777409317506,6.979637852599267,236.87619018554688,12.919212341308594
NEG00921,0,49_79,val,80.9966557196138,7.163129587652158,151.53506469726562,7.609604835510254
NEG00922,0,41_75,val,80.27401815433659,6.825301295626339,42.06150436401367,7.459428310394287
NEG00923,0,43_84,test,80.39281784781622,7.610655158283969,116.84251403808594,3.750065326690674
NEG00924,0,46_85,val,80.72248797062488,7.775429036642145,494.5778503417969,27.459003448486328
NEG00925,0,45_79,train,80.61992908315837,7.150129467982211,710.3035888671875,8.335596084594727
NEG00926,0,42_76,val,80.3509156470103,6.955829120192644,299.75457763671875,13.67599105834961
NEG00927,0,47_75,train,80.79230738738588,6.865354311390503,1984.077880859375,21.500144958496094
NEG00928,0,46_75,val,80.71428169522828,6.856112031258983,1582.519287109375,22.34126281738281
NEG00929,0,49_77,test,80.93373290823824,7.053994674627676,701.0771484375,20.14983940124512
NEG00930,0,50_76,val,81.04810019689614,6.915955996714667,1001.9910888671876,23.389333724975582
NEG00931,0,43_79,train,80.36717188640498,7.171281313385641,156.23098754882812,10.964910507202148
NEG00932,0,51_76,test,81.10664102328356,6.885849979578774,1446.846923828125,22.147607803344727
NEG00933,0,48_75,test,80.84029382582476,6.793180455773734,1650.2708740234375,25.412431716918945
NEG00934,0,44_84,train,80.52363465715551,7.653480582201987,161.34457397460938,3.605163097381592
NEG00935,0,44_83,test,80.52169152632034,7.569084066574144,206.55178833007807,13.732940673828123
NEG00936,0,44_77,train,80.47812802427755,6.988151636976348,304.09259033203125,14.15575122833252
NEG00937,0,46_76,train,80.67380713915503,6.943808226638589,1294.91943359375,14.649682998657228
NEG00938,0,47_76,train,80.76351036403766,6.939764161174657,1983.228515625,11.826269149780272
NEG00939,0,43_74,train,80.38322052744098,6.758011133386749,45.239349365234375,8.482821464538574
NEG00940,0,42_76,val,80.29642947086847,6.889057303754517,240.69796752929688,20.454986572265625
NEG00941,0,42_79,train,80.30282836622322,7.176678768925233,208.19476318359372,15.62346649169922
NEG00942,0,47_77,val,80.72866397831089,7.02393560463171,1831.0875244140625,21.402278900146484
NEG00943,0,42_76,val,80.27607928902104,6.925898323475438,46.69010925292969,14.14622688293457
NEG00944,0,46_76,train,80.65222084192509,6.89644054771503,1469.6036376953125,18.193199157714844
NEG00945,0,45_84,train,80.57825170346447,7.610381972531054,1006.4395751953124,26.46586227416992
NEG00946,0,48_75,test,80.87683409644178,6.856245750905767,1284.89453125,16.469058990478516
NEG00947,0,42_80,train,80.30094337004921,7.24176383642833,162.77911376953125,8.272025108337402
NEG00948,0,43_75,train,80.43420961710294,6.790522088128322,293.3630676269531,10.051676750183104
NEG00949,0,44_78,train,80.53012148346984,7.1390260282885,678.9368896484375,16.273263931274414
NEG00950,0,44_82,val,80.53091475812458,7.433757664250604,199.2984313964844,6.122654914855957
NEG00951,0,46_75,val,80.65178986148493,6.826317238704584,1354.748291015625,8.938587188720703
NEG00952,0,44_76,test,80.46303537692656,6.929996717539953,749.2520751953125,40.71636962890625
NEG00953,0,44_80,train,80.51065508945408,7.32083039803779,228.69798278808597,13.030560493469238
NEG00954,0,47_85,val,80.73608517651466,7.775798026486315,275.09527587890625,14.150150299072266
NEG00955,0,44_78,train,80.4907916409116,7.1104451666408295,708.7701416015625,20.345481872558597
NEG00956,0,42_76,val,80.30253822110173,6.931193473745554,98.8095245361328,16.69426727294922
NEG00957,0,41_79,test,80.2658721294923,7.156180733890187,127.53565216064452,17.786251068115234
NEG00958,0,49_80,train,80.99225145153585,7.281472029400809,106.16520690917967,5.187129974365234
NEG00959,0,41_76,train,80.20379407311933,6.901292188172159,178.80514526367188,16.433225631713867
NEG00960,0,46_85,val,80.72628597833273,7.751119313907548,216.8297576904297,2.660123348236084
NEG00961,0,45_78,test,80.58597571909733,7.1159144428023895,706.826416015625,14.139524459838867
NEG00962,0,48_76,train,80.87990137585713,6.963521058598084,1259.387451171875,22.784887313842773
NEG00963,0,42_80,train,80.28836903995936,7.322559203197491,88.78956604003906,8.026987075805664
NEG00964,0,42_81,test,80.32302742117494,7.392659086945352,126.8301239013672,4.242411136627197
NEG00965,0,46_75,val,80.70279976634406,6.868773066832506,1411.8074951171875,12.17398452758789
NEG00966,0,42_80,train,80.36187845980982,7.278220554391385,220.8521423339844,17.929229736328125
NEG00967,0,44_84,train,80.52820525124224,7.626413827599554,223.13308715820312,11.862363815307615
NEG00968,0,44_80,train,80.48736842343504,7.239314541753949,300.737060546875,14.232361793518066
NEG00969,0,39_72,train,80.02239115234276,6.539690501669145,28.003700256347656,8.338945388793945
NEG00970,0,47_78,test,80.76031644560389,7.115153460447796,1098.1573486328125,13.764103889465332
NEG00971,0,42_87,train,80.36472314401851,7.929601314363515,119.27169799804688,2.2157466411590576
NEG00972,0,47_84,train,80.77479785203452,7.652709608539844,185.6549530029297,4.070368766784668
NEG00973,0,48_79,train,80.89670063544294,7.202526024684595,227.0,0.0
NEG00974,0,43_82,train,80.42499854972539,7.469572963814796,174.5684814453125,11.93752384185791
NEG00975,0,49_83,test,80.92636675199755,7.565689611585366,109.0404052734375,4.939115524291992
NEG00976,0,48_84,train,80.90214299473988,7.660828877739153,123.7148208618164,5.654152870178223
NEG00977,0,40_75,train,80.14843792512926,6.792414390622309,43.95832824707031,7.217959880828857
NEG00978,0,46_82,train,80.64297468149849,7.419697829561094,365.2064208984375,7.468469619750977
NEG00979,0,41_81,val,80.2016264580328,7.333139565753563,60.79924774169922,3.874092102050781
NEG00980,0,51_76,test,81.13794324138352,6.902997469163132,857.845458984375,13.152484893798828
NEG00981,0,49_75,test,80.9360370671697,6.874935296763245,1183.787109375,12.613251686096191
NEG00982,0,43_84,test,80.38850846038592,7.601980649368259,109.80259704589844,3.6214425563812256
NEG00983,0,41_81,val,80.24439181255876,7.368337730360138,69.37945556640625,3.925038576126098
NEG00984,0,44_77,train,80.51590221942072,7.053821261757954,743.6729736328125,20.79798126220703
NEG00985,0,45_82,train,80.59637662046137,7.481633694095961,760.6959838867188,14.710101127624512
NEG00986,0,44_75,test,80.49429618395548,6.845598450503472,1592.712646484375,29.39248275756836
NEG00987,0,41_80,test,80.26550282071705,7.237682376158549,121.2958984375,13.323711395263672
NEG00988,0,49_81,val,80.95778302729005,7.334621951817065,332.0333251953125,22.891246795654297
NEG00989,0,46_82,train,80.66031598361413,7.492848226352221,449.8335571289063,16.258586883544922
NEG00990,0,52_79,test,81.18535159209766,7.157825051704313,271.9101257324219,4.335658073425293
NEG00991,0,49_80,train,80.99925493955458,7.301826033961646,83.76008605957031,10.191009521484377
NEG00992,0,43_83,train,80.381401335295,7.51106991927888,115.12521362304688,3.301316022872925
NEG00993,0,47_75,train,80.80613892150268,6.8122750141456105,2134.80322265625,6.471612930297852
NEG00994,0,48_75,test,80.82512871846045,6.789963826779382,2081.224609375,17.842823028564453
NEG00995,0,48_74,val,80.83482957003943,6.777716261293927,1398.214599609375,29.048933029174805
NEG00996,0,48_81,val,80.89222367990091,7.3452113772623955,594.5458984375,11.059459686279297
NEG00997,0,46_79,test,80.6746162171442,7.148141442097908,903.95849609375,15.256020545959473
NEG00998,0,50_75,test,81.07518394584339,6.816422199553163,743.6446533203125,22.668426513671875
NEG00999,0,41_77,train,80.24641768194898,7.038917526859831,29.423553466796875,6.29502534866333
NEG01000,0,48_83,val,80.84517893541415,7.553048260508568,256.7470092773437,10.305070877075195
NEG01001,0,46_89,train,80.68051546575927,8.090744540562724,168.05731201171875,2.811231136322021
NEG01002,0,45_83,train,80.5950238093562,7.569879260102197,408.3936462402344,6.799952030181885
NEG01003,0,47_79,train,80.74290149003899,7.234398300173629,475.4631958007813,16.449716567993164
NEG01004,0,45_81,train,80.61751737604843,7.407715518829967,614.4913330078125,16.751941680908203
NEG01005,0,47_76,train,80.81855184197502,6.9628305191042,1958.3790283203125,12.576822280883787
NEG01006,0,41_75,val,80.21795011242244,6.8347753109238925,140.74954223632812,12.67231559753418
NEG01007,0,41_79,test,80.21194511626113,7.199643890824088,131.7027587890625,13.905686378479004
NEG01008,0,44_84,train,80.50858985869051,7.639481062982666,153.78472900390625,2.962873935699463
NEG01009,0,44_75,test,80.46994771352986,6.796791647342573,1041.54296875,26.840993881225582
NEG01010,0,47_84,train,80.79286781961112,7.602646065849669,526.5454711914062,16.993518829345703
NEG01011,0,44_84,train,80.52274812617868,7.616769806523528,202.10157775878903,6.977745056152344
NEG01012,0,43_83,train,80.4486813286008,7.588248771619338,133.9862518310547,3.8819305896759033
NEG01013,0,43_83,train,80.39993608909066,7.5327428599832755,117.6156234741211,3.7408742904663086
NEG01014,0,45_85,val,80.54933072994645,7.743184625625056,226.30470275878903,6.3826904296875
NEG01015,0,46_88,val,80.70222323372185,8.035571946253436,181.93099975585935,1.9355629682540891
NEG01016,0,53_75,train,81.29828665774212,6.86860692158325,176.19708251953125,4.374627113342285
NEG01017,0,42_79,train,80.31029153471019,7.189279153235298,86.14349365234375,14.578258514404297
NEG01018,0,48_75,test,80.86855170189624,6.850079439138386,1334.869384765625,13.656904220581056
NEG01019,0,41_76,train,80.22766038461354,6.897645713926311,44.54615020751953,8.429197311401367
NEG01020,0,49_79,val,80.99125469125988,7.235392412112038,153.7552490234375,11.58953857421875
NEG01021,0,45_78,test,80.5510982083013,7.106081480884922,771.247802734375,25.26542854309082
NEG01022,0,47_79,train,80.7351284325082,7.227274428679597,570.877685546875,13.675359725952148
NEG01023,0,50_75,test,81.06917517759726,6.810629419987244,834.6997680664062,20.23453140258789
NEG01024,0,42_76,val,80.2924913346483,6.92998354778656,159.25448608398438,15.670113563537598
NEG01025,0,46_80,val,80.66739243356874,7.238986769159631,795.9456787109375,10.73265266418457
NEG01026,0,50_79,train,81.01546673528665,7.176476243752265,157.05584716796875,10.59292984008789
NEG01027,0,45_80,val,80.56440821006701,7.268758138639793,523.24072265625,13.524423599243164
NEG01028,0,41_80,test,80.24706515351548,7.304180606583836,106.22129821777344,12.701168060302734
NEG01029,0,41_79,test,80.22316945318559,7.189629672709726,91.0994873046875,7.60137939453125
NEG01030,0,42_78,train,80.34618336651637,7.117142772187351,293.2613525390625,15.702796936035156
NEG01031,0,52_77,test,81.24038800447613,6.970467790483968,428.2767639160156,19.299840927124023
NEG01032,0,51_78,test,81.1775932528318,7.129108649718086,305.97320556640625,7.852421283721924
NEG01033,0,50_81,test,81.01925099786915,7.402735389776966,93.24861145019533,2.2304112911224365
NEG01034,0,43_82,train,80.3761800321148,7.467612285699785,140.123046875,8.218533515930176
NEG01035,0,49_82,train,80.93250864003755,7.498370835598656,97.88209533691406,4.798096179962158
NEG01037,0,50_79,train,81.0027043622022,7.195035508495162,117.02566528320312,6.236762046813965
NEG01038,0,42_76,val,80.32639266355746,6.916947229405338,267.14569091796875,18.69861602783203
NEG01039,0,49_81,val,80.95080892552578,7.33687859244747,147.794677734375,16.435932159423828
NEG01040,0,44_76,test,80.49423060277024,6.964436378132815,430.76416015625,25.81382751464844
NEG01041,0,47_75,train,80.79269406917982,6.856380291669681,2000.8740234375,21.39823532104492
NEG01042,0,44_77,train,80.54368823197177,7.0531616073825525,623.8513793945312,10.332961082458496
NEG01043,0,52_79,test,81.22055001114747,7.17085465239509,267.9913330078125,4.773304462432861
NEG01044,0,41_76,train,80.2448099347782,6.925549604854646,104.31295776367188,19.399147033691406
NEG01045,0,44_80,train,80.46515872996666,7.245849987658413,213.9634704589844,7.183748245239258
NEG01046,0,41_81,val,80.24699170465355,7.389255999653112,71.58358764648438,6.322260856628418
NEG01047,0,45_79,train,80.60323009513678,7.193714771275161,492.42523193359375,10.933818817138672
NEG01048,0,51_76,test,81.168347532956,6.923253433189067,888.7305297851562,18.251129150390625
NEG01049,0,40_75,train,80.15166001468563,6.799952386423307,49.39068603515625,10.725393295288086
NEG01050,0,47_78,test,80.75506496956804,7.088125901352768,1613.0460205078125,14.247963905334473
NEG01051,0,41_81,val,80.22959341453803,7.361213968394921,94.65625,10.162239074707031
NEG01052,0,45_79,train,80.55974432538272,7.229403874106842,558.407470703125,13.560903549194336
NEG01053,0,45_76,test,80.60538309636107,6.909861930913582,1258.202392578125,11.445074081420898
NEG01054,0,45_80,val,80.56196851009567,7.292715148646683,538.041015625,10.568140029907228
NEG01055,0,41_76,train,80.26155508766954,6.919140683025379,179.18934631347656,14.619988441467283
NEG01056,0,43_87,train,80.36820627943467,7.910376112306912,143.81463623046875,10.559064865112305
NEG01057,0,42_87,train,80.36048760434187,7.940276910557896,120.01536560058594,2.46235466003418
NEG01058,0,44_85,val,80.5425112496706,7.717957021691839,270.5339050292969,9.743234634399414
NEG01059,0,48_75,test,80.83081769988306,6.8489719766030905,1894.453369140625,11.992597579956056
NEG01060,0,51_76,test,81.10805446638089,6.926928610301598,1401.5206298828125,35.846370697021484
NEG01061,0,41_75,val,80.19300819624932,6.842895033632546,193.22637939453125,12.98180866241455
NEG01062,0,49_81,val,80.99233314069464,7.340043912717571,91.04832458496094,2.30612850189209
NEG01063,0,42_79,train,80.34739718964182,7.159580912529148,339.1525573730469,13.632198333740234
NEG01064,0,46_77,train,80.6395088745827,6.972086005247938,1277.411376953125,13.414721488952637
NEG01065,0,48_76,train,80.87460352097264,6.884451711678593,1142.154296875,12.83039665222168
NEG01066,0,44_75,test,80.50591199096998,6.7918833994577765,1659.063232421875,13.043469429016112
NEG01067,0,48_77,train,80.88594186894728,7.009706830617265,1344.152587890625,13.634925842285156
NEG01068,0,44_85,val,80.5035935175547,7.714384680209382,169.1778564453125,4.470641136169434
NEG01069,0,45_81,train,80.63112721113353,7.364252766014643,585.0101318359375,14.36638069152832
NEG01070,0,46_80,val,80.69246322902613,7.253662032431437,520.360595703125,14.37779712677002
NEG01071,0,42_77,val,80.29966766484928,7.029360904656097,50.051536560058594,13.20622444152832
NEG01072,0,42_80,train,80.35644614551887,7.267208404078116,314.1749572753906,9.347492218017578
NEG01073,0,50_82,val,81.01550936354681,7.424037225776557,90.35847473144533,2.591427087783813
NEG01074,0,52_77,test,81.26078057837644,7.024924455717579,267.5663452148437,8.314842224121094
NEG01075,0,45_79,train,80.5570235779533,7.20142705660008,571.9326171875,12.43211269378662
NEG01076,0,49_76,train,80.97986780910256,6.878065166407241,1174.769775390625,13.693946838378906
NEG01077,0,46_80,val,80.66124007312351,7.306160822720753,482.4708862304688,9.864490509033203
NEG01078,0,49_77,test,80.91069625944411,7.007359350223706,1249.638427734375,16.831274032592773
NEG01079,0,52_77,test,81.25186641386445,6.988543793065072,362.9888610839844,9.117352485656738
NEG01080,0,52_79,test,81.20439900907917,7.183821243106021,328.1084899902344,14.845375061035156
NEG01081,0,46_76,train,80.65563741925033,6.960045725205116,1265.46240234375,14.818254470825195
NEG01082,0,49_76,train,80.9330222695505,6.893884098789878,1211.678466796875,11.188980102539062
NEG01083,0,42_81,test,80.33417537579012,7.329464123313031,117.64263916015624,11.883068084716797
NEG01084,0,41_76,train,80.19818781961837,6.884883883434435,188.28929138183597,14.767181396484377
NEG01085,0,48_76,train,80.89485331329816,6.881513813438466,1139.634033203125,14.554388046264648
NEG01086,0,42_78,train,80.361833143247,7.101396791100607,97.83415222167967,16.030611038208008
NEG01087,0,52_79,test,81.21345037190962,7.148260973003436,256.17041015625,7.534576416015625
NEG01088,0,43_84,test,80.4165093288679,7.680148437186856,119.32892608642578,7.024021148681641
NEG01089,0,44_79,train,80.52553042017675,7.204549311628669,582.6633911132812,17.260770797729492
NEG01090,0,42_78,train,80.28586834934815,7.118267406494419,46.86936569213867,10.457752227783203
NEG01091,0,49_81,val,80.95619242633911,7.366999561884521,102.14020538330078,6.309306144714356
NEG01092,0,48_75,test,80.85206837257232,6.851283737392665,1545.7005615234375,25.36777114868164
NEG01093,0,46_84,val,80.70773095942383,7.632878771960323,444.7332763671875,19.87993431091309
NEG01094,0,41_81,val,80.2295864800086,7.349540872115789,75.84648895263672,4.525132656097412
NEG01095,0,41_80,test,80.22538002483874,7.314668397202486,113.94027709960938,6.883278846740723
NEG01096,0,43_83,train,80.39207646060967,7.53476174985607,124.35301971435548,3.886019706726074
NEG01097,0,44_79,train,80.49373361127118,7.158322454650444,287.2259826660156,9.345802307128906
NEG01098,0,40_76,val,80.14823949985848,6.93683747179536,46.22853469848633,9.067529678344728
NEG01099,0,50_76,val,81.0763132165933,6.936152003568397,820.1126098632812,17.882457733154297
NEG01100,0,41_76,train,80.2377645812725,6.945703715817522,76.48471069335938,13.62119483947754
NEG01101,0,46_75,val,80.64395675085147,6.813700006847405,1283.800048828125,13.74936866760254
NEG01102,0,44_77,train,80.47685161847673,7.031152692192815,753.25146484375,12.799132347106934
NEG01103,0,43_74,train,80.44525891582407,6.72410079971487,104.8461456298828,14.35140609741211
NEG01104,0,45_81,train,80.6155811116266,7.372602366676634,496.0974731445313,13.019938468933104
NEG01105,0,48_84,train,80.89736457524664,7.625650149061878,128.75775146484375,3.612536191940308
NEG01106,0,45_80,val,80.55497219032087,7.327211321928431,564.2598266601562,16.82906723022461
NEG01107,0,43_79,train,80.4037762627944,7.200733510504706,646.4244384765625,29.63274955749512
NEG01108,0,47_80,train,80.76540378787693,7.2720758967830195,471.3540344238281,5.767185211181641
NEG01109,0,47_80,train,80.74405508639889,7.302149536850849,470.3376770019531,7.744812965393066
NEG01110,0,41_79,test,80.24566725863518,7.232716625729833,171.01768493652344,18.81698036193848
NEG01111,0,43_80,val,80.3814446756087,7.25398220608899,145.4327392578125,17.152576446533203
NEG01112,0,43_77,train,80.36864037214556,6.985644230380106,149.74368286132812,14.089794158935549
NEG01113,0,43_77,train,80.40612099413642,6.9951824326403,67.14016723632812,9.37074851989746
NEG01114,0,44_81,train,80.4744798019579,7.391364411399407,190.9707489013672,6.382201194763184
NEG01115,0,42_84,train,80.32321927095268,7.614250652146705,127.13925170898438,11.495189666748049
NEG01116,0,44_80,train,80.51632939973287,7.302075666545194,539.6385498046875,23.012582778930664
NEG01117,0,46_81,train,80.72630239622411,7.392510307462493,961.073974609375,18.07883071899414
NEG01118,0,41_74,val,80.24042450056922,6.7775416970916975,178.26397705078125,15.178146362304688
NEG01119,0,50_75,test,81.01851413848696,6.798838669625184,1877.874267578125,13.413002014160156
NEG01120,0,42_75,train,80.36305238795836,6.787189523678083,33.648773193359375,5.909664154052734
NEG01121,0,44_76,test,80.50062928682335,6.960957705336623,487.781494140625,17.171783447265625
NEG01122,0,41_79,test,80.2138781577978,7.191951682862569,112.66397094726562,15.630666732788086
NEG01123,0,45_80,val,80.60341414819895,7.238382550396206,573.5545654296875,18.917205810546875
NEG01124,0,52_78,train,81.18925217190521,7.069315421168821,1041.705078125,18.696502685546875
NEG01125,0,44_75,test,80.53825015377674,6.8741736637317175,1214.6513671875,18.98935890197754
NEG01126,0,44_79,train,80.46276515866131,7.229903704090923,227.91505432128903,7.723668575286865
NEG01127,0,41_80,test,80.2090930089347,7.248599635105156,77.59182739257812,8.995071411132812
NEG01128,0,52_78,train,81.2394837602211,7.120221023738762,229.93585205078125,4.326398849487305
NEG01129,0,50_80,train,81.01367207259923,7.261817087361518,94.44628143310548,2.3719160556793213
NEG01130,0,45_78,test,80.6037700600046,7.134212583846873,667.583740234375,15.853261947631836
NEG01131,0,47_76,train,80.81160450241664,6.875949111752185,1851.4798583984373,11.10310173034668
NEG01132,0,41_78,test,80.25182305742548,7.119157478895652,243.50509643554688,16.101573944091797
NEG01133,0,45_81,train,80.58528750712217,7.410121627692682,567.5819091796875,15.840231895446776
NEG01134,0,43_82,train,80.40989928718133,7.483579511062506,155.10516357421875,4.593482971191406
NEG01135,0,41_76,train,80.26901604622492,6.913739586787271,59.72944641113281,14.321800231933594
NEG01136,0,43_77,train,80.41858336324573,6.976589286561613,328.1562805175781,28.26649475097656
NEG01137,0,44_84,train,80.49244727208935,7.6551566741476735,149.37319946289062,7.012763023376465
NEG01138,0,46_88,val,80.6929799668635,8.041651030967852,164.90884399414062,1.5821053981781006
NEG01139,0,50_81,test,81.04194949842666,7.368027007165685,96.45220947265624,0.7559676766395569
NEG01140,0,44_75,test,80.49606887589044,6.861015394878565,1415.2767333984375,20.32929992675781
NEG01141,0,45_79,train,80.57047678807825,7.186112933353967,579.9052734375,17.20990753173828
NEG01142,0,48_77,train,80.82606821342745,6.966186692183523,1974.556884765625,12.51350212097168
NEG01143,0,43_74,train,80.39692390147333,6.780337507805136,456.7840576171875,18.7222843170166
NEG01144,0,44_82,val,80.49347641426769,7.436996887934303,318.7935485839844,27.98295211791992
NEG01145,0,44_73,test,80.47977858515694,6.6762979009896535,216.60025024414065,13.972684860229492
NEG01146,0,52_78,train,81.2404185429749,7.058048105367568,660.1360473632812,27.371082305908203
NEG01147,0,42_79,train,80.34121672614489,7.21352096807444,253.10269165039065,11.288763046264648
NEG01148,0,42_79,train,80.29028382920052,7.165355804364748,77.56709289550781,9.752649307250977
NEG01149,0,39_72,train,80.00844213203608,6.550622824879441,12.549053192138672,5.768990516662598
NEG01150,0,41_76,train,80.25304980817018,6.958451320505343,35.98581314086914,9.082220077514648
NEG01151,0,49_83,test,80.917943579598,7.569471773390568,109.48236083984376,3.703251838684082
NEG01152,0,46_78,val,80.65465252804059,7.079571387629764,912.2509765625,16.850439071655273
NEG01153,0,46_81,train,80.71885992251148,7.358764437391978,791.51171875,18.3226318359375
NEG01154,0,48_77,train,80.82335244637702,7.046762074064198,1738.8360595703125,11.531087875366213
NEG01155,0,46_76,train,80.72628021498349,6.91924895104451,1392.267822265625,12.181367874145508
NEG01156,0,51_76,test,81.17793141641317,6.965287132403746,1113.321533203125,20.414947509765625
NEG01157,0,49_76,train,80.9569210617005,6.962079710635128,936.11669921875,19.72633171081543
NEG01158,0,47_75,train,80.76461999464154,6.872909012229333,1858.56640625,7.436327934265137
NEG01159,0,48_76,train,80.8440983857932,6.9560860457635645,1524.364501953125,21.460309982299805
NEG01160,0,48_83,val,80.89252426960267,7.535022208256717,136.71737670898438,10.055068969726562
NEG01161,0,49_79,val,80.97458245202641,7.194476037562594,191.11903381347656,16.366107940673828
NEG01162,0,48_76,train,80.88971137188211,6.9574212163705305,1120.52197265625,12.077180862426758
NEG01163,0,44_83,test,80.52999094297014,7.55668876160846,229.294677734375,11.605279922485352
NEG01164,0,42_80,train,80.35737654180431,7.319730921141073,90.96745300292967,7.229995250701904
NEG01165,0,50_79,train,81.0642341520866,7.17874766663033,143.90097045898438,5.227083206176758
NEG01166,0,45_77,train,80.56711686093361,7.030985879031711,809.251220703125,25.904705047607425
NEG01167,0,50_81,test,81.00047869811192,7.380519967540914,205.4107360839844,25.71206283569336
NEG01168,0,45_78,test,80.63434285083127,7.121732554018909,1060.626953125,16.603199005126953
NEG01169,0,44_76,test,80.48014215755366,6.932856338532689,531.651123046875,25.53763961791992
NEG01170,0,42_79,train,80.302157611851,7.195885950402425,90.78396606445312,14.204830169677734
NEG01171,0,44_85,val,80.53999745561732,7.743473392199233,314.8456420898437,19.73588180541992
NEG01172,0,46_83,train,80.66645189164886,7.514680392902775,368.7544555664063,8.079736709594727
NEG01173,0,44_84,train,80.45651731504846,7.620093088031854,139.01815795898438,4.553327560424805
NEG01174,0,41_79,test,80.23395569997153,7.215983194391008,170.43885803222656,14.695030212402344
NEG01175,0,49_79,val,80.98003575887456,7.227912997101674,196.3919677734375,18.522674560546875
NEG01176,0,46_84,val,80.64601111616597,7.6366848880322,345.5493469238281,12.617494583129885
NEG01177,0,49_81,val,80.91562149956596,7.372784726885183,547.2399291992188,22.12520980834961
NEG01178,0,42_80,train,80.35240130270016,7.276947966053509,235.5083923339844,18.3729190826416
NEG01179,0,48_75,test,80.81964133416835,6.835305114379221,2225.75244140625,23.445188522338867
NEG01180,0,47_80,train,80.7692209644752,7.267533431419869,500.6477661132813,12.707271575927734
NEG01181,0,42_80,train,80.3618489522698,7.303909015647502,138.6002197265625,15.831805229187012
NEG01182,0,43_79,train,80.45329132963326,7.175611286297791,242.1649169921875,10.90517807006836
NEG01183,0,46_81,train,80.6505886816152,7.396258702136326,471.8707885742188,20.84521484375
NEG01184,0,46_81,train,80.65064876527445,7.341711779096579,467.958984375,8.58505630493164
NEG01185,0,50_79,train,81.04819770570246,7.183556708736895,133.62271118164062,6.916373252868652
NEG01186,0,49_81,val,80.9817249950979,7.353506950777036,84.23762512207031,4.570623397827148
NEG01187,0,49_75,test,80.92431207660373,6.865002352524053,1232.67529296875,10.345233917236328
NEG01188,0,43_79,train,80.43403103282523,7.215654359631741,254.37039184570312,12.472112655639648
NEG01189,0,42_87,train,80.35712506639425,7.928776167914583,119.85210418701172,3.1852424144744877
NEG01190,0,42_76,val,80.29051938621028,6.87976067372445,53.6064682006836,10.69043254852295
NEG01191,0,49_81,val,80.9918247312942,7.36725401274139,83.6198959350586,1.896440029144287
NEG01192,0,43_84,test,80.38594028064048,7.642457205344961,115.69912719726562,3.573317050933838
NEG01193,0,54_75,train,81.38960968552968,6.874216554182171,937.154541015625,33.30413818359375
NEG01194,0,44_79,train,80.4936796476857,7.173088869854705,272.39764404296875,10.525796890258787
NEG01195,0,52_77,test,81.18611072113387,6.996917296693243,1168.406982421875,31.02484893798828
NEG01196,0,41_76,train,80.23786338243835,6.92084461184687,54.610984802246094,12.138057708740234
NEG01197,0,46_81,train,80.70734364765968,7.3419336101683985,765.1260375976562,24.950477600097656
NEG01198,0,42_77,val,80.29492710012504,6.990350861847586,177.87939453125,13.24663543701172
NEG01199,0,45_84,train,80.61750932017864,7.618718469418067,421.2127990722656,8.443232536315918
NEG01200,0,46_83,train,80.694860262659,7.525887534076128,496.3618774414063,17.389556884765625
NEG01201,0,47_76,train,80.73932623814898,6.914591664594618,1452.987060546875,14.741535186767578
NEG01202,0,49_79,val,80.95781286063564,7.209790206118204,176.62005615234375,8.936683654785156
NEG01203,0,42_76,val,80.27592369588845,6.936357671954699,61.65369415283203,14.378171920776367
NEG01204,0,47_77,val,80.81603625539597,6.99723684496019,1957.8729248046875,11.295170783996582
NEG01205,0,42_79,train,80.35770746734813,7.208298527631862,218.92919921875,12.7845458984375
NEG01206,0,46_82,train,80.71212226295772,7.504592298882199,790.4425659179688,20.154937744140625
NEG01207,0,46_77,train,80.6492654739702,6.996215421871447,1264.9676513671875,27.067604064941406
NEG01208,0,48_83,val,80.87471578258594,7.567919472002323,410.5093994140625,21.07710647583008
NEG01209,0,42_79,train,80.36580505472135,7.183267307445343,234.35589599609372,7.789512634277344
NEG01210,0,43_80,val,80.36940866374057,7.283431694698423,145.7154541015625,10.630500793457031
NEG01211,0,48_82,test,80.87213887896651,7.500203708843295,338.4039306640625,16.070274353027344
NEG01212,0,43_74,train,80.38407736016832,6.765720795956304,40.882232666015625,7.128306865692139
NEG01213,0,45_84,train,80.55798133630304,7.637358953782276,224.30612182617188,12.1312255859375
NEG01214,0,44_82,val,80.48879818087502,7.448029426262537,357.05181884765625,28.512676239013672
NEG01215,0,45_77,train,80.55913434526633,6.999493240713156,1055.868896484375,13.124228477478027
NEG01216,0,43_85,train,80.4161688310942,7.772880069900589,113.95726013183594,3.3514857292175293
NEG01217,0,41_75,val,80.2681017054379,6.8262437645187966,45.64509963989258,5.055923461914063
NEG01218,0,44_79,train,80.47944004085004,7.158475299672019,283.865966796875,8.826610565185547
NEG01219,0,45_80,val,80.54796900439871,7.256529143362459,533.9367065429688,9.96070957183838
NEG01220,0,46_76,train,80.69903818998486,6.916173148719573,1387.73828125,11.1845121383667
NEG01221,0,50_75,test,81.06110677106615,6.849519349969837,578.1806640625,28.83260154724121
NEG01222,0,41_79,test,80.25770515368004,7.221178169763521,186.1294860839844,13.624330520629885
NEG01223,0,47_83,train,80.77228743985452,7.585700002266239,432.6258239746094,19.097240447998047
NEG01224,0,46_82,train,80.63821001007086,7.46553229816461,365.5791320800781,11.321907043457031
NEG01225,0,46_89,train,80.70009019943038,8.051487975251343,162.6748504638672,2.280428886413574
NEG01226,0,52_78,train,81.19398825090653,7.143882830770216,310.4299011230469,10.781725883483888
NEG01227,0,44_83,test,80.52586717742741,7.579710317129372,190.6282958984375,9.47321891784668
NEG01228,0,41_81,val,80.22479777041549,7.344997686505991,84.51029968261719,9.48784637451172
NEG01229,0,46_76,train,80.65356768342053,6.9080597202663085,1359.70751953125,10.888106346130373
NEG01230,0,38_72,train,79.99659749409732,6.551882214665757,19.05211639404297,8.564027786254883
NEG01231,0,51_77,train,81.10211327547565,6.983710825696981,945.1775512695312,17.9967041015625
NEG01232,0,48_84,train,80.90258396556038,7.669541245259813,113.93663024902344,2.076534509658813
NEG01233,0,42_75,train,80.30688399127595,6.813117567671873,53.55528259277344,9.626808166503906
NEG01234,0,42_83,train,80.36107055152074,7.562151973710797,100.794189453125,2.9433393478393555
NEG01235,0,49_75,test,80.95045833259572,6.840034428571469,1203.7423095703125,24.078521728515625
NEG01236,0,41_78,test,80.2615027860193,7.06123450030523,33.85802459716797,7.342768669128418
NEG01237,0,49_81,val,80.98411934608279,7.368494223033412,81.7772445678711,1.5856266021728516
NEG01238,0,50_76,val,81.00170558261743,6.878018234246329,1414.7994384765625,12.16775608062744
NEG01239,0,46_81,train,80.69910558904992,7.357946549774934,640.1021728515625,13.806089401245115
NEG01240,0,45_81,train,80.63447654000389,7.355305009254399,525.0059814453125,10.686445236206056
NEG01241,0,48_79,train,80.88846305155091,7.149489194097091,325.8672790527344,18.719745635986328
NEG01242,0,45_75,train,80.55115236667203,6.841593724082085,1168.587158203125,6.739182949066162
NEG01243,0,44_81,train,80.49911522567074,7.410429542920313,168.76344299316406,2.6678426265716557
NEG01244,0,46_77,train,80.6534974963308,7.0256818594755615,802.668212890625,19.224384307861328
NEG01245,0,44_83,test,80.52955994261893,7.564308490222226,197.62136840820312,11.435312271118164
NEG01246,0,52_78,train,81.20638115066197,7.095279274805772,554.0699462890625,21.01537704467773
NEG01247,0,44_83,test,80.5169873403983,7.596784640018305,189.1072998046875,7.778936386108398
NEG01248,0,48_83,val,80.8564368198485,7.569168401481534,174.92605590820312,7.110380172729492
NEG01249,0,43_78,val,80.39042916268504,7.142051917398326,328.87274169921875,13.113874435424805
NEG01250,0,43_80,val,80.41091359178115,7.265667624729906,192.71649169921875,14.95103645324707
NEG01251,0,50_77,train,81.07997609446905,6.979652965748119,800.585205078125,12.360624313354492
NEG01252,0,43_85,train,80.42503815735428,7.7723181665592,140.99005126953125,5.700216293334961
NEG01253,0,50_76,val,81.04734205092008,6.894027005965395,1002.5814819335938,19.621353149414062
NEG01254,0,41_74,val,80.20239739089094,6.782817502535341,126.44271850585938,13.838018417358398
NEG01255,0,45_77,train,80.6006267294649,7.05336795676858,840.0768432617188,20.592456817626957
NEG01256,0,50_75,test,81.04510538779016,6.791038727798181,1458.37353515625,22.94554328918457
NEG01257,0,44_79,train,80.51813672316113,7.197698425255355,563.8038330078125,15.906843185424805
NEG01258,0,47_77,val,80.75582119842065,6.994262349577441,2076.5341796875,15.184831619262695
NEG01259,0,51_76,test,81.13618643265231,6.9511919058009335,871.655517578125,14.515274047851562
NEG01260,0,52_78,train,81.25066575251188,7.068206523936517,273.3555603027344,5.049727916717529
NEG01261,0,48_82,test,80.82473269285221,7.459900473463516,1135.569580078125,29.06870460510254
NEG01262,0,42_80,train,80.34272876963007,7.2581379721968515,226.53353881835935,16.169618606567383
NEG01263,0,54_75,train,81.4208903947134,6.859763323294433,207.27618408203125,15.99916172027588
NEG01264,0,45_84,train,80.5822813492566,7.617360608008444,754.470458984375,30.76009178161621
NEG01265,0,47_84,train,80.80665555908067,7.600713683412708,333.2862548828125,21.993331909179688
NEG01266,0,52_79,test,81.20737226442698,7.148930324552164,248.4542694091797,5.664887428283691
NEG01267,0,43_88,train,80.38402852457847,7.967189375349869,203.677001953125,21.190792083740234
NEG01268,0,41_76,train,80.18802176738292,6.925459026200246,50.55440521240234,9.407623291015623
NEG01269,0,47_79,train,80.73318180102575,7.159918067342682,673.9468994140625,9.415828704833984
NEG01270,0,53_78,test,81.32071958678908,7.072973924014586,449.8178405761719,17.990549087524414
NEG01271,0,44_75,test,80.5128530060821,6.859617662693246,1256.94287109375,27.07793617248535
NEG01272,0,41_74,val,80.2100077017813,6.782933933040524,167.19931030273438,16.093894958496094
NEG01273,0,44_79,train,80.53751769595863,7.229441956172254,542.818359375,14.717940330505373
NEG01274,0,42_75,train,80.34600868085981,6.810369036908296,167.57904052734375,18.473241806030277
NEG01275,0,46_75,val,80.65334244019273,6.802728828884217,1410.546142578125,10.415383338928224
NEG01276,0,43_77,train,80.43598085593568,7.050782003555636,750.8128662109375,13.541955947875977
NEG01277,0,43_80,val,80.4316100907614,7.271106931124018,210.7723388671875,12.811297416687012
NEG01278,0,41_79,test,80.24484081559307,7.215225138247976,159.81512451171875,12.342952728271484
NEG01279,0,41_79,test,80.23514660051232,7.1774976700221895,139.47119140625,18.413524627685547
NEG01280,0,52_75,train,81.26611015259759,6.87276004592996,323.3197631835937,10.206960678100586
NEG01281,0,44_81,train,80.4963045899297,7.32887150244901,238.97021484375,12.688940048217772
NEG01282,0,46_79,test,80.65145922878405,7.2214246795636,1026.7431640625,16.964008331298828
NEG01283,0,41_76,train,80.20751286879866,6.93127458255542,127.01724243164062,16.473220825195312
NEG01284,0,43_84,test,80.42709747893451,7.660222118525564,130.02598571777344,10.13142204284668
NEG01285,0,48_75,test,80.84309335116265,6.823106033583856,1750.1126708984375,17.803504943847656
NEG01286,0,41_81,val,80.25754340925018,7.355386966732335,166.8790283203125,17.149456024169922
NEG01287,0,48_76,train,80.83484329795498,6.962132125815903,1668.653564453125,19.579803466796875
NEG01288,0,46_84,val,80.72725197097219,7.646419121967137,233.62081909179688,12.370141983032228
NEG01289,0,46_81,train,80.6545426240484,7.331624271106261,475.850830078125,13.709480285644531
NEG01290,0,44_85,val,80.49945805624992,7.718980119638426,153.31297302246094,2.227635383605957
NEG01291,0,46_76,train,80.66887799162133,6.931625370870462,1236.134765625,13.866216659545898
NEG01292,0,45_81,train,80.6091414372055,7.389858708665981,647.6893310546875,14.938966751098633
NEG01293,0,44_85,val,80.49952297860503,7.743636570558008,168.5222625732422,2.583461284637451
NEG01294,0,48_79,train,80.90799304844622,7.169315325736212,375.5476989746094,16.294984817504883
NEG01295,0,42_77,val,80.34964962976824,7.044240806958757,295.9359741210937,24.2017822265625
NEG01296,0,42_81,test,80.3452278075491,7.331183301455752,203.22802734375,19.350757598876957
NEG01297,0,42_78,train,80.33972884377455,7.131771485107438,224.6232147216797,15.185991287231444
NEG01298,0,43_81,test,80.39251349395617,7.332326479647942,90.41541290283205,5.641725540161133
NEG01299,0,49_81,val,80.95315390264582,7.358621446626846,97.41336059570312,4.522112846374512
NEG01300,0,49_76,train,80.97162989366392,6.897265110908149,1127.267333984375,14.816022872924805
NEG01301,0,45_82,train,80.61269719562405,7.421695977883208,533.2618408203125,25.209531784057617
NEG01302,0,43_74,train,80.44335840398385,6.709513400662932,79.6845474243164,13.85047721862793
NEG01303,0,50_76,val,81.04193123055957,6.926487468538748,836.4224853515625,18.08987236022949
NEG01304,0,49_76,train,80.96191450779901,6.907615301668568,939.3772583007812,17.908485412597656
NEG01305,0,46_84,val,80.68925129086134,7.630113215793206,399.8167114257813,18.33394241333008
NEG01306,0,45_77,train,80.62659971915716,7.02021121695849,1028.931640625,22.85831451416016
NEG01307,0,43_81,test,80.44545600535818,7.361863124785883,304.32928466796875,18.094877243041992
NEG01308,0,48_83,val,80.85532433686235,7.551839981619448,222.47653198242188,10.894566535949709
NEG01309,0,47_84,train,80.77940478418574,7.630936655757843,269.4921875,11.590563774108888
NEG01310,0,47_83,train,80.81299825123139,7.577984507245119,238.73858642578125,17.573055267333984
NEG01311,0,49_75,test,80.9710927999552,6.788638254561005,1489.4033203125,15.006367683410645
NEG01312,0,47_77,val,80.80153229821568,6.995839482221302,2001.68017578125,12.043888092041016
NEG01313,0,50_75,test,81.02460922525981,6.795685505699157,1723.65283203125,27.144824981689453
NEG01314,0,49_77,test,80.99944281015753,6.979036022950851,889.438720703125,17.827632904052734
NEG01315,0,50_77,train,81.06854249470474,6.988944988376391,665.902587890625,8.691913604736328
NEG01316,0,45_81,train,80.5960686222274,7.389256091618922,546.5,17.248069763183594
NEG01317,0,41_75,val,80.21142383384205,6.829944961969744,148.11085510253906,13.583918571472168
NEG01318,0,52_78,train,81.23893155602251,7.139297204562637,216.2508544921875,3.664082527160645
NEG01319,0,42_78,train,80.29400156911623,7.110697050572162,206.2001953125,21.013145446777344
NEG01320,0,49_75,test,80.98676526869704,6.797037334626342,1521.6121826171875,19.547584533691406
NEG01321,0,47_79,train,80.75064066737139,7.174303237252575,639.1837158203125,13.320449829101562
NEG01322,0,45_81,train,80.56634231547663,7.352460719935244,555.2667236328125,14.17769718170166
NEG01323,0,48_84,train,80.86433257167741,7.637732854839474,199.99002075195312,12.689638137817385
NEG01324,0,44_76,test,80.48785478848711,6.887949541177726,1069.419189453125,23.15844345092773
NEG01325,0,40_75,train,80.16180626510301,6.80737514954819,101.52862548828124,15.486790657043455
NEG01326,0,47_78,test,80.76332605408439,7.122551974183895,1085.294921875,18.05578994750977
NEG01327,0,43_86,train,80.41657973090145,7.783987271778509,115.0397491455078,2.7048208713531494
NEG01328,0,40_79,train,80.17323200001377,7.166457074386413,83.32608032226562,14.540067672729492
NEG01329,0,44_75,test,80.46168378140382,6.795878664757892,683.0119018554688,24.76485061645508
NEG01330,0,41_77,train,80.18866375086354,7.002580859718729,59.20356750488281,10.284797668457031
NEG01331,0,43_80,val,80.3697533432701,7.323317242492774,94.58345794677734,9.99965000152588
NEG01332,0,44_77,train,80.49713025867425,7.022463393799609,622.6649169921875,9.3457670211792
NEG01333,0,41_79,test,80.2613920914609,7.171185471340681,114.93460083007812,10.314223289489746
NEG01334,0,43_81,test,80.39880848024703,7.394093339006456,271.1457824707031,19.208332061767575
NEG01335,0,46_76,train,80.71251833404324,6.929049303755279,1426.4754638671875,14.4636812210083
NEG01336,0,43_81,test,80.4502003914605,7.351382581905231,350.777587890625,16.933429718017578
NEG01337,0,47_79,train,80.7411871027891,7.166080963916988,625.67333984375,12.282005310058594
NEG01338,0,48_82,test,80.85832890244305,7.490923802432366,444.0740966796875,11.409051895141602
NEG01339,0,40_77,val,80.1737944873148,7.00493189074832,109.32038879394533,11.52617073059082
NEG01340,0,45_78,test,80.57311021738897,7.1028467436087,655.946044921875,17.52096939086914
NEG01341,0,41_76,train,80.2132638745503,6.890967831668082,164.43328857421875,21.219554901123047
NEG01342,0,43_81,test,80.37566169772364,7.354430351130398,114.98055267333984,9.928279876708984
NEG01343,0,47_75,train,80.74207867606818,6.847720516297882,1633.038330078125,15.201085090637209
NEG01344,0,43_83,train,80.43961564541182,7.584856889001007,138.27337646484375,6.249187469482422
NEG01345,0,47_75,train,80.77267877397898,6.865940534504866,1873.6630859375,23.10350608825684
NEG01346,0,42_87,train,80.36386178251571,7.955120374082202,118.2545928955078,2.3625550270080566
NEG01347,0,46_83,train,80.6688786122411,7.537758422859924,428.8434143066406,20.32898330688477
NEG01348,0,41_75,val,80.21453771090887,6.843911397940269,183.4254302978516,17.648591995239258
NEG01349,0,39_72,train,80.05654306081152,6.5700388194366655,25.96139144897461,10.00445556640625
NEG01350,0,46_76,train,80.6813490157191,6.924801151727704,1368.912841796875,15.58551025390625
NEG01351,0,50_74,train,81.00116892974391,6.775368972239241,1365.49853515625,35.552494049072266
NEG01352,0,43_76,train,80.38613092369833,6.924391588772816,237.5194091796875,19.025928497314453
NEG01353,0,48_83,val,80.86976627816843,7.5472331042990675,255.5510406494141,19.373722076416016
NEG01354,0,47_76,train,80.76892097117745,6.937594616840879,1967.0592041015625,16.028017044067383
NEG01355,0,47_76,train,80.73909771715698,6.924347462968138,1576.289794921875,13.1008882522583
NEG01356,0,45_83,train,80.59932300378142,7.553833012463385,451.2060241699219,10.775671005249023
NEG01357,0,42_74,train,80.27940999640313,6.781722154505261,20.96128273010254,3.881875276565552
NEG01358,0,45_77,train,80.63461930867986,7.030051028123269,1180.1529541015625,20.995269775390625
NEG01359,0,43_84,test,80.421489878464,7.6753034939824705,124.46874237060548,5.997591018676758
NEG01360,0,44_74,val,80.45877570945797,6.783445250284265,448.5145263671875,15.487903594970703
NEG01361,0,46_76,train,80.72348157399557,6.944251560642245,1563.6876220703125,13.63572883605957
NEG01362,0,42_83,train,80.33466974436664,7.540293117377026,103.2390594482422,4.48507022857666
NEG01363,0,47_81,train,80.76647541531719,7.328316571836607,763.4005737304688,21.506271362304688
NEG01364,0,43_83,train,80.38520597657326,7.516683593671417,124.78762817382812,3.491992950439453
NEG01365,0,46_80,val,80.67379706421704,7.255188162912202,588.410400390625,18.230112075805664
NEG01366,0,44_83,test,80.54530831124968,7.540386370437389,231.03021240234372,12.708560943603516
NEG01367,0,45_80,val,80.60978096154007,7.290799502386786,459.6849060058594,11.206652641296388
NEG01368,0,44_80,train,80.52792204778814,7.26065514921606,530.0250854492188,11.789224624633787
NEG01369,0,40_77,val,80.15805133468248,6.99108631207256,52.23159790039063,9.007131576538086
NEG01370,0,42_84,train,80.30112346133866,7.626041602195637,85.00225067138672,2.618497371673584
NEG01371,0,52_77,test,81.27122565424922,7.011536921313277,347.4998474121094,15.661083221435549
NEG01372,0,43_79,train,80.39619317914283,7.168738542850212,210.01959228515625,17.314453125
NEG01373,0,48_83,val,80.86929039077921,7.509901407687073,285.5903625488281,12.783248901367188
NEG01374,0,44_75,test,80.53951605671737,6.830489978590787,1224.28271484375,16.575239181518555
NEG01375,0,44_77,train,80.46837916512507,7.023079321254346,1072.0479736328125,33.74607467651367
NEG01376,0,41_79,test,80.27282925466943,7.207302725674895,104.78947448730467,13.186843872070312
NEG01377,0,45_83,train,80.60002166918538,7.562483502768608,461.3507690429688,14.86386775970459
NEG01378,0,45_80,val,80.57686924211214,7.310199948685943,634.3021240234375,11.01572322845459
NEG01379,0,45_80,val,80.62476318664707,7.305815472580331,480.0578308105469,12.490407943725586
NEG01380,0,41_80,test,80.20262741509327,7.2748871470858365,69.738037109375,6.109764575958252
NEG01381,0,45_85,val,80.55781020748236,7.7117297483275,273.5664978027344,10.352370262145996
NEG01382,0,41_75,val,80.27476089713777,6.796159782571953,35.56036376953125,8.942869186401367
NEG01383,0,49_81,val,80.96887304932136,7.416211434857123,80.49392700195312,5.592998027801514
NEG01384,0,50_77,train,81.00627081150239,6.99788503504309,886.8302001953125,13.223730087280272
NEG01385,0,47_76,train,80.74996896434574,6.922525215172797,1725.9033203125,13.986898422241213
NEG01386,0,46_84,val,80.65808995010505,7.662691868073088,252.775634765625,2.865942478179932
NEG01387,0,48_84,train,80.90275314188123,7.630735203555878,117.79693603515624,2.257460117340088
NEG01388,0,43_84,test,80.37863892985379,7.620606666600204,103.77116394042967,2.876493453979492
NEG01389,0,46_88,val,80.71686458942332,8.04592334532231,175.717041015625,2.2297844886779785
NEG01390,0,54_76,test,81.36325164919238,6.876865585623831,295.706787109375,20.980260848999023
NEG01391,0,46_77,train,80.71031457229128,6.970331431029381,1977.57861328125,13.410579681396484
NEG01392,0,52_76,train,81.20300500065822,6.963934130310347,612.8029174804688,18.385059356689453
NEG01393,0,41_75,val,80.2312193799676,6.800357397075819,133.5480194091797,13.55158233642578
NEG01394,0,48_83,val,80.83620593222915,7.536138600179954,179.85443115234375,8.437925338745117
NEG01395,0,41_80,test,80.27351932206946,7.258858488207058,105.50920104980467,13.249895095825195
NEG01396,0,46_85,val,80.68831016514893,7.768458353302283,236.88275146484372,4.954760074615479
NEG01397,0,49_76,train,80.99238182507979,6.940101068069343,1199.67041015625,17.456819534301758
NEG01398,0,51_76,test,81.09841078075986,6.894529587031669,1181.706787109375,19.764122009277344
NEG01399,0,47_76,train,80.75755339616377,6.920365978961088,1761.87353515625,12.605949401855469
NEG01400,0,43_81,test,80.39918797295192,7.368553659297204,277.8619384765625,27.43244171142578
NEG01401,0,53_78,test,81.35259683077977,7.060888039444243,149.3397216796875,4.617225170135498
NEG01402,0,44_81,train,80.53310700415899,7.338274639759133,376.0938720703125,19.97820854187012
NEG01403,0,48_80,train,80.90923230630573,7.314446452924504,842.02392578125,18.92158889770508
NEG01404,0,50_75,test,81.00743262473338,6.817916574257731,1346.7919921875,11.10269546508789
NEG01405,0,45_80,val,80.56243317602437,7.3095333663658835,595.9921875,12.41776180267334
NEG01406,0,51_76,test,81.11452797444893,6.898329578947368,1346.7760009765625,26.12982177734375
NEG01407,0,42_81,test,80.34623090844484,7.388121216184916,234.27395629882807,11.713715553283691
NEG01408,0,43_81,test,80.37328578549236,7.332482618251506,85.65147399902344,5.499715805053711
NEG01409,0,52_78,train,81.23463891296466,7.1104001521882,224.704833984375,5.008718490600586
NEG01410,0,50_76,val,81.07250160136054,6.919203050122349,1020.4297485351562,18.36068725585937
NEG01411,0,51_77,train,81.10344393471811,7.001613602101516,1000.19775390625,13.009271621704102
NEG01412,0,45_80,val,80.55539632985892,7.310228078900055,662.402099609375,17.715347290039062
NEG01413,0,45_82,train,80.61776035007914,7.469643170850761,376.0123901367188,4.256968021392822
NEG01414,0,53_77,test,81.28271906874096,7.041013294311824,242.8275451660156,5.915844440460205
NEG01415,0,44_75,test,80.52274941680923,6.794541177332882,1456.090576171875,14.630563735961914
NEG01416,0,47_81,train,80.78835954141253,7.407898261668066,1072.958251953125,17.487895965576172
NEG01417,0,41_78,test,80.23259191680634,7.134926892108734,151.75498962402344,17.20733070373535
NEG01418,0,44_74,val,80.48194215229204,6.721199920441932,428.7286071777344,16.105667114257812
NEG01419,0,38_72,train,79.99073123690815,6.542648979074049,4.525323867797852,2.7990212440490723
NEG01420,0,45_85,val,80.5545234717762,7.72612177786674,257.0918273925781,7.803955078125
NEG01421,0,53_77,test,81.34346143248762,7.03034331519366,294.24591064453125,20.12106704711914
NEG01422,0,49_75,test,80.96225818156793,6.825815452980188,1284.996826171875,13.945045471191406
NEG01423,0,41_77,train,80.21705639125328,7.0150362964641415,38.07256317138672,6.659380912780762
NEG01424,0,42_77,val,80.30890726228017,7.039083319865805,73.81398010253906,11.840336799621582
NEG01425,0,44_85,val,80.49991203287759,7.69543756999266,210.0797882080078,9.360147476196287
NEG01426,0,51_76,test,81.12550397912638,6.879906479103652,1371.81982421875,22.675880432128903
NEG01427,0,47_83,train,80.8118155742315,7.525884657119571,453.23187255859375,13.058837890625
NEG01428,0,52_75,train,81.25893755979129,6.859122688254402,352.9599609375,7.665026664733887
NEG01429,0,43_76,train,80.4017330693409,6.945380448988809,308.8421325683594,8.590538024902344
NEG01430,0,46_89,train,80.65487417483871,8.078210231227423,146.8179931640625,1.6776175498962402
NEG01431,0,47_78,test,80.75379639559802,7.123793158809642,1000.17041015625,17.831268310546875
NEG01432,0,49_82,train,80.98488466537106,7.434255232835778,92.95024871826172,5.908661365509033
NEG01433,0,49_76,train,80.97465578691519,6.922580152450239,1181.998779296875,12.855470657348633
NEG01434,0,46_77,train,80.64712263107091,7.038353929892107,829.6315307617188,14.013049125671388
NEG01435,0,42_75,train,80.29854560234298,6.834633208055846,68.55713653564453,8.555025100708008
NEG01436,0,44_75,test,80.46036545262575,6.829806957397623,1163.676025390625,20.99946594238281
NEG01437,0,48_77,train,80.86202305285121,7.022737164561811,1516.8154296875,12.561199188232422
NEG01439,0,49_82,train,80.93260073618141,7.447546760614879,145.55062866210938,12.943595886230469
NEG01440,0,49_79,val,80.97554008930035,7.233664929479977,261.2687683105469,16.76540184020996
NEG01441,0,49_77,test,80.95353660088853,6.972717521368288,1030.659423828125,16.410451889038086
NEG01442,0,49_82,train,80.99932792249344,7.427961182659373,80.08832550048828,7.633547782897949
NEG01443,0,49_75,test,80.99401520167135,6.871997202434471,1270.350830078125,15.00265884399414
NEG01444,0,52_77,test,81.24719467443981,7.016059794269252,554.7867431640625,27.38945770263672
NEG01445,0,47_84,train,80.81515659815994,7.601938550850415,164.39486694335938,3.768040657043457
NEG01446,0,47_80,train,80.73855489981598,7.319818576529761,490.3826293945313,14.329240798950195
NEG01447,0,49_83,test,80.94028130723186,7.509414153174604,87.23133850097656,4.187611103057861
NEG01448,0,46_85,val,80.7126238898081,7.734242606749544,251.4580535888672,10.778557777404783
NEG01449,0,48_78,train,80.90457876114193,7.098859160898414,1141.4818115234375,19.92001342773437
NEG01450,0,44_74,val,80.50325283604678,6.736600645355956,504.5965881347656,15.180105209350586
NEG01451,0,42_78,train,80.30848560850168,7.065497997448888,150.881103515625,18.211227416992188
NEG01452,0,44_77,train,80.49347102674659,7.029177468731577,708.056396484375,18.031959533691406
NEG01453,0,43_83,train,80.40165630948987,7.526567482120043,119.87068176269533,3.440735340118408
NEG01454,0,49_76,train,80.91774254755768,6.892979369849259,1119.560302734375,8.719522476196289
NEG01455,0,43_82,train,80.42896889298866,7.462480369787514,149.87872314453125,8.310523986816406
NEG01456,0,43_87,train,80.3992413509279,7.91385013742252,127.97496795654295,2.640575408935547
NEG01457,0,43_80,val,80.38434647640723,7.288348099978332,95.13114166259766,6.171474456787109
NEG01458,0,44_77,train,80.4595851731303,7.035832414374156,1137.575927734375,14.95077419281006
NEG01459,0,41_77,train,80.27391201814648,7.015599134980841,153.49774169921875,16.14048957824707
NEG01460,0,48_84,train,80.8912423894075,7.619048035837981,158.65760803222656,10.569572448730469
NEG01461,0,46_79,test,80.72419211862785,7.168033465966545,797.8865966796875,15.47116756439209
NEG01462,0,44_82,val,80.45632890651214,7.478148627614085,133.48049926757812,4.396323204040527
NEG01463,0,49_76,train,80.92924082440051,6.916316319792796,1070.550048828125,16.68136215209961
NEG01464,0,44_84,train,80.4810933852019,7.67066283928127,149.85836791992188,3.2547695636749268
NEG01465,0,41_77,train,80.23560435841098,7.038009965006643,87.95326232910156,15.33425998687744
NEG01466,0,44_83,test,80.47920605356748,7.508831464345925,331.815673828125,17.62295150756836
NEG01467,0,49_78,train,80.91138902753437,7.1137646195118,1048.4833984375,14.051891326904297
NEG01468,0,42_78,train,80.29132638962963,7.056376535950137,160.19876098632812,16.121707916259766
NEG01469,0,46_75,val,80.69379124373772,6.807311745722371,1542.782958984375,22.24197196960449
NEG01470,0,45_83,train,80.55345092710847,7.539040763527551,313.292724609375,18.60963630676269
NEG01471,0,44_75,test,80.53143169004366,6.815959080496317,1397.6177978515625,19.625652313232425
NEG01472,0,52_78,train,81.19059847384041,7.089613342211495,1080.375732421875,22.78815460205078
NEG01473,0,50_76,val,81.03077198706065,6.927592006206991,1029.3717041015625,24.369787216186523
NEG01474,0,48_83,val,80.83250657256778,7.562715908863105,184.02862548828125,12.708321571350098
NEG01475,0,51_79,train,81.17854863366752,7.161668597073847,275.9212341308594,4.704319000244141
NEG01476,0,38_72,train,79.98985053005333,6.553566087751382,12.860952377319336,6.0111284255981445
NEG01477,0,52_78,train,81.2324450147323,7.104046186486875,262.0163269042969,9.443492889404297
NEG01478,0,47_76,train,80.73388186812332,6.95987034626852,1946.2021484375,15.00313949584961
NEG01479,0,48_83,val,80.893180459185,7.573837707738089,127.68905639648438,2.813416004180908
NEG01480,0,42_78,train,80.28225176258286,7.071175589394061,50.83309555053711,10.0899658203125
NEG01481,0,42_78,train,80.29820235291491,7.059277032506786,81.82327270507812,12.358394622802734
NEG01482,0,44_76,test,80.54297576858303,6.9025823572357945,1186.125244140625,22.343963623046875
NEG01483,0,44_75,test,80.54447078693882,6.838001883298127,1253.94384765625,21.36500740051269
NEG01484,0,44_76,test,80.46030359084136,6.9373817677295895,588.441162109375,32.91792297363281
NEG01485,0,42_80,train,80.28967490082479,7.30554491443869,114.706787109375,10.619361877441406
NEG01486,0,43_83,train,80.41643336684979,7.570196784997583,261.0615234375,27.558494567871094
NEG01487,0,53_77,test,81.34795503557856,7.007668549227045,230.32020568847656,9.93501091003418
NEG01488,0,43_80,val,80.3764933286081,7.287792214329892,160.32052612304688,8.945784568786621
NEG01489,0,48_75,test,80.85933598938293,6.815930040621763,1616.1832275390625,20.852678298950195
NEG01490,0,46_80,val,80.64919495361575,7.252454446766527,636.3095092773438,9.573537826538086
NEG01491,0,44_83,test,80.4941810230086,7.51474390046493,230.20526123046875,17.524585723876953
NEG01492,0,45_83,train,80.58918164566984,7.530559441927344,433.8168640136719,10.799053192138672
NEG01493,0,43_82,train,80.43533545913742,7.464780750687622,134.6125946044922,3.2370104789733887
NEG01494,0,45_79,train,80.56695182342774,7.178017222586574,597.2453002929688,17.320781707763672
NEG01495,0,48_80,train,80.83971143284417,7.316198180971174,1317.086181640625,19.60162925720215
NEG01496,0,45_85,val,80.55934092173862,7.704160928638171,400.2517700195313,14.496736526489258
NEG01497,0,50_75,test,81.06260929099928,6.824085546696044,861.8319091796875,26.808765411376957
NEG01498,0,41_81,val,80.22310117870724,7.353463119736117,128.5426025390625,11.783934593200684
NEG01499,0,42_79,train,80.29621607432505,7.151363552078161,132.97300720214844,15.328851699829102
NEG01500,0,45_84,train,80.58634729669706,7.65118772006103,411.6731567382813,8.754215240478516
NEG01501,0,45_78,test,80.58970856075253,7.0652592685339375,685.373291015625,17.806678771972656
NEG01502,0,43_76,train,80.42426092408655,6.925319913915842,395.0403747558594,14.201953887939451
NEG01503,0,54_75,train,81.38277557619566,6.862559250463491,708.5393676757812,25.71851348876953
NEG01504,0,43_76,train,80.40875707602123,6.940563234820083,290.5987548828125,17.742263793945312
NEG01505,0,47_76,train,80.78858063860483,6.938491234126812,1838.744140625,12.326705932617188
NEG01506,0,42_75,train,80.34880870971466,6.791159561727579,80.64059448242188,15.37188720703125
NEG01507,0,48_83,val,80.82772603041909,7.5391293748215,225.63360595703125,14.52242660522461
NEG01508,0,50_79,train,81.00839615946178,7.231593198784765,108.74697875976562,5.669635772705078
NEG01509,0,41_74,val,80.27118589438452,6.77930807909687,68.0135498046875,13.572413444519045
NEG01510,0,42_76,val,80.31227372374752,6.930588500568946,188.716064453125,23.09717559814453
NEG01511,0,47_79,train,80.76375025939545,7.1479725984046345,858.6983032226562,13.011714935302734
