landslide_id,label,status,scene_id,scene_cloud,patch_cloud,acquisition_date,window_used,tif_path,png_path,error
LS_00002,1,success,S2B_MSIL2A_20251031T045839_R119_T44NMP_20251031T072153,16.524501,0.0,2025-10-31,2025-09-01/2025-11-20,E:\LandSlide-Prediction\data\pre_event\native_tif\LS_00002.tif,E:\LandSlide-Prediction\data\pre_event\png_256\LS_00002.png,
LS_00005,1,success,S2C_MSIL2A_20251003T050621_R076_T44NMP_20251003T090812,2.112417,0.0,2025-10-03,2025-09-01/2025-11-20,E:\LandSlide-Prediction\data\pre_event\native_tif\LS_00005.tif,E:\LandSlide-Prediction\data\pre_event\png_256\LS_00005.png,
LS_00006,1,success,S2C_MSIL2A_20251003T050621_R076_T44NMP_20251003T090812,2.112417,0.0,2025-10-03,2025-09-01/2025-11-20,E:\LandSlide-Prediction\data\pre_event\native_tif\LS_00006.tif,E:\LandSlide-Prediction\data\pre_event\png_256\LS_00006.png,
LS_00011,1,success,S2C_MSIL2A_20251003T050621_R076_T44NMP_20251003T090812,2.112417,0.0,2025-10-03,2025-09-01/2025-11-20,E:\LandSlide-Prediction\data\pre_event\native_tif\LS_00011.tif,E:\LandSlide-Prediction\data\pre_event\png_256\LS_00011.png,
LS_00020,1,success,S2B_MSIL2A_20251031T045839_R119_T44NMP_20251031T072153,16.524501,0.1,2025-10-31,2025-09-01/2025-11-20,E:\LandSlide-Prediction\data\pre_event\native_tif\LS_00020.tif,E:\LandSlide-Prediction\data\pre_event\png_256\LS_00020.png,
LS_00025,1,success,S2B_MSIL2A_20251031T045839_R119_T44NMP_20251031T072153,16.524501,0.0,2025-10-31,2025-09-01/2025-11-20,E:\LandSlide-Prediction\data\pre_event\native_tif\LS_00025.tif,E:\LandSlide-Prediction\data\pre_event\png_256\LS_00025.png,
LS_00028,1,success,S2B_MSIL2A_20251031T045839_R119_T44NMP_20251031T072153,16.524501,19.04,2025-10-31,2025-09-01/2025-11-20,E:\LandSlide-Prediction\data\pre_event\native_tif\LS_00028.tif,E:\LandSlide-Prediction\data\pre_event\png_256\LS_00028.png,
LS_00032,1,success,S2B_MSIL2A_20251031T045839_R119_T44NMP_20251031T072153,16.524501,0.0,2025-10-31,2025-09-01/2025-11-20,E:\LandSlide-Prediction\data\pre_event\native_tif\LS_00032.tif,E:\LandSlide-Prediction\data\pre_event\png_256\LS_00032.png,
LS_00035,1,success,S2B_MSIL2A_20251031T045839_R119_T44NMP_20251031T072153,16.524501,0.0,2025-10-31,2025-09-01/2025-11-20,E:\LandSlide-Prediction\data\pre_event\native_tif\LS_00035.tif,E:\LandSlide-Prediction\data\pre_event\png_256\LS_00035.png,
LS_00040,1,success,S2B_MSIL2A_20251031T045839_R119_T44NMP_20251031T072153,16.524501,0.0,2025-10-31,2025-09-01/2025-11-20,E:\LandSlide-Prediction\data\pre_event\native_tif\LS_00040.tif,E:\LandSlide-Prediction\data\pre_event\png_256\LS_00040.png,
LS_00041,1,success,S2B_MSIL2A_20251031T045839_R119_T44NMP_20251031T072153,16.524501,0.0,2025-10-31,2025-09-01/2025-11-20,E:\LandSlide-Prediction\data\pre_event\native_tif\LS_00041.tif,E:\LandSlide-Prediction\data\pre_event\png_256\LS_00041.png,
LS_00046,1,success,S2B_MSIL2A_20251031T045839_R119_T44NMP_20251031T072153,16.524501,0.0,2025-10-31,2025-09-01/2025-11-20,E:\LandSlide-Prediction\data\pre_event\native_tif\LS_00046.tif,E:\LandSlide-Prediction\data\pre_event\png_256\LS_00046.png,
LS_00047,1,success,S2B_MSIL2A_20251031T045839_R119_T44NMP_20251031T072153,16.524501,0.0,2025-10-31,2025-09-01/2025-11-20,E:\LandSlide-Prediction\data\pre_event\native_tif\LS_00047.tif,E:\LandSlide-Prediction\data\pre_event\png_256\LS_00047.png,
LS_00053,1,success,S2C_MSIL2A_20251003T050621_R076_T44NMP_20251003T090812,2.112417,0.0,2025-10-03,2025-09-01/2025-11-20,E:\LandSlide-Prediction\data\pre_event\native_tif\LS_00053.tif,E:\LandSlide-Prediction\data\pre_event\png_256\LS_00053.png,
LS_00057,1,success,S2C_MSIL2A_20251003T050621_R076_T44NMP_20251003T090812,2.112417,0.0,2025-10-03,2025-09-01/2025-11-20,E:\LandSlide-Prediction\data\pre_event\native_tif\LS_00057.tif,E:\LandSlide-Prediction\data\pre_event\png_256\LS_00057.png,
LS_00059,1,success,S2C_MSIL2A_20251003T050621_R076_T44NMP_20251003T090812,2.112417,0.0,2025-10-03,2025-09-01/2025-11-20,E:\LandSlide-Prediction\data\pre_event\native_tif\LS_00059.tif,E:\LandSlide-Prediction\data\pre_event\png_256\LS_00059.png,
LS_00063,1,success,S2C_MSIL2A_20251003T050621_R076_T44NMP_20251003T090812,2.112417,0.0,2025-10-03,2025-09-01/2025-11-20,E:\LandSlide-Prediction\data\pre_event\native_tif\LS_00063.tif,E:\LandSlide-Prediction\data\pre_event\png_256\LS_00063.png,
LS_00066,1,success,S2C_MSIL2A_20251003T050621_R076_T44NMP_20251003T090812,2.112417,0.0,2025-10-03,2025-09-01/2025-11-20,E:\LandSlide-Prediction\data\pre_event\native_tif\LS_00066.tif,E:\LandSlide-Prediction\data\pre_event\png_256\LS_00066.png,
LS_00073,1,success,S2C_MSIL2A_20251003T050621_R076_T44NMP_20251003T090812,2.112417,0.0,2025-10-03,2025-09-01/2025-11-20,E:\LandSlide-Prediction\data\pre_event\native_tif\LS_00073.tif,E:\LandSlide-Prediction\data\pre_event\png_256\LS_00073.png,
LS_00076,1,success,S2C_MSIL2A_20251003T050621_R076_T44NMP_20251003T090812,2.112417,0.0,2025-10-03,2025-09-01/2025-11-20,E:\LandSlide-Prediction\data\pre_event\native_tif\LS_00076.tif,E:\LandSlide-Prediction\data\pre_event\png_256\LS_00076.png,
LS_00077,1,success,S2C_MSIL2A_20251003T050621_R076_T44NMP_20251003T090812,2.112417,0.0,2025-10-03,2025-09-01/2025-11-20,E:\LandSlide-Prediction\data\pre_event\native_tif\LS_00077.tif,E:\LandSlide-Prediction\data\pre_event\png_256\LS_00077.png,
LS_00082,1,success,S2C_MSIL2A_20251003T050621_R076_T44NMP_20251003T090812,2.112417,0.0,2025-10-03,2025-09-01/2025-11-20,E:\LandSlide-Prediction\data\pre_event\native_tif\LS_00082.tif,E:\LandSlide-Prediction\data\pre_event\png_256\LS_00082.png,
LS_00084,1,success,S2C_MSIL2A_20251003T050621_R076_T44NMP_20251003T090812,2.112417,0.0,2025-10-03,2025-09-01/2025-11-20,E:\LandSlide-Prediction\data\pre_event\native_tif\LS_00084.tif,E:\LandSlide-Prediction\data\pre_event\png_256\LS_00084.png,
LS_00086,1,success,S2C_MSIL2A_20251003T050621_R076_T44NMP_20251003T090812,2.112417,4.2,2025-10-03,2025-09-01/2025-11-20,E:\LandSlide-Prediction\data\pre_event\native_tif\LS_00086.tif,E:\LandSlide-Prediction\data\pre_event\png_256\LS_00086.png,
LS_00089,1,success,S2C_MSIL2A_20251003T050621_R076_T44NMP_20251003T090812,2.112417,3.91,2025-10-03,2025-09-01/2025-11-20,E:\LandSlide-Prediction\data\pre_event\native_tif\LS_00089.tif,E:\LandSlide-Prediction\data\pre_event\png_256\LS_00089.png,
LS_00092,1,success,S2C_MSIL2A_20251003T050621_R076_T44NMP_20251003T090812,2.112417,0.0,2025-10-03,2025-09-01/2025-11-20,E:\LandSlide-Prediction\data\pre_event\native_tif\LS_00092.tif,E:\LandSlide-Prediction\data\pre_event\png_256\LS_00092.png,
LS_00093,1,success,S2C_MSIL2A_20251003T050621_R076_T44NMP_20251003T090812,2.112417,0.0,2025-10-03,2025-09-01/2025-11-20,E:\LandSlide-Prediction\data\pre_event\native_tif\LS_00093.tif,E:\LandSlide-Prediction\data\pre_event\png_256\LS_00093.png,
LS_00094,1,success,S2C_MSIL2A_20251003T050621_R076_T44NMP_20251003T090812,2.112417,0.0,2025-10-03,2025-09-01/2025-11-20,E:\LandSlide-Prediction\data\pre_event\native_tif\LS_00094.tif,E:\LandSlide-Prediction\data\pre_event\png_256\LS_00094.png,
LS_00098,1,success,S2C_MSIL2A_20251003T050621_R076_T44NMP_20251003T090812,2.112417,0.1,2025-10-03,2025-09-01/2025-11-20,E:\LandSlide-Prediction\data\pre_event\native_tif\LS_00098.tif,E:\LandSlide-Prediction\data\pre_event\png_256\LS_00098.png,
LS_00100,1,success,S2A_MSIL2A_20250905T050621_R076_T44NMP_20250905T063012,30.717695,0.0,2025-09-05,2025-09-01/2025-11-20,E:\LandSlide-Prediction\data\pre_event\native_tif\LS_00100.tif,E:\LandSlide-Prediction\data\pre_event\png_256\LS_00100.png,
LS_00102,1,success,S2C_MSIL2A_20251003T050621_R076_T44NMP_20251003T090812,2.112417,12.3,2025-10-03,2025-09-01/2025-11-20,E:\LandSlide-Prediction\data\pre_event\native_tif\LS_00102.tif,E:\LandSlide-Prediction\data\pre_event\png_256\LS_00102.png,
LS_00104,1,success,S2C_MSIL2A_20251003T050621_R076_T44NMP_20251003T090812,2.112417,4.76,2025-10-03,2025-09-01/2025-11-20,E:\LandSlide-Prediction\data\pre_event\native_tif\LS_00104.tif,E:\LandSlide-Prediction\data\pre_event\png_256\LS_00104.png,
LS_00112,1,success,S2C_MSIL2A_20251003T050621_R076_T44NMP_20251003T090812,2.112417,0.0,2025-10-03,2025-09-01/2025-11-20,E:\LandSlide-Prediction\data\pre_event\native_tif\LS_00112.tif,E:\LandSlide-Prediction\data\pre_event\png_256\LS_00112.png,
LS_00113,1,success,S2C_MSIL2A_20251003T050621_R076_T44NMP_20251003T090812,2.112417,0.0,2025-10-03,2025-09-01/2025-11-20,E:\LandSlide-Prediction\data\pre_event\native_tif\LS_00113.tif,E:\LandSlide-Prediction\data\pre_event\png_256\LS_00113.png,
LS_00117,1,success,S2A_MSIL2A_20250905T050621_R076_T44NMP_20250905T063012,30.717695,0.0,2025-09-05,2025-09-01/2025-11-20,E:\LandSlide-Prediction\data\pre_event\native_tif\LS_00117.tif,E:\LandSlide-Prediction\data\pre_event\png_256\LS_00117.png,
LS_00126,1,success,S2A_MSIL2A_20250905T050621_R076_T44NMP_20250905T063012,30.717695,0.0,2025-09-05,2025-09-01/2025-11-20,E:\LandSlide-Prediction\data\pre_event\native_tif\LS_00126.tif,E:\LandSlide-Prediction\data\pre_event\png_256\LS_00126.png,
LS_00134,1,success,S2C_MSIL2A_20251003T050621_R076_T44NMP_20251003T090812,2.112417,0.0,2025-10-03,2025-09-01/2025-11-20,E:\LandSlide-Prediction\data\pre_event\native_tif\LS_00134.tif,E:\LandSlide-Prediction\data\pre_event\png_256\LS_00134.png,
LS_00135,1,success,S2C_MSIL2A_20251003T050621_R076_T44NMP_20251003T090812,2.112417,0.0,2025-10-03,2025-09-01/2025-11-20,E:\LandSlide-Prediction\data\pre_event\native_tif\LS_00135.tif,E:\LandSlide-Prediction\data\pre_event\png_256\LS_00135.png,
LS_00138,1,success,S2C_MSIL2A_20251003T050621_R076_T44NMP_20251003T090812,2.112417,0.0,2025-10-03,2025-09-01/2025-11-20,E:\LandSlide-Prediction\data\pre_event\native_tif\LS_00138.tif,E:\LandSlide-Prediction\data\pre_event\png_256\LS_00138.png,
LS_00146,1,success,S2C_MSIL2A_20251003T050621_R076_T44NMP_20251003T090812,2.112417,0.0,2025-10-03,2025-09-01/2025-11-20,E:\LandSlide-Prediction\data\pre_event\native_tif\LS_00146.tif,E:\LandSlide-Prediction\data\pre_event\png_256\LS_00146.png,
LS_00152,1,success,S2C_MSIL2A_20251102T050611_R076_T44NMP_20251102T072910,21.803713,8.69,2025-11-02,2025-09-01/2025-11-20,E:\LandSlide-Prediction\data\pre_event\native_tif\LS_00152.tif,E:\LandSlide-Prediction\data\pre_event\png_256\LS_00152.png,
LS_00153,1,success,S2C_MSIL2A_20251003T050621_R076_T44NMP_20251003T090812,2.112417,0.0,2025-10-03,2025-09-01/2025-11-20,E:\LandSlide-Prediction\data\pre_event\native_tif\LS_00153.tif,E:\LandSlide-Prediction\data\pre_event\png_256\LS_00153.png,
LS_00159,1,success,S2C_MSIL2A_20251003T050621_R076_T44NMP_20251003T090812,2.112417,5.18,2025-10-03,2025-09-01/2025-11-20,E:\LandSlide-Prediction\data\pre_event\native_tif\LS_00159.tif,E:\LandSlide-Prediction\data\pre_event\png_256\LS_00159.png,
LS_00160,1,success,S2C_MSIL2A_20251003T050621_R076_T44NMP_20251003T090812,2.112417,0.0,2025-10-03,2025-09-01/2025-11-20,E:\LandSlide-Prediction\data\pre_event\native_tif\LS_00160.tif,E:\LandSlide-Prediction\data\pre_event\png_256\LS_00160.png,
LS_00163,1,success,S2C_MSIL2A_20251003T050621_R076_T44NMP_20251003T090812,2.112417,0.0,2025-10-03,2025-09-01/2025-11-20,E:\LandSlide-Prediction\data\pre_event\native_tif\LS_00163.tif,E:\LandSlide-Prediction\data\pre_event\png_256\LS_00163.png,
LS_00165,1,success,S2C_MSIL2A_20251003T050621_R076_T44NMP_20251003T090812,2.112417,0.0,2025-10-03,2025-09-01/2025-11-20,E:\LandSlide-Prediction\data\pre_event\native_tif\LS_00165.tif,E:\LandSlide-Prediction\data\pre_event\png_256\LS_00165.png,
LS_00168,1,success,S2C_MSIL2A_20251003T050621_R076_T44NMP_20251003T090812,2.112417,0.0,2025-10-03,2025-09-01/2025-11-20,E:\LandSlide-Prediction\data\pre_event\native_tif\LS_00168.tif,E:\LandSlide-Prediction\data\pre_event\png_256\LS_00168.png,
LS_00169,1,success,S2C_MSIL2A_20251003T050621_R076_T44NMP_20251003T090812,2.112417,0.0,2025-10-03,2025-09-01/2025-11-20,E:\LandSlide-Prediction\data\pre_event\native_tif\LS_00169.tif,E:\LandSlide-Prediction\data\pre_event\png_256\LS_00169.png,
LS_00170,1,success,S2C_MSIL2A_20251003T050621_R076_T44NMP_20251003T090812,2.112417,0.0,2025-10-03,2025-09-01/2025-11-20,E:\LandSlide-Prediction\data\pre_event\native_tif\LS_00170.tif,E:\LandSlide-Prediction\data\pre_event\png_256\LS_00170.png,
LS_00173,1,success,S2A_MSIL2A_20250905T050621_R076_T44NMP_20250905T063012,30.717695,0.0,2025-09-05,2025-09-01/2025-11-20,E:\LandSlide-Prediction\data\pre_event\native_tif\LS_00173.tif,E:\LandSlide-Prediction\data\pre_event\png_256\LS_00173.png,
LS_00176,1,success,S2C_MSIL2A_20251003T050621_R076_T44NMP_20251003T090812,2.112417,0.0,2025-10-03,2025-09-01/2025-11-20,E:\LandSlide-Prediction\data\pre_event\native_tif\LS_00176.tif,E:\LandSlide-Prediction\data\pre_event\png_256\LS_00176.png,
LS_00180,1,success,S2C_MSIL2A_20251003T050621_R076_T44NMP_20251003T090812,2.112417,7.28,2025-10-03,2025-09-01/2025-11-20,E:\LandSlide-Prediction\data\pre_event\native_tif\LS_00180.tif,E:\LandSlide-Prediction\data\pre_event\png_256\LS_00180.png,
LS_00184,1,success,S2B_MSIL2A_20251031T045839_R119_T44NMP_20251031T072153,16.524501,0.0,2025-10-31,2025-09-01/2025-11-20,E:\LandSlide-Prediction\data\pre_event\native_tif\LS_00184.tif,E:\LandSlide-Prediction\data\pre_event\png_256\LS_00184.png,
LS_00185,1,success,S2C_MSIL2A_20251003T050621_R076_T44NMP_20251003T090812,2.112417,0.0,2025-10-03,2025-09-01/2025-11-20,E:\LandSlide-Prediction\data\pre_event\native_tif\LS_00185.tif,E:\LandSlide-Prediction\data\pre_event\png_256\LS_00185.png,
LS_00189,1,success,S2C_MSIL2A_20251003T050621_R076_T44NMP_20251003T090812,2.112417,0.0,2025-10-03,2025-09-01/2025-11-20,E:\LandSlide-Prediction\data\pre_event\native_tif\LS_00189.tif,E:\LandSlide-Prediction\data\pre_event\png_256\LS_00189.png,
LS_00190,1,success,S2C_MSIL2A_20251003T050621_R076_T44NMP_20251003T090812,2.112417,0.0,2025-10-03,2025-09-01/2025-11-20,E:\LandSlide-Prediction\data\pre_event\native_tif\LS_00190.tif,E:\LandSlide-Prediction\data\pre_event\png_256\LS_00190.png,
LS_00192,1,success,S2C_MSIL2A_20251003T050621_R076_T44NMP_20251003T090812,2.112417,0.0,2025-10-03,2025-09-01/2025-11-20,E:\LandSlide-Prediction\data\pre_event\native_tif\LS_00192.tif,E:\LandSlide-Prediction\data\pre_event\png_256\LS_00192.png,
LS_00197,1,success,S2C_MSIL2A_20251003T050621_R076_T44NMP_20251003T090812,2.112417,0.0,2025-10-03,2025-09-01/2025-11-20,E:\LandSlide-Prediction\data\pre_event\native_tif\LS_00197.tif,E:\LandSlide-Prediction\data\pre_event\png_256\LS_00197.png,
LS_00200,1,success,S2B_MSIL2A_20251031T045839_R119_T44NMN_20251031T072153,14.801013,0.0,2025-10-31,2025-09-01/2025-11-20,E:\LandSlide-Prediction\data\pre_event\native_tif\LS_00200.tif,E:\LandSlide-Prediction\data\pre_event\png_256\LS_00200.png,
LS_00202,1,success,S2B_MSIL2A_20251031T045839_R119_T44NMN_20251031T072153,14.801013,0.0,2025-10-31,2025-09-01/2025-11-20,E:\LandSlide-Prediction\data\pre_event\native_tif\LS_00202.tif,E:\LandSlide-Prediction\data\pre_event\png_256\LS_00202.png,
LS_00204,1,success,S2B_MSIL2A_20251031T045839_R119_T44NMN_20251031T072153,14.801013,0.0,2025-10-31,2025-09-01/2025-11-20,E:\LandSlide-Prediction\data\pre_event\native_tif\LS_00204.tif,E:\LandSlide-Prediction\data\pre_event\png_256\LS_00204.png,
LS_00210,1,success,S2B_MSIL2A_20251031T045839_R119_T44NMN_20251031T072153,14.801013,0.0,2025-10-31,2025-09-01/2025-11-20,E:\LandSlide-Prediction\data\pre_event\native_tif\LS_00210.tif,E:\LandSlide-Prediction\data\pre_event\png_256\LS_00210.png,
LS_00211,1,success,S2B_MSIL2A_20251031T045839_R119_T44NMN_20251031T072153,14.801013,0.0,2025-10-31,2025-09-01/2025-11-20,E:\LandSlide-Prediction\data\pre_event\native_tif\LS_00211.tif,E:\LandSlide-Prediction\data\pre_event\png_256\LS_00211.png,
LS_00213,1,success,S2B_MSIL2A_20251031T045839_R119_T44NMN_20251031T072153,14.801013,0.0,2025-10-31,2025-09-01/2025-11-20,E:\LandSlide-Prediction\data\pre_event\native_tif\LS_00213.tif,E:\LandSlide-Prediction\data\pre_event\png_256\LS_00213.png,
LS_00215,1,success,S2B_MSIL2A_20251031T045839_R119_T44NMN_20251031T072153,14.801013,0.0,2025-10-31,2025-09-01/2025-11-20,E:\LandSlide-Prediction\data\pre_event\native_tif\LS_00215.tif,E:\LandSlide-Prediction\data\pre_event\png_256\LS_00215.png,
LS_00217,1,success,S2B_MSIL2A_20251031T045839_R119_T44NMN_20251031T072153,14.801013,0.0,2025-10-31,2025-09-01/2025-11-20,E:\LandSlide-Prediction\data\pre_event\native_tif\LS_00217.tif,E:\LandSlide-Prediction\data\pre_event\png_256\LS_00217.png,
LS_00218,1,success,S2B_MSIL2A_20251031T045839_R119_T44NMN_20251031T072153,14.801013,0.0,2025-10-31,2025-09-01/2025-11-20,E:\LandSlide-Prediction\data\pre_event\native_tif\LS_00218.tif,E:\LandSlide-Prediction\data\pre_event\png_256\LS_00218.png,
LS_00219,1,success,S2B_MSIL2A_20251031T045839_R119_T44NMN_20251031T072153,14.801013,0.0,2025-10-31,2025-09-01/2025-11-20,E:\LandSlide-Prediction\data\pre_event\native_tif\LS_00219.tif,E:\LandSlide-Prediction\data\pre_event\png_256\LS_00219.png,
LS_00220,1,success,S2C_MSIL2A_20250728T045721_R119_T44NMN_20250728T095413,28.22125,9.38,2025-07-28,2025-06-01/2025-08-31,E:\LandSlide-Prediction\data\pre_event\native_tif\LS_00220.tif,E:\LandSlide-Prediction\data\pre_event\png_256\LS_00220.png,
LS_00221,1,success,S2B_MSIL2A_20251031T045839_R119_T44NMN_20251031T072153,14.801013,0.0,2025-10-31,2025-09-01/2025-11-20,E:\LandSlide-Prediction\data\pre_event\native_tif\LS_00221.tif,E:\LandSlide-Prediction\data\pre_event\png_256\LS_00221.png,
LS_00223,1,success,S2C_MSIL2A_20251003T050621_R076_T44NMN_20251003T090812,8.674505,0.0,2025-10-03,2025-09-01/2025-11-20,E:\LandSlide-Prediction\data\pre_event\native_tif\LS_00223.tif,E:\LandSlide-Prediction\data\pre_event\png_256\LS_00223.png,
LS_00226,1,success,S2A_MSIL2A_20250730T050241_R119_T44NMN_20250730T081115,46.099904,0.0,2025-07-30,2025-06-01/2025-08-31,E:\LandSlide-Prediction\data\pre_event\native_tif\LS_00226.tif,E:\LandSlide-Prediction\data\pre_event\png_256\LS_00226.png,
LS_00227,1,success,S2C_MSIL2A_20251003T050621_R076_T44NMN_20251003T090812,8.674505,0.0,2025-10-03,2025-09-01/2025-11-20,E:\LandSlide-Prediction\data\pre_event\native_tif\LS_00227.tif,E:\LandSlide-Prediction\data\pre_event\png_256\LS_00227.png,
LS_00230,1,success,S2C_MSIL2A_20251003T050621_R076_T44NMN_20251003T090812,8.674505,0.0,2025-10-03,2025-09-01/2025-11-20,E:\LandSlide-Prediction\data\pre_event\native_tif\LS_00230.tif,E:\LandSlide-Prediction\data\pre_event\png_256\LS_00230.png,
LS_00232,1,success,S2C_MSIL2A_20251003T050621_R076_T44NMN_20251003T090812,8.674505,0.0,2025-10-03,2025-09-01/2025-11-20,E:\LandSlide-Prediction\data\pre_event\native_tif\LS_00232.tif,E:\LandSlide-Prediction\data\pre_event\png_256\LS_00232.png,
LS_00233,1,success,S2C_MSIL2A_20251003T050621_R076_T44NMN_20251003T090812,8.674505,0.0,2025-10-03,2025-09-01/2025-11-20,E:\LandSlide-Prediction\data\pre_event\native_tif\LS_00233.tif,E:\LandSlide-Prediction\data\pre_event\png_256\LS_00233.png,
LS_00235,1,success,S2C_MSIL2A_20251003T050621_R076_T44NMN_20251003T090812,8.674505,0.0,2025-10-03,2025-09-01/2025-11-20,E:\LandSlide-Prediction\data\pre_event\native_tif\LS_00235.tif,E:\LandSlide-Prediction\data\pre_event\png_256\LS_00235.png,
LS_00239,1,success,S2C_MSIL2A_20251003T050621_R076_T44NMP_20251003T090812,2.112417,0.0,2025-10-03,2025-09-01/2025-11-20,E:\LandSlide-Prediction\data\pre_event\native_tif\LS_00239.tif,E:\LandSlide-Prediction\data\pre_event\png_256\LS_00239.png,
LS_00240,1,success,S2C_MSIL2A_20251003T050621_R076_T44NMP_20251003T090812,2.112417,0.0,2025-10-03,2025-09-01/2025-11-20,E:\LandSlide-Prediction\data\pre_event\native_tif\LS_00240.tif,E:\LandSlide-Prediction\data\pre_event\png_256\LS_00240.png,
LS_00244,1,success,S2C_MSIL2A_20251003T050621_R076_T44NMN_20251003T090812,8.674505,0.0,2025-10-03,2025-09-01/2025-11-20,E:\LandSlide-Prediction\data\pre_event\native_tif\LS_00244.tif,E:\LandSlide-Prediction\data\pre_event\png_256\LS_00244.png,
LS_00245,1,success,S2C_MSIL2A_20251003T050621_R076_T44NMN_20251003T090812,8.674505,0.0,2025-10-03,2025-09-01/2025-11-20,E:\LandSlide-Prediction\data\pre_event\native_tif\LS_00245.tif,E:\LandSlide-Prediction\data\pre_event\png_256\LS_00245.png,
LS_00247,1,success,S2C_MSIL2A_20251003T050621_R076_T44NMN_20251003T090812,8.674505,0.0,2025-10-03,2025-09-01/2025-11-20,E:\LandSlide-Prediction\data\pre_event\native_tif\LS_00247.tif,E:\LandSlide-Prediction\data\pre_event\png_256\LS_00247.png,
LS_00250,1,success,S2C_MSIL2A_20251003T050621_R076_T44NMN_20251003T090812,8.674505,0.0,2025-10-03,2025-09-01/2025-11-20,E:\LandSlide-Prediction\data\pre_event\native_tif\LS_00250.tif,E:\LandSlide-Prediction\data\pre_event\png_256\LS_00250.png,
LS_00251,1,success,S2C_MSIL2A_20251003T050621_R076_T44NMN_20251003T090812,8.674505,0.24,2025-10-03,2025-09-01/2025-11-20,E:\LandSlide-Prediction\data\pre_event\native_tif\LS_00251.tif,E:\LandSlide-Prediction\data\pre_event\png_256\LS_00251.png,
LS_00253,1,success,S2C_MSIL2A_20251003T050621_R076_T44NMN_20251003T090812,8.674505,5.13,2025-10-03,2025-09-01/2025-11-20,E:\LandSlide-Prediction\data\pre_event\native_tif\LS_00253.tif,E:\LandSlide-Prediction\data\pre_event\png_256\LS_00253.png,
LS_00256,1,success,S2C_MSIL2A_20251003T050621_R076_T44NMN_20251003T090812,8.674505,24.41,2025-10-03,2025-09-01/2025-11-20,E:\LandSlide-Prediction\data\pre_event\native_tif\LS_00256.tif,E:\LandSlide-Prediction\data\pre_event\png_256\LS_00256.png,
LS_00257,1,success,S2C_MSIL2A_20251003T050621_R076_T44NMN_20251003T090812,8.674505,0.0,2025-10-03,2025-09-01/2025-11-20,E:\LandSlide-Prediction\data\pre_event\native_tif\LS_00257.tif,E:\LandSlide-Prediction\data\pre_event\png_256\LS_00257.png,
LS_00258,1,success,S2C_MSIL2A_20251003T050621_R076_T44NMN_20251003T090812,8.674505,0.0,2025-10-03,2025-09-01/2025-11-20,E:\LandSlide-Prediction\data\pre_event\native_tif\LS_00258.tif,E:\LandSlide-Prediction\data\pre_event\png_256\LS_00258.png,
LS_00259,1,success,S2C_MSIL2A_20251003T050621_R076_T44NMN_20251003T090812,8.674505,0.0,2025-10-03,2025-09-01/2025-11-20,E:\LandSlide-Prediction\data\pre_event\native_tif\LS_00259.tif,E:\LandSlide-Prediction\data\pre_event\png_256\LS_00259.png,
LS_00264,1,success,S2A_MSIL2A_20250905T050621_R076_T44NMN_20250905T063012,36.164254,0.0,2025-09-05,2025-09-01/2025-11-20,E:\LandSlide-Prediction\data\pre_event\native_tif\LS_00264.tif,E:\LandSlide-Prediction\data\pre_event\png_256\LS_00264.png,
LS_00269,1,success,S2C_MSIL2A_20251003T050621_R076_T44NMN_20251003T090812,8.674505,0.0,2025-10-03,2025-09-01/2025-11-20,E:\LandSlide-Prediction\data\pre_event\native_tif\LS_00269.tif,E:\LandSlide-Prediction\data\pre_event\png_256\LS_00269.png,
LS_00273,1,success,S2C_MSIL2A_20251003T050621_R076_T44NMN_20251003T090812,8.674505,0.0,2025-10-03,2025-09-01/2025-11-20,E:\LandSlide-Prediction\data\pre_event\native_tif\LS_00273.tif,E:\LandSlide-Prediction\data\pre_event\png_256\LS_00273.png,
LS_00275,1,success,S2C_MSIL2A_20251003T050621_R076_T44NMN_20251003T090812,8.674505,0.0,2025-10-03,2025-09-01/2025-11-20,E:\LandSlide-Prediction\data\pre_event\native_tif\LS_00275.tif,E:\LandSlide-Prediction\data\pre_event\png_256\LS_00275.png,
LS_00277,1,success,S2C_MSIL2A_20251003T050621_R076_T44NMN_20251003T090812,8.674505,0.0,2025-10-03,2025-09-01/2025-11-20,E:\LandSlide-Prediction\data\pre_event\native_tif\LS_00277.tif,E:\LandSlide-Prediction\data\pre_event\png_256\LS_00277.png,
LS_00282,1,success,S2A_MSIL2A_20250905T050621_R076_T44NMN_20250905T063012,36.164254,0.0,2025-09-05,2025-09-01/2025-11-20,E:\LandSlide-Prediction\data\pre_event\native_tif\LS_00282.tif,E:\LandSlide-Prediction\data\pre_event\png_256\LS_00282.png,
LS_00285,1,success,S2A_MSIL2A_20250905T050621_R076_T44NMN_20250905T063012,36.164254,0.0,2025-09-05,2025-09-01/2025-11-20,E:\LandSlide-Prediction\data\pre_event\native_tif\LS_00285.tif,E:\LandSlide-Prediction\data\pre_event\png_256\LS_00285.png,
LS_00287,1,success,S2C_MSIL2A_20251003T050621_R076_T44NMN_20251003T090812,8.674505,0.0,2025-10-03,2025-09-01/2025-11-20,E:\LandSlide-Prediction\data\pre_event\native_tif\LS_00287.tif,E:\LandSlide-Prediction\data\pre_event\png_256\LS_00287.png,
LS_00290,1,success,S2C_MSIL2A_20251003T050621_R076_T44NMN_20251003T090812,8.674505,0.0,2025-10-03,2025-09-01/2025-11-20,E:\LandSlide-Prediction\data\pre_event\native_tif\LS_00290.tif,E:\LandSlide-Prediction\data\pre_event\png_256\LS_00290.png,
LS_00292,1,success,S2C_MSIL2A_20251003T050621_R076_T44NMN_20251003T090812,8.674505,0.0,2025-10-03,2025-09-01/2025-11-20,E:\LandSlide-Prediction\data\pre_event\native_tif\LS_00292.tif,E:\LandSlide-Prediction\data\pre_event\png_256\LS_00292.png,
LS_00295,1,success,S2C_MSIL2A_20251003T050621_R076_T44NMN_20251003T090812,8.674505,0.0,2025-10-03,2025-09-01/2025-11-20,E:\LandSlide-Prediction\data\pre_event\native_tif\LS_00295.tif,E:\LandSlide-Prediction\data\pre_event\png_256\LS_00295.png,
LS_00297,1,success,S2C_MSIL2A_20250913T050621_R076_T44NNN_20250913T092114,28.331435,0.0,2025-09-13,2025-09-01/2025-11-20,E:\LandSlide-Prediction\data\pre_event\native_tif\LS_00297.tif,E:\LandSlide-Prediction\data\pre_event\png_256\LS_00297.png,
LS_00299,1,success,S2C_MSIL2A_20250913T050621_R076_T44NNN_20250913T092114,28.331435,0.0,2025-09-13,2025-09-01/2025-11-20,E:\LandSlide-Prediction\data\pre_event\native_tif\LS_00299.tif,E:\LandSlide-Prediction\data\pre_event\png_256\LS_00299.png,
LS_00300,1,success,S2C_MSIL2A_20251003T050621_R076_T44NNN_20251003T090812,23.541953,11.82,2025-10-03,2025-09-01/2025-11-20,E:\LandSlide-Prediction\data\pre_event\native_tif\LS_00300.tif,E:\LandSlide-Prediction\data\pre_event\png_256\LS_00300.png,
LS_00301,1,success,S2C_MSIL2A_20250913T050621_R076_T44NNN_20250913T092114,28.331435,0.0,2025-09-13,2025-09-01/2025-11-20,E:\LandSlide-Prediction\data\pre_event\native_tif\LS_00301.tif,E:\LandSlide-Prediction\data\pre_event\png_256\LS_00301.png,
LS_00304,1,success,S2C_MSIL2A_20250913T050621_R076_T44NNN_20250913T092114,28.331435,0.0,2025-09-13,2025-09-01/2025-11-20,E:\LandSlide-Prediction\data\pre_event\native_tif\LS_00304.tif,E:\LandSlide-Prediction\data\pre_event\png_256\LS_00304.png,
LS_00308,1,success,S2C_MSIL2A_20250913T050621_R076_T44NNN_20250913T092114,28.331435,0.0,2025-09-13,2025-09-01/2025-11-20,E:\LandSlide-Prediction\data\pre_event\native_tif\LS_00308.tif,E:\LandSlide-Prediction\data\pre_event\png_256\LS_00308.png,
LS_00312,1,success,S2C_MSIL2A_20250913T050621_R076_T44NNN_20250913T092114,28.331435,0.9,2025-09-13,2025-09-01/2025-11-20,E:\LandSlide-Prediction\data\pre_event\native_tif\LS_00312.tif,E:\LandSlide-Prediction\data\pre_event\png_256\LS_00312.png,
LS_00315,1,success,S2A_MSIL2A_20250905T050621_R076_T44NNN_20250905T063012,36.080211,0.0,2025-09-05,2025-09-01/2025-11-20,E:\LandSlide-Prediction\data\pre_event\native_tif\LS_00315.tif,E:\LandSlide-Prediction\data\pre_event\png_256\LS_00315.png,
LS_00321,1,success,S2C_MSIL2A_20251013T050611_R076_T44NNN_20251013T090413,15.8978,0.49,2025-10-13,2025-09-01/2025-11-20,E:\LandSlide-Prediction\data\pre_event\native_tif\LS_00321.tif,E:\LandSlide-Prediction\data\pre_event\png_256\LS_00321.png,
LS_00327,1,success,S2C_MSIL2A_20251013T050611_R076_T44NNN_20251013T090413,15.8978,0.0,2025-10-13,2025-09-01/2025-11-20,E:\LandSlide-Prediction\data\pre_event\native_tif\LS_00327.tif,E:\LandSlide-Prediction\data\pre_event\png_256\LS_00327.png,
LS_00328,1,success,S2C_MSIL2A_20251013T050611_R076_T44NNN_20251013T090413,15.8978,0.0,2025-10-13,2025-09-01/2025-11-20,E:\LandSlide-Prediction\data\pre_event\native_tif\LS_00328.tif,E:\LandSlide-Prediction\data\pre_event\png_256\LS_00328.png,
LS_00329,1,success,S2C_MSIL2A_20251013T050611_R076_T44NNN_20251013T090413,15.8978,0.0,2025-10-13,2025-09-01/2025-11-20,E:\LandSlide-Prediction\data\pre_event\native_tif\LS_00329.tif,E:\LandSlide-Prediction\data\pre_event\png_256\LS_00329.png,
LS_00330,1,success,S2C_MSIL2A_20250913T050621_R076_T44NNN_20250913T092114,28.331435,0.0,2025-09-13,2025-09-01/2025-11-20,E:\LandSlide-Prediction\data\pre_event\native_tif\LS_00330.tif,E:\LandSlide-Prediction\data\pre_event\png_256\LS_00330.png,
LS_00331,1,success,S2A_MSIL2A_20250905T050621_R076_T44NNN_20250905T063012,36.080211,0.0,2025-09-05,2025-09-01/2025-11-20,E:\LandSlide-Prediction\data\pre_event\native_tif\LS_00331.tif,E:\LandSlide-Prediction\data\pre_event\png_256\LS_00331.png,
LS_00332,1,success,S2C_MSIL2A_20251003T050621_R076_T44NNN_20251003T090812,23.541953,6.64,2025-10-03,2025-09-01/2025-11-20,E:\LandSlide-Prediction\data\pre_event\native_tif\LS_00332.tif,E:\LandSlide-Prediction\data\pre_event\png_256\LS_00332.png,
LS_00334,1,success,S2A_MSIL2A_20250905T050621_R076_T44NNN_20250905T063012,36.080211,0.0,2025-09-05,2025-09-01/2025-11-20,E:\LandSlide-Prediction\data\pre_event\native_tif\LS_00334.tif,E:\LandSlide-Prediction\data\pre_event\png_256\LS_00334.png,
LS_00335,1,success,S2C_MSIL2A_20250913T050621_R076_T44NNN_20250913T092114,28.331435,15.82,2025-09-13,2025-09-01/2025-11-20,E:\LandSlide-Prediction\data\pre_event\native_tif\LS_00335.tif,E:\LandSlide-Prediction\data\pre_event\png_256\LS_00335.png,
LS_00336,1,success,S2C_MSIL2A_20250913T050621_R076_T44NNN_20250913T092114,28.331435,0.0,2025-09-13,2025-09-01/2025-11-20,E:\LandSlide-Prediction\data\pre_event\native_tif\LS_00336.tif,E:\LandSlide-Prediction\data\pre_event\png_256\LS_00336.png,
LS_00337,1,success,S2B_MSIL2A_20251008T050559_R076_T44NNN_20251008T082000,19.039197,0.0,2025-10-08,2025-09-01/2025-11-20,E:\LandSlide-Prediction\data\pre_event\native_tif\LS_00337.tif,E:\LandSlide-Prediction\data\pre_event\png_256\LS_00337.png,
LS_00340,1,success,S2C_MSIL2A_20251003T050621_R076_T44NNN_20251003T090812,23.541953,0.0,2025-10-03,2025-09-01/2025-11-20,E:\LandSlide-Prediction\data\pre_event\native_tif\LS_00340.tif,E:\LandSlide-Prediction\data\pre_event\png_256\LS_00340.png,
LS_00341,1,success,S2B_MSIL2A_20251008T050559_R076_T44NNN_20251008T082000,19.039197,0.0,2025-10-08,2025-09-01/2025-11-20,E:\LandSlide-Prediction\data\pre_event\native_tif\LS_00341.tif,E:\LandSlide-Prediction\data\pre_event\png_256\LS_00341.png,
LS_00346,1,success,S2B_MSIL2A_20251008T050559_R076_T44NNN_20251008T082000,19.039197,7.81,2025-10-08,2025-09-01/2025-11-20,E:\LandSlide-Prediction\data\pre_event\native_tif\LS_00346.tif,E:\LandSlide-Prediction\data\pre_event\png_256\LS_00346.png,
LS_00347,1,success,S2B_MSIL2A_20251008T050559_R076_T44NNN_20251008T082000,19.039197,3.32,2025-10-08,2025-09-01/2025-11-20,E:\LandSlide-Prediction\data\pre_event\native_tif\LS_00347.tif,E:\LandSlide-Prediction\data\pre_event\png_256\LS_00347.png,
LS_00348,1,success,S2B_MSIL2A_20251008T050559_R076_T44NNN_20251008T082000,19.039197,0.0,2025-10-08,2025-09-01/2025-11-20,E:\LandSlide-Prediction\data\pre_event\native_tif\LS_00348.tif,E:\LandSlide-Prediction\data\pre_event\png_256\LS_00348.png,
LS_00350,1,success,S2C_MSIL2A_20250913T050621_R076_T44NNN_20250913T092114,28.331435,0.0,2025-09-13,2025-09-01/2025-11-20,E:\LandSlide-Prediction\data\pre_event\native_tif\LS_00350.tif,E:\LandSlide-Prediction\data\pre_event\png_256\LS_00350.png,
LS_00353,1,success,S2C_MSIL2A_20250913T050621_R076_T44NNN_20250913T092114,28.331435,11.43,2025-09-13,2025-09-01/2025-11-20,E:\LandSlide-Prediction\data\pre_event\native_tif\LS_00353.tif,E:\LandSlide-Prediction\data\pre_event\png_256\LS_00353.png,
LS_00354,1,success,S2B_MSIL2A_20251008T050559_R076_T44NNN_20251008T082000,19.039197,0.0,2025-10-08,2025-09-01/2025-11-20,E:\LandSlide-Prediction\data\pre_event\native_tif\LS_00354.tif,E:\LandSlide-Prediction\data\pre_event\png_256\LS_00354.png,
LS_00355,1,success,S2C_MSIL2A_20251013T050611_R076_T44NNN_20251013T090413,15.8978,0.0,2025-10-13,2025-09-01/2025-11-20,E:\LandSlide-Prediction\data\pre_event\native_tif\LS_00355.tif,E:\LandSlide-Prediction\data\pre_event\png_256\LS_00355.png,
LS_00357,1,success,S2C_MSIL2A_20250913T050621_R076_T44NNN_20250913T092114,28.331435,0.49,2025-09-13,2025-09-01/2025-11-20,E:\LandSlide-Prediction\data\pre_event\native_tif\LS_00357.tif,E:\LandSlide-Prediction\data\pre_event\png_256\LS_00357.png,
LS_00359,1,success,S2C_MSIL2A_20250913T050621_R076_T44NNN_20250913T092114,28.331435,0.0,2025-09-13,2025-09-01/2025-11-20,E:\LandSlide-Prediction\data\pre_event\native_tif\LS_00359.tif,E:\LandSlide-Prediction\data\pre_event\png_256\LS_00359.png,
LS_00363,1,success,S2B_MSIL2A_20250908T050559_R076_T44NNN_20250908T070833,27.121845,8.54,2025-09-08,2025-09-01/2025-11-20,E:\LandSlide-Prediction\data\pre_event\native_tif\LS_00363.tif,E:\LandSlide-Prediction\data\pre_event\png_256\LS_00363.png,
LS_00365,1,success,S2C_MSIL2A_20250913T050621_R076_T44NNN_20250913T092114,28.331435,0.0,2025-09-13,2025-09-01/2025-11-20,E:\LandSlide-Prediction\data\pre_event\native_tif\LS_00365.tif,E:\LandSlide-Prediction\data\pre_event\png_256\LS_00365.png,
LS_00366,1,success,S2B_MSIL2A_20250908T050559_R076_T44NNN_20250908T070833,27.121845,0.0,2025-09-08,2025-09-01/2025-11-20,E:\LandSlide-Prediction\data\pre_event\native_tif\LS_00366.tif,E:\LandSlide-Prediction\data\pre_event\png_256\LS_00366.png,
LS_00368,1,success,S2B_MSIL2A_20250908T050559_R076_T44NNN_20250908T070833,27.121845,23.73,2025-09-08,2025-09-01/2025-11-20,E:\LandSlide-Prediction\data\pre_event\native_tif\LS_00368.tif,E:\LandSlide-Prediction\data\pre_event\png_256\LS_00368.png,
LS_00371,1,success,S2B_MSIL2A_20251028T050559_R076_T44NNN_20251028T070748,29.97084,0.0,2025-10-28,2025-09-01/2025-11-20,E:\LandSlide-Prediction\data\pre_event\native_tif\LS_00371.tif,E:\LandSlide-Prediction\data\pre_event\png_256\LS_00371.png,
LS_00373,1,success,S2C_MSIL2A_20250913T050621_R076_T44NNN_20250913T092114,28.331435,1.86,2025-09-13,2025-09-01/2025-11-20,E:\LandSlide-Prediction\data\pre_event\native_tif\LS_00373.tif,E:\LandSlide-Prediction\data\pre_event\png_256\LS_00373.png,
LS_00377,1,success,S2C_MSIL2A_20250913T050621_R076_T44NNN_20250913T092114,28.331435,0.0,2025-09-13,2025-09-01/2025-11-20,E:\LandSlide-Prediction\data\pre_event\native_tif\LS_00377.tif,E:\LandSlide-Prediction\data\pre_event\png_256\LS_00377.png,
LS_00378,1,success,S2C_MSIL2A_20250913T050621_R076_T44NNN_20250913T092114,28.331435,0.0,2025-09-13,2025-09-01/2025-11-20,E:\LandSlide-Prediction\data\pre_event\native_tif\LS_00378.tif,E:\LandSlide-Prediction\data\pre_event\png_256\LS_00378.png,
LS_00380,1,success,S2C_MSIL2A_20251003T050621_R076_T44NMN_20251003T090812,8.674505,0.0,2025-10-03,2025-09-01/2025-11-20,E:\LandSlide-Prediction\data\pre_event\native_tif\LS_00380.tif,E:\LandSlide-Prediction\data\pre_event\png_256\LS_00380.png,
LS_00382,1,success,S2C_MSIL2A_20251003T050621_R076_T44NMN_20251003T090812,8.674505,0.0,2025-10-03,2025-09-01/2025-11-20,E:\LandSlide-Prediction\data\pre_event\native_tif\LS_00382.tif,E:\LandSlide-Prediction\data\pre_event\png_256\LS_00382.png,
LS_00383,1,success,S2C_MSIL2A_20251003T050621_R076_T44NMP_20251003T090812,2.112417,0.0,2025-10-03,2025-09-01/2025-11-20,E:\LandSlide-Prediction\data\pre_event\native_tif\LS_00383.tif,E:\LandSlide-Prediction\data\pre_event\png_256\LS_00383.png,
LS_00384,1,success,S2C_MSIL2A_20251003T050621_R076_T44NMP_20251003T090812,2.112417,0.0,2025-10-03,2025-09-01/2025-11-20,E:\LandSlide-Prediction\data\pre_event\native_tif\LS_00384.tif,E:\LandSlide-Prediction\data\pre_event\png_256\LS_00384.png,
LS_00387,1,success,S2C_MSIL2A_20251003T050621_R076_T44NMP_20251003T090812,2.112417,0.0,2025-10-03,2025-09-01/2025-11-20,E:\LandSlide-Prediction\data\pre_event\native_tif\LS_00387.tif,E:\LandSlide-Prediction\data\pre_event\png_256\LS_00387.png,
LS_00388,1,success,S2C_MSIL2A_20251003T050621_R076_T44NMP_20251003T090812,2.112417,0.0,2025-10-03,2025-09-01/2025-11-20,E:\LandSlide-Prediction\data\pre_event\native_tif\LS_00388.tif,E:\LandSlide-Prediction\data\pre_event\png_256\LS_00388.png,
LS_00389,1,success,S2C_MSIL2A_20251003T050621_R076_T44NMP_20251003T090812,2.112417,0.0,2025-10-03,2025-09-01/2025-11-20,E:\LandSlide-Prediction\data\pre_event\native_tif\LS_00389.tif,E:\LandSlide-Prediction\data\pre_event\png_256\LS_00389.png,
LS_00391,1,success,S2C_MSIL2A_20251003T050621_R076_T44NMP_20251003T090812,2.112417,0.0,2025-10-03,2025-09-01/2025-11-20,E:\LandSlide-Prediction\data\pre_event\native_tif\LS_00391.tif,E:\LandSlide-Prediction\data\pre_event\png_256\LS_00391.png,
LS_00392,1,success,S2C_MSIL2A_20251003T050621_R076_T44NMP_20251003T090812,2.112417,0.0,2025-10-03,2025-09-01/2025-11-20,E:\LandSlide-Prediction\data\pre_event\native_tif\LS_00392.tif,E:\LandSlide-Prediction\data\pre_event\png_256\LS_00392.png,
LS_00394,1,success,S2B_MSIL2A_20251031T045839_R119_T44NMP_20251031T072153,16.524501,0.0,2025-10-31,2025-09-01/2025-11-20,E:\LandSlide-Prediction\data\pre_event\native_tif\LS_00394.tif,E:\LandSlide-Prediction\data\pre_event\png_256\LS_00394.png,
LS_00395,1,success,S2B_MSIL2A_20251031T045839_R119_T44NMP_20251031T072153,16.524501,0.0,2025-10-31,2025-09-01/2025-11-20,E:\LandSlide-Prediction\data\pre_event\native_tif\LS_00395.tif,E:\LandSlide-Prediction\data\pre_event\png_256\LS_00395.png,
LS_00398,1,success,S2B_MSIL2A_20251031T045839_R119_T44NMP_20251031T072153,16.524501,0.0,2025-10-31,2025-09-01/2025-11-20,E:\LandSlide-Prediction\data\pre_event\native_tif\LS_00398.tif,E:\LandSlide-Prediction\data\pre_event\png_256\LS_00398.png,
LS_00399,1,success,S2B_MSIL2A_20251031T045839_R119_T44NMP_20251031T072153,16.524501,0.0,2025-10-31,2025-09-01/2025-11-20,E:\LandSlide-Prediction\data\pre_event\native_tif\LS_00399.tif,E:\LandSlide-Prediction\data\pre_event\png_256\LS_00399.png,
LS_00406,1,success,S2B_MSIL2A_20251031T045839_R119_T44NMP_20251031T072153,16.524501,0.0,2025-10-31,2025-09-01/2025-11-20,E:\LandSlide-Prediction\data\pre_event\native_tif\LS_00406.tif,E:\LandSlide-Prediction\data\pre_event\png_256\LS_00406.png,
LS_00408,1,success,S2B_MSIL2A_20251031T045839_R119_T44NMP_20251031T072153,16.524501,0.0,2025-10-31,2025-09-01/2025-11-20,E:\LandSlide-Prediction\data\pre_event\native_tif\LS_00408.tif,E:\LandSlide-Prediction\data\pre_event\png_256\LS_00408.png,
LS_00410,1,success,S2C_MSIL2A_20251003T050621_R076_T44NMP_20251003T090812,2.112417,0.59,2025-10-03,2025-09-01/2025-11-20,E:\LandSlide-Prediction\data\pre_event\native_tif\LS_00410.tif,E:\LandSlide-Prediction\data\pre_event\png_256\LS_00410.png,
LS_00411,1,success,S2A_MSIL2A_20250905T050621_R076_T44NMP_20250905T063012,30.717695,0.0,2025-09-05,2025-09-01/2025-11-20,E:\LandSlide-Prediction\data\pre_event\native_tif\LS_00411.tif,E:\LandSlide-Prediction\data\pre_event\png_256\LS_00411.png,
LS_00412,1,success,S2C_MSIL2A_20251003T050621_R076_T44NMP_20251003T090812,2.112417,0.0,2025-10-03,2025-09-01/2025-11-20,E:\LandSlide-Prediction\data\pre_event\native_tif\LS_00412.tif,E:\LandSlide-Prediction\data\pre_event\png_256\LS_00412.png,
LS_00413,1,success,S2C_MSIL2A_20251003T050621_R076_T44NMP_20251003T090812,2.112417,0.0,2025-10-03,2025-09-01/2025-11-20,E:\LandSlide-Prediction\data\pre_event\native_tif\LS_00413.tif,E:\LandSlide-Prediction\data\pre_event\png_256\LS_00413.png,
LS_00414,1,success,S2C_MSIL2A_20251003T050621_R076_T44NMP_20251003T090812,2.112417,0.0,2025-10-03,2025-09-01/2025-11-20,E:\LandSlide-Prediction\data\pre_event\native_tif\LS_00414.tif,E:\LandSlide-Prediction\data\pre_event\png_256\LS_00414.png,
LS_00415,1,success,S2C_MSIL2A_20251003T050621_R076_T44NMP_20251003T090812,2.112417,0.0,2025-10-03,2025-09-01/2025-11-20,E:\LandSlide-Prediction\data\pre_event\native_tif\LS_00415.tif,E:\LandSlide-Prediction\data\pre_event\png_256\LS_00415.png,
LS_00418,1,success,S2C_MSIL2A_20251003T050621_R076_T44NMP_20251003T090812,2.112417,0.0,2025-10-03,2025-09-01/2025-11-20,E:\LandSlide-Prediction\data\pre_event\native_tif\LS_00418.tif,E:\LandSlide-Prediction\data\pre_event\png_256\LS_00418.png,
LS_00422,1,success,S2B_MSIL2A_20251031T045839_R119_T44NMP_20251031T072153,16.524501,0.0,2025-10-31,2025-09-01/2025-11-20,E:\LandSlide-Prediction\data\pre_event\native_tif\LS_00422.tif,E:\LandSlide-Prediction\data\pre_event\png_256\LS_00422.png,
LS_00423,1,success,S2B_MSIL2A_20251031T045839_R119_T44NMP_20251031T072153,16.524501,0.0,2025-10-31,2025-09-01/2025-11-20,E:\LandSlide-Prediction\data\pre_event\native_tif\LS_00423.tif,E:\LandSlide-Prediction\data\pre_event\png_256\LS_00423.png,
LS_00424,1,success,S2B_MSIL2A_20251031T045839_R119_T44NMN_20251031T072153,14.801013,0.0,2025-10-31,2025-09-01/2025-11-20,E:\LandSlide-Prediction\data\pre_event\native_tif\LS_00424.tif,E:\LandSlide-Prediction\data\pre_event\png_256\LS_00424.png,
LS_00425,1,success,S2B_MSIL2A_20251031T045839_R119_T44NMN_20251031T072153,14.801013,0.0,2025-10-31,2025-09-01/2025-11-20,E:\LandSlide-Prediction\data\pre_event\native_tif\LS_00425.tif,E:\LandSlide-Prediction\data\pre_event\png_256\LS_00425.png,
LS_00426,1,success,S2B_MSIL2A_20250911T045659_R119_T44NMP_20250911T084431,52.030182,5.4,2025-09-11,2025-09-01/2025-11-20,E:\LandSlide-Prediction\data\pre_event\native_tif\LS_00426.tif,E:\LandSlide-Prediction\data\pre_event\png_256\LS_00426.png,
LS_00427,1,success,S2C_MSIL2A_20251006T045711_R119_T44NMP_20251006T093213,47.28899,2.44,2025-10-06,2025-09-01/2025-11-20,E:\LandSlide-Prediction\data\pre_event\native_tif\LS_00427.tif,E:\LandSlide-Prediction\data\pre_event\png_256\LS_00427.png,
LS_00428,1,success,S2B_MSIL2A_20251031T045839_R119_T44NMN_20251031T072153,14.801013,0.0,2025-10-31,2025-09-01/2025-11-20,E:\LandSlide-Prediction\data\pre_event\native_tif\LS_00428.tif,E:\LandSlide-Prediction\data\pre_event\png_256\LS_00428.png,
LS_00429,1,success,S2B_MSIL2A_20251031T045839_R119_T44NMN_20251031T072153,14.801013,0.0,2025-10-31,2025-09-01/2025-11-20,E:\LandSlide-Prediction\data\pre_event\native_tif\LS_00429.tif,E:\LandSlide-Prediction\data\pre_event\png_256\LS_00429.png,
LS_00430,1,success,S2B_MSIL2A_20251031T045839_R119_T44NMN_20251031T072153,14.801013,0.0,2025-10-31,2025-09-01/2025-11-20,E:\LandSlide-Prediction\data\pre_event\native_tif\LS_00430.tif,E:\LandSlide-Prediction\data\pre_event\png_256\LS_00430.png,
LS_00431,1,success,S2B_MSIL2A_20251031T045839_R119_T44NMN_20251031T072153,14.801013,0.0,2025-10-31,2025-09-01/2025-11-20,E:\LandSlide-Prediction\data\pre_event\native_tif\LS_00431.tif,E:\LandSlide-Prediction\data\pre_event\png_256\LS_00431.png,
LS_00432,1,success,S2B_MSIL2A_20251031T045839_R119_T44NMN_20251031T072153,14.801013,0.0,2025-10-31,2025-09-01/2025-11-20,E:\LandSlide-Prediction\data\pre_event\native_tif\LS_00432.tif,E:\LandSlide-Prediction\data\pre_event\png_256\LS_00432.png,
LS_00435,1,success,S2B_MSIL2A_20251031T045839_R119_T44NMN_20251031T072153,14.801013,0.0,2025-10-31,2025-09-01/2025-11-20,E:\LandSlide-Prediction\data\pre_event\native_tif\LS_00435.tif,E:\LandSlide-Prediction\data\pre_event\png_256\LS_00435.png,
LS_00437,1,success,S2B_MSIL2A_20251031T045839_R119_T44NMN_20251031T072153,14.801013,0.0,2025-10-31,2025-09-01/2025-11-20,E:\LandSlide-Prediction\data\pre_event\native_tif\LS_00437.tif,E:\LandSlide-Prediction\data\pre_event\png_256\LS_00437.png,
LS_00438,1,success,S2B_MSIL2A_20251031T045839_R119_T44NMN_20251031T072153,14.801013,0.0,2025-10-31,2025-09-01/2025-11-20,E:\LandSlide-Prediction\data\pre_event\native_tif\LS_00438.tif,E:\LandSlide-Prediction\data\pre_event\png_256\LS_00438.png,
LS_00442,1,success,S2B_MSIL2A_20251001T045659_R119_T44NMN_20251001T082912,44.625133,0.59,2025-10-01,2025-09-01/2025-11-20,E:\LandSlide-Prediction\data\pre_event\native_tif\LS_00442.tif,E:\LandSlide-Prediction\data\pre_event\png_256\LS_00442.png,
LS_00444,1,success,S2B_MSIL2A_20251031T045839_R119_T44NMN_20251031T072153,14.801013,0.0,2025-10-31,2025-09-01/2025-11-20,E:\LandSlide-Prediction\data\pre_event\native_tif\LS_00444.tif,E:\LandSlide-Prediction\data\pre_event\png_256\LS_00444.png,
LS_00445,1,success,S2C_MSIL2A_20251003T050621_R076_T44NMP_20251003T090812,2.112417,0.0,2025-10-03,2025-09-01/2025-11-20,E:\LandSlide-Prediction\data\pre_event\native_tif\LS_00445.tif,E:\LandSlide-Prediction\data\pre_event\png_256\LS_00445.png,
LS_00446,1,success,S2B_MSIL2A_20251031T045839_R119_T44NMP_20251031T072153,16.524501,0.0,2025-10-31,2025-09-01/2025-11-20,E:\LandSlide-Prediction\data\pre_event\native_tif\LS_00446.tif,E:\LandSlide-Prediction\data\pre_event\png_256\LS_00446.png,
LS_00448,1,success,S2A_MSIL2A_20250908T050231_R119_T44NMP_20250908T080413,40.256369,12.5,2025-09-08,2025-09-01/2025-11-20,E:\LandSlide-Prediction\data\pre_event\native_tif\LS_00448.tif,E:\LandSlide-Prediction\data\pre_event\png_256\LS_00448.png,
LS_00449,1,success,S2B_MSIL2A_20251031T045839_R119_T44NMP_20251031T072153,16.524501,0.0,2025-10-31,2025-09-01/2025-11-20,E:\LandSlide-Prediction\data\pre_event\native_tif\LS_00449.tif,E:\LandSlide-Prediction\data\pre_event\png_256\LS_00449.png,
LS_00450,1,success,S2B_MSIL2A_20251031T045839_R119_T44NMP_20251031T072153,16.524501,0.0,2025-10-31,2025-09-01/2025-11-20,E:\LandSlide-Prediction\data\pre_event\native_tif\LS_00450.tif,E:\LandSlide-Prediction\data\pre_event\png_256\LS_00450.png,
LS_00453,1,success,S2B_MSIL2A_20251031T045839_R119_T44NMP_20251031T072153,16.524501,0.0,2025-10-31,2025-09-01/2025-11-20,E:\LandSlide-Prediction\data\pre_event\native_tif\LS_00453.tif,E:\LandSlide-Prediction\data\pre_event\png_256\LS_00453.png,
LS_00454,1,success,S2B_MSIL2A_20251031T045839_R119_T44NMP_20251031T072153,16.524501,7.37,2025-10-31,2025-09-01/2025-11-20,E:\LandSlide-Prediction\data\pre_event\native_tif\LS_00454.tif,E:\LandSlide-Prediction\data\pre_event\png_256\LS_00454.png,
LS_00455,1,success,S2A_MSIL2A_20250908T050231_R119_T44NMP_20250908T080413,40.256369,0.0,2025-09-08,2025-09-01/2025-11-20,E:\LandSlide-Prediction\data\pre_event\native_tif\LS_00455.tif,E:\LandSlide-Prediction\data\pre_event\png_256\LS_00455.png,
LS_00456,1,success,S2B_MSIL2A_20251031T045839_R119_T44NMP_20251031T072153,16.524501,0.0,2025-10-31,2025-09-01/2025-11-20,E:\LandSlide-Prediction\data\pre_event\native_tif\LS_00456.tif,E:\LandSlide-Prediction\data\pre_event\png_256\LS_00456.png,
LS_00457,1,success,S2B_MSIL2A_20251031T045839_R119_T44NMP_20251031T072153,16.524501,0.0,2025-10-31,2025-09-01/2025-11-20,E:\LandSlide-Prediction\data\pre_event\native_tif\LS_00457.tif,E:\LandSlide-Prediction\data\pre_event\png_256\LS_00457.png,
LS_00458,1,success,S2B_MSIL2A_20251031T045839_R119_T44NMP_20251031T072153,16.524501,0.0,2025-10-31,2025-09-01/2025-11-20,E:\LandSlide-Prediction\data\pre_event\native_tif\LS_00458.tif,E:\LandSlide-Prediction\data\pre_event\png_256\LS_00458.png,
LS_00459,1,success,S2B_MSIL2A_20251031T045839_R119_T44NMP_20251031T072153,16.524501,0.1,2025-10-31,2025-09-01/2025-11-20,E:\LandSlide-Prediction\data\pre_event\native_tif\LS_00459.tif,E:\LandSlide-Prediction\data\pre_event\png_256\LS_00459.png,
LS_00460,1,success,S2B_MSIL2A_20251031T045839_R119_T44NMP_20251031T072153,16.524501,0.0,2025-10-31,2025-09-01/2025-11-20,E:\LandSlide-Prediction\data\pre_event\native_tif\LS_00460.tif,E:\LandSlide-Prediction\data\pre_event\png_256\LS_00460.png,
LS_00461,1,success,S2B_MSIL2A_20251031T045839_R119_T44NMP_20251031T072153,16.524501,0.0,2025-10-31,2025-09-01/2025-11-20,E:\LandSlide-Prediction\data\pre_event\native_tif\LS_00461.tif,E:\LandSlide-Prediction\data\pre_event\png_256\LS_00461.png,
LS_00462,1,success,S2B_MSIL2A_20251031T045839_R119_T44NMP_20251031T072153,16.524501,1.76,2025-10-31,2025-09-01/2025-11-20,E:\LandSlide-Prediction\data\pre_event\native_tif\LS_00462.tif,E:\LandSlide-Prediction\data\pre_event\png_256\LS_00462.png,
LS_00463,1,success,S2B_MSIL2A_20251031T045839_R119_T44NMP_20251031T072153,16.524501,0.0,2025-10-31,2025-09-01/2025-11-20,E:\LandSlide-Prediction\data\pre_event\native_tif\LS_00463.tif,E:\LandSlide-Prediction\data\pre_event\png_256\LS_00463.png,
LS_00464,1,success,S2A_MSIL2A_20250908T050231_R119_T44NMP_20250908T080413,40.256369,0.0,2025-09-08,2025-09-01/2025-11-20,E:\LandSlide-Prediction\data\pre_event\native_tif\LS_00464.tif,E:\LandSlide-Prediction\data\pre_event\png_256\LS_00464.png,
LS_00466,1,success,S2B_MSIL2A_20251031T045839_R119_T44NMP_20251031T072153,16.524501,11.62,2025-10-31,2025-09-01/2025-11-20,E:\LandSlide-Prediction\data\pre_event\native_tif\LS_00466.tif,E:\LandSlide-Prediction\data\pre_event\png_256\LS_00466.png,
LS_00467,1,success,S2B_MSIL2A_20251031T045839_R119_T44NMP_20251031T072153,16.524501,0.0,2025-10-31,2025-09-01/2025-11-20,E:\LandSlide-Prediction\data\pre_event\native_tif\LS_00467.tif,E:\LandSlide-Prediction\data\pre_event\png_256\LS_00467.png,
LS_00468,1,success,S2B_MSIL2A_20251031T045839_R119_T44NMP_20251031T072153,16.524501,0.0,2025-10-31,2025-09-01/2025-11-20,E:\LandSlide-Prediction\data\pre_event\native_tif\LS_00468.tif,E:\LandSlide-Prediction\data\pre_event\png_256\LS_00468.png,
LS_00469,1,success,S2B_MSIL2A_20251031T045839_R119_T44NMP_20251031T072153,16.524501,0.0,2025-10-31,2025-09-01/2025-11-20,E:\LandSlide-Prediction\data\pre_event\native_tif\LS_00469.tif,E:\LandSlide-Prediction\data\pre_event\png_256\LS_00469.png,
LS_00470,1,success,S2B_MSIL2A_20251031T045839_R119_T44NMP_20251031T072153,16.524501,0.0,2025-10-31,2025-09-01/2025-11-20,E:\LandSlide-Prediction\data\pre_event\native_tif\LS_00470.tif,E:\LandSlide-Prediction\data\pre_event\png_256\LS_00470.png,
LS_00471,1,success,S2B_MSIL2A_20251031T045839_R119_T44NMP_20251031T072153,16.524501,0.0,2025-10-31,2025-09-01/2025-11-20,E:\LandSlide-Prediction\data\pre_event\native_tif\LS_00471.tif,E:\LandSlide-Prediction\data\pre_event\png_256\LS_00471.png,
LS_00472,1,success,S2B_MSIL2A_20251031T045839_R119_T44NMP_20251031T072153,16.524501,0.0,2025-10-31,2025-09-01/2025-11-20,E:\LandSlide-Prediction\data\pre_event\native_tif\LS_00472.tif,E:\LandSlide-Prediction\data\pre_event\png_256\LS_00472.png,
LS_00473,1,success,S2B_MSIL2A_20251031T045839_R119_T44NMP_20251031T072153,16.524501,1.17,2025-10-31,2025-09-01/2025-11-20,E:\LandSlide-Prediction\data\pre_event\native_tif\LS_00473.tif,E:\LandSlide-Prediction\data\pre_event\png_256\LS_00473.png,
LS_00475,1,success,S2B_MSIL2A_20251031T045839_R119_T44NMP_20251031T072153,16.524501,0.0,2025-10-31,2025-09-01/2025-11-20,E:\LandSlide-Prediction\data\pre_event\native_tif\LS_00475.tif,E:\LandSlide-Prediction\data\pre_event\png_256\LS_00475.png,
LS_00476,1,success,S2B_MSIL2A_20251031T045839_R119_T44NMP_20251031T072153,16.524501,0.0,2025-10-31,2025-09-01/2025-11-20,E:\LandSlide-Prediction\data\pre_event\native_tif\LS_00476.tif,E:\LandSlide-Prediction\data\pre_event\png_256\LS_00476.png,
LS_00478,1,success,S2B_MSIL2A_20251031T045839_R119_T44NMP_20251031T072153,16.524501,0.0,2025-10-31,2025-09-01/2025-11-20,E:\LandSlide-Prediction\data\pre_event\native_tif\LS_00478.tif,E:\LandSlide-Prediction\data\pre_event\png_256\LS_00478.png,
LS_00481,1,success,S2B_MSIL2A_20251031T045839_R119_T44NMP_20251031T072153,16.524501,0.0,2025-10-31,2025-09-01/2025-11-20,E:\LandSlide-Prediction\data\pre_event\native_tif\LS_00481.tif,E:\LandSlide-Prediction\data\pre_event\png_256\LS_00481.png,
LS_00483,1,success,S2B_MSIL2A_20251031T045839_R119_T44NMP_20251031T072153,16.524501,0.0,2025-10-31,2025-09-01/2025-11-20,E:\LandSlide-Prediction\data\pre_event\native_tif\LS_00483.tif,E:\LandSlide-Prediction\data\pre_event\png_256\LS_00483.png,
LS_00487,1,success,S2B_MSIL2A_20251031T045839_R119_T44NMP_20251031T072153,16.524501,0.0,2025-10-31,2025-09-01/2025-11-20,E:\LandSlide-Prediction\data\pre_event\native_tif\LS_00487.tif,E:\LandSlide-Prediction\data\pre_event\png_256\LS_00487.png,
LS_00489,1,success,S2B_MSIL2A_20251031T045839_R119_T44NMP_20251031T072153,16.524501,0.0,2025-10-31,2025-09-01/2025-11-20,E:\LandSlide-Prediction\data\pre_event\native_tif\LS_00489.tif,E:\LandSlide-Prediction\data\pre_event\png_256\LS_00489.png,
LS_00490,1,success,S2B_MSIL2A_20251031T045839_R119_T44NMP_20251031T072153,16.524501,0.0,2025-10-31,2025-09-01/2025-11-20,E:\LandSlide-Prediction\data\pre_event\native_tif\LS_00490.tif,E:\LandSlide-Prediction\data\pre_event\png_256\LS_00490.png,
LS_00491,1,success,S2B_MSIL2A_20251031T045839_R119_T44NMP_20251031T072153,16.524501,0.0,2025-10-31,2025-09-01/2025-11-20,E:\LandSlide-Prediction\data\pre_event\native_tif\LS_00491.tif,E:\LandSlide-Prediction\data\pre_event\png_256\LS_00491.png,
LS_00492,1,success,S2B_MSIL2A_20251031T045839_R119_T44NMN_20251031T072153,14.801013,0.0,2025-10-31,2025-09-01/2025-11-20,E:\LandSlide-Prediction\data\pre_event\native_tif\LS_00492.tif,E:\LandSlide-Prediction\data\pre_event\png_256\LS_00492.png,
LS_00493,1,success,S2B_MSIL2A_20251031T045839_R119_T44NMN_20251031T072153,14.801013,0.0,2025-10-31,2025-09-01/2025-11-20,E:\LandSlide-Prediction\data\pre_event\native_tif\LS_00493.tif,E:\LandSlide-Prediction\data\pre_event\png_256\LS_00493.png,
LS_00498,1,success,S2B_MSIL2A_20251031T045839_R119_T44NMN_20251031T072153,14.801013,15.58,2025-10-31,2025-09-01/2025-11-20,E:\LandSlide-Prediction\data\pre_event\native_tif\LS_00498.tif,E:\LandSlide-Prediction\data\pre_event\png_256\LS_00498.png,
LS_00501,1,success,S2B_MSIL2A_20251031T045839_R119_T44NMN_20251031T072153,14.801013,0.0,2025-10-31,2025-09-01/2025-11-20,E:\LandSlide-Prediction\data\pre_event\native_tif\LS_00501.tif,E:\LandSlide-Prediction\data\pre_event\png_256\LS_00501.png,
LS_00503,1,success,S2B_MSIL2A_20251031T045839_R119_T44NMN_20251031T072153,14.801013,0.0,2025-10-31,2025-09-01/2025-11-20,E:\LandSlide-Prediction\data\pre_event\native_tif\LS_00503.tif,E:\LandSlide-Prediction\data\pre_event\png_256\LS_00503.png,
LS_00506,1,success,S2C_MSIL2A_20250728T045721_R119_T44NMN_20250728T095413,28.22125,1.68,2025-07-28,2025-06-01/2025-08-31,E:\LandSlide-Prediction\data\pre_event\native_tif\LS_00506.tif,E:\LandSlide-Prediction\data\pre_event\png_256\LS_00506.png,
LS_00507,1,success,S2B_MSIL2A_20251031T045839_R119_T44NMN_20251031T072153,14.801013,0.0,2025-10-31,2025-09-01/2025-11-20,E:\LandSlide-Prediction\data\pre_event\native_tif\LS_00507.tif,E:\LandSlide-Prediction\data\pre_event\png_256\LS_00507.png,
LS_00508,1,success,S2B_MSIL2A_20251031T045839_R119_T44NMN_20251031T072153,14.801013,0.0,2025-10-31,2025-09-01/2025-11-20,E:\LandSlide-Prediction\data\pre_event\native_tif\LS_00508.tif,E:\LandSlide-Prediction\data\pre_event\png_256\LS_00508.png,
LS_00511,1,success,S2B_MSIL2A_20251031T045839_R119_T44NMN_20251031T072153,14.801013,19.38,2025-10-31,2025-09-01/2025-11-20,E:\LandSlide-Prediction\data\pre_event\native_tif\LS_00511.tif,E:\LandSlide-Prediction\data\pre_event\png_256\LS_00511.png,
LS_00512,1,success,S2B_MSIL2A_20251031T045839_R119_T44NMN_20251031T072153,14.801013,0.0,2025-10-31,2025-09-01/2025-11-20,E:\LandSlide-Prediction\data\pre_event\native_tif\LS_00512.tif,E:\LandSlide-Prediction\data\pre_event\png_256\LS_00512.png,
LS_00514,1,success,S2B_MSIL2A_20251031T045839_R119_T44NMN_20251031T072153,14.801013,0.0,2025-10-31,2025-09-01/2025-11-20,E:\LandSlide-Prediction\data\pre_event\native_tif\LS_00514.tif,E:\LandSlide-Prediction\data\pre_event\png_256\LS_00514.png,
LS_00515,1,success,S2B_MSIL2A_20251031T045839_R119_T44NMN_20251031T072153,14.801013,0.0,2025-10-31,2025-09-01/2025-11-20,E:\LandSlide-Prediction\data\pre_event\native_tif\LS_00515.tif,E:\LandSlide-Prediction\data\pre_event\png_256\LS_00515.png,
LS_00516,1,success,S2B_MSIL2A_20251031T045839_R119_T44NMN_20251031T072153,14.801013,0.0,2025-10-31,2025-09-01/2025-11-20,E:\LandSlide-Prediction\data\pre_event\native_tif\LS_00516.tif,E:\LandSlide-Prediction\data\pre_event\png_256\LS_00516.png,
LS_00520,1,success,S2B_MSIL2A_20251031T045839_R119_T44NMN_20251031T072153,14.801013,0.0,2025-10-31,2025-09-01/2025-11-20,E:\LandSlide-Prediction\data\pre_event\native_tif\LS_00520.tif,E:\LandSlide-Prediction\data\pre_event\png_256\LS_00520.png,
LS_00521,1,success,S2B_MSIL2A_20251031T045839_R119_T44NMN_20251031T072153,14.801013,5.03,2025-10-31,2025-09-01/2025-11-20,E:\LandSlide-Prediction\data\pre_event\native_tif\LS_00521.tif,E:\LandSlide-Prediction\data\pre_event\png_256\LS_00521.png,
LS_00522,1,success,S2B_MSIL2A_20251110T045929_R119_T44NMN_20251110T083118,59.061468,0.0,2025-11-10,2025-09-01/2025-11-20,E:\LandSlide-Prediction\data\pre_event\native_tif\LS_00522.tif,E:\LandSlide-Prediction\data\pre_event\png_256\LS_00522.png,
LS_00524,1,success,S2B_MSIL2A_20251110T045929_R119_T44NMN_20251110T083118,59.061468,14.36,2025-11-10,2025-09-01/2025-11-20,E:\LandSlide-Prediction\data\pre_event\native_tif\LS_00524.tif,E:\LandSlide-Prediction\data\pre_event\png_256\LS_00524.png,
LS_00525,1,success,S2B_MSIL2A_20251031T045839_R119_T44NMN_20251031T072153,14.801013,0.0,2025-10-31,2025-09-01/2025-11-20,E:\LandSlide-Prediction\data\pre_event\native_tif\LS_00525.tif,E:\LandSlide-Prediction\data\pre_event\png_256\LS_00525.png,
LS_00526,1,success,S2B_MSIL2A_20251031T045839_R119_T44NMN_20251031T072153,14.801013,0.0,2025-10-31,2025-09-01/2025-11-20,E:\LandSlide-Prediction\data\pre_event\native_tif\LS_00526.tif,E:\LandSlide-Prediction\data\pre_event\png_256\LS_00526.png,
LS_00527,1,success,S2B_MSIL2A_20251001T045659_R119_T44NMN_20251001T082912,44.625133,0.27,2025-10-01,2025-09-01/2025-11-20,E:\LandSlide-Prediction\data\pre_event\native_tif\LS_00527.tif,E:\LandSlide-Prediction\data\pre_event\png_256\LS_00527.png,
LS_00528,1,success,S2B_MSIL2A_20251031T045839_R119_T44NMN_20251031T072153,14.801013,0.0,2025-10-31,2025-09-01/2025-11-20,E:\LandSlide-Prediction\data\pre_event\native_tif\LS_00528.tif,E:\LandSlide-Prediction\data\pre_event\png_256\LS_00528.png,
LS_00530,1,success,S2B_MSIL2A_20251031T045839_R119_T44NMN_20251031T072153,14.801013,0.0,2025-10-31,2025-09-01/2025-11-20,E:\LandSlide-Prediction\data\pre_event\native_tif\LS_00530.tif,E:\LandSlide-Prediction\data\pre_event\png_256\LS_00530.png,
LS_00532,1,success,S2B_MSIL2A_20251031T045839_R119_T44NMN_20251031T072153,14.801013,0.0,2025-10-31,2025-09-01/2025-11-20,E:\LandSlide-Prediction\data\pre_event\native_tif\LS_00532.tif,E:\LandSlide-Prediction\data\pre_event\png_256\LS_00532.png,
LS_00533,1,success,S2B_MSIL2A_20251031T045839_R119_T44NMN_20251031T072153,14.801013,0.0,2025-10-31,2025-09-01/2025-11-20,E:\LandSlide-Prediction\data\pre_event\native_tif\LS_00533.tif,E:\LandSlide-Prediction\data\pre_event\png_256\LS_00533.png,
LS_00534,1,success,S2B_MSIL2A_20251031T045839_R119_T44NMN_20251031T072153,14.801013,8.98,2025-10-31,2025-09-01/2025-11-20,E:\LandSlide-Prediction\data\pre_event\native_tif\LS_00534.tif,E:\LandSlide-Prediction\data\pre_event\png_256\LS_00534.png,
LS_00535,1,success,S2B_MSIL2A_20251001T045659_R119_T44NMN_20251001T082912,44.625133,12.65,2025-10-01,2025-09-01/2025-11-20,E:\LandSlide-Prediction\data\pre_event\native_tif\LS_00535.tif,E:\LandSlide-Prediction\data\pre_event\png_256\LS_00535.png,
LS_00536,1,success,S2B_MSIL2A_20251031T045839_R119_T44NMN_20251031T072153,14.801013,0.0,2025-10-31,2025-09-01/2025-11-20,E:\LandSlide-Prediction\data\pre_event\native_tif\LS_00536.tif,E:\LandSlide-Prediction\data\pre_event\png_256\LS_00536.png,
LS_00538,1,success,S2B_MSIL2A_20251031T045839_R119_T44NMN_20251031T072153,14.801013,0.0,2025-10-31,2025-09-01/2025-11-20,E:\LandSlide-Prediction\data\pre_event\native_tif\LS_00538.tif,E:\LandSlide-Prediction\data\pre_event\png_256\LS_00538.png,
LS_00539,1,success,S2C_MSIL2A_20251003T050621_R076_T44NMN_20251003T090812,8.674505,0.0,2025-10-03,2025-09-01/2025-11-20,E:\LandSlide-Prediction\data\pre_event\native_tif\LS_00539.tif,E:\LandSlide-Prediction\data\pre_event\png_256\LS_00539.png,
LS_00541,1,success,S2C_MSIL2A_20251003T050621_R076_T44NMN_20251003T090812,8.674505,0.0,2025-10-03,2025-09-01/2025-11-20,E:\LandSlide-Prediction\data\pre_event\native_tif\LS_00541.tif,E:\LandSlide-Prediction\data\pre_event\png_256\LS_00541.png,
LS_00543,1,success,S2C_MSIL2A_20251003T050621_R076_T44NMN_20251003T090812,8.674505,0.0,2025-10-03,2025-09-01/2025-11-20,E:\LandSlide-Prediction\data\pre_event\native_tif\LS_00543.tif,E:\LandSlide-Prediction\data\pre_event\png_256\LS_00543.png,
LS_00545,1,success,S2C_MSIL2A_20251003T050621_R076_T44NMP_20251003T090812,2.112417,0.0,2025-10-03,2025-09-01/2025-11-20,E:\LandSlide-Prediction\data\pre_event\native_tif\LS_00545.tif,E:\LandSlide-Prediction\data\pre_event\png_256\LS_00545.png,
LS_00546,1,success,S2C_MSIL2A_20251003T050621_R076_T44NMP_20251003T090812,2.112417,0.0,2025-10-03,2025-09-01/2025-11-20,E:\LandSlide-Prediction\data\pre_event\native_tif\LS_00546.tif,E:\LandSlide-Prediction\data\pre_event\png_256\LS_00546.png,
LS_00547,1,success,S2C_MSIL2A_20251003T050621_R076_T44NMP_20251003T090812,2.112417,0.0,2025-10-03,2025-09-01/2025-11-20,E:\LandSlide-Prediction\data\pre_event\native_tif\LS_00547.tif,E:\LandSlide-Prediction\data\pre_event\png_256\LS_00547.png,
LS_00549,1,success,S2C_MSIL2A_20251102T050611_R076_T44NMP_20251102T072910,21.803713,1.83,2025-11-02,2025-09-01/2025-11-20,E:\LandSlide-Prediction\data\pre_event\native_tif\LS_00549.tif,E:\LandSlide-Prediction\data\pre_event\png_256\LS_00549.png,
LS_00553,1,success,S2B_MSIL2A_20251001T045659_R119_T44NMN_20251001T082912,44.625133,1.56,2025-10-01,2025-09-01/2025-11-20,E:\LandSlide-Prediction\data\pre_event\native_tif\LS_00553.tif,E:\LandSlide-Prediction\data\pre_event\png_256\LS_00553.png,
LS_00554,1,success,S2B_MSIL2A_20251011T045659_R119_T44NMP_20251011T090705,62.988436,10.74,2025-10-11,2025-09-01/2025-11-20,E:\LandSlide-Prediction\data\pre_event\native_tif\LS_00554.tif,E:\LandSlide-Prediction\data\pre_event\png_256\LS_00554.png,
LS_00555,1,success,S2C_MSIL2A_20251006T045711_R119_T44NMP_20251006T093213,47.28899,18.85,2025-10-06,2025-09-01/2025-11-20,E:\LandSlide-Prediction\data\pre_event\native_tif\LS_00555.tif,E:\LandSlide-Prediction\data\pre_event\png_256\LS_00555.png,
LS_00556,1,success,S2C_MSIL2A_20251006T045711_R119_T44NMP_20251006T093213,47.28899,0.0,2025-10-06,2025-09-01/2025-11-20,E:\LandSlide-Prediction\data\pre_event\native_tif\LS_00556.tif,E:\LandSlide-Prediction\data\pre_event\png_256\LS_00556.png,
LS_00557,1,success,S2A_MSIL2A_20250730T050241_R119_T44NMP_20250730T081115,10.341509,0.0,2025-07-30,2025-06-01/2025-08-31,E:\LandSlide-Prediction\data\pre_event\native_tif\LS_00557.tif,E:\LandSlide-Prediction\data\pre_event\png_256\LS_00557.png,
LS_00558,1,success,S2C_MSIL2A_20250728T045721_R119_T44NMP_20250728T095413,9.404943,7.32,2025-07-28,2025-06-01/2025-08-31,E:\LandSlide-Prediction\data\pre_event\native_tif\LS_00558.tif,E:\LandSlide-Prediction\data\pre_event\png_256\LS_00558.png,
LS_00559,1,success,S2A_MSIL2A_20250730T050241_R119_T44NMP_20250730T081115,10.341509,0.0,2025-07-30,2025-06-01/2025-08-31,E:\LandSlide-Prediction\data\pre_event\native_tif\LS_00559.tif,E:\LandSlide-Prediction\data\pre_event\png_256\LS_00559.png,
LS_00560,1,success,S2A_MSIL2A_20250730T050241_R119_T44NMP_20250730T081115,10.341509,0.0,2025-07-30,2025-06-01/2025-08-31,E:\LandSlide-Prediction\data\pre_event\native_tif\LS_00560.tif,E:\LandSlide-Prediction\data\pre_event\png_256\LS_00560.png,
LS_00561,1,success,S2A_MSIL2A_20250730T050241_R119_T44NMP_20250730T081115,10.341509,0.0,2025-07-30,2025-06-01/2025-08-31,E:\LandSlide-Prediction\data\pre_event\native_tif\LS_00561.tif,E:\LandSlide-Prediction\data\pre_event\png_256\LS_00561.png,
LS_00563,1,success,S2C_MSIL2A_20250728T045721_R119_T44NMP_20250728T095413,9.404943,0.0,2025-07-28,2025-06-01/2025-08-31,E:\LandSlide-Prediction\data\pre_event\native_tif\LS_00563.tif,E:\LandSlide-Prediction\data\pre_event\png_256\LS_00563.png,
LS_00565,1,success,S2C_MSIL2A_20251006T045711_R119_T44NMP_20251006T093213,47.28899,0.0,2025-10-06,2025-09-01/2025-11-20,E:\LandSlide-Prediction\data\pre_event\native_tif\LS_00565.tif,E:\LandSlide-Prediction\data\pre_event\png_256\LS_00565.png,
LS_00566,1,success,S2A_MSIL2A_20250908T050231_R119_T44NMP_20250908T080413,40.256369,4.57,2025-09-08,2025-09-01/2025-11-20,E:\LandSlide-Prediction\data\pre_event\native_tif\LS_00566.tif,E:\LandSlide-Prediction\data\pre_event\png_256\LS_00566.png,
LS_00567,1,success,S2C_MSIL2A_20251006T045711_R119_T44NMP_20251006T093213,47.28899,0.0,2025-10-06,2025-09-01/2025-11-20,E:\LandSlide-Prediction\data\pre_event\native_tif\LS_00567.tif,E:\LandSlide-Prediction\data\pre_event\png_256\LS_00567.png,
LS_00568,1,success,S2C_MSIL2A_20250728T045721_R119_T44NMP_20250728T095413,9.404943,0.0,2025-07-28,2025-06-01/2025-08-31,E:\LandSlide-Prediction\data\pre_event\native_tif\LS_00568.tif,E:\LandSlide-Prediction\data\pre_event\png_256\LS_00568.png,
LS_00569,1,success,S2B_MSIL2A_20251031T045839_R119_T44NMP_20251031T072153,16.524501,0.0,2025-10-31,2025-09-01/2025-11-20,E:\LandSlide-Prediction\data\pre_event\native_tif\LS_00569.tif,E:\LandSlide-Prediction\data\pre_event\png_256\LS_00569.png,
LS_00570,1,success,S2B_MSIL2A_20251031T045839_R119_T44NMP_20251031T072153,16.524501,0.0,2025-10-31,2025-09-01/2025-11-20,E:\LandSlide-Prediction\data\pre_event\native_tif\LS_00570.tif,E:\LandSlide-Prediction\data\pre_event\png_256\LS_00570.png,
LS_00571,1,success,S2B_MSIL2A_20251031T045839_R119_T44NMP_20251031T072153,16.524501,5.13,2025-10-31,2025-09-01/2025-11-20,E:\LandSlide-Prediction\data\pre_event\native_tif\LS_00571.tif,E:\LandSlide-Prediction\data\pre_event\png_256\LS_00571.png,
LS_00572,1,success,S2B_MSIL2A_20251031T045839_R119_T44NMP_20251031T072153,16.524501,0.0,2025-10-31,2025-09-01/2025-11-20,E:\LandSlide-Prediction\data\pre_event\native_tif\LS_00572.tif,E:\LandSlide-Prediction\data\pre_event\png_256\LS_00572.png,
LS_00574,1,success,S2A_MSIL2A_20250908T050231_R119_T44NMP_20250908T080413,40.256369,0.0,2025-09-08,2025-09-01/2025-11-20,E:\LandSlide-Prediction\data\pre_event\native_tif\LS_00574.tif,E:\LandSlide-Prediction\data\pre_event\png_256\LS_00574.png,
LS_00575,1,success,S2B_MSIL2A_20251031T045839_R119_T44NMP_20251031T072153,16.524501,0.0,2025-10-31,2025-09-01/2025-11-20,E:\LandSlide-Prediction\data\pre_event\native_tif\LS_00575.tif,E:\LandSlide-Prediction\data\pre_event\png_256\LS_00575.png,
LS_00578,1,success,S2B_MSIL2A_20251031T045839_R119_T44NMP_20251031T072153,16.524501,0.0,2025-10-31,2025-09-01/2025-11-20,E:\LandSlide-Prediction\data\pre_event\native_tif\LS_00578.tif,E:\LandSlide-Prediction\data\pre_event\png_256\LS_00578.png,
LS_00580,1,success,S2B_MSIL2A_20251031T045839_R119_T44NMP_20251031T072153,16.524501,0.0,2025-10-31,2025-09-01/2025-11-20,E:\LandSlide-Prediction\data\pre_event\native_tif\LS_00580.tif,E:\LandSlide-Prediction\data\pre_event\png_256\LS_00580.png,
LS_00582,1,success,S2B_MSIL2A_20251031T045839_R119_T44NMP_20251031T072153,16.524501,0.0,2025-10-31,2025-09-01/2025-11-20,E:\LandSlide-Prediction\data\pre_event\native_tif\LS_00582.tif,E:\LandSlide-Prediction\data\pre_event\png_256\LS_00582.png,
LS_00584,1,success,S2B_MSIL2A_20251031T045839_R119_T44NMP_20251031T072153,16.524501,20.75,2025-10-31,2025-09-01/2025-11-20,E:\LandSlide-Prediction\data\pre_event\native_tif\LS_00584.tif,E:\LandSlide-Prediction\data\pre_event\png_256\LS_00584.png,
LS_00587,1,success,S2B_MSIL2A_20251031T045839_R119_T44NMP_20251031T072153,16.524501,0.0,2025-10-31,2025-09-01/2025-11-20,E:\LandSlide-Prediction\data\pre_event\native_tif\LS_00587.tif,E:\LandSlide-Prediction\data\pre_event\png_256\LS_00587.png,
LS_00590,1,success,S2B_MSIL2A_20251001T045659_R119_T44NMN_20251001T082912,44.625133,0.0,2025-10-01,2025-09-01/2025-11-20,E:\LandSlide-Prediction\data\pre_event\native_tif\LS_00590.tif,E:\LandSlide-Prediction\data\pre_event\png_256\LS_00590.png,
LS_00592,1,success,S2C_MSIL2A_20251003T050621_R076_T44NMN_20251003T090812,8.674505,0.0,2025-10-03,2025-09-01/2025-11-20,E:\LandSlide-Prediction\data\pre_event\native_tif\LS_00592.tif,E:\LandSlide-Prediction\data\pre_event\png_256\LS_00592.png,
LS_00596,1,success,S2C_MSIL2A_20251003T050621_R076_T44NMN_20251003T090812,8.674505,0.0,2025-10-03,2025-09-01/2025-11-20,E:\LandSlide-Prediction\data\pre_event\native_tif\LS_00596.tif,E:\LandSlide-Prediction\data\pre_event\png_256\LS_00596.png,
LS_00597,1,success,S2C_MSIL2A_20251003T050621_R076_T44NMN_20251003T090812,8.674505,0.0,2025-10-03,2025-09-01/2025-11-20,E:\LandSlide-Prediction\data\pre_event\native_tif\LS_00597.tif,E:\LandSlide-Prediction\data\pre_event\png_256\LS_00597.png,
LS_00598,1,success,S2C_MSIL2A_20251003T050621_R076_T44NMN_20251003T090812,8.674505,0.0,2025-10-03,2025-09-01/2025-11-20,E:\LandSlide-Prediction\data\pre_event\native_tif\LS_00598.tif,E:\LandSlide-Prediction\data\pre_event\png_256\LS_00598.png,
LS_00600,1,success,S2C_MSIL2A_20251003T050621_R076_T44NMN_20251003T090812,8.674505,0.0,2025-10-03,2025-09-01/2025-11-20,E:\LandSlide-Prediction\data\pre_event\native_tif\LS_00600.tif,E:\LandSlide-Prediction\data\pre_event\png_256\LS_00600.png,
LS_00601,1,success,S2C_MSIL2A_20251003T050621_R076_T44NMN_20251003T090812,8.674505,0.0,2025-10-03,2025-09-01/2025-11-20,E:\LandSlide-Prediction\data\pre_event\native_tif\LS_00601.tif,E:\LandSlide-Prediction\data\pre_event\png_256\LS_00601.png,
LS_00603,1,success,S2C_MSIL2A_20251003T050621_R076_T44NMN_20251003T090812,8.674505,0.0,2025-10-03,2025-09-01/2025-11-20,E:\LandSlide-Prediction\data\pre_event\native_tif\LS_00603.tif,E:\LandSlide-Prediction\data\pre_event\png_256\LS_00603.png,
LS_00614,1,success,S2C_MSIL2A_20251003T050621_R076_T44NMN_20251003T090812,8.674505,0.0,2025-10-03,2025-09-01/2025-11-20,E:\LandSlide-Prediction\data\pre_event\native_tif\LS_00614.tif,E:\LandSlide-Prediction\data\pre_event\png_256\LS_00614.png,
LS_00616,1,success,S2C_MSIL2A_20251003T050621_R076_T44NMN_20251003T090812,8.674505,0.0,2025-10-03,2025-09-01/2025-11-20,E:\LandSlide-Prediction\data\pre_event\native_tif\LS_00616.tif,E:\LandSlide-Prediction\data\pre_event\png_256\LS_00616.png,
LS_00617,1,success,S2C_MSIL2A_20251003T050621_R076_T44NMN_20251003T090812,8.674505,0.0,2025-10-03,2025-09-01/2025-11-20,E:\LandSlide-Prediction\data\pre_event\native_tif\LS_00617.tif,E:\LandSlide-Prediction\data\pre_event\png_256\LS_00617.png,
LS_00618,1,success,S2C_MSIL2A_20251003T050621_R076_T44NMN_20251003T090812,8.674505,0.0,2025-10-03,2025-09-01/2025-11-20,E:\LandSlide-Prediction\data\pre_event\native_tif\LS_00618.tif,E:\LandSlide-Prediction\data\pre_event\png_256\LS_00618.png,
LS_00624,1,success,S2C_MSIL2A_20251003T050621_R076_T44NMN_20251003T090812,8.674505,0.0,2025-10-03,2025-09-01/2025-11-20,E:\LandSlide-Prediction\data\pre_event\native_tif\LS_00624.tif,E:\LandSlide-Prediction\data\pre_event\png_256\LS_00624.png,
LS_00627,1,success,S2C_MSIL2A_20251003T050621_R076_T44NMN_20251003T090812,8.674505,0.0,2025-10-03,2025-09-01/2025-11-20,E:\LandSlide-Prediction\data\pre_event\native_tif\LS_00627.tif,E:\LandSlide-Prediction\data\pre_event\png_256\LS_00627.png,
LS_00629,1,success,S2C_MSIL2A_20251003T050621_R076_T44NMN_20251003T090812,8.674505,0.0,2025-10-03,2025-09-01/2025-11-20,E:\LandSlide-Prediction\data\pre_event\native_tif\LS_00629.tif,E:\LandSlide-Prediction\data\pre_event\png_256\LS_00629.png,
LS_00630,1,success,S2C_MSIL2A_20251003T050621_R076_T44NMN_20251003T090812,8.674505,0.0,2025-10-03,2025-09-01/2025-11-20,E:\LandSlide-Prediction\data\pre_event\native_tif\LS_00630.tif,E:\LandSlide-Prediction\data\pre_event\png_256\LS_00630.png,
LS_00632,1,success,S2C_MSIL2A_20251003T050621_R076_T44NMN_20251003T090812,8.674505,0.0,2025-10-03,2025-09-01/2025-11-20,E:\LandSlide-Prediction\data\pre_event\native_tif\LS_00632.tif,E:\LandSlide-Prediction\data\pre_event\png_256\LS_00632.png,
LS_00633,1,success,S2B_MSIL2A_20251031T045839_R119_T44NMN_20251031T072153,14.801013,0.0,2025-10-31,2025-09-01/2025-11-20,E:\LandSlide-Prediction\data\pre_event\native_tif\LS_00633.tif,E:\LandSlide-Prediction\data\pre_event\png_256\LS_00633.png,
LS_00635,1,success,S2C_MSIL2A_20251003T050621_R076_T44NMP_20251003T090812,2.112417,0.0,2025-10-03,2025-09-01/2025-11-20,E:\LandSlide-Prediction\data\pre_event\native_tif\LS_00635.tif,E:\LandSlide-Prediction\data\pre_event\png_256\LS_00635.png,
LS_00636,1,success,S2C_MSIL2A_20251003T050621_R076_T44NMP_20251003T090812,2.112417,0.0,2025-10-03,2025-09-01/2025-11-20,E:\LandSlide-Prediction\data\pre_event\native_tif\LS_00636.tif,E:\LandSlide-Prediction\data\pre_event\png_256\LS_00636.png,
LS_00638,1,success,S2C_MSIL2A_20251003T050621_R076_T44NMP_20251003T090812,2.112417,0.0,2025-10-03,2025-09-01/2025-11-20,E:\LandSlide-Prediction\data\pre_event\native_tif\LS_00638.tif,E:\LandSlide-Prediction\data\pre_event\png_256\LS_00638.png,
LS_00642,1,success,S2A_MSIL2A_20250905T050621_R076_T44NMP_20250905T063012,30.717695,0.0,2025-09-05,2025-09-01/2025-11-20,E:\LandSlide-Prediction\data\pre_event\native_tif\LS_00642.tif,E:\LandSlide-Prediction\data\pre_event\png_256\LS_00642.png,
LS_00643,1,success,S2C_MSIL2A_20251003T050621_R076_T44NMP_20251003T090812,2.112417,0.0,2025-10-03,2025-09-01/2025-11-20,E:\LandSlide-Prediction\data\pre_event\native_tif\LS_00643.tif,E:\LandSlide-Prediction\data\pre_event\png_256\LS_00643.png,
LS_00648,1,success,S2C_MSIL2A_20251003T050621_R076_T44NMP_20251003T090812,2.112417,0.0,2025-10-03,2025-09-01/2025-11-20,E:\LandSlide-Prediction\data\pre_event\native_tif\LS_00648.tif,E:\LandSlide-Prediction\data\pre_event\png_256\LS_00648.png,
LS_00654,1,success,S2C_MSIL2A_20251003T050621_R076_T44NMP_20251003T090812,2.112417,10.64,2025-10-03,2025-09-01/2025-11-20,E:\LandSlide-Prediction\data\pre_event\native_tif\LS_00654.tif,E:\LandSlide-Prediction\data\pre_event\png_256\LS_00654.png,
LS_00656,1,success,S2C_MSIL2A_20251003T050621_R076_T44NMP_20251003T090812,2.112417,0.0,2025-10-03,2025-09-01/2025-11-20,E:\LandSlide-Prediction\data\pre_event\native_tif\LS_00656.tif,E:\LandSlide-Prediction\data\pre_event\png_256\LS_00656.png,
LS_00663,1,success,S2C_MSIL2A_20251003T050621_R076_T44NMP_20251003T090812,2.112417,0.0,2025-10-03,2025-09-01/2025-11-20,E:\LandSlide-Prediction\data\pre_event\native_tif\LS_00663.tif,E:\LandSlide-Prediction\data\pre_event\png_256\LS_00663.png,
LS_00664,1,success,S2C_MSIL2A_20251003T050621_R076_T44NMP_20251003T090812,2.112417,0.0,2025-10-03,2025-09-01/2025-11-20,E:\LandSlide-Prediction\data\pre_event\native_tif\LS_00664.tif,E:\LandSlide-Prediction\data\pre_event\png_256\LS_00664.png,
LS_00665,1,success,S2C_MSIL2A_20251003T050621_R076_T44NMP_20251003T090812,2.112417,0.0,2025-10-03,2025-09-01/2025-11-20,E:\LandSlide-Prediction\data\pre_event\native_tif\LS_00665.tif,E:\LandSlide-Prediction\data\pre_event\png_256\LS_00665.png,
LS_00668,1,success,S2C_MSIL2A_20251003T050621_R076_T44NMP_20251003T090812,2.112417,0.0,2025-10-03,2025-09-01/2025-11-20,E:\LandSlide-Prediction\data\pre_event\native_tif\LS_00668.tif,E:\LandSlide-Prediction\data\pre_event\png_256\LS_00668.png,
LS_00669,1,success,S2C_MSIL2A_20251003T050621_R076_T44NMP_20251003T090812,2.112417,0.0,2025-10-03,2025-09-01/2025-11-20,E:\LandSlide-Prediction\data\pre_event\native_tif\LS_00669.tif,E:\LandSlide-Prediction\data\pre_event\png_256\LS_00669.png,
LS_00674,1,success,S2C_MSIL2A_20251003T050621_R076_T44NMP_20251003T090812,2.112417,0.0,2025-10-03,2025-09-01/2025-11-20,E:\LandSlide-Prediction\data\pre_event\native_tif\LS_00674.tif,E:\LandSlide-Prediction\data\pre_event\png_256\LS_00674.png,
LS_00677,1,success,S2C_MSIL2A_20251003T050621_R076_T44NMP_20251003T090812,2.112417,3.42,2025-10-03,2025-09-01/2025-11-20,E:\LandSlide-Prediction\data\pre_event\native_tif\LS_00677.tif,E:\LandSlide-Prediction\data\pre_event\png_256\LS_00677.png,
LS_00681,1,success,S2C_MSIL2A_20251003T050621_R076_T44NMP_20251003T090812,2.112417,0.0,2025-10-03,2025-09-01/2025-11-20,E:\LandSlide-Prediction\data\pre_event\native_tif\LS_00681.tif,E:\LandSlide-Prediction\data\pre_event\png_256\LS_00681.png,
LS_00682,1,success,S2C_MSIL2A_20251003T050621_R076_T44NMP_20251003T090812,2.112417,0.0,2025-10-03,2025-09-01/2025-11-20,E:\LandSlide-Prediction\data\pre_event\native_tif\LS_00682.tif,E:\LandSlide-Prediction\data\pre_event\png_256\LS_00682.png,
LS_00684,1,success,S2C_MSIL2A_20251003T050621_R076_T44NMP_20251003T090812,2.112417,0.0,2025-10-03,2025-09-01/2025-11-20,E:\LandSlide-Prediction\data\pre_event\native_tif\LS_00684.tif,E:\LandSlide-Prediction\data\pre_event\png_256\LS_00684.png,
LS_00687,1,success,S2C_MSIL2A_20251003T050621_R076_T44NMP_20251003T090812,2.112417,0.78,2025-10-03,2025-09-01/2025-11-20,E:\LandSlide-Prediction\data\pre_event\native_tif\LS_00687.tif,E:\LandSlide-Prediction\data\pre_event\png_256\LS_00687.png,
LS_00689,1,success,S2C_MSIL2A_20251003T050621_R076_T44NMP_20251003T090812,2.112417,21.88,2025-10-03,2025-09-01/2025-11-20,E:\LandSlide-Prediction\data\pre_event\native_tif\LS_00689.tif,E:\LandSlide-Prediction\data\pre_event\png_256\LS_00689.png,
LS_00691,1,success,S2C_MSIL2A_20251003T050621_R076_T44NMP_20251003T090812,2.112417,3.03,2025-10-03,2025-09-01/2025-11-20,E:\LandSlide-Prediction\data\pre_event\native_tif\LS_00691.tif,E:\LandSlide-Prediction\data\pre_event\png_256\LS_00691.png,
LS_00694,1,success,S2C_MSIL2A_20251003T050621_R076_T44NMP_20251003T090812,2.112417,0.0,2025-10-03,2025-09-01/2025-11-20,E:\LandSlide-Prediction\data\pre_event\native_tif\LS_00694.tif,E:\LandSlide-Prediction\data\pre_event\png_256\LS_00694.png,
LS_00696,1,success,S2C_MSIL2A_20251003T050621_R076_T44NMP_20251003T090812,2.112417,13.67,2025-10-03,2025-09-01/2025-11-20,E:\LandSlide-Prediction\data\pre_event\native_tif\LS_00696.tif,E:\LandSlide-Prediction\data\pre_event\png_256\LS_00696.png,
LS_00697,1,success,S2A_MSIL2A_20250905T050621_R076_T44NMP_20250905T063012,30.717695,0.0,2025-09-05,2025-09-01/2025-11-20,E:\LandSlide-Prediction\data\pre_event\native_tif\LS_00697.tif,E:\LandSlide-Prediction\data\pre_event\png_256\LS_00697.png,
LS_00700,1,success,S2C_MSIL2A_20251003T050621_R076_T44NMP_20251003T090812,2.112417,0.0,2025-10-03,2025-09-01/2025-11-20,E:\LandSlide-Prediction\data\pre_event\native_tif\LS_00700.tif,E:\LandSlide-Prediction\data\pre_event\png_256\LS_00700.png,
LS_00701,1,success,S2C_MSIL2A_20251003T050621_R076_T44NMP_20251003T090812,2.112417,0.0,2025-10-03,2025-09-01/2025-11-20,E:\LandSlide-Prediction\data\pre_event\native_tif\LS_00701.tif,E:\LandSlide-Prediction\data\pre_event\png_256\LS_00701.png,
LS_00704,1,success,S2C_MSIL2A_20251003T050621_R076_T44NMP_20251003T090812,2.112417,0.0,2025-10-03,2025-09-01/2025-11-20,E:\LandSlide-Prediction\data\pre_event\native_tif\LS_00704.tif,E:\LandSlide-Prediction\data\pre_event\png_256\LS_00704.png,
LS_00707,1,success,S2A_MSIL2A_20250905T050621_R076_T44NMP_20250905T063012,30.717695,0.0,2025-09-05,2025-09-01/2025-11-20,E:\LandSlide-Prediction\data\pre_event\native_tif\LS_00707.tif,E:\LandSlide-Prediction\data\pre_event\png_256\LS_00707.png,
LS_00709,1,success,S2B_MSIL2A_20251031T045839_R119_T44NMP_20251031T072153,16.524501,0.0,2025-10-31,2025-09-01/2025-11-20,E:\LandSlide-Prediction\data\pre_event\native_tif\LS_00709.tif,E:\LandSlide-Prediction\data\pre_event\png_256\LS_00709.png,
LS_00713,1,success,S2C_MSIL2A_20251003T050621_R076_T44NMP_20251003T090812,2.112417,0.0,2025-10-03,2025-09-01/2025-11-20,E:\LandSlide-Prediction\data\pre_event\native_tif\LS_00713.tif,E:\LandSlide-Prediction\data\pre_event\png_256\LS_00713.png,
LS_00714,1,success,S2C_MSIL2A_20251003T050621_R076_T44NMP_20251003T090812,2.112417,12.7,2025-10-03,2025-09-01/2025-11-20,E:\LandSlide-Prediction\data\pre_event\native_tif\LS_00714.tif,E:\LandSlide-Prediction\data\pre_event\png_256\LS_00714.png,
LS_00719,1,success,S2B_MSIL2A_20251031T045839_R119_T44NMP_20251031T072153,16.524501,21.88,2025-10-31,2025-09-01/2025-11-20,E:\LandSlide-Prediction\data\pre_event\native_tif\LS_00719.tif,E:\LandSlide-Prediction\data\pre_event\png_256\LS_00719.png,
LS_00721,1,success,S2C_MSIL2A_20251003T050621_R076_T44NMP_20251003T090812,2.112417,0.0,2025-10-03,2025-09-01/2025-11-20,E:\LandSlide-Prediction\data\pre_event\native_tif\LS_00721.tif,E:\LandSlide-Prediction\data\pre_event\png_256\LS_00721.png,
LS_00723,1,success,S2C_MSIL2A_20251003T050621_R076_T44NMP_20251003T090812,2.112417,0.0,2025-10-03,2025-09-01/2025-11-20,E:\LandSlide-Prediction\data\pre_event\native_tif\LS_00723.tif,E:\LandSlide-Prediction\data\pre_event\png_256\LS_00723.png,
LS_00724,1,success,S2C_MSIL2A_20251003T050621_R076_T44NMP_20251003T090812,2.112417,0.0,2025-10-03,2025-09-01/2025-11-20,E:\LandSlide-Prediction\data\pre_event\native_tif\LS_00724.tif,E:\LandSlide-Prediction\data\pre_event\png_256\LS_00724.png,
LS_00725,1,success,S2C_MSIL2A_20251003T050621_R076_T44NMP_20251003T090812,2.112417,0.0,2025-10-03,2025-09-01/2025-11-20,E:\LandSlide-Prediction\data\pre_event\native_tif\LS_00725.tif,E:\LandSlide-Prediction\data\pre_event\png_256\LS_00725.png,
LS_00726,1,success,S2C_MSIL2A_20251003T050621_R076_T44NMP_20251003T090812,2.112417,0.0,2025-10-03,2025-09-01/2025-11-20,E:\LandSlide-Prediction\data\pre_event\native_tif\LS_00726.tif,E:\LandSlide-Prediction\data\pre_event\png_256\LS_00726.png,
LS_00727,1,success,S2C_MSIL2A_20251003T050621_R076_T44NMP_20251003T090812,2.112417,0.0,2025-10-03,2025-09-01/2025-11-20,E:\LandSlide-Prediction\data\pre_event\native_tif\LS_00727.tif,E:\LandSlide-Prediction\data\pre_event\png_256\LS_00727.png,
LS_00729,1,success,S2C_MSIL2A_20250824T050621_R076_T44NMP_20250824T090512,21.945249,0.0,2025-08-24,2025-06-01/2025-08-31,E:\LandSlide-Prediction\data\pre_event\native_tif\LS_00729.tif,E:\LandSlide-Prediction\data\pre_event\png_256\LS_00729.png,
LS_00731,1,success,S2C_MSIL2A_20251003T050621_R076_T44NMP_20251003T090812,2.112417,8.96,2025-10-03,2025-09-01/2025-11-20,E:\LandSlide-Prediction\data\pre_event\native_tif\LS_00731.tif,E:\LandSlide-Prediction\data\pre_event\png_256\LS_00731.png,
LS_00732,1,success,S2C_MSIL2A_20251003T050621_R076_T44NMP_20251003T090812,2.112417,0.0,2025-10-03,2025-09-01/2025-11-20,E:\LandSlide-Prediction\data\pre_event\native_tif\LS_00732.tif,E:\LandSlide-Prediction\data\pre_event\png_256\LS_00732.png,
LS_00733,1,success,S2C_MSIL2A_20251003T050621_R076_T44NMP_20251003T090812,2.112417,0.0,2025-10-03,2025-09-01/2025-11-20,E:\LandSlide-Prediction\data\pre_event\native_tif\LS_00733.tif,E:\LandSlide-Prediction\data\pre_event\png_256\LS_00733.png,
LS_00734,1,success,S2A_MSIL2A_20250908T050231_R119_T44NMP_20250908T080413,40.256369,1.1,2025-09-08,2025-09-01/2025-11-20,E:\LandSlide-Prediction\data\pre_event\native_tif\LS_00734.tif,E:\LandSlide-Prediction\data\pre_event\png_256\LS_00734.png,
LS_00735,1,success,S2A_MSIL2A_20250908T050231_R119_T44NMP_20250908T080413,40.256369,0.0,2025-09-08,2025-09-01/2025-11-20,E:\LandSlide-Prediction\data\pre_event\native_tif\LS_00735.tif,E:\LandSlide-Prediction\data\pre_event\png_256\LS_00735.png,
LS_00736,1,success,S2B_MSIL2A_20251031T045839_R119_T44PMQ_20251031T072153,2.075697,0.0,2025-10-31,2025-09-01/2025-11-20,E:\LandSlide-Prediction\data\pre_event\native_tif\LS_00736.tif,E:\LandSlide-Prediction\data\pre_event\png_256\LS_00736.png,
LS_00738,1,success,S2B_MSIL2A_20251031T045839_R119_T44NMP_20251031T072153,16.524501,0.0,2025-10-31,2025-09-01/2025-11-20,E:\LandSlide-Prediction\data\pre_event\native_tif\LS_00738.tif,E:\LandSlide-Prediction\data\pre_event\png_256\LS_00738.png,
LS_00739,1,success,S2B_MSIL2A_20251031T045839_R119_T44NMP_20251031T072153,16.524501,0.0,2025-10-31,2025-09-01/2025-11-20,E:\LandSlide-Prediction\data\pre_event\native_tif\LS_00739.tif,E:\LandSlide-Prediction\data\pre_event\png_256\LS_00739.png,
LS_00740,1,success,S2B_MSIL2A_20251031T045839_R119_T44NMP_20251031T072153,16.524501,0.0,2025-10-31,2025-09-01/2025-11-20,E:\LandSlide-Prediction\data\pre_event\native_tif\LS_00740.tif,E:\LandSlide-Prediction\data\pre_event\png_256\LS_00740.png,
LS_00741,1,success,S2C_MSIL2A_20251003T050621_R076_T44NMP_20251003T090812,2.112417,0.0,2025-10-03,2025-09-01/2025-11-20,E:\LandSlide-Prediction\data\pre_event\native_tif\LS_00741.tif,E:\LandSlide-Prediction\data\pre_event\png_256\LS_00741.png,
LS_00742,1,success,S2C_MSIL2A_20251003T050621_R076_T44NMP_20251003T090812,2.112417,0.0,2025-10-03,2025-09-01/2025-11-20,E:\LandSlide-Prediction\data\pre_event\native_tif\LS_00742.tif,E:\LandSlide-Prediction\data\pre_event\png_256\LS_00742.png,
LS_00743,1,success,S2C_MSIL2A_20251003T050621_R076_T44NMP_20251003T090812,2.112417,0.0,2025-10-03,2025-09-01/2025-11-20,E:\LandSlide-Prediction\data\pre_event\native_tif\LS_00743.tif,E:\LandSlide-Prediction\data\pre_event\png_256\LS_00743.png,
LS_00746,1,success,S2C_MSIL2A_20251003T050621_R076_T44NMP_20251003T090812,2.112417,0.0,2025-10-03,2025-09-01/2025-11-20,E:\LandSlide-Prediction\data\pre_event\native_tif\LS_00746.tif,E:\LandSlide-Prediction\data\pre_event\png_256\LS_00746.png,
LS_00747,1,success,S2C_MSIL2A_20251003T050621_R076_T44NMP_20251003T090812,2.112417,0.0,2025-10-03,2025-09-01/2025-11-20,E:\LandSlide-Prediction\data\pre_event\native_tif\LS_00747.tif,E:\LandSlide-Prediction\data\pre_event\png_256\LS_00747.png,
LS_00748,1,success,S2C_MSIL2A_20251003T050621_R076_T44NMP_20251003T090812,2.112417,0.0,2025-10-03,2025-09-01/2025-11-20,E:\LandSlide-Prediction\data\pre_event\native_tif\LS_00748.tif,E:\LandSlide-Prediction\data\pre_event\png_256\LS_00748.png,
LS_00750,1,success,S2C_MSIL2A_20251003T050621_R076_T44NMP_20251003T090812,2.112417,0.0,2025-10-03,2025-09-01/2025-11-20,E:\LandSlide-Prediction\data\pre_event\native_tif\LS_00750.tif,E:\LandSlide-Prediction\data\pre_event\png_256\LS_00750.png,
LS_00751,1,success,S2C_MSIL2A_20251003T050621_R076_T44NMP_20251003T090812,2.112417,0.0,2025-10-03,2025-09-01/2025-11-20,E:\LandSlide-Prediction\data\pre_event\native_tif\LS_00751.tif,E:\LandSlide-Prediction\data\pre_event\png_256\LS_00751.png,
LS_00753,1,success,S2C_MSIL2A_20251003T050621_R076_T44NMP_20251003T090812,2.112417,0.0,2025-10-03,2025-09-01/2025-11-20,E:\LandSlide-Prediction\data\pre_event\native_tif\LS_00753.tif,E:\LandSlide-Prediction\data\pre_event\png_256\LS_00753.png,
LS_00756,1,success,S2C_MSIL2A_20251003T050621_R076_T44NMP_20251003T090812,2.112417,0.0,2025-10-03,2025-09-01/2025-11-20,E:\LandSlide-Prediction\data\pre_event\native_tif\LS_00756.tif,E:\LandSlide-Prediction\data\pre_event\png_256\LS_00756.png,
LS_00757,1,success,S2B_MSIL2A_20251031T045839_R119_T44NMP_20251031T072153,16.524501,0.0,2025-10-31,2025-09-01/2025-11-20,E:\LandSlide-Prediction\data\pre_event\native_tif\LS_00757.tif,E:\LandSlide-Prediction\data\pre_event\png_256\LS_00757.png,
LS_00758,1,success,S2B_MSIL2A_20251031T045839_R119_T44NMP_20251031T072153,16.524501,0.0,2025-10-31,2025-09-01/2025-11-20,E:\LandSlide-Prediction\data\pre_event\native_tif\LS_00758.tif,E:\LandSlide-Prediction\data\pre_event\png_256\LS_00758.png,
LS_00760,1,success,S2B_MSIL2A_20251031T045839_R119_T44NMP_20251031T072153,16.524501,0.0,2025-10-31,2025-09-01/2025-11-20,E:\LandSlide-Prediction\data\pre_event\native_tif\LS_00760.tif,E:\LandSlide-Prediction\data\pre_event\png_256\LS_00760.png,
LS_00762,1,success,S2B_MSIL2A_20251031T045839_R119_T44NMP_20251031T072153,16.524501,0.0,2025-10-31,2025-09-01/2025-11-20,E:\LandSlide-Prediction\data\pre_event\native_tif\LS_00762.tif,E:\LandSlide-Prediction\data\pre_event\png_256\LS_00762.png,
LS_00764,1,success,S2B_MSIL2A_20251031T045839_R119_T44NMP_20251031T072153,16.524501,0.0,2025-10-31,2025-09-01/2025-11-20,E:\LandSlide-Prediction\data\pre_event\native_tif\LS_00764.tif,E:\LandSlide-Prediction\data\pre_event\png_256\LS_00764.png,
LS_00768,1,success,S2B_MSIL2A_20251031T045839_R119_T44NMP_20251031T072153,16.524501,0.0,2025-10-31,2025-09-01/2025-11-20,E:\LandSlide-Prediction\data\pre_event\native_tif\LS_00768.tif,E:\LandSlide-Prediction\data\pre_event\png_256\LS_00768.png,
LS_00773,1,success,S2B_MSIL2A_20251031T045839_R119_T44NMP_20251031T072153,16.524501,0.0,2025-10-31,2025-09-01/2025-11-20,E:\LandSlide-Prediction\data\pre_event\native_tif\LS_00773.tif,E:\LandSlide-Prediction\data\pre_event\png_256\LS_00773.png,
LS_00774,1,success,S2B_MSIL2A_20251031T045839_R119_T44NMP_20251031T072153,16.524501,0.0,2025-10-31,2025-09-01/2025-11-20,E:\LandSlide-Prediction\data\pre_event\native_tif\LS_00774.tif,E:\LandSlide-Prediction\data\pre_event\png_256\LS_00774.png,
LS_00777,1,success,S2B_MSIL2A_20251031T045839_R119_T44NMP_20251031T072153,16.524501,0.0,2025-10-31,2025-09-01/2025-11-20,E:\LandSlide-Prediction\data\pre_event\native_tif\LS_00777.tif,E:\LandSlide-Prediction\data\pre_event\png_256\LS_00777.png,
LS_00782,1,success,S2B_MSIL2A_20251031T045839_R119_T44NMP_20251031T072153,16.524501,0.0,2025-10-31,2025-09-01/2025-11-20,E:\LandSlide-Prediction\data\pre_event\native_tif\LS_00782.tif,E:\LandSlide-Prediction\data\pre_event\png_256\LS_00782.png,
LS_00783,1,success,S2B_MSIL2A_20251031T045839_R119_T44NMP_20251031T072153,16.524501,0.0,2025-10-31,2025-09-01/2025-11-20,E:\LandSlide-Prediction\data\pre_event\native_tif\LS_00783.tif,E:\LandSlide-Prediction\data\pre_event\png_256\LS_00783.png,
LS_00784,1,success,S2B_MSIL2A_20251031T045839_R119_T44NMP_20251031T072153,16.524501,0.0,2025-10-31,2025-09-01/2025-11-20,E:\LandSlide-Prediction\data\pre_event\native_tif\LS_00784.tif,E:\LandSlide-Prediction\data\pre_event\png_256\LS_00784.png,
LS_00787,1,success,S2B_MSIL2A_20251031T045839_R119_T44NMP_20251031T072153,16.524501,0.0,2025-10-31,2025-09-01/2025-11-20,E:\LandSlide-Prediction\data\pre_event\native_tif\LS_00787.tif,E:\LandSlide-Prediction\data\pre_event\png_256\LS_00787.png,
LS_00788,1,success,S2B_MSIL2A_20251031T045839_R119_T44NMP_20251031T072153,16.524501,0.0,2025-10-31,2025-09-01/2025-11-20,E:\LandSlide-Prediction\data\pre_event\native_tif\LS_00788.tif,E:\LandSlide-Prediction\data\pre_event\png_256\LS_00788.png,
LS_00789,1,success,S2B_MSIL2A_20251031T045839_R119_T44NMP_20251031T072153,16.524501,2.34,2025-10-31,2025-09-01/2025-11-20,E:\LandSlide-Prediction\data\pre_event\native_tif\LS_00789.tif,E:\LandSlide-Prediction\data\pre_event\png_256\LS_00789.png,
LS_00791,1,success,S2B_MSIL2A_20251031T045839_R119_T44NMP_20251031T072153,16.524501,0.0,2025-10-31,2025-09-01/2025-11-20,E:\LandSlide-Prediction\data\pre_event\native_tif\LS_00791.tif,E:\LandSlide-Prediction\data\pre_event\png_256\LS_00791.png,
LS_00792,1,success,S2B_MSIL2A_20251031T045839_R119_T44NMP_20251031T072153,16.524501,0.0,2025-10-31,2025-09-01/2025-11-20,E:\LandSlide-Prediction\data\pre_event\native_tif\LS_00792.tif,E:\LandSlide-Prediction\data\pre_event\png_256\LS_00792.png,
LS_00797,1,success,S2B_MSIL2A_20251031T045839_R119_T44NMP_20251031T072153,16.524501,0.0,2025-10-31,2025-09-01/2025-11-20,E:\LandSlide-Prediction\data\pre_event\native_tif\LS_00797.tif,E:\LandSlide-Prediction\data\pre_event\png_256\LS_00797.png,
LS_00798,1,success,S2B_MSIL2A_20251031T045839_R119_T44NMP_20251031T072153,16.524501,0.0,2025-10-31,2025-09-01/2025-11-20,E:\LandSlide-Prediction\data\pre_event\native_tif\LS_00798.tif,E:\LandSlide-Prediction\data\pre_event\png_256\LS_00798.png,
LS_00799,1,success,S2B_MSIL2A_20251031T045839_R119_T44NMP_20251031T072153,16.524501,0.0,2025-10-31,2025-09-01/2025-11-20,E:\LandSlide-Prediction\data\pre_event\native_tif\LS_00799.tif,E:\LandSlide-Prediction\data\pre_event\png_256\LS_00799.png,
LS_00801,1,success,S2B_MSIL2A_20251031T045839_R119_T44NMP_20251031T072153,16.524501,0.0,2025-10-31,2025-09-01/2025-11-20,E:\LandSlide-Prediction\data\pre_event\native_tif\LS_00801.tif,E:\LandSlide-Prediction\data\pre_event\png_256\LS_00801.png,
LS_00802,1,success,S2B_MSIL2A_20251031T045839_R119_T44NMP_20251031T072153,16.524501,0.0,2025-10-31,2025-09-01/2025-11-20,E:\LandSlide-Prediction\data\pre_event\native_tif\LS_00802.tif,E:\LandSlide-Prediction\data\pre_event\png_256\LS_00802.png,
LS_00803,1,success,S2B_MSIL2A_20251031T045839_R119_T44NMP_20251031T072153,16.524501,0.0,2025-10-31,2025-09-01/2025-11-20,E:\LandSlide-Prediction\data\pre_event\native_tif\LS_00803.tif,E:\LandSlide-Prediction\data\pre_event\png_256\LS_00803.png,
LS_00804,1,success,S2B_MSIL2A_20251031T045839_R119_T44NMP_20251031T072153,16.524501,0.0,2025-10-31,2025-09-01/2025-11-20,E:\LandSlide-Prediction\data\pre_event\native_tif\LS_00804.tif,E:\LandSlide-Prediction\data\pre_event\png_256\LS_00804.png,
LS_00806,1,success,S2B_MSIL2A_20251031T045839_R119_T44NMP_20251031T072153,16.524501,0.0,2025-10-31,2025-09-01/2025-11-20,E:\LandSlide-Prediction\data\pre_event\native_tif\LS_00806.tif,E:\LandSlide-Prediction\data\pre_event\png_256\LS_00806.png,
LS_00808,1,success,S2B_MSIL2A_20251031T045839_R119_T44NMP_20251031T072153,16.524501,0.0,2025-10-31,2025-09-01/2025-11-20,E:\LandSlide-Prediction\data\pre_event\native_tif\LS_00808.tif,E:\LandSlide-Prediction\data\pre_event\png_256\LS_00808.png,
LS_00809,1,success,S2B_MSIL2A_20251031T045839_R119_T44NMP_20251031T072153,16.524501,0.0,2025-10-31,2025-09-01/2025-11-20,E:\LandSlide-Prediction\data\pre_event\native_tif\LS_00809.tif,E:\LandSlide-Prediction\data\pre_event\png_256\LS_00809.png,
LS_00811,1,success,S2B_MSIL2A_20251031T045839_R119_T44NMP_20251031T072153,16.524501,0.0,2025-10-31,2025-09-01/2025-11-20,E:\LandSlide-Prediction\data\pre_event\native_tif\LS_00811.tif,E:\LandSlide-Prediction\data\pre_event\png_256\LS_00811.png,
LS_00816,1,success,S2B_MSIL2A_20251031T045839_R119_T44NMP_20251031T072153,16.524501,0.0,2025-10-31,2025-09-01/2025-11-20,E:\LandSlide-Prediction\data\pre_event\native_tif\LS_00816.tif,E:\LandSlide-Prediction\data\pre_event\png_256\LS_00816.png,
LS_00817,1,success,S2B_MSIL2A_20251031T045839_R119_T44NMP_20251031T072153,16.524501,0.0,2025-10-31,2025-09-01/2025-11-20,E:\LandSlide-Prediction\data\pre_event\native_tif\LS_00817.tif,E:\LandSlide-Prediction\data\pre_event\png_256\LS_00817.png,
LS_00818,1,success,S2B_MSIL2A_20251031T045839_R119_T44NMP_20251031T072153,16.524501,0.0,2025-10-31,2025-09-01/2025-11-20,E:\LandSlide-Prediction\data\pre_event\native_tif\LS_00818.tif,E:\LandSlide-Prediction\data\pre_event\png_256\LS_00818.png,
LS_00819,1,success,S2C_MSIL2A_20251003T050621_R076_T44NMP_20251003T090812,2.112417,0.0,2025-10-03,2025-09-01/2025-11-20,E:\LandSlide-Prediction\data\pre_event\native_tif\LS_00819.tif,E:\LandSlide-Prediction\data\pre_event\png_256\LS_00819.png,
LS_00821,1,success,S2B_MSIL2A_20251031T045839_R119_T44NMP_20251031T072153,16.524501,0.0,2025-10-31,2025-09-01/2025-11-20,E:\LandSlide-Prediction\data\pre_event\native_tif\LS_00821.tif,E:\LandSlide-Prediction\data\pre_event\png_256\LS_00821.png,
LS_00822,1,success,S2B_MSIL2A_20251031T045839_R119_T44NMP_20251031T072153,16.524501,0.0,2025-10-31,2025-09-01/2025-11-20,E:\LandSlide-Prediction\data\pre_event\native_tif\LS_00822.tif,E:\LandSlide-Prediction\data\pre_event\png_256\LS_00822.png,
LS_00823,1,success,S2B_MSIL2A_20251031T045839_R119_T44NMP_20251031T072153,16.524501,0.0,2025-10-31,2025-09-01/2025-11-20,E:\LandSlide-Prediction\data\pre_event\native_tif\LS_00823.tif,E:\LandSlide-Prediction\data\pre_event\png_256\LS_00823.png,
LS_00825,1,success,S2B_MSIL2A_20251031T045839_R119_T44NMP_20251031T072153,16.524501,0.0,2025-10-31,2025-09-01/2025-11-20,E:\LandSlide-Prediction\data\pre_event\native_tif\LS_00825.tif,E:\LandSlide-Prediction\data\pre_event\png_256\LS_00825.png,
LS_00826,1,success,S2B_MSIL2A_20251031T045839_R119_T44NMP_20251031T072153,16.524501,0.0,2025-10-31,2025-09-01/2025-11-20,E:\LandSlide-Prediction\data\pre_event\native_tif\LS_00826.tif,E:\LandSlide-Prediction\data\pre_event\png_256\LS_00826.png,
LS_00827,1,success,S2B_MSIL2A_20251031T045839_R119_T44NMP_20251031T072153,16.524501,0.0,2025-10-31,2025-09-01/2025-11-20,E:\LandSlide-Prediction\data\pre_event\native_tif\LS_00827.tif,E:\LandSlide-Prediction\data\pre_event\png_256\LS_00827.png,
LS_00828,1,success,S2C_MSIL2A_20251003T050621_R076_T44NMP_20251003T090812,2.112417,0.0,2025-10-03,2025-09-01/2025-11-20,E:\LandSlide-Prediction\data\pre_event\native_tif\LS_00828.tif,E:\LandSlide-Prediction\data\pre_event\png_256\LS_00828.png,
LS_00829,1,success,S2C_MSIL2A_20251003T050621_R076_T44NMP_20251003T090812,2.112417,0.0,2025-10-03,2025-09-01/2025-11-20,E:\LandSlide-Prediction\data\pre_event\native_tif\LS_00829.tif,E:\LandSlide-Prediction\data\pre_event\png_256\LS_00829.png,
LS_00830,1,success,S2C_MSIL2A_20251003T050621_R076_T44NMP_20251003T090812,2.112417,0.0,2025-10-03,2025-09-01/2025-11-20,E:\LandSlide-Prediction\data\pre_event\native_tif\LS_00830.tif,E:\LandSlide-Prediction\data\pre_event\png_256\LS_00830.png,
LS_00831,1,success,S2C_MSIL2A_20251003T050621_R076_T44NMP_20251003T090812,2.112417,0.0,2025-10-03,2025-09-01/2025-11-20,E:\LandSlide-Prediction\data\pre_event\native_tif\LS_00831.tif,E:\LandSlide-Prediction\data\pre_event\png_256\LS_00831.png,
LS_00832,1,success,S2C_MSIL2A_20251003T050621_R076_T44NMP_20251003T090812,2.112417,0.0,2025-10-03,2025-09-01/2025-11-20,E:\LandSlide-Prediction\data\pre_event\native_tif\LS_00832.tif,E:\LandSlide-Prediction\data\pre_event\png_256\LS_00832.png,
LS_00835,1,success,S2C_MSIL2A_20251003T050621_R076_T44NMP_20251003T090812,2.112417,0.0,2025-10-03,2025-09-01/2025-11-20,E:\LandSlide-Prediction\data\pre_event\native_tif\LS_00835.tif,E:\LandSlide-Prediction\data\pre_event\png_256\LS_00835.png,
LS_00838,1,success,S2C_MSIL2A_20251003T050621_R076_T44NMP_20251003T090812,2.112417,0.0,2025-10-03,2025-09-01/2025-11-20,E:\LandSlide-Prediction\data\pre_event\native_tif\LS_00838.tif,E:\LandSlide-Prediction\data\pre_event\png_256\LS_00838.png,
LS_00839,1,success,S2C_MSIL2A_20251003T050621_R076_T44NMP_20251003T090812,2.112417,0.0,2025-10-03,2025-09-01/2025-11-20,E:\LandSlide-Prediction\data\pre_event\native_tif\LS_00839.tif,E:\LandSlide-Prediction\data\pre_event\png_256\LS_00839.png,
LS_00840,1,success,S2C_MSIL2A_20251003T050621_R076_T44NMP_20251003T090812,2.112417,0.0,2025-10-03,2025-09-01/2025-11-20,E:\LandSlide-Prediction\data\pre_event\native_tif\LS_00840.tif,E:\LandSlide-Prediction\data\pre_event\png_256\LS_00840.png,
LS_00841,1,success,S2C_MSIL2A_20251003T050621_R076_T44NMP_20251003T090812,2.112417,0.0,2025-10-03,2025-09-01/2025-11-20,E:\LandSlide-Prediction\data\pre_event\native_tif\LS_00841.tif,E:\LandSlide-Prediction\data\pre_event\png_256\LS_00841.png,
LS_00850,1,success,S2C_MSIL2A_20251003T050621_R076_T44NMP_20251003T090812,2.112417,0.0,2025-10-03,2025-09-01/2025-11-20,E:\LandSlide-Prediction\data\pre_event\native_tif\LS_00850.tif,E:\LandSlide-Prediction\data\pre_event\png_256\LS_00850.png,
LS_00856,1,success,S2C_MSIL2A_20251003T050621_R076_T44NMP_20251003T090812,2.112417,0.0,2025-10-03,2025-09-01/2025-11-20,E:\LandSlide-Prediction\data\pre_event\native_tif\LS_00856.tif,E:\LandSlide-Prediction\data\pre_event\png_256\LS_00856.png,
LS_00859,1,success,S2C_MSIL2A_20251003T050621_R076_T44NMP_20251003T090812,2.112417,0.0,2025-10-03,2025-09-01/2025-11-20,E:\LandSlide-Prediction\data\pre_event\native_tif\LS_00859.tif,E:\LandSlide-Prediction\data\pre_event\png_256\LS_00859.png,
LS_00860,1,success,S2C_MSIL2A_20251003T050621_R076_T44NMP_20251003T090812,2.112417,0.0,2025-10-03,2025-09-01/2025-11-20,E:\LandSlide-Prediction\data\pre_event\native_tif\LS_00860.tif,E:\LandSlide-Prediction\data\pre_event\png_256\LS_00860.png,
LS_00861,1,success,S2C_MSIL2A_20251003T050621_R076_T44NMP_20251003T090812,2.112417,0.0,2025-10-03,2025-09-01/2025-11-20,E:\LandSlide-Prediction\data\pre_event\native_tif\LS_00861.tif,E:\LandSlide-Prediction\data\pre_event\png_256\LS_00861.png,
LS_00862,1,success,S2C_MSIL2A_20251003T050621_R076_T44NMP_20251003T090812,2.112417,0.0,2025-10-03,2025-09-01/2025-11-20,E:\LandSlide-Prediction\data\pre_event\native_tif\LS_00862.tif,E:\LandSlide-Prediction\data\pre_event\png_256\LS_00862.png,
LS_00866,1,success,S2C_MSIL2A_20251003T050621_R076_T44NMP_20251003T090812,2.112417,0.0,2025-10-03,2025-09-01/2025-11-20,E:\LandSlide-Prediction\data\pre_event\native_tif\LS_00866.tif,E:\LandSlide-Prediction\data\pre_event\png_256\LS_00866.png,
LS_00867,1,success,S2C_MSIL2A_20251003T050621_R076_T44NMP_20251003T090812,2.112417,0.0,2025-10-03,2025-09-01/2025-11-20,E:\LandSlide-Prediction\data\pre_event\native_tif\LS_00867.tif,E:\LandSlide-Prediction\data\pre_event\png_256\LS_00867.png,
LS_00868,1,success,S2C_MSIL2A_20251003T050621_R076_T44NMP_20251003T090812,2.112417,0.0,2025-10-03,2025-09-01/2025-11-20,E:\LandSlide-Prediction\data\pre_event\native_tif\LS_00868.tif,E:\LandSlide-Prediction\data\pre_event\png_256\LS_00868.png,
LS_00869,1,success,S2C_MSIL2A_20251003T050621_R076_T44NMP_20251003T090812,2.112417,0.0,2025-10-03,2025-09-01/2025-11-20,E:\LandSlide-Prediction\data\pre_event\native_tif\LS_00869.tif,E:\LandSlide-Prediction\data\pre_event\png_256\LS_00869.png,
LS_00870,1,success,S2C_MSIL2A_20251003T050621_R076_T44NMP_20251003T090812,2.112417,0.0,2025-10-03,2025-09-01/2025-11-20,E:\LandSlide-Prediction\data\pre_event\native_tif\LS_00870.tif,E:\LandSlide-Prediction\data\pre_event\png_256\LS_00870.png,
LS_00872,1,success,S2C_MSIL2A_20251003T050621_R076_T44NMP_20251003T090812,2.112417,0.0,2025-10-03,2025-09-01/2025-11-20,E:\LandSlide-Prediction\data\pre_event\native_tif\LS_00872.tif,E:\LandSlide-Prediction\data\pre_event\png_256\LS_00872.png,
LS_00874,1,success,S2C_MSIL2A_20251003T050621_R076_T44NMP_20251003T090812,2.112417,0.0,2025-10-03,2025-09-01/2025-11-20,E:\LandSlide-Prediction\data\pre_event\native_tif\LS_00874.tif,E:\LandSlide-Prediction\data\pre_event\png_256\LS_00874.png,
LS_00875,1,success,S2C_MSIL2A_20251003T050621_R076_T44NMP_20251003T090812,2.112417,0.0,2025-10-03,2025-09-01/2025-11-20,E:\LandSlide-Prediction\data\pre_event\native_tif\LS_00875.tif,E:\LandSlide-Prediction\data\pre_event\png_256\LS_00875.png,
LS_00877,1,success,S2C_MSIL2A_20251003T050621_R076_T44NMP_20251003T090812,2.112417,0.0,2025-10-03,2025-09-01/2025-11-20,E:\LandSlide-Prediction\data\pre_event\native_tif\LS_00877.tif,E:\LandSlide-Prediction\data\pre_event\png_256\LS_00877.png,
LS_00880,1,success,S2C_MSIL2A_20251003T050621_R076_T44NMP_20251003T090812,2.112417,0.0,2025-10-03,2025-09-01/2025-11-20,E:\LandSlide-Prediction\data\pre_event\native_tif\LS_00880.tif,E:\LandSlide-Prediction\data\pre_event\png_256\LS_00880.png,
LS_00881,1,success,S2C_MSIL2A_20251003T050621_R076_T44NMP_20251003T090812,2.112417,0.0,2025-10-03,2025-09-01/2025-11-20,E:\LandSlide-Prediction\data\pre_event\native_tif\LS_00881.tif,E:\LandSlide-Prediction\data\pre_event\png_256\LS_00881.png,
LS_00888,1,success,S2C_MSIL2A_20251003T050621_R076_T44NMP_20251003T090812,2.112417,0.0,2025-10-03,2025-09-01/2025-11-20,E:\LandSlide-Prediction\data\pre_event\native_tif\LS_00888.tif,E:\LandSlide-Prediction\data\pre_event\png_256\LS_00888.png,
LS_00889,1,success,S2C_MSIL2A_20251003T050621_R076_T44NMP_20251003T090812,2.112417,0.0,2025-10-03,2025-09-01/2025-11-20,E:\LandSlide-Prediction\data\pre_event\native_tif\LS_00889.tif,E:\LandSlide-Prediction\data\pre_event\png_256\LS_00889.png,
LS_00891,1,success,S2C_MSIL2A_20251003T050621_R076_T44NMP_20251003T090812,2.112417,0.0,2025-10-03,2025-09-01/2025-11-20,E:\LandSlide-Prediction\data\pre_event\native_tif\LS_00891.tif,E:\LandSlide-Prediction\data\pre_event\png_256\LS_00891.png,
LS_00892,1,success,S2C_MSIL2A_20251003T050621_R076_T44NMP_20251003T090812,2.112417,0.0,2025-10-03,2025-09-01/2025-11-20,E:\LandSlide-Prediction\data\pre_event\native_tif\LS_00892.tif,E:\LandSlide-Prediction\data\pre_event\png_256\LS_00892.png,
LS_00895,1,success,S2C_MSIL2A_20251003T050621_R076_T44NMP_20251003T090812,2.112417,0.0,2025-10-03,2025-09-01/2025-11-20,E:\LandSlide-Prediction\data\pre_event\native_tif\LS_00895.tif,E:\LandSlide-Prediction\data\pre_event\png_256\LS_00895.png,
LS_00897,1,success,S2C_MSIL2A_20251003T050621_R076_T44NMP_20251003T090812,2.112417,0.0,2025-10-03,2025-09-01/2025-11-20,E:\LandSlide-Prediction\data\pre_event\native_tif\LS_00897.tif,E:\LandSlide-Prediction\data\pre_event\png_256\LS_00897.png,
LS_00898,1,success,S2C_MSIL2A_20251003T050621_R076_T44NMP_20251003T090812,2.112417,0.0,2025-10-03,2025-09-01/2025-11-20,E:\LandSlide-Prediction\data\pre_event\native_tif\LS_00898.tif,E:\LandSlide-Prediction\data\pre_event\png_256\LS_00898.png,
LS_00900,1,success,S2C_MSIL2A_20251003T050621_R076_T44NMP_20251003T090812,2.112417,0.0,2025-10-03,2025-09-01/2025-11-20,E:\LandSlide-Prediction\data\pre_event\native_tif\LS_00900.tif,E:\LandSlide-Prediction\data\pre_event\png_256\LS_00900.png,
LS_00903,1,success,S2C_MSIL2A_20251003T050621_R076_T44NMP_20251003T090812,2.112417,0.0,2025-10-03,2025-09-01/2025-11-20,E:\LandSlide-Prediction\data\pre_event\native_tif\LS_00903.tif,E:\LandSlide-Prediction\data\pre_event\png_256\LS_00903.png,
LS_00904,1,success,S2C_MSIL2A_20251003T050621_R076_T44NMP_20251003T090812,2.112417,0.0,2025-10-03,2025-09-01/2025-11-20,E:\LandSlide-Prediction\data\pre_event\native_tif\LS_00904.tif,E:\LandSlide-Prediction\data\pre_event\png_256\LS_00904.png,
LS_00907,1,success,S2C_MSIL2A_20251003T050621_R076_T44NMP_20251003T090812,2.112417,0.0,2025-10-03,2025-09-01/2025-11-20,E:\LandSlide-Prediction\data\pre_event\native_tif\LS_00907.tif,E:\LandSlide-Prediction\data\pre_event\png_256\LS_00907.png,
LS_00910,1,success,S2C_MSIL2A_20251003T050621_R076_T44NMP_20251003T090812,2.112417,23.73,2025-10-03,2025-09-01/2025-11-20,E:\LandSlide-Prediction\data\pre_event\native_tif\LS_00910.tif,E:\LandSlide-Prediction\data\pre_event\png_256\LS_00910.png,
LS_00913,1,success,S2B_MSIL2A_20251031T045839_R119_T44NMP_20251031T072153,16.524501,0.0,2025-10-31,2025-09-01/2025-11-20,E:\LandSlide-Prediction\data\pre_event\native_tif\LS_00913.tif,E:\LandSlide-Prediction\data\pre_event\png_256\LS_00913.png,
LS_00918,1,success,S2A_MSIL2A_20250905T050621_R076_T44NMP_20250905T063012,30.717695,0.0,2025-09-05,2025-09-01/2025-11-20,E:\LandSlide-Prediction\data\pre_event\native_tif\LS_00918.tif,E:\LandSlide-Prediction\data\pre_event\png_256\LS_00918.png,
LS_00921,1,success,S2C_MSIL2A_20251003T050621_R076_T44NMP_20251003T090812,2.112417,0.88,2025-10-03,2025-09-01/2025-11-20,E:\LandSlide-Prediction\data\pre_event\native_tif\LS_00921.tif,E:\LandSlide-Prediction\data\pre_event\png_256\LS_00921.png,
LS_00922,1,success,S2C_MSIL2A_20251003T050621_R076_T44NMP_20251003T090812,2.112417,0.0,2025-10-03,2025-09-01/2025-11-20,E:\LandSlide-Prediction\data\pre_event\native_tif\LS_00922.tif,E:\LandSlide-Prediction\data\pre_event\png_256\LS_00922.png,
LS_00923,1,success,S2C_MSIL2A_20251003T050621_R076_T44NMP_20251003T090812,2.112417,0.0,2025-10-03,2025-09-01/2025-11-20,E:\LandSlide-Prediction\data\pre_event\native_tif\LS_00923.tif,E:\LandSlide-Prediction\data\pre_event\png_256\LS_00923.png,
LS_00926,1,success,S2C_MSIL2A_20251003T050621_R076_T44NMP_20251003T090812,2.112417,0.0,2025-10-03,2025-09-01/2025-11-20,E:\LandSlide-Prediction\data\pre_event\native_tif\LS_00926.tif,E:\LandSlide-Prediction\data\pre_event\png_256\LS_00926.png,
LS_00929,1,success,S2C_MSIL2A_20251003T050621_R076_T44NMP_20251003T090812,2.112417,0.0,2025-10-03,2025-09-01/2025-11-20,E:\LandSlide-Prediction\data\pre_event\native_tif\LS_00929.tif,E:\LandSlide-Prediction\data\pre_event\png_256\LS_00929.png,
LS_00930,1,success,S2C_MSIL2A_20251003T050621_R076_T44NMP_20251003T090812,2.112417,0.0,2025-10-03,2025-09-01/2025-11-20,E:\LandSlide-Prediction\data\pre_event\native_tif\LS_00930.tif,E:\LandSlide-Prediction\data\pre_event\png_256\LS_00930.png,
LS_00932,1,success,S2C_MSIL2A_20251003T050621_R076_T44NMP_20251003T090812,2.112417,6.35,2025-10-03,2025-09-01/2025-11-20,E:\LandSlide-Prediction\data\pre_event\native_tif\LS_00932.tif,E:\LandSlide-Prediction\data\pre_event\png_256\LS_00932.png,
LS_00934,1,success,S2A_MSIL2A_20250905T050621_R076_T44NMP_20250905T063012,30.717695,0.0,2025-09-05,2025-09-01/2025-11-20,E:\LandSlide-Prediction\data\pre_event\native_tif\LS_00934.tif,E:\LandSlide-Prediction\data\pre_event\png_256\LS_00934.png,
LS_00935,1,success,S2A_MSIL2A_20250905T050621_R076_T44NMP_20250905T063012,30.717695,0.0,2025-09-05,2025-09-01/2025-11-20,E:\LandSlide-Prediction\data\pre_event\native_tif\LS_00935.tif,E:\LandSlide-Prediction\data\pre_event\png_256\LS_00935.png,
LS_00936,1,success,S2A_MSIL2A_20250905T050621_R076_T44NMP_20250905T063012,30.717695,3.42,2025-09-05,2025-09-01/2025-11-20,E:\LandSlide-Prediction\data\pre_event\native_tif\LS_00936.tif,E:\LandSlide-Prediction\data\pre_event\png_256\LS_00936.png,
LS_00940,1,success,S2A_MSIL2A_20250730T050241_R119_T44NMP_20250730T081115,10.341509,13.09,2025-07-30,2025-06-01/2025-08-31,E:\LandSlide-Prediction\data\pre_event\native_tif\LS_00940.tif,E:\LandSlide-Prediction\data\pre_event\png_256\LS_00940.png,
LS_00941,1,success,S2C_MSIL2A_20251003T050621_R076_T44NMP_20251003T090812,2.112417,20.9,2025-10-03,2025-09-01/2025-11-20,E:\LandSlide-Prediction\data\pre_event\native_tif\LS_00941.tif,E:\LandSlide-Prediction\data\pre_event\png_256\LS_00941.png,
LS_00943,1,success,S2B_MSIL2A_20250730T050559_R076_T44NMP_20250730T071408,7.02786,0.0,2025-07-30,2025-06-01/2025-08-31,E:\LandSlide-Prediction\data\pre_event\native_tif\LS_00943.tif,E:\LandSlide-Prediction\data\pre_event\png_256\LS_00943.png,
LS_00944,1,success,S2C_MSIL2A_20251003T050621_R076_T44NMP_20251003T090812,2.112417,11.04,2025-10-03,2025-09-01/2025-11-20,E:\LandSlide-Prediction\data\pre_event\native_tif\LS_00944.tif,E:\LandSlide-Prediction\data\pre_event\png_256\LS_00944.png,
LS_00945,1,success,S2C_MSIL2A_20251003T050621_R076_T44NMP_20251003T090812,2.112417,23.14,2025-10-03,2025-09-01/2025-11-20,E:\LandSlide-Prediction\data\pre_event\native_tif\LS_00945.tif,E:\LandSlide-Prediction\data\pre_event\png_256\LS_00945.png,
LS_00955,1,success,S2C_MSIL2A_20251003T050621_R076_T44NMP_20251003T090812,2.112417,2.34,2025-10-03,2025-09-01/2025-11-20,E:\LandSlide-Prediction\data\pre_event\native_tif\LS_00955.tif,E:\LandSlide-Prediction\data\pre_event\png_256\LS_00955.png,
LS_00958,1,success,S2C_MSIL2A_20250903T050621_R076_T44NMP_20250903T091314,39.301518,13.82,2025-09-03,2025-09-01/2025-11-20,E:\LandSlide-Prediction\data\pre_event\native_tif\LS_00958.tif,E:\LandSlide-Prediction\data\pre_event\png_256\LS_00958.png,
LS_00959,1,success,S2A_MSIL2A_20250905T050621_R076_T44NMP_20250905T063012,30.717695,0.0,2025-09-05,2025-09-01/2025-11-20,E:\LandSlide-Prediction\data\pre_event\native_tif\LS_00959.tif,E:\LandSlide-Prediction\data\pre_event\png_256\LS_00959.png,
LS_00961,1,success,S2C_MSIL2A_20250728T045721_R119_T44NMP_20250728T095413,9.404943,17.09,2025-07-28,2025-06-01/2025-08-31,E:\LandSlide-Prediction\data\pre_event\native_tif\LS_00961.tif,E:\LandSlide-Prediction\data\pre_event\png_256\LS_00961.png,
LS_00962,1,success,S2C_MSIL2A_20250728T045721_R119_T44NMP_20250728T095413,9.404943,0.0,2025-07-28,2025-06-01/2025-08-31,E:\LandSlide-Prediction\data\pre_event\native_tif\LS_00962.tif,E:\LandSlide-Prediction\data\pre_event\png_256\LS_00962.png,
LS_00963,1,success,S2C_MSIL2A_20251003T050621_R076_T44NMP_20251003T090812,2.112417,0.0,2025-10-03,2025-09-01/2025-11-20,E:\LandSlide-Prediction\data\pre_event\native_tif\LS_00963.tif,E:\LandSlide-Prediction\data\pre_event\png_256\LS_00963.png,
LS_00964,1,success,S2C_MSIL2A_20251003T050621_R076_T44NMP_20251003T090812,2.112417,0.0,2025-10-03,2025-09-01/2025-11-20,E:\LandSlide-Prediction\data\pre_event\native_tif\LS_00964.tif,E:\LandSlide-Prediction\data\pre_event\png_256\LS_00964.png,
LS_00965,1,success,S2C_MSIL2A_20251003T050621_R076_T44NMP_20251003T090812,2.112417,0.0,2025-10-03,2025-09-01/2025-11-20,E:\LandSlide-Prediction\data\pre_event\native_tif\LS_00965.tif,E:\LandSlide-Prediction\data\pre_event\png_256\LS_00965.png,
LS_00967,1,success,S2C_MSIL2A_20251003T050621_R076_T44NMP_20251003T090812,2.112417,0.0,2025-10-03,2025-09-01/2025-11-20,E:\LandSlide-Prediction\data\pre_event\native_tif\LS_00967.tif,E:\LandSlide-Prediction\data\pre_event\png_256\LS_00967.png,
LS_00968,1,success,S2C_MSIL2A_20251003T050621_R076_T44NMP_20251003T090812,2.112417,0.39,2025-10-03,2025-09-01/2025-11-20,E:\LandSlide-Prediction\data\pre_event\native_tif\LS_00968.tif,E:\LandSlide-Prediction\data\pre_event\png_256\LS_00968.png,
LS_00969,1,success,S2C_MSIL2A_20251003T050621_R076_T44NMP_20251003T090812,2.112417,0.0,2025-10-03,2025-09-01/2025-11-20,E:\LandSlide-Prediction\data\pre_event\native_tif\LS_00969.tif,E:\LandSlide-Prediction\data\pre_event\png_256\LS_00969.png,
LS_00970,1,success,S2C_MSIL2A_20251003T050621_R076_T44NMP_20251003T090812,2.112417,0.0,2025-10-03,2025-09-01/2025-11-20,E:\LandSlide-Prediction\data\pre_event\native_tif\LS_00970.tif,E:\LandSlide-Prediction\data\pre_event\png_256\LS_00970.png,
LS_00972,1,success,S2C_MSIL2A_20251003T050621_R076_T44NMP_20251003T090812,2.112417,0.0,2025-10-03,2025-09-01/2025-11-20,E:\LandSlide-Prediction\data\pre_event\native_tif\LS_00972.tif,E:\LandSlide-Prediction\data\pre_event\png_256\LS_00972.png,
LS_00973,1,success,S2C_MSIL2A_20251003T050621_R076_T44NMP_20251003T090812,2.112417,0.0,2025-10-03,2025-09-01/2025-11-20,E:\LandSlide-Prediction\data\pre_event\native_tif\LS_00973.tif,E:\LandSlide-Prediction\data\pre_event\png_256\LS_00973.png,
LS_00975,1,success,S2C_MSIL2A_20251003T050621_R076_T44NMP_20251003T090812,2.112417,0.0,2025-10-03,2025-09-01/2025-11-20,E:\LandSlide-Prediction\data\pre_event\native_tif\LS_00975.tif,E:\LandSlide-Prediction\data\pre_event\png_256\LS_00975.png,
LS_00976,1,success,S2C_MSIL2A_20251003T050621_R076_T44NMP_20251003T090812,2.112417,0.0,2025-10-03,2025-09-01/2025-11-20,E:\LandSlide-Prediction\data\pre_event\native_tif\LS_00976.tif,E:\LandSlide-Prediction\data\pre_event\png_256\LS_00976.png,
LS_00977,1,success,S2C_MSIL2A_20251003T050621_R076_T44NMP_20251003T090812,2.112417,0.0,2025-10-03,2025-09-01/2025-11-20,E:\LandSlide-Prediction\data\pre_event\native_tif\LS_00977.tif,E:\LandSlide-Prediction\data\pre_event\png_256\LS_00977.png,
LS_00978,1,success,S2C_MSIL2A_20251003T050621_R076_T44NMP_20251003T090812,2.112417,0.0,2025-10-03,2025-09-01/2025-11-20,E:\LandSlide-Prediction\data\pre_event\native_tif\LS_00978.tif,E:\LandSlide-Prediction\data\pre_event\png_256\LS_00978.png,
LS_00979,1,success,S2C_MSIL2A_20251003T050621_R076_T44NMP_20251003T090812,2.112417,0.0,2025-10-03,2025-09-01/2025-11-20,E:\LandSlide-Prediction\data\pre_event\native_tif\LS_00979.tif,E:\LandSlide-Prediction\data\pre_event\png_256\LS_00979.png,
LS_00980,1,success,S2C_MSIL2A_20251003T050621_R076_T44NMP_20251003T090812,2.112417,0.0,2025-10-03,2025-09-01/2025-11-20,E:\LandSlide-Prediction\data\pre_event\native_tif\LS_00980.tif,E:\LandSlide-Prediction\data\pre_event\png_256\LS_00980.png,
LS_00982,1,success,S2C_MSIL2A_20251003T050621_R076_T44NMP_20251003T090812,2.112417,0.0,2025-10-03,2025-09-01/2025-11-20,E:\LandSlide-Prediction\data\pre_event\native_tif\LS_00982.tif,E:\LandSlide-Prediction\data\pre_event\png_256\LS_00982.png,
LS_00983,1,success,S2C_MSIL2A_20251003T050621_R076_T44NMP_20251003T090812,2.112417,0.0,2025-10-03,2025-09-01/2025-11-20,E:\LandSlide-Prediction\data\pre_event\native_tif\LS_00983.tif,E:\LandSlide-Prediction\data\pre_event\png_256\LS_00983.png,
LS_00984,1,success,S2C_MSIL2A_20251003T050621_R076_T44NMP_20251003T090812,2.112417,0.0,2025-10-03,2025-09-01/2025-11-20,E:\LandSlide-Prediction\data\pre_event\native_tif\LS_00984.tif,E:\LandSlide-Prediction\data\pre_event\png_256\LS_00984.png,
LS_00986,1,success,S2C_MSIL2A_20251003T050621_R076_T44NMP_20251003T090812,2.112417,0.0,2025-10-03,2025-09-01/2025-11-20,E:\LandSlide-Prediction\data\pre_event\native_tif\LS_00986.tif,E:\LandSlide-Prediction\data\pre_event\png_256\LS_00986.png,
LS_00988,1,success,S2C_MSIL2A_20251003T050621_R076_T44NMP_20251003T090812,2.112417,0.0,2025-10-03,2025-09-01/2025-11-20,E:\LandSlide-Prediction\data\pre_event\native_tif\LS_00988.tif,E:\LandSlide-Prediction\data\pre_event\png_256\LS_00988.png,
LS_00989,1,success,S2B_MSIL2A_20251031T045839_R119_T44NMP_20251031T072153,16.524501,22.36,2025-10-31,2025-09-01/2025-11-20,E:\LandSlide-Prediction\data\pre_event\native_tif\LS_00989.tif,E:\LandSlide-Prediction\data\pre_event\png_256\LS_00989.png,
LS_00991,1,success,S2B_MSIL2A_20251031T045839_R119_T44NMP_20251031T072153,16.524501,0.0,2025-10-31,2025-09-01/2025-11-20,E:\LandSlide-Prediction\data\pre_event\native_tif\LS_00991.tif,E:\LandSlide-Prediction\data\pre_event\png_256\LS_00991.png,
LS_00992,1,success,S2C_MSIL2A_20251003T050621_R076_T44NMP_20251003T090812,2.112417,0.0,2025-10-03,2025-09-01/2025-11-20,E:\LandSlide-Prediction\data\pre_event\native_tif\LS_00992.tif,E:\LandSlide-Prediction\data\pre_event\png_256\LS_00992.png,
LS_00994,1,success,S2B_MSIL2A_20251031T045839_R119_T44NMP_20251031T072153,16.524501,0.0,2025-10-31,2025-09-01/2025-11-20,E:\LandSlide-Prediction\data\pre_event\native_tif\LS_00994.tif,E:\LandSlide-Prediction\data\pre_event\png_256\LS_00994.png,
LS_00995,1,success,S2C_MSIL2A_20251003T050621_R076_T44NMP_20251003T090812,2.112417,0.0,2025-10-03,2025-09-01/2025-11-20,E:\LandSlide-Prediction\data\pre_event\native_tif\LS_00995.tif,E:\LandSlide-Prediction\data\pre_event\png_256\LS_00995.png,
LS_00997,1,success,S2B_MSIL2A_20251031T045839_R119_T44NMP_20251031T072153,16.524501,12.16,2025-10-31,2025-09-01/2025-11-20,E:\LandSlide-Prediction\data\pre_event\native_tif\LS_00997.tif,E:\LandSlide-Prediction\data\pre_event\png_256\LS_00997.png,
LS_00998,1,success,S2B_MSIL2A_20251120T050019_R119_T44NMP_20251120T072045,64.567739,1.93,2025-11-20,2025-09-01/2025-11-20,E:\LandSlide-Prediction\data\pre_event\native_tif\LS_00998.tif,E:\LandSlide-Prediction\data\pre_event\png_256\LS_00998.png,
LS_00999,1,success,S2B_MSIL2A_20251031T045839_R119_T44NMP_20251031T072153,16.524501,0.0,2025-10-31,2025-09-01/2025-11-20,E:\LandSlide-Prediction\data\pre_event\native_tif\LS_00999.tif,E:\LandSlide-Prediction\data\pre_event\png_256\LS_00999.png,
LS_01000,1,success,S2B_MSIL2A_20251031T045839_R119_T44NMP_20251031T072153,16.524501,0.0,2025-10-31,2025-09-01/2025-11-20,E:\LandSlide-Prediction\data\pre_event\native_tif\LS_01000.tif,E:\LandSlide-Prediction\data\pre_event\png_256\LS_01000.png,
LS_01001,1,success,S2B_MSIL2A_20251031T045839_R119_T44NMP_20251031T072153,16.524501,0.0,2025-10-31,2025-09-01/2025-11-20,E:\LandSlide-Prediction\data\pre_event\native_tif\LS_01001.tif,E:\LandSlide-Prediction\data\pre_event\png_256\LS_01001.png,
LS_01004,1,success,S2C_MSIL2A_20251006T045711_R119_T44NMP_20251006T093213,47.28899,1.56,2025-10-06,2025-09-01/2025-11-20,E:\LandSlide-Prediction\data\pre_event\native_tif\LS_01004.tif,E:\LandSlide-Prediction\data\pre_event\png_256\LS_01004.png,
LS_01006,1,success,S2C_MSIL2A_20251006T045711_R119_T44NMP_20251006T093213,47.28899,0.98,2025-10-06,2025-09-01/2025-11-20,E:\LandSlide-Prediction\data\pre_event\native_tif\LS_01006.tif,E:\LandSlide-Prediction\data\pre_event\png_256\LS_01006.png,
LS_01007,1,success,S2C_MSIL2A_20251006T045711_R119_T44NMP_20251006T093213,47.28899,4.22,2025-10-06,2025-09-01/2025-11-20,E:\LandSlide-Prediction\data\pre_event\native_tif\LS_01007.tif,E:\LandSlide-Prediction\data\pre_event\png_256\LS_01007.png,
LS_01009,1,success,S2C_MSIL2A_20251006T045711_R119_T44NMP_20251006T093213,47.28899,16.5,2025-10-06,2025-09-01/2025-11-20,E:\LandSlide-Prediction\data\pre_event\native_tif\LS_01009.tif,E:\LandSlide-Prediction\data\pre_event\png_256\LS_01009.png,
LS_01010,1,success,S2C_MSIL2A_20251006T045711_R119_T44NMP_20251006T093213,47.28899,0.0,2025-10-06,2025-09-01/2025-11-20,E:\LandSlide-Prediction\data\pre_event\native_tif\LS_01010.tif,E:\LandSlide-Prediction\data\pre_event\png_256\LS_01010.png,
LS_01012,1,success,S2A_MSIL2A_20250908T050231_R119_T44NMP_20250908T080413,40.256369,2.73,2025-09-08,2025-09-01/2025-11-20,E:\LandSlide-Prediction\data\pre_event\native_tif\LS_01012.tif,E:\LandSlide-Prediction\data\pre_event\png_256\LS_01012.png,
LS_01013,1,success,S2B_MSIL2A_20251031T045839_R119_T44NMP_20251031T072153,16.524501,5.15,2025-10-31,2025-09-01/2025-11-20,E:\LandSlide-Prediction\data\pre_event\native_tif\LS_01013.tif,E:\LandSlide-Prediction\data\pre_event\png_256\LS_01013.png,
LS_01014,1,success,S2B_MSIL2A_20251011T045659_R119_T44NMP_20251011T090705,62.988436,9.47,2025-10-11,2025-09-01/2025-11-20,E:\LandSlide-Prediction\data\pre_event\native_tif\LS_01014.tif,E:\LandSlide-Prediction\data\pre_event\png_256\LS_01014.png,
LS_01016,1,success,S2C_MSIL2A_20251006T045711_R119_T44NMP_20251006T093213,47.28899,0.0,2025-10-06,2025-09-01/2025-11-20,E:\LandSlide-Prediction\data\pre_event\native_tif\LS_01016.tif,E:\LandSlide-Prediction\data\pre_event\png_256\LS_01016.png,
LS_01017,1,success,S2A_MSIL2A_20250908T050231_R119_T44NMP_20250908T080413,40.256369,0.0,2025-09-08,2025-09-01/2025-11-20,E:\LandSlide-Prediction\data\pre_event\native_tif\LS_01017.tif,E:\LandSlide-Prediction\data\pre_event\png_256\LS_01017.png,
LS_01018,1,success,S2A_MSIL2A_20250908T050231_R119_T44NMP_20250908T080413,40.256369,22.51,2025-09-08,2025-09-01/2025-11-20,E:\LandSlide-Prediction\data\pre_event\native_tif\LS_01018.tif,E:\LandSlide-Prediction\data\pre_event\png_256\LS_01018.png,
LS_01019,1,success,S2B_MSIL2A_20251031T045839_R119_T44NMP_20251031T072153,16.524501,2.25,2025-10-31,2025-09-01/2025-11-20,E:\LandSlide-Prediction\data\pre_event\native_tif\LS_01019.tif,E:\LandSlide-Prediction\data\pre_event\png_256\LS_01019.png,
LS_01020,1,success,S2A_MSIL2A_20250908T050231_R119_T44NMP_20250908T080413,40.256369,3.81,2025-09-08,2025-09-01/2025-11-20,E:\LandSlide-Prediction\data\pre_event\native_tif\LS_01020.tif,E:\LandSlide-Prediction\data\pre_event\png_256\LS_01020.png,
LS_01022,1,success,S2A_MSIL2A_20250908T050231_R119_T44NMP_20250908T080413,40.256369,11.6,2025-09-08,2025-09-01/2025-11-20,E:\LandSlide-Prediction\data\pre_event\native_tif\LS_01022.tif,E:\LandSlide-Prediction\data\pre_event\png_256\LS_01022.png,
LS_01024,1,success,S2B_MSIL2A_20251031T045839_R119_T44NMP_20251031T072153,16.524501,0.0,2025-10-31,2025-09-01/2025-11-20,E:\LandSlide-Prediction\data\pre_event\native_tif\LS_01024.tif,E:\LandSlide-Prediction\data\pre_event\png_256\LS_01024.png,
LS_01025,1,success,S2A_MSIL2A_20250908T050231_R119_T44NMP_20250908T080413,40.256369,0.0,2025-09-08,2025-09-01/2025-11-20,E:\LandSlide-Prediction\data\pre_event\native_tif\LS_01025.tif,E:\LandSlide-Prediction\data\pre_event\png_256\LS_01025.png,
LS_01026,1,success,S2A_MSIL2A_20250908T050231_R119_T44NMP_20250908T080413,40.256369,0.0,2025-09-08,2025-09-01/2025-11-20,E:\LandSlide-Prediction\data\pre_event\native_tif\LS_01026.tif,E:\LandSlide-Prediction\data\pre_event\png_256\LS_01026.png,
LS_01027,1,success,S2B_MSIL2A_20251031T045839_R119_T44NMP_20251031T072153,16.524501,0.0,2025-10-31,2025-09-01/2025-11-20,E:\LandSlide-Prediction\data\pre_event\native_tif\LS_01027.tif,E:\LandSlide-Prediction\data\pre_event\png_256\LS_01027.png,
LS_01028,1,success,S2B_MSIL2A_20251031T045839_R119_T44NMP_20251031T072153,16.524501,0.0,2025-10-31,2025-09-01/2025-11-20,E:\LandSlide-Prediction\data\pre_event\native_tif\LS_01028.tif,E:\LandSlide-Prediction\data\pre_event\png_256\LS_01028.png,
LS_01029,1,success,S2B_MSIL2A_20251031T045839_R119_T44NMP_20251031T072153,16.524501,0.0,2025-10-31,2025-09-01/2025-11-20,E:\LandSlide-Prediction\data\pre_event\native_tif\LS_01029.tif,E:\LandSlide-Prediction\data\pre_event\png_256\LS_01029.png,
LS_01030,1,success,S2A_MSIL2A_20250908T050231_R119_T44NMP_20250908T080413,40.256369,0.0,2025-09-08,2025-09-01/2025-11-20,E:\LandSlide-Prediction\data\pre_event\native_tif\LS_01030.tif,E:\LandSlide-Prediction\data\pre_event\png_256\LS_01030.png,
LS_01031,1,success,S2B_MSIL2A_20251031T045839_R119_T44NMP_20251031T072153,16.524501,0.0,2025-10-31,2025-09-01/2025-11-20,E:\LandSlide-Prediction\data\pre_event\native_tif\LS_01031.tif,E:\LandSlide-Prediction\data\pre_event\png_256\LS_01031.png,
LS_01032,1,success,S2B_MSIL2A_20251031T045839_R119_T44NMP_20251031T072153,16.524501,0.0,2025-10-31,2025-09-01/2025-11-20,E:\LandSlide-Prediction\data\pre_event\native_tif\LS_01032.tif,E:\LandSlide-Prediction\data\pre_event\png_256\LS_01032.png,
LS_01033,1,success,S2B_MSIL2A_20251031T045839_R119_T44NMP_20251031T072153,16.524501,0.0,2025-10-31,2025-09-01/2025-11-20,E:\LandSlide-Prediction\data\pre_event\native_tif\LS_01033.tif,E:\LandSlide-Prediction\data\pre_event\png_256\LS_01033.png,
LS_01034,1,success,S2B_MSIL2A_20251031T045839_R119_T44NMP_20251031T072153,16.524501,0.0,2025-10-31,2025-09-01/2025-11-20,E:\LandSlide-Prediction\data\pre_event\native_tif\LS_01034.tif,E:\LandSlide-Prediction\data\pre_event\png_256\LS_01034.png,
LS_01036,1,success,S2B_MSIL2A_20251031T045839_R119_T44NMP_20251031T072153,16.524501,0.0,2025-10-31,2025-09-01/2025-11-20,E:\LandSlide-Prediction\data\pre_event\native_tif\LS_01036.tif,E:\LandSlide-Prediction\data\pre_event\png_256\LS_01036.png,
LS_01037,1,success,S2B_MSIL2A_20251031T045839_R119_T44NMP_20251031T072153,16.524501,0.0,2025-10-31,2025-09-01/2025-11-20,E:\LandSlide-Prediction\data\pre_event\native_tif\LS_01037.tif,E:\LandSlide-Prediction\data\pre_event\png_256\LS_01037.png,
LS_01040,1,success,S2B_MSIL2A_20251031T045839_R119_T44NMP_20251031T072153,16.524501,0.0,2025-10-31,2025-09-01/2025-11-20,E:\LandSlide-Prediction\data\pre_event\native_tif\LS_01040.tif,E:\LandSlide-Prediction\data\pre_event\png_256\LS_01040.png,
LS_01041,1,success,S2C_MSIL2A_20251003T050621_R076_T44NMP_20251003T090812,2.112417,0.0,2025-10-03,2025-09-01/2025-11-20,E:\LandSlide-Prediction\data\pre_event\native_tif\LS_01041.tif,E:\LandSlide-Prediction\data\pre_event\png_256\LS_01041.png,
LS_01042,1,success,S2C_MSIL2A_20251003T050621_R076_T44NMP_20251003T090812,2.112417,0.0,2025-10-03,2025-09-01/2025-11-20,E:\LandSlide-Prediction\data\pre_event\native_tif\LS_01042.tif,E:\LandSlide-Prediction\data\pre_event\png_256\LS_01042.png,
LS_01043,1,success,S2C_MSIL2A_20251003T050621_R076_T44NMP_20251003T090812,2.112417,0.0,2025-10-03,2025-09-01/2025-11-20,E:\LandSlide-Prediction\data\pre_event\native_tif\LS_01043.tif,E:\LandSlide-Prediction\data\pre_event\png_256\LS_01043.png,
LS_01045,1,success,S2C_MSIL2A_20251003T050621_R076_T44NMP_20251003T090812,2.112417,0.0,2025-10-03,2025-09-01/2025-11-20,E:\LandSlide-Prediction\data\pre_event\native_tif\LS_01045.tif,E:\LandSlide-Prediction\data\pre_event\png_256\LS_01045.png,
LS_01047,1,success,S2C_MSIL2A_20251003T050621_R076_T44NMP_20251003T090812,2.112417,0.0,2025-10-03,2025-09-01/2025-11-20,E:\LandSlide-Prediction\data\pre_event\native_tif\LS_01047.tif,E:\LandSlide-Prediction\data\pre_event\png_256\LS_01047.png,
LS_01048,1,success,S2C_MSIL2A_20251003T050621_R076_T44NMP_20251003T090812,2.112417,0.0,2025-10-03,2025-09-01/2025-11-20,E:\LandSlide-Prediction\data\pre_event\native_tif\LS_01048.tif,E:\LandSlide-Prediction\data\pre_event\png_256\LS_01048.png,
LS_01050,1,success,S2C_MSIL2A_20251003T050621_R076_T44NMP_20251003T090812,2.112417,0.0,2025-10-03,2025-09-01/2025-11-20,E:\LandSlide-Prediction\data\pre_event\native_tif\LS_01050.tif,E:\LandSlide-Prediction\data\pre_event\png_256\LS_01050.png,
LS_01052,1,success,S2C_MSIL2A_20251003T050621_R076_T44NMP_20251003T090812,2.112417,0.0,2025-10-03,2025-09-01/2025-11-20,E:\LandSlide-Prediction\data\pre_event\native_tif\LS_01052.tif,E:\LandSlide-Prediction\data\pre_event\png_256\LS_01052.png,
LS_01053,1,success,S2C_MSIL2A_20251003T050621_R076_T44NMP_20251003T090812,2.112417,0.0,2025-10-03,2025-09-01/2025-11-20,E:\LandSlide-Prediction\data\pre_event\native_tif\LS_01053.tif,E:\LandSlide-Prediction\data\pre_event\png_256\LS_01053.png,
LS_01054,1,success,S2C_MSIL2A_20251003T050621_R076_T44NMP_20251003T090812,2.112417,0.0,2025-10-03,2025-09-01/2025-11-20,E:\LandSlide-Prediction\data\pre_event\native_tif\LS_01054.tif,E:\LandSlide-Prediction\data\pre_event\png_256\LS_01054.png,
LS_01055,1,success,S2C_MSIL2A_20251003T050621_R076_T44NMP_20251003T090812,2.112417,0.0,2025-10-03,2025-09-01/2025-11-20,E:\LandSlide-Prediction\data\pre_event\native_tif\LS_01055.tif,E:\LandSlide-Prediction\data\pre_event\png_256\LS_01055.png,
LS_01056,1,success,S2C_MSIL2A_20251003T050621_R076_T44NMP_20251003T090812,2.112417,0.0,2025-10-03,2025-09-01/2025-11-20,E:\LandSlide-Prediction\data\pre_event\native_tif\LS_01056.tif,E:\LandSlide-Prediction\data\pre_event\png_256\LS_01056.png,
LS_01058,1,success,S2C_MSIL2A_20251003T050621_R076_T44NMP_20251003T090812,2.112417,0.0,2025-10-03,2025-09-01/2025-11-20,E:\LandSlide-Prediction\data\pre_event\native_tif\LS_01058.tif,E:\LandSlide-Prediction\data\pre_event\png_256\LS_01058.png,
LS_01060,1,success,S2C_MSIL2A_20251003T050621_R076_T44NMP_20251003T090812,2.112417,0.0,2025-10-03,2025-09-01/2025-11-20,E:\LandSlide-Prediction\data\pre_event\native_tif\LS_01060.tif,E:\LandSlide-Prediction\data\pre_event\png_256\LS_01060.png,
LS_01062,1,success,S2C_MSIL2A_20251003T050621_R076_T44NMP_20251003T090812,2.112417,0.0,2025-10-03,2025-09-01/2025-11-20,E:\LandSlide-Prediction\data\pre_event\native_tif\LS_01062.tif,E:\LandSlide-Prediction\data\pre_event\png_256\LS_01062.png,
LS_01063,1,success,S2C_MSIL2A_20250728T045721_R119_T44NMP_20250728T095413,9.404943,0.0,2025-07-28,2025-06-01/2025-08-31,E:\LandSlide-Prediction\data\pre_event\native_tif\LS_01063.tif,E:\LandSlide-Prediction\data\pre_event\png_256\LS_01063.png,
LS_01064,1,success,S2C_MSIL2A_20251003T050621_R076_T44NMP_20251003T090812,2.112417,13.04,2025-10-03,2025-09-01/2025-11-20,E:\LandSlide-Prediction\data\pre_event\native_tif\LS_01064.tif,E:\LandSlide-Prediction\data\pre_event\png_256\LS_01064.png,
LS_01066,1,success,S2C_MSIL2A_20251003T050621_R076_T44NMP_20251003T090812,2.112417,0.0,2025-10-03,2025-09-01/2025-11-20,E:\LandSlide-Prediction\data\pre_event\native_tif\LS_01066.tif,E:\LandSlide-Prediction\data\pre_event\png_256\LS_01066.png,
LS_01067,1,success,S2C_MSIL2A_20251003T050621_R076_T44NMP_20251003T090812,2.112417,0.0,2025-10-03,2025-09-01/2025-11-20,E:\LandSlide-Prediction\data\pre_event\native_tif\LS_01067.tif,E:\LandSlide-Prediction\data\pre_event\png_256\LS_01067.png,
LS_01068,1,success,S2C_MSIL2A_20251003T050621_R076_T44NMP_20251003T090812,2.112417,0.0,2025-10-03,2025-09-01/2025-11-20,E:\LandSlide-Prediction\data\pre_event\native_tif\LS_01068.tif,E:\LandSlide-Prediction\data\pre_event\png_256\LS_01068.png,
LS_01070,1,success,S2C_MSIL2A_20251003T050621_R076_T44NMP_20251003T090812,2.112417,0.0,2025-10-03,2025-09-01/2025-11-20,E:\LandSlide-Prediction\data\pre_event\native_tif\LS_01070.tif,E:\LandSlide-Prediction\data\pre_event\png_256\LS_01070.png,
LS_01071,1,success,S2C_MSIL2A_20251003T050621_R076_T44NMP_20251003T090812,2.112417,0.0,2025-10-03,2025-09-01/2025-11-20,E:\LandSlide-Prediction\data\pre_event\native_tif\LS_01071.tif,E:\LandSlide-Prediction\data\pre_event\png_256\LS_01071.png,
LS_01073,1,success,S2C_MSIL2A_20251003T050621_R076_T44NMP_20251003T090812,2.112417,0.0,2025-10-03,2025-09-01/2025-11-20,E:\LandSlide-Prediction\data\pre_event\native_tif\LS_01073.tif,E:\LandSlide-Prediction\data\pre_event\png_256\LS_01073.png,
LS_01074,1,success,S2C_MSIL2A_20251003T050621_R076_T44NMP_20251003T090812,2.112417,0.0,2025-10-03,2025-09-01/2025-11-20,E:\LandSlide-Prediction\data\pre_event\native_tif\LS_01074.tif,E:\LandSlide-Prediction\data\pre_event\png_256\LS_01074.png,
LS_01075,1,success,S2C_MSIL2A_20251003T050621_R076_T44NMP_20251003T090812,2.112417,0.0,2025-10-03,2025-09-01/2025-11-20,E:\LandSlide-Prediction\data\pre_event\native_tif\LS_01075.tif,E:\LandSlide-Prediction\data\pre_event\png_256\LS_01075.png,
LS_01076,1,success,S2C_MSIL2A_20251003T050621_R076_T44NMP_20251003T090812,2.112417,0.0,2025-10-03,2025-09-01/2025-11-20,E:\LandSlide-Prediction\data\pre_event\native_tif\LS_01076.tif,E:\LandSlide-Prediction\data\pre_event\png_256\LS_01076.png,
LS_01077,1,success,S2C_MSIL2A_20251003T050621_R076_T44NMP_20251003T090812,2.112417,0.0,2025-10-03,2025-09-01/2025-11-20,E:\LandSlide-Prediction\data\pre_event\native_tif\LS_01077.tif,E:\LandSlide-Prediction\data\pre_event\png_256\LS_01077.png,
LS_01079,1,success,S2C_MSIL2A_20251003T050621_R076_T44NMP_20251003T090812,2.112417,0.0,2025-10-03,2025-09-01/2025-11-20,E:\LandSlide-Prediction\data\pre_event\native_tif\LS_01079.tif,E:\LandSlide-Prediction\data\pre_event\png_256\LS_01079.png,
LS_01080,1,success,S2C_MSIL2A_20251003T050621_R076_T44NMP_20251003T090812,2.112417,0.0,2025-10-03,2025-09-01/2025-11-20,E:\LandSlide-Prediction\data\pre_event\native_tif\LS_01080.tif,E:\LandSlide-Prediction\data\pre_event\png_256\LS_01080.png,
LS_01082,1,success,S2C_MSIL2A_20251003T050621_R076_T44NMP_20251003T090812,2.112417,0.0,2025-10-03,2025-09-01/2025-11-20,E:\LandSlide-Prediction\data\pre_event\native_tif\LS_01082.tif,E:\LandSlide-Prediction\data\pre_event\png_256\LS_01082.png,
LS_01083,1,success,S2C_MSIL2A_20251003T050621_R076_T44NMP_20251003T090812,2.112417,0.0,2025-10-03,2025-09-01/2025-11-20,E:\LandSlide-Prediction\data\pre_event\native_tif\LS_01083.tif,E:\LandSlide-Prediction\data\pre_event\png_256\LS_01083.png,
LS_01086,1,success,S2C_MSIL2A_20251003T050621_R076_T44NMP_20251003T090812,2.112417,0.0,2025-10-03,2025-09-01/2025-11-20,E:\LandSlide-Prediction\data\pre_event\native_tif\LS_01086.tif,E:\LandSlide-Prediction\data\pre_event\png_256\LS_01086.png,
LS_01087,1,success,S2C_MSIL2A_20251003T050621_R076_T44NMP_20251003T090812,2.112417,0.0,2025-10-03,2025-09-01/2025-11-20,E:\LandSlide-Prediction\data\pre_event\native_tif\LS_01087.tif,E:\LandSlide-Prediction\data\pre_event\png_256\LS_01087.png,
LS_01089,1,success,S2C_MSIL2A_20251003T050621_R076_T44NMP_20251003T090812,2.112417,0.0,2025-10-03,2025-09-01/2025-11-20,E:\LandSlide-Prediction\data\pre_event\native_tif\LS_01089.tif,E:\LandSlide-Prediction\data\pre_event\png_256\LS_01089.png,
LS_01090,1,success,S2B_MSIL2A_20251011T045659_R119_T44NMP_20251011T090705,62.988436,14.28,2025-10-11,2025-09-01/2025-11-20,E:\LandSlide-Prediction\data\pre_event\native_tif\LS_01090.tif,E:\LandSlide-Prediction\data\pre_event\png_256\LS_01090.png,
LS_01091,1,success,S2C_MSIL2A_20251003T050621_R076_T44NMP_20251003T090812,2.112417,0.0,2025-10-03,2025-09-01/2025-11-20,E:\LandSlide-Prediction\data\pre_event\native_tif\LS_01091.tif,E:\LandSlide-Prediction\data\pre_event\png_256\LS_01091.png,
LS_01092,1,success,S2B_MSIL2A_20251120T050019_R119_T44NMP_20251120T072045,64.567739,0.15,2025-11-20,2025-09-01/2025-11-20,E:\LandSlide-Prediction\data\pre_event\native_tif\LS_01092.tif,E:\LandSlide-Prediction\data\pre_event\png_256\LS_01092.png,
LS_01093,1,success,S2C_MSIL2A_20251006T045711_R119_T44NMP_20251006T093213,47.28899,9.28,2025-10-06,2025-09-01/2025-11-20,E:\LandSlide-Prediction\data\pre_event\native_tif\LS_01093.tif,E:\LandSlide-Prediction\data\pre_event\png_256\LS_01093.png,
LS_01095,1,success,S2C_MSIL2A_20251006T045711_R119_T44NMP_20251006T093213,47.28899,11.13,2025-10-06,2025-09-01/2025-11-20,E:\LandSlide-Prediction\data\pre_event\native_tif\LS_01095.tif,E:\LandSlide-Prediction\data\pre_event\png_256\LS_01095.png,
LS_01096,1,success,S2B_MSIL2A_20251120T050019_R119_T44NMP_20251120T072045,64.567739,0.2,2025-11-20,2025-09-01/2025-11-20,E:\LandSlide-Prediction\data\pre_event\native_tif\LS_01096.tif,E:\LandSlide-Prediction\data\pre_event\png_256\LS_01096.png,
LS_01098,1,success,S2B_MSIL2A_20251120T050019_R119_T44NMP_20251120T072045,64.567739,0.0,2025-11-20,2025-09-01/2025-11-20,E:\LandSlide-Prediction\data\pre_event\native_tif\LS_01098.tif,E:\LandSlide-Prediction\data\pre_event\png_256\LS_01098.png,
LS_01101,1,success,S2C_MSIL2A_20251006T045711_R119_T44NMP_20251006T093213,47.28899,17.09,2025-10-06,2025-09-01/2025-11-20,E:\LandSlide-Prediction\data\pre_event\native_tif\LS_01101.tif,E:\LandSlide-Prediction\data\pre_event\png_256\LS_01101.png,
LS_01102,1,success,S2B_MSIL2A_20251120T050019_R119_T44NMP_20251120T072045,64.567739,10.35,2025-11-20,2025-09-01/2025-11-20,E:\LandSlide-Prediction\data\pre_event\native_tif\LS_01102.tif,E:\LandSlide-Prediction\data\pre_event\png_256\LS_01102.png,
LS_01103,1,success,S2C_MSIL2A_20251006T045711_R119_T44NMP_20251006T093213,47.28899,24.76,2025-10-06,2025-09-01/2025-11-20,E:\LandSlide-Prediction\data\pre_event\native_tif\LS_01103.tif,E:\LandSlide-Prediction\data\pre_event\png_256\LS_01103.png,
LS_01106,1,success,S2A_MSIL2A_20250730T050241_R119_T44NMP_20250730T081115,10.341509,0.0,2025-07-30,2025-06-01/2025-08-31,E:\LandSlide-Prediction\data\pre_event\native_tif\LS_01106.tif,E:\LandSlide-Prediction\data\pre_event\png_256\LS_01106.png,
LS_01108,1,success,S2C_MSIL2A_20251006T045711_R119_T44NMP_20251006T093213,47.28899,8.45,2025-10-06,2025-09-01/2025-11-20,E:\LandSlide-Prediction\data\pre_event\native_tif\LS_01108.tif,E:\LandSlide-Prediction\data\pre_event\png_256\LS_01108.png,
LS_01109,1,success,S2C_MSIL2A_20251006T045711_R119_T44NMP_20251006T093213,47.28899,19.34,2025-10-06,2025-09-01/2025-11-20,E:\LandSlide-Prediction\data\pre_event\native_tif\LS_01109.tif,E:\LandSlide-Prediction\data\pre_event\png_256\LS_01109.png,
LS_01110,1,success,S2C_MSIL2A_20251006T045711_R119_T44NMP_20251006T093213,47.28899,9.47,2025-10-06,2025-09-01/2025-11-20,E:\LandSlide-Prediction\data\pre_event\native_tif\LS_01110.tif,E:\LandSlide-Prediction\data\pre_event\png_256\LS_01110.png,
LS_01111,1,success,S2A_MSIL2A_20250730T050241_R119_T44NMP_20250730T081115,10.341509,0.0,2025-07-30,2025-06-01/2025-08-31,E:\LandSlide-Prediction\data\pre_event\native_tif\LS_01111.tif,E:\LandSlide-Prediction\data\pre_event\png_256\LS_01111.png,
LS_01112,1,success,S2B_MSIL2A_20250911T045659_R119_T44NMP_20250911T084431,52.030182,0.0,2025-09-11,2025-09-01/2025-11-20,E:\LandSlide-Prediction\data\pre_event\native_tif\LS_01112.tif,E:\LandSlide-Prediction\data\pre_event\png_256\LS_01112.png,
LS_01114,1,success,S2B_MSIL2A_20250911T045659_R119_T44NMP_20250911T084431,52.030182,0.05,2025-09-11,2025-09-01/2025-11-20,E:\LandSlide-Prediction\data\pre_event\native_tif\LS_01114.tif,E:\LandSlide-Prediction\data\pre_event\png_256\LS_01114.png,
LS_01115,1,success,S2C_MSIL2A_20251006T045711_R119_T44NMP_20251006T093213,47.28899,7.91,2025-10-06,2025-09-01/2025-11-20,E:\LandSlide-Prediction\data\pre_event\native_tif\LS_01115.tif,E:\LandSlide-Prediction\data\pre_event\png_256\LS_01115.png,
LS_01116,1,success,S2C_MSIL2A_20250728T045721_R119_T44NMP_20250728T095413,9.404943,0.0,2025-07-28,2025-06-01/2025-08-31,E:\LandSlide-Prediction\data\pre_event\native_tif\LS_01116.tif,E:\LandSlide-Prediction\data\pre_event\png_256\LS_01116.png,
LS_01117,1,success,S2A_MSIL2A_20250908T050231_R119_T44NMP_20250908T080413,40.256369,0.0,2025-09-08,2025-09-01/2025-11-20,E:\LandSlide-Prediction\data\pre_event\native_tif\LS_01117.tif,E:\LandSlide-Prediction\data\pre_event\png_256\LS_01117.png,
LS_01118,1,success,S2A_MSIL2A_20250908T050231_R119_T44NMP_20250908T080413,40.256369,1.51,2025-09-08,2025-09-01/2025-11-20,E:\LandSlide-Prediction\data\pre_event\native_tif\LS_01118.tif,E:\LandSlide-Prediction\data\pre_event\png_256\LS_01118.png,
LS_01119,1,success,S2A_MSIL2A_20250908T050231_R119_T44NMP_20250908T080413,40.256369,0.0,2025-09-08,2025-09-01/2025-11-20,E:\LandSlide-Prediction\data\pre_event\native_tif\LS_01119.tif,E:\LandSlide-Prediction\data\pre_event\png_256\LS_01119.png,
LS_01120,1,success,S2A_MSIL2A_20250908T050231_R119_T44NMP_20250908T080413,40.256369,17.19,2025-09-08,2025-09-01/2025-11-20,E:\LandSlide-Prediction\data\pre_event\native_tif\LS_01120.tif,E:\LandSlide-Prediction\data\pre_event\png_256\LS_01120.png,
LS_01121,1,success,S2B_MSIL2A_20251031T045839_R119_T44NMP_20251031T072153,16.524501,0.0,2025-10-31,2025-09-01/2025-11-20,E:\LandSlide-Prediction\data\pre_event\native_tif\LS_01121.tif,E:\LandSlide-Prediction\data\pre_event\png_256\LS_01121.png,
LS_01122,1,success,S2B_MSIL2A_20251031T045839_R119_T44NMP_20251031T072153,16.524501,0.0,2025-10-31,2025-09-01/2025-11-20,E:\LandSlide-Prediction\data\pre_event\native_tif\LS_01122.tif,E:\LandSlide-Prediction\data\pre_event\png_256\LS_01122.png,
LS_01124,1,success,S2B_MSIL2A_20251031T045839_R119_T44NMP_20251031T072153,16.524501,0.0,2025-10-31,2025-09-01/2025-11-20,E:\LandSlide-Prediction\data\pre_event\native_tif\LS_01124.tif,E:\LandSlide-Prediction\data\pre_event\png_256\LS_01124.png,
LS_01125,1,success,S2B_MSIL2A_20251031T045839_R119_T44NMP_20251031T072153,16.524501,0.0,2025-10-31,2025-09-01/2025-11-20,E:\LandSlide-Prediction\data\pre_event\native_tif\LS_01125.tif,E:\LandSlide-Prediction\data\pre_event\png_256\LS_01125.png,
LS_01126,1,success,S2B_MSIL2A_20251031T045839_R119_T44NMP_20251031T072153,16.524501,0.29,2025-10-31,2025-09-01/2025-11-20,E:\LandSlide-Prediction\data\pre_event\native_tif\LS_01126.tif,E:\LandSlide-Prediction\data\pre_event\png_256\LS_01126.png,
LS_01127,1,success,S2B_MSIL2A_20251031T045839_R119_T44NMP_20251031T072153,16.524501,0.0,2025-10-31,2025-09-01/2025-11-20,E:\LandSlide-Prediction\data\pre_event\native_tif\LS_01127.tif,E:\LandSlide-Prediction\data\pre_event\png_256\LS_01127.png,
LS_01128,1,success,S2B_MSIL2A_20251031T045839_R119_T44NMP_20251031T072153,16.524501,0.0,2025-10-31,2025-09-01/2025-11-20,E:\LandSlide-Prediction\data\pre_event\native_tif\LS_01128.tif,E:\LandSlide-Prediction\data\pre_event\png_256\LS_01128.png,
LS_01129,1,success,S2B_MSIL2A_20251031T045839_R119_T44NLN_20251031T072153,5.151897,0.0,2025-10-31,2025-09-01/2025-11-20,E:\LandSlide-Prediction\data\pre_event\native_tif\LS_01129.tif,E:\LandSlide-Prediction\data\pre_event\png_256\LS_01129.png,
LS_01130,1,success,S2C_MSIL2A_20251003T050621_R076_T44NMN_20251003T090812,8.674505,0.0,2025-10-03,2025-09-01/2025-11-20,E:\LandSlide-Prediction\data\pre_event\native_tif\LS_01130.tif,E:\LandSlide-Prediction\data\pre_event\png_256\LS_01130.png,
LS_01131,1,success,S2B_MSIL2A_20251031T045839_R119_T44NMN_20251031T072153,14.801013,11.62,2025-10-31,2025-09-01/2025-11-20,E:\LandSlide-Prediction\data\pre_event\native_tif\LS_01131.tif,E:\LandSlide-Prediction\data\pre_event\png_256\LS_01131.png,
LS_01132,1,success,S2B_MSIL2A_20251031T045839_R119_T44NMN_20251031T072153,14.801013,0.0,2025-10-31,2025-09-01/2025-11-20,E:\LandSlide-Prediction\data\pre_event\native_tif\LS_01132.tif,E:\LandSlide-Prediction\data\pre_event\png_256\LS_01132.png,
LS_01133,1,success,S2B_MSIL2A_20251031T045839_R119_T44NMN_20251031T072153,14.801013,0.0,2025-10-31,2025-09-01/2025-11-20,E:\LandSlide-Prediction\data\pre_event\native_tif\LS_01133.tif,E:\LandSlide-Prediction\data\pre_event\png_256\LS_01133.png,
LS_01134,1,success,S2B_MSIL2A_20251031T045839_R119_T44NMN_20251031T072153,14.801013,0.0,2025-10-31,2025-09-01/2025-11-20,E:\LandSlide-Prediction\data\pre_event\native_tif\LS_01134.tif,E:\LandSlide-Prediction\data\pre_event\png_256\LS_01134.png,
LS_01135,1,success,S2B_MSIL2A_20251031T045839_R119_T44NMN_20251031T072153,14.801013,0.0,2025-10-31,2025-09-01/2025-11-20,E:\LandSlide-Prediction\data\pre_event\native_tif\LS_01135.tif,E:\LandSlide-Prediction\data\pre_event\png_256\LS_01135.png,
LS_01136,1,success,S2A_MSIL2A_20250908T050231_R119_T44NLN_20250908T080413,30.09313,21.19,2025-09-08,2025-09-01/2025-11-20,E:\LandSlide-Prediction\data\pre_event\native_tif\LS_01136.tif,E:\LandSlide-Prediction\data\pre_event\png_256\LS_01136.png,
LS_01137,1,success,S2B_MSIL2A_20251031T045839_R119_T44NLN_20251031T072153,5.151897,0.0,2025-10-31,2025-09-01/2025-11-20,E:\LandSlide-Prediction\data\pre_event\native_tif\LS_01137.tif,E:\LandSlide-Prediction\data\pre_event\png_256\LS_01137.png,
LS_01138,1,success,S2B_MSIL2A_20251031T045839_R119_T44NLN_20251031T072153,5.151897,0.0,2025-10-31,2025-09-01/2025-11-20,E:\LandSlide-Prediction\data\pre_event\native_tif\LS_01138.tif,E:\LandSlide-Prediction\data\pre_event\png_256\LS_01138.png,
LS_01139,1,success,S2B_MSIL2A_20251031T045839_R119_T44NMN_20251031T072153,14.801013,0.0,2025-10-31,2025-09-01/2025-11-20,E:\LandSlide-Prediction\data\pre_event\native_tif\LS_01139.tif,E:\LandSlide-Prediction\data\pre_event\png_256\LS_01139.png,
LS_01140,1,success,S2B_MSIL2A_20251031T045839_R119_T44NMN_20251031T072153,14.801013,0.0,2025-10-31,2025-09-01/2025-11-20,E:\LandSlide-Prediction\data\pre_event\native_tif\LS_01140.tif,E:\LandSlide-Prediction\data\pre_event\png_256\LS_01140.png,
LS_01141,1,success,S2B_MSIL2A_20251031T045839_R119_T44NMN_20251031T072153,14.801013,0.0,2025-10-31,2025-09-01/2025-11-20,E:\LandSlide-Prediction\data\pre_event\native_tif\LS_01141.tif,E:\LandSlide-Prediction\data\pre_event\png_256\LS_01141.png,
LS_01142,1,success,S2B_MSIL2A_20251031T045839_R119_T44NMN_20251031T072153,14.801013,0.0,2025-10-31,2025-09-01/2025-11-20,E:\LandSlide-Prediction\data\pre_event\native_tif\LS_01142.tif,E:\LandSlide-Prediction\data\pre_event\png_256\LS_01142.png,
LS_01143,1,success,S2B_MSIL2A_20251031T045839_R119_T44NMN_20251031T072153,14.801013,0.0,2025-10-31,2025-09-01/2025-11-20,E:\LandSlide-Prediction\data\pre_event\native_tif\LS_01143.tif,E:\LandSlide-Prediction\data\pre_event\png_256\LS_01143.png,
LS_01144,1,success,S2B_MSIL2A_20251031T045839_R119_T44NMN_20251031T072153,14.801013,0.0,2025-10-31,2025-09-01/2025-11-20,E:\LandSlide-Prediction\data\pre_event\native_tif\LS_01144.tif,E:\LandSlide-Prediction\data\pre_event\png_256\LS_01144.png,
LS_01145,1,success,S2C_MSIL2A_20251003T050621_R076_T44NMN_20251003T090812,8.674505,0.0,2025-10-03,2025-09-01/2025-11-20,E:\LandSlide-Prediction\data\pre_event\native_tif\LS_01145.tif,E:\LandSlide-Prediction\data\pre_event\png_256\LS_01145.png,
LS_01147,1,success,S2C_MSIL2A_20251003T050621_R076_T44NMN_20251003T090812,8.674505,0.0,2025-10-03,2025-09-01/2025-11-20,E:\LandSlide-Prediction\data\pre_event\native_tif\LS_01147.tif,E:\LandSlide-Prediction\data\pre_event\png_256\LS_01147.png,
LS_01149,1,success,S2C_MSIL2A_20251003T050621_R076_T44NMN_20251003T090812,8.674505,0.0,2025-10-03,2025-09-01/2025-11-20,E:\LandSlide-Prediction\data\pre_event\native_tif\LS_01149.tif,E:\LandSlide-Prediction\data\pre_event\png_256\LS_01149.png,
LS_01151,1,success,S2C_MSIL2A_20251003T050621_R076_T44NMN_20251003T090812,8.674505,0.0,2025-10-03,2025-09-01/2025-11-20,E:\LandSlide-Prediction\data\pre_event\native_tif\LS_01151.tif,E:\LandSlide-Prediction\data\pre_event\png_256\LS_01151.png,
LS_01153,1,success,S2C_MSIL2A_20251003T050621_R076_T44NMN_20251003T090812,8.674505,0.0,2025-10-03,2025-09-01/2025-11-20,E:\LandSlide-Prediction\data\pre_event\native_tif\LS_01153.tif,E:\LandSlide-Prediction\data\pre_event\png_256\LS_01153.png,
LS_01155,1,success,S2C_MSIL2A_20251003T050621_R076_T44NMN_20251003T090812,8.674505,0.0,2025-10-03,2025-09-01/2025-11-20,E:\LandSlide-Prediction\data\pre_event\native_tif\LS_01155.tif,E:\LandSlide-Prediction\data\pre_event\png_256\LS_01155.png,
LS_01156,1,success,S2C_MSIL2A_20251003T050621_R076_T44NMN_20251003T090812,8.674505,0.0,2025-10-03,2025-09-01/2025-11-20,E:\LandSlide-Prediction\data\pre_event\native_tif\LS_01156.tif,E:\LandSlide-Prediction\data\pre_event\png_256\LS_01156.png,
LS_01160,1,success,S2C_MSIL2A_20251003T050621_R076_T44NMN_20251003T090812,8.674505,0.0,2025-10-03,2025-09-01/2025-11-20,E:\LandSlide-Prediction\data\pre_event\native_tif\LS_01160.tif,E:\LandSlide-Prediction\data\pre_event\png_256\LS_01160.png,
LS_01164,1,success,S2C_MSIL2A_20251003T050621_R076_T44NMN_20251003T090812,8.674505,0.0,2025-10-03,2025-09-01/2025-11-20,E:\LandSlide-Prediction\data\pre_event\native_tif\LS_01164.tif,E:\LandSlide-Prediction\data\pre_event\png_256\LS_01164.png,
LS_01166,1,success,S2C_MSIL2A_20251003T050621_R076_T44NMN_20251003T090812,8.674505,0.0,2025-10-03,2025-09-01/2025-11-20,E:\LandSlide-Prediction\data\pre_event\native_tif\LS_01166.tif,E:\LandSlide-Prediction\data\pre_event\png_256\LS_01166.png,
LS_01170,1,success,S2C_MSIL2A_20251003T050621_R076_T44NMN_20251003T090812,8.674505,0.0,2025-10-03,2025-09-01/2025-11-20,E:\LandSlide-Prediction\data\pre_event\native_tif\LS_01170.tif,E:\LandSlide-Prediction\data\pre_event\png_256\LS_01170.png,
LS_01173,1,success,S2C_MSIL2A_20251003T050621_R076_T44NMN_20251003T090812,8.674505,0.0,2025-10-03,2025-09-01/2025-11-20,E:\LandSlide-Prediction\data\pre_event\native_tif\LS_01173.tif,E:\LandSlide-Prediction\data\pre_event\png_256\LS_01173.png,
LS_01174,1,success,S2C_MSIL2A_20251003T050621_R076_T44NMN_20251003T090812,8.674505,0.0,2025-10-03,2025-09-01/2025-11-20,E:\LandSlide-Prediction\data\pre_event\native_tif\LS_01174.tif,E:\LandSlide-Prediction\data\pre_event\png_256\LS_01174.png,
LS_01175,1,success,S2C_MSIL2A_20251003T050621_R076_T44NMN_20251003T090812,8.674505,0.0,2025-10-03,2025-09-01/2025-11-20,E:\LandSlide-Prediction\data\pre_event\native_tif\LS_01175.tif,E:\LandSlide-Prediction\data\pre_event\png_256\LS_01175.png,
LS_01176,1,success,S2C_MSIL2A_20251003T050621_R076_T44NMN_20251003T090812,8.674505,0.0,2025-10-03,2025-09-01/2025-11-20,E:\LandSlide-Prediction\data\pre_event\native_tif\LS_01176.tif,E:\LandSlide-Prediction\data\pre_event\png_256\LS_01176.png,
LS_01177,1,success,S2C_MSIL2A_20251003T050621_R076_T44NMN_20251003T090812,8.674505,0.0,2025-10-03,2025-09-01/2025-11-20,E:\LandSlide-Prediction\data\pre_event\native_tif\LS_01177.tif,E:\LandSlide-Prediction\data\pre_event\png_256\LS_01177.png,
LS_01178,1,success,S2A_MSIL2A_20250730T050241_R119_T44NMN_20250730T081115,46.099904,0.0,2025-07-30,2025-06-01/2025-08-31,E:\LandSlide-Prediction\data\pre_event\native_tif\LS_01178.tif,E:\LandSlide-Prediction\data\pre_event\png_256\LS_01178.png,
LS_01180,1,success,S2B_MSIL2A_20251031T045839_R119_T44NMN_20251031T072153,14.801013,0.0,2025-10-31,2025-09-01/2025-11-20,E:\LandSlide-Prediction\data\pre_event\native_tif\LS_01180.tif,E:\LandSlide-Prediction\data\pre_event\png_256\LS_01180.png,
LS_01182,1,success,S2B_MSIL2A_20251031T045839_R119_T44NMN_20251031T072153,14.801013,0.0,2025-10-31,2025-09-01/2025-11-20,E:\LandSlide-Prediction\data\pre_event\native_tif\LS_01182.tif,E:\LandSlide-Prediction\data\pre_event\png_256\LS_01182.png,
LS_01183,1,success,S2B_MSIL2A_20251031T045839_R119_T44NMN_20251031T072153,14.801013,0.0,2025-10-31,2025-09-01/2025-11-20,E:\LandSlide-Prediction\data\pre_event\native_tif\LS_01183.tif,E:\LandSlide-Prediction\data\pre_event\png_256\LS_01183.png,
LS_01184,1,success,S2B_MSIL2A_20251031T045839_R119_T44NMN_20251031T072153,14.801013,0.0,2025-10-31,2025-09-01/2025-11-20,E:\LandSlide-Prediction\data\pre_event\native_tif\LS_01184.tif,E:\LandSlide-Prediction\data\pre_event\png_256\LS_01184.png,
LS_01186,1,success,S2B_MSIL2A_20251031T045839_R119_T44NMN_20251031T072153,14.801013,0.0,2025-10-31,2025-09-01/2025-11-20,E:\LandSlide-Prediction\data\pre_event\native_tif\LS_01186.tif,E:\LandSlide-Prediction\data\pre_event\png_256\LS_01186.png,
LS_01187,1,success,S2B_MSIL2A_20251031T045839_R119_T44NLN_20251031T072153,5.151897,0.0,2025-10-31,2025-09-01/2025-11-20,E:\LandSlide-Prediction\data\pre_event\native_tif\LS_01187.tif,E:\LandSlide-Prediction\data\pre_event\png_256\LS_01187.png,
LS_01188,1,success,S2C_MSIL2A_20251006T045711_R119_T44NMN_20251006T093213,48.839059,2.25,2025-10-06,2025-09-01/2025-11-20,E:\LandSlide-Prediction\data\pre_event\native_tif\LS_01188.tif,E:\LandSlide-Prediction\data\pre_event\png_256\LS_01188.png,
LS_01189,1,success,S2A_MSIL2A_20250730T050241_R119_T44NMN_20250730T081115,46.099904,9.62,2025-07-30,2025-06-01/2025-08-31,E:\LandSlide-Prediction\data\pre_event\native_tif\LS_01189.tif,E:\LandSlide-Prediction\data\pre_event\png_256\LS_01189.png,
LS_01190,1,success,S2A_MSIL2A_20250730T050241_R119_T44NMN_20250730T081115,46.099904,6.49,2025-07-30,2025-06-01/2025-08-31,E:\LandSlide-Prediction\data\pre_event\native_tif\LS_01190.tif,E:\LandSlide-Prediction\data\pre_event\png_256\LS_01190.png,
LS_01191,1,success,S2B_MSIL2A_20251120T050019_R119_T44NMN_20251120T072045,63.49647,12.65,2025-11-20,2025-09-01/2025-11-20,E:\LandSlide-Prediction\data\pre_event\native_tif\LS_01191.tif,E:\LandSlide-Prediction\data\pre_event\png_256\LS_01191.png,
LS_01192,1,success,S2B_MSIL2A_20251110T045929_R119_T44NMN_20251110T083118,59.061468,23.14,2025-11-10,2025-09-01/2025-11-20,E:\LandSlide-Prediction\data\pre_event\native_tif\LS_01192.tif,E:\LandSlide-Prediction\data\pre_event\png_256\LS_01192.png,
LS_01193,1,success,S2B_MSIL2A_20251001T045659_R119_T44NMN_20251001T082912,44.625133,10.21,2025-10-01,2025-09-01/2025-11-20,E:\LandSlide-Prediction\data\pre_event\native_tif\LS_01193.tif,E:\LandSlide-Prediction\data\pre_event\png_256\LS_01193.png,
LS_01194,1,success,S2A_MSIL2A_20250710T050241_R119_T44NMN_20250710T075813,40.37216,7.91,2025-07-10,2025-06-01/2025-08-31,E:\LandSlide-Prediction\data\pre_event\native_tif\LS_01194.tif,E:\LandSlide-Prediction\data\pre_event\png_256\LS_01194.png,
LS_01195,1,success,S2B_MSIL2A_20251031T045839_R119_T44NMN_20251031T072153,14.801013,0.0,2025-10-31,2025-09-01/2025-11-20,E:\LandSlide-Prediction\data\pre_event\native_tif\LS_01195.tif,E:\LandSlide-Prediction\data\pre_event\png_256\LS_01195.png,
LS_01196,1,success,S2B_MSIL2A_20251031T045839_R119_T44NMN_20251031T072153,14.801013,0.0,2025-10-31,2025-09-01/2025-11-20,E:\LandSlide-Prediction\data\pre_event\native_tif\LS_01196.tif,E:\LandSlide-Prediction\data\pre_event\png_256\LS_01196.png,
LS_01197,1,success,S2B_MSIL2A_20251031T045839_R119_T44NMN_20251031T072153,14.801013,0.0,2025-10-31,2025-09-01/2025-11-20,E:\LandSlide-Prediction\data\pre_event\native_tif\LS_01197.tif,E:\LandSlide-Prediction\data\pre_event\png_256\LS_01197.png,
LS_01199,1,success,S2A_MSIL2A_20250730T050241_R119_T44NMN_20250730T081115,46.099904,0.0,2025-07-30,2025-06-01/2025-08-31,E:\LandSlide-Prediction\data\pre_event\native_tif\LS_01199.tif,E:\LandSlide-Prediction\data\pre_event\png_256\LS_01199.png,
LS_01203,1,success,S2B_MSIL2A_20251031T045839_R119_T44NMN_20251031T072153,14.801013,0.0,2025-10-31,2025-09-01/2025-11-20,E:\LandSlide-Prediction\data\pre_event\native_tif\LS_01203.tif,E:\LandSlide-Prediction\data\pre_event\png_256\LS_01203.png,
LS_01205,1,success,S2C_MSIL2A_20251003T050621_R076_T44NMN_20251003T090812,8.674505,0.0,2025-10-03,2025-09-01/2025-11-20,E:\LandSlide-Prediction\data\pre_event\native_tif\LS_01205.tif,E:\LandSlide-Prediction\data\pre_event\png_256\LS_01205.png,
LS_01206,1,success,S2C_MSIL2A_20251003T050621_R076_T44NMN_20251003T090812,8.674505,0.0,2025-10-03,2025-09-01/2025-11-20,E:\LandSlide-Prediction\data\pre_event\native_tif\LS_01206.tif,E:\LandSlide-Prediction\data\pre_event\png_256\LS_01206.png,
LS_01207,1,success,S2C_MSIL2A_20251003T050621_R076_T44NMN_20251003T090812,8.674505,1.46,2025-10-03,2025-09-01/2025-11-20,E:\LandSlide-Prediction\data\pre_event\native_tif\LS_01207.tif,E:\LandSlide-Prediction\data\pre_event\png_256\LS_01207.png,
LS_01209,1,success,S2C_MSIL2A_20251003T050621_R076_T44NMN_20251003T090812,8.674505,0.0,2025-10-03,2025-09-01/2025-11-20,E:\LandSlide-Prediction\data\pre_event\native_tif\LS_01209.tif,E:\LandSlide-Prediction\data\pre_event\png_256\LS_01209.png,
LS_01211,1,success,S2C_MSIL2A_20251003T050621_R076_T44NMN_20251003T090812,8.674505,0.0,2025-10-03,2025-09-01/2025-11-20,E:\LandSlide-Prediction\data\pre_event\native_tif\LS_01211.tif,E:\LandSlide-Prediction\data\pre_event\png_256\LS_01211.png,
LS_01212,1,success,S2C_MSIL2A_20251003T050621_R076_T44NMN_20251003T090812,8.674505,0.0,2025-10-03,2025-09-01/2025-11-20,E:\LandSlide-Prediction\data\pre_event\native_tif\LS_01212.tif,E:\LandSlide-Prediction\data\pre_event\png_256\LS_01212.png,
LS_01213,1,success,S2C_MSIL2A_20251003T050621_R076_T44NMN_20251003T090812,8.674505,0.0,2025-10-03,2025-09-01/2025-11-20,E:\LandSlide-Prediction\data\pre_event\native_tif\LS_01213.tif,E:\LandSlide-Prediction\data\pre_event\png_256\LS_01213.png,
LS_01214,1,success,S2C_MSIL2A_20251003T050621_R076_T44NMN_20251003T090812,8.674505,0.0,2025-10-03,2025-09-01/2025-11-20,E:\LandSlide-Prediction\data\pre_event\native_tif\LS_01214.tif,E:\LandSlide-Prediction\data\pre_event\png_256\LS_01214.png,
LS_01215,1,success,S2C_MSIL2A_20251003T050621_R076_T44NMN_20251003T090812,8.674505,0.0,2025-10-03,2025-09-01/2025-11-20,E:\LandSlide-Prediction\data\pre_event\native_tif\LS_01215.tif,E:\LandSlide-Prediction\data\pre_event\png_256\LS_01215.png,
LS_01217,1,success,S2C_MSIL2A_20251003T050621_R076_T44NMN_20251003T090812,8.674505,0.0,2025-10-03,2025-09-01/2025-11-20,E:\LandSlide-Prediction\data\pre_event\native_tif\LS_01217.tif,E:\LandSlide-Prediction\data\pre_event\png_256\LS_01217.png,
LS_01218,1,success,S2C_MSIL2A_20251003T050621_R076_T44NMN_20251003T090812,8.674505,0.0,2025-10-03,2025-09-01/2025-11-20,E:\LandSlide-Prediction\data\pre_event\native_tif\LS_01218.tif,E:\LandSlide-Prediction\data\pre_event\png_256\LS_01218.png,
LS_01219,1,success,S2C_MSIL2A_20251003T050621_R076_T44NMN_20251003T090812,8.674505,0.0,2025-10-03,2025-09-01/2025-11-20,E:\LandSlide-Prediction\data\pre_event\native_tif\LS_01219.tif,E:\LandSlide-Prediction\data\pre_event\png_256\LS_01219.png,
LS_01221,1,success,S2C_MSIL2A_20251003T050621_R076_T44NMN_20251003T090812,8.674505,0.0,2025-10-03,2025-09-01/2025-11-20,E:\LandSlide-Prediction\data\pre_event\native_tif\LS_01221.tif,E:\LandSlide-Prediction\data\pre_event\png_256\LS_01221.png,
LS_01222,1,success,S2C_MSIL2A_20251003T050621_R076_T44NMN_20251003T090812,8.674505,0.0,2025-10-03,2025-09-01/2025-11-20,E:\LandSlide-Prediction\data\pre_event\native_tif\LS_01222.tif,E:\LandSlide-Prediction\data\pre_event\png_256\LS_01222.png,
LS_01223,1,success,S2C_MSIL2A_20251003T050621_R076_T44NMN_20251003T090812,8.674505,0.0,2025-10-03,2025-09-01/2025-11-20,E:\LandSlide-Prediction\data\pre_event\native_tif\LS_01223.tif,E:\LandSlide-Prediction\data\pre_event\png_256\LS_01223.png,
LS_01225,1,success,S2C_MSIL2A_20251003T050621_R076_T44NMN_20251003T090812,8.674505,0.0,2025-10-03,2025-09-01/2025-11-20,E:\LandSlide-Prediction\data\pre_event\native_tif\LS_01225.tif,E:\LandSlide-Prediction\data\pre_event\png_256\LS_01225.png,
LS_01226,1,success,S2C_MSIL2A_20251003T050621_R076_T44NMN_20251003T090812,8.674505,0.0,2025-10-03,2025-09-01/2025-11-20,E:\LandSlide-Prediction\data\pre_event\native_tif\LS_01226.tif,E:\LandSlide-Prediction\data\pre_event\png_256\LS_01226.png,
LS_01228,1,success,S2C_MSIL2A_20251003T050621_R076_T44NMN_20251003T090812,8.674505,0.0,2025-10-03,2025-09-01/2025-11-20,E:\LandSlide-Prediction\data\pre_event\native_tif\LS_01228.tif,E:\LandSlide-Prediction\data\pre_event\png_256\LS_01228.png,
LS_01230,1,success,S2C_MSIL2A_20251003T050621_R076_T44NMN_20251003T090812,8.674505,0.0,2025-10-03,2025-09-01/2025-11-20,E:\LandSlide-Prediction\data\pre_event\native_tif\LS_01230.tif,E:\LandSlide-Prediction\data\pre_event\png_256\LS_01230.png,
LS_01232,1,success,S2C_MSIL2A_20251003T050621_R076_T44NMN_20251003T090812,8.674505,0.0,2025-10-03,2025-09-01/2025-11-20,E:\LandSlide-Prediction\data\pre_event\native_tif\LS_01232.tif,E:\LandSlide-Prediction\data\pre_event\png_256\LS_01232.png,
LS_01233,1,success,S2C_MSIL2A_20251003T050621_R076_T44NMN_20251003T090812,8.674505,0.0,2025-10-03,2025-09-01/2025-11-20,E:\LandSlide-Prediction\data\pre_event\native_tif\LS_01233.tif,E:\LandSlide-Prediction\data\pre_event\png_256\LS_01233.png,
LS_01235,1,success,S2C_MSIL2A_20251003T050621_R076_T44NMN_20251003T090812,8.674505,0.0,2025-10-03,2025-09-01/2025-11-20,E:\LandSlide-Prediction\data\pre_event\native_tif\LS_01235.tif,E:\LandSlide-Prediction\data\pre_event\png_256\LS_01235.png,
LS_01236,1,success,S2C_MSIL2A_20251003T050621_R076_T44NMN_20251003T090812,8.674505,0.0,2025-10-03,2025-09-01/2025-11-20,E:\LandSlide-Prediction\data\pre_event\native_tif\LS_01236.tif,E:\LandSlide-Prediction\data\pre_event\png_256\LS_01236.png,
LS_01238,1,success,S2C_MSIL2A_20251003T050621_R076_T44NMN_20251003T090812,8.674505,0.0,2025-10-03,2025-09-01/2025-11-20,E:\LandSlide-Prediction\data\pre_event\native_tif\LS_01238.tif,E:\LandSlide-Prediction\data\pre_event\png_256\LS_01238.png,
LS_01241,1,success,S2C_MSIL2A_20251003T050621_R076_T44NMN_20251003T090812,8.674505,0.0,2025-10-03,2025-09-01/2025-11-20,E:\LandSlide-Prediction\data\pre_event\native_tif\LS_01241.tif,E:\LandSlide-Prediction\data\pre_event\png_256\LS_01241.png,
LS_01244,1,success,S2C_MSIL2A_20251003T050621_R076_T44NMN_20251003T090812,8.674505,0.0,2025-10-03,2025-09-01/2025-11-20,E:\LandSlide-Prediction\data\pre_event\native_tif\LS_01244.tif,E:\LandSlide-Prediction\data\pre_event\png_256\LS_01244.png,
LS_01246,1,success,S2C_MSIL2A_20251003T050621_R076_T44NMN_20251003T090812,8.674505,0.0,2025-10-03,2025-09-01/2025-11-20,E:\LandSlide-Prediction\data\pre_event\native_tif\LS_01246.tif,E:\LandSlide-Prediction\data\pre_event\png_256\LS_01246.png,
LS_01247,1,success,S2C_MSIL2A_20251003T050621_R076_T44NMN_20251003T090812,8.674505,0.0,2025-10-03,2025-09-01/2025-11-20,E:\LandSlide-Prediction\data\pre_event\native_tif\LS_01247.tif,E:\LandSlide-Prediction\data\pre_event\png_256\LS_01247.png,
LS_01249,1,success,S2C_MSIL2A_20251003T050621_R076_T44NMN_20251003T090812,8.674505,0.0,2025-10-03,2025-09-01/2025-11-20,E:\LandSlide-Prediction\data\pre_event\native_tif\LS_01249.tif,E:\LandSlide-Prediction\data\pre_event\png_256\LS_01249.png,
LS_01250,1,success,S2C_MSIL2A_20251003T050621_R076_T44NMN_20251003T090812,8.674505,12.01,2025-10-03,2025-09-01/2025-11-20,E:\LandSlide-Prediction\data\pre_event\native_tif\LS_01250.tif,E:\LandSlide-Prediction\data\pre_event\png_256\LS_01250.png,
LS_01253,1,success,S2C_MSIL2A_20251003T050621_R076_T44NMN_20251003T090812,8.674505,0.0,2025-10-03,2025-09-01/2025-11-20,E:\LandSlide-Prediction\data\pre_event\native_tif\LS_01253.tif,E:\LandSlide-Prediction\data\pre_event\png_256\LS_01253.png,
LS_01254,1,success,S2C_MSIL2A_20251003T050621_R076_T44NMN_20251003T090812,8.674505,0.24,2025-10-03,2025-09-01/2025-11-20,E:\LandSlide-Prediction\data\pre_event\native_tif\LS_01254.tif,E:\LandSlide-Prediction\data\pre_event\png_256\LS_01254.png,
LS_01255,1,success,S2C_MSIL2A_20251003T050621_R076_T44NMP_20251003T090812,2.112417,0.0,2025-10-03,2025-09-01/2025-11-20,E:\LandSlide-Prediction\data\pre_event\native_tif\LS_01255.tif,E:\LandSlide-Prediction\data\pre_event\png_256\LS_01255.png,
LS_01257,1,success,S2C_MSIL2A_20251003T050621_R076_T44NMP_20251003T090812,2.112417,0.0,2025-10-03,2025-09-01/2025-11-20,E:\LandSlide-Prediction\data\pre_event\native_tif\LS_01257.tif,E:\LandSlide-Prediction\data\pre_event\png_256\LS_01257.png,
LS_01259,1,success,S2C_MSIL2A_20251003T050621_R076_T44NMP_20251003T090812,2.112417,0.0,2025-10-03,2025-09-01/2025-11-20,E:\LandSlide-Prediction\data\pre_event\native_tif\LS_01259.tif,E:\LandSlide-Prediction\data\pre_event\png_256\LS_01259.png,
LS_01260,1,success,S2C_MSIL2A_20251003T050621_R076_T44NMP_20251003T090812,2.112417,0.0,2025-10-03,2025-09-01/2025-11-20,E:\LandSlide-Prediction\data\pre_event\native_tif\LS_01260.tif,E:\LandSlide-Prediction\data\pre_event\png_256\LS_01260.png,
LS_01274,1,success,S2C_MSIL2A_20251003T050621_R076_T44NMP_20251003T090812,2.112417,0.0,2025-10-03,2025-09-01/2025-11-20,E:\LandSlide-Prediction\data\pre_event\native_tif\LS_01274.tif,E:\LandSlide-Prediction\data\pre_event\png_256\LS_01274.png,
LS_01279,1,success,S2C_MSIL2A_20251003T050621_R076_T44NMP_20251003T090812,2.112417,0.0,2025-10-03,2025-09-01/2025-11-20,E:\LandSlide-Prediction\data\pre_event\native_tif\LS_01279.tif,E:\LandSlide-Prediction\data\pre_event\png_256\LS_01279.png,
LS_01280,1,success,S2C_MSIL2A_20251003T050621_R076_T44NMP_20251003T090812,2.112417,0.0,2025-10-03,2025-09-01/2025-11-20,E:\LandSlide-Prediction\data\pre_event\native_tif\LS_01280.tif,E:\LandSlide-Prediction\data\pre_event\png_256\LS_01280.png,
LS_01281,1,success,S2C_MSIL2A_20251003T050621_R076_T44NMP_20251003T090812,2.112417,0.0,2025-10-03,2025-09-01/2025-11-20,E:\LandSlide-Prediction\data\pre_event\native_tif\LS_01281.tif,E:\LandSlide-Prediction\data\pre_event\png_256\LS_01281.png,
LS_01283,1,success,S2C_MSIL2A_20251003T050621_R076_T44NMP_20251003T090812,2.112417,0.0,2025-10-03,2025-09-01/2025-11-20,E:\LandSlide-Prediction\data\pre_event\native_tif\LS_01283.tif,E:\LandSlide-Prediction\data\pre_event\png_256\LS_01283.png,
LS_01289,1,success,S2C_MSIL2A_20251003T050621_R076_T44NMP_20251003T090812,2.112417,0.0,2025-10-03,2025-09-01/2025-11-20,E:\LandSlide-Prediction\data\pre_event\native_tif\LS_01289.tif,E:\LandSlide-Prediction\data\pre_event\png_256\LS_01289.png,
LS_01290,1,success,S2C_MSIL2A_20251003T050621_R076_T44NMP_20251003T090812,2.112417,0.0,2025-10-03,2025-09-01/2025-11-20,E:\LandSlide-Prediction\data\pre_event\native_tif\LS_01290.tif,E:\LandSlide-Prediction\data\pre_event\png_256\LS_01290.png,
LS_01292,1,success,S2C_MSIL2A_20251003T050621_R076_T44NMP_20251003T090812,2.112417,0.0,2025-10-03,2025-09-01/2025-11-20,E:\LandSlide-Prediction\data\pre_event\native_tif\LS_01292.tif,E:\LandSlide-Prediction\data\pre_event\png_256\LS_01292.png,
LS_01294,1,success,S2C_MSIL2A_20251003T050621_R076_T44NMP_20251003T090812,2.112417,0.0,2025-10-03,2025-09-01/2025-11-20,E:\LandSlide-Prediction\data\pre_event\native_tif\LS_01294.tif,E:\LandSlide-Prediction\data\pre_event\png_256\LS_01294.png,
LS_01295,1,success,S2C_MSIL2A_20251003T050621_R076_T44NMP_20251003T090812,2.112417,0.0,2025-10-03,2025-09-01/2025-11-20,E:\LandSlide-Prediction\data\pre_event\native_tif\LS_01295.tif,E:\LandSlide-Prediction\data\pre_event\png_256\LS_01295.png,
LS_01296,1,success,S2C_MSIL2A_20251003T050621_R076_T44NMP_20251003T090812,2.112417,0.0,2025-10-03,2025-09-01/2025-11-20,E:\LandSlide-Prediction\data\pre_event\native_tif\LS_01296.tif,E:\LandSlide-Prediction\data\pre_event\png_256\LS_01296.png,
LS_01298,1,success,S2C_MSIL2A_20251003T050621_R076_T44NMP_20251003T090812,2.112417,0.0,2025-10-03,2025-09-01/2025-11-20,E:\LandSlide-Prediction\data\pre_event\native_tif\LS_01298.tif,E:\LandSlide-Prediction\data\pre_event\png_256\LS_01298.png,
LS_01300,1,success,S2C_MSIL2A_20251003T050621_R076_T44NMP_20251003T090812,2.112417,0.0,2025-10-03,2025-09-01/2025-11-20,E:\LandSlide-Prediction\data\pre_event\native_tif\LS_01300.tif,E:\LandSlide-Prediction\data\pre_event\png_256\LS_01300.png,
LS_01303,1,success,S2C_MSIL2A_20251003T050621_R076_T44NMP_20251003T090812,2.112417,0.0,2025-10-03,2025-09-01/2025-11-20,E:\LandSlide-Prediction\data\pre_event\native_tif\LS_01303.tif,E:\LandSlide-Prediction\data\pre_event\png_256\LS_01303.png,
LS_01308,1,success,S2C_MSIL2A_20251003T050621_R076_T44NMP_20251003T090812,2.112417,0.0,2025-10-03,2025-09-01/2025-11-20,E:\LandSlide-Prediction\data\pre_event\native_tif\LS_01308.tif,E:\LandSlide-Prediction\data\pre_event\png_256\LS_01308.png,
LS_01310,1,success,S2C_MSIL2A_20251003T050621_R076_T44NMP_20251003T090812,2.112417,0.0,2025-10-03,2025-09-01/2025-11-20,E:\LandSlide-Prediction\data\pre_event\native_tif\LS_01310.tif,E:\LandSlide-Prediction\data\pre_event\png_256\LS_01310.png,
LS_01313,1,success,S2C_MSIL2A_20251003T050621_R076_T44NMP_20251003T090812,2.112417,0.0,2025-10-03,2025-09-01/2025-11-20,E:\LandSlide-Prediction\data\pre_event\native_tif\LS_01313.tif,E:\LandSlide-Prediction\data\pre_event\png_256\LS_01313.png,
LS_01314,1,success,S2C_MSIL2A_20251003T050621_R076_T44NMP_20251003T090812,2.112417,0.0,2025-10-03,2025-09-01/2025-11-20,E:\LandSlide-Prediction\data\pre_event\native_tif\LS_01314.tif,E:\LandSlide-Prediction\data\pre_event\png_256\LS_01314.png,
LS_01315,1,success,S2C_MSIL2A_20251003T050621_R076_T44NMP_20251003T090812,2.112417,0.0,2025-10-03,2025-09-01/2025-11-20,E:\LandSlide-Prediction\data\pre_event\native_tif\LS_01315.tif,E:\LandSlide-Prediction\data\pre_event\png_256\LS_01315.png,
LS_01316,1,success,S2C_MSIL2A_20251003T050621_R076_T44NMP_20251003T090812,2.112417,0.0,2025-10-03,2025-09-01/2025-11-20,E:\LandSlide-Prediction\data\pre_event\native_tif\LS_01316.tif,E:\LandSlide-Prediction\data\pre_event\png_256\LS_01316.png,
LS_01319,1,success,S2C_MSIL2A_20251003T050621_R076_T44NMP_20251003T090812,2.112417,0.0,2025-10-03,2025-09-01/2025-11-20,E:\LandSlide-Prediction\data\pre_event\native_tif\LS_01319.tif,E:\LandSlide-Prediction\data\pre_event\png_256\LS_01319.png,
LS_01320,1,success,S2C_MSIL2A_20251003T050621_R076_T44NMP_20251003T090812,2.112417,0.0,2025-10-03,2025-09-01/2025-11-20,E:\LandSlide-Prediction\data\pre_event\native_tif\LS_01320.tif,E:\LandSlide-Prediction\data\pre_event\png_256\LS_01320.png,
LS_01321,1,success,S2C_MSIL2A_20251003T050621_R076_T44NMP_20251003T090812,2.112417,0.0,2025-10-03,2025-09-01/2025-11-20,E:\LandSlide-Prediction\data\pre_event\native_tif\LS_01321.tif,E:\LandSlide-Prediction\data\pre_event\png_256\LS_01321.png,
LS_01324,1,success,S2C_MSIL2A_20251003T050621_R076_T44NMP_20251003T090812,2.112417,0.0,2025-10-03,2025-09-01/2025-11-20,E:\LandSlide-Prediction\data\pre_event\native_tif\LS_01324.tif,E:\LandSlide-Prediction\data\pre_event\png_256\LS_01324.png,
LS_01325,1,success,S2C_MSIL2A_20251003T050621_R076_T44NMP_20251003T090812,2.112417,0.0,2025-10-03,2025-09-01/2025-11-20,E:\LandSlide-Prediction\data\pre_event\native_tif\LS_01325.tif,E:\LandSlide-Prediction\data\pre_event\png_256\LS_01325.png,
LS_01327,1,success,S2C_MSIL2A_20251003T050621_R076_T44NMP_20251003T090812,2.112417,0.0,2025-10-03,2025-09-01/2025-11-20,E:\LandSlide-Prediction\data\pre_event\native_tif\LS_01327.tif,E:\LandSlide-Prediction\data\pre_event\png_256\LS_01327.png,
LS_01328,1,success,S2C_MSIL2A_20251003T050621_R076_T44NMP_20251003T090812,2.112417,0.0,2025-10-03,2025-09-01/2025-11-20,E:\LandSlide-Prediction\data\pre_event\native_tif\LS_01328.tif,E:\LandSlide-Prediction\data\pre_event\png_256\LS_01328.png,
LS_01329,1,success,S2C_MSIL2A_20251003T050621_R076_T44NMP_20251003T090812,2.112417,0.0,2025-10-03,2025-09-01/2025-11-20,E:\LandSlide-Prediction\data\pre_event\native_tif\LS_01329.tif,E:\LandSlide-Prediction\data\pre_event\png_256\LS_01329.png,
LS_01330,1,success,S2C_MSIL2A_20251003T050621_R076_T44NMP_20251003T090812,2.112417,0.0,2025-10-03,2025-09-01/2025-11-20,E:\LandSlide-Prediction\data\pre_event\native_tif\LS_01330.tif,E:\LandSlide-Prediction\data\pre_event\png_256\LS_01330.png,
LS_01331,1,success,S2C_MSIL2A_20251003T050621_R076_T44NMP_20251003T090812,2.112417,0.0,2025-10-03,2025-09-01/2025-11-20,E:\LandSlide-Prediction\data\pre_event\native_tif\LS_01331.tif,E:\LandSlide-Prediction\data\pre_event\png_256\LS_01331.png,
LS_01332,1,success,S2C_MSIL2A_20251003T050621_R076_T44NMP_20251003T090812,2.112417,0.0,2025-10-03,2025-09-01/2025-11-20,E:\LandSlide-Prediction\data\pre_event\native_tif\LS_01332.tif,E:\LandSlide-Prediction\data\pre_event\png_256\LS_01332.png,
LS_01333,1,success,S2C_MSIL2A_20251003T050621_R076_T44NMP_20251003T090812,2.112417,0.0,2025-10-03,2025-09-01/2025-11-20,E:\LandSlide-Prediction\data\pre_event\native_tif\LS_01333.tif,E:\LandSlide-Prediction\data\pre_event\png_256\LS_01333.png,
LS_01334,1,success,S2C_MSIL2A_20251003T050621_R076_T44NMP_20251003T090812,2.112417,0.0,2025-10-03,2025-09-01/2025-11-20,E:\LandSlide-Prediction\data\pre_event\native_tif\LS_01334.tif,E:\LandSlide-Prediction\data\pre_event\png_256\LS_01334.png,
LS_01335,1,success,S2C_MSIL2A_20251003T050621_R076_T44NMP_20251003T090812,2.112417,0.0,2025-10-03,2025-09-01/2025-11-20,E:\LandSlide-Prediction\data\pre_event\native_tif\LS_01335.tif,E:\LandSlide-Prediction\data\pre_event\png_256\LS_01335.png,
LS_01336,1,success,S2B_MSIL2A_20251031T045839_R119_T44NMN_20251031T072153,14.801013,0.0,2025-10-31,2025-09-01/2025-11-20,E:\LandSlide-Prediction\data\pre_event\native_tif\LS_01336.tif,E:\LandSlide-Prediction\data\pre_event\png_256\LS_01336.png,
LS_01338,1,success,S2C_MSIL2A_20251003T050621_R076_T44NMP_20251003T090812,2.112417,0.0,2025-10-03,2025-09-01/2025-11-20,E:\LandSlide-Prediction\data\pre_event\native_tif\LS_01338.tif,E:\LandSlide-Prediction\data\pre_event\png_256\LS_01338.png,
LS_01342,1,success,S2B_MSIL2A_20251031T045839_R119_T44NMN_20251031T072153,14.801013,0.0,2025-10-31,2025-09-01/2025-11-20,E:\LandSlide-Prediction\data\pre_event\native_tif\LS_01342.tif,E:\LandSlide-Prediction\data\pre_event\png_256\LS_01342.png,
LS_01343,1,success,S2C_MSIL2A_20251003T050621_R076_T44NMP_20251003T090812,2.112417,0.0,2025-10-03,2025-09-01/2025-11-20,E:\LandSlide-Prediction\data\pre_event\native_tif\LS_01343.tif,E:\LandSlide-Prediction\data\pre_event\png_256\LS_01343.png,
LS_01344,1,success,S2C_MSIL2A_20251006T045711_R119_T44NMP_20251006T093213,47.28899,22.63,2025-10-06,2025-09-01/2025-11-20,E:\LandSlide-Prediction\data\pre_event\native_tif\LS_01344.tif,E:\LandSlide-Prediction\data\pre_event\png_256\LS_01344.png,
LS_01346,1,success,S2B_MSIL2A_20251031T045839_R119_T44NMN_20251031T072153,14.801013,0.0,2025-10-31,2025-09-01/2025-11-20,E:\LandSlide-Prediction\data\pre_event\native_tif\LS_01346.tif,E:\LandSlide-Prediction\data\pre_event\png_256\LS_01346.png,
LS_01347,1,success,S2B_MSIL2A_20251031T045839_R119_T44NMN_20251031T072153,14.801013,0.0,2025-10-31,2025-09-01/2025-11-20,E:\LandSlide-Prediction\data\pre_event\native_tif\LS_01347.tif,E:\LandSlide-Prediction\data\pre_event\png_256\LS_01347.png,
LS_01348,1,success,S2B_MSIL2A_20251031T045839_R119_T44NMN_20251031T072153,14.801013,0.0,2025-10-31,2025-09-01/2025-11-20,E:\LandSlide-Prediction\data\pre_event\native_tif\LS_01348.tif,E:\LandSlide-Prediction\data\pre_event\png_256\LS_01348.png,
LS_01349,1,success,S2B_MSIL2A_20251031T045839_R119_T44NMN_20251031T072153,14.801013,0.0,2025-10-31,2025-09-01/2025-11-20,E:\LandSlide-Prediction\data\pre_event\native_tif\LS_01349.tif,E:\LandSlide-Prediction\data\pre_event\png_256\LS_01349.png,
LS_01350,1,success,S2B_MSIL2A_20251031T045839_R119_T44NMN_20251031T072153,14.801013,0.0,2025-10-31,2025-09-01/2025-11-20,E:\LandSlide-Prediction\data\pre_event\native_tif\LS_01350.tif,E:\LandSlide-Prediction\data\pre_event\png_256\LS_01350.png,
LS_01351,1,success,S2B_MSIL2A_20251031T045839_R119_T44NMN_20251031T072153,14.801013,0.0,2025-10-31,2025-09-01/2025-11-20,E:\LandSlide-Prediction\data\pre_event\native_tif\LS_01351.tif,E:\LandSlide-Prediction\data\pre_event\png_256\LS_01351.png,
LS_01353,1,success,S2B_MSIL2A_20251031T045839_R119_T44NMN_20251031T072153,14.801013,0.0,2025-10-31,2025-09-01/2025-11-20,E:\LandSlide-Prediction\data\pre_event\native_tif\LS_01353.tif,E:\LandSlide-Prediction\data\pre_event\png_256\LS_01353.png,
LS_01355,1,success,S2B_MSIL2A_20251031T045839_R119_T44NMN_20251031T072153,14.801013,0.0,2025-10-31,2025-09-01/2025-11-20,E:\LandSlide-Prediction\data\pre_event\native_tif\LS_01355.tif,E:\LandSlide-Prediction\data\pre_event\png_256\LS_01355.png,
LS_01357,1,success,S2B_MSIL2A_20251031T045839_R119_T44NMN_20251031T072153,14.801013,0.0,2025-10-31,2025-09-01/2025-11-20,E:\LandSlide-Prediction\data\pre_event\native_tif\LS_01357.tif,E:\LandSlide-Prediction\data\pre_event\png_256\LS_01357.png,
LS_01358,1,success,S2B_MSIL2A_20251031T045839_R119_T44NMN_20251031T072153,14.801013,0.0,2025-10-31,2025-09-01/2025-11-20,E:\LandSlide-Prediction\data\pre_event\native_tif\LS_01358.tif,E:\LandSlide-Prediction\data\pre_event\png_256\LS_01358.png,
LS_01359,1,success,S2B_MSIL2A_20251031T045839_R119_T44NMN_20251031T072153,14.801013,0.0,2025-10-31,2025-09-01/2025-11-20,E:\LandSlide-Prediction\data\pre_event\native_tif\LS_01359.tif,E:\LandSlide-Prediction\data\pre_event\png_256\LS_01359.png,
LS_01360,1,success,S2B_MSIL2A_20251031T045839_R119_T44NMN_20251031T072153,14.801013,0.0,2025-10-31,2025-09-01/2025-11-20,E:\LandSlide-Prediction\data\pre_event\native_tif\LS_01360.tif,E:\LandSlide-Prediction\data\pre_event\png_256\LS_01360.png,
LS_01361,1,success,S2B_MSIL2A_20251031T045839_R119_T44NMN_20251031T072153,14.801013,0.0,2025-10-31,2025-09-01/2025-11-20,E:\LandSlide-Prediction\data\pre_event\native_tif\LS_01361.tif,E:\LandSlide-Prediction\data\pre_event\png_256\LS_01361.png,
LS_01362,1,success,S2B_MSIL2A_20251031T045839_R119_T44NMN_20251031T072153,14.801013,2.73,2025-10-31,2025-09-01/2025-11-20,E:\LandSlide-Prediction\data\pre_event\native_tif\LS_01362.tif,E:\LandSlide-Prediction\data\pre_event\png_256\LS_01362.png,
LS_01363,1,success,S2B_MSIL2A_20251031T045839_R119_T44NMN_20251031T072153,14.801013,0.0,2025-10-31,2025-09-01/2025-11-20,E:\LandSlide-Prediction\data\pre_event\native_tif\LS_01363.tif,E:\LandSlide-Prediction\data\pre_event\png_256\LS_01363.png,
LS_01364,1,success,S2B_MSIL2A_20251031T045839_R119_T44NLN_20251031T072153,5.151897,0.0,2025-10-31,2025-09-01/2025-11-20,E:\LandSlide-Prediction\data\pre_event\native_tif\LS_01364.tif,E:\LandSlide-Prediction\data\pre_event\png_256\LS_01364.png,
LS_01365,1,success,S2C_MSIL2A_20251003T050621_R076_T44NMP_20251003T090812,2.112417,0.0,2025-10-03,2025-09-01/2025-11-20,E:\LandSlide-Prediction\data\pre_event\native_tif\LS_01365.tif,E:\LandSlide-Prediction\data\pre_event\png_256\LS_01365.png,
LS_01366,1,success,S2C_MSIL2A_20251003T050621_R076_T44NMP_20251003T090812,2.112417,0.0,2025-10-03,2025-09-01/2025-11-20,E:\LandSlide-Prediction\data\pre_event\native_tif\LS_01366.tif,E:\LandSlide-Prediction\data\pre_event\png_256\LS_01366.png,
LS_01368,1,success,S2C_MSIL2A_20251003T050621_R076_T44NMN_20251003T090812,8.674505,0.0,2025-10-03,2025-09-01/2025-11-20,E:\LandSlide-Prediction\data\pre_event\native_tif\LS_01368.tif,E:\LandSlide-Prediction\data\pre_event\png_256\LS_01368.png,
LS_01369,1,success,S2C_MSIL2A_20251003T050621_R076_T44NMP_20251003T090812,2.112417,0.0,2025-10-03,2025-09-01/2025-11-20,E:\LandSlide-Prediction\data\pre_event\native_tif\LS_01369.tif,E:\LandSlide-Prediction\data\pre_event\png_256\LS_01369.png,
LS_01370,1,success,S2C_MSIL2A_20251003T050621_R076_T44NMN_20251003T090812,8.674505,0.0,2025-10-03,2025-09-01/2025-11-20,E:\LandSlide-Prediction\data\pre_event\native_tif\LS_01370.tif,E:\LandSlide-Prediction\data\pre_event\png_256\LS_01370.png,
LS_01372,1,success,S2C_MSIL2A_20251003T050621_R076_T44NMN_20251003T090812,8.674505,0.0,2025-10-03,2025-09-01/2025-11-20,E:\LandSlide-Prediction\data\pre_event\native_tif\LS_01372.tif,E:\LandSlide-Prediction\data\pre_event\png_256\LS_01372.png,
LS_01373,1,success,S2C_MSIL2A_20251003T050621_R076_T44NMN_20251003T090812,8.674505,0.0,2025-10-03,2025-09-01/2025-11-20,E:\LandSlide-Prediction\data\pre_event\native_tif\LS_01373.tif,E:\LandSlide-Prediction\data\pre_event\png_256\LS_01373.png,
LS_01374,1,success,S2C_MSIL2A_20251003T050621_R076_T44NMP_20251003T090812,2.112417,0.0,2025-10-03,2025-09-01/2025-11-20,E:\LandSlide-Prediction\data\pre_event\native_tif\LS_01374.tif,E:\LandSlide-Prediction\data\pre_event\png_256\LS_01374.png,
LS_01376,1,success,S2C_MSIL2A_20251003T050621_R076_T44NMP_20251003T090812,2.112417,0.0,2025-10-03,2025-09-01/2025-11-20,E:\LandSlide-Prediction\data\pre_event\native_tif\LS_01376.tif,E:\LandSlide-Prediction\data\pre_event\png_256\LS_01376.png,
LS_01378,1,success,S2C_MSIL2A_20251003T050621_R076_T44NMP_20251003T090812,2.112417,0.0,2025-10-03,2025-09-01/2025-11-20,E:\LandSlide-Prediction\data\pre_event\native_tif\LS_01378.tif,E:\LandSlide-Prediction\data\pre_event\png_256\LS_01378.png,
LS_01379,1,success,S2C_MSIL2A_20251003T050621_R076_T44NMP_20251003T090812,2.112417,0.0,2025-10-03,2025-09-01/2025-11-20,E:\LandSlide-Prediction\data\pre_event\native_tif\LS_01379.tif,E:\LandSlide-Prediction\data\pre_event\png_256\LS_01379.png,
LS_01380,1,success,S2C_MSIL2A_20251003T050621_R076_T44NMP_20251003T090812,2.112417,0.0,2025-10-03,2025-09-01/2025-11-20,E:\LandSlide-Prediction\data\pre_event\native_tif\LS_01380.tif,E:\LandSlide-Prediction\data\pre_event\png_256\LS_01380.png,
LS_01381,1,success,S2C_MSIL2A_20251003T050621_R076_T44NMN_20251003T090812,8.674505,0.0,2025-10-03,2025-09-01/2025-11-20,E:\LandSlide-Prediction\data\pre_event\native_tif\LS_01381.tif,E:\LandSlide-Prediction\data\pre_event\png_256\LS_01381.png,
LS_01383,1,success,S2C_MSIL2A_20251003T050621_R076_T44NMN_20251003T090812,8.674505,0.0,2025-10-03,2025-09-01/2025-11-20,E:\LandSlide-Prediction\data\pre_event\native_tif\LS_01383.tif,E:\LandSlide-Prediction\data\pre_event\png_256\LS_01383.png,
LS_01384,1,success,S2C_MSIL2A_20251003T050621_R076_T44NMP_20251003T090812,2.112417,0.0,2025-10-03,2025-09-01/2025-11-20,E:\LandSlide-Prediction\data\pre_event\native_tif\LS_01384.tif,E:\LandSlide-Prediction\data\pre_event\png_256\LS_01384.png,
LS_01385,1,success,S2C_MSIL2A_20251003T050621_R076_T44NMP_20251003T090812,2.112417,0.0,2025-10-03,2025-09-01/2025-11-20,E:\LandSlide-Prediction\data\pre_event\native_tif\LS_01385.tif,E:\LandSlide-Prediction\data\pre_event\png_256\LS_01385.png,
LS_01386,1,success,S2C_MSIL2A_20251003T050621_R076_T44NMP_20251003T090812,2.112417,0.0,2025-10-03,2025-09-01/2025-11-20,E:\LandSlide-Prediction\data\pre_event\native_tif\LS_01386.tif,E:\LandSlide-Prediction\data\pre_event\png_256\LS_01386.png,
LS_01387,1,success,S2C_MSIL2A_20251003T050621_R076_T44NMP_20251003T090812,2.112417,0.0,2025-10-03,2025-09-01/2025-11-20,E:\LandSlide-Prediction\data\pre_event\native_tif\LS_01387.tif,E:\LandSlide-Prediction\data\pre_event\png_256\LS_01387.png,
LS_01388,1,success,S2C_MSIL2A_20251003T050621_R076_T44NMP_20251003T090812,2.112417,0.0,2025-10-03,2025-09-01/2025-11-20,E:\LandSlide-Prediction\data\pre_event\native_tif\LS_01388.tif,E:\LandSlide-Prediction\data\pre_event\png_256\LS_01388.png,
LS_01391,1,success,S2C_MSIL2A_20251003T050621_R076_T44NMP_20251003T090812,2.112417,0.0,2025-10-03,2025-09-01/2025-11-20,E:\LandSlide-Prediction\data\pre_event\native_tif\LS_01391.tif,E:\LandSlide-Prediction\data\pre_event\png_256\LS_01391.png,
LS_01393,1,success,S2C_MSIL2A_20251003T050621_R076_T44NMP_20251003T090812,2.112417,0.0,2025-10-03,2025-09-01/2025-11-20,E:\LandSlide-Prediction\data\pre_event\native_tif\LS_01393.tif,E:\LandSlide-Prediction\data\pre_event\png_256\LS_01393.png,
LS_01395,1,success,S2C_MSIL2A_20251003T050621_R076_T44NMP_20251003T090812,2.112417,0.0,2025-10-03,2025-09-01/2025-11-20,E:\LandSlide-Prediction\data\pre_event\native_tif\LS_01395.tif,E:\LandSlide-Prediction\data\pre_event\png_256\LS_01395.png,
LS_01396,1,success,S2C_MSIL2A_20251003T050621_R076_T44NMP_20251003T090812,2.112417,0.0,2025-10-03,2025-09-01/2025-11-20,E:\LandSlide-Prediction\data\pre_event\native_tif\LS_01396.tif,E:\LandSlide-Prediction\data\pre_event\png_256\LS_01396.png,
LS_01397,1,success,S2C_MSIL2A_20251003T050621_R076_T44NMP_20251003T090812,2.112417,0.0,2025-10-03,2025-09-01/2025-11-20,E:\LandSlide-Prediction\data\pre_event\native_tif\LS_01397.tif,E:\LandSlide-Prediction\data\pre_event\png_256\LS_01397.png,
LS_01401,1,success,S2C_MSIL2A_20251003T050621_R076_T44NMP_20251003T090812,2.112417,0.0,2025-10-03,2025-09-01/2025-11-20,E:\LandSlide-Prediction\data\pre_event\native_tif\LS_01401.tif,E:\LandSlide-Prediction\data\pre_event\png_256\LS_01401.png,
LS_01404,1,success,S2C_MSIL2A_20251003T050621_R076_T44NMP_20251003T090812,2.112417,0.0,2025-10-03,2025-09-01/2025-11-20,E:\LandSlide-Prediction\data\pre_event\native_tif\LS_01404.tif,E:\LandSlide-Prediction\data\pre_event\png_256\LS_01404.png,
LS_01410,1,success,S2C_MSIL2A_20251003T050621_R076_T44NMN_20251003T090812,8.674505,0.0,2025-10-03,2025-09-01/2025-11-20,E:\LandSlide-Prediction\data\pre_event\native_tif\LS_01410.tif,E:\LandSlide-Prediction\data\pre_event\png_256\LS_01410.png,
LS_01411,1,success,S2C_MSIL2A_20251003T050621_R076_T44NMN_20251003T090812,8.674505,0.0,2025-10-03,2025-09-01/2025-11-20,E:\LandSlide-Prediction\data\pre_event\native_tif\LS_01411.tif,E:\LandSlide-Prediction\data\pre_event\png_256\LS_01411.png,
LS_01412,1,success,S2C_MSIL2A_20251003T050621_R076_T44NMN_20251003T090812,8.674505,0.0,2025-10-03,2025-09-01/2025-11-20,E:\LandSlide-Prediction\data\pre_event\native_tif\LS_01412.tif,E:\LandSlide-Prediction\data\pre_event\png_256\LS_01412.png,
LS_01413,1,success,S2C_MSIL2A_20251003T050621_R076_T44NMP_20251003T090812,2.112417,0.0,2025-10-03,2025-09-01/2025-11-20,E:\LandSlide-Prediction\data\pre_event\native_tif\LS_01413.tif,E:\LandSlide-Prediction\data\pre_event\png_256\LS_01413.png,
LS_01417,1,success,S2C_MSIL2A_20251003T050621_R076_T44NMP_20251003T090812,2.112417,0.0,2025-10-03,2025-09-01/2025-11-20,E:\LandSlide-Prediction\data\pre_event\native_tif\LS_01417.tif,E:\LandSlide-Prediction\data\pre_event\png_256\LS_01417.png,
LS_01418,1,success,S2C_MSIL2A_20251003T050621_R076_T44NMP_20251003T090812,2.112417,0.0,2025-10-03,2025-09-01/2025-11-20,E:\LandSlide-Prediction\data\pre_event\native_tif\LS_01418.tif,E:\LandSlide-Prediction\data\pre_event\png_256\LS_01418.png,
LS_01420,1,success,S2C_MSIL2A_20251003T050621_R076_T44NMP_20251003T090812,2.112417,0.0,2025-10-03,2025-09-01/2025-11-20,E:\LandSlide-Prediction\data\pre_event\native_tif\LS_01420.tif,E:\LandSlide-Prediction\data\pre_event\png_256\LS_01420.png,
LS_01421,1,success,S2C_MSIL2A_20251003T050621_R076_T44NMP_20251003T090812,2.112417,0.0,2025-10-03,2025-09-01/2025-11-20,E:\LandSlide-Prediction\data\pre_event\native_tif\LS_01421.tif,E:\LandSlide-Prediction\data\pre_event\png_256\LS_01421.png,
LS_01422,1,success,S2C_MSIL2A_20251003T050621_R076_T44NMP_20251003T090812,2.112417,0.0,2025-10-03,2025-09-01/2025-11-20,E:\LandSlide-Prediction\data\pre_event\native_tif\LS_01422.tif,E:\LandSlide-Prediction\data\pre_event\png_256\LS_01422.png,
LS_01423,1,success,S2C_MSIL2A_20251003T050621_R076_T44NMP_20251003T090812,2.112417,0.0,2025-10-03,2025-09-01/2025-11-20,E:\LandSlide-Prediction\data\pre_event\native_tif\LS_01423.tif,E:\LandSlide-Prediction\data\pre_event\png_256\LS_01423.png,
LS_01426,1,success,S2C_MSIL2A_20251003T050621_R076_T44NMP_20251003T090812,2.112417,0.0,2025-10-03,2025-09-01/2025-11-20,E:\LandSlide-Prediction\data\pre_event\native_tif\LS_01426.tif,E:\LandSlide-Prediction\data\pre_event\png_256\LS_01426.png,
LS_01430,1,success,S2C_MSIL2A_20251003T050621_R076_T44NMP_20251003T090812,2.112417,0.0,2025-10-03,2025-09-01/2025-11-20,E:\LandSlide-Prediction\data\pre_event\native_tif\LS_01430.tif,E:\LandSlide-Prediction\data\pre_event\png_256\LS_01430.png,
LS_01433,1,success,S2C_MSIL2A_20251003T050621_R076_T44NMP_20251003T090812,2.112417,0.0,2025-10-03,2025-09-01/2025-11-20,E:\LandSlide-Prediction\data\pre_event\native_tif\LS_01433.tif,E:\LandSlide-Prediction\data\pre_event\png_256\LS_01433.png,
LS_01435,1,success,S2C_MSIL2A_20251003T050621_R076_T44NMP_20251003T090812,2.112417,0.0,2025-10-03,2025-09-01/2025-11-20,E:\LandSlide-Prediction\data\pre_event\native_tif\LS_01435.tif,E:\LandSlide-Prediction\data\pre_event\png_256\LS_01435.png,
LS_01439,1,success,S2C_MSIL2A_20251003T050621_R076_T44NMP_20251003T090812,2.112417,0.0,2025-10-03,2025-09-01/2025-11-20,E:\LandSlide-Prediction\data\pre_event\native_tif\LS_01439.tif,E:\LandSlide-Prediction\data\pre_event\png_256\LS_01439.png,
LS_01443,1,success,S2C_MSIL2A_20251003T050621_R076_T44NMP_20251003T090812,2.112417,0.0,2025-10-03,2025-09-01/2025-11-20,E:\LandSlide-Prediction\data\pre_event\native_tif\LS_01443.tif,E:\LandSlide-Prediction\data\pre_event\png_256\LS_01443.png,
LS_01444,1,success,S2C_MSIL2A_20251003T050621_R076_T44NMP_20251003T090812,2.112417,0.0,2025-10-03,2025-09-01/2025-11-20,E:\LandSlide-Prediction\data\pre_event\native_tif\LS_01444.tif,E:\LandSlide-Prediction\data\pre_event\png_256\LS_01444.png,
LS_01446,1,success,S2C_MSIL2A_20251003T050621_R076_T44NMP_20251003T090812,2.112417,0.0,2025-10-03,2025-09-01/2025-11-20,E:\LandSlide-Prediction\data\pre_event\native_tif\LS_01446.tif,E:\LandSlide-Prediction\data\pre_event\png_256\LS_01446.png,
LS_01447,1,success,S2C_MSIL2A_20251003T050621_R076_T44NMP_20251003T090812,2.112417,0.0,2025-10-03,2025-09-01/2025-11-20,E:\LandSlide-Prediction\data\pre_event\native_tif\LS_01447.tif,E:\LandSlide-Prediction\data\pre_event\png_256\LS_01447.png,
LS_01448,1,success,S2C_MSIL2A_20251003T050621_R076_T44NMP_20251003T090812,2.112417,0.0,2025-10-03,2025-09-01/2025-11-20,E:\LandSlide-Prediction\data\pre_event\native_tif\LS_01448.tif,E:\LandSlide-Prediction\data\pre_event\png_256\LS_01448.png,
LS_01450,1,success,S2C_MSIL2A_20251003T050621_R076_T44NMP_20251003T090812,2.112417,0.0,2025-10-03,2025-09-01/2025-11-20,E:\LandSlide-Prediction\data\pre_event\native_tif\LS_01450.tif,E:\LandSlide-Prediction\data\pre_event\png_256\LS_01450.png,
LS_01452,1,success,S2C_MSIL2A_20251003T050621_R076_T44NMP_20251003T090812,2.112417,0.0,2025-10-03,2025-09-01/2025-11-20,E:\LandSlide-Prediction\data\pre_event\native_tif\LS_01452.tif,E:\LandSlide-Prediction\data\pre_event\png_256\LS_01452.png,
LS_01453,1,success,S2C_MSIL2A_20251003T050621_R076_T44NMP_20251003T090812,2.112417,0.0,2025-10-03,2025-09-01/2025-11-20,E:\LandSlide-Prediction\data\pre_event\native_tif\LS_01453.tif,E:\LandSlide-Prediction\data\pre_event\png_256\LS_01453.png,
LS_01454,1,success,S2C_MSIL2A_20251003T050621_R076_T44NMP_20251003T090812,2.112417,0.0,2025-10-03,2025-09-01/2025-11-20,E:\LandSlide-Prediction\data\pre_event\native_tif\LS_01454.tif,E:\LandSlide-Prediction\data\pre_event\png_256\LS_01454.png,
LS_01458,1,success,S2C_MSIL2A_20251003T050621_R076_T44NMP_20251003T090812,2.112417,0.0,2025-10-03,2025-09-01/2025-11-20,E:\LandSlide-Prediction\data\pre_event\native_tif\LS_01458.tif,E:\LandSlide-Prediction\data\pre_event\png_256\LS_01458.png,
LS_01459,1,success,S2C_MSIL2A_20251003T050621_R076_T44NMP_20251003T090812,2.112417,0.0,2025-10-03,2025-09-01/2025-11-20,E:\LandSlide-Prediction\data\pre_event\native_tif\LS_01459.tif,E:\LandSlide-Prediction\data\pre_event\png_256\LS_01459.png,
LS_01461,1,success,S2A_MSIL2A_20250905T050621_R076_T44NMP_20250905T063012,30.717695,0.0,2025-09-05,2025-09-01/2025-11-20,E:\LandSlide-Prediction\data\pre_event\native_tif\LS_01461.tif,E:\LandSlide-Prediction\data\pre_event\png_256\LS_01461.png,
LS_01467,1,success,S2C_MSIL2A_20251102T050611_R076_T44NMP_20251102T072910,21.803713,4.2,2025-11-02,2025-09-01/2025-11-20,E:\LandSlide-Prediction\data\pre_event\native_tif\LS_01467.tif,E:\LandSlide-Prediction\data\pre_event\png_256\LS_01467.png,
LS_01469,1,success,S2A_MSIL2A_20250905T050621_R076_T44NMP_20250905T063012,30.717695,0.0,2025-09-05,2025-09-01/2025-11-20,E:\LandSlide-Prediction\data\pre_event\native_tif\LS_01469.tif,E:\LandSlide-Prediction\data\pre_event\png_256\LS_01469.png,
LS_01474,1,success,S2C_MSIL2A_20251102T050611_R076_T44NMP_20251102T072910,21.803713,0.0,2025-11-02,2025-09-01/2025-11-20,E:\LandSlide-Prediction\data\pre_event\native_tif\LS_01474.tif,E:\LandSlide-Prediction\data\pre_event\png_256\LS_01474.png,
LS_01475,1,success,S2A_MSIL2A_20250905T050621_R076_T44NMP_20250905T063012,30.717695,0.0,2025-09-05,2025-09-01/2025-11-20,E:\LandSlide-Prediction\data\pre_event\native_tif\LS_01475.tif,E:\LandSlide-Prediction\data\pre_event\png_256\LS_01475.png,
LS_01477,1,success,S2C_MSIL2A_20251003T050621_R076_T44NMP_20251003T090812,2.112417,0.07,2025-10-03,2025-09-01/2025-11-20,E:\LandSlide-Prediction\data\pre_event\native_tif\LS_01477.tif,E:\LandSlide-Prediction\data\pre_event\png_256\LS_01477.png,
LS_01478,1,success,S2C_MSIL2A_20251003T050621_R076_T44NMP_20251003T090812,2.112417,0.0,2025-10-03,2025-09-01/2025-11-20,E:\LandSlide-Prediction\data\pre_event\native_tif\LS_01478.tif,E:\LandSlide-Prediction\data\pre_event\png_256\LS_01478.png,
LS_01480,1,success,S2C_MSIL2A_20251003T050621_R076_T44NMP_20251003T090812,2.112417,0.0,2025-10-03,2025-09-01/2025-11-20,E:\LandSlide-Prediction\data\pre_event\native_tif\LS_01480.tif,E:\LandSlide-Prediction\data\pre_event\png_256\LS_01480.png,
LS_01482,1,success,S2C_MSIL2A_20251003T050621_R076_T44NMP_20251003T090812,2.112417,0.0,2025-10-03,2025-09-01/2025-11-20,E:\LandSlide-Prediction\data\pre_event\native_tif\LS_01482.tif,E:\LandSlide-Prediction\data\pre_event\png_256\LS_01482.png,
LS_01487,1,success,S2C_MSIL2A_20251003T050621_R076_T44NMP_20251003T090812,2.112417,0.0,2025-10-03,2025-09-01/2025-11-20,E:\LandSlide-Prediction\data\pre_event\native_tif\LS_01487.tif,E:\LandSlide-Prediction\data\pre_event\png_256\LS_01487.png,
LS_01495,1,success,S2C_MSIL2A_20251003T050621_R076_T44NMP_20251003T090812,2.112417,0.0,2025-10-03,2025-09-01/2025-11-20,E:\LandSlide-Prediction\data\pre_event\native_tif\LS_01495.tif,E:\LandSlide-Prediction\data\pre_event\png_256\LS_01495.png,
LS_01497,1,success,S2C_MSIL2A_20251003T050621_R076_T44NMP_20251003T090812,2.112417,0.0,2025-10-03,2025-09-01/2025-11-20,E:\LandSlide-Prediction\data\pre_event\native_tif\LS_01497.tif,E:\LandSlide-Prediction\data\pre_event\png_256\LS_01497.png,
LS_01498,1,success,S2C_MSIL2A_20251003T050621_R076_T44NMP_20251003T090812,2.112417,0.0,2025-10-03,2025-09-01/2025-11-20,E:\LandSlide-Prediction\data\pre_event\native_tif\LS_01498.tif,E:\LandSlide-Prediction\data\pre_event\png_256\LS_01498.png,
LS_01499,1,success,S2C_MSIL2A_20251003T050621_R076_T44NMP_20251003T090812,2.112417,0.0,2025-10-03,2025-09-01/2025-11-20,E:\LandSlide-Prediction\data\pre_event\native_tif\LS_01499.tif,E:\LandSlide-Prediction\data\pre_event\png_256\LS_01499.png,
LS_01504,1,success,S2C_MSIL2A_20251003T050621_R076_T44NMP_20251003T090812,2.112417,0.0,2025-10-03,2025-09-01/2025-11-20,E:\LandSlide-Prediction\data\pre_event\native_tif\LS_01504.tif,E:\LandSlide-Prediction\data\pre_event\png_256\LS_01504.png,
LS_01505,1,success,S2C_MSIL2A_20251003T050621_R076_T44NMP_20251003T090812,2.112417,0.0,2025-10-03,2025-09-01/2025-11-20,E:\LandSlide-Prediction\data\pre_event\native_tif\LS_01505.tif,E:\LandSlide-Prediction\data\pre_event\png_256\LS_01505.png,
LS_01507,1,success,S2C_MSIL2A_20251003T050621_R076_T44NMP_20251003T090812,2.112417,0.0,2025-10-03,2025-09-01/2025-11-20,E:\LandSlide-Prediction\data\pre_event\native_tif\LS_01507.tif,E:\LandSlide-Prediction\data\pre_event\png_256\LS_01507.png,
LS_01511,1,success,S2C_MSIL2A_20251003T050621_R076_T44NMP_20251003T090812,2.112417,0.0,2025-10-03,2025-09-01/2025-11-20,E:\LandSlide-Prediction\data\pre_event\native_tif\LS_01511.tif,E:\LandSlide-Prediction\data\pre_event\png_256\LS_01511.png,
LS_01515,1,success,S2C_MSIL2A_20251003T050621_R076_T44NMP_20251003T090812,2.112417,15.97,2025-10-03,2025-09-01/2025-11-20,E:\LandSlide-Prediction\data\pre_event\native_tif\LS_01515.tif,E:\LandSlide-Prediction\data\pre_event\png_256\LS_01515.png,
LS_01517,1,success,S2C_MSIL2A_20251003T050621_R076_T44NMP_20251003T090812,2.112417,0.0,2025-10-03,2025-09-01/2025-11-20,E:\LandSlide-Prediction\data\pre_event\native_tif\LS_01517.tif,E:\LandSlide-Prediction\data\pre_event\png_256\LS_01517.png,
LS_01522,1,success,S2C_MSIL2A_20251003T050621_R076_T44NMP_20251003T090812,2.112417,1.66,2025-10-03,2025-09-01/2025-11-20,E:\LandSlide-Prediction\data\pre_event\native_tif\LS_01522.tif,E:\LandSlide-Prediction\data\pre_event\png_256\LS_01522.png,
LS_01524,1,success,S2C_MSIL2A_20251003T050621_R076_T44NMP_20251003T090812,2.112417,0.0,2025-10-03,2025-09-01/2025-11-20,E:\LandSlide-Prediction\data\pre_event\native_tif\LS_01524.tif,E:\LandSlide-Prediction\data\pre_event\png_256\LS_01524.png,
LS_01525,1,success,S2C_MSIL2A_20251003T050621_R076_T44NMP_20251003T090812,2.112417,0.0,2025-10-03,2025-09-01/2025-11-20,E:\LandSlide-Prediction\data\pre_event\native_tif\LS_01525.tif,E:\LandSlide-Prediction\data\pre_event\png_256\LS_01525.png,
LS_01526,1,success,S2C_MSIL2A_20251102T050611_R076_T44NMP_20251102T072910,21.803713,19.8,2025-11-02,2025-09-01/2025-11-20,E:\LandSlide-Prediction\data\pre_event\native_tif\LS_01526.tif,E:\LandSlide-Prediction\data\pre_event\png_256\LS_01526.png,
LS_01527,1,success,S2C_MSIL2A_20251003T050621_R076_T44NMP_20251003T090812,2.112417,0.0,2025-10-03,2025-09-01/2025-11-20,E:\LandSlide-Prediction\data\pre_event\native_tif\LS_01527.tif,E:\LandSlide-Prediction\data\pre_event\png_256\LS_01527.png,
LS_01529,1,success,S2A_MSIL2A_20250905T050621_R076_T44NMP_20250905T063012,30.717695,0.0,2025-09-05,2025-09-01/2025-11-20,E:\LandSlide-Prediction\data\pre_event\native_tif\LS_01529.tif,E:\LandSlide-Prediction\data\pre_event\png_256\LS_01529.png,
LS_01530,1,success,S2A_MSIL2A_20250905T050621_R076_T44NMP_20250905T063012,30.717695,0.0,2025-09-05,2025-09-01/2025-11-20,E:\LandSlide-Prediction\data\pre_event\native_tif\LS_01530.tif,E:\LandSlide-Prediction\data\pre_event\png_256\LS_01530.png,
LS_01534,1,success,S2C_MSIL2A_20251003T050621_R076_T44NMP_20251003T090812,2.112417,0.0,2025-10-03,2025-09-01/2025-11-20,E:\LandSlide-Prediction\data\pre_event\native_tif\LS_01534.tif,E:\LandSlide-Prediction\data\pre_event\png_256\LS_01534.png,
LS_01537,1,success,S2C_MSIL2A_20251003T050621_R076_T44NMP_20251003T090812,2.112417,3.81,2025-10-03,2025-09-01/2025-11-20,E:\LandSlide-Prediction\data\pre_event\native_tif\LS_01537.tif,E:\LandSlide-Prediction\data\pre_event\png_256\LS_01537.png,
LS_01538,1,success,S2C_MSIL2A_20251003T050621_R076_T44NMP_20251003T090812,2.112417,24.46,2025-10-03,2025-09-01/2025-11-20,E:\LandSlide-Prediction\data\pre_event\native_tif\LS_01538.tif,E:\LandSlide-Prediction\data\pre_event\png_256\LS_01538.png,
LS_01539,1,success,S2C_MSIL2A_20251003T050621_R076_T44NMP_20251003T090812,2.112417,18.51,2025-10-03,2025-09-01/2025-11-20,E:\LandSlide-Prediction\data\pre_event\native_tif\LS_01539.tif,E:\LandSlide-Prediction\data\pre_event\png_256\LS_01539.png,
LS_01540,1,success,S2C_MSIL2A_20251003T050621_R076_T44NMP_20251003T090812,2.112417,0.0,2025-10-03,2025-09-01/2025-11-20,E:\LandSlide-Prediction\data\pre_event\native_tif\LS_01540.tif,E:\LandSlide-Prediction\data\pre_event\png_256\LS_01540.png,
LS_01543,1,success,S2C_MSIL2A_20251102T050611_R076_T44NMP_20251102T072910,21.803713,17.41,2025-11-02,2025-09-01/2025-11-20,E:\LandSlide-Prediction\data\pre_event\native_tif\LS_01543.tif,E:\LandSlide-Prediction\data\pre_event\png_256\LS_01543.png,
LS_01544,1,success,S2C_MSIL2A_20251102T050611_R076_T44NMP_20251102T072910,21.803713,0.0,2025-11-02,2025-09-01/2025-11-20,E:\LandSlide-Prediction\data\pre_event\native_tif\LS_01544.tif,E:\LandSlide-Prediction\data\pre_event\png_256\LS_01544.png,
LS_01550,1,success,S2C_MSIL2A_20251102T050611_R076_T44NMP_20251102T072910,21.803713,0.39,2025-11-02,2025-09-01/2025-11-20,E:\LandSlide-Prediction\data\pre_event\native_tif\LS_01550.tif,E:\LandSlide-Prediction\data\pre_event\png_256\LS_01550.png,
LS_01552,1,success,S2A_MSIL2A_20250905T050621_R076_T44NMP_20250905T063012,30.717695,0.0,2025-09-05,2025-09-01/2025-11-20,E:\LandSlide-Prediction\data\pre_event\native_tif\LS_01552.tif,E:\LandSlide-Prediction\data\pre_event\png_256\LS_01552.png,
LS_01562,1,success,S2A_MSIL2A_20250905T050621_R076_T44NMP_20250905T063012,30.717695,0.0,2025-09-05,2025-09-01/2025-11-20,E:\LandSlide-Prediction\data\pre_event\native_tif\LS_01562.tif,E:\LandSlide-Prediction\data\pre_event\png_256\LS_01562.png,
LS_01563,1,success,S2C_MSIL2A_20251003T050621_R076_T44NMP_20251003T090812,2.112417,21.88,2025-10-03,2025-09-01/2025-11-20,E:\LandSlide-Prediction\data\pre_event\native_tif\LS_01563.tif,E:\LandSlide-Prediction\data\pre_event\png_256\LS_01563.png,
LS_01567,1,success,S2C_MSIL2A_20251003T050621_R076_T44NMP_20251003T090812,2.112417,18.16,2025-10-03,2025-09-01/2025-11-20,E:\LandSlide-Prediction\data\pre_event\native_tif\LS_01567.tif,E:\LandSlide-Prediction\data\pre_event\png_256\LS_01567.png,
LS_01568,1,success,S2C_MSIL2A_20251003T050621_R076_T44NMP_20251003T090812,2.112417,0.0,2025-10-03,2025-09-01/2025-11-20,E:\LandSlide-Prediction\data\pre_event\native_tif\LS_01568.tif,E:\LandSlide-Prediction\data\pre_event\png_256\LS_01568.png,
LS_01573,1,success,S2A_MSIL2A_20250905T050621_R076_T44NMP_20250905T063012,30.717695,0.0,2025-09-05,2025-09-01/2025-11-20,E:\LandSlide-Prediction\data\pre_event\native_tif\LS_01573.tif,E:\LandSlide-Prediction\data\pre_event\png_256\LS_01573.png,
LS_01574,1,success,S2A_MSIL2A_20250905T050621_R076_T44NMP_20250905T063012,30.717695,0.0,2025-09-05,2025-09-01/2025-11-20,E:\LandSlide-Prediction\data\pre_event\native_tif\LS_01574.tif,E:\LandSlide-Prediction\data\pre_event\png_256\LS_01574.png,
LS_01580,1,success,S2C_MSIL2A_20251003T050621_R076_T44NMP_20251003T090812,2.112417,0.0,2025-10-03,2025-09-01/2025-11-20,E:\LandSlide-Prediction\data\pre_event\native_tif\LS_01580.tif,E:\LandSlide-Prediction\data\pre_event\png_256\LS_01580.png,
LS_01583,1,success,S2C_MSIL2A_20251003T050621_R076_T44NMP_20251003T090812,2.112417,0.0,2025-10-03,2025-09-01/2025-11-20,E:\LandSlide-Prediction\data\pre_event\native_tif\LS_01583.tif,E:\LandSlide-Prediction\data\pre_event\png_256\LS_01583.png,
LS_01586,1,success,S2C_MSIL2A_20251003T050621_R076_T44NMP_20251003T090812,2.112417,0.0,2025-10-03,2025-09-01/2025-11-20,E:\LandSlide-Prediction\data\pre_event\native_tif\LS_01586.tif,E:\LandSlide-Prediction\data\pre_event\png_256\LS_01586.png,
LS_01589,1,success,S2C_MSIL2A_20251003T050621_R076_T44NMP_20251003T090812,2.112417,0.0,2025-10-03,2025-09-01/2025-11-20,E:\LandSlide-Prediction\data\pre_event\native_tif\LS_01589.tif,E:\LandSlide-Prediction\data\pre_event\png_256\LS_01589.png,
LS_01592,1,success,S2C_MSIL2A_20251003T050621_R076_T44NMP_20251003T090812,2.112417,0.0,2025-10-03,2025-09-01/2025-11-20,E:\LandSlide-Prediction\data\pre_event\native_tif\LS_01592.tif,E:\LandSlide-Prediction\data\pre_event\png_256\LS_01592.png,
LS_01593,1,success,S2C_MSIL2A_20251003T050621_R076_T44NMP_20251003T090812,2.112417,0.0,2025-10-03,2025-09-01/2025-11-20,E:\LandSlide-Prediction\data\pre_event\native_tif\LS_01593.tif,E:\LandSlide-Prediction\data\pre_event\png_256\LS_01593.png,
LS_01595,1,success,S2C_MSIL2A_20251003T050621_R076_T44NMP_20251003T090812,2.112417,0.0,2025-10-03,2025-09-01/2025-11-20,E:\LandSlide-Prediction\data\pre_event\native_tif\LS_01595.tif,E:\LandSlide-Prediction\data\pre_event\png_256\LS_01595.png,
LS_01596,1,success,S2C_MSIL2A_20251003T050621_R076_T44NMP_20251003T090812,2.112417,0.0,2025-10-03,2025-09-01/2025-11-20,E:\LandSlide-Prediction\data\pre_event\native_tif\LS_01596.tif,E:\LandSlide-Prediction\data\pre_event\png_256\LS_01596.png,
LS_01597,1,success,S2C_MSIL2A_20251003T050621_R076_T44NMP_20251003T090812,2.112417,0.0,2025-10-03,2025-09-01/2025-11-20,E:\LandSlide-Prediction\data\pre_event\native_tif\LS_01597.tif,E:\LandSlide-Prediction\data\pre_event\png_256\LS_01597.png,
LS_01598,1,success,S2C_MSIL2A_20251003T050621_R076_T44NMP_20251003T090812,2.112417,0.0,2025-10-03,2025-09-01/2025-11-20,E:\LandSlide-Prediction\data\pre_event\native_tif\LS_01598.tif,E:\LandSlide-Prediction\data\pre_event\png_256\LS_01598.png,
LS_01599,1,success,S2C_MSIL2A_20251003T050621_R076_T44NMP_20251003T090812,2.112417,0.0,2025-10-03,2025-09-01/2025-11-20,E:\LandSlide-Prediction\data\pre_event\native_tif\LS_01599.tif,E:\LandSlide-Prediction\data\pre_event\png_256\LS_01599.png,
LS_01601,1,success,S2C_MSIL2A_20251003T050621_R076_T44NMP_20251003T090812,2.112417,0.0,2025-10-03,2025-09-01/2025-11-20,E:\LandSlide-Prediction\data\pre_event\native_tif\LS_01601.tif,E:\LandSlide-Prediction\data\pre_event\png_256\LS_01601.png,
LS_01602,1,success,S2C_MSIL2A_20251003T050621_R076_T44NMP_20251003T090812,2.112417,0.0,2025-10-03,2025-09-01/2025-11-20,E:\LandSlide-Prediction\data\pre_event\native_tif\LS_01602.tif,E:\LandSlide-Prediction\data\pre_event\png_256\LS_01602.png,
LS_01604,1,success,S2C_MSIL2A_20251003T050621_R076_T44NMP_20251003T090812,2.112417,0.0,2025-10-03,2025-09-01/2025-11-20,E:\LandSlide-Prediction\data\pre_event\native_tif\LS_01604.tif,E:\LandSlide-Prediction\data\pre_event\png_256\LS_01604.png,
LS_01606,1,success,S2C_MSIL2A_20251003T050621_R076_T44NMP_20251003T090812,2.112417,0.0,2025-10-03,2025-09-01/2025-11-20,E:\LandSlide-Prediction\data\pre_event\native_tif\LS_01606.tif,E:\LandSlide-Prediction\data\pre_event\png_256\LS_01606.png,
LS_01612,1,success,S2C_MSIL2A_20251003T050621_R076_T44NMP_20251003T090812,2.112417,0.0,2025-10-03,2025-09-01/2025-11-20,E:\LandSlide-Prediction\data\pre_event\native_tif\LS_01612.tif,E:\LandSlide-Prediction\data\pre_event\png_256\LS_01612.png,
LS_01613,1,success,S2C_MSIL2A_20251003T050621_R076_T44NMP_20251003T090812,2.112417,0.0,2025-10-03,2025-09-01/2025-11-20,E:\LandSlide-Prediction\data\pre_event\native_tif\LS_01613.tif,E:\LandSlide-Prediction\data\pre_event\png_256\LS_01613.png,
LS_01614,1,success,S2C_MSIL2A_20251003T050621_R076_T44NMP_20251003T090812,2.112417,0.0,2025-10-03,2025-09-01/2025-11-20,E:\LandSlide-Prediction\data\pre_event\native_tif\LS_01614.tif,E:\LandSlide-Prediction\data\pre_event\png_256\LS_01614.png,
LS_01616,1,success,S2A_MSIL2A_20250905T050621_R076_T44NMP_20250905T063012,30.717695,0.0,2025-09-05,2025-09-01/2025-11-20,E:\LandSlide-Prediction\data\pre_event\native_tif\LS_01616.tif,E:\LandSlide-Prediction\data\pre_event\png_256\LS_01616.png,
LS_01620,1,success,S2A_MSIL2A_20250905T050621_R076_T44NMP_20250905T063012,30.717695,0.0,2025-09-05,2025-09-01/2025-11-20,E:\LandSlide-Prediction\data\pre_event\native_tif\LS_01620.tif,E:\LandSlide-Prediction\data\pre_event\png_256\LS_01620.png,
LS_01621,1,success,S2A_MSIL2A_20250905T050621_R076_T44NMP_20250905T063012,30.717695,0.0,2025-09-05,2025-09-01/2025-11-20,E:\LandSlide-Prediction\data\pre_event\native_tif\LS_01621.tif,E:\LandSlide-Prediction\data\pre_event\png_256\LS_01621.png,
LS_01627,1,success,S2C_MSIL2A_20251003T050621_R076_T44NMP_20251003T090812,2.112417,0.0,2025-10-03,2025-09-01/2025-11-20,E:\LandSlide-Prediction\data\pre_event\native_tif\LS_01627.tif,E:\LandSlide-Prediction\data\pre_event\png_256\LS_01627.png,
LS_01628,1,success,S2C_MSIL2A_20251003T050621_R076_T44NMP_20251003T090812,2.112417,0.0,2025-10-03,2025-09-01/2025-11-20,E:\LandSlide-Prediction\data\pre_event\native_tif\LS_01628.tif,E:\LandSlide-Prediction\data\pre_event\png_256\LS_01628.png,
LS_01629,1,success,S2C_MSIL2A_20251003T050621_R076_T44NMP_20251003T090812,2.112417,0.0,2025-10-03,2025-09-01/2025-11-20,E:\LandSlide-Prediction\data\pre_event\native_tif\LS_01629.tif,E:\LandSlide-Prediction\data\pre_event\png_256\LS_01629.png,
LS_01631,1,success,S2C_MSIL2A_20251003T050621_R076_T44NMP_20251003T090812,2.112417,0.0,2025-10-03,2025-09-01/2025-11-20,E:\LandSlide-Prediction\data\pre_event\native_tif\LS_01631.tif,E:\LandSlide-Prediction\data\pre_event\png_256\LS_01631.png,
LS_01635,1,success,S2C_MSIL2A_20251003T050621_R076_T44NMP_20251003T090812,2.112417,0.0,2025-10-03,2025-09-01/2025-11-20,E:\LandSlide-Prediction\data\pre_event\native_tif\LS_01635.tif,E:\LandSlide-Prediction\data\pre_event\png_256\LS_01635.png,
LS_01642,1,success,S2C_MSIL2A_20251102T050611_R076_T44NMP_20251102T072910,21.803713,4.98,2025-11-02,2025-09-01/2025-11-20,E:\LandSlide-Prediction\data\pre_event\native_tif\LS_01642.tif,E:\LandSlide-Prediction\data\pre_event\png_256\LS_01642.png,
LS_01645,1,success,S2C_MSIL2A_20251003T050621_R076_T44NMP_20251003T090812,2.112417,0.0,2025-10-03,2025-09-01/2025-11-20,E:\LandSlide-Prediction\data\pre_event\native_tif\LS_01645.tif,E:\LandSlide-Prediction\data\pre_event\png_256\LS_01645.png,
LS_01646,1,success,S2C_MSIL2A_20251003T050621_R076_T44NMP_20251003T090812,2.112417,0.0,2025-10-03,2025-09-01/2025-11-20,E:\LandSlide-Prediction\data\pre_event\native_tif\LS_01646.tif,E:\LandSlide-Prediction\data\pre_event\png_256\LS_01646.png,
LS_01649,1,success,S2C_MSIL2A_20251003T050621_R076_T44NMP_20251003T090812,2.112417,13.38,2025-10-03,2025-09-01/2025-11-20,E:\LandSlide-Prediction\data\pre_event\native_tif\LS_01649.tif,E:\LandSlide-Prediction\data\pre_event\png_256\LS_01649.png,
LS_01653,1,success,S2C_MSIL2A_20251003T050621_R076_T44NMP_20251003T090812,2.112417,0.78,2025-10-03,2025-09-01/2025-11-20,E:\LandSlide-Prediction\data\pre_event\native_tif\LS_01653.tif,E:\LandSlide-Prediction\data\pre_event\png_256\LS_01653.png,
LS_01655,1,success,S2C_MSIL2A_20251003T050621_R076_T44NMP_20251003T090812,2.112417,6.96,2025-10-03,2025-09-01/2025-11-20,E:\LandSlide-Prediction\data\pre_event\native_tif\LS_01655.tif,E:\LandSlide-Prediction\data\pre_event\png_256\LS_01655.png,
LS_01661,1,success,S2A_MSIL2A_20250905T050621_R076_T44NMP_20250905T063012,30.717695,0.0,2025-09-05,2025-09-01/2025-11-20,E:\LandSlide-Prediction\data\pre_event\native_tif\LS_01661.tif,E:\LandSlide-Prediction\data\pre_event\png_256\LS_01661.png,
LS_01663,1,success,S2C_MSIL2A_20251003T050621_R076_T44NMP_20251003T090812,2.112417,0.0,2025-10-03,2025-09-01/2025-11-20,E:\LandSlide-Prediction\data\pre_event\native_tif\LS_01663.tif,E:\LandSlide-Prediction\data\pre_event\png_256\LS_01663.png,
LS_01666,1,success,S2C_MSIL2A_20251003T050621_R076_T44NMP_20251003T090812,2.112417,0.0,2025-10-03,2025-09-01/2025-11-20,E:\LandSlide-Prediction\data\pre_event\native_tif\LS_01666.tif,E:\LandSlide-Prediction\data\pre_event\png_256\LS_01666.png,
LS_01667,1,success,S2C_MSIL2A_20251003T050621_R076_T44NMP_20251003T090812,2.112417,0.0,2025-10-03,2025-09-01/2025-11-20,E:\LandSlide-Prediction\data\pre_event\native_tif\LS_01667.tif,E:\LandSlide-Prediction\data\pre_event\png_256\LS_01667.png,
LS_01674,1,success,S2C_MSIL2A_20251003T050621_R076_T44NMP_20251003T090812,2.112417,0.0,2025-10-03,2025-09-01/2025-11-20,E:\LandSlide-Prediction\data\pre_event\native_tif\LS_01674.tif,E:\LandSlide-Prediction\data\pre_event\png_256\LS_01674.png,
LS_01675,1,success,S2C_MSIL2A_20251003T050621_R076_T44NMP_20251003T090812,2.112417,0.0,2025-10-03,2025-09-01/2025-11-20,E:\LandSlide-Prediction\data\pre_event\native_tif\LS_01675.tif,E:\LandSlide-Prediction\data\pre_event\png_256\LS_01675.png,
LS_01676,1,success,S2C_MSIL2A_20251102T050611_R076_T44NMP_20251102T072910,21.803713,8.2,2025-11-02,2025-09-01/2025-11-20,E:\LandSlide-Prediction\data\pre_event\native_tif\LS_01676.tif,E:\LandSlide-Prediction\data\pre_event\png_256\LS_01676.png,
LS_01678,1,success,S2A_MSIL2A_20250905T050621_R076_T44NMP_20250905T063012,30.717695,0.0,2025-09-05,2025-09-01/2025-11-20,E:\LandSlide-Prediction\data\pre_event\native_tif\LS_01678.tif,E:\LandSlide-Prediction\data\pre_event\png_256\LS_01678.png,
LS_01679,1,success,S2A_MSIL2A_20250905T050621_R076_T44NMP_20250905T063012,30.717695,0.0,2025-09-05,2025-09-01/2025-11-20,E:\LandSlide-Prediction\data\pre_event\native_tif\LS_01679.tif,E:\LandSlide-Prediction\data\pre_event\png_256\LS_01679.png,
LS_01681,1,success,S2C_MSIL2A_20251003T050621_R076_T44NMP_20251003T090812,2.112417,0.0,2025-10-03,2025-09-01/2025-11-20,E:\LandSlide-Prediction\data\pre_event\native_tif\LS_01681.tif,E:\LandSlide-Prediction\data\pre_event\png_256\LS_01681.png,
LS_01686,1,success,S2C_MSIL2A_20251003T050621_R076_T44NMP_20251003T090812,2.112417,0.0,2025-10-03,2025-09-01/2025-11-20,E:\LandSlide-Prediction\data\pre_event\native_tif\LS_01686.tif,E:\LandSlide-Prediction\data\pre_event\png_256\LS_01686.png,
LS_01687,1,success,S2C_MSIL2A_20251003T050621_R076_T44NMP_20251003T090812,2.112417,0.0,2025-10-03,2025-09-01/2025-11-20,E:\LandSlide-Prediction\data\pre_event\native_tif\LS_01687.tif,E:\LandSlide-Prediction\data\pre_event\png_256\LS_01687.png,
LS_01689,1,success,S2C_MSIL2A_20251003T050621_R076_T44NMP_20251003T090812,2.112417,0.0,2025-10-03,2025-09-01/2025-11-20,E:\LandSlide-Prediction\data\pre_event\native_tif\LS_01689.tif,E:\LandSlide-Prediction\data\pre_event\png_256\LS_01689.png,
LS_01690,1,success,S2C_MSIL2A_20251003T050621_R076_T44NMP_20251003T090812,2.112417,0.0,2025-10-03,2025-09-01/2025-11-20,E:\LandSlide-Prediction\data\pre_event\native_tif\LS_01690.tif,E:\LandSlide-Prediction\data\pre_event\png_256\LS_01690.png,
LS_01692,1,success,S2C_MSIL2A_20251003T050621_R076_T44NMP_20251003T090812,2.112417,0.0,2025-10-03,2025-09-01/2025-11-20,E:\LandSlide-Prediction\data\pre_event\native_tif\LS_01692.tif,E:\LandSlide-Prediction\data\pre_event\png_256\LS_01692.png,
LS_01693,1,success,S2C_MSIL2A_20251003T050621_R076_T44NMP_20251003T090812,2.112417,0.0,2025-10-03,2025-09-01/2025-11-20,E:\LandSlide-Prediction\data\pre_event\native_tif\LS_01693.tif,E:\LandSlide-Prediction\data\pre_event\png_256\LS_01693.png,
LS_01695,1,success,S2C_MSIL2A_20251003T050621_R076_T44NMP_20251003T090812,2.112417,0.0,2025-10-03,2025-09-01/2025-11-20,E:\LandSlide-Prediction\data\pre_event\native_tif\LS_01695.tif,E:\LandSlide-Prediction\data\pre_event\png_256\LS_01695.png,
LS_01696,1,success,S2C_MSIL2A_20251003T050621_R076_T44NMP_20251003T090812,2.112417,0.0,2025-10-03,2025-09-01/2025-11-20,E:\LandSlide-Prediction\data\pre_event\native_tif\LS_01696.tif,E:\LandSlide-Prediction\data\pre_event\png_256\LS_01696.png,
LS_01697,1,success,S2C_MSIL2A_20251003T050621_R076_T44NMP_20251003T090812,2.112417,0.0,2025-10-03,2025-09-01/2025-11-20,E:\LandSlide-Prediction\data\pre_event\native_tif\LS_01697.tif,E:\LandSlide-Prediction\data\pre_event\png_256\LS_01697.png,
LS_01698,1,success,S2C_MSIL2A_20251003T050621_R076_T44NMP_20251003T090812,2.112417,0.0,2025-10-03,2025-09-01/2025-11-20,E:\LandSlide-Prediction\data\pre_event\native_tif\LS_01698.tif,E:\LandSlide-Prediction\data\pre_event\png_256\LS_01698.png,
LS_01699,1,success,S2C_MSIL2A_20251003T050621_R076_T44NMP_20251003T090812,2.112417,0.0,2025-10-03,2025-09-01/2025-11-20,E:\LandSlide-Prediction\data\pre_event\native_tif\LS_01699.tif,E:\LandSlide-Prediction\data\pre_event\png_256\LS_01699.png,
LS_01700,1,success,S2C_MSIL2A_20251003T050621_R076_T44NMP_20251003T090812,2.112417,0.0,2025-10-03,2025-09-01/2025-11-20,E:\LandSlide-Prediction\data\pre_event\native_tif\LS_01700.tif,E:\LandSlide-Prediction\data\pre_event\png_256\LS_01700.png,
LS_01701,1,success,S2C_MSIL2A_20251003T050621_R076_T44NMP_20251003T090812,2.112417,0.0,2025-10-03,2025-09-01/2025-11-20,E:\LandSlide-Prediction\data\pre_event\native_tif\LS_01701.tif,E:\LandSlide-Prediction\data\pre_event\png_256\LS_01701.png,
LS_01703,1,success,S2C_MSIL2A_20251003T050621_R076_T44NMP_20251003T090812,2.112417,0.0,2025-10-03,2025-09-01/2025-11-20,E:\LandSlide-Prediction\data\pre_event\native_tif\LS_01703.tif,E:\LandSlide-Prediction\data\pre_event\png_256\LS_01703.png,
LS_01704,1,success,S2C_MSIL2A_20251003T050621_R076_T44NMP_20251003T090812,2.112417,0.0,2025-10-03,2025-09-01/2025-11-20,E:\LandSlide-Prediction\data\pre_event\native_tif\LS_01704.tif,E:\LandSlide-Prediction\data\pre_event\png_256\LS_01704.png,
LS_01707,1,success,S2C_MSIL2A_20251003T050621_R076_T44NMP_20251003T090812,2.112417,0.0,2025-10-03,2025-09-01/2025-11-20,E:\LandSlide-Prediction\data\pre_event\native_tif\LS_01707.tif,E:\LandSlide-Prediction\data\pre_event\png_256\LS_01707.png,
LS_01709,1,success,S2C_MSIL2A_20251003T050621_R076_T44NMP_20251003T090812,2.112417,0.0,2025-10-03,2025-09-01/2025-11-20,E:\LandSlide-Prediction\data\pre_event\native_tif\LS_01709.tif,E:\LandSlide-Prediction\data\pre_event\png_256\LS_01709.png,
LS_01710,1,success,S2C_MSIL2A_20251003T050621_R076_T44NMP_20251003T090812,2.112417,0.0,2025-10-03,2025-09-01/2025-11-20,E:\LandSlide-Prediction\data\pre_event\native_tif\LS_01710.tif,E:\LandSlide-Prediction\data\pre_event\png_256\LS_01710.png,
LS_01713,1,success,S2C_MSIL2A_20251003T050621_R076_T44NMP_20251003T090812,2.112417,0.0,2025-10-03,2025-09-01/2025-11-20,E:\LandSlide-Prediction\data\pre_event\native_tif\LS_01713.tif,E:\LandSlide-Prediction\data\pre_event\png_256\LS_01713.png,
LS_01716,1,success,S2C_MSIL2A_20251003T050621_R076_T44NMP_20251003T090812,2.112417,0.0,2025-10-03,2025-09-01/2025-11-20,E:\LandSlide-Prediction\data\pre_event\native_tif\LS_01716.tif,E:\LandSlide-Prediction\data\pre_event\png_256\LS_01716.png,
LS_01717,1,success,S2C_MSIL2A_20251003T050621_R076_T44NMP_20251003T090812,2.112417,0.0,2025-10-03,2025-09-01/2025-11-20,E:\LandSlide-Prediction\data\pre_event\native_tif\LS_01717.tif,E:\LandSlide-Prediction\data\pre_event\png_256\LS_01717.png,
LS_01718,1,success,S2C_MSIL2A_20251003T050621_R076_T44NMP_20251003T090812,2.112417,0.0,2025-10-03,2025-09-01/2025-11-20,E:\LandSlide-Prediction\data\pre_event\native_tif\LS_01718.tif,E:\LandSlide-Prediction\data\pre_event\png_256\LS_01718.png,
LS_01720,1,success,S2C_MSIL2A_20251003T050621_R076_T44NMP_20251003T090812,2.112417,0.0,2025-10-03,2025-09-01/2025-11-20,E:\LandSlide-Prediction\data\pre_event\native_tif\LS_01720.tif,E:\LandSlide-Prediction\data\pre_event\png_256\LS_01720.png,
LS_01728,1,success,S2C_MSIL2A_20251003T050621_R076_T44NMP_20251003T090812,2.112417,0.0,2025-10-03,2025-09-01/2025-11-20,E:\LandSlide-Prediction\data\pre_event\native_tif\LS_01728.tif,E:\LandSlide-Prediction\data\pre_event\png_256\LS_01728.png,
LS_01733,1,success,S2C_MSIL2A_20251003T050621_R076_T44NMP_20251003T090812,2.112417,0.0,2025-10-03,2025-09-01/2025-11-20,E:\LandSlide-Prediction\data\pre_event\native_tif\LS_01733.tif,E:\LandSlide-Prediction\data\pre_event\png_256\LS_01733.png,
LS_01736,1,success,S2C_MSIL2A_20251003T050621_R076_T44NMP_20251003T090812,2.112417,19.34,2025-10-03,2025-09-01/2025-11-20,E:\LandSlide-Prediction\data\pre_event\native_tif\LS_01736.tif,E:\LandSlide-Prediction\data\pre_event\png_256\LS_01736.png,
LS_01737,1,success,S2C_MSIL2A_20251003T050621_R076_T44NMP_20251003T090812,2.112417,0.0,2025-10-03,2025-09-01/2025-11-20,E:\LandSlide-Prediction\data\pre_event\native_tif\LS_01737.tif,E:\LandSlide-Prediction\data\pre_event\png_256\LS_01737.png,
LS_01741,1,success,S2C_MSIL2A_20251003T050621_R076_T44NMP_20251003T090812,2.112417,0.0,2025-10-03,2025-09-01/2025-11-20,E:\LandSlide-Prediction\data\pre_event\native_tif\LS_01741.tif,E:\LandSlide-Prediction\data\pre_event\png_256\LS_01741.png,
LS_01742,1,success,S2C_MSIL2A_20251003T050621_R076_T44NMP_20251003T090812,2.112417,0.0,2025-10-03,2025-09-01/2025-11-20,E:\LandSlide-Prediction\data\pre_event\native_tif\LS_01742.tif,E:\LandSlide-Prediction\data\pre_event\png_256\LS_01742.png,
LS_01743,1,success,S2C_MSIL2A_20251003T050621_R076_T44NMP_20251003T090812,2.112417,0.0,2025-10-03,2025-09-01/2025-11-20,E:\LandSlide-Prediction\data\pre_event\native_tif\LS_01743.tif,E:\LandSlide-Prediction\data\pre_event\png_256\LS_01743.png,
LS_01745,1,success,S2C_MSIL2A_20251003T050621_R076_T44NMP_20251003T090812,2.112417,0.0,2025-10-03,2025-09-01/2025-11-20,E:\LandSlide-Prediction\data\pre_event\native_tif\LS_01745.tif,E:\LandSlide-Prediction\data\pre_event\png_256\LS_01745.png,
LS_01758,1,success,S2C_MSIL2A_20251003T050621_R076_T44NMP_20251003T090812,2.112417,0.0,2025-10-03,2025-09-01/2025-11-20,E:\LandSlide-Prediction\data\pre_event\native_tif\LS_01758.tif,E:\LandSlide-Prediction\data\pre_event\png_256\LS_01758.png,
LS_01759,1,success,S2C_MSIL2A_20251003T050621_R076_T44NMP_20251003T090812,2.112417,0.0,2025-10-03,2025-09-01/2025-11-20,E:\LandSlide-Prediction\data\pre_event\native_tif\LS_01759.tif,E:\LandSlide-Prediction\data\pre_event\png_256\LS_01759.png,
LS_01770,1,success,S2C_MSIL2A_20251003T050621_R076_T44NMP_20251003T090812,2.112417,0.0,2025-10-03,2025-09-01/2025-11-20,E:\LandSlide-Prediction\data\pre_event\native_tif\LS_01770.tif,E:\LandSlide-Prediction\data\pre_event\png_256\LS_01770.png,
LS_01771,1,success,S2C_MSIL2A_20251003T050621_R076_T44NMP_20251003T090812,2.112417,0.0,2025-10-03,2025-09-01/2025-11-20,E:\LandSlide-Prediction\data\pre_event\native_tif\LS_01771.tif,E:\LandSlide-Prediction\data\pre_event\png_256\LS_01771.png,
LS_01773,1,success,S2C_MSIL2A_20251003T050621_R076_T44NMP_20251003T090812,2.112417,0.0,2025-10-03,2025-09-01/2025-11-20,E:\LandSlide-Prediction\data\pre_event\native_tif\LS_01773.tif,E:\LandSlide-Prediction\data\pre_event\png_256\LS_01773.png,
LS_01774,1,success,S2C_MSIL2A_20251003T050621_R076_T44NMP_20251003T090812,2.112417,0.0,2025-10-03,2025-09-01/2025-11-20,E:\LandSlide-Prediction\data\pre_event\native_tif\LS_01774.tif,E:\LandSlide-Prediction\data\pre_event\png_256\LS_01774.png,
LS_01779,1,success,S2C_MSIL2A_20251003T050621_R076_T44NMP_20251003T090812,2.112417,0.0,2025-10-03,2025-09-01/2025-11-20,E:\LandSlide-Prediction\data\pre_event\native_tif\LS_01779.tif,E:\LandSlide-Prediction\data\pre_event\png_256\LS_01779.png,
LS_01781,1,success,S2C_MSIL2A_20251003T050621_R076_T44NMP_20251003T090812,2.112417,0.0,2025-10-03,2025-09-01/2025-11-20,E:\LandSlide-Prediction\data\pre_event\native_tif\LS_01781.tif,E:\LandSlide-Prediction\data\pre_event\png_256\LS_01781.png,
LS_01782,1,success,S2C_MSIL2A_20251003T050621_R076_T44NMP_20251003T090812,2.112417,0.0,2025-10-03,2025-09-01/2025-11-20,E:\LandSlide-Prediction\data\pre_event\native_tif\LS_01782.tif,E:\LandSlide-Prediction\data\pre_event\png_256\LS_01782.png,
LS_01785,1,success,S2C_MSIL2A_20251003T050621_R076_T44NMP_20251003T090812,2.112417,0.0,2025-10-03,2025-09-01/2025-11-20,E:\LandSlide-Prediction\data\pre_event\native_tif\LS_01785.tif,E:\LandSlide-Prediction\data\pre_event\png_256\LS_01785.png,
LS_01791,1,success,S2C_MSIL2A_20251003T050621_R076_T44NMP_20251003T090812,2.112417,0.0,2025-10-03,2025-09-01/2025-11-20,E:\LandSlide-Prediction\data\pre_event\native_tif\LS_01791.tif,E:\LandSlide-Prediction\data\pre_event\png_256\LS_01791.png,
LS_01793,1,success,S2C_MSIL2A_20251003T050621_R076_T44NMP_20251003T090812,2.112417,0.0,2025-10-03,2025-09-01/2025-11-20,E:\LandSlide-Prediction\data\pre_event\native_tif\LS_01793.tif,E:\LandSlide-Prediction\data\pre_event\png_256\LS_01793.png,
LS_01794,1,success,S2C_MSIL2A_20251003T050621_R076_T44NMP_20251003T090812,2.112417,0.0,2025-10-03,2025-09-01/2025-11-20,E:\LandSlide-Prediction\data\pre_event\native_tif\LS_01794.tif,E:\LandSlide-Prediction\data\pre_event\png_256\LS_01794.png,
LS_01798,1,success,S2C_MSIL2A_20251003T050621_R076_T44NMP_20251003T090812,2.112417,0.0,2025-10-03,2025-09-01/2025-11-20,E:\LandSlide-Prediction\data\pre_event\native_tif\LS_01798.tif,E:\LandSlide-Prediction\data\pre_event\png_256\LS_01798.png,
LS_01804,1,success,S2C_MSIL2A_20251003T050621_R076_T44NMP_20251003T090812,2.112417,0.0,2025-10-03,2025-09-01/2025-11-20,E:\LandSlide-Prediction\data\pre_event\native_tif\LS_01804.tif,E:\LandSlide-Prediction\data\pre_event\png_256\LS_01804.png,
LS_01810,1,success,S2C_MSIL2A_20251003T050621_R076_T44NMP_20251003T090812,2.112417,0.0,2025-10-03,2025-09-01/2025-11-20,E:\LandSlide-Prediction\data\pre_event\native_tif\LS_01810.tif,E:\LandSlide-Prediction\data\pre_event\png_256\LS_01810.png,
LS_01812,1,success,S2C_MSIL2A_20251003T050621_R076_T44NMP_20251003T090812,2.112417,0.0,2025-10-03,2025-09-01/2025-11-20,E:\LandSlide-Prediction\data\pre_event\native_tif\LS_01812.tif,E:\LandSlide-Prediction\data\pre_event\png_256\LS_01812.png,
LS_01815,1,success,S2C_MSIL2A_20251003T050621_R076_T44NMP_20251003T090812,2.112417,0.0,2025-10-03,2025-09-01/2025-11-20,E:\LandSlide-Prediction\data\pre_event\native_tif\LS_01815.tif,E:\LandSlide-Prediction\data\pre_event\png_256\LS_01815.png,
LS_01816,1,success,S2C_MSIL2A_20251003T050621_R076_T44NMP_20251003T090812,2.112417,0.0,2025-10-03,2025-09-01/2025-11-20,E:\LandSlide-Prediction\data\pre_event\native_tif\LS_01816.tif,E:\LandSlide-Prediction\data\pre_event\png_256\LS_01816.png,
LS_01817,1,success,S2C_MSIL2A_20251003T050621_R076_T44NMP_20251003T090812,2.112417,0.0,2025-10-03,2025-09-01/2025-11-20,E:\LandSlide-Prediction\data\pre_event\native_tif\LS_01817.tif,E:\LandSlide-Prediction\data\pre_event\png_256\LS_01817.png,
LS_01820,1,success,S2C_MSIL2A_20251003T050621_R076_T44NMP_20251003T090812,2.112417,0.0,2025-10-03,2025-09-01/2025-11-20,E:\LandSlide-Prediction\data\pre_event\native_tif\LS_01820.tif,E:\LandSlide-Prediction\data\pre_event\png_256\LS_01820.png,
LS_01822,1,success,S2C_MSIL2A_20251003T050621_R076_T44NMP_20251003T090812,2.112417,0.0,2025-10-03,2025-09-01/2025-11-20,E:\LandSlide-Prediction\data\pre_event\native_tif\LS_01822.tif,E:\LandSlide-Prediction\data\pre_event\png_256\LS_01822.png,
LS_01823,1,success,S2C_MSIL2A_20251003T050621_R076_T44NMP_20251003T090812,2.112417,0.0,2025-10-03,2025-09-01/2025-11-20,E:\LandSlide-Prediction\data\pre_event\native_tif\LS_01823.tif,E:\LandSlide-Prediction\data\pre_event\png_256\LS_01823.png,
LS_01824,1,success,S2C_MSIL2A_20251003T050621_R076_T44NMP_20251003T090812,2.112417,0.0,2025-10-03,2025-09-01/2025-11-20,E:\LandSlide-Prediction\data\pre_event\native_tif\LS_01824.tif,E:\LandSlide-Prediction\data\pre_event\png_256\LS_01824.png,
LS_01826,1,success,S2C_MSIL2A_20251003T050621_R076_T44NMP_20251003T090812,2.112417,0.0,2025-10-03,2025-09-01/2025-11-20,E:\LandSlide-Prediction\data\pre_event\native_tif\LS_01826.tif,E:\LandSlide-Prediction\data\pre_event\png_256\LS_01826.png,
LS_01827,1,success,S2C_MSIL2A_20251003T050621_R076_T44NMP_20251003T090812,2.112417,0.0,2025-10-03,2025-09-01/2025-11-20,E:\LandSlide-Prediction\data\pre_event\native_tif\LS_01827.tif,E:\LandSlide-Prediction\data\pre_event\png_256\LS_01827.png,
LS_01828,1,success,S2C_MSIL2A_20251003T050621_R076_T44NMP_20251003T090812,2.112417,0.0,2025-10-03,2025-09-01/2025-11-20,E:\LandSlide-Prediction\data\pre_event\native_tif\LS_01828.tif,E:\LandSlide-Prediction\data\pre_event\png_256\LS_01828.png,
LS_01833,1,success,S2C_MSIL2A_20251003T050621_R076_T44NMP_20251003T090812,2.112417,0.0,2025-10-03,2025-09-01/2025-11-20,E:\LandSlide-Prediction\data\pre_event\native_tif\LS_01833.tif,E:\LandSlide-Prediction\data\pre_event\png_256\LS_01833.png,
LS_01834,1,success,S2C_MSIL2A_20251003T050621_R076_T44NMP_20251003T090812,2.112417,0.0,2025-10-03,2025-09-01/2025-11-20,E:\LandSlide-Prediction\data\pre_event\native_tif\LS_01834.tif,E:\LandSlide-Prediction\data\pre_event\png_256\LS_01834.png,
LS_01835,1,success,S2C_MSIL2A_20251003T050621_R076_T44NMP_20251003T090812,2.112417,0.0,2025-10-03,2025-09-01/2025-11-20,E:\LandSlide-Prediction\data\pre_event\native_tif\LS_01835.tif,E:\LandSlide-Prediction\data\pre_event\png_256\LS_01835.png,
LS_01836,1,success,S2C_MSIL2A_20251003T050621_R076_T44NMP_20251003T090812,2.112417,0.0,2025-10-03,2025-09-01/2025-11-20,E:\LandSlide-Prediction\data\pre_event\native_tif\LS_01836.tif,E:\LandSlide-Prediction\data\pre_event\png_256\LS_01836.png,
LS_01839,1,success,S2C_MSIL2A_20251003T050621_R076_T44NMP_20251003T090812,2.112417,0.0,2025-10-03,2025-09-01/2025-11-20,E:\LandSlide-Prediction\data\pre_event\native_tif\LS_01839.tif,E:\LandSlide-Prediction\data\pre_event\png_256\LS_01839.png,
LS_01840,1,success,S2C_MSIL2A_20251003T050621_R076_T44NMP_20251003T090812,2.112417,0.0,2025-10-03,2025-09-01/2025-11-20,E:\LandSlide-Prediction\data\pre_event\native_tif\LS_01840.tif,E:\LandSlide-Prediction\data\pre_event\png_256\LS_01840.png,
LS_01842,1,success,S2C_MSIL2A_20251003T050621_R076_T44NMP_20251003T090812,2.112417,0.0,2025-10-03,2025-09-01/2025-11-20,E:\LandSlide-Prediction\data\pre_event\native_tif\LS_01842.tif,E:\LandSlide-Prediction\data\pre_event\png_256\LS_01842.png,
LS_01845,1,success,S2C_MSIL2A_20251003T050621_R076_T44NMP_20251003T090812,2.112417,0.0,2025-10-03,2025-09-01/2025-11-20,E:\LandSlide-Prediction\data\pre_event\native_tif\LS_01845.tif,E:\LandSlide-Prediction\data\pre_event\png_256\LS_01845.png,
LS_01853,1,success,S2C_MSIL2A_20251003T050621_R076_T44NMP_20251003T090812,2.112417,0.0,2025-10-03,2025-09-01/2025-11-20,E:\LandSlide-Prediction\data\pre_event\native_tif\LS_01853.tif,E:\LandSlide-Prediction\data\pre_event\png_256\LS_01853.png,
LS_01855,1,success,S2C_MSIL2A_20251003T050621_R076_T44NMP_20251003T090812,2.112417,0.0,2025-10-03,2025-09-01/2025-11-20,E:\LandSlide-Prediction\data\pre_event\native_tif\LS_01855.tif,E:\LandSlide-Prediction\data\pre_event\png_256\LS_01855.png,
LS_01856,1,success,S2C_MSIL2A_20251003T050621_R076_T44NMP_20251003T090812,2.112417,0.0,2025-10-03,2025-09-01/2025-11-20,E:\LandSlide-Prediction\data\pre_event\native_tif\LS_01856.tif,E:\LandSlide-Prediction\data\pre_event\png_256\LS_01856.png,
LS_01857,1,success,S2C_MSIL2A_20251003T050621_R076_T44NMP_20251003T090812,2.112417,0.0,2025-10-03,2025-09-01/2025-11-20,E:\LandSlide-Prediction\data\pre_event\native_tif\LS_01857.tif,E:\LandSlide-Prediction\data\pre_event\png_256\LS_01857.png,
LS_01862,1,success,S2C_MSIL2A_20251003T050621_R076_T44NMP_20251003T090812,2.112417,0.0,2025-10-03,2025-09-01/2025-11-20,E:\LandSlide-Prediction\data\pre_event\native_tif\LS_01862.tif,E:\LandSlide-Prediction\data\pre_event\png_256\LS_01862.png,
LS_01868,1,success,S2C_MSIL2A_20251003T050621_R076_T44NMP_20251003T090812,2.112417,0.0,2025-10-03,2025-09-01/2025-11-20,E:\LandSlide-Prediction\data\pre_event\native_tif\LS_01868.tif,E:\LandSlide-Prediction\data\pre_event\png_256\LS_01868.png,
LS_01870,1,success,S2C_MSIL2A_20251003T050621_R076_T44NMP_20251003T090812,2.112417,0.0,2025-10-03,2025-09-01/2025-11-20,E:\LandSlide-Prediction\data\pre_event\native_tif\LS_01870.tif,E:\LandSlide-Prediction\data\pre_event\png_256\LS_01870.png,
LS_01871,1,success,S2C_MSIL2A_20251003T050621_R076_T44NMP_20251003T090812,2.112417,0.0,2025-10-03,2025-09-01/2025-11-20,E:\LandSlide-Prediction\data\pre_event\native_tif\LS_01871.tif,E:\LandSlide-Prediction\data\pre_event\png_256\LS_01871.png,
LS_01873,1,success,S2C_MSIL2A_20251003T050621_R076_T44NMP_20251003T090812,2.112417,0.0,2025-10-03,2025-09-01/2025-11-20,E:\LandSlide-Prediction\data\pre_event\native_tif\LS_01873.tif,E:\LandSlide-Prediction\data\pre_event\png_256\LS_01873.png,
LS_01874,1,success,S2C_MSIL2A_20251003T050621_R076_T44NMP_20251003T090812,2.112417,0.0,2025-10-03,2025-09-01/2025-11-20,E:\LandSlide-Prediction\data\pre_event\native_tif\LS_01874.tif,E:\LandSlide-Prediction\data\pre_event\png_256\LS_01874.png,
LS_01881,1,success,S2C_MSIL2A_20251003T050621_R076_T44NMP_20251003T090812,2.112417,0.0,2025-10-03,2025-09-01/2025-11-20,E:\LandSlide-Prediction\data\pre_event\native_tif\LS_01881.tif,E:\LandSlide-Prediction\data\pre_event\png_256\LS_01881.png,
LS_01885,1,success,S2C_MSIL2A_20251003T050621_R076_T44NMP_20251003T090812,2.112417,0.0,2025-10-03,2025-09-01/2025-11-20,E:\LandSlide-Prediction\data\pre_event\native_tif\LS_01885.tif,E:\LandSlide-Prediction\data\pre_event\png_256\LS_01885.png,
LS_01891,1,success,S2C_MSIL2A_20251003T050621_R076_T44NMP_20251003T090812,2.112417,0.0,2025-10-03,2025-09-01/2025-11-20,E:\LandSlide-Prediction\data\pre_event\native_tif\LS_01891.tif,E:\LandSlide-Prediction\data\pre_event\png_256\LS_01891.png,
LS_01893,1,success,S2C_MSIL2A_20251003T050621_R076_T44NMP_20251003T090812,2.112417,0.0,2025-10-03,2025-09-01/2025-11-20,E:\LandSlide-Prediction\data\pre_event\native_tif\LS_01893.tif,E:\LandSlide-Prediction\data\pre_event\png_256\LS_01893.png,
LS_01895,1,success,S2C_MSIL2A_20251003T050621_R076_T44NMP_20251003T090812,2.112417,0.0,2025-10-03,2025-09-01/2025-11-20,E:\LandSlide-Prediction\data\pre_event\native_tif\LS_01895.tif,E:\LandSlide-Prediction\data\pre_event\png_256\LS_01895.png,
LS_01897,1,success,S2C_MSIL2A_20251003T050621_R076_T44NMP_20251003T090812,2.112417,0.0,2025-10-03,2025-09-01/2025-11-20,E:\LandSlide-Prediction\data\pre_event\native_tif\LS_01897.tif,E:\LandSlide-Prediction\data\pre_event\png_256\LS_01897.png,
LS_01901,1,success,S2C_MSIL2A_20251003T050621_R076_T44NMP_20251003T090812,2.112417,0.0,2025-10-03,2025-09-01/2025-11-20,E:\LandSlide-Prediction\data\pre_event\native_tif\LS_01901.tif,E:\LandSlide-Prediction\data\pre_event\png_256\LS_01901.png,
LS_01902,1,success,S2C_MSIL2A_20251003T050621_R076_T44NMP_20251003T090812,2.112417,0.0,2025-10-03,2025-09-01/2025-11-20,E:\LandSlide-Prediction\data\pre_event\native_tif\LS_01902.tif,E:\LandSlide-Prediction\data\pre_event\png_256\LS_01902.png,
LS_01913,1,success,S2C_MSIL2A_20251003T050621_R076_T44NMP_20251003T090812,2.112417,0.0,2025-10-03,2025-09-01/2025-11-20,E:\LandSlide-Prediction\data\pre_event\native_tif\LS_01913.tif,E:\LandSlide-Prediction\data\pre_event\png_256\LS_01913.png,
LS_01916,1,success,S2C_MSIL2A_20251003T050621_R076_T44NMP_20251003T090812,2.112417,0.0,2025-10-03,2025-09-01/2025-11-20,E:\LandSlide-Prediction\data\pre_event\native_tif\LS_01916.tif,E:\LandSlide-Prediction\data\pre_event\png_256\LS_01916.png,
LS_01918,1,success,S2C_MSIL2A_20251003T050621_R076_T44NMP_20251003T090812,2.112417,0.0,2025-10-03,2025-09-01/2025-11-20,E:\LandSlide-Prediction\data\pre_event\native_tif\LS_01918.tif,E:\LandSlide-Prediction\data\pre_event\png_256\LS_01918.png,
LS_01919,1,success,S2C_MSIL2A_20251003T050621_R076_T44NMP_20251003T090812,2.112417,0.0,2025-10-03,2025-09-01/2025-11-20,E:\LandSlide-Prediction\data\pre_event\native_tif\LS_01919.tif,E:\LandSlide-Prediction\data\pre_event\png_256\LS_01919.png,
LS_01920,1,success,S2C_MSIL2A_20251003T050621_R076_T44NMP_20251003T090812,2.112417,0.0,2025-10-03,2025-09-01/2025-11-20,E:\LandSlide-Prediction\data\pre_event\native_tif\LS_01920.tif,E:\LandSlide-Prediction\data\pre_event\png_256\LS_01920.png,
LS_01921,1,success,S2C_MSIL2A_20251003T050621_R076_T44NMP_20251003T090812,2.112417,0.0,2025-10-03,2025-09-01/2025-11-20,E:\LandSlide-Prediction\data\pre_event\native_tif\LS_01921.tif,E:\LandSlide-Prediction\data\pre_event\png_256\LS_01921.png,
LS_01931,1,success,S2C_MSIL2A_20251003T050621_R076_T44NMP_20251003T090812,2.112417,0.0,2025-10-03,2025-09-01/2025-11-20,E:\LandSlide-Prediction\data\pre_event\native_tif\LS_01931.tif,E:\LandSlide-Prediction\data\pre_event\png_256\LS_01931.png,
LS_01934,1,success,S2C_MSIL2A_20251003T050621_R076_T44NMP_20251003T090812,2.112417,0.0,2025-10-03,2025-09-01/2025-11-20,E:\LandSlide-Prediction\data\pre_event\native_tif\LS_01934.tif,E:\LandSlide-Prediction\data\pre_event\png_256\LS_01934.png,
LS_01942,1,success,S2C_MSIL2A_20251003T050621_R076_T44NMP_20251003T090812,2.112417,0.0,2025-10-03,2025-09-01/2025-11-20,E:\LandSlide-Prediction\data\pre_event\native_tif\LS_01942.tif,E:\LandSlide-Prediction\data\pre_event\png_256\LS_01942.png,
LS_01950,1,success,S2C_MSIL2A_20251003T050621_R076_T44NMP_20251003T090812,2.112417,0.0,2025-10-03,2025-09-01/2025-11-20,E:\LandSlide-Prediction\data\pre_event\native_tif\LS_01950.tif,E:\LandSlide-Prediction\data\pre_event\png_256\LS_01950.png,
LS_01952,1,success,S2C_MSIL2A_20251003T050621_R076_T44NMP_20251003T090812,2.112417,0.0,2025-10-03,2025-09-01/2025-11-20,E:\LandSlide-Prediction\data\pre_event\native_tif\LS_01952.tif,E:\LandSlide-Prediction\data\pre_event\png_256\LS_01952.png,
LS_01954,1,success,S2C_MSIL2A_20251003T050621_R076_T44NMP_20251003T090812,2.112417,0.0,2025-10-03,2025-09-01/2025-11-20,E:\LandSlide-Prediction\data\pre_event\native_tif\LS_01954.tif,E:\LandSlide-Prediction\data\pre_event\png_256\LS_01954.png,
LS_01958,1,success,S2C_MSIL2A_20251003T050621_R076_T44NMP_20251003T090812,2.112417,0.0,2025-10-03,2025-09-01/2025-11-20,E:\LandSlide-Prediction\data\pre_event\native_tif\LS_01958.tif,E:\LandSlide-Prediction\data\pre_event\png_256\LS_01958.png,
LS_01959,1,success,S2C_MSIL2A_20251003T050621_R076_T44NMP_20251003T090812,2.112417,0.0,2025-10-03,2025-09-01/2025-11-20,E:\LandSlide-Prediction\data\pre_event\native_tif\LS_01959.tif,E:\LandSlide-Prediction\data\pre_event\png_256\LS_01959.png,
LS_01961,1,success,S2C_MSIL2A_20251003T050621_R076_T44NMP_20251003T090812,2.112417,0.0,2025-10-03,2025-09-01/2025-11-20,E:\LandSlide-Prediction\data\pre_event\native_tif\LS_01961.tif,E:\LandSlide-Prediction\data\pre_event\png_256\LS_01961.png,
LS_01963,1,success,S2C_MSIL2A_20251003T050621_R076_T44NMP_20251003T090812,2.112417,0.0,2025-10-03,2025-09-01/2025-11-20,E:\LandSlide-Prediction\data\pre_event\native_tif\LS_01963.tif,E:\LandSlide-Prediction\data\pre_event\png_256\LS_01963.png,
LS_01964,1,success,S2C_MSIL2A_20251003T050621_R076_T44NMP_20251003T090812,2.112417,0.0,2025-10-03,2025-09-01/2025-11-20,E:\LandSlide-Prediction\data\pre_event\native_tif\LS_01964.tif,E:\LandSlide-Prediction\data\pre_event\png_256\LS_01964.png,
LS_01965,1,success,S2C_MSIL2A_20251003T050621_R076_T44NMP_20251003T090812,2.112417,0.0,2025-10-03,2025-09-01/2025-11-20,E:\LandSlide-Prediction\data\pre_event\native_tif\LS_01965.tif,E:\LandSlide-Prediction\data\pre_event\png_256\LS_01965.png,
LS_01968,1,success,S2C_MSIL2A_20251003T050621_R076_T44NMP_20251003T090812,2.112417,0.0,2025-10-03,2025-09-01/2025-11-20,E:\LandSlide-Prediction\data\pre_event\native_tif\LS_01968.tif,E:\LandSlide-Prediction\data\pre_event\png_256\LS_01968.png,
LS_01971,1,success,S2C_MSIL2A_20251003T050621_R076_T44NMP_20251003T090812,2.112417,0.0,2025-10-03,2025-09-01/2025-11-20,E:\LandSlide-Prediction\data\pre_event\native_tif\LS_01971.tif,E:\LandSlide-Prediction\data\pre_event\png_256\LS_01971.png,
LS_01973,1,success,S2C_MSIL2A_20251003T050621_R076_T44NMP_20251003T090812,2.112417,0.0,2025-10-03,2025-09-01/2025-11-20,E:\LandSlide-Prediction\data\pre_event\native_tif\LS_01973.tif,E:\LandSlide-Prediction\data\pre_event\png_256\LS_01973.png,
LS_01974,1,success,S2C_MSIL2A_20251003T050621_R076_T44NMP_20251003T090812,2.112417,0.0,2025-10-03,2025-09-01/2025-11-20,E:\LandSlide-Prediction\data\pre_event\native_tif\LS_01974.tif,E:\LandSlide-Prediction\data\pre_event\png_256\LS_01974.png,
LS_01978,1,success,S2C_MSIL2A_20251003T050621_R076_T44NMP_20251003T090812,2.112417,0.0,2025-10-03,2025-09-01/2025-11-20,E:\LandSlide-Prediction\data\pre_event\native_tif\LS_01978.tif,E:\LandSlide-Prediction\data\pre_event\png_256\LS_01978.png,
LS_01979,1,success,S2C_MSIL2A_20251003T050621_R076_T44NMP_20251003T090812,2.112417,0.0,2025-10-03,2025-09-01/2025-11-20,E:\LandSlide-Prediction\data\pre_event\native_tif\LS_01979.tif,E:\LandSlide-Prediction\data\pre_event\png_256\LS_01979.png,
LS_01980,1,success,S2C_MSIL2A_20251003T050621_R076_T44NMP_20251003T090812,2.112417,0.0,2025-10-03,2025-09-01/2025-11-20,E:\LandSlide-Prediction\data\pre_event\native_tif\LS_01980.tif,E:\LandSlide-Prediction\data\pre_event\png_256\LS_01980.png,
LS_01981,1,success,S2C_MSIL2A_20251003T050621_R076_T44NMP_20251003T090812,2.112417,0.0,2025-10-03,2025-09-01/2025-11-20,E:\LandSlide-Prediction\data\pre_event\native_tif\LS_01981.tif,E:\LandSlide-Prediction\data\pre_event\png_256\LS_01981.png,
LS_01982,1,success,S2C_MSIL2A_20251003T050621_R076_T44NMP_20251003T090812,2.112417,0.0,2025-10-03,2025-09-01/2025-11-20,E:\LandSlide-Prediction\data\pre_event\native_tif\LS_01982.tif,E:\LandSlide-Prediction\data\pre_event\png_256\LS_01982.png,
LS_01987,1,success,S2C_MSIL2A_20251003T050621_R076_T44NMP_20251003T090812,2.112417,0.0,2025-10-03,2025-09-01/2025-11-20,E:\LandSlide-Prediction\data\pre_event\native_tif\LS_01987.tif,E:\LandSlide-Prediction\data\pre_event\png_256\LS_01987.png,
LS_01989,1,success,S2C_MSIL2A_20251003T050621_R076_T44NMP_20251003T090812,2.112417,0.0,2025-10-03,2025-09-01/2025-11-20,E:\LandSlide-Prediction\data\pre_event\native_tif\LS_01989.tif,E:\LandSlide-Prediction\data\pre_event\png_256\LS_01989.png,
LS_01990,1,success,S2C_MSIL2A_20251003T050621_R076_T44NMP_20251003T090812,2.112417,0.0,2025-10-03,2025-09-01/2025-11-20,E:\LandSlide-Prediction\data\pre_event\native_tif\LS_01990.tif,E:\LandSlide-Prediction\data\pre_event\png_256\LS_01990.png,
LS_01993,1,success,S2C_MSIL2A_20251003T050621_R076_T44NMP_20251003T090812,2.112417,0.0,2025-10-03,2025-09-01/2025-11-20,E:\LandSlide-Prediction\data\pre_event\native_tif\LS_01993.tif,E:\LandSlide-Prediction\data\pre_event\png_256\LS_01993.png,
LS_01997,1,success,S2C_MSIL2A_20251003T050621_R076_T44NMP_20251003T090812,2.112417,0.0,2025-10-03,2025-09-01/2025-11-20,E:\LandSlide-Prediction\data\pre_event\native_tif\LS_01997.tif,E:\LandSlide-Prediction\data\pre_event\png_256\LS_01997.png,
LS_02000,1,success,S2C_MSIL2A_20251003T050621_R076_T44NMP_20251003T090812,2.112417,0.0,2025-10-03,2025-09-01/2025-11-20,E:\LandSlide-Prediction\data\pre_event\native_tif\LS_02000.tif,E:\LandSlide-Prediction\data\pre_event\png_256\LS_02000.png,
LS_02004,1,success,S2C_MSIL2A_20251003T050621_R076_T44NMP_20251003T090812,2.112417,0.0,2025-10-03,2025-09-01/2025-11-20,E:\LandSlide-Prediction\data\pre_event\native_tif\LS_02004.tif,E:\LandSlide-Prediction\data\pre_event\png_256\LS_02004.png,
LS_02006,1,success,S2C_MSIL2A_20251003T050621_R076_T44NMP_20251003T090812,2.112417,0.0,2025-10-03,2025-09-01/2025-11-20,E:\LandSlide-Prediction\data\pre_event\native_tif\LS_02006.tif,E:\LandSlide-Prediction\data\pre_event\png_256\LS_02006.png,
LS_02008,1,success,S2C_MSIL2A_20251003T050621_R076_T44NMP_20251003T090812,2.112417,0.0,2025-10-03,2025-09-01/2025-11-20,E:\LandSlide-Prediction\data\pre_event\native_tif\LS_02008.tif,E:\LandSlide-Prediction\data\pre_event\png_256\LS_02008.png,
LS_02009,1,success,S2C_MSIL2A_20251003T050621_R076_T44NMP_20251003T090812,2.112417,0.0,2025-10-03,2025-09-01/2025-11-20,E:\LandSlide-Prediction\data\pre_event\native_tif\LS_02009.tif,E:\LandSlide-Prediction\data\pre_event\png_256\LS_02009.png,
LS_02012,1,success,S2C_MSIL2A_20251003T050621_R076_T44NMP_20251003T090812,2.112417,0.0,2025-10-03,2025-09-01/2025-11-20,E:\LandSlide-Prediction\data\pre_event\native_tif\LS_02012.tif,E:\LandSlide-Prediction\data\pre_event\png_256\LS_02012.png,
LS_02013,1,success,S2C_MSIL2A_20251003T050621_R076_T44NMP_20251003T090812,2.112417,0.0,2025-10-03,2025-09-01/2025-11-20,E:\LandSlide-Prediction\data\pre_event\native_tif\LS_02013.tif,E:\LandSlide-Prediction\data\pre_event\png_256\LS_02013.png,
LS_02014,1,success,S2C_MSIL2A_20251003T050621_R076_T44NMP_20251003T090812,2.112417,0.0,2025-10-03,2025-09-01/2025-11-20,E:\LandSlide-Prediction\data\pre_event\native_tif\LS_02014.tif,E:\LandSlide-Prediction\data\pre_event\png_256\LS_02014.png,
LS_02019,1,success,S2C_MSIL2A_20251003T050621_R076_T44NMP_20251003T090812,2.112417,0.0,2025-10-03,2025-09-01/2025-11-20,E:\LandSlide-Prediction\data\pre_event\native_tif\LS_02019.tif,E:\LandSlide-Prediction\data\pre_event\png_256\LS_02019.png,
LS_02022,1,success,S2C_MSIL2A_20251003T050621_R076_T44NMP_20251003T090812,2.112417,0.0,2025-10-03,2025-09-01/2025-11-20,E:\LandSlide-Prediction\data\pre_event\native_tif\LS_02022.tif,E:\LandSlide-Prediction\data\pre_event\png_256\LS_02022.png,
LS_02028,1,success,S2C_MSIL2A_20251003T050621_R076_T44NMP_20251003T090812,2.112417,0.0,2025-10-03,2025-09-01/2025-11-20,E:\LandSlide-Prediction\data\pre_event\native_tif\LS_02028.tif,E:\LandSlide-Prediction\data\pre_event\png_256\LS_02028.png,
LS_02030,1,success,S2C_MSIL2A_20251003T050621_R076_T44NMP_20251003T090812,2.112417,0.0,2025-10-03,2025-09-01/2025-11-20,E:\LandSlide-Prediction\data\pre_event\native_tif\LS_02030.tif,E:\LandSlide-Prediction\data\pre_event\png_256\LS_02030.png,
LS_02031,1,success,S2C_MSIL2A_20251003T050621_R076_T44NMP_20251003T090812,2.112417,0.0,2025-10-03,2025-09-01/2025-11-20,E:\LandSlide-Prediction\data\pre_event\native_tif\LS_02031.tif,E:\LandSlide-Prediction\data\pre_event\png_256\LS_02031.png,
LS_02034,1,success,S2C_MSIL2A_20251003T050621_R076_T44NMP_20251003T090812,2.112417,0.0,2025-10-03,2025-09-01/2025-11-20,E:\LandSlide-Prediction\data\pre_event\native_tif\LS_02034.tif,E:\LandSlide-Prediction\data\pre_event\png_256\LS_02034.png,
LS_02036,1,success,S2C_MSIL2A_20251003T050621_R076_T44NMP_20251003T090812,2.112417,0.0,2025-10-03,2025-09-01/2025-11-20,E:\LandSlide-Prediction\data\pre_event\native_tif\LS_02036.tif,E:\LandSlide-Prediction\data\pre_event\png_256\LS_02036.png,
LS_02037,1,success,S2C_MSIL2A_20251003T050621_R076_T44NMP_20251003T090812,2.112417,0.0,2025-10-03,2025-09-01/2025-11-20,E:\LandSlide-Prediction\data\pre_event\native_tif\LS_02037.tif,E:\LandSlide-Prediction\data\pre_event\png_256\LS_02037.png,
LS_02038,1,success,S2C_MSIL2A_20251003T050621_R076_T44NMP_20251003T090812,2.112417,0.0,2025-10-03,2025-09-01/2025-11-20,E:\LandSlide-Prediction\data\pre_event\native_tif\LS_02038.tif,E:\LandSlide-Prediction\data\pre_event\png_256\LS_02038.png,
LS_02039,1,success,S2C_MSIL2A_20251003T050621_R076_T44NMP_20251003T090812,2.112417,0.0,2025-10-03,2025-09-01/2025-11-20,E:\LandSlide-Prediction\data\pre_event\native_tif\LS_02039.tif,E:\LandSlide-Prediction\data\pre_event\png_256\LS_02039.png,
LS_02040,1,success,S2C_MSIL2A_20251003T050621_R076_T44NMP_20251003T090812,2.112417,0.0,2025-10-03,2025-09-01/2025-11-20,E:\LandSlide-Prediction\data\pre_event\native_tif\LS_02040.tif,E:\LandSlide-Prediction\data\pre_event\png_256\LS_02040.png,
LS_02045,1,success,S2C_MSIL2A_20251003T050621_R076_T44NMP_20251003T090812,2.112417,0.0,2025-10-03,2025-09-01/2025-11-20,E:\LandSlide-Prediction\data\pre_event\native_tif\LS_02045.tif,E:\LandSlide-Prediction\data\pre_event\png_256\LS_02045.png,
LS_02047,1,success,S2C_MSIL2A_20251003T050621_R076_T44NMP_20251003T090812,2.112417,0.0,2025-10-03,2025-09-01/2025-11-20,E:\LandSlide-Prediction\data\pre_event\native_tif\LS_02047.tif,E:\LandSlide-Prediction\data\pre_event\png_256\LS_02047.png,
LS_02050,1,success,S2C_MSIL2A_20251003T050621_R076_T44NMP_20251003T090812,2.112417,0.0,2025-10-03,2025-09-01/2025-11-20,E:\LandSlide-Prediction\data\pre_event\native_tif\LS_02050.tif,E:\LandSlide-Prediction\data\pre_event\png_256\LS_02050.png,
LS_02053,1,success,S2C_MSIL2A_20251003T050621_R076_T44NMP_20251003T090812,2.112417,0.0,2025-10-03,2025-09-01/2025-11-20,E:\LandSlide-Prediction\data\pre_event\native_tif\LS_02053.tif,E:\LandSlide-Prediction\data\pre_event\png_256\LS_02053.png,
LS_02055,1,success,S2C_MSIL2A_20251003T050621_R076_T44NMP_20251003T090812,2.112417,0.0,2025-10-03,2025-09-01/2025-11-20,E:\LandSlide-Prediction\data\pre_event\native_tif\LS_02055.tif,E:\LandSlide-Prediction\data\pre_event\png_256\LS_02055.png,
LS_02056,1,success,S2C_MSIL2A_20251003T050621_R076_T44NMP_20251003T090812,2.112417,0.0,2025-10-03,2025-09-01/2025-11-20,E:\LandSlide-Prediction\data\pre_event\native_tif\LS_02056.tif,E:\LandSlide-Prediction\data\pre_event\png_256\LS_02056.png,
LS_02059,1,success,S2C_MSIL2A_20251003T050621_R076_T44NMP_20251003T090812,2.112417,0.0,2025-10-03,2025-09-01/2025-11-20,E:\LandSlide-Prediction\data\pre_event\native_tif\LS_02059.tif,E:\LandSlide-Prediction\data\pre_event\png_256\LS_02059.png,
LS_02061,1,success,S2C_MSIL2A_20251003T050621_R076_T44NMP_20251003T090812,2.112417,0.0,2025-10-03,2025-09-01/2025-11-20,E:\LandSlide-Prediction\data\pre_event\native_tif\LS_02061.tif,E:\LandSlide-Prediction\data\pre_event\png_256\LS_02061.png,
LS_02065,1,success,S2C_MSIL2A_20251003T050621_R076_T44NMP_20251003T090812,2.112417,0.0,2025-10-03,2025-09-01/2025-11-20,E:\LandSlide-Prediction\data\pre_event\native_tif\LS_02065.tif,E:\LandSlide-Prediction\data\pre_event\png_256\LS_02065.png,
LS_02067,1,success,S2C_MSIL2A_20251003T050621_R076_T44NMP_20251003T090812,2.112417,0.0,2025-10-03,2025-09-01/2025-11-20,E:\LandSlide-Prediction\data\pre_event\native_tif\LS_02067.tif,E:\LandSlide-Prediction\data\pre_event\png_256\LS_02067.png,
LS_02073,1,success,S2C_MSIL2A_20251003T050621_R076_T44NMP_20251003T090812,2.112417,0.0,2025-10-03,2025-09-01/2025-11-20,E:\LandSlide-Prediction\data\pre_event\native_tif\LS_02073.tif,E:\LandSlide-Prediction\data\pre_event\png_256\LS_02073.png,
LS_02087,1,success,S2C_MSIL2A_20251003T050621_R076_T44NMP_20251003T090812,2.112417,0.0,2025-10-03,2025-09-01/2025-11-20,E:\LandSlide-Prediction\data\pre_event\native_tif\LS_02087.tif,E:\LandSlide-Prediction\data\pre_event\png_256\LS_02087.png,
LS_02088,1,success,S2C_MSIL2A_20251003T050621_R076_T44NMP_20251003T090812,2.112417,0.0,2025-10-03,2025-09-01/2025-11-20,E:\LandSlide-Prediction\data\pre_event\native_tif\LS_02088.tif,E:\LandSlide-Prediction\data\pre_event\png_256\LS_02088.png,
LS_02092,1,success,S2C_MSIL2A_20251003T050621_R076_T44NMP_20251003T090812,2.112417,0.0,2025-10-03,2025-09-01/2025-11-20,E:\LandSlide-Prediction\data\pre_event\native_tif\LS_02092.tif,E:\LandSlide-Prediction\data\pre_event\png_256\LS_02092.png,
LS_02095,1,success,S2C_MSIL2A_20251003T050621_R076_T44NMP_20251003T090812,2.112417,0.0,2025-10-03,2025-09-01/2025-11-20,E:\LandSlide-Prediction\data\pre_event\native_tif\LS_02095.tif,E:\LandSlide-Prediction\data\pre_event\png_256\LS_02095.png,
LS_02097,1,success,S2C_MSIL2A_20251003T050621_R076_T44NMP_20251003T090812,2.112417,0.0,2025-10-03,2025-09-01/2025-11-20,E:\LandSlide-Prediction\data\pre_event\native_tif\LS_02097.tif,E:\LandSlide-Prediction\data\pre_event\png_256\LS_02097.png,
LS_02099,1,success,S2C_MSIL2A_20251003T050621_R076_T44NMP_20251003T090812,2.112417,0.0,2025-10-03,2025-09-01/2025-11-20,E:\LandSlide-Prediction\data\pre_event\native_tif\LS_02099.tif,E:\LandSlide-Prediction\data\pre_event\png_256\LS_02099.png,
LS_02100,1,success,S2C_MSIL2A_20251003T050621_R076_T44NMP_20251003T090812,2.112417,0.0,2025-10-03,2025-09-01/2025-11-20,E:\LandSlide-Prediction\data\pre_event\native_tif\LS_02100.tif,E:\LandSlide-Prediction\data\pre_event\png_256\LS_02100.png,
LS_02101,1,success,S2C_MSIL2A_20251003T050621_R076_T44NMP_20251003T090812,2.112417,0.0,2025-10-03,2025-09-01/2025-11-20,E:\LandSlide-Prediction\data\pre_event\native_tif\LS_02101.tif,E:\LandSlide-Prediction\data\pre_event\png_256\LS_02101.png,
LS_02102,1,success,S2C_MSIL2A_20251003T050621_R076_T44NMP_20251003T090812,2.112417,0.0,2025-10-03,2025-09-01/2025-11-20,E:\LandSlide-Prediction\data\pre_event\native_tif\LS_02102.tif,E:\LandSlide-Prediction\data\pre_event\png_256\LS_02102.png,
LS_02104,1,success,S2C_MSIL2A_20251003T050621_R076_T44NMP_20251003T090812,2.112417,0.0,2025-10-03,2025-09-01/2025-11-20,E:\LandSlide-Prediction\data\pre_event\native_tif\LS_02104.tif,E:\LandSlide-Prediction\data\pre_event\png_256\LS_02104.png,
LS_02108,1,success,S2C_MSIL2A_20251003T050621_R076_T44NMP_20251003T090812,2.112417,0.0,2025-10-03,2025-09-01/2025-11-20,E:\LandSlide-Prediction\data\pre_event\native_tif\LS_02108.tif,E:\LandSlide-Prediction\data\pre_event\png_256\LS_02108.png,
LS_02109,1,success,S2C_MSIL2A_20251003T050621_R076_T44NMP_20251003T090812,2.112417,0.0,2025-10-03,2025-09-01/2025-11-20,E:\LandSlide-Prediction\data\pre_event\native_tif\LS_02109.tif,E:\LandSlide-Prediction\data\pre_event\png_256\LS_02109.png,
LS_02111,1,success,S2C_MSIL2A_20251003T050621_R076_T44NMP_20251003T090812,2.112417,0.0,2025-10-03,2025-09-01/2025-11-20,E:\LandSlide-Prediction\data\pre_event\native_tif\LS_02111.tif,E:\LandSlide-Prediction\data\pre_event\png_256\LS_02111.png,
LS_02112,1,success,S2C_MSIL2A_20251003T050621_R076_T44NMN_20251003T090812,8.674505,0.0,2025-10-03,2025-09-01/2025-11-20,E:\LandSlide-Prediction\data\pre_event\native_tif\LS_02112.tif,E:\LandSlide-Prediction\data\pre_event\png_256\LS_02112.png,
LS_02113,1,success,S2C_MSIL2A_20251003T050621_R076_T44NMN_20251003T090812,8.674505,0.0,2025-10-03,2025-09-01/2025-11-20,E:\LandSlide-Prediction\data\pre_event\native_tif\LS_02113.tif,E:\LandSlide-Prediction\data\pre_event\png_256\LS_02113.png,
LS_02114,1,success,S2C_MSIL2A_20251003T050621_R076_T44NMN_20251003T090812,8.674505,0.0,2025-10-03,2025-09-01/2025-11-20,E:\LandSlide-Prediction\data\pre_event\native_tif\LS_02114.tif,E:\LandSlide-Prediction\data\pre_event\png_256\LS_02114.png,
LS_02116,1,success,S2C_MSIL2A_20251003T050621_R076_T44NMN_20251003T090812,8.674505,0.0,2025-10-03,2025-09-01/2025-11-20,E:\LandSlide-Prediction\data\pre_event\native_tif\LS_02116.tif,E:\LandSlide-Prediction\data\pre_event\png_256\LS_02116.png,
LS_02117,1,success,S2C_MSIL2A_20251003T050621_R076_T44NMN_20251003T090812,8.674505,0.0,2025-10-03,2025-09-01/2025-11-20,E:\LandSlide-Prediction\data\pre_event\native_tif\LS_02117.tif,E:\LandSlide-Prediction\data\pre_event\png_256\LS_02117.png,
LS_02122,1,success,S2C_MSIL2A_20251003T050621_R076_T44NMN_20251003T090812,8.674505,0.0,2025-10-03,2025-09-01/2025-11-20,E:\LandSlide-Prediction\data\pre_event\native_tif\LS_02122.tif,E:\LandSlide-Prediction\data\pre_event\png_256\LS_02122.png,
LS_02123,1,success,S2C_MSIL2A_20251003T050621_R076_T44NMN_20251003T090812,8.674505,0.0,2025-10-03,2025-09-01/2025-11-20,E:\LandSlide-Prediction\data\pre_event\native_tif\LS_02123.tif,E:\LandSlide-Prediction\data\pre_event\png_256\LS_02123.png,
LS_02126,1,success,S2C_MSIL2A_20251003T050621_R076_T44NMN_20251003T090812,8.674505,0.0,2025-10-03,2025-09-01/2025-11-20,E:\LandSlide-Prediction\data\pre_event\native_tif\LS_02126.tif,E:\LandSlide-Prediction\data\pre_event\png_256\LS_02126.png,
LS_02128,1,success,S2C_MSIL2A_20251003T050621_R076_T44NMN_20251003T090812,8.674505,0.0,2025-10-03,2025-09-01/2025-11-20,E:\LandSlide-Prediction\data\pre_event\native_tif\LS_02128.tif,E:\LandSlide-Prediction\data\pre_event\png_256\LS_02128.png,
LS_02129,1,success,S2C_MSIL2A_20251003T050621_R076_T44NMN_20251003T090812,8.674505,0.0,2025-10-03,2025-09-01/2025-11-20,E:\LandSlide-Prediction\data\pre_event\native_tif\LS_02129.tif,E:\LandSlide-Prediction\data\pre_event\png_256\LS_02129.png,
LS_02130,1,success,S2C_MSIL2A_20251003T050621_R076_T44NMN_20251003T090812,8.674505,0.0,2025-10-03,2025-09-01/2025-11-20,E:\LandSlide-Prediction\data\pre_event\native_tif\LS_02130.tif,E:\LandSlide-Prediction\data\pre_event\png_256\LS_02130.png,
LS_02131,1,success,S2C_MSIL2A_20251003T050621_R076_T44NMN_20251003T090812,8.674505,0.0,2025-10-03,2025-09-01/2025-11-20,E:\LandSlide-Prediction\data\pre_event\native_tif\LS_02131.tif,E:\LandSlide-Prediction\data\pre_event\png_256\LS_02131.png,
LS_02132,1,success,S2C_MSIL2A_20251003T050621_R076_T44NMN_20251003T090812,8.674505,0.0,2025-10-03,2025-09-01/2025-11-20,E:\LandSlide-Prediction\data\pre_event\native_tif\LS_02132.tif,E:\LandSlide-Prediction\data\pre_event\png_256\LS_02132.png,
LS_02133,1,success,S2C_MSIL2A_20251003T050621_R076_T44NMN_20251003T090812,8.674505,0.0,2025-10-03,2025-09-01/2025-11-20,E:\LandSlide-Prediction\data\pre_event\native_tif\LS_02133.tif,E:\LandSlide-Prediction\data\pre_event\png_256\LS_02133.png,
LS_02134,1,success,S2C_MSIL2A_20251003T050621_R076_T44NMN_20251003T090812,8.674505,0.0,2025-10-03,2025-09-01/2025-11-20,E:\LandSlide-Prediction\data\pre_event\native_tif\LS_02134.tif,E:\LandSlide-Prediction\data\pre_event\png_256\LS_02134.png,
LS_02137,1,success,S2C_MSIL2A_20251003T050621_R076_T44NMN_20251003T090812,8.674505,0.0,2025-10-03,2025-09-01/2025-11-20,E:\LandSlide-Prediction\data\pre_event\native_tif\LS_02137.tif,E:\LandSlide-Prediction\data\pre_event\png_256\LS_02137.png,
LS_02139,1,success,S2C_MSIL2A_20251003T050621_R076_T44NMN_20251003T090812,8.674505,0.0,2025-10-03,2025-09-01/2025-11-20,E:\LandSlide-Prediction\data\pre_event\native_tif\LS_02139.tif,E:\LandSlide-Prediction\data\pre_event\png_256\LS_02139.png,
LS_02143,1,success,S2C_MSIL2A_20250913T050621_R076_T44NNN_20250913T092114,28.331435,0.0,2025-09-13,2025-09-01/2025-11-20,E:\LandSlide-Prediction\data\pre_event\native_tif\LS_02143.tif,E:\LandSlide-Prediction\data\pre_event\png_256\LS_02143.png,
LS_02145,1,success,S2C_MSIL2A_20251003T050621_R076_T44NMP_20251003T090812,2.112417,0.0,2025-10-03,2025-09-01/2025-11-20,E:\LandSlide-Prediction\data\pre_event\native_tif\LS_02145.tif,E:\LandSlide-Prediction\data\pre_event\png_256\LS_02145.png,
LS_02147,1,success,S2C_MSIL2A_20251003T050621_R076_T44NMP_20251003T090812,2.112417,0.0,2025-10-03,2025-09-01/2025-11-20,E:\LandSlide-Prediction\data\pre_event\native_tif\LS_02147.tif,E:\LandSlide-Prediction\data\pre_event\png_256\LS_02147.png,
LS_02156,1,success,S2C_MSIL2A_20251003T050621_R076_T44NMP_20251003T090812,2.112417,0.0,2025-10-03,2025-09-01/2025-11-20,E:\LandSlide-Prediction\data\pre_event\native_tif\LS_02156.tif,E:\LandSlide-Prediction\data\pre_event\png_256\LS_02156.png,
LS_02159,1,success,S2C_MSIL2A_20251003T050621_R076_T44NMP_20251003T090812,2.112417,0.0,2025-10-03,2025-09-01/2025-11-20,E:\LandSlide-Prediction\data\pre_event\native_tif\LS_02159.tif,E:\LandSlide-Prediction\data\pre_event\png_256\LS_02159.png,
LS_02162,1,success,S2C_MSIL2A_20251003T050621_R076_T44NMP_20251003T090812,2.112417,0.0,2025-10-03,2025-09-01/2025-11-20,E:\LandSlide-Prediction\data\pre_event\native_tif\LS_02162.tif,E:\LandSlide-Prediction\data\pre_event\png_256\LS_02162.png,
LS_02168,1,success,S2C_MSIL2A_20251003T050621_R076_T44NMP_20251003T090812,2.112417,0.0,2025-10-03,2025-09-01/2025-11-20,E:\LandSlide-Prediction\data\pre_event\native_tif\LS_02168.tif,E:\LandSlide-Prediction\data\pre_event\png_256\LS_02168.png,
LS_02170,1,success,S2C_MSIL2A_20251003T050621_R076_T44NMP_20251003T090812,2.112417,0.0,2025-10-03,2025-09-01/2025-11-20,E:\LandSlide-Prediction\data\pre_event\native_tif\LS_02170.tif,E:\LandSlide-Prediction\data\pre_event\png_256\LS_02170.png,
LS_02173,1,success,S2C_MSIL2A_20251003T050621_R076_T44NMP_20251003T090812,2.112417,0.0,2025-10-03,2025-09-01/2025-11-20,E:\LandSlide-Prediction\data\pre_event\native_tif\LS_02173.tif,E:\LandSlide-Prediction\data\pre_event\png_256\LS_02173.png,
LS_02176,1,success,S2C_MSIL2A_20251003T050621_R076_T44NMP_20251003T090812,2.112417,0.0,2025-10-03,2025-09-01/2025-11-20,E:\LandSlide-Prediction\data\pre_event\native_tif\LS_02176.tif,E:\LandSlide-Prediction\data\pre_event\png_256\LS_02176.png,
LS_02177,1,success,S2C_MSIL2A_20251003T050621_R076_T44NMP_20251003T090812,2.112417,0.0,2025-10-03,2025-09-01/2025-11-20,E:\LandSlide-Prediction\data\pre_event\native_tif\LS_02177.tif,E:\LandSlide-Prediction\data\pre_event\png_256\LS_02177.png,
LS_02181,1,success,S2C_MSIL2A_20251003T050621_R076_T44NMP_20251003T090812,2.112417,0.0,2025-10-03,2025-09-01/2025-11-20,E:\LandSlide-Prediction\data\pre_event\native_tif\LS_02181.tif,E:\LandSlide-Prediction\data\pre_event\png_256\LS_02181.png,
LS_02183,1,success,S2C_MSIL2A_20251003T050621_R076_T44NMP_20251003T090812,2.112417,0.0,2025-10-03,2025-09-01/2025-11-20,E:\LandSlide-Prediction\data\pre_event\native_tif\LS_02183.tif,E:\LandSlide-Prediction\data\pre_event\png_256\LS_02183.png,
LS_02185,1,success,S2C_MSIL2A_20251003T050621_R076_T44NMP_20251003T090812,2.112417,0.0,2025-10-03,2025-09-01/2025-11-20,E:\LandSlide-Prediction\data\pre_event\native_tif\LS_02185.tif,E:\LandSlide-Prediction\data\pre_event\png_256\LS_02185.png,
LS_02188,1,success,S2C_MSIL2A_20251003T050621_R076_T44NMP_20251003T090812,2.112417,0.0,2025-10-03,2025-09-01/2025-11-20,E:\LandSlide-Prediction\data\pre_event\native_tif\LS_02188.tif,E:\LandSlide-Prediction\data\pre_event\png_256\LS_02188.png,
LS_02189,1,success,S2C_MSIL2A_20251003T050621_R076_T44NMP_20251003T090812,2.112417,0.0,2025-10-03,2025-09-01/2025-11-20,E:\LandSlide-Prediction\data\pre_event\native_tif\LS_02189.tif,E:\LandSlide-Prediction\data\pre_event\png_256\LS_02189.png,
LS_02199,1,success,S2C_MSIL2A_20251003T050621_R076_T44NMP_20251003T090812,2.112417,0.0,2025-10-03,2025-09-01/2025-11-20,E:\LandSlide-Prediction\data\pre_event\native_tif\LS_02199.tif,E:\LandSlide-Prediction\data\pre_event\png_256\LS_02199.png,
LS_02207,1,success,S2C_MSIL2A_20251003T050621_R076_T44NMP_20251003T090812,2.112417,0.0,2025-10-03,2025-09-01/2025-11-20,E:\LandSlide-Prediction\data\pre_event\native_tif\LS_02207.tif,E:\LandSlide-Prediction\data\pre_event\png_256\LS_02207.png,
LS_02210,1,success,S2C_MSIL2A_20251003T050621_R076_T44NMP_20251003T090812,2.112417,0.0,2025-10-03,2025-09-01/2025-11-20,E:\LandSlide-Prediction\data\pre_event\native_tif\LS_02210.tif,E:\LandSlide-Prediction\data\pre_event\png_256\LS_02210.png,
LS_02213,1,success,S2C_MSIL2A_20251003T050621_R076_T44NMP_20251003T090812,2.112417,0.0,2025-10-03,2025-09-01/2025-11-20,E:\LandSlide-Prediction\data\pre_event\native_tif\LS_02213.tif,E:\LandSlide-Prediction\data\pre_event\png_256\LS_02213.png,
LS_02220,1,success,S2C_MSIL2A_20251003T050621_R076_T44NMP_20251003T090812,2.112417,0.0,2025-10-03,2025-09-01/2025-11-20,E:\LandSlide-Prediction\data\pre_event\native_tif\LS_02220.tif,E:\LandSlide-Prediction\data\pre_event\png_256\LS_02220.png,
LS_02221,1,success,S2C_MSIL2A_20251003T050621_R076_T44NMP_20251003T090812,2.112417,0.0,2025-10-03,2025-09-01/2025-11-20,E:\LandSlide-Prediction\data\pre_event\native_tif\LS_02221.tif,E:\LandSlide-Prediction\data\pre_event\png_256\LS_02221.png,
LS_02222,1,success,S2C_MSIL2A_20251003T050621_R076_T44NMP_20251003T090812,2.112417,0.0,2025-10-03,2025-09-01/2025-11-20,E:\LandSlide-Prediction\data\pre_event\native_tif\LS_02222.tif,E:\LandSlide-Prediction\data\pre_event\png_256\LS_02222.png,
LS_02230,1,success,S2C_MSIL2A_20251003T050621_R076_T44NMP_20251003T090812,2.112417,0.0,2025-10-03,2025-09-01/2025-11-20,E:\LandSlide-Prediction\data\pre_event\native_tif\LS_02230.tif,E:\LandSlide-Prediction\data\pre_event\png_256\LS_02230.png,
LS_02233,1,success,S2C_MSIL2A_20251003T050621_R076_T44NMN_20251003T090812,8.674505,0.0,2025-10-03,2025-09-01/2025-11-20,E:\LandSlide-Prediction\data\pre_event\native_tif\LS_02233.tif,E:\LandSlide-Prediction\data\pre_event\png_256\LS_02233.png,
LS_02234,1,success,S2C_MSIL2A_20251003T050621_R076_T44NMN_20251003T090812,8.674505,0.0,2025-10-03,2025-09-01/2025-11-20,E:\LandSlide-Prediction\data\pre_event\native_tif\LS_02234.tif,E:\LandSlide-Prediction\data\pre_event\png_256\LS_02234.png,
LS_02235,1,success,S2C_MSIL2A_20251003T050621_R076_T44NMN_20251003T090812,8.674505,0.0,2025-10-03,2025-09-01/2025-11-20,E:\LandSlide-Prediction\data\pre_event\native_tif\LS_02235.tif,E:\LandSlide-Prediction\data\pre_event\png_256\LS_02235.png,
LS_02236,1,success,S2C_MSIL2A_20251003T050621_R076_T44NMN_20251003T090812,8.674505,0.0,2025-10-03,2025-09-01/2025-11-20,E:\LandSlide-Prediction\data\pre_event\native_tif\LS_02236.tif,E:\LandSlide-Prediction\data\pre_event\png_256\LS_02236.png,
LS_02237,1,success,S2C_MSIL2A_20251003T050621_R076_T44NMN_20251003T090812,8.674505,0.0,2025-10-03,2025-09-01/2025-11-20,E:\LandSlide-Prediction\data\pre_event\native_tif\LS_02237.tif,E:\LandSlide-Prediction\data\pre_event\png_256\LS_02237.png,
LS_02241,1,success,S2C_MSIL2A_20251003T050621_R076_T44NMP_20251003T090812,2.112417,0.0,2025-10-03,2025-09-01/2025-11-20,E:\LandSlide-Prediction\data\pre_event\native_tif\LS_02241.tif,E:\LandSlide-Prediction\data\pre_event\png_256\LS_02241.png,
LS_02242,1,success,S2C_MSIL2A_20251003T050621_R076_T44NMP_20251003T090812,2.112417,0.0,2025-10-03,2025-09-01/2025-11-20,E:\LandSlide-Prediction\data\pre_event\native_tif\LS_02242.tif,E:\LandSlide-Prediction\data\pre_event\png_256\LS_02242.png,
LS_02244,1,success,S2C_MSIL2A_20251003T050621_R076_T44NMP_20251003T090812,2.112417,0.0,2025-10-03,2025-09-01/2025-11-20,E:\LandSlide-Prediction\data\pre_event\native_tif\LS_02244.tif,E:\LandSlide-Prediction\data\pre_event\png_256\LS_02244.png,
LS_02248,1,success,S2C_MSIL2A_20251003T050621_R076_T44NMP_20251003T090812,2.112417,0.0,2025-10-03,2025-09-01/2025-11-20,E:\LandSlide-Prediction\data\pre_event\native_tif\LS_02248.tif,E:\LandSlide-Prediction\data\pre_event\png_256\LS_02248.png,
LS_02253,1,success,S2C_MSIL2A_20251003T050621_R076_T44NMP_20251003T090812,2.112417,0.0,2025-10-03,2025-09-01/2025-11-20,E:\LandSlide-Prediction\data\pre_event\native_tif\LS_02253.tif,E:\LandSlide-Prediction\data\pre_event\png_256\LS_02253.png,
LS_02261,1,success,S2C_MSIL2A_20251003T050621_R076_T44NMP_20251003T090812,2.112417,0.0,2025-10-03,2025-09-01/2025-11-20,E:\LandSlide-Prediction\data\pre_event\native_tif\LS_02261.tif,E:\LandSlide-Prediction\data\pre_event\png_256\LS_02261.png,
LS_02264,1,success,S2C_MSIL2A_20251013T050611_R076_T44NNP_20251013T090413,10.470393,3.22,2025-10-13,2025-09-01/2025-11-20,E:\LandSlide-Prediction\data\pre_event\native_tif\LS_02264.tif,E:\LandSlide-Prediction\data\pre_event\png_256\LS_02264.png,
LS_02265,1,success,S2C_MSIL2A_20250913T050621_R076_T44NNN_20250913T092114,28.331435,0.0,2025-09-13,2025-09-01/2025-11-20,E:\LandSlide-Prediction\data\pre_event\native_tif\LS_02265.tif,E:\LandSlide-Prediction\data\pre_event\png_256\LS_02265.png,
LS_02266,1,success,S2C_MSIL2A_20250913T050621_R076_T44NNN_20250913T092114,28.331435,0.0,2025-09-13,2025-09-01/2025-11-20,E:\LandSlide-Prediction\data\pre_event\native_tif\LS_02266.tif,E:\LandSlide-Prediction\data\pre_event\png_256\LS_02266.png,
LS_02268,1,success,S2C_MSIL2A_20251003T050621_R076_T44NMP_20251003T090812,2.112417,0.0,2025-10-03,2025-09-01/2025-11-20,E:\LandSlide-Prediction\data\pre_event\native_tif\LS_02268.tif,E:\LandSlide-Prediction\data\pre_event\png_256\LS_02268.png,
LS_02269,1,success,S2C_MSIL2A_20251003T050621_R076_T44NMP_20251003T090812,2.112417,0.0,2025-10-03,2025-09-01/2025-11-20,E:\LandSlide-Prediction\data\pre_event\native_tif\LS_02269.tif,E:\LandSlide-Prediction\data\pre_event\png_256\LS_02269.png,
LS_02275,1,success,S2C_MSIL2A_20251003T050621_R076_T44NMP_20251003T090812,2.112417,0.0,2025-10-03,2025-09-01/2025-11-20,E:\LandSlide-Prediction\data\pre_event\native_tif\LS_02275.tif,E:\LandSlide-Prediction\data\pre_event\png_256\LS_02275.png,
LS_02279,1,success,S2C_MSIL2A_20251003T050621_R076_T44NMP_20251003T090812,2.112417,0.0,2025-10-03,2025-09-01/2025-11-20,E:\LandSlide-Prediction\data\pre_event\native_tif\LS_02279.tif,E:\LandSlide-Prediction\data\pre_event\png_256\LS_02279.png,
LS_02286,1,success,S2C_MSIL2A_20251003T050621_R076_T44NMP_20251003T090812,2.112417,0.0,2025-10-03,2025-09-01/2025-11-20,E:\LandSlide-Prediction\data\pre_event\native_tif\LS_02286.tif,E:\LandSlide-Prediction\data\pre_event\png_256\LS_02286.png,
LS_02289,1,success,S2C_MSIL2A_20251003T050621_R076_T44NMN_20251003T090812,8.674505,0.0,2025-10-03,2025-09-01/2025-11-20,E:\LandSlide-Prediction\data\pre_event\native_tif\LS_02289.tif,E:\LandSlide-Prediction\data\pre_event\png_256\LS_02289.png,
LS_02292,1,success,S2C_MSIL2A_20251003T050621_R076_T44NMN_20251003T090812,8.674505,0.0,2025-10-03,2025-09-01/2025-11-20,E:\LandSlide-Prediction\data\pre_event\native_tif\LS_02292.tif,E:\LandSlide-Prediction\data\pre_event\png_256\LS_02292.png,
LS_02299,1,success,S2C_MSIL2A_20251003T050621_R076_T44NMN_20251003T090812,8.674505,0.0,2025-10-03,2025-09-01/2025-11-20,E:\LandSlide-Prediction\data\pre_event\native_tif\LS_02299.tif,E:\LandSlide-Prediction\data\pre_event\png_256\LS_02299.png,
LS_02304,1,success,S2C_MSIL2A_20251003T050621_R076_T44NMN_20251003T090812,8.674505,0.0,2025-10-03,2025-09-01/2025-11-20,E:\LandSlide-Prediction\data\pre_event\native_tif\LS_02304.tif,E:\LandSlide-Prediction\data\pre_event\png_256\LS_02304.png,
LS_02315,1,success,S2C_MSIL2A_20251003T050621_R076_T44NMN_20251003T090812,8.674505,0.0,2025-10-03,2025-09-01/2025-11-20,E:\LandSlide-Prediction\data\pre_event\native_tif\LS_02315.tif,E:\LandSlide-Prediction\data\pre_event\png_256\LS_02315.png,
LS_02316,1,success,S2C_MSIL2A_20251003T050621_R076_T44NMN_20251003T090812,8.674505,0.0,2025-10-03,2025-09-01/2025-11-20,E:\LandSlide-Prediction\data\pre_event\native_tif\LS_02316.tif,E:\LandSlide-Prediction\data\pre_event\png_256\LS_02316.png,
LS_02318,1,success,S2C_MSIL2A_20251003T050621_R076_T44NMN_20251003T090812,8.674505,0.0,2025-10-03,2025-09-01/2025-11-20,E:\LandSlide-Prediction\data\pre_event\native_tif\LS_02318.tif,E:\LandSlide-Prediction\data\pre_event\png_256\LS_02318.png,
LS_02320,1,success,S2C_MSIL2A_20251003T050621_R076_T44NMN_20251003T090812,8.674505,0.0,2025-10-03,2025-09-01/2025-11-20,E:\LandSlide-Prediction\data\pre_event\native_tif\LS_02320.tif,E:\LandSlide-Prediction\data\pre_event\png_256\LS_02320.png,
LS_02333,1,success,S2C_MSIL2A_20251003T050621_R076_T44NMN_20251003T090812,8.674505,0.0,2025-10-03,2025-09-01/2025-11-20,E:\LandSlide-Prediction\data\pre_event\native_tif\LS_02333.tif,E:\LandSlide-Prediction\data\pre_event\png_256\LS_02333.png,
LS_02338,1,success,S2C_MSIL2A_20251003T050621_R076_T44NMN_20251003T090812,8.674505,0.0,2025-10-03,2025-09-01/2025-11-20,E:\LandSlide-Prediction\data\pre_event\native_tif\LS_02338.tif,E:\LandSlide-Prediction\data\pre_event\png_256\LS_02338.png,
LS_02344,1,success,S2C_MSIL2A_20251003T050621_R076_T44NMN_20251003T090812,8.674505,0.0,2025-10-03,2025-09-01/2025-11-20,E:\LandSlide-Prediction\data\pre_event\native_tif\LS_02344.tif,E:\LandSlide-Prediction\data\pre_event\png_256\LS_02344.png,
LS_02347,1,success,S2C_MSIL2A_20251003T050621_R076_T44NMN_20251003T090812,8.674505,0.0,2025-10-03,2025-09-01/2025-11-20,E:\LandSlide-Prediction\data\pre_event\native_tif\LS_02347.tif,E:\LandSlide-Prediction\data\pre_event\png_256\LS_02347.png,
LS_02351,1,success,S2C_MSIL2A_20251003T050621_R076_T44NMP_20251003T090812,2.112417,0.0,2025-10-03,2025-09-01/2025-11-20,E:\LandSlide-Prediction\data\pre_event\native_tif\LS_02351.tif,E:\LandSlide-Prediction\data\pre_event\png_256\LS_02351.png,
LS_02353,1,success,S2C_MSIL2A_20251003T050621_R076_T44NMP_20251003T090812,2.112417,0.0,2025-10-03,2025-09-01/2025-11-20,E:\LandSlide-Prediction\data\pre_event\native_tif\LS_02353.tif,E:\LandSlide-Prediction\data\pre_event\png_256\LS_02353.png,
LS_02355,1,success,S2C_MSIL2A_20251003T050621_R076_T44NMP_20251003T090812,2.112417,0.0,2025-10-03,2025-09-01/2025-11-20,E:\LandSlide-Prediction\data\pre_event\native_tif\LS_02355.tif,E:\LandSlide-Prediction\data\pre_event\png_256\LS_02355.png,
LS_02356,1,success,S2C_MSIL2A_20251003T050621_R076_T44NMN_20251003T090812,8.674505,0.0,2025-10-03,2025-09-01/2025-11-20,E:\LandSlide-Prediction\data\pre_event\native_tif\LS_02356.tif,E:\LandSlide-Prediction\data\pre_event\png_256\LS_02356.png,
LS_02362,1,success,S2C_MSIL2A_20251003T050621_R076_T44NMN_20251003T090812,8.674505,0.0,2025-10-03,2025-09-01/2025-11-20,E:\LandSlide-Prediction\data\pre_event\native_tif\LS_02362.tif,E:\LandSlide-Prediction\data\pre_event\png_256\LS_02362.png,
LS_02367,1,success,S2C_MSIL2A_20251003T050621_R076_T44NMN_20251003T090812,8.674505,0.0,2025-10-03,2025-09-01/2025-11-20,E:\LandSlide-Prediction\data\pre_event\native_tif\LS_02367.tif,E:\LandSlide-Prediction\data\pre_event\png_256\LS_02367.png,
LS_02369,1,success,S2C_MSIL2A_20251003T050621_R076_T44NMP_20251003T090812,2.112417,0.0,2025-10-03,2025-09-01/2025-11-20,E:\LandSlide-Prediction\data\pre_event\native_tif\LS_02369.tif,E:\LandSlide-Prediction\data\pre_event\png_256\LS_02369.png,
LS_02372,1,success,S2C_MSIL2A_20251003T050621_R076_T44NMN_20251003T090812,8.674505,0.0,2025-10-03,2025-09-01/2025-11-20,E:\LandSlide-Prediction\data\pre_event\native_tif\LS_02372.tif,E:\LandSlide-Prediction\data\pre_event\png_256\LS_02372.png,
LS_02377,1,success,S2C_MSIL2A_20251003T050621_R076_T44NMN_20251003T090812,8.674505,0.0,2025-10-03,2025-09-01/2025-11-20,E:\LandSlide-Prediction\data\pre_event\native_tif\LS_02377.tif,E:\LandSlide-Prediction\data\pre_event\png_256\LS_02377.png,
LS_02379,1,success,S2C_MSIL2A_20251003T050621_R076_T44NMN_20251003T090812,8.674505,0.0,2025-10-03,2025-09-01/2025-11-20,E:\LandSlide-Prediction\data\pre_event\native_tif\LS_02379.tif,E:\LandSlide-Prediction\data\pre_event\png_256\LS_02379.png,
LS_02381,1,success,S2C_MSIL2A_20251003T050621_R076_T44NMN_20251003T090812,8.674505,0.0,2025-10-03,2025-09-01/2025-11-20,E:\LandSlide-Prediction\data\pre_event\native_tif\LS_02381.tif,E:\LandSlide-Prediction\data\pre_event\png_256\LS_02381.png,
LS_02382,1,success,S2C_MSIL2A_20251003T050621_R076_T44NMN_20251003T090812,8.674505,0.0,2025-10-03,2025-09-01/2025-11-20,E:\LandSlide-Prediction\data\pre_event\native_tif\LS_02382.tif,E:\LandSlide-Prediction\data\pre_event\png_256\LS_02382.png,
LS_02387,1,success,S2C_MSIL2A_20251003T050621_R076_T44NMP_20251003T090812,2.112417,0.0,2025-10-03,2025-09-01/2025-11-20,E:\LandSlide-Prediction\data\pre_event\native_tif\LS_02387.tif,E:\LandSlide-Prediction\data\pre_event\png_256\LS_02387.png,
LS_02390,1,success,S2C_MSIL2A_20251003T050621_R076_T44NMP_20251003T090812,2.112417,0.0,2025-10-03,2025-09-01/2025-11-20,E:\LandSlide-Prediction\data\pre_event\native_tif\LS_02390.tif,E:\LandSlide-Prediction\data\pre_event\png_256\LS_02390.png,
LS_02394,1,success,S2C_MSIL2A_20251003T050621_R076_T44NMN_20251003T090812,8.674505,0.0,2025-10-03,2025-09-01/2025-11-20,E:\LandSlide-Prediction\data\pre_event\native_tif\LS_02394.tif,E:\LandSlide-Prediction\data\pre_event\png_256\LS_02394.png,
LS_02395,1,success,S2C_MSIL2A_20251003T050621_R076_T44NMN_20251003T090812,8.674505,0.0,2025-10-03,2025-09-01/2025-11-20,E:\LandSlide-Prediction\data\pre_event\native_tif\LS_02395.tif,E:\LandSlide-Prediction\data\pre_event\png_256\LS_02395.png,
LS_02396,1,success,S2C_MSIL2A_20251003T050621_R076_T44NMN_20251003T090812,8.674505,0.0,2025-10-03,2025-09-01/2025-11-20,E:\LandSlide-Prediction\data\pre_event\native_tif\LS_02396.tif,E:\LandSlide-Prediction\data\pre_event\png_256\LS_02396.png,
LS_02397,1,success,S2C_MSIL2A_20251003T050621_R076_T44NMN_20251003T090812,8.674505,0.0,2025-10-03,2025-09-01/2025-11-20,E:\LandSlide-Prediction\data\pre_event\native_tif\LS_02397.tif,E:\LandSlide-Prediction\data\pre_event\png_256\LS_02397.png,
LS_02399,1,success,S2C_MSIL2A_20251003T050621_R076_T44NMN_20251003T090812,8.674505,0.0,2025-10-03,2025-09-01/2025-11-20,E:\LandSlide-Prediction\data\pre_event\native_tif\LS_02399.tif,E:\LandSlide-Prediction\data\pre_event\png_256\LS_02399.png,
LS_02401,1,success,S2C_MSIL2A_20251003T050621_R076_T44NMN_20251003T090812,8.674505,0.0,2025-10-03,2025-09-01/2025-11-20,E:\LandSlide-Prediction\data\pre_event\native_tif\LS_02401.tif,E:\LandSlide-Prediction\data\pre_event\png_256\LS_02401.png,
LS_02402,1,success,S2C_MSIL2A_20251003T050621_R076_T44NMN_20251003T090812,8.674505,0.0,2025-10-03,2025-09-01/2025-11-20,E:\LandSlide-Prediction\data\pre_event\native_tif\LS_02402.tif,E:\LandSlide-Prediction\data\pre_event\png_256\LS_02402.png,
LS_02404,1,success,S2C_MSIL2A_20251003T050621_R076_T44NMN_20251003T090812,8.674505,0.0,2025-10-03,2025-09-01/2025-11-20,E:\LandSlide-Prediction\data\pre_event\native_tif\LS_02404.tif,E:\LandSlide-Prediction\data\pre_event\png_256\LS_02404.png,
LS_02405,1,success,S2C_MSIL2A_20251003T050621_R076_T44NMN_20251003T090812,8.674505,0.0,2025-10-03,2025-09-01/2025-11-20,E:\LandSlide-Prediction\data\pre_event\native_tif\LS_02405.tif,E:\LandSlide-Prediction\data\pre_event\png_256\LS_02405.png,
LS_02407,1,success,S2C_MSIL2A_20251003T050621_R076_T44NMN_20251003T090812,8.674505,0.0,2025-10-03,2025-09-01/2025-11-20,E:\LandSlide-Prediction\data\pre_event\native_tif\LS_02407.tif,E:\LandSlide-Prediction\data\pre_event\png_256\LS_02407.png,
LS_02410,1,success,S2C_MSIL2A_20251003T050621_R076_T44NMN_20251003T090812,8.674505,0.0,2025-10-03,2025-09-01/2025-11-20,E:\LandSlide-Prediction\data\pre_event\native_tif\LS_02410.tif,E:\LandSlide-Prediction\data\pre_event\png_256\LS_02410.png,
LS_02412,1,success,S2C_MSIL2A_20251003T050621_R076_T44NMN_20251003T090812,8.674505,0.0,2025-10-03,2025-09-01/2025-11-20,E:\LandSlide-Prediction\data\pre_event\native_tif\LS_02412.tif,E:\LandSlide-Prediction\data\pre_event\png_256\LS_02412.png,
LS_02417,1,success,S2C_MSIL2A_20251003T050621_R076_T44NMN_20251003T090812,8.674505,0.0,2025-10-03,2025-09-01/2025-11-20,E:\LandSlide-Prediction\data\pre_event\native_tif\LS_02417.tif,E:\LandSlide-Prediction\data\pre_event\png_256\LS_02417.png,
LS_02419,1,success,S2C_MSIL2A_20251003T050621_R076_T44NMN_20251003T090812,8.674505,0.0,2025-10-03,2025-09-01/2025-11-20,E:\LandSlide-Prediction\data\pre_event\native_tif\LS_02419.tif,E:\LandSlide-Prediction\data\pre_event\png_256\LS_02419.png,
LS_02424,1,success,S2C_MSIL2A_20251003T050621_R076_T44NMN_20251003T090812,8.674505,0.0,2025-10-03,2025-09-01/2025-11-20,E:\LandSlide-Prediction\data\pre_event\native_tif\LS_02424.tif,E:\LandSlide-Prediction\data\pre_event\png_256\LS_02424.png,
LS_02426,1,success,S2C_MSIL2A_20251003T050621_R076_T44NMN_20251003T090812,8.674505,0.0,2025-10-03,2025-09-01/2025-11-20,E:\LandSlide-Prediction\data\pre_event\native_tif\LS_02426.tif,E:\LandSlide-Prediction\data\pre_event\png_256\LS_02426.png,
LS_02427,1,success,S2C_MSIL2A_20251003T050621_R076_T44NMN_20251003T090812,8.674505,0.0,2025-10-03,2025-09-01/2025-11-20,E:\LandSlide-Prediction\data\pre_event\native_tif\LS_02427.tif,E:\LandSlide-Prediction\data\pre_event\png_256\LS_02427.png,
LS_02432,1,success,S2C_MSIL2A_20251003T050621_R076_T44NMN_20251003T090812,8.674505,0.0,2025-10-03,2025-09-01/2025-11-20,E:\LandSlide-Prediction\data\pre_event\native_tif\LS_02432.tif,E:\LandSlide-Prediction\data\pre_event\png_256\LS_02432.png,
LS_02433,1,success,S2C_MSIL2A_20251003T050621_R076_T44NMN_20251003T090812,8.674505,0.0,2025-10-03,2025-09-01/2025-11-20,E:\LandSlide-Prediction\data\pre_event\native_tif\LS_02433.tif,E:\LandSlide-Prediction\data\pre_event\png_256\LS_02433.png,
LS_02435,1,success,S2C_MSIL2A_20251003T050621_R076_T44NMN_20251003T090812,8.674505,0.0,2025-10-03,2025-09-01/2025-11-20,E:\LandSlide-Prediction\data\pre_event\native_tif\LS_02435.tif,E:\LandSlide-Prediction\data\pre_event\png_256\LS_02435.png,
LS_02437,1,success,S2C_MSIL2A_20251003T050621_R076_T44NMN_20251003T090812,8.674505,0.0,2025-10-03,2025-09-01/2025-11-20,E:\LandSlide-Prediction\data\pre_event\native_tif\LS_02437.tif,E:\LandSlide-Prediction\data\pre_event\png_256\LS_02437.png,
LS_02440,1,success,S2C_MSIL2A_20251003T050621_R076_T44NMN_20251003T090812,8.674505,0.0,2025-10-03,2025-09-01/2025-11-20,E:\LandSlide-Prediction\data\pre_event\native_tif\LS_02440.tif,E:\LandSlide-Prediction\data\pre_event\png_256\LS_02440.png,
LS_02441,1,success,S2C_MSIL2A_20251003T050621_R076_T44NMP_20251003T090812,2.112417,0.0,2025-10-03,2025-09-01/2025-11-20,E:\LandSlide-Prediction\data\pre_event\native_tif\LS_02441.tif,E:\LandSlide-Prediction\data\pre_event\png_256\LS_02441.png,
LS_02444,1,success,S2C_MSIL2A_20251003T050621_R076_T44NMN_20251003T090812,8.674505,0.0,2025-10-03,2025-09-01/2025-11-20,E:\LandSlide-Prediction\data\pre_event\native_tif\LS_02444.tif,E:\LandSlide-Prediction\data\pre_event\png_256\LS_02444.png,
LS_02450,1,success,S2C_MSIL2A_20251003T050621_R076_T44NMN_20251003T090812,8.674505,0.0,2025-10-03,2025-09-01/2025-11-20,E:\LandSlide-Prediction\data\pre_event\native_tif\LS_02450.tif,E:\LandSlide-Prediction\data\pre_event\png_256\LS_02450.png,
LS_02453,1,success,S2C_MSIL2A_20251003T050621_R076_T44NMN_20251003T090812,8.674505,0.0,2025-10-03,2025-09-01/2025-11-20,E:\LandSlide-Prediction\data\pre_event\native_tif\LS_02453.tif,E:\LandSlide-Prediction\data\pre_event\png_256\LS_02453.png,
LS_02454,1,success,S2C_MSIL2A_20251003T050621_R076_T44NMN_20251003T090812,8.674505,0.0,2025-10-03,2025-09-01/2025-11-20,E:\LandSlide-Prediction\data\pre_event\native_tif\LS_02454.tif,E:\LandSlide-Prediction\data\pre_event\png_256\LS_02454.png,
LS_02463,1,success,S2C_MSIL2A_20251003T050621_R076_T44NMN_20251003T090812,8.674505,0.0,2025-10-03,2025-09-01/2025-11-20,E:\LandSlide-Prediction\data\pre_event\native_tif\LS_02463.tif,E:\LandSlide-Prediction\data\pre_event\png_256\LS_02463.png,
LS_02467,1,success,S2C_MSIL2A_20251003T050621_R076_T44NMN_20251003T090812,8.674505,4.27,2025-10-03,2025-09-01/2025-11-20,E:\LandSlide-Prediction\data\pre_event\native_tif\LS_02467.tif,E:\LandSlide-Prediction\data\pre_event\png_256\LS_02467.png,
LS_02469,1,success,S2C_MSIL2A_20251003T050621_R076_T44NMN_20251003T090812,8.674505,0.0,2025-10-03,2025-09-01/2025-11-20,E:\LandSlide-Prediction\data\pre_event\native_tif\LS_02469.tif,E:\LandSlide-Prediction\data\pre_event\png_256\LS_02469.png,
LS_02470,1,success,S2C_MSIL2A_20251003T050621_R076_T44NMN_20251003T090812,8.674505,0.0,2025-10-03,2025-09-01/2025-11-20,E:\LandSlide-Prediction\data\pre_event\native_tif\LS_02470.tif,E:\LandSlide-Prediction\data\pre_event\png_256\LS_02470.png,
LS_02471,1,success,S2C_MSIL2A_20251003T050621_R076_T44NMN_20251003T090812,8.674505,0.0,2025-10-03,2025-09-01/2025-11-20,E:\LandSlide-Prediction\data\pre_event\native_tif\LS_02471.tif,E:\LandSlide-Prediction\data\pre_event\png_256\LS_02471.png,
LS_02472,1,success,S2C_MSIL2A_20251003T050621_R076_T44NMN_20251003T090812,8.674505,0.0,2025-10-03,2025-09-01/2025-11-20,E:\LandSlide-Prediction\data\pre_event\native_tif\LS_02472.tif,E:\LandSlide-Prediction\data\pre_event\png_256\LS_02472.png,
LS_02474,1,success,S2C_MSIL2A_20251013T050611_R076_T44NNN_20251013T090413,15.8978,0.0,2025-10-13,2025-09-01/2025-11-20,E:\LandSlide-Prediction\data\pre_event\native_tif\LS_02474.tif,E:\LandSlide-Prediction\data\pre_event\png_256\LS_02474.png,
LS_02476,1,success,S2C_MSIL2A_20251003T050621_R076_T44NMN_20251003T090812,8.674505,0.78,2025-10-03,2025-09-01/2025-11-20,E:\LandSlide-Prediction\data\pre_event\native_tif\LS_02476.tif,E:\LandSlide-Prediction\data\pre_event\png_256\LS_02476.png,
LS_02480,1,success,S2C_MSIL2A_20251003T050621_R076_T44NMN_20251003T090812,8.674505,0.0,2025-10-03,2025-09-01/2025-11-20,E:\LandSlide-Prediction\data\pre_event\native_tif\LS_02480.tif,E:\LandSlide-Prediction\data\pre_event\png_256\LS_02480.png,
LS_02482,1,success,S2C_MSIL2A_20251003T050621_R076_T44NMN_20251003T090812,8.674505,0.0,2025-10-03,2025-09-01/2025-11-20,E:\LandSlide-Prediction\data\pre_event\native_tif\LS_02482.tif,E:\LandSlide-Prediction\data\pre_event\png_256\LS_02482.png,
LS_02483,1,success,S2C_MSIL2A_20251013T050611_R076_T44NNP_20251013T090413,10.470393,0.0,2025-10-13,2025-09-01/2025-11-20,E:\LandSlide-Prediction\data\pre_event\native_tif\LS_02483.tif,E:\LandSlide-Prediction\data\pre_event\png_256\LS_02483.png,
LS_02485,1,success,S2B_MSIL2A_20250908T050559_R076_T44NNN_20250908T070833,27.121845,9.77,2025-09-08,2025-09-01/2025-11-20,E:\LandSlide-Prediction\data\pre_event\native_tif\LS_02485.tif,E:\LandSlide-Prediction\data\pre_event\png_256\LS_02485.png,
LS_02490,1,success,S2C_MSIL2A_20251013T050611_R076_T44NNP_20251013T090413,10.470393,12.18,2025-10-13,2025-09-01/2025-11-20,E:\LandSlide-Prediction\data\pre_event\native_tif\LS_02490.tif,E:\LandSlide-Prediction\data\pre_event\png_256\LS_02490.png,
LS_02492,1,success,S2C_MSIL2A_20250705T050621_R076_T44NNN_20250705T090658,0.83438,0.0,2025-07-05,2025-06-01/2025-08-31,E:\LandSlide-Prediction\data\pre_event\native_tif\LS_02492.tif,E:\LandSlide-Prediction\data\pre_event\png_256\LS_02492.png,
LS_02500,1,success,S2C_MSIL2A_20251013T050611_R076_T44NNP_20251013T090413,10.470393,1.07,2025-10-13,2025-09-01/2025-11-20,E:\LandSlide-Prediction\data\pre_event\native_tif\LS_02500.tif,E:\LandSlide-Prediction\data\pre_event\png_256\LS_02500.png,
LS_02502,1,success,S2C_MSIL2A_20251013T050611_R076_T44NNN_20251013T090413,15.8978,18.51,2025-10-13,2025-09-01/2025-11-20,E:\LandSlide-Prediction\data\pre_event\native_tif\LS_02502.tif,E:\LandSlide-Prediction\data\pre_event\png_256\LS_02502.png,
LS_02503,1,success,S2C_MSIL2A_20251013T050611_R076_T44NNP_20251013T090413,10.470393,0.0,2025-10-13,2025-09-01/2025-11-20,E:\LandSlide-Prediction\data\pre_event\native_tif\LS_02503.tif,E:\LandSlide-Prediction\data\pre_event\png_256\LS_02503.png,
LS_02504,1,success,S2C_MSIL2A_20251003T050621_R076_T44NMN_20251003T090812,8.674505,0.0,2025-10-03,2025-09-01/2025-11-20,E:\LandSlide-Prediction\data\pre_event\native_tif\LS_02504.tif,E:\LandSlide-Prediction\data\pre_event\png_256\LS_02504.png,
LS_02505,1,success,S2C_MSIL2A_20251003T050621_R076_T44NMN_20251003T090812,8.674505,0.0,2025-10-03,2025-09-01/2025-11-20,E:\LandSlide-Prediction\data\pre_event\native_tif\LS_02505.tif,E:\LandSlide-Prediction\data\pre_event\png_256\LS_02505.png,
LS_02507,1,success,S2C_MSIL2A_20251003T050621_R076_T44NMN_20251003T090812,8.674505,0.0,2025-10-03,2025-09-01/2025-11-20,E:\LandSlide-Prediction\data\pre_event\native_tif\LS_02507.tif,E:\LandSlide-Prediction\data\pre_event\png_256\LS_02507.png,
LS_02510,1,success,S2C_MSIL2A_20251003T050621_R076_T44NMN_20251003T090812,8.674505,0.0,2025-10-03,2025-09-01/2025-11-20,E:\LandSlide-Prediction\data\pre_event\native_tif\LS_02510.tif,E:\LandSlide-Prediction\data\pre_event\png_256\LS_02510.png,
LS_02511,1,success,S2C_MSIL2A_20251003T050621_R076_T44NMN_20251003T090812,8.674505,0.0,2025-10-03,2025-09-01/2025-11-20,E:\LandSlide-Prediction\data\pre_event\native_tif\LS_02511.tif,E:\LandSlide-Prediction\data\pre_event\png_256\LS_02511.png,
LS_02513,1,success,S2C_MSIL2A_20251003T050621_R076_T44NMN_20251003T090812,8.674505,0.0,2025-10-03,2025-09-01/2025-11-20,E:\LandSlide-Prediction\data\pre_event\native_tif\LS_02513.tif,E:\LandSlide-Prediction\data\pre_event\png_256\LS_02513.png,
LS_02514,1,success,S2C_MSIL2A_20251003T050621_R076_T44NMN_20251003T090812,8.674505,0.0,2025-10-03,2025-09-01/2025-11-20,E:\LandSlide-Prediction\data\pre_event\native_tif\LS_02514.tif,E:\LandSlide-Prediction\data\pre_event\png_256\LS_02514.png,
LS_02515,1,success,S2C_MSIL2A_20251003T050621_R076_T44NMN_20251003T090812,8.674505,0.0,2025-10-03,2025-09-01/2025-11-20,E:\LandSlide-Prediction\data\pre_event\native_tif\LS_02515.tif,E:\LandSlide-Prediction\data\pre_event\png_256\LS_02515.png,
LS_02518,1,success,S2C_MSIL2A_20251003T050621_R076_T44NMN_20251003T090812,8.674505,0.0,2025-10-03,2025-09-01/2025-11-20,E:\LandSlide-Prediction\data\pre_event\native_tif\LS_02518.tif,E:\LandSlide-Prediction\data\pre_event\png_256\LS_02518.png,
LS_02523,1,success,S2C_MSIL2A_20251003T050621_R076_T44NMN_20251003T090812,8.674505,0.0,2025-10-03,2025-09-01/2025-11-20,E:\LandSlide-Prediction\data\pre_event\native_tif\LS_02523.tif,E:\LandSlide-Prediction\data\pre_event\png_256\LS_02523.png,
LS_02529,1,success,S2C_MSIL2A_20251003T050621_R076_T44NMN_20251003T090812,8.674505,0.0,2025-10-03,2025-09-01/2025-11-20,E:\LandSlide-Prediction\data\pre_event\native_tif\LS_02529.tif,E:\LandSlide-Prediction\data\pre_event\png_256\LS_02529.png,
LS_02533,1,success,S2C_MSIL2A_20251003T050621_R076_T44NMN_20251003T090812,8.674505,0.0,2025-10-03,2025-09-01/2025-11-20,E:\LandSlide-Prediction\data\pre_event\native_tif\LS_02533.tif,E:\LandSlide-Prediction\data\pre_event\png_256\LS_02533.png,
LS_02534,1,success,S2C_MSIL2A_20251003T050621_R076_T44NMN_20251003T090812,8.674505,0.0,2025-10-03,2025-09-01/2025-11-20,E:\LandSlide-Prediction\data\pre_event\native_tif\LS_02534.tif,E:\LandSlide-Prediction\data\pre_event\png_256\LS_02534.png,
LS_02535,1,success,S2C_MSIL2A_20251003T050621_R076_T44NMN_20251003T090812,8.674505,0.0,2025-10-03,2025-09-01/2025-11-20,E:\LandSlide-Prediction\data\pre_event\native_tif\LS_02535.tif,E:\LandSlide-Prediction\data\pre_event\png_256\LS_02535.png,
LS_02536,1,success,S2C_MSIL2A_20251003T050621_R076_T44NMN_20251003T090812,8.674505,0.0,2025-10-03,2025-09-01/2025-11-20,E:\LandSlide-Prediction\data\pre_event\native_tif\LS_02536.tif,E:\LandSlide-Prediction\data\pre_event\png_256\LS_02536.png,
LS_02537,1,success,S2C_MSIL2A_20251003T050621_R076_T44NMN_20251003T090812,8.674505,0.0,2025-10-03,2025-09-01/2025-11-20,E:\LandSlide-Prediction\data\pre_event\native_tif\LS_02537.tif,E:\LandSlide-Prediction\data\pre_event\png_256\LS_02537.png,
LS_02540,1,success,S2C_MSIL2A_20251003T050621_R076_T44NMN_20251003T090812,8.674505,0.0,2025-10-03,2025-09-01/2025-11-20,E:\LandSlide-Prediction\data\pre_event\native_tif\LS_02540.tif,E:\LandSlide-Prediction\data\pre_event\png_256\LS_02540.png,
LS_02544,1,success,S2C_MSIL2A_20251003T050621_R076_T44NMN_20251003T090812,8.674505,0.0,2025-10-03,2025-09-01/2025-11-20,E:\LandSlide-Prediction\data\pre_event\native_tif\LS_02544.tif,E:\LandSlide-Prediction\data\pre_event\png_256\LS_02544.png,
LS_02546,1,success,S2C_MSIL2A_20251003T050621_R076_T44NMN_20251003T090812,8.674505,0.0,2025-10-03,2025-09-01/2025-11-20,E:\LandSlide-Prediction\data\pre_event\native_tif\LS_02546.tif,E:\LandSlide-Prediction\data\pre_event\png_256\LS_02546.png,
LS_02547,1,success,S2C_MSIL2A_20251003T050621_R076_T44NMN_20251003T090812,8.674505,0.0,2025-10-03,2025-09-01/2025-11-20,E:\LandSlide-Prediction\data\pre_event\native_tif\LS_02547.tif,E:\LandSlide-Prediction\data\pre_event\png_256\LS_02547.png,
LS_02548,1,success,S2C_MSIL2A_20251003T050621_R076_T44NMN_20251003T090812,8.674505,0.0,2025-10-03,2025-09-01/2025-11-20,E:\LandSlide-Prediction\data\pre_event\native_tif\LS_02548.tif,E:\LandSlide-Prediction\data\pre_event\png_256\LS_02548.png,
LS_02551,1,success,S2C_MSIL2A_20251003T050621_R076_T44NMN_20251003T090812,8.674505,0.0,2025-10-03,2025-09-01/2025-11-20,E:\LandSlide-Prediction\data\pre_event\native_tif\LS_02551.tif,E:\LandSlide-Prediction\data\pre_event\png_256\LS_02551.png,
LS_02554,1,success,S2C_MSIL2A_20251003T050621_R076_T44NMN_20251003T090812,8.674505,0.0,2025-10-03,2025-09-01/2025-11-20,E:\LandSlide-Prediction\data\pre_event\native_tif\LS_02554.tif,E:\LandSlide-Prediction\data\pre_event\png_256\LS_02554.png,
LS_02555,1,success,S2C_MSIL2A_20251003T050621_R076_T44NMN_20251003T090812,8.674505,0.0,2025-10-03,2025-09-01/2025-11-20,E:\LandSlide-Prediction\data\pre_event\native_tif\LS_02555.tif,E:\LandSlide-Prediction\data\pre_event\png_256\LS_02555.png,
LS_02556,1,success,S2C_MSIL2A_20251003T050621_R076_T44NMN_20251003T090812,8.674505,0.0,2025-10-03,2025-09-01/2025-11-20,E:\LandSlide-Prediction\data\pre_event\native_tif\LS_02556.tif,E:\LandSlide-Prediction\data\pre_event\png_256\LS_02556.png,
LS_02565,1,success,S2C_MSIL2A_20251003T050621_R076_T44NMN_20251003T090812,8.674505,0.0,2025-10-03,2025-09-01/2025-11-20,E:\LandSlide-Prediction\data\pre_event\native_tif\LS_02565.tif,E:\LandSlide-Prediction\data\pre_event\png_256\LS_02565.png,
LS_02571,1,success,S2C_MSIL2A_20251003T050621_R076_T44NNN_20251003T090812,23.541953,13.77,2025-10-03,2025-09-01/2025-11-20,E:\LandSlide-Prediction\data\pre_event\native_tif\LS_02571.tif,E:\LandSlide-Prediction\data\pre_event\png_256\LS_02571.png,
LS_02577,1,success,S2C_MSIL2A_20251013T050611_R076_T44NNP_20251013T090413,10.470393,0.0,2025-10-13,2025-09-01/2025-11-20,E:\LandSlide-Prediction\data\pre_event\native_tif\LS_02577.tif,E:\LandSlide-Prediction\data\pre_event\png_256\LS_02577.png,
LS_02580,1,success,S2C_MSIL2A_20251013T050611_R076_T44NNP_20251013T090413,10.470393,18.7,2025-10-13,2025-09-01/2025-11-20,E:\LandSlide-Prediction\data\pre_event\native_tif\LS_02580.tif,E:\LandSlide-Prediction\data\pre_event\png_256\LS_02580.png,
LS_02591,1,success,S2C_MSIL2A_20251003T050621_R076_T44NNP_20251003T090812,13.947764,24.17,2025-10-03,2025-09-01/2025-11-20,E:\LandSlide-Prediction\data\pre_event\native_tif\LS_02591.tif,E:\LandSlide-Prediction\data\pre_event\png_256\LS_02591.png,
LS_02592,1,success,S2C_MSIL2A_20251013T050611_R076_T44NNP_20251013T090413,10.470393,0.0,2025-10-13,2025-09-01/2025-11-20,E:\LandSlide-Prediction\data\pre_event\native_tif\LS_02592.tif,E:\LandSlide-Prediction\data\pre_event\png_256\LS_02592.png,
LS_02601,1,success,S2C_MSIL2A_20251013T050611_R076_T44NNP_20251013T090413,10.470393,0.0,2025-10-13,2025-09-01/2025-11-20,E:\LandSlide-Prediction\data\pre_event\native_tif\LS_02601.tif,E:\LandSlide-Prediction\data\pre_event\png_256\LS_02601.png,
LS_02602,1,success,S2C_MSIL2A_20250913T050621_R076_T44NNN_20250913T092114,28.331435,0.0,2025-09-13,2025-09-01/2025-11-20,E:\LandSlide-Prediction\data\pre_event\native_tif\LS_02602.tif,E:\LandSlide-Prediction\data\pre_event\png_256\LS_02602.png,
LS_02605,1,success,S2C_MSIL2A_20250913T050621_R076_T44NNN_20250913T092114,28.331435,0.0,2025-09-13,2025-09-01/2025-11-20,E:\LandSlide-Prediction\data\pre_event\native_tif\LS_02605.tif,E:\LandSlide-Prediction\data\pre_event\png_256\LS_02605.png,
LS_02613,1,success,S2C_MSIL2A_20250913T050621_R076_T44NNN_20250913T092114,28.331435,0.0,2025-09-13,2025-09-01/2025-11-20,E:\LandSlide-Prediction\data\pre_event\native_tif\LS_02613.tif,E:\LandSlide-Prediction\data\pre_event\png_256\LS_02613.png,
LS_02615,1,success,S2C_MSIL2A_20250913T050621_R076_T44NNN_20250913T092114,28.331435,0.0,2025-09-13,2025-09-01/2025-11-20,E:\LandSlide-Prediction\data\pre_event\native_tif\LS_02615.tif,E:\LandSlide-Prediction\data\pre_event\png_256\LS_02615.png,
LS_02620,1,success,S2B_MSIL2A_20251008T050559_R076_T44NNN_20251008T082000,19.039197,7.62,2025-10-08,2025-09-01/2025-11-20,E:\LandSlide-Prediction\data\pre_event\native_tif\LS_02620.tif,E:\LandSlide-Prediction\data\pre_event\png_256\LS_02620.png,
LS_02621,1,success,S2C_MSIL2A_20251013T050611_R076_T44NNN_20251013T090413,15.8978,0.0,2025-10-13,2025-09-01/2025-11-20,E:\LandSlide-Prediction\data\pre_event\native_tif\LS_02621.tif,E:\LandSlide-Prediction\data\pre_event\png_256\LS_02621.png,
LS_02622,1,success,S2C_MSIL2A_20251013T050611_R076_T44NNN_20251013T090413,15.8978,0.0,2025-10-13,2025-09-01/2025-11-20,E:\LandSlide-Prediction\data\pre_event\native_tif\LS_02622.tif,E:\LandSlide-Prediction\data\pre_event\png_256\LS_02622.png,
LS_02623,1,success,S2C_MSIL2A_20250913T050621_R076_T44NNN_20250913T092114,28.331435,0.0,2025-09-13,2025-09-01/2025-11-20,E:\LandSlide-Prediction\data\pre_event\native_tif\LS_02623.tif,E:\LandSlide-Prediction\data\pre_event\png_256\LS_02623.png,
LS_02624,1,success,S2C_MSIL2A_20251013T050611_R076_T44NNN_20251013T090413,15.8978,0.0,2025-10-13,2025-09-01/2025-11-20,E:\LandSlide-Prediction\data\pre_event\native_tif\LS_02624.tif,E:\LandSlide-Prediction\data\pre_event\png_256\LS_02624.png,
LS_02625,1,success,S2C_MSIL2A_20251013T050611_R076_T44NNN_20251013T090413,15.8978,0.49,2025-10-13,2025-09-01/2025-11-20,E:\LandSlide-Prediction\data\pre_event\native_tif\LS_02625.tif,E:\LandSlide-Prediction\data\pre_event\png_256\LS_02625.png,
LS_02626,1,success,S2C_MSIL2A_20251013T050611_R076_T44NNN_20251013T090413,15.8978,0.0,2025-10-13,2025-09-01/2025-11-20,E:\LandSlide-Prediction\data\pre_event\native_tif\LS_02626.tif,E:\LandSlide-Prediction\data\pre_event\png_256\LS_02626.png,
LS_02627,1,success,S2C_MSIL2A_20251013T050611_R076_T44NNN_20251013T090413,15.8978,0.0,2025-10-13,2025-09-01/2025-11-20,E:\LandSlide-Prediction\data\pre_event\native_tif\LS_02627.tif,E:\LandSlide-Prediction\data\pre_event\png_256\LS_02627.png,
LS_02628,1,success,S2B_MSIL2A_20251008T050559_R076_T44NNN_20251008T082000,19.039197,0.0,2025-10-08,2025-09-01/2025-11-20,E:\LandSlide-Prediction\data\pre_event\native_tif\LS_02628.tif,E:\LandSlide-Prediction\data\pre_event\png_256\LS_02628.png,
LS_02630,1,success,S2C_MSIL2A_20251013T050611_R076_T44NNN_20251013T090413,15.8978,7.47,2025-10-13,2025-09-01/2025-11-20,E:\LandSlide-Prediction\data\pre_event\native_tif\LS_02630.tif,E:\LandSlide-Prediction\data\pre_event\png_256\LS_02630.png,
LS_02632,1,success,S2C_MSIL2A_20251003T050621_R076_T44NMN_20251003T090812,8.674505,0.0,2025-10-03,2025-09-01/2025-11-20,E:\LandSlide-Prediction\data\pre_event\native_tif\LS_02632.tif,E:\LandSlide-Prediction\data\pre_event\png_256\LS_02632.png,
LS_02633,1,success,S2C_MSIL2A_20251003T050621_R076_T44NMN_20251003T090812,8.674505,0.0,2025-10-03,2025-09-01/2025-11-20,E:\LandSlide-Prediction\data\pre_event\native_tif\LS_02633.tif,E:\LandSlide-Prediction\data\pre_event\png_256\LS_02633.png,
LS_02634,1,success,S2C_MSIL2A_20251003T050621_R076_T44NMN_20251003T090812,8.674505,0.0,2025-10-03,2025-09-01/2025-11-20,E:\LandSlide-Prediction\data\pre_event\native_tif\LS_02634.tif,E:\LandSlide-Prediction\data\pre_event\png_256\LS_02634.png,
LS_02635,1,success,S2C_MSIL2A_20251003T050621_R076_T44NMN_20251003T090812,8.674505,0.78,2025-10-03,2025-09-01/2025-11-20,E:\LandSlide-Prediction\data\pre_event\native_tif\LS_02635.tif,E:\LandSlide-Prediction\data\pre_event\png_256\LS_02635.png,
LS_02638,1,success,S2C_MSIL2A_20251003T050621_R076_T44NMN_20251003T090812,8.674505,0.0,2025-10-03,2025-09-01/2025-11-20,E:\LandSlide-Prediction\data\pre_event\native_tif\LS_02638.tif,E:\LandSlide-Prediction\data\pre_event\png_256\LS_02638.png,
LS_02642,1,success,S2C_MSIL2A_20251003T050621_R076_T44NMN_20251003T090812,8.674505,0.0,2025-10-03,2025-09-01/2025-11-20,E:\LandSlide-Prediction\data\pre_event\native_tif\LS_02642.tif,E:\LandSlide-Prediction\data\pre_event\png_256\LS_02642.png,
LS_02644,1,success,S2C_MSIL2A_20251003T050621_R076_T44NMN_20251003T090812,8.674505,0.0,2025-10-03,2025-09-01/2025-11-20,E:\LandSlide-Prediction\data\pre_event\native_tif\LS_02644.tif,E:\LandSlide-Prediction\data\pre_event\png_256\LS_02644.png,
LS_02646,1,success,S2C_MSIL2A_20251003T050621_R076_T44NMN_20251003T090812,8.674505,0.0,2025-10-03,2025-09-01/2025-11-20,E:\LandSlide-Prediction\data\pre_event\native_tif\LS_02646.tif,E:\LandSlide-Prediction\data\pre_event\png_256\LS_02646.png,
LS_02651,1,success,S2C_MSIL2A_20251003T050621_R076_T44NMN_20251003T090812,8.674505,0.0,2025-10-03,2025-09-01/2025-11-20,E:\LandSlide-Prediction\data\pre_event\native_tif\LS_02651.tif,E:\LandSlide-Prediction\data\pre_event\png_256\LS_02651.png,
LS_02656,1,success,S2C_MSIL2A_20251003T050621_R076_T44NMN_20251003T090812,8.674505,0.0,2025-10-03,2025-09-01/2025-11-20,E:\LandSlide-Prediction\data\pre_event\native_tif\LS_02656.tif,E:\LandSlide-Prediction\data\pre_event\png_256\LS_02656.png,
LS_02669,1,success,S2C_MSIL2A_20251003T050621_R076_T44NMN_20251003T090812,8.674505,0.0,2025-10-03,2025-09-01/2025-11-20,E:\LandSlide-Prediction\data\pre_event\native_tif\LS_02669.tif,E:\LandSlide-Prediction\data\pre_event\png_256\LS_02669.png,
LS_02678,1,success,S2C_MSIL2A_20251003T050621_R076_T44NMN_20251003T090812,8.674505,0.0,2025-10-03,2025-09-01/2025-11-20,E:\LandSlide-Prediction\data\pre_event\native_tif\LS_02678.tif,E:\LandSlide-Prediction\data\pre_event\png_256\LS_02678.png,
LS_02685,1,success,S2C_MSIL2A_20251003T050621_R076_T44NMN_20251003T090812,8.674505,0.0,2025-10-03,2025-09-01/2025-11-20,E:\LandSlide-Prediction\data\pre_event\native_tif\LS_02685.tif,E:\LandSlide-Prediction\data\pre_event\png_256\LS_02685.png,
LS_02687,1,success,S2C_MSIL2A_20251003T050621_R076_T44NMN_20251003T090812,8.674505,0.0,2025-10-03,2025-09-01/2025-11-20,E:\LandSlide-Prediction\data\pre_event\native_tif\LS_02687.tif,E:\LandSlide-Prediction\data\pre_event\png_256\LS_02687.png,
LS_02688,1,success,S2C_MSIL2A_20251003T050621_R076_T44NMN_20251003T090812,8.674505,0.0,2025-10-03,2025-09-01/2025-11-20,E:\LandSlide-Prediction\data\pre_event\native_tif\LS_02688.tif,E:\LandSlide-Prediction\data\pre_event\png_256\LS_02688.png,
LS_02689,1,success,S2C_MSIL2A_20251003T050621_R076_T44NMN_20251003T090812,8.674505,0.0,2025-10-03,2025-09-01/2025-11-20,E:\LandSlide-Prediction\data\pre_event\native_tif\LS_02689.tif,E:\LandSlide-Prediction\data\pre_event\png_256\LS_02689.png,
LS_02691,1,success,S2C_MSIL2A_20251003T050621_R076_T44NMN_20251003T090812,8.674505,0.0,2025-10-03,2025-09-01/2025-11-20,E:\LandSlide-Prediction\data\pre_event\native_tif\LS_02691.tif,E:\LandSlide-Prediction\data\pre_event\png_256\LS_02691.png,
LS_02695,1,success,S2C_MSIL2A_20251003T050621_R076_T44NMN_20251003T090812,8.674505,0.0,2025-10-03,2025-09-01/2025-11-20,E:\LandSlide-Prediction\data\pre_event\native_tif\LS_02695.tif,E:\LandSlide-Prediction\data\pre_event\png_256\LS_02695.png,
LS_02696,1,success,S2C_MSIL2A_20251003T050621_R076_T44NMN_20251003T090812,8.674505,0.0,2025-10-03,2025-09-01/2025-11-20,E:\LandSlide-Prediction\data\pre_event\native_tif\LS_02696.tif,E:\LandSlide-Prediction\data\pre_event\png_256\LS_02696.png,
LS_02701,1,success,S2C_MSIL2A_20251003T050621_R076_T44NMN_20251003T090812,8.674505,0.0,2025-10-03,2025-09-01/2025-11-20,E:\LandSlide-Prediction\data\pre_event\native_tif\LS_02701.tif,E:\LandSlide-Prediction\data\pre_event\png_256\LS_02701.png,
LS_02704,1,success,S2C_MSIL2A_20251003T050621_R076_T44NMN_20251003T090812,8.674505,0.0,2025-10-03,2025-09-01/2025-11-20,E:\LandSlide-Prediction\data\pre_event\native_tif\LS_02704.tif,E:\LandSlide-Prediction\data\pre_event\png_256\LS_02704.png,
LS_02706,1,success,S2C_MSIL2A_20251003T050621_R076_T44NMN_20251003T090812,8.674505,0.0,2025-10-03,2025-09-01/2025-11-20,E:\LandSlide-Prediction\data\pre_event\native_tif\LS_02706.tif,E:\LandSlide-Prediction\data\pre_event\png_256\LS_02706.png,
LS_02707,1,success,S2C_MSIL2A_20251003T050621_R076_T44NMN_20251003T090812,8.674505,0.0,2025-10-03,2025-09-01/2025-11-20,E:\LandSlide-Prediction\data\pre_event\native_tif\LS_02707.tif,E:\LandSlide-Prediction\data\pre_event\png_256\LS_02707.png,
LS_02710,1,success,S2C_MSIL2A_20251003T050621_R076_T44NMN_20251003T090812,8.674505,0.0,2025-10-03,2025-09-01/2025-11-20,E:\LandSlide-Prediction\data\pre_event\native_tif\LS_02710.tif,E:\LandSlide-Prediction\data\pre_event\png_256\LS_02710.png,
LS_02712,1,success,S2C_MSIL2A_20251003T050621_R076_T44NMN_20251003T090812,8.674505,0.0,2025-10-03,2025-09-01/2025-11-20,E:\LandSlide-Prediction\data\pre_event\native_tif\LS_02712.tif,E:\LandSlide-Prediction\data\pre_event\png_256\LS_02712.png,
LS_02713,1,success,S2C_MSIL2A_20251003T050621_R076_T44NMN_20251003T090812,8.674505,0.0,2025-10-03,2025-09-01/2025-11-20,E:\LandSlide-Prediction\data\pre_event\native_tif\LS_02713.tif,E:\LandSlide-Prediction\data\pre_event\png_256\LS_02713.png,
LS_02715,1,success,S2C_MSIL2A_20251003T050621_R076_T44NMN_20251003T090812,8.674505,0.0,2025-10-03,2025-09-01/2025-11-20,E:\LandSlide-Prediction\data\pre_event\native_tif\LS_02715.tif,E:\LandSlide-Prediction\data\pre_event\png_256\LS_02715.png,
LS_02716,1,success,S2C_MSIL2A_20251003T050621_R076_T44NMN_20251003T090812,8.674505,0.0,2025-10-03,2025-09-01/2025-11-20,E:\LandSlide-Prediction\data\pre_event\native_tif\LS_02716.tif,E:\LandSlide-Prediction\data\pre_event\png_256\LS_02716.png,
LS_02718,1,success,S2C_MSIL2A_20251003T050621_R076_T44NMN_20251003T090812,8.674505,0.0,2025-10-03,2025-09-01/2025-11-20,E:\LandSlide-Prediction\data\pre_event\native_tif\LS_02718.tif,E:\LandSlide-Prediction\data\pre_event\png_256\LS_02718.png,
LS_02721,1,success,S2C_MSIL2A_20251003T050621_R076_T44NMN_20251003T090812,8.674505,0.0,2025-10-03,2025-09-01/2025-11-20,E:\LandSlide-Prediction\data\pre_event\native_tif\LS_02721.tif,E:\LandSlide-Prediction\data\pre_event\png_256\LS_02721.png,
LS_02729,1,success,S2C_MSIL2A_20251003T050621_R076_T44NMN_20251003T090812,8.674505,0.0,2025-10-03,2025-09-01/2025-11-20,E:\LandSlide-Prediction\data\pre_event\native_tif\LS_02729.tif,E:\LandSlide-Prediction\data\pre_event\png_256\LS_02729.png,
LS_02732,1,success,S2C_MSIL2A_20251003T050621_R076_T44NMN_20251003T090812,8.674505,0.0,2025-10-03,2025-09-01/2025-11-20,E:\LandSlide-Prediction\data\pre_event\native_tif\LS_02732.tif,E:\LandSlide-Prediction\data\pre_event\png_256\LS_02732.png,
LS_02735,1,success,S2C_MSIL2A_20251003T050621_R076_T44NMN_20251003T090812,8.674505,0.0,2025-10-03,2025-09-01/2025-11-20,E:\LandSlide-Prediction\data\pre_event\native_tif\LS_02735.tif,E:\LandSlide-Prediction\data\pre_event\png_256\LS_02735.png,
LS_02736,1,success,S2C_MSIL2A_20251003T050621_R076_T44NMN_20251003T090812,8.674505,0.0,2025-10-03,2025-09-01/2025-11-20,E:\LandSlide-Prediction\data\pre_event\native_tif\LS_02736.tif,E:\LandSlide-Prediction\data\pre_event\png_256\LS_02736.png,
LS_02740,1,success,S2C_MSIL2A_20251003T050621_R076_T44NMN_20251003T090812,8.674505,0.0,2025-10-03,2025-09-01/2025-11-20,E:\LandSlide-Prediction\data\pre_event\native_tif\LS_02740.tif,E:\LandSlide-Prediction\data\pre_event\png_256\LS_02740.png,
LS_02745,1,success,S2C_MSIL2A_20251003T050621_R076_T44NMN_20251003T090812,8.674505,0.0,2025-10-03,2025-09-01/2025-11-20,E:\LandSlide-Prediction\data\pre_event\native_tif\LS_02745.tif,E:\LandSlide-Prediction\data\pre_event\png_256\LS_02745.png,
LS_02747,1,success,S2C_MSIL2A_20251003T050621_R076_T44NMN_20251003T090812,8.674505,0.0,2025-10-03,2025-09-01/2025-11-20,E:\LandSlide-Prediction\data\pre_event\native_tif\LS_02747.tif,E:\LandSlide-Prediction\data\pre_event\png_256\LS_02747.png,
LS_02750,1,success,S2C_MSIL2A_20251003T050621_R076_T44NMN_20251003T090812,8.674505,0.0,2025-10-03,2025-09-01/2025-11-20,E:\LandSlide-Prediction\data\pre_event\native_tif\LS_02750.tif,E:\LandSlide-Prediction\data\pre_event\png_256\LS_02750.png,
LS_02751,1,success,S2C_MSIL2A_20251003T050621_R076_T44NMN_20251003T090812,8.674505,0.0,2025-10-03,2025-09-01/2025-11-20,E:\LandSlide-Prediction\data\pre_event\native_tif\LS_02751.tif,E:\LandSlide-Prediction\data\pre_event\png_256\LS_02751.png,
LS_02752,1,success,S2C_MSIL2A_20251003T050621_R076_T44NMN_20251003T090812,8.674505,0.0,2025-10-03,2025-09-01/2025-11-20,E:\LandSlide-Prediction\data\pre_event\native_tif\LS_02752.tif,E:\LandSlide-Prediction\data\pre_event\png_256\LS_02752.png,
LS_02754,1,success,S2C_MSIL2A_20251003T050621_R076_T44NMN_20251003T090812,8.674505,0.0,2025-10-03,2025-09-01/2025-11-20,E:\LandSlide-Prediction\data\pre_event\native_tif\LS_02754.tif,E:\LandSlide-Prediction\data\pre_event\png_256\LS_02754.png,
LS_02758,1,success,S2C_MSIL2A_20251003T050621_R076_T44NMN_20251003T090812,8.674505,0.0,2025-10-03,2025-09-01/2025-11-20,E:\LandSlide-Prediction\data\pre_event\native_tif\LS_02758.tif,E:\LandSlide-Prediction\data\pre_event\png_256\LS_02758.png,
LS_02759,1,success,S2C_MSIL2A_20251003T050621_R076_T44NMN_20251003T090812,8.674505,0.0,2025-10-03,2025-09-01/2025-11-20,E:\LandSlide-Prediction\data\pre_event\native_tif\LS_02759.tif,E:\LandSlide-Prediction\data\pre_event\png_256\LS_02759.png,
LS_02760,1,success,S2C_MSIL2A_20251003T050621_R076_T44NMN_20251003T090812,8.674505,0.0,2025-10-03,2025-09-01/2025-11-20,E:\LandSlide-Prediction\data\pre_event\native_tif\LS_02760.tif,E:\LandSlide-Prediction\data\pre_event\png_256\LS_02760.png,
LS_02762,1,success,S2C_MSIL2A_20251003T050621_R076_T44NMN_20251003T090812,8.674505,0.0,2025-10-03,2025-09-01/2025-11-20,E:\LandSlide-Prediction\data\pre_event\native_tif\LS_02762.tif,E:\LandSlide-Prediction\data\pre_event\png_256\LS_02762.png,
LS_02764,1,success,S2C_MSIL2A_20251003T050621_R076_T44NMN_20251003T090812,8.674505,0.0,2025-10-03,2025-09-01/2025-11-20,E:\LandSlide-Prediction\data\pre_event\native_tif\LS_02764.tif,E:\LandSlide-Prediction\data\pre_event\png_256\LS_02764.png,
LS_02765,1,success,S2C_MSIL2A_20251003T050621_R076_T44NMN_20251003T090812,8.674505,0.0,2025-10-03,2025-09-01/2025-11-20,E:\LandSlide-Prediction\data\pre_event\native_tif\LS_02765.tif,E:\LandSlide-Prediction\data\pre_event\png_256\LS_02765.png,
LS_02766,1,success,S2C_MSIL2A_20251003T050621_R076_T44NMN_20251003T090812,8.674505,0.0,2025-10-03,2025-09-01/2025-11-20,E:\LandSlide-Prediction\data\pre_event\native_tif\LS_02766.tif,E:\LandSlide-Prediction\data\pre_event\png_256\LS_02766.png,
LS_02767,1,success,S2C_MSIL2A_20251003T050621_R076_T44NMN_20251003T090812,8.674505,0.0,2025-10-03,2025-09-01/2025-11-20,E:\LandSlide-Prediction\data\pre_event\native_tif\LS_02767.tif,E:\LandSlide-Prediction\data\pre_event\png_256\LS_02767.png,
LS_02768,1,success,S2C_MSIL2A_20251003T050621_R076_T44NMN_20251003T090812,8.674505,0.0,2025-10-03,2025-09-01/2025-11-20,E:\LandSlide-Prediction\data\pre_event\native_tif\LS_02768.tif,E:\LandSlide-Prediction\data\pre_event\png_256\LS_02768.png,
LS_02775,1,success,S2C_MSIL2A_20251003T050621_R076_T44NMN_20251003T090812,8.674505,0.0,2025-10-03,2025-09-01/2025-11-20,E:\LandSlide-Prediction\data\pre_event\native_tif\LS_02775.tif,E:\LandSlide-Prediction\data\pre_event\png_256\LS_02775.png,
LS_02777,1,success,S2C_MSIL2A_20251003T050621_R076_T44NMN_20251003T090812,8.674505,0.0,2025-10-03,2025-09-01/2025-11-20,E:\LandSlide-Prediction\data\pre_event\native_tif\LS_02777.tif,E:\LandSlide-Prediction\data\pre_event\png_256\LS_02777.png,
LS_02781,1,success,S2C_MSIL2A_20251003T050621_R076_T44NMN_20251003T090812,8.674505,0.0,2025-10-03,2025-09-01/2025-11-20,E:\LandSlide-Prediction\data\pre_event\native_tif\LS_02781.tif,E:\LandSlide-Prediction\data\pre_event\png_256\LS_02781.png,
LS_02785,1,success,S2C_MSIL2A_20251003T050621_R076_T44NMN_20251003T090812,8.674505,0.0,2025-10-03,2025-09-01/2025-11-20,E:\LandSlide-Prediction\data\pre_event\native_tif\LS_02785.tif,E:\LandSlide-Prediction\data\pre_event\png_256\LS_02785.png,
LS_02786,1,success,S2C_MSIL2A_20251003T050621_R076_T44NMN_20251003T090812,8.674505,0.0,2025-10-03,2025-09-01/2025-11-20,E:\LandSlide-Prediction\data\pre_event\native_tif\LS_02786.tif,E:\LandSlide-Prediction\data\pre_event\png_256\LS_02786.png,
LS_02792,1,success,S2C_MSIL2A_20251003T050621_R076_T44NMN_20251003T090812,8.674505,0.0,2025-10-03,2025-09-01/2025-11-20,E:\LandSlide-Prediction\data\pre_event\native_tif\LS_02792.tif,E:\LandSlide-Prediction\data\pre_event\png_256\LS_02792.png,
LS_02793,1,success,S2C_MSIL2A_20251003T050621_R076_T44NMN_20251003T090812,8.674505,0.0,2025-10-03,2025-09-01/2025-11-20,E:\LandSlide-Prediction\data\pre_event\native_tif\LS_02793.tif,E:\LandSlide-Prediction\data\pre_event\png_256\LS_02793.png,
LS_02795,1,success,S2C_MSIL2A_20251003T050621_R076_T44NMN_20251003T090812,8.674505,0.0,2025-10-03,2025-09-01/2025-11-20,E:\LandSlide-Prediction\data\pre_event\native_tif\LS_02795.tif,E:\LandSlide-Prediction\data\pre_event\png_256\LS_02795.png,
LS_02796,1,success,S2C_MSIL2A_20251003T050621_R076_T44NMN_20251003T090812,8.674505,0.0,2025-10-03,2025-09-01/2025-11-20,E:\LandSlide-Prediction\data\pre_event\native_tif\LS_02796.tif,E:\LandSlide-Prediction\data\pre_event\png_256\LS_02796.png,
LS_02799,1,success,S2C_MSIL2A_20251003T050621_R076_T44NMN_20251003T090812,8.674505,0.0,2025-10-03,2025-09-01/2025-11-20,E:\LandSlide-Prediction\data\pre_event\native_tif\LS_02799.tif,E:\LandSlide-Prediction\data\pre_event\png_256\LS_02799.png,
LS_02800,1,success,S2C_MSIL2A_20251003T050621_R076_T44NMN_20251003T090812,8.674505,0.0,2025-10-03,2025-09-01/2025-11-20,E:\LandSlide-Prediction\data\pre_event\native_tif\LS_02800.tif,E:\LandSlide-Prediction\data\pre_event\png_256\LS_02800.png,
LS_02801,1,success,S2C_MSIL2A_20251003T050621_R076_T44NMN_20251003T090812,8.674505,0.0,2025-10-03,2025-09-01/2025-11-20,E:\LandSlide-Prediction\data\pre_event\native_tif\LS_02801.tif,E:\LandSlide-Prediction\data\pre_event\png_256\LS_02801.png,
LS_02811,1,success,S2C_MSIL2A_20251003T050621_R076_T44NMN_20251003T090812,8.674505,0.0,2025-10-03,2025-09-01/2025-11-20,E:\LandSlide-Prediction\data\pre_event\native_tif\LS_02811.tif,E:\LandSlide-Prediction\data\pre_event\png_256\LS_02811.png,
LS_02812,1,success,S2C_MSIL2A_20251003T050621_R076_T44NMN_20251003T090812,8.674505,0.0,2025-10-03,2025-09-01/2025-11-20,E:\LandSlide-Prediction\data\pre_event\native_tif\LS_02812.tif,E:\LandSlide-Prediction\data\pre_event\png_256\LS_02812.png,
LS_02814,1,success,S2C_MSIL2A_20251003T050621_R076_T44NMN_20251003T090812,8.674505,0.0,2025-10-03,2025-09-01/2025-11-20,E:\LandSlide-Prediction\data\pre_event\native_tif\LS_02814.tif,E:\LandSlide-Prediction\data\pre_event\png_256\LS_02814.png,
LS_02815,1,success,S2C_MSIL2A_20251003T050621_R076_T44NMN_20251003T090812,8.674505,0.0,2025-10-03,2025-09-01/2025-11-20,E:\LandSlide-Prediction\data\pre_event\native_tif\LS_02815.tif,E:\LandSlide-Prediction\data\pre_event\png_256\LS_02815.png,
LS_02818,1,success,S2C_MSIL2A_20251003T050621_R076_T44NMN_20251003T090812,8.674505,0.0,2025-10-03,2025-09-01/2025-11-20,E:\LandSlide-Prediction\data\pre_event\native_tif\LS_02818.tif,E:\LandSlide-Prediction\data\pre_event\png_256\LS_02818.png,
LS_02822,1,success,S2C_MSIL2A_20251003T050621_R076_T44NMN_20251003T090812,8.674505,0.0,2025-10-03,2025-09-01/2025-11-20,E:\LandSlide-Prediction\data\pre_event\native_tif\LS_02822.tif,E:\LandSlide-Prediction\data\pre_event\png_256\LS_02822.png,
LS_02823,1,success,S2C_MSIL2A_20251003T050621_R076_T44NMN_20251003T090812,8.674505,0.0,2025-10-03,2025-09-01/2025-11-20,E:\LandSlide-Prediction\data\pre_event\native_tif\LS_02823.tif,E:\LandSlide-Prediction\data\pre_event\png_256\LS_02823.png,
LS_02826,1,success,S2C_MSIL2A_20251003T050621_R076_T44NMN_20251003T090812,8.674505,0.0,2025-10-03,2025-09-01/2025-11-20,E:\LandSlide-Prediction\data\pre_event\native_tif\LS_02826.tif,E:\LandSlide-Prediction\data\pre_event\png_256\LS_02826.png,
LS_02827,1,success,S2C_MSIL2A_20251003T050621_R076_T44NMN_20251003T090812,8.674505,0.0,2025-10-03,2025-09-01/2025-11-20,E:\LandSlide-Prediction\data\pre_event\native_tif\LS_02827.tif,E:\LandSlide-Prediction\data\pre_event\png_256\LS_02827.png,
LS_02833,1,success,S2C_MSIL2A_20251003T050621_R076_T44NMN_20251003T090812,8.674505,0.0,2025-10-03,2025-09-01/2025-11-20,E:\LandSlide-Prediction\data\pre_event\native_tif\LS_02833.tif,E:\LandSlide-Prediction\data\pre_event\png_256\LS_02833.png,
LS_02836,1,success,S2C_MSIL2A_20251003T050621_R076_T44NMN_20251003T090812,8.674505,0.0,2025-10-03,2025-09-01/2025-11-20,E:\LandSlide-Prediction\data\pre_event\native_tif\LS_02836.tif,E:\LandSlide-Prediction\data\pre_event\png_256\LS_02836.png,
LS_02837,1,success,S2C_MSIL2A_20251003T050621_R076_T44NMN_20251003T090812,8.674505,0.0,2025-10-03,2025-09-01/2025-11-20,E:\LandSlide-Prediction\data\pre_event\native_tif\LS_02837.tif,E:\LandSlide-Prediction\data\pre_event\png_256\LS_02837.png,
LS_02840,1,success,S2C_MSIL2A_20251003T050621_R076_T44NMN_20251003T090812,8.674505,0.0,2025-10-03,2025-09-01/2025-11-20,E:\LandSlide-Prediction\data\pre_event\native_tif\LS_02840.tif,E:\LandSlide-Prediction\data\pre_event\png_256\LS_02840.png,
LS_02842,1,success,S2C_MSIL2A_20251003T050621_R076_T44NMN_20251003T090812,8.674505,0.0,2025-10-03,2025-09-01/2025-11-20,E:\LandSlide-Prediction\data\pre_event\native_tif\LS_02842.tif,E:\LandSlide-Prediction\data\pre_event\png_256\LS_02842.png,
LS_02845,1,success,S2C_MSIL2A_20251003T050621_R076_T44NMN_20251003T090812,8.674505,0.0,2025-10-03,2025-09-01/2025-11-20,E:\LandSlide-Prediction\data\pre_event\native_tif\LS_02845.tif,E:\LandSlide-Prediction\data\pre_event\png_256\LS_02845.png,
LS_02847,1,success,S2C_MSIL2A_20251003T050621_R076_T44NMN_20251003T090812,8.674505,0.0,2025-10-03,2025-09-01/2025-11-20,E:\LandSlide-Prediction\data\pre_event\native_tif\LS_02847.tif,E:\LandSlide-Prediction\data\pre_event\png_256\LS_02847.png,
LS_02850,1,success,S2C_MSIL2A_20251003T050621_R076_T44NMP_20251003T090812,2.112417,0.0,2025-10-03,2025-09-01/2025-11-20,E:\LandSlide-Prediction\data\pre_event\native_tif\LS_02850.tif,E:\LandSlide-Prediction\data\pre_event\png_256\LS_02850.png,
LS_02851,1,success,S2B_MSIL2A_20251008T050559_R076_T44NNN_20251008T082000,19.039197,4.59,2025-10-08,2025-09-01/2025-11-20,E:\LandSlide-Prediction\data\pre_event\native_tif\LS_02851.tif,E:\LandSlide-Prediction\data\pre_event\png_256\LS_02851.png,
LS_02852,1,success,S2C_MSIL2A_20251003T050621_R076_T44NNN_20251003T090812,23.541953,0.0,2025-10-03,2025-09-01/2025-11-20,E:\LandSlide-Prediction\data\pre_event\native_tif\LS_02852.tif,E:\LandSlide-Prediction\data\pre_event\png_256\LS_02852.png,
LS_02853,1,success,S2C_MSIL2A_20250913T050621_R076_T44NNN_20250913T092114,28.331435,0.0,2025-09-13,2025-09-01/2025-11-20,E:\LandSlide-Prediction\data\pre_event\native_tif\LS_02853.tif,E:\LandSlide-Prediction\data\pre_event\png_256\LS_02853.png,
LS_02860,1,success,S2C_MSIL2A_20251003T050621_R076_T44NMN_20251003T090812,8.674505,0.0,2025-10-03,2025-09-01/2025-11-20,E:\LandSlide-Prediction\data\pre_event\native_tif\LS_02860.tif,E:\LandSlide-Prediction\data\pre_event\png_256\LS_02860.png,
LS_02864,1,success,S2C_MSIL2A_20251003T050621_R076_T44NMN_20251003T090812,8.674505,0.0,2025-10-03,2025-09-01/2025-11-20,E:\LandSlide-Prediction\data\pre_event\native_tif\LS_02864.tif,E:\LandSlide-Prediction\data\pre_event\png_256\LS_02864.png,
LS_02866,1,success,S2C_MSIL2A_20251003T050621_R076_T44NMN_20251003T090812,8.674505,0.0,2025-10-03,2025-09-01/2025-11-20,E:\LandSlide-Prediction\data\pre_event\native_tif\LS_02866.tif,E:\LandSlide-Prediction\data\pre_event\png_256\LS_02866.png,
LS_02867,1,success,S2C_MSIL2A_20251003T050621_R076_T44NMN_20251003T090812,8.674505,0.0,2025-10-03,2025-09-01/2025-11-20,E:\LandSlide-Prediction\data\pre_event\native_tif\LS_02867.tif,E:\LandSlide-Prediction\data\pre_event\png_256\LS_02867.png,
LS_02873,1,success,S2C_MSIL2A_20251003T050621_R076_T44NMN_20251003T090812,8.674505,0.0,2025-10-03,2025-09-01/2025-11-20,E:\LandSlide-Prediction\data\pre_event\native_tif\LS_02873.tif,E:\LandSlide-Prediction\data\pre_event\png_256\LS_02873.png,
LS_02881,1,success,S2C_MSIL2A_20251003T050621_R076_T44NMN_20251003T090812,8.674505,0.0,2025-10-03,2025-09-01/2025-11-20,E:\LandSlide-Prediction\data\pre_event\native_tif\LS_02881.tif,E:\LandSlide-Prediction\data\pre_event\png_256\LS_02881.png,
LS_02885,1,success,S2C_MSIL2A_20251003T050621_R076_T44NMN_20251003T090812,8.674505,0.0,2025-10-03,2025-09-01/2025-11-20,E:\LandSlide-Prediction\data\pre_event\native_tif\LS_02885.tif,E:\LandSlide-Prediction\data\pre_event\png_256\LS_02885.png,
LS_02888,1,success,S2C_MSIL2A_20251003T050621_R076_T44NMN_20251003T090812,8.674505,0.0,2025-10-03,2025-09-01/2025-11-20,E:\LandSlide-Prediction\data\pre_event\native_tif\LS_02888.tif,E:\LandSlide-Prediction\data\pre_event\png_256\LS_02888.png,
LS_02893,1,success,S2C_MSIL2A_20251003T050621_R076_T44NMN_20251003T090812,8.674505,0.0,2025-10-03,2025-09-01/2025-11-20,E:\LandSlide-Prediction\data\pre_event\native_tif\LS_02893.tif,E:\LandSlide-Prediction\data\pre_event\png_256\LS_02893.png,
LS_02895,1,success,S2C_MSIL2A_20251003T050621_R076_T44NMN_20251003T090812,8.674505,0.0,2025-10-03,2025-09-01/2025-11-20,E:\LandSlide-Prediction\data\pre_event\native_tif\LS_02895.tif,E:\LandSlide-Prediction\data\pre_event\png_256\LS_02895.png,
LS_02898,1,success,S2C_MSIL2A_20251003T050621_R076_T44NMN_20251003T090812,8.674505,0.0,2025-10-03,2025-09-01/2025-11-20,E:\LandSlide-Prediction\data\pre_event\native_tif\LS_02898.tif,E:\LandSlide-Prediction\data\pre_event\png_256\LS_02898.png,
LS_02905,1,success,S2C_MSIL2A_20251003T050621_R076_T44NMN_20251003T090812,8.674505,0.0,2025-10-03,2025-09-01/2025-11-20,E:\LandSlide-Prediction\data\pre_event\native_tif\LS_02905.tif,E:\LandSlide-Prediction\data\pre_event\png_256\LS_02905.png,
LS_02909,1,success,S2C_MSIL2A_20251003T050621_R076_T44NMN_20251003T090812,8.674505,0.0,2025-10-03,2025-09-01/2025-11-20,E:\LandSlide-Prediction\data\pre_event\native_tif\LS_02909.tif,E:\LandSlide-Prediction\data\pre_event\png_256\LS_02909.png,
LS_02912,1,success,S2C_MSIL2A_20251003T050621_R076_T44NMN_20251003T090812,8.674505,0.0,2025-10-03,2025-09-01/2025-11-20,E:\LandSlide-Prediction\data\pre_event\native_tif\LS_02912.tif,E:\LandSlide-Prediction\data\pre_event\png_256\LS_02912.png,
LS_02913,1,success,S2C_MSIL2A_20251003T050621_R076_T44NMN_20251003T090812,8.674505,0.0,2025-10-03,2025-09-01/2025-11-20,E:\LandSlide-Prediction\data\pre_event\native_tif\LS_02913.tif,E:\LandSlide-Prediction\data\pre_event\png_256\LS_02913.png,
LS_02917,1,success,S2C_MSIL2A_20251003T050621_R076_T44NMN_20251003T090812,8.674505,0.0,2025-10-03,2025-09-01/2025-11-20,E:\LandSlide-Prediction\data\pre_event\native_tif\LS_02917.tif,E:\LandSlide-Prediction\data\pre_event\png_256\LS_02917.png,
LS_02920,1,success,S2C_MSIL2A_20251003T050621_R076_T44NMN_20251003T090812,8.674505,0.0,2025-10-03,2025-09-01/2025-11-20,E:\LandSlide-Prediction\data\pre_event\native_tif\LS_02920.tif,E:\LandSlide-Prediction\data\pre_event\png_256\LS_02920.png,
LS_02922,1,success,S2C_MSIL2A_20251003T050621_R076_T44NMN_20251003T090812,8.674505,0.0,2025-10-03,2025-09-01/2025-11-20,E:\LandSlide-Prediction\data\pre_event\native_tif\LS_02922.tif,E:\LandSlide-Prediction\data\pre_event\png_256\LS_02922.png,
LS_02925,1,success,S2C_MSIL2A_20251003T050621_R076_T44NMN_20251003T090812,8.674505,0.0,2025-10-03,2025-09-01/2025-11-20,E:\LandSlide-Prediction\data\pre_event\native_tif\LS_02925.tif,E:\LandSlide-Prediction\data\pre_event\png_256\LS_02925.png,
LS_02929,1,success,S2C_MSIL2A_20251003T050621_R076_T44NMN_20251003T090812,8.674505,0.0,2025-10-03,2025-09-01/2025-11-20,E:\LandSlide-Prediction\data\pre_event\native_tif\LS_02929.tif,E:\LandSlide-Prediction\data\pre_event\png_256\LS_02929.png,
LS_02931,1,success,S2C_MSIL2A_20251003T050621_R076_T44NMN_20251003T090812,8.674505,0.0,2025-10-03,2025-09-01/2025-11-20,E:\LandSlide-Prediction\data\pre_event\native_tif\LS_02931.tif,E:\LandSlide-Prediction\data\pre_event\png_256\LS_02931.png,
LS_02933,1,success,S2C_MSIL2A_20251003T050621_R076_T44NMN_20251003T090812,8.674505,0.0,2025-10-03,2025-09-01/2025-11-20,E:\LandSlide-Prediction\data\pre_event\native_tif\LS_02933.tif,E:\LandSlide-Prediction\data\pre_event\png_256\LS_02933.png,
LS_02934,1,success,S2C_MSIL2A_20251003T050621_R076_T44NMN_20251003T090812,8.674505,0.0,2025-10-03,2025-09-01/2025-11-20,E:\LandSlide-Prediction\data\pre_event\native_tif\LS_02934.tif,E:\LandSlide-Prediction\data\pre_event\png_256\LS_02934.png,
LS_02935,1,success,S2C_MSIL2A_20251003T050621_R076_T44NMN_20251003T090812,8.674505,0.0,2025-10-03,2025-09-01/2025-11-20,E:\LandSlide-Prediction\data\pre_event\native_tif\LS_02935.tif,E:\LandSlide-Prediction\data\pre_event\png_256\LS_02935.png,
LS_02936,1,success,S2C_MSIL2A_20251003T050621_R076_T44NMN_20251003T090812,8.674505,0.0,2025-10-03,2025-09-01/2025-11-20,E:\LandSlide-Prediction\data\pre_event\native_tif\LS_02936.tif,E:\LandSlide-Prediction\data\pre_event\png_256\LS_02936.png,
LS_02940,1,success,S2C_MSIL2A_20251003T050621_R076_T44NMN_20251003T090812,8.674505,0.0,2025-10-03,2025-09-01/2025-11-20,E:\LandSlide-Prediction\data\pre_event\native_tif\LS_02940.tif,E:\LandSlide-Prediction\data\pre_event\png_256\LS_02940.png,
LS_02947,1,success,S2C_MSIL2A_20251003T050621_R076_T44NMN_20251003T090812,8.674505,0.0,2025-10-03,2025-09-01/2025-11-20,E:\LandSlide-Prediction\data\pre_event\native_tif\LS_02947.tif,E:\LandSlide-Prediction\data\pre_event\png_256\LS_02947.png,
LS_02951,1,success,S2C_MSIL2A_20251003T050621_R076_T44NMN_20251003T090812,8.674505,0.0,2025-10-03,2025-09-01/2025-11-20,E:\LandSlide-Prediction\data\pre_event\native_tif\LS_02951.tif,E:\LandSlide-Prediction\data\pre_event\png_256\LS_02951.png,
LS_02952,1,success,S2C_MSIL2A_20251003T050621_R076_T44NMN_20251003T090812,8.674505,0.0,2025-10-03,2025-09-01/2025-11-20,E:\LandSlide-Prediction\data\pre_event\native_tif\LS_02952.tif,E:\LandSlide-Prediction\data\pre_event\png_256\LS_02952.png,
LS_02954,1,success,S2C_MSIL2A_20251003T050621_R076_T44NMN_20251003T090812,8.674505,0.0,2025-10-03,2025-09-01/2025-11-20,E:\LandSlide-Prediction\data\pre_event\native_tif\LS_02954.tif,E:\LandSlide-Prediction\data\pre_event\png_256\LS_02954.png,
LS_02955,1,success,S2C_MSIL2A_20251013T050611_R076_T44NNN_20251013T090413,15.8978,19.04,2025-10-13,2025-09-01/2025-11-20,E:\LandSlide-Prediction\data\pre_event\native_tif\LS_02955.tif,E:\LandSlide-Prediction\data\pre_event\png_256\LS_02955.png,
LS_02956,1,success,S2C_MSIL2A_20251003T050621_R076_T44NMN_20251003T090812,8.674505,0.0,2025-10-03,2025-09-01/2025-11-20,E:\LandSlide-Prediction\data\pre_event\native_tif\LS_02956.tif,E:\LandSlide-Prediction\data\pre_event\png_256\LS_02956.png,
LS_02957,1,success,S2C_MSIL2A_20251003T050621_R076_T44NMN_20251003T090812,8.674505,8.94,2025-10-03,2025-09-01/2025-11-20,E:\LandSlide-Prediction\data\pre_event\native_tif\LS_02957.tif,E:\LandSlide-Prediction\data\pre_event\png_256\LS_02957.png,
LS_02958,1,success,S2C_MSIL2A_20251003T050621_R076_T44NMN_20251003T090812,8.674505,0.0,2025-10-03,2025-09-01/2025-11-20,E:\LandSlide-Prediction\data\pre_event\native_tif\LS_02958.tif,E:\LandSlide-Prediction\data\pre_event\png_256\LS_02958.png,
LS_02959,1,success,S2A_MSIL2A_20250905T050621_R076_T44NMN_20250905T063012,36.164254,0.0,2025-09-05,2025-09-01/2025-11-20,E:\LandSlide-Prediction\data\pre_event\native_tif\LS_02959.tif,E:\LandSlide-Prediction\data\pre_event\png_256\LS_02959.png,
LS_02960,1,success,S2C_MSIL2A_20251003T050621_R076_T44NMN_20251003T090812,8.674505,0.0,2025-10-03,2025-09-01/2025-11-20,E:\LandSlide-Prediction\data\pre_event\native_tif\LS_02960.tif,E:\LandSlide-Prediction\data\pre_event\png_256\LS_02960.png,
LS_02962,1,success,S2C_MSIL2A_20251003T050621_R076_T44NMN_20251003T090812,8.674505,0.0,2025-10-03,2025-09-01/2025-11-20,E:\LandSlide-Prediction\data\pre_event\native_tif\LS_02962.tif,E:\LandSlide-Prediction\data\pre_event\png_256\LS_02962.png,
LS_02967,1,success,S2C_MSIL2A_20251003T050621_R076_T44NMN_20251003T090812,8.674505,0.0,2025-10-03,2025-09-01/2025-11-20,E:\LandSlide-Prediction\data\pre_event\native_tif\LS_02967.tif,E:\LandSlide-Prediction\data\pre_event\png_256\LS_02967.png,
LS_02975,1,success,S2C_MSIL2A_20251003T050621_R076_T44NMN_20251003T090812,8.674505,0.0,2025-10-03,2025-09-01/2025-11-20,E:\LandSlide-Prediction\data\pre_event\native_tif\LS_02975.tif,E:\LandSlide-Prediction\data\pre_event\png_256\LS_02975.png,
LS_02976,1,success,S2A_MSIL2A_20250905T050621_R076_T44NMN_20250905T063012,36.164254,1.49,2025-09-05,2025-09-01/2025-11-20,E:\LandSlide-Prediction\data\pre_event\native_tif\LS_02976.tif,E:\LandSlide-Prediction\data\pre_event\png_256\LS_02976.png,
LS_02978,1,success,S2C_MSIL2A_20251003T050621_R076_T44NMN_20251003T090812,8.674505,7.91,2025-10-03,2025-09-01/2025-11-20,E:\LandSlide-Prediction\data\pre_event\native_tif\LS_02978.tif,E:\LandSlide-Prediction\data\pre_event\png_256\LS_02978.png,
LS_02981,1,success,S2C_MSIL2A_20251003T050621_R076_T44NMN_20251003T090812,8.674505,0.0,2025-10-03,2025-09-01/2025-11-20,E:\LandSlide-Prediction\data\pre_event\native_tif\LS_02981.tif,E:\LandSlide-Prediction\data\pre_event\png_256\LS_02981.png,
LS_02982,1,success,S2C_MSIL2A_20251003T050621_R076_T44NMN_20251003T090812,8.674505,0.0,2025-10-03,2025-09-01/2025-11-20,E:\LandSlide-Prediction\data\pre_event\native_tif\LS_02982.tif,E:\LandSlide-Prediction\data\pre_event\png_256\LS_02982.png,
LS_02986,1,success,S2C_MSIL2A_20251003T050621_R076_T44NMN_20251003T090812,8.674505,0.0,2025-10-03,2025-09-01/2025-11-20,E:\LandSlide-Prediction\data\pre_event\native_tif\LS_02986.tif,E:\LandSlide-Prediction\data\pre_event\png_256\LS_02986.png,
LS_02987,1,success,S2C_MSIL2A_20251003T050621_R076_T44NMN_20251003T090812,8.674505,0.0,2025-10-03,2025-09-01/2025-11-20,E:\LandSlide-Prediction\data\pre_event\native_tif\LS_02987.tif,E:\LandSlide-Prediction\data\pre_event\png_256\LS_02987.png,
LS_02988,1,success,S2C_MSIL2A_20251003T050621_R076_T44NMN_20251003T090812,8.674505,0.0,2025-10-03,2025-09-01/2025-11-20,E:\LandSlide-Prediction\data\pre_event\native_tif\LS_02988.tif,E:\LandSlide-Prediction\data\pre_event\png_256\LS_02988.png,
LS_02989,1,success,S2C_MSIL2A_20251013T050611_R076_T44NNN_20251013T090413,15.8978,0.0,2025-10-13,2025-09-01/2025-11-20,E:\LandSlide-Prediction\data\pre_event\native_tif\LS_02989.tif,E:\LandSlide-Prediction\data\pre_event\png_256\LS_02989.png,
LS_02990,1,success,S2C_MSIL2A_20251003T050621_R076_T44NMN_20251003T090812,8.674505,0.0,2025-10-03,2025-09-01/2025-11-20,E:\LandSlide-Prediction\data\pre_event\native_tif\LS_02990.tif,E:\LandSlide-Prediction\data\pre_event\png_256\LS_02990.png,
LS_02991,1,success,S2C_MSIL2A_20251003T050621_R076_T44NMN_20251003T090812,8.674505,0.0,2025-10-03,2025-09-01/2025-11-20,E:\LandSlide-Prediction\data\pre_event\native_tif\LS_02991.tif,E:\LandSlide-Prediction\data\pre_event\png_256\LS_02991.png,
LS_02992,1,success,S2C_MSIL2A_20251003T050621_R076_T44NMN_20251003T090812,8.674505,0.0,2025-10-03,2025-09-01/2025-11-20,E:\LandSlide-Prediction\data\pre_event\native_tif\LS_02992.tif,E:\LandSlide-Prediction\data\pre_event\png_256\LS_02992.png,
LS_02993,1,success,S2C_MSIL2A_20251003T050621_R076_T44NMN_20251003T090812,8.674505,0.0,2025-10-03,2025-09-01/2025-11-20,E:\LandSlide-Prediction\data\pre_event\native_tif\LS_02993.tif,E:\LandSlide-Prediction\data\pre_event\png_256\LS_02993.png,
LS_02994,1,success,S2C_MSIL2A_20251003T050621_R076_T44NNN_20251003T090812,23.541953,22.07,2025-10-03,2025-09-01/2025-11-20,E:\LandSlide-Prediction\data\pre_event\native_tif\LS_02994.tif,E:\LandSlide-Prediction\data\pre_event\png_256\LS_02994.png,
LS_02999,1,success,S2A_MSIL2A_20250905T050621_R076_T44NMP_20250905T063012,30.717695,0.0,2025-09-05,2025-09-01/2025-11-20,E:\LandSlide-Prediction\data\pre_event\native_tif\LS_02999.tif,E:\LandSlide-Prediction\data\pre_event\png_256\LS_02999.png,
LS_03025,1,success,S2C_MSIL2A_20251003T050621_R076_T44NMP_20251003T090812,2.112417,11.77,2025-10-03,2025-09-01/2025-11-20,E:\LandSlide-Prediction\data\pre_event\native_tif\LS_03025.tif,E:\LandSlide-Prediction\data\pre_event\png_256\LS_03025.png,
LS_03027,1,success,S2C_MSIL2A_20251003T050621_R076_T44NMP_20251003T090812,2.112417,0.0,2025-10-03,2025-09-01/2025-11-20,E:\LandSlide-Prediction\data\pre_event\native_tif\LS_03027.tif,E:\LandSlide-Prediction\data\pre_event\png_256\LS_03027.png,
LS_03033,1,success,S2C_MSIL2A_20251003T050621_R076_T44NMP_20251003T090812,2.112417,0.0,2025-10-03,2025-09-01/2025-11-20,E:\LandSlide-Prediction\data\pre_event\native_tif\LS_03033.tif,E:\LandSlide-Prediction\data\pre_event\png_256\LS_03033.png,
LS_03035,1,success,S2C_MSIL2A_20251003T050621_R076_T44NMP_20251003T090812,2.112417,0.0,2025-10-03,2025-09-01/2025-11-20,E:\LandSlide-Prediction\data\pre_event\native_tif\LS_03035.tif,E:\LandSlide-Prediction\data\pre_event\png_256\LS_03035.png,
LS_03036,1,success,S2C_MSIL2A_20251003T050621_R076_T44NMP_20251003T090812,2.112417,0.0,2025-10-03,2025-09-01/2025-11-20,E:\LandSlide-Prediction\data\pre_event\native_tif\LS_03036.tif,E:\LandSlide-Prediction\data\pre_event\png_256\LS_03036.png,
LS_03037,1,success,S2C_MSIL2A_20251003T050621_R076_T44NMP_20251003T090812,2.112417,8.84,2025-10-03,2025-09-01/2025-11-20,E:\LandSlide-Prediction\data\pre_event\native_tif\LS_03037.tif,E:\LandSlide-Prediction\data\pre_event\png_256\LS_03037.png,
LS_03040,1,success,S2C_MSIL2A_20251003T050621_R076_T44NMP_20251003T090812,2.112417,0.0,2025-10-03,2025-09-01/2025-11-20,E:\LandSlide-Prediction\data\pre_event\native_tif\LS_03040.tif,E:\LandSlide-Prediction\data\pre_event\png_256\LS_03040.png,
LS_03041,1,success,S2C_MSIL2A_20251003T050621_R076_T44NMP_20251003T090812,2.112417,0.0,2025-10-03,2025-09-01/2025-11-20,E:\LandSlide-Prediction\data\pre_event\native_tif\LS_03041.tif,E:\LandSlide-Prediction\data\pre_event\png_256\LS_03041.png,
LS_03044,1,success,S2C_MSIL2A_20251003T050621_R076_T44NMP_20251003T090812,2.112417,0.0,2025-10-03,2025-09-01/2025-11-20,E:\LandSlide-Prediction\data\pre_event\native_tif\LS_03044.tif,E:\LandSlide-Prediction\data\pre_event\png_256\LS_03044.png,
LS_03048,1,success,S2A_MSIL2A_20250905T050621_R076_T44NMP_20250905T063012,30.717695,0.0,2025-09-05,2025-09-01/2025-11-20,E:\LandSlide-Prediction\data\pre_event\native_tif\LS_03048.tif,E:\LandSlide-Prediction\data\pre_event\png_256\LS_03048.png,
LS_03051,1,success,S2C_MSIL2A_20251003T050621_R076_T44NMN_20251003T090812,8.674505,0.0,2025-10-03,2025-09-01/2025-11-20,E:\LandSlide-Prediction\data\pre_event\native_tif\LS_03051.tif,E:\LandSlide-Prediction\data\pre_event\png_256\LS_03051.png,
LS_03052,1,success,S2C_MSIL2A_20251003T050621_R076_T44NMP_20251003T090812,2.112417,0.0,2025-10-03,2025-09-01/2025-11-20,E:\LandSlide-Prediction\data\pre_event\native_tif\LS_03052.tif,E:\LandSlide-Prediction\data\pre_event\png_256\LS_03052.png,
LS_03053,1,success,S2C_MSIL2A_20251003T050621_R076_T44NMP_20251003T090812,2.112417,0.0,2025-10-03,2025-09-01/2025-11-20,E:\LandSlide-Prediction\data\pre_event\native_tif\LS_03053.tif,E:\LandSlide-Prediction\data\pre_event\png_256\LS_03053.png,
LS_03054,1,success,S2C_MSIL2A_20251003T050621_R076_T44NMP_20251003T090812,2.112417,0.0,2025-10-03,2025-09-01/2025-11-20,E:\LandSlide-Prediction\data\pre_event\native_tif\LS_03054.tif,E:\LandSlide-Prediction\data\pre_event\png_256\LS_03054.png,
LS_03055,1,success,S2C_MSIL2A_20251003T050621_R076_T44NMP_20251003T090812,2.112417,0.0,2025-10-03,2025-09-01/2025-11-20,E:\LandSlide-Prediction\data\pre_event\native_tif\LS_03055.tif,E:\LandSlide-Prediction\data\pre_event\png_256\LS_03055.png,
LS_03056,1,success,S2A_MSIL2A_20250905T050621_R076_T44NMN_20250905T063012,36.164254,0.0,2025-09-05,2025-09-01/2025-11-20,E:\LandSlide-Prediction\data\pre_event\native_tif\LS_03056.tif,E:\LandSlide-Prediction\data\pre_event\png_256\LS_03056.png,
LS_03060,1,success,S2B_MSIL2A_20250908T050559_R076_T44NNN_20250908T070833,27.121845,0.0,2025-09-08,2025-09-01/2025-11-20,E:\LandSlide-Prediction\data\pre_event\native_tif\LS_03060.tif,E:\LandSlide-Prediction\data\pre_event\png_256\LS_03060.png,
LS_03065,1,success,S2C_MSIL2A_20251013T050611_R076_T44NNN_20251013T090413,15.8978,0.0,2025-10-13,2025-09-01/2025-11-20,E:\LandSlide-Prediction\data\pre_event\native_tif\LS_03065.tif,E:\LandSlide-Prediction\data\pre_event\png_256\LS_03065.png,
LS_03084,1,success,S2C_MSIL2A_20251003T050621_R076_T44NMN_20251003T090812,8.674505,0.0,2025-10-03,2025-09-01/2025-11-20,E:\LandSlide-Prediction\data\pre_event\native_tif\LS_03084.tif,E:\LandSlide-Prediction\data\pre_event\png_256\LS_03084.png,
LS_03087,1,success,S2C_MSIL2A_20251003T050621_R076_T44NMN_20251003T090812,8.674505,0.0,2025-10-03,2025-09-01/2025-11-20,E:\LandSlide-Prediction\data\pre_event\native_tif\LS_03087.tif,E:\LandSlide-Prediction\data\pre_event\png_256\LS_03087.png,
LS_03096,1,success,S2C_MSIL2A_20251003T050621_R076_T44NMN_20251003T090812,8.674505,0.0,2025-10-03,2025-09-01/2025-11-20,E:\LandSlide-Prediction\data\pre_event\native_tif\LS_03096.tif,E:\LandSlide-Prediction\data\pre_event\png_256\LS_03096.png,
LS_03107,1,success,S2C_MSIL2A_20251003T050621_R076_T44NMN_20251003T090812,8.674505,0.0,2025-10-03,2025-09-01/2025-11-20,E:\LandSlide-Prediction\data\pre_event\native_tif\LS_03107.tif,E:\LandSlide-Prediction\data\pre_event\png_256\LS_03107.png,
LS_03111,1,success,S2C_MSIL2A_20251003T050621_R076_T44NMN_20251003T090812,8.674505,0.0,2025-10-03,2025-09-01/2025-11-20,E:\LandSlide-Prediction\data\pre_event\native_tif\LS_03111.tif,E:\LandSlide-Prediction\data\pre_event\png_256\LS_03111.png,
LS_03139,1,success,S2C_MSIL2A_20251003T050621_R076_T44NMN_20251003T090812,8.674505,0.0,2025-10-03,2025-09-01/2025-11-20,E:\LandSlide-Prediction\data\pre_event\native_tif\LS_03139.tif,E:\LandSlide-Prediction\data\pre_event\png_256\LS_03139.png,
LS_03142,1,success,S2C_MSIL2A_20251003T050621_R076_T44NMN_20251003T090812,8.674505,0.0,2025-10-03,2025-09-01/2025-11-20,E:\LandSlide-Prediction\data\pre_event\native_tif\LS_03142.tif,E:\LandSlide-Prediction\data\pre_event\png_256\LS_03142.png,
LS_03144,1,success,S2C_MSIL2A_20251003T050621_R076_T44NMN_20251003T090812,8.674505,0.0,2025-10-03,2025-09-01/2025-11-20,E:\LandSlide-Prediction\data\pre_event\native_tif\LS_03144.tif,E:\LandSlide-Prediction\data\pre_event\png_256\LS_03144.png,
LS_03162,1,success,S2C_MSIL2A_20251013T050611_R076_T44NNN_20251013T090413,15.8978,0.0,2025-10-13,2025-09-01/2025-11-20,E:\LandSlide-Prediction\data\pre_event\native_tif\LS_03162.tif,E:\LandSlide-Prediction\data\pre_event\png_256\LS_03162.png,
LS_03168,1,success,S2C_MSIL2A_20251003T050621_R076_T44NMN_20251003T090812,8.674505,0.0,2025-10-03,2025-09-01/2025-11-20,E:\LandSlide-Prediction\data\pre_event\native_tif\LS_03168.tif,E:\LandSlide-Prediction\data\pre_event\png_256\LS_03168.png,
LS_03170,1,success,S2C_MSIL2A_20251003T050621_R076_T44NMN_20251003T090812,8.674505,22.27,2025-10-03,2025-09-01/2025-11-20,E:\LandSlide-Prediction\data\pre_event\native_tif\LS_03170.tif,E:\LandSlide-Prediction\data\pre_event\png_256\LS_03170.png,
LS_03188,1,success,S2C_MSIL2A_20251003T050621_R076_T44NMN_20251003T090812,8.674505,0.0,2025-10-03,2025-09-01/2025-11-20,E:\LandSlide-Prediction\data\pre_event\native_tif\LS_03188.tif,E:\LandSlide-Prediction\data\pre_event\png_256\LS_03188.png,
LS_03194,1,success,S2C_MSIL2A_20251003T050621_R076_T44NMN_20251003T090812,8.674505,0.0,2025-10-03,2025-09-01/2025-11-20,E:\LandSlide-Prediction\data\pre_event\native_tif\LS_03194.tif,E:\LandSlide-Prediction\data\pre_event\png_256\LS_03194.png,
LS_03200,1,success,S2C_MSIL2A_20251003T050621_R076_T44NMN_20251003T090812,8.674505,0.0,2025-10-03,2025-09-01/2025-11-20,E:\LandSlide-Prediction\data\pre_event\native_tif\LS_03200.tif,E:\LandSlide-Prediction\data\pre_event\png_256\LS_03200.png,
LS_03234,1,success,S2C_MSIL2A_20251003T050621_R076_T44NMN_20251003T090812,8.674505,6.42,2025-10-03,2025-09-01/2025-11-20,E:\LandSlide-Prediction\data\pre_event\native_tif\LS_03234.tif,E:\LandSlide-Prediction\data\pre_event\png_256\LS_03234.png,
LS_03244,1,success,S2C_MSIL2A_20251003T050621_R076_T44NMN_20251003T090812,8.674505,0.0,2025-10-03,2025-09-01/2025-11-20,E:\LandSlide-Prediction\data\pre_event\native_tif\LS_03244.tif,E:\LandSlide-Prediction\data\pre_event\png_256\LS_03244.png,
LS_03246,1,success,S2C_MSIL2A_20251003T050621_R076_T44NMN_20251003T090812,8.674505,0.0,2025-10-03,2025-09-01/2025-11-20,E:\LandSlide-Prediction\data\pre_event\native_tif\LS_03246.tif,E:\LandSlide-Prediction\data\pre_event\png_256\LS_03246.png,
LS_03249,1,success,S2C_MSIL2A_20251003T050621_R076_T44NMN_20251003T090812,8.674505,0.0,2025-10-03,2025-09-01/2025-11-20,E:\LandSlide-Prediction\data\pre_event\native_tif\LS_03249.tif,E:\LandSlide-Prediction\data\pre_event\png_256\LS_03249.png,
LS_03257,1,success,S2C_MSIL2A_20250913T050621_R076_T44NNN_20250913T092114,28.331435,0.0,2025-09-13,2025-09-01/2025-11-20,E:\LandSlide-Prediction\data\pre_event\native_tif\LS_03257.tif,E:\LandSlide-Prediction\data\pre_event\png_256\LS_03257.png,
LS_03261,1,success,S2C_MSIL2A_20251003T050621_R076_T44NMN_20251003T090812,8.674505,0.0,2025-10-03,2025-09-01/2025-11-20,E:\LandSlide-Prediction\data\pre_event\native_tif\LS_03261.tif,E:\LandSlide-Prediction\data\pre_event\png_256\LS_03261.png,
LS_03267,1,success,S2C_MSIL2A_20250913T050621_R076_T44NNN_20250913T092114,28.331435,0.0,2025-09-13,2025-09-01/2025-11-20,E:\LandSlide-Prediction\data\pre_event\native_tif\LS_03267.tif,E:\LandSlide-Prediction\data\pre_event\png_256\LS_03267.png,
LS_03268,1,success,S2C_MSIL2A_20251003T050621_R076_T44NMN_20251003T090812,8.674505,0.0,2025-10-03,2025-09-01/2025-11-20,E:\LandSlide-Prediction\data\pre_event\native_tif\LS_03268.tif,E:\LandSlide-Prediction\data\pre_event\png_256\LS_03268.png,
LS_03271,1,success,S2C_MSIL2A_20251003T050621_R076_T44NMN_20251003T090812,8.674505,0.0,2025-10-03,2025-09-01/2025-11-20,E:\LandSlide-Prediction\data\pre_event\native_tif\LS_03271.tif,E:\LandSlide-Prediction\data\pre_event\png_256\LS_03271.png,
LS_03275,1,success,S2C_MSIL2A_20251003T050621_R076_T44NMN_20251003T090812,8.674505,0.0,2025-10-03,2025-09-01/2025-11-20,E:\LandSlide-Prediction\data\pre_event\native_tif\LS_03275.tif,E:\LandSlide-Prediction\data\pre_event\png_256\LS_03275.png,
LS_03276,1,success,S2C_MSIL2A_20251003T050621_R076_T44NMN_20251003T090812,8.674505,0.0,2025-10-03,2025-09-01/2025-11-20,E:\LandSlide-Prediction\data\pre_event\native_tif\LS_03276.tif,E:\LandSlide-Prediction\data\pre_event\png_256\LS_03276.png,
LS_03303,1,success,S2C_MSIL2A_20251003T050621_R076_T44NMN_20251003T090812,8.674505,0.0,2025-10-03,2025-09-01/2025-11-20,E:\LandSlide-Prediction\data\pre_event\native_tif\LS_03303.tif,E:\LandSlide-Prediction\data\pre_event\png_256\LS_03303.png,
LS_03331,1,success,S2C_MSIL2A_20251003T050621_R076_T44NMN_20251003T090812,8.674505,0.0,2025-10-03,2025-09-01/2025-11-20,E:\LandSlide-Prediction\data\pre_event\native_tif\LS_03331.tif,E:\LandSlide-Prediction\data\pre_event\png_256\LS_03331.png,
LS_03348,1,success,S2C_MSIL2A_20251003T050621_R076_T44NMN_20251003T090812,8.674505,0.0,2025-10-03,2025-09-01/2025-11-20,E:\LandSlide-Prediction\data\pre_event\native_tif\LS_03348.tif,E:\LandSlide-Prediction\data\pre_event\png_256\LS_03348.png,
LS_03354,1,success,S2C_MSIL2A_20251003T050621_R076_T44NMN_20251003T090812,8.674505,0.0,2025-10-03,2025-09-01/2025-11-20,E:\LandSlide-Prediction\data\pre_event\native_tif\LS_03354.tif,E:\LandSlide-Prediction\data\pre_event\png_256\LS_03354.png,
LS_03361,1,success,S2C_MSIL2A_20251003T050621_R076_T44NMN_20251003T090812,8.674505,0.0,2025-10-03,2025-09-01/2025-11-20,E:\LandSlide-Prediction\data\pre_event\native_tif\LS_03361.tif,E:\LandSlide-Prediction\data\pre_event\png_256\LS_03361.png,
LS_03365,1,success,S2C_MSIL2A_20251013T050611_R076_T44NNN_20251013T090413,15.8978,0.0,2025-10-13,2025-09-01/2025-11-20,E:\LandSlide-Prediction\data\pre_event\native_tif\LS_03365.tif,E:\LandSlide-Prediction\data\pre_event\png_256\LS_03365.png,
LS_03371,1,success,S2C_MSIL2A_20251003T050621_R076_T44NNN_20251003T090812,23.541953,5.35,2025-10-03,2025-09-01/2025-11-20,E:\LandSlide-Prediction\data\pre_event\native_tif\LS_03371.tif,E:\LandSlide-Prediction\data\pre_event\png_256\LS_03371.png,
LS_03373,1,success,S2C_MSIL2A_20251003T050621_R076_T44NMN_20251003T090812,8.674505,0.0,2025-10-03,2025-09-01/2025-11-20,E:\LandSlide-Prediction\data\pre_event\native_tif\LS_03373.tif,E:\LandSlide-Prediction\data\pre_event\png_256\LS_03373.png,
LS_03389,1,success,S2B_MSIL2A_20250908T050559_R076_T44NMN_20250908T070833,32.934213,0.0,2025-09-08,2025-09-01/2025-11-20,E:\LandSlide-Prediction\data\pre_event\native_tif\LS_03389.tif,E:\LandSlide-Prediction\data\pre_event\png_256\LS_03389.png,
LS_03390,1,success,S2B_MSIL2A_20250908T050559_R076_T44NMN_20250908T070833,32.934213,0.0,2025-09-08,2025-09-01/2025-11-20,E:\LandSlide-Prediction\data\pre_event\native_tif\LS_03390.tif,E:\LandSlide-Prediction\data\pre_event\png_256\LS_03390.png,
LS_03415,1,success,S2C_MSIL2A_20251003T050621_R076_T44NMN_20251003T090812,8.674505,0.0,2025-10-03,2025-09-01/2025-11-20,E:\LandSlide-Prediction\data\pre_event\native_tif\LS_03415.tif,E:\LandSlide-Prediction\data\pre_event\png_256\LS_03415.png,
LS_03430,1,success,S2C_MSIL2A_20251003T050621_R076_T44NMN_20251003T090812,8.674505,5.96,2025-10-03,2025-09-01/2025-11-20,E:\LandSlide-Prediction\data\pre_event\native_tif\LS_03430.tif,E:\LandSlide-Prediction\data\pre_event\png_256\LS_03430.png,
LS_03452,1,success,S2C_MSIL2A_20251003T050621_R076_T44NMN_20251003T090812,8.674505,0.0,2025-10-03,2025-09-01/2025-11-20,E:\LandSlide-Prediction\data\pre_event\native_tif\LS_03452.tif,E:\LandSlide-Prediction\data\pre_event\png_256\LS_03452.png,
LS_03460,1,success,S2C_MSIL2A_20251003T050621_R076_T44NMN_20251003T090812,8.674505,0.0,2025-10-03,2025-09-01/2025-11-20,E:\LandSlide-Prediction\data\pre_event\native_tif\LS_03460.tif,E:\LandSlide-Prediction\data\pre_event\png_256\LS_03460.png,
LS_03466,1,success,S2C_MSIL2A_20251003T050621_R076_T44NMN_20251003T090812,8.674505,0.0,2025-10-03,2025-09-01/2025-11-20,E:\LandSlide-Prediction\data\pre_event\native_tif\LS_03466.tif,E:\LandSlide-Prediction\data\pre_event\png_256\LS_03466.png,
LS_03483,1,success,S2C_MSIL2A_20251003T050621_R076_T44NMN_20251003T090812,8.674505,0.0,2025-10-03,2025-09-01/2025-11-20,E:\LandSlide-Prediction\data\pre_event\native_tif\LS_03483.tif,E:\LandSlide-Prediction\data\pre_event\png_256\LS_03483.png,
LS_03495,1,success,S2C_MSIL2A_20251003T050621_R076_T44NMN_20251003T090812,8.674505,0.0,2025-10-03,2025-09-01/2025-11-20,E:\LandSlide-Prediction\data\pre_event\native_tif\LS_03495.tif,E:\LandSlide-Prediction\data\pre_event\png_256\LS_03495.png,
LS_03497,1,success,S2C_MSIL2A_20251013T050611_R076_T44NNN_20251013T090413,15.8978,13.38,2025-10-13,2025-09-01/2025-11-20,E:\LandSlide-Prediction\data\pre_event\native_tif\LS_03497.tif,E:\LandSlide-Prediction\data\pre_event\png_256\LS_03497.png,
LS_03506,1,success,S2C_MSIL2A_20251003T050621_R076_T44NMN_20251003T090812,8.674505,0.0,2025-10-03,2025-09-01/2025-11-20,E:\LandSlide-Prediction\data\pre_event\native_tif\LS_03506.tif,E:\LandSlide-Prediction\data\pre_event\png_256\LS_03506.png,
LS_03517,1,success,S2C_MSIL2A_20251013T050611_R076_T44NNN_20251013T090413,15.8978,0.0,2025-10-13,2025-09-01/2025-11-20,E:\LandSlide-Prediction\data\pre_event\native_tif\LS_03517.tif,E:\LandSlide-Prediction\data\pre_event\png_256\LS_03517.png,
LS_03519,1,success,S2C_MSIL2A_20251013T050611_R076_T44NNN_20251013T090413,15.8978,0.0,2025-10-13,2025-09-01/2025-11-20,E:\LandSlide-Prediction\data\pre_event\native_tif\LS_03519.tif,E:\LandSlide-Prediction\data\pre_event\png_256\LS_03519.png,
LS_03526,1,success,S2C_MSIL2A_20251013T050611_R076_T44NNN_20251013T090413,15.8978,0.0,2025-10-13,2025-09-01/2025-11-20,E:\LandSlide-Prediction\data\pre_event\native_tif\LS_03526.tif,E:\LandSlide-Prediction\data\pre_event\png_256\LS_03526.png,
LS_03534,1,success,S2C_MSIL2A_20251003T050621_R076_T44NMN_20251003T090812,8.674505,0.0,2025-10-03,2025-09-01/2025-11-20,E:\LandSlide-Prediction\data\pre_event\native_tif\LS_03534.tif,E:\LandSlide-Prediction\data\pre_event\png_256\LS_03534.png,
LS_03541,1,success,S2C_MSIL2A_20251013T050611_R076_T44NNN_20251013T090413,15.8978,0.0,2025-10-13,2025-09-01/2025-11-20,E:\LandSlide-Prediction\data\pre_event\native_tif\LS_03541.tif,E:\LandSlide-Prediction\data\pre_event\png_256\LS_03541.png,
LS_03546,1,success,S2C_MSIL2A_20251013T050611_R076_T44NNN_20251013T090413,15.8978,0.0,2025-10-13,2025-09-01/2025-11-20,E:\LandSlide-Prediction\data\pre_event\native_tif\LS_03546.tif,E:\LandSlide-Prediction\data\pre_event\png_256\LS_03546.png,
LS_03547,1,success,S2C_MSIL2A_20251013T050611_R076_T44NNN_20251013T090413,15.8978,16.6,2025-10-13,2025-09-01/2025-11-20,E:\LandSlide-Prediction\data\pre_event\native_tif\LS_03547.tif,E:\LandSlide-Prediction\data\pre_event\png_256\LS_03547.png,
LS_03550,1,success,S2C_MSIL2A_20251003T050621_R076_T44NMN_20251003T090812,8.674505,0.0,2025-10-03,2025-09-01/2025-11-20,E:\LandSlide-Prediction\data\pre_event\native_tif\LS_03550.tif,E:\LandSlide-Prediction\data\pre_event\png_256\LS_03550.png,
LS_03557,1,success,S2C_MSIL2A_20251013T050611_R076_T44NNN_20251013T090413,15.8978,0.0,2025-10-13,2025-09-01/2025-11-20,E:\LandSlide-Prediction\data\pre_event\native_tif\LS_03557.tif,E:\LandSlide-Prediction\data\pre_event\png_256\LS_03557.png,
LS_03563,1,success,S2C_MSIL2A_20251013T050611_R076_T44NNN_20251013T090413,15.8978,4.3,2025-10-13,2025-09-01/2025-11-20,E:\LandSlide-Prediction\data\pre_event\native_tif\LS_03563.tif,E:\LandSlide-Prediction\data\pre_event\png_256\LS_03563.png,
LS_03570,1,success,S2B_MSIL2A_20251008T050559_R076_T44NNN_20251008T082000,19.039197,11.77,2025-10-08,2025-09-01/2025-11-20,E:\LandSlide-Prediction\data\pre_event\native_tif\LS_03570.tif,E:\LandSlide-Prediction\data\pre_event\png_256\LS_03570.png,
LS_03595,1,success,S2C_MSIL2A_20251013T050611_R076_T44NNN_20251013T090413,15.8978,0.0,2025-10-13,2025-09-01/2025-11-20,E:\LandSlide-Prediction\data\pre_event\native_tif\LS_03595.tif,E:\LandSlide-Prediction\data\pre_event\png_256\LS_03595.png,
LS_03597,1,success,S2C_MSIL2A_20251003T050621_R076_T44NMN_20251003T090812,8.674505,0.0,2025-10-03,2025-09-01/2025-11-20,E:\LandSlide-Prediction\data\pre_event\native_tif\LS_03597.tif,E:\LandSlide-Prediction\data\pre_event\png_256\LS_03597.png,
LS_03602,1,success,S2C_MSIL2A_20250913T050621_R076_T44NNN_20250913T092114,28.331435,0.0,2025-09-13,2025-09-01/2025-11-20,E:\LandSlide-Prediction\data\pre_event\native_tif\LS_03602.tif,E:\LandSlide-Prediction\data\pre_event\png_256\LS_03602.png,
LS_03606,1,success,S2C_MSIL2A_20251013T050611_R076_T44NNN_20251013T090413,15.8978,0.0,2025-10-13,2025-09-01/2025-11-20,E:\LandSlide-Prediction\data\pre_event\native_tif\LS_03606.tif,E:\LandSlide-Prediction\data\pre_event\png_256\LS_03606.png,
LS_03625,1,success,S2C_MSIL2A_20250913T050621_R076_T44NNN_20250913T092114,28.331435,0.0,2025-09-13,2025-09-01/2025-11-20,E:\LandSlide-Prediction\data\pre_event\native_tif\LS_03625.tif,E:\LandSlide-Prediction\data\pre_event\png_256\LS_03625.png,
LS_03626,1,success,S2C_MSIL2A_20250913T050621_R076_T44NNN_20250913T092114,28.331435,0.0,2025-09-13,2025-09-01/2025-11-20,E:\LandSlide-Prediction\data\pre_event\native_tif\LS_03626.tif,E:\LandSlide-Prediction\data\pre_event\png_256\LS_03626.png,
LS_03642,1,success,S2C_MSIL2A_20250913T050621_R076_T44NNN_20250913T092114,28.331435,0.0,2025-09-13,2025-09-01/2025-11-20,E:\LandSlide-Prediction\data\pre_event\native_tif\LS_03642.tif,E:\LandSlide-Prediction\data\pre_event\png_256\LS_03642.png,
LS_03653,1,success,S2C_MSIL2A_20250913T050621_R076_T44NNN_20250913T092114,28.331435,0.0,2025-09-13,2025-09-01/2025-11-20,E:\LandSlide-Prediction\data\pre_event\native_tif\LS_03653.tif,E:\LandSlide-Prediction\data\pre_event\png_256\LS_03653.png,
LS_03656,1,success,S2C_MSIL2A_20251003T050621_R076_T44NNN_20251003T090812,23.541953,23.49,2025-10-03,2025-09-01/2025-11-20,E:\LandSlide-Prediction\data\pre_event\native_tif\LS_03656.tif,E:\LandSlide-Prediction\data\pre_event\png_256\LS_03656.png,
LS_03662,1,success,S2C_MSIL2A_20250913T050621_R076_T44NNN_20250913T092114,28.331435,0.0,2025-09-13,2025-09-01/2025-11-20,E:\LandSlide-Prediction\data\pre_event\native_tif\LS_03662.tif,E:\LandSlide-Prediction\data\pre_event\png_256\LS_03662.png,
LS_03676,1,success,S2C_MSIL2A_20251003T050621_R076_T44NNN_20251003T090812,23.541953,0.0,2025-10-03,2025-09-01/2025-11-20,E:\LandSlide-Prediction\data\pre_event\native_tif\LS_03676.tif,E:\LandSlide-Prediction\data\pre_event\png_256\LS_03676.png,
LS_03680,1,success,S2C_MSIL2A_20250913T050621_R076_T44NNN_20250913T092114,28.331435,0.0,2025-09-13,2025-09-01/2025-11-20,E:\LandSlide-Prediction\data\pre_event\native_tif\LS_03680.tif,E:\LandSlide-Prediction\data\pre_event\png_256\LS_03680.png,
LS_03683,1,success,S2C_MSIL2A_20251003T050621_R076_T44NNN_20251003T090812,23.541953,4.98,2025-10-03,2025-09-01/2025-11-20,E:\LandSlide-Prediction\data\pre_event\native_tif\LS_03683.tif,E:\LandSlide-Prediction\data\pre_event\png_256\LS_03683.png,
LS_03699,1,success,S2C_MSIL2A_20250913T050621_R076_T44NNN_20250913T092114,28.331435,0.0,2025-09-13,2025-09-01/2025-11-20,E:\LandSlide-Prediction\data\pre_event\native_tif\LS_03699.tif,E:\LandSlide-Prediction\data\pre_event\png_256\LS_03699.png,
LS_03707,1,success,S2B_MSIL2A_20251008T050559_R076_T44NNN_20251008T082000,19.039197,2.03,2025-10-08,2025-09-01/2025-11-20,E:\LandSlide-Prediction\data\pre_event\native_tif\LS_03707.tif,E:\LandSlide-Prediction\data\pre_event\png_256\LS_03707.png,
LS_03708,1,success,S2C_MSIL2A_20251003T050621_R076_T44NNN_20251003T090812,23.541953,3.22,2025-10-03,2025-09-01/2025-11-20,E:\LandSlide-Prediction\data\pre_event\native_tif\LS_03708.tif,E:\LandSlide-Prediction\data\pre_event\png_256\LS_03708.png,
LS_03717,1,success,S2C_MSIL2A_20251003T050621_R076_T44NNN_20251003T090812,23.541953,18.51,2025-10-03,2025-09-01/2025-11-20,E:\LandSlide-Prediction\data\pre_event\native_tif\LS_03717.tif,E:\LandSlide-Prediction\data\pre_event\png_256\LS_03717.png,
LS_03728,1,success,S2C_MSIL2A_20250913T050621_R076_T44NNN_20250913T092114,28.331435,0.0,2025-09-13,2025-09-01/2025-11-20,E:\LandSlide-Prediction\data\pre_event\native_tif\LS_03728.tif,E:\LandSlide-Prediction\data\pre_event\png_256\LS_03728.png,
LS_03733,1,success,S2C_MSIL2A_20251013T050611_R076_T44NNN_20251013T090413,15.8978,5.71,2025-10-13,2025-09-01/2025-11-20,E:\LandSlide-Prediction\data\pre_event\native_tif\LS_03733.tif,E:\LandSlide-Prediction\data\pre_event\png_256\LS_03733.png,
LS_03735,1,success,S2C_MSIL2A_20251013T050611_R076_T44NNN_20251013T090413,15.8978,0.0,2025-10-13,2025-09-01/2025-11-20,E:\LandSlide-Prediction\data\pre_event\native_tif\LS_03735.tif,E:\LandSlide-Prediction\data\pre_event\png_256\LS_03735.png,
LS_03744,1,success,S2C_MSIL2A_20250913T050621_R076_T44NNN_20250913T092114,28.331435,0.0,2025-09-13,2025-09-01/2025-11-20,E:\LandSlide-Prediction\data\pre_event\native_tif\LS_03744.tif,E:\LandSlide-Prediction\data\pre_event\png_256\LS_03744.png,
LS_03745,1,success,S2C_MSIL2A_20251013T050611_R076_T44NNN_20251013T090413,15.8978,0.0,2025-10-13,2025-09-01/2025-11-20,E:\LandSlide-Prediction\data\pre_event\native_tif\LS_03745.tif,E:\LandSlide-Prediction\data\pre_event\png_256\LS_03745.png,
LS_03775,1,success,S2C_MSIL2A_20251003T050621_R076_T44NNN_20251003T090812,23.541953,5.37,2025-10-03,2025-09-01/2025-11-20,E:\LandSlide-Prediction\data\pre_event\native_tif\LS_03775.tif,E:\LandSlide-Prediction\data\pre_event\png_256\LS_03775.png,
LS_03788,1,success,S2C_MSIL2A_20250913T050621_R076_T44NNN_20250913T092114,28.331435,0.0,2025-09-13,2025-09-01/2025-11-20,E:\LandSlide-Prediction\data\pre_event\native_tif\LS_03788.tif,E:\LandSlide-Prediction\data\pre_event\png_256\LS_03788.png,
LS_03792,1,success,S2B_MSIL2A_20251008T050559_R076_T44NNN_20251008T082000,19.039197,13.11,2025-10-08,2025-09-01/2025-11-20,E:\LandSlide-Prediction\data\pre_event\native_tif\LS_03792.tif,E:\LandSlide-Prediction\data\pre_event\png_256\LS_03792.png,
LS_03794,1,success,S2B_MSIL2A_20251008T050559_R076_T44NNN_20251008T082000,19.039197,23.1,2025-10-08,2025-09-01/2025-11-20,E:\LandSlide-Prediction\data\pre_event\native_tif\LS_03794.tif,E:\LandSlide-Prediction\data\pre_event\png_256\LS_03794.png,
LS_03795,1,success,S2C_MSIL2A_20251013T050611_R076_T44NNN_20251013T090413,15.8978,0.0,2025-10-13,2025-09-01/2025-11-20,E:\LandSlide-Prediction\data\pre_event\native_tif\LS_03795.tif,E:\LandSlide-Prediction\data\pre_event\png_256\LS_03795.png,
LS_03796,1,success,S2C_MSIL2A_20251013T050611_R076_T44NNN_20251013T090413,15.8978,0.0,2025-10-13,2025-09-01/2025-11-20,E:\LandSlide-Prediction\data\pre_event\native_tif\LS_03796.tif,E:\LandSlide-Prediction\data\pre_event\png_256\LS_03796.png,
LS_03799,1,success,S2C_MSIL2A_20251013T050611_R076_T44NNN_20251013T090413,15.8978,0.0,2025-10-13,2025-09-01/2025-11-20,E:\LandSlide-Prediction\data\pre_event\native_tif\LS_03799.tif,E:\LandSlide-Prediction\data\pre_event\png_256\LS_03799.png,
LS_03812,1,success,S2C_MSIL2A_20250913T050621_R076_T44NNN_20250913T092114,28.331435,0.0,2025-09-13,2025-09-01/2025-11-20,E:\LandSlide-Prediction\data\pre_event\native_tif\LS_03812.tif,E:\LandSlide-Prediction\data\pre_event\png_256\LS_03812.png,
LS_03826,1,success,S2C_MSIL2A_20250913T050621_R076_T44NNN_20250913T092114,28.331435,0.0,2025-09-13,2025-09-01/2025-11-20,E:\LandSlide-Prediction\data\pre_event\native_tif\LS_03826.tif,E:\LandSlide-Prediction\data\pre_event\png_256\LS_03826.png,
LS_03829,1,success,S2C_MSIL2A_20251013T050611_R076_T44NNN_20251013T090413,15.8978,5.86,2025-10-13,2025-09-01/2025-11-20,E:\LandSlide-Prediction\data\pre_event\native_tif\LS_03829.tif,E:\LandSlide-Prediction\data\pre_event\png_256\LS_03829.png,
LS_03837,1,success,S2C_MSIL2A_20250913T050621_R076_T44NNN_20250913T092114,28.331435,0.0,2025-09-13,2025-09-01/2025-11-20,E:\LandSlide-Prediction\data\pre_event\native_tif\LS_03837.tif,E:\LandSlide-Prediction\data\pre_event\png_256\LS_03837.png,
LS_03839,1,success,S2C_MSIL2A_20250913T050621_R076_T44NNN_20250913T092114,28.331435,0.0,2025-09-13,2025-09-01/2025-11-20,E:\LandSlide-Prediction\data\pre_event\native_tif\LS_03839.tif,E:\LandSlide-Prediction\data\pre_event\png_256\LS_03839.png,
LS_03841,1,success,S2C_MSIL2A_20251013T050611_R076_T44NNN_20251013T090413,15.8978,0.0,2025-10-13,2025-09-01/2025-11-20,E:\LandSlide-Prediction\data\pre_event\native_tif\LS_03841.tif,E:\LandSlide-Prediction\data\pre_event\png_256\LS_03841.png,
LS_03857,1,success,S2C_MSIL2A_20250913T050621_R076_T44NNN_20250913T092114,28.331435,0.0,2025-09-13,2025-09-01/2025-11-20,E:\LandSlide-Prediction\data\pre_event\native_tif\LS_03857.tif,E:\LandSlide-Prediction\data\pre_event\png_256\LS_03857.png,
LS_03860,1,success,S2C_MSIL2A_20250913T050621_R076_T44NNN_20250913T092114,28.331435,0.0,2025-09-13,2025-09-01/2025-11-20,E:\LandSlide-Prediction\data\pre_event\native_tif\LS_03860.tif,E:\LandSlide-Prediction\data\pre_event\png_256\LS_03860.png,
LS_03861,1,success,S2C_MSIL2A_20251013T050611_R076_T44NNN_20251013T090413,15.8978,6.15,2025-10-13,2025-09-01/2025-11-20,E:\LandSlide-Prediction\data\pre_event\native_tif\LS_03861.tif,E:\LandSlide-Prediction\data\pre_event\png_256\LS_03861.png,
LS_03869,1,success,S2C_MSIL2A_20251013T050611_R076_T44NNN_20251013T090413,15.8978,0.0,2025-10-13,2025-09-01/2025-11-20,E:\LandSlide-Prediction\data\pre_event\native_tif\LS_03869.tif,E:\LandSlide-Prediction\data\pre_event\png_256\LS_03869.png,
LS_03884,1,success,S2C_MSIL2A_20251003T050621_R076_T44NNN_20251003T090812,23.541953,0.0,2025-10-03,2025-09-01/2025-11-20,E:\LandSlide-Prediction\data\pre_event\native_tif\LS_03884.tif,E:\LandSlide-Prediction\data\pre_event\png_256\LS_03884.png,
LS_03885,1,success,S2A_MSIL2A_20250905T050621_R076_T44NNN_20250905T063012,36.080211,3.32,2025-09-05,2025-09-01/2025-11-20,E:\LandSlide-Prediction\data\pre_event\native_tif\LS_03885.tif,E:\LandSlide-Prediction\data\pre_event\png_256\LS_03885.png,
LS_03887,1,success,S2C_MSIL2A_20251013T050611_R076_T44NNN_20251013T090413,15.8978,13.21,2025-10-13,2025-09-01/2025-11-20,E:\LandSlide-Prediction\data\pre_event\native_tif\LS_03887.tif,E:\LandSlide-Prediction\data\pre_event\png_256\LS_03887.png,
LS_03894,1,success,S2C_MSIL2A_20251013T050611_R076_T44NNN_20251013T090413,15.8978,3.08,2025-10-13,2025-09-01/2025-11-20,E:\LandSlide-Prediction\data\pre_event\native_tif\LS_03894.tif,E:\LandSlide-Prediction\data\pre_event\png_256\LS_03894.png,
LS_03895,1,success,S2C_MSIL2A_20251013T050611_R076_T44NNN_20251013T090413,15.8978,0.0,2025-10-13,2025-09-01/2025-11-20,E:\LandSlide-Prediction\data\pre_event\native_tif\LS_03895.tif,E:\LandSlide-Prediction\data\pre_event\png_256\LS_03895.png,
LS_03899,1,success,S2B_MSIL2A_20250908T050559_R076_T44NNN_20250908T070833,27.121845,2.44,2025-09-08,2025-09-01/2025-11-20,E:\LandSlide-Prediction\data\pre_event\native_tif\LS_03899.tif,E:\LandSlide-Prediction\data\pre_event\png_256\LS_03899.png,
LS_03903,1,success,S2C_MSIL2A_20251013T050611_R076_T44NNN_20251013T090413,15.8978,0.0,2025-10-13,2025-09-01/2025-11-20,E:\LandSlide-Prediction\data\pre_event\native_tif\LS_03903.tif,E:\LandSlide-Prediction\data\pre_event\png_256\LS_03903.png,
LS_03907,1,success,S2C_MSIL2A_20251013T050611_R076_T44NNN_20251013T090413,15.8978,0.0,2025-10-13,2025-09-01/2025-11-20,E:\LandSlide-Prediction\data\pre_event\native_tif\LS_03907.tif,E:\LandSlide-Prediction\data\pre_event\png_256\LS_03907.png,
LS_03920,1,success,S2C_MSIL2A_20251013T050611_R076_T44NNN_20251013T090413,15.8978,0.0,2025-10-13,2025-09-01/2025-11-20,E:\LandSlide-Prediction\data\pre_event\native_tif\LS_03920.tif,E:\LandSlide-Prediction\data\pre_event\png_256\LS_03920.png,
LS_03924,1,success,S2C_MSIL2A_20251013T050611_R076_T44NNN_20251013T090413,15.8978,9.2,2025-10-13,2025-09-01/2025-11-20,E:\LandSlide-Prediction\data\pre_event\native_tif\LS_03924.tif,E:\LandSlide-Prediction\data\pre_event\png_256\LS_03924.png,
LS_03925,1,success,S2C_MSIL2A_20250913T050621_R076_T44NNN_20250913T092114,28.331435,0.0,2025-09-13,2025-09-01/2025-11-20,E:\LandSlide-Prediction\data\pre_event\native_tif\LS_03925.tif,E:\LandSlide-Prediction\data\pre_event\png_256\LS_03925.png,
LS_03932,1,success,S2C_MSIL2A_20251013T050611_R076_T44NNN_20251013T090413,15.8978,0.0,2025-10-13,2025-09-01/2025-11-20,E:\LandSlide-Prediction\data\pre_event\native_tif\LS_03932.tif,E:\LandSlide-Prediction\data\pre_event\png_256\LS_03932.png,
LS_03933,1,success,S2C_MSIL2A_20251013T050611_R076_T44NNN_20251013T090413,15.8978,0.93,2025-10-13,2025-09-01/2025-11-20,E:\LandSlide-Prediction\data\pre_event\native_tif\LS_03933.tif,E:\LandSlide-Prediction\data\pre_event\png_256\LS_03933.png,
LS_03938,1,success,S2C_MSIL2A_20251013T050611_R076_T44NNN_20251013T090413,15.8978,17.92,2025-10-13,2025-09-01/2025-11-20,E:\LandSlide-Prediction\data\pre_event\native_tif\LS_03938.tif,E:\LandSlide-Prediction\data\pre_event\png_256\LS_03938.png,
LS_03943,1,success,S2C_MSIL2A_20250705T050621_R076_T44NNN_20250705T090658,0.83438,0.0,2025-07-05,2025-06-01/2025-08-31,E:\LandSlide-Prediction\data\pre_event\native_tif\LS_03943.tif,E:\LandSlide-Prediction\data\pre_event\png_256\LS_03943.png,
LS_03946,1,success,S2C_MSIL2A_20251003T050621_R076_T44NMN_20251003T090812,8.674505,0.0,2025-10-03,2025-09-01/2025-11-20,E:\LandSlide-Prediction\data\pre_event\native_tif\LS_03946.tif,E:\LandSlide-Prediction\data\pre_event\png_256\LS_03946.png,
LS_03947,1,success,S2C_MSIL2A_20251003T050621_R076_T44NNN_20251003T090812,23.541953,0.0,2025-10-03,2025-09-01/2025-11-20,E:\LandSlide-Prediction\data\pre_event\native_tif\LS_03947.tif,E:\LandSlide-Prediction\data\pre_event\png_256\LS_03947.png,
LS_03948,1,success,S2A_MSIL2A_20250905T050621_R076_T44NNN_20250905T063012,36.080211,21.31,2025-09-05,2025-09-01/2025-11-20,E:\LandSlide-Prediction\data\pre_event\native_tif\LS_03948.tif,E:\LandSlide-Prediction\data\pre_event\png_256\LS_03948.png,
LS_03951,1,success,S2B_MSIL2A_20251008T050559_R076_T44NNN_20251008T082000,19.039197,0.0,2025-10-08,2025-09-01/2025-11-20,E:\LandSlide-Prediction\data\pre_event\native_tif\LS_03951.tif,E:\LandSlide-Prediction\data\pre_event\png_256\LS_03951.png,
LS_03962,1,success,S2C_MSIL2A_20251003T050621_R076_T44NNN_20251003T090812,23.541953,2.34,2025-10-03,2025-09-01/2025-11-20,E:\LandSlide-Prediction\data\pre_event\native_tif\LS_03962.tif,E:\LandSlide-Prediction\data\pre_event\png_256\LS_03962.png,
LS_03966,1,success,S2B_MSIL2A_20250908T050559_R076_T44NNN_20250908T070833,27.121845,21.04,2025-09-08,2025-09-01/2025-11-20,E:\LandSlide-Prediction\data\pre_event\native_tif\LS_03966.tif,E:\LandSlide-Prediction\data\pre_event\png_256\LS_03966.png,
LS_03968,1,success,S2C_MSIL2A_20251003T050621_R076_T44NMN_20251003T090812,8.674505,0.0,2025-10-03,2025-09-01/2025-11-20,E:\LandSlide-Prediction\data\pre_event\native_tif\LS_03968.tif,E:\LandSlide-Prediction\data\pre_event\png_256\LS_03968.png,
LS_03983,1,success,S2C_MSIL2A_20251003T050621_R076_T44NMN_20251003T090812,8.674505,0.0,2025-10-03,2025-09-01/2025-11-20,E:\LandSlide-Prediction\data\pre_event\native_tif\LS_03983.tif,E:\LandSlide-Prediction\data\pre_event\png_256\LS_03983.png,
LS_03986,1,success,S2C_MSIL2A_20251003T050621_R076_T44NMN_20251003T090812,8.674505,0.0,2025-10-03,2025-09-01/2025-11-20,E:\LandSlide-Prediction\data\pre_event\native_tif\LS_03986.tif,E:\LandSlide-Prediction\data\pre_event\png_256\LS_03986.png,
LS_03991,1,success,S2C_MSIL2A_20251003T050621_R076_T44NMN_20251003T090812,8.674505,0.0,2025-10-03,2025-09-01/2025-11-20,E:\LandSlide-Prediction\data\pre_event\native_tif\LS_03991.tif,E:\LandSlide-Prediction\data\pre_event\png_256\LS_03991.png,
LS_03996,1,success,S2C_MSIL2A_20251003T050621_R076_T44NMN_20251003T090812,8.674505,0.0,2025-10-03,2025-09-01/2025-11-20,E:\LandSlide-Prediction\data\pre_event\native_tif\LS_03996.tif,E:\LandSlide-Prediction\data\pre_event\png_256\LS_03996.png,
LS_03997,1,success,S2C_MSIL2A_20251003T050621_R076_T44NMN_20251003T090812,8.674505,0.0,2025-10-03,2025-09-01/2025-11-20,E:\LandSlide-Prediction\data\pre_event\native_tif\LS_03997.tif,E:\LandSlide-Prediction\data\pre_event\png_256\LS_03997.png,
LS_03998,1,success,S2C_MSIL2A_20251003T050621_R076_T44NMN_20251003T090812,8.674505,21.19,2025-10-03,2025-09-01/2025-11-20,E:\LandSlide-Prediction\data\pre_event\native_tif\LS_03998.tif,E:\LandSlide-Prediction\data\pre_event\png_256\LS_03998.png,
LS_04023,1,success,S2C_MSIL2A_20251003T050621_R076_T44NMN_20251003T090812,8.674505,0.49,2025-10-03,2025-09-01/2025-11-20,E:\LandSlide-Prediction\data\pre_event\native_tif\LS_04023.tif,E:\LandSlide-Prediction\data\pre_event\png_256\LS_04023.png,
LS_04027,1,success,S2C_MSIL2A_20251013T050611_R076_T44NNN_20251013T090413,15.8978,0.0,2025-10-13,2025-09-01/2025-11-20,E:\LandSlide-Prediction\data\pre_event\native_tif\LS_04027.tif,E:\LandSlide-Prediction\data\pre_event\png_256\LS_04027.png,
LS_04030,1,success,S2C_MSIL2A_20251013T050611_R076_T44NNN_20251013T090413,15.8978,0.0,2025-10-13,2025-09-01/2025-11-20,E:\LandSlide-Prediction\data\pre_event\native_tif\LS_04030.tif,E:\LandSlide-Prediction\data\pre_event\png_256\LS_04030.png,
LS_04041,1,success,S2C_MSIL2A_20251003T050621_R076_T44NMN_20251003T090812,8.674505,0.0,2025-10-03,2025-09-01/2025-11-20,E:\LandSlide-Prediction\data\pre_event\native_tif\LS_04041.tif,E:\LandSlide-Prediction\data\pre_event\png_256\LS_04041.png,
LS_04046,1,success,S2C_MSIL2A_20251003T050621_R076_T44NMN_20251003T090812,8.674505,0.0,2025-10-03,2025-09-01/2025-11-20,E:\LandSlide-Prediction\data\pre_event\native_tif\LS_04046.tif,E:\LandSlide-Prediction\data\pre_event\png_256\LS_04046.png,
LS_04054,1,success,S2C_MSIL2A_20251003T050621_R076_T44NMN_20251003T090812,8.674505,0.0,2025-10-03,2025-09-01/2025-11-20,E:\LandSlide-Prediction\data\pre_event\native_tif\LS_04054.tif,E:\LandSlide-Prediction\data\pre_event\png_256\LS_04054.png,
LS_04063,1,success,S2C_MSIL2A_20251003T050621_R076_T44NMN_20251003T090812,8.674505,0.0,2025-10-03,2025-09-01/2025-11-20,E:\LandSlide-Prediction\data\pre_event\native_tif\LS_04063.tif,E:\LandSlide-Prediction\data\pre_event\png_256\LS_04063.png,
LS_04073,1,success,S2C_MSIL2A_20251003T050621_R076_T44NMN_20251003T090812,8.674505,0.0,2025-10-03,2025-09-01/2025-11-20,E:\LandSlide-Prediction\data\pre_event\native_tif\LS_04073.tif,E:\LandSlide-Prediction\data\pre_event\png_256\LS_04073.png,
LS_04074,1,success,S2C_MSIL2A_20251003T050621_R076_T44NMN_20251003T090812,8.674505,0.0,2025-10-03,2025-09-01/2025-11-20,E:\LandSlide-Prediction\data\pre_event\native_tif\LS_04074.tif,E:\LandSlide-Prediction\data\pre_event\png_256\LS_04074.png,
LS_04076,1,success,S2C_MSIL2A_20251003T050621_R076_T44NMN_20251003T090812,8.674505,0.0,2025-10-03,2025-09-01/2025-11-20,E:\LandSlide-Prediction\data\pre_event\native_tif\LS_04076.tif,E:\LandSlide-Prediction\data\pre_event\png_256\LS_04076.png,
LS_04077,1,success,S2C_MSIL2A_20251003T050621_R076_T44NMN_20251003T090812,8.674505,0.0,2025-10-03,2025-09-01/2025-11-20,E:\LandSlide-Prediction\data\pre_event\native_tif\LS_04077.tif,E:\LandSlide-Prediction\data\pre_event\png_256\LS_04077.png,
LS_04078,1,success,S2C_MSIL2A_20251003T050621_R076_T44NMN_20251003T090812,8.674505,0.0,2025-10-03,2025-09-01/2025-11-20,E:\LandSlide-Prediction\data\pre_event\native_tif\LS_04078.tif,E:\LandSlide-Prediction\data\pre_event\png_256\LS_04078.png,
LS_04079,1,success,S2C_MSIL2A_20251003T050621_R076_T44NMN_20251003T090812,8.674505,0.0,2025-10-03,2025-09-01/2025-11-20,E:\LandSlide-Prediction\data\pre_event\native_tif\LS_04079.tif,E:\LandSlide-Prediction\data\pre_event\png_256\LS_04079.png,
LS_04080,1,success,S2C_MSIL2A_20251003T050621_R076_T44NMN_20251003T090812,8.674505,0.0,2025-10-03,2025-09-01/2025-11-20,E:\LandSlide-Prediction\data\pre_event\native_tif\LS_04080.tif,E:\LandSlide-Prediction\data\pre_event\png_256\LS_04080.png,
LS_04082,1,success,S2C_MSIL2A_20251003T050621_R076_T44NMN_20251003T090812,8.674505,0.0,2025-10-03,2025-09-01/2025-11-20,E:\LandSlide-Prediction\data\pre_event\native_tif\LS_04082.tif,E:\LandSlide-Prediction\data\pre_event\png_256\LS_04082.png,
LS_04087,1,success,S2C_MSIL2A_20251003T050621_R076_T44NMN_20251003T090812,8.674505,0.0,2025-10-03,2025-09-01/2025-11-20,E:\LandSlide-Prediction\data\pre_event\native_tif\LS_04087.tif,E:\LandSlide-Prediction\data\pre_event\png_256\LS_04087.png,
LS_04091,1,success,S2C_MSIL2A_20251003T050621_R076_T44NMN_20251003T090812,8.674505,0.0,2025-10-03,2025-09-01/2025-11-20,E:\LandSlide-Prediction\data\pre_event\native_tif\LS_04091.tif,E:\LandSlide-Prediction\data\pre_event\png_256\LS_04091.png,
LS_04096,1,success,S2C_MSIL2A_20251003T050621_R076_T44NMN_20251003T090812,8.674505,0.0,2025-10-03,2025-09-01/2025-11-20,E:\LandSlide-Prediction\data\pre_event\native_tif\LS_04096.tif,E:\LandSlide-Prediction\data\pre_event\png_256\LS_04096.png,
LS_04097,1,success,S2C_MSIL2A_20251003T050621_R076_T44NMN_20251003T090812,8.674505,0.0,2025-10-03,2025-09-01/2025-11-20,E:\LandSlide-Prediction\data\pre_event\native_tif\LS_04097.tif,E:\LandSlide-Prediction\data\pre_event\png_256\LS_04097.png,
LS_04104,1,success,S2C_MSIL2A_20251003T050621_R076_T44NMN_20251003T090812,8.674505,0.0,2025-10-03,2025-09-01/2025-11-20,E:\LandSlide-Prediction\data\pre_event\native_tif\LS_04104.tif,E:\LandSlide-Prediction\data\pre_event\png_256\LS_04104.png,
LS_04105,1,success,S2C_MSIL2A_20251003T050621_R076_T44NMN_20251003T090812,8.674505,0.0,2025-10-03,2025-09-01/2025-11-20,E:\LandSlide-Prediction\data\pre_event\native_tif\LS_04105.tif,E:\LandSlide-Prediction\data\pre_event\png_256\LS_04105.png,
LS_04106,1,success,S2C_MSIL2A_20251003T050621_R076_T44NMN_20251003T090812,8.674505,0.0,2025-10-03,2025-09-01/2025-11-20,E:\LandSlide-Prediction\data\pre_event\native_tif\LS_04106.tif,E:\LandSlide-Prediction\data\pre_event\png_256\LS_04106.png,
LS_04118,1,success,S2C_MSIL2A_20251003T050621_R076_T44NMN_20251003T090812,8.674505,0.0,2025-10-03,2025-09-01/2025-11-20,E:\LandSlide-Prediction\data\pre_event\native_tif\LS_04118.tif,E:\LandSlide-Prediction\data\pre_event\png_256\LS_04118.png,
LS_04120,1,success,S2C_MSIL2A_20251003T050621_R076_T44NMN_20251003T090812,8.674505,0.0,2025-10-03,2025-09-01/2025-11-20,E:\LandSlide-Prediction\data\pre_event\native_tif\LS_04120.tif,E:\LandSlide-Prediction\data\pre_event\png_256\LS_04120.png,
LS_04128,1,success,S2C_MSIL2A_20251003T050621_R076_T44NMN_20251003T090812,8.674505,0.0,2025-10-03,2025-09-01/2025-11-20,E:\LandSlide-Prediction\data\pre_event\native_tif\LS_04128.tif,E:\LandSlide-Prediction\data\pre_event\png_256\LS_04128.png,
LS_04130,1,success,S2C_MSIL2A_20251003T050621_R076_T44NMN_20251003T090812,8.674505,0.0,2025-10-03,2025-09-01/2025-11-20,E:\LandSlide-Prediction\data\pre_event\native_tif\LS_04130.tif,E:\LandSlide-Prediction\data\pre_event\png_256\LS_04130.png,
LS_04132,1,success,S2C_MSIL2A_20251003T050621_R076_T44NMN_20251003T090812,8.674505,0.0,2025-10-03,2025-09-01/2025-11-20,E:\LandSlide-Prediction\data\pre_event\native_tif\LS_04132.tif,E:\LandSlide-Prediction\data\pre_event\png_256\LS_04132.png,
LS_04138,1,success,S2C_MSIL2A_20251003T050621_R076_T44NMN_20251003T090812,8.674505,0.0,2025-10-03,2025-09-01/2025-11-20,E:\LandSlide-Prediction\data\pre_event\native_tif\LS_04138.tif,E:\LandSlide-Prediction\data\pre_event\png_256\LS_04138.png,
LS_04140,1,success,S2C_MSIL2A_20251003T050621_R076_T44NMN_20251003T090812,8.674505,0.0,2025-10-03,2025-09-01/2025-11-20,E:\LandSlide-Prediction\data\pre_event\native_tif\LS_04140.tif,E:\LandSlide-Prediction\data\pre_event\png_256\LS_04140.png,
LS_04144,1,success,S2C_MSIL2A_20251003T050621_R076_T44NMN_20251003T090812,8.674505,0.0,2025-10-03,2025-09-01/2025-11-20,E:\LandSlide-Prediction\data\pre_event\native_tif\LS_04144.tif,E:\LandSlide-Prediction\data\pre_event\png_256\LS_04144.png,
LS_04146,1,success,S2C_MSIL2A_20251003T050621_R076_T44NMN_20251003T090812,8.674505,0.0,2025-10-03,2025-09-01/2025-11-20,E:\LandSlide-Prediction\data\pre_event\native_tif\LS_04146.tif,E:\LandSlide-Prediction\data\pre_event\png_256\LS_04146.png,
LS_04147,1,success,S2A_MSIL2A_20250905T050621_R076_T44NMN_20250905T063012,36.164254,0.0,2025-09-05,2025-09-01/2025-11-20,E:\LandSlide-Prediction\data\pre_event\native_tif\LS_04147.tif,E:\LandSlide-Prediction\data\pre_event\png_256\LS_04147.png,
LS_04148,1,success,S2C_MSIL2A_20251003T050621_R076_T44NMN_20251003T090812,8.674505,0.0,2025-10-03,2025-09-01/2025-11-20,E:\LandSlide-Prediction\data\pre_event\native_tif\LS_04148.tif,E:\LandSlide-Prediction\data\pre_event\png_256\LS_04148.png,
LS_04149,1,success,S2C_MSIL2A_20251003T050621_R076_T44NMN_20251003T090812,8.674505,0.0,2025-10-03,2025-09-01/2025-11-20,E:\LandSlide-Prediction\data\pre_event\native_tif\LS_04149.tif,E:\LandSlide-Prediction\data\pre_event\png_256\LS_04149.png,
LS_04150,1,success,S2C_MSIL2A_20251003T050621_R076_T44NMN_20251003T090812,8.674505,0.0,2025-10-03,2025-09-01/2025-11-20,E:\LandSlide-Prediction\data\pre_event\native_tif\LS_04150.tif,E:\LandSlide-Prediction\data\pre_event\png_256\LS_04150.png,
LS_04158,1,success,S2C_MSIL2A_20251003T050621_R076_T44NMN_20251003T090812,8.674505,0.0,2025-10-03,2025-09-01/2025-11-20,E:\LandSlide-Prediction\data\pre_event\native_tif\LS_04158.tif,E:\LandSlide-Prediction\data\pre_event\png_256\LS_04158.png,
LS_04162,1,success,S2B_MSIL2A_20250908T050559_R076_T44NMN_20250908T070833,32.934213,0.0,2025-09-08,2025-09-01/2025-11-20,E:\LandSlide-Prediction\data\pre_event\native_tif\LS_04162.tif,E:\LandSlide-Prediction\data\pre_event\png_256\LS_04162.png,
LS_04170,1,success,S2C_MSIL2A_20250913T050621_R076_T44NNN_20250913T092114,28.331435,0.49,2025-09-13,2025-09-01/2025-11-20,E:\LandSlide-Prediction\data\pre_event\native_tif\LS_04170.tif,E:\LandSlide-Prediction\data\pre_event\png_256\LS_04170.png,
LS_04174,1,success,S2C_MSIL2A_20250913T050621_R076_T44NNN_20250913T092114,28.331435,0.0,2025-09-13,2025-09-01/2025-11-20,E:\LandSlide-Prediction\data\pre_event\native_tif\LS_04174.tif,E:\LandSlide-Prediction\data\pre_event\png_256\LS_04174.png,
LS_04176,1,success,S2C_MSIL2A_20250913T050621_R076_T44NNN_20250913T092114,28.331435,0.0,2025-09-13,2025-09-01/2025-11-20,E:\LandSlide-Prediction\data\pre_event\native_tif\LS_04176.tif,E:\LandSlide-Prediction\data\pre_event\png_256\LS_04176.png,
LS_04178,1,success,S2C_MSIL2A_20251003T050621_R076_T44NMN_20251003T090812,8.674505,0.0,2025-10-03,2025-09-01/2025-11-20,E:\LandSlide-Prediction\data\pre_event\native_tif\LS_04178.tif,E:\LandSlide-Prediction\data\pre_event\png_256\LS_04178.png,
LS_04180,1,success,S2C_MSIL2A_20251003T050621_R076_T44NMN_20251003T090812,8.674505,0.0,2025-10-03,2025-09-01/2025-11-20,E:\LandSlide-Prediction\data\pre_event\native_tif\LS_04180.tif,E:\LandSlide-Prediction\data\pre_event\png_256\LS_04180.png,
LS_04182,1,success,S2C_MSIL2A_20251013T050611_R076_T44NNN_20251013T090413,15.8978,0.0,2025-10-13,2025-09-01/2025-11-20,E:\LandSlide-Prediction\data\pre_event\native_tif\LS_04182.tif,E:\LandSlide-Prediction\data\pre_event\png_256\LS_04182.png,
LS_04184,1,success,S2C_MSIL2A_20251003T050621_R076_T44NMN_20251003T090812,8.674505,0.0,2025-10-03,2025-09-01/2025-11-20,E:\LandSlide-Prediction\data\pre_event\native_tif\LS_04184.tif,E:\LandSlide-Prediction\data\pre_event\png_256\LS_04184.png,
LS_04185,1,success,S2C_MSIL2A_20251013T050611_R076_T44NNN_20251013T090413,15.8978,0.0,2025-10-13,2025-09-01/2025-11-20,E:\LandSlide-Prediction\data\pre_event\native_tif\LS_04185.tif,E:\LandSlide-Prediction\data\pre_event\png_256\LS_04185.png,
LS_04188,1,success,S2C_MSIL2A_20250913T050621_R076_T44NNN_20250913T092114,28.331435,0.0,2025-09-13,2025-09-01/2025-11-20,E:\LandSlide-Prediction\data\pre_event\native_tif\LS_04188.tif,E:\LandSlide-Prediction\data\pre_event\png_256\LS_04188.png,
LS_04190,1,success,S2C_MSIL2A_20251003T050621_R076_T44NMN_20251003T090812,8.674505,0.0,2025-10-03,2025-09-01/2025-11-20,E:\LandSlide-Prediction\data\pre_event\native_tif\LS_04190.tif,E:\LandSlide-Prediction\data\pre_event\png_256\LS_04190.png,
LS_04191,1,success,S2C_MSIL2A_20251003T050621_R076_T44NMN_20251003T090812,8.674505,0.0,2025-10-03,2025-09-01/2025-11-20,E:\LandSlide-Prediction\data\pre_event\native_tif\LS_04191.tif,E:\LandSlide-Prediction\data\pre_event\png_256\LS_04191.png,
LS_04194,1,success,S2C_MSIL2A_20250913T050621_R076_T44NNN_20250913T092114,28.331435,0.0,2025-09-13,2025-09-01/2025-11-20,E:\LandSlide-Prediction\data\pre_event\native_tif\LS_04194.tif,E:\LandSlide-Prediction\data\pre_event\png_256\LS_04194.png,
LS_04195,1,success,S2C_MSIL2A_20251003T050621_R076_T44NMN_20251003T090812,8.674505,9.08,2025-10-03,2025-09-01/2025-11-20,E:\LandSlide-Prediction\data\pre_event\native_tif\LS_04195.tif,E:\LandSlide-Prediction\data\pre_event\png_256\LS_04195.png,
LS_04202,1,success,S2C_MSIL2A_20251102T050611_R076_T44NNN_20251102T072910,25.828215,24.22,2025-11-02,2025-09-01/2025-11-20,E:\LandSlide-Prediction\data\pre_event\native_tif\LS_04202.tif,E:\LandSlide-Prediction\data\pre_event\png_256\LS_04202.png,
LS_04211,1,success,S2C_MSIL2A_20250913T050621_R076_T44NNN_20250913T092114,28.331435,0.0,2025-09-13,2025-09-01/2025-11-20,E:\LandSlide-Prediction\data\pre_event\native_tif\LS_04211.tif,E:\LandSlide-Prediction\data\pre_event\png_256\LS_04211.png,
LS_04215,1,success,S2C_MSIL2A_20251013T050611_R076_T44NNN_20251013T090413,15.8978,0.0,2025-10-13,2025-09-01/2025-11-20,E:\LandSlide-Prediction\data\pre_event\native_tif\LS_04215.tif,E:\LandSlide-Prediction\data\pre_event\png_256\LS_04215.png,
LS_04217,1,success,S2C_MSIL2A_20251013T050611_R076_T44NNN_20251013T090413,15.8978,13.06,2025-10-13,2025-09-01/2025-11-20,E:\LandSlide-Prediction\data\pre_event\native_tif\LS_04217.tif,E:\LandSlide-Prediction\data\pre_event\png_256\LS_04217.png,
LS_04220,1,success,S2C_MSIL2A_20250913T050621_R076_T44NNN_20250913T092114,28.331435,0.0,2025-09-13,2025-09-01/2025-11-20,E:\LandSlide-Prediction\data\pre_event\native_tif\LS_04220.tif,E:\LandSlide-Prediction\data\pre_event\png_256\LS_04220.png,
LS_04222,1,success,S2A_MSIL2A_20250908T050231_R119_T44NMP_20250908T080413,40.256369,0.0,2025-09-08,2025-09-01/2025-11-20,E:\LandSlide-Prediction\data\pre_event\native_tif\LS_04222.tif,E:\LandSlide-Prediction\data\pre_event\png_256\LS_04222.png,
LS_04224,1,success,S2C_MSIL2A_20251003T050621_R076_T44NMP_20251003T090812,2.112417,0.0,2025-10-03,2025-09-01/2025-11-20,E:\LandSlide-Prediction\data\pre_event\native_tif\LS_04224.tif,E:\LandSlide-Prediction\data\pre_event\png_256\LS_04224.png,
NEG00000,0,success,S2B_MSIL2A_20251031T045839_R119_T44NMN_20251031T072153,14.801013,0.0,2025-10-31,2025-09-01/2025-11-20,E:\LandSlide-Prediction\data\pre_event\native_tif\NEG00000.tif,E:\LandSlide-Prediction\data\pre_event\png_256\NEG00000.png,
NEG00001,0,success,S2C_MSIL2A_20251003T050621_R076_T44NMP_20251003T090812,2.112417,0.0,2025-10-03,2025-09-01/2025-11-20,E:\LandSlide-Prediction\data\pre_event\native_tif\NEG00001.tif,E:\LandSlide-Prediction\data\pre_event\png_256\NEG00001.png,
NEG00002,0,success,S2C_MSIL2A_20251003T050621_R076_T44NMN_20251003T090812,8.674505,11.62,2025-10-03,2025-09-01/2025-11-20,E:\LandSlide-Prediction\data\pre_event\native_tif\NEG00002.tif,E:\LandSlide-Prediction\data\pre_event\png_256\NEG00002.png,
NEG00003,0,success,S2B_MSIL2A_20251031T045839_R119_T44NMP_20251031T072153,16.524501,0.0,2025-10-31,2025-09-01/2025-11-20,E:\LandSlide-Prediction\data\pre_event\native_tif\NEG00003.tif,E:\LandSlide-Prediction\data\pre_event\png_256\NEG00003.png,
NEG00004,0,success,S2B_MSIL2A_20251031T045839_R119_T44NMN_20251031T072153,14.801013,0.0,2025-10-31,2025-09-01/2025-11-20,E:\LandSlide-Prediction\data\pre_event\native_tif\NEG00004.tif,E:\LandSlide-Prediction\data\pre_event\png_256\NEG00004.png,
NEG00005,0,success,S2C_MSIL2A_20251006T045711_R119_T44NMP_20251006T093213,47.28899,0.88,2025-10-06,2025-09-01/2025-11-20,E:\LandSlide-Prediction\data\pre_event\native_tif\NEG00005.tif,E:\LandSlide-Prediction\data\pre_event\png_256\NEG00005.png,
NEG00006,0,success,S2C_MSIL2A_20251003T050621_R076_T44NMP_20251003T090812,2.112417,0.0,2025-10-03,2025-09-01/2025-11-20,E:\LandSlide-Prediction\data\pre_event\native_tif\NEG00006.tif,E:\LandSlide-Prediction\data\pre_event\png_256\NEG00006.png,
NEG00007,0,success,S2C_MSIL2A_20251003T050621_R076_T44NMP_20251003T090812,2.112417,0.0,2025-10-03,2025-09-01/2025-11-20,E:\LandSlide-Prediction\data\pre_event\native_tif\NEG00007.tif,E:\LandSlide-Prediction\data\pre_event\png_256\NEG00007.png,
NEG00008,0,success,S2B_MSIL2A_20251031T045839_R119_T44NMN_20251031T072153,14.801013,0.2,2025-10-31,2025-09-01/2025-11-20,E:\LandSlide-Prediction\data\pre_event\native_tif\NEG00008.tif,E:\LandSlide-Prediction\data\pre_event\png_256\NEG00008.png,
NEG00009,0,success,S2B_MSIL2A_20251031T045839_R119_T44NMN_20251031T072153,14.801013,0.0,2025-10-31,2025-09-01/2025-11-20,E:\LandSlide-Prediction\data\pre_event\native_tif\NEG00009.tif,E:\LandSlide-Prediction\data\pre_event\png_256\NEG00009.png,
NEG00010,0,success,S2B_MSIL2A_20251031T045839_R119_T44NMN_20251031T072153,14.801013,18.77,2025-10-31,2025-09-01/2025-11-20,E:\LandSlide-Prediction\data\pre_event\native_tif\NEG00010.tif,E:\LandSlide-Prediction\data\pre_event\png_256\NEG00010.png,
NEG00011,0,success,S2C_MSIL2A_20251003T050621_R076_T44NMN_20251003T090812,8.674505,12.94,2025-10-03,2025-09-01/2025-11-20,E:\LandSlide-Prediction\data\pre_event\native_tif\NEG00011.tif,E:\LandSlide-Prediction\data\pre_event\png_256\NEG00011.png,
NEG00012,0,success,S2B_MSIL2A_20251031T045839_R119_T44NMN_20251031T072153,14.801013,0.0,2025-10-31,2025-09-01/2025-11-20,E:\LandSlide-Prediction\data\pre_event\native_tif\NEG00012.tif,E:\LandSlide-Prediction\data\pre_event\png_256\NEG00012.png,
NEG00013,0,success,S2C_MSIL2A_20251003T050621_R076_T44NMN_20251003T090812,8.674505,0.0,2025-10-03,2025-09-01/2025-11-20,E:\LandSlide-Prediction\data\pre_event\native_tif\NEG00013.tif,E:\LandSlide-Prediction\data\pre_event\png_256\NEG00013.png,
NEG00014,0,success,S2B_MSIL2A_20251031T045839_R119_T44NMP_20251031T072153,16.524501,0.0,2025-10-31,2025-09-01/2025-11-20,E:\LandSlide-Prediction\data\pre_event\native_tif\NEG00014.tif,E:\LandSlide-Prediction\data\pre_event\png_256\NEG00014.png,
NEG00015,0,success,S2C_MSIL2A_20251003T050621_R076_T44NMP_20251003T090812,2.112417,0.0,2025-10-03,2025-09-01/2025-11-20,E:\LandSlide-Prediction\data\pre_event\native_tif\NEG00015.tif,E:\LandSlide-Prediction\data\pre_event\png_256\NEG00015.png,
NEG00016,0,success,S2B_MSIL2A_20250911T045659_R119_T44NMP_20250911T084431,52.030182,10.79,2025-09-11,2025-09-01/2025-11-20,E:\LandSlide-Prediction\data\pre_event\native_tif\NEG00016.tif,E:\LandSlide-Prediction\data\pre_event\png_256\NEG00016.png,
NEG00017,0,success,S2C_MSIL2A_20251003T050621_R076_T44NMN_20251003T090812,8.674505,0.0,2025-10-03,2025-09-01/2025-11-20,E:\LandSlide-Prediction\data\pre_event\native_tif\NEG00017.tif,E:\LandSlide-Prediction\data\pre_event\png_256\NEG00017.png,
NEG00018,0,success,S2C_MSIL2A_20251003T050621_R076_T44NMP_20251003T090812,2.112417,0.0,2025-10-03,2025-09-01/2025-11-20,E:\LandSlide-Prediction\data\pre_event\native_tif\NEG00018.tif,E:\LandSlide-Prediction\data\pre_event\png_256\NEG00018.png,
NEG00019,0,success,S2C_MSIL2A_20251003T050621_R076_T44NMN_20251003T090812,8.674505,0.0,2025-10-03,2025-09-01/2025-11-20,E:\LandSlide-Prediction\data\pre_event\native_tif\NEG00019.tif,E:\LandSlide-Prediction\data\pre_event\png_256\NEG00019.png,
NEG00020,0,success,S2C_MSIL2A_20251003T050621_R076_T44NMN_20251003T090812,8.674505,0.0,2025-10-03,2025-09-01/2025-11-20,E:\LandSlide-Prediction\data\pre_event\native_tif\NEG00020.tif,E:\LandSlide-Prediction\data\pre_event\png_256\NEG00020.png,
NEG00021,0,success,S2C_MSIL2A_20251003T050621_R076_T44NMN_20251003T090812,8.674505,0.0,2025-10-03,2025-09-01/2025-11-20,E:\LandSlide-Prediction\data\pre_event\native_tif\NEG00021.tif,E:\LandSlide-Prediction\data\pre_event\png_256\NEG00021.png,
NEG00022,0,success,S2C_MSIL2A_20250913T050621_R076_T44NNN_20250913T092114,28.331435,0.0,2025-09-13,2025-09-01/2025-11-20,E:\LandSlide-Prediction\data\pre_event\native_tif\NEG00022.tif,E:\LandSlide-Prediction\data\pre_event\png_256\NEG00022.png,
NEG00023,0,success,S2A_MSIL2A_20250908T050231_R119_T44NMP_20250908T080413,40.256369,6.84,2025-09-08,2025-09-01/2025-11-20,E:\LandSlide-Prediction\data\pre_event\native_tif\NEG00023.tif,E:\LandSlide-Prediction\data\pre_event\png_256\NEG00023.png,
NEG00024,0,success,S2B_MSIL2A_20251031T045839_R119_T44NMN_20251031T072153,14.801013,1.12,2025-10-31,2025-09-01/2025-11-20,E:\LandSlide-Prediction\data\pre_event\native_tif\NEG00024.tif,E:\LandSlide-Prediction\data\pre_event\png_256\NEG00024.png,
NEG00025,0,success,S2C_MSIL2A_20251003T050621_R076_T44NMP_20251003T090812,2.112417,0.0,2025-10-03,2025-09-01/2025-11-20,E:\LandSlide-Prediction\data\pre_event\native_tif\NEG00025.tif,E:\LandSlide-Prediction\data\pre_event\png_256\NEG00025.png,
NEG00026,0,success,S2C_MSIL2A_20251003T050621_R076_T44NMN_20251003T090812,8.674505,0.0,2025-10-03,2025-09-01/2025-11-20,E:\LandSlide-Prediction\data\pre_event\native_tif\NEG00026.tif,E:\LandSlide-Prediction\data\pre_event\png_256\NEG00026.png,
NEG00027,0,success,S2C_MSIL2A_20251013T050611_R076_T44NNN_20251013T090413,15.8978,20.21,2025-10-13,2025-09-01/2025-11-20,E:\LandSlide-Prediction\data\pre_event\native_tif\NEG00027.tif,E:\LandSlide-Prediction\data\pre_event\png_256\NEG00027.png,
NEG00028,0,success,S2C_MSIL2A_20251003T050621_R076_T44NMP_20251003T090812,2.112417,0.98,2025-10-03,2025-09-01/2025-11-20,E:\LandSlide-Prediction\data\pre_event\native_tif\NEG00028.tif,E:\LandSlide-Prediction\data\pre_event\png_256\NEG00028.png,
NEG00029,0,success,S2B_MSIL2A_20251120T050019_R119_T44NLP_20251120T072045,27.291214,0.0,2025-11-20,2025-09-01/2025-11-20,E:\LandSlide-Prediction\data\pre_event\native_tif\NEG00029.tif,E:\LandSlide-Prediction\data\pre_event\png_256\NEG00029.png,
NEG00030,0,success,S2C_MSIL2A_20250913T050621_R076_T44NNN_20250913T092114,28.331435,0.0,2025-09-13,2025-09-01/2025-11-20,E:\LandSlide-Prediction\data\pre_event\native_tif\NEG00030.tif,E:\LandSlide-Prediction\data\pre_event\png_256\NEG00030.png,
NEG00031,0,success,S2A_MSIL2A_20250908T050231_R119_T44NLN_20250908T080413,30.09313,24.12,2025-09-08,2025-09-01/2025-11-20,E:\LandSlide-Prediction\data\pre_event\native_tif\NEG00031.tif,E:\LandSlide-Prediction\data\pre_event\png_256\NEG00031.png,
NEG00032,0,success,S2C_MSIL2A_20251003T050621_R076_T44NMN_20251003T090812,8.674505,0.0,2025-10-03,2025-09-01/2025-11-20,E:\LandSlide-Prediction\data\pre_event\native_tif\NEG00032.tif,E:\LandSlide-Prediction\data\pre_event\png_256\NEG00032.png,
NEG00033,0,success,S2C_MSIL2A_20251003T050621_R076_T44NMN_20251003T090812,8.674505,0.0,2025-10-03,2025-09-01/2025-11-20,E:\LandSlide-Prediction\data\pre_event\native_tif\NEG00033.tif,E:\LandSlide-Prediction\data\pre_event\png_256\NEG00033.png,
NEG00034,0,success,S2C_MSIL2A_20251003T050621_R076_T44NMP_20251003T090812,2.112417,0.0,2025-10-03,2025-09-01/2025-11-20,E:\LandSlide-Prediction\data\pre_event\native_tif\NEG00034.tif,E:\LandSlide-Prediction\data\pre_event\png_256\NEG00034.png,
NEG00035,0,success,S2C_MSIL2A_20251003T050621_R076_T44NMN_20251003T090812,8.674505,0.0,2025-10-03,2025-09-01/2025-11-20,E:\LandSlide-Prediction\data\pre_event\native_tif\NEG00035.tif,E:\LandSlide-Prediction\data\pre_event\png_256\NEG00035.png,
NEG00036,0,success,S2C_MSIL2A_20251003T050621_R076_T44NMP_20251003T090812,2.112417,0.0,2025-10-03,2025-09-01/2025-11-20,E:\LandSlide-Prediction\data\pre_event\native_tif\NEG00036.tif,E:\LandSlide-Prediction\data\pre_event\png_256\NEG00036.png,
NEG00037,0,success,S2B_MSIL2A_20251008T050559_R076_T44NNN_20251008T082000,19.039197,0.0,2025-10-08,2025-09-01/2025-11-20,E:\LandSlide-Prediction\data\pre_event\native_tif\NEG00037.tif,E:\LandSlide-Prediction\data\pre_event\png_256\NEG00037.png,
NEG00038,0,success,S2C_MSIL2A_20251003T050621_R076_T44NMN_20251003T090812,8.674505,0.0,2025-10-03,2025-09-01/2025-11-20,E:\LandSlide-Prediction\data\pre_event\native_tif\NEG00038.tif,E:\LandSlide-Prediction\data\pre_event\png_256\NEG00038.png,
NEG00039,0,success,S2B_MSIL2A_20251031T045839_R119_T44NMN_20251031T072153,14.801013,0.0,2025-10-31,2025-09-01/2025-11-20,E:\LandSlide-Prediction\data\pre_event\native_tif\NEG00039.tif,E:\LandSlide-Prediction\data\pre_event\png_256\NEG00039.png,
NEG00040,0,success,S2C_MSIL2A_20250827T045721_R119_T44NLN_20250827T095314,15.130579,0.05,2025-08-27,2025-06-01/2025-08-31,E:\LandSlide-Prediction\data\pre_event\native_tif\NEG00040.tif,E:\LandSlide-Prediction\data\pre_event\png_256\NEG00040.png,
NEG00041,0,success,S2C_MSIL2A_20251003T050621_R076_T44NMN_20251003T090812,8.674505,0.0,2025-10-03,2025-09-01/2025-11-20,E:\LandSlide-Prediction\data\pre_event\native_tif\NEG00041.tif,E:\LandSlide-Prediction\data\pre_event\png_256\NEG00041.png,
NEG00042,0,success,S2B_MSIL2A_20251031T045839_R119_T44PMQ_20251031T072153,2.075697,0.0,2025-10-31,2025-09-01/2025-11-20,E:\LandSlide-Prediction\data\pre_event\native_tif\NEG00042.tif,E:\LandSlide-Prediction\data\pre_event\png_256\NEG00042.png,
NEG00043,0,success,S2C_MSIL2A_20251013T050611_R076_T44NNN_20251013T090413,15.8978,0.0,2025-10-13,2025-09-01/2025-11-20,E:\LandSlide-Prediction\data\pre_event\native_tif\NEG00043.tif,E:\LandSlide-Prediction\data\pre_event\png_256\NEG00043.png,
NEG00044,0,success,S2B_MSIL2A_20251031T045839_R119_T44NMN_20251031T072153,14.801013,0.0,2025-10-31,2025-09-01/2025-11-20,E:\LandSlide-Prediction\data\pre_event\native_tif\NEG00044.tif,E:\LandSlide-Prediction\data\pre_event\png_256\NEG00044.png,
NEG00045,0,success,S2C_MSIL2A_20251003T050621_R076_T44NMP_20251003T090812,2.112417,6.93,2025-10-03,2025-09-01/2025-11-20,E:\LandSlide-Prediction\data\pre_event\native_tif\NEG00045.tif,E:\LandSlide-Prediction\data\pre_event\png_256\NEG00045.png,
NEG00046,0,success,S2B_MSIL2A_20251031T045839_R119_T44NMP_20251031T072153,16.524501,2.05,2025-10-31,2025-09-01/2025-11-20,E:\LandSlide-Prediction\data\pre_event\native_tif\NEG00046.tif,E:\LandSlide-Prediction\data\pre_event\png_256\NEG00046.png,
NEG00047,0,success,S2C_MSIL2A_20251003T050621_R076_T44NMN_20251003T090812,8.674505,0.0,2025-10-03,2025-09-01/2025-11-20,E:\LandSlide-Prediction\data\pre_event\native_tif\NEG00047.tif,E:\LandSlide-Prediction\data\pre_event\png_256\NEG00047.png,
NEG00048,0,success,S2B_MSIL2A_20251031T045839_R119_T44NMP_20251031T072153,16.524501,11.91,2025-10-31,2025-09-01/2025-11-20,E:\LandSlide-Prediction\data\pre_event\native_tif\NEG00048.tif,E:\LandSlide-Prediction\data\pre_event\png_256\NEG00048.png,
NEG00049,0,success,S2C_MSIL2A_20251003T050621_R076_T44NMP_20251003T090812,2.112417,10.64,2025-10-03,2025-09-01/2025-11-20,E:\LandSlide-Prediction\data\pre_event\native_tif\NEG00049.tif,E:\LandSlide-Prediction\data\pre_event\png_256\NEG00049.png,
NEG00050,0,success,S2C_MSIL2A_20251003T050621_R076_T44NMP_20251003T090812,2.112417,0.0,2025-10-03,2025-09-01/2025-11-20,E:\LandSlide-Prediction\data\pre_event\native_tif\NEG00050.tif,E:\LandSlide-Prediction\data\pre_event\png_256\NEG00050.png,
NEG00051,0,success,S2B_MSIL2A_20251120T050019_R119_T44NMP_20251120T072045,64.567739,17.87,2025-11-20,2025-09-01/2025-11-20,E:\LandSlide-Prediction\data\pre_event\native_tif\NEG00051.tif,E:\LandSlide-Prediction\data\pre_event\png_256\NEG00051.png,
NEG00052,0,success,S2C_MSIL2A_20251003T050621_R076_T44NMP_20251003T090812,2.112417,0.0,2025-10-03,2025-09-01/2025-11-20,E:\LandSlide-Prediction\data\pre_event\native_tif\NEG00052.tif,E:\LandSlide-Prediction\data\pre_event\png_256\NEG00052.png,
NEG00053,0,success,S2C_MSIL2A_20251003T050621_R076_T44NMN_20251003T090812,8.674505,0.0,2025-10-03,2025-09-01/2025-11-20,E:\LandSlide-Prediction\data\pre_event\native_tif\NEG00053.tif,E:\LandSlide-Prediction\data\pre_event\png_256\NEG00053.png,
NEG00054,0,success,S2B_MSIL2A_20251031T045839_R119_T44NMN_20251031T072153,14.801013,0.39,2025-10-31,2025-09-01/2025-11-20,E:\LandSlide-Prediction\data\pre_event\native_tif\NEG00054.tif,E:\LandSlide-Prediction\data\pre_event\png_256\NEG00054.png,
NEG00055,0,success,S2B_MSIL2A_20251008T050559_R076_T44NNN_20251008T082000,19.039197,11.23,2025-10-08,2025-09-01/2025-11-20,E:\LandSlide-Prediction\data\pre_event\native_tif\NEG00055.tif,E:\LandSlide-Prediction\data\pre_event\png_256\NEG00055.png,
NEG00056,0,success,S2B_MSIL2A_20251031T045839_R119_T44NMN_20251031T072153,14.801013,0.0,2025-10-31,2025-09-01/2025-11-20,E:\LandSlide-Prediction\data\pre_event\native_tif\NEG00056.tif,E:\LandSlide-Prediction\data\pre_event\png_256\NEG00056.png,
NEG00057,0,success,S2B_MSIL2A_20251031T045839_R119_T44NMP_20251031T072153,16.524501,0.0,2025-10-31,2025-09-01/2025-11-20,E:\LandSlide-Prediction\data\pre_event\native_tif\NEG00057.tif,E:\LandSlide-Prediction\data\pre_event\png_256\NEG00057.png,
NEG00058,0,success,S2C_MSIL2A_20250728T045721_R119_T44NMP_20250728T095413,9.404943,0.0,2025-07-28,2025-06-01/2025-08-31,E:\LandSlide-Prediction\data\pre_event\native_tif\NEG00058.tif,E:\LandSlide-Prediction\data\pre_event\png_256\NEG00058.png,
NEG00059,0,success,S2B_MSIL2A_20251031T045839_R119_T44NMN_20251031T072153,14.801013,0.0,2025-10-31,2025-09-01/2025-11-20,E:\LandSlide-Prediction\data\pre_event\native_tif\NEG00059.tif,E:\LandSlide-Prediction\data\pre_event\png_256\NEG00059.png,
NEG00060,0,success,S2A_MSIL2A_20250908T050231_R119_T44NMP_20250908T080413,40.256369,10.89,2025-09-08,2025-09-01/2025-11-20,E:\LandSlide-Prediction\data\pre_event\native_tif\NEG00060.tif,E:\LandSlide-Prediction\data\pre_event\png_256\NEG00060.png,
NEG00061,0,success,S2B_MSIL2A_20251008T050559_R076_T44NNN_20251008T082000,19.039197,0.1,2025-10-08,2025-09-01/2025-11-20,E:\LandSlide-Prediction\data\pre_event\native_tif\NEG00061.tif,E:\LandSlide-Prediction\data\pre_event\png_256\NEG00061.png,
NEG00062,0,success,S2B_MSIL2A_20251031T045839_R119_T44NMN_20251031T072153,14.801013,14.89,2025-10-31,2025-09-01/2025-11-20,E:\LandSlide-Prediction\data\pre_event\native_tif\NEG00062.tif,E:\LandSlide-Prediction\data\pre_event\png_256\NEG00062.png,
NEG00063,0,success,S2C_MSIL2A_20251003T050621_R076_T44NMN_20251003T090812,8.674505,0.0,2025-10-03,2025-09-01/2025-11-20,E:\LandSlide-Prediction\data\pre_event\native_tif\NEG00063.tif,E:\LandSlide-Prediction\data\pre_event\png_256\NEG00063.png,
NEG00064,0,success,S2C_MSIL2A_20250728T045721_R119_T44NMN_20250728T095413,28.22125,18.07,2025-07-28,2025-06-01/2025-08-31,E:\LandSlide-Prediction\data\pre_event\native_tif\NEG00064.tif,E:\LandSlide-Prediction\data\pre_event\png_256\NEG00064.png,
NEG00065,0,success,S2C_MSIL2A_20251003T050621_R076_T44NMN_20251003T090812,8.674505,0.0,2025-10-03,2025-09-01/2025-11-20,E:\LandSlide-Prediction\data\pre_event\native_tif\NEG00065.tif,E:\LandSlide-Prediction\data\pre_event\png_256\NEG00065.png,
NEG00066,0,success,S2C_MSIL2A_20251013T050611_R076_T44NNN_20251013T090413,15.8978,3.39,2025-10-13,2025-09-01/2025-11-20,E:\LandSlide-Prediction\data\pre_event\native_tif\NEG00066.tif,E:\LandSlide-Prediction\data\pre_event\png_256\NEG00066.png,
NEG00067,0,success,S2C_MSIL2A_20251003T050621_R076_T44NMP_20251003T090812,2.112417,0.0,2025-10-03,2025-09-01/2025-11-20,E:\LandSlide-Prediction\data\pre_event\native_tif\NEG00067.tif,E:\LandSlide-Prediction\data\pre_event\png_256\NEG00067.png,
NEG00068,0,success,S2B_MSIL2A_20251011T045659_R119_T44NMP_20251011T090705,62.988436,15.58,2025-10-11,2025-09-01/2025-11-20,E:\LandSlide-Prediction\data\pre_event\native_tif\NEG00068.tif,E:\LandSlide-Prediction\data\pre_event\png_256\NEG00068.png,
NEG00069,0,success,S2C_MSIL2A_20250708T045721_R119_T44NMP_20250708T102014,38.103226,0.0,2025-07-08,2025-06-01/2025-08-31,E:\LandSlide-Prediction\data\pre_event\native_tif\NEG00069.tif,E:\LandSlide-Prediction\data\pre_event\png_256\NEG00069.png,
NEG00070,0,success,S2C_MSIL2A_20251003T050621_R076_T44NNN_20251003T090812,23.541953,7.08,2025-10-03,2025-09-01/2025-11-20,E:\LandSlide-Prediction\data\pre_event\native_tif\NEG00070.tif,E:\LandSlide-Prediction\data\pre_event\png_256\NEG00070.png,
NEG00071,0,success,S2B_MSIL2A_20251031T045839_R119_T44NMP_20251031T072153,16.524501,4.79,2025-10-31,2025-09-01/2025-11-20,E:\LandSlide-Prediction\data\pre_event\native_tif\NEG00071.tif,E:\LandSlide-Prediction\data\pre_event\png_256\NEG00071.png,
NEG00072,0,success,S2C_MSIL2A_20251003T050621_R076_T44NMN_20251003T090812,8.674505,0.0,2025-10-03,2025-09-01/2025-11-20,E:\LandSlide-Prediction\data\pre_event\native_tif\NEG00072.tif,E:\LandSlide-Prediction\data\pre_event\png_256\NEG00072.png,
NEG00073,0,success,S2C_MSIL2A_20250913T050621_R076_T44NNN_20250913T092114,28.331435,0.0,2025-09-13,2025-09-01/2025-11-20,E:\LandSlide-Prediction\data\pre_event\native_tif\NEG00073.tif,E:\LandSlide-Prediction\data\pre_event\png_256\NEG00073.png,
NEG00074,0,success,S2C_MSIL2A_20250913T050621_R076_T44NNN_20250913T092114,28.331435,24.27,2025-09-13,2025-09-01/2025-11-20,E:\LandSlide-Prediction\data\pre_event\native_tif\NEG00074.tif,E:\LandSlide-Prediction\data\pre_event\png_256\NEG00074.png,
NEG00075,0,success,S2C_MSIL2A_20250913T050621_R076_T44NNN_20250913T092114,28.331435,0.0,2025-09-13,2025-09-01/2025-11-20,E:\LandSlide-Prediction\data\pre_event\native_tif\NEG00075.tif,E:\LandSlide-Prediction\data\pre_event\png_256\NEG00075.png,
NEG00076,0,success,S2B_MSIL2A_20251031T045839_R119_T44NMP_20251031T072153,16.524501,3.93,2025-10-31,2025-09-01/2025-11-20,E:\LandSlide-Prediction\data\pre_event\native_tif\NEG00076.tif,E:\LandSlide-Prediction\data\pre_event\png_256\NEG00076.png,
NEG00077,0,success,S2C_MSIL2A_20251013T050611_R076_T44NNN_20251013T090413,15.8978,18.51,2025-10-13,2025-09-01/2025-11-20,E:\LandSlide-Prediction\data\pre_event\native_tif\NEG00077.tif,E:\LandSlide-Prediction\data\pre_event\png_256\NEG00077.png,
NEG00078,0,success,S2B_MSIL2A_20251031T045839_R119_T44NMN_20251031T072153,14.801013,0.0,2025-10-31,2025-09-01/2025-11-20,E:\LandSlide-Prediction\data\pre_event\native_tif\NEG00078.tif,E:\LandSlide-Prediction\data\pre_event\png_256\NEG00078.png,
NEG00079,0,success,S2C_MSIL2A_20251003T050621_R076_T44NMP_20251003T090812,2.112417,0.0,2025-10-03,2025-09-01/2025-11-20,E:\LandSlide-Prediction\data\pre_event\native_tif\NEG00079.tif,E:\LandSlide-Prediction\data\pre_event\png_256\NEG00079.png,
NEG00080,0,success,S2B_MSIL2A_20251031T045839_R119_T44NLN_20251031T072153,5.151897,0.0,2025-10-31,2025-09-01/2025-11-20,E:\LandSlide-Prediction\data\pre_event\native_tif\NEG00080.tif,E:\LandSlide-Prediction\data\pre_event\png_256\NEG00080.png,
NEG00081,0,success,S2B_MSIL2A_20251031T045839_R119_T44NMN_20251031T072153,14.801013,0.0,2025-10-31,2025-09-01/2025-11-20,E:\LandSlide-Prediction\data\pre_event\native_tif\NEG00081.tif,E:\LandSlide-Prediction\data\pre_event\png_256\NEG00081.png,
NEG00082,0,success,S2C_MSIL2A_20251003T050621_R076_T44NMP_20251003T090812,2.112417,0.0,2025-10-03,2025-09-01/2025-11-20,E:\LandSlide-Prediction\data\pre_event\native_tif\NEG00082.tif,E:\LandSlide-Prediction\data\pre_event\png_256\NEG00082.png,
NEG00083,0,success,S2B_MSIL2A_20251031T045839_R119_T44NMN_20251031T072153,14.801013,0.98,2025-10-31,2025-09-01/2025-11-20,E:\LandSlide-Prediction\data\pre_event\native_tif\NEG00083.tif,E:\LandSlide-Prediction\data\pre_event\png_256\NEG00083.png,
NEG00084,0,success,S2A_MSIL2A_20250905T050621_R076_T44NMN_20250905T063012,36.164254,0.0,2025-09-05,2025-09-01/2025-11-20,E:\LandSlide-Prediction\data\pre_event\native_tif\NEG00084.tif,E:\LandSlide-Prediction\data\pre_event\png_256\NEG00084.png,
NEG00085,0,success,S2C_MSIL2A_20251003T050621_R076_T44NMP_20251003T090812,2.112417,0.0,2025-10-03,2025-09-01/2025-11-20,E:\LandSlide-Prediction\data\pre_event\native_tif\NEG00085.tif,E:\LandSlide-Prediction\data\pre_event\png_256\NEG00085.png,
NEG00086,0,success,S2A_MSIL2A_20250908T050231_R119_T44NMP_20250908T080413,40.256369,0.24,2025-09-08,2025-09-01/2025-11-20,E:\LandSlide-Prediction\data\pre_event\native_tif\NEG00086.tif,E:\LandSlide-Prediction\data\pre_event\png_256\NEG00086.png,
NEG00087,0,success,S2C_MSIL2A_20251003T050621_R076_T44NMN_20251003T090812,8.674505,0.0,2025-10-03,2025-09-01/2025-11-20,E:\LandSlide-Prediction\data\pre_event\native_tif\NEG00087.tif,E:\LandSlide-Prediction\data\pre_event\png_256\NEG00087.png,
NEG00088,0,success,S2C_MSIL2A_20251013T050611_R076_T44NNN_20251013T090413,15.8978,12.01,2025-10-13,2025-09-01/2025-11-20,E:\LandSlide-Prediction\data\pre_event\native_tif\NEG00088.tif,E:\LandSlide-Prediction\data\pre_event\png_256\NEG00088.png,
NEG00089,0,success,S2B_MSIL2A_20251031T045839_R119_T44NMP_20251031T072153,16.524501,2.73,2025-10-31,2025-09-01/2025-11-20,E:\LandSlide-Prediction\data\pre_event\native_tif\NEG00089.tif,E:\LandSlide-Prediction\data\pre_event\png_256\NEG00089.png,
NEG00090,0,success,S2C_MSIL2A_20251003T050621_R076_T44NMN_20251003T090812,8.674505,0.0,2025-10-03,2025-09-01/2025-11-20,E:\LandSlide-Prediction\data\pre_event\native_tif\NEG00090.tif,E:\LandSlide-Prediction\data\pre_event\png_256\NEG00090.png,
NEG00091,0,success,S2C_MSIL2A_20251003T050621_R076_T44NMP_20251003T090812,2.112417,0.0,2025-10-03,2025-09-01/2025-11-20,E:\LandSlide-Prediction\data\pre_event\native_tif\NEG00091.tif,E:\LandSlide-Prediction\data\pre_event\png_256\NEG00091.png,
NEG00092,0,success,S2C_MSIL2A_20251003T050621_R076_T44NMP_20251003T090812,2.112417,0.0,2025-10-03,2025-09-01/2025-11-20,E:\LandSlide-Prediction\data\pre_event\native_tif\NEG00092.tif,E:\LandSlide-Prediction\data\pre_event\png_256\NEG00092.png,
NEG00093,0,success,S2C_MSIL2A_20251003T050621_R076_T44NMN_20251003T090812,8.674505,0.0,2025-10-03,2025-09-01/2025-11-20,E:\LandSlide-Prediction\data\pre_event\native_tif\NEG00093.tif,E:\LandSlide-Prediction\data\pre_event\png_256\NEG00093.png,
NEG00094,0,success,S2C_MSIL2A_20251003T050621_R076_T44NNP_20251003T090812,13.947764,0.0,2025-10-03,2025-09-01/2025-11-20,E:\LandSlide-Prediction\data\pre_event\native_tif\NEG00094.tif,E:\LandSlide-Prediction\data\pre_event\png_256\NEG00094.png,
NEG00095,0,success,S2C_MSIL2A_20251003T050621_R076_T44NMN_20251003T090812,8.674505,0.0,2025-10-03,2025-09-01/2025-11-20,E:\LandSlide-Prediction\data\pre_event\native_tif\NEG00095.tif,E:\LandSlide-Prediction\data\pre_event\png_256\NEG00095.png,
NEG00096,0,success,S2C_MSIL2A_20251003T050621_R076_T44NMN_20251003T090812,8.674505,0.0,2025-10-03,2025-09-01/2025-11-20,E:\LandSlide-Prediction\data\pre_event\native_tif\NEG00096.tif,E:\LandSlide-Prediction\data\pre_event\png_256\NEG00096.png,
NEG00097,0,success,S2C_MSIL2A_20251003T050621_R076_T44NMP_20251003T090812,2.112417,0.0,2025-10-03,2025-09-01/2025-11-20,E:\LandSlide-Prediction\data\pre_event\native_tif\NEG00097.tif,E:\LandSlide-Prediction\data\pre_event\png_256\NEG00097.png,
NEG00098,0,success,S2B_MSIL2A_20251031T045839_R119_T44NMN_20251031T072153,14.801013,0.0,2025-10-31,2025-09-01/2025-11-20,E:\LandSlide-Prediction\data\pre_event\native_tif\NEG00098.tif,E:\LandSlide-Prediction\data\pre_event\png_256\NEG00098.png,
NEG00099,0,success,S2C_MSIL2A_20251003T050621_R076_T44NMN_20251003T090812,8.674505,0.0,2025-10-03,2025-09-01/2025-11-20,E:\LandSlide-Prediction\data\pre_event\native_tif\NEG00099.tif,E:\LandSlide-Prediction\data\pre_event\png_256\NEG00099.png,
NEG00100,0,success,S2B_MSIL2A_20251031T045839_R119_T44NMP_20251031T072153,16.524501,1.71,2025-10-31,2025-09-01/2025-11-20,E:\LandSlide-Prediction\data\pre_event\native_tif\NEG00100.tif,E:\LandSlide-Prediction\data\pre_event\png_256\NEG00100.png,
NEG00101,0,success,S2C_MSIL2A_20251003T050621_R076_T44NMP_20251003T090812,2.112417,0.0,2025-10-03,2025-09-01/2025-11-20,E:\LandSlide-Prediction\data\pre_event\native_tif\NEG00101.tif,E:\LandSlide-Prediction\data\pre_event\png_256\NEG00101.png,
NEG00102,0,success,S2C_MSIL2A_20251003T050621_R076_T44NMP_20251003T090812,2.112417,0.0,2025-10-03,2025-09-01/2025-11-20,E:\LandSlide-Prediction\data\pre_event\native_tif\NEG00102.tif,E:\LandSlide-Prediction\data\pre_event\png_256\NEG00102.png,
NEG00103,0,success,S2C_MSIL2A_20251003T050621_R076_T44NMN_20251003T090812,8.674505,0.0,2025-10-03,2025-09-01/2025-11-20,E:\LandSlide-Prediction\data\pre_event\native_tif\NEG00103.tif,E:\LandSlide-Prediction\data\pre_event\png_256\NEG00103.png,
NEG00104,0,success,S2B_MSIL2A_20251031T045839_R119_T44NMP_20251031T072153,16.524501,1.56,2025-10-31,2025-09-01/2025-11-20,E:\LandSlide-Prediction\data\pre_event\native_tif\NEG00104.tif,E:\LandSlide-Prediction\data\pre_event\png_256\NEG00104.png,
NEG00105,0,success,S2C_MSIL2A_20251003T050621_R076_T44NMP_20251003T090812,2.112417,0.0,2025-10-03,2025-09-01/2025-11-20,E:\LandSlide-Prediction\data\pre_event\native_tif\NEG00105.tif,E:\LandSlide-Prediction\data\pre_event\png_256\NEG00105.png,
NEG00106,0,success,S2C_MSIL2A_20251003T050621_R076_T44NMN_20251003T090812,8.674505,0.0,2025-10-03,2025-09-01/2025-11-20,E:\LandSlide-Prediction\data\pre_event\native_tif\NEG00106.tif,E:\LandSlide-Prediction\data\pre_event\png_256\NEG00106.png,
NEG00107,0,success,S2C_MSIL2A_20251003T050621_R076_T44NMP_20251003T090812,2.112417,0.0,2025-10-03,2025-09-01/2025-11-20,E:\LandSlide-Prediction\data\pre_event\native_tif\NEG00107.tif,E:\LandSlide-Prediction\data\pre_event\png_256\NEG00107.png,
NEG00108,0,success,S2B_MSIL2A_20251031T045839_R119_T44NLN_20251031T072153,5.151897,0.0,2025-10-31,2025-09-01/2025-11-20,E:\LandSlide-Prediction\data\pre_event\native_tif\NEG00108.tif,E:\LandSlide-Prediction\data\pre_event\png_256\NEG00108.png,
NEG00109,0,success,S2A_MSIL2A_20250908T050231_R119_T44NMP_20250908T080413,40.256369,0.1,2025-09-08,2025-09-01/2025-11-20,E:\LandSlide-Prediction\data\pre_event\native_tif\NEG00109.tif,E:\LandSlide-Prediction\data\pre_event\png_256\NEG00109.png,
NEG00110,0,success,S2B_MSIL2A_20250911T045659_R119_T44NMP_20250911T084431,52.030182,18.02,2025-09-11,2025-09-01/2025-11-20,E:\LandSlide-Prediction\data\pre_event\native_tif\NEG00110.tif,E:\LandSlide-Prediction\data\pre_event\png_256\NEG00110.png,
NEG00111,0,success,S2C_MSIL2A_20251003T050621_R076_T44NMP_20251003T090812,2.112417,0.0,2025-10-03,2025-09-01/2025-11-20,E:\LandSlide-Prediction\data\pre_event\native_tif\NEG00111.tif,E:\LandSlide-Prediction\data\pre_event\png_256\NEG00111.png,
NEG00112,0,success,S2C_MSIL2A_20251003T050621_R076_T44NMP_20251003T090812,2.112417,0.0,2025-10-03,2025-09-01/2025-11-20,E:\LandSlide-Prediction\data\pre_event\native_tif\NEG00112.tif,E:\LandSlide-Prediction\data\pre_event\png_256\NEG00112.png,
NEG00113,0,success,S2C_MSIL2A_20251003T050621_R076_T44NMP_20251003T090812,2.112417,0.0,2025-10-03,2025-09-01/2025-11-20,E:\LandSlide-Prediction\data\pre_event\native_tif\NEG00113.tif,E:\LandSlide-Prediction\data\pre_event\png_256\NEG00113.png,
NEG00114,0,success,S2C_MSIL2A_20251003T050621_R076_T44NMN_20251003T090812,8.674505,1.37,2025-10-03,2025-09-01/2025-11-20,E:\LandSlide-Prediction\data\pre_event\native_tif\NEG00114.tif,E:\LandSlide-Prediction\data\pre_event\png_256\NEG00114.png,
NEG00115,0,success,S2C_MSIL2A_20251003T050621_R076_T44NMP_20251003T090812,2.112417,0.0,2025-10-03,2025-09-01/2025-11-20,E:\LandSlide-Prediction\data\pre_event\native_tif\NEG00115.tif,E:\LandSlide-Prediction\data\pre_event\png_256\NEG00115.png,
NEG00116,0,success,S2B_MSIL2A_20251031T045839_R119_T44NMN_20251031T072153,14.801013,1.37,2025-10-31,2025-09-01/2025-11-20,E:\LandSlide-Prediction\data\pre_event\native_tif\NEG00116.tif,E:\LandSlide-Prediction\data\pre_event\png_256\NEG00116.png,
NEG00117,0,success,S2B_MSIL2A_20251031T045839_R119_T44NMP_20251031T072153,16.524501,0.0,2025-10-31,2025-09-01/2025-11-20,E:\LandSlide-Prediction\data\pre_event\native_tif\NEG00117.tif,E:\LandSlide-Prediction\data\pre_event\png_256\NEG00117.png,
NEG00118,0,success,S2A_MSIL2A_20250908T050231_R119_T44NMP_20250908T080413,40.256369,17.19,2025-09-08,2025-09-01/2025-11-20,E:\LandSlide-Prediction\data\pre_event\native_tif\NEG00118.tif,E:\LandSlide-Prediction\data\pre_event\png_256\NEG00118.png,
NEG00119,0,success,S2C_MSIL2A_20251003T050621_R076_T44NMN_20251003T090812,8.674505,0.0,2025-10-03,2025-09-01/2025-11-20,E:\LandSlide-Prediction\data\pre_event\native_tif\NEG00119.tif,E:\LandSlide-Prediction\data\pre_event\png_256\NEG00119.png,
NEG00120,0,success,S2C_MSIL2A_20251003T050621_R076_T44NMP_20251003T090812,2.112417,6.1,2025-10-03,2025-09-01/2025-11-20,E:\LandSlide-Prediction\data\pre_event\native_tif\NEG00120.tif,E:\LandSlide-Prediction\data\pre_event\png_256\NEG00120.png,
NEG00121,0,success,S2C_MSIL2A_20251003T050621_R076_T44NMN_20251003T090812,8.674505,0.0,2025-10-03,2025-09-01/2025-11-20,E:\LandSlide-Prediction\data\pre_event\native_tif\NEG00121.tif,E:\LandSlide-Prediction\data\pre_event\png_256\NEG00121.png,
NEG00122,0,success,S2B_MSIL2A_20251031T045839_R119_T44NMP_20251031T072153,16.524501,1.22,2025-10-31,2025-09-01/2025-11-20,E:\LandSlide-Prediction\data\pre_event\native_tif\NEG00122.tif,E:\LandSlide-Prediction\data\pre_event\png_256\NEG00122.png,
NEG00123,0,success,S2B_MSIL2A_20250908T050559_R076_T44NMN_20250908T070833,32.934213,0.0,2025-09-08,2025-09-01/2025-11-20,E:\LandSlide-Prediction\data\pre_event\native_tif\NEG00123.tif,E:\LandSlide-Prediction\data\pre_event\png_256\NEG00123.png,
NEG00124,0,success,S2C_MSIL2A_20251013T050611_R076_T44NNN_20251013T090413,15.8978,0.0,2025-10-13,2025-09-01/2025-11-20,E:\LandSlide-Prediction\data\pre_event\native_tif\NEG00124.tif,E:\LandSlide-Prediction\data\pre_event\png_256\NEG00124.png,
NEG00125,0,success,S2C_MSIL2A_20251003T050621_R076_T44NMN_20251003T090812,8.674505,0.0,2025-10-03,2025-09-01/2025-11-20,E:\LandSlide-Prediction\data\pre_event\native_tif\NEG00125.tif,E:\LandSlide-Prediction\data\pre_event\png_256\NEG00125.png,
NEG00126,0,success,S2B_MSIL2A_20251031T045839_R119_T44NMN_20251031T072153,14.801013,0.0,2025-10-31,2025-09-01/2025-11-20,E:\LandSlide-Prediction\data\pre_event\native_tif\NEG00126.tif,E:\LandSlide-Prediction\data\pre_event\png_256\NEG00126.png,
NEG00127,0,success,S2B_MSIL2A_20251011T045659_R119_T44NMP_20251011T090705,62.988436,0.0,2025-10-11,2025-09-01/2025-11-20,E:\LandSlide-Prediction\data\pre_event\native_tif\NEG00127.tif,E:\LandSlide-Prediction\data\pre_event\png_256\NEG00127.png,
NEG00128,0,success,S2C_MSIL2A_20250913T050621_R076_T44NNN_20250913T092114,28.331435,0.0,2025-09-13,2025-09-01/2025-11-20,E:\LandSlide-Prediction\data\pre_event\native_tif\NEG00128.tif,E:\LandSlide-Prediction\data\pre_event\png_256\NEG00128.png,
NEG00129,0,success,S2B_MSIL2A_20251031T045839_R119_T44NMP_20251031T072153,16.524501,3.42,2025-10-31,2025-09-01/2025-11-20,E:\LandSlide-Prediction\data\pre_event\native_tif\NEG00129.tif,E:\LandSlide-Prediction\data\pre_event\png_256\NEG00129.png,
NEG00130,0,success,S2B_MSIL2A_20251031T045839_R119_T44NMN_20251031T072153,14.801013,0.0,2025-10-31,2025-09-01/2025-11-20,E:\LandSlide-Prediction\data\pre_event\native_tif\NEG00130.tif,E:\LandSlide-Prediction\data\pre_event\png_256\NEG00130.png,
NEG00131,0,success,S2C_MSIL2A_20251003T050621_R076_T44NMP_20251003T090812,2.112417,0.0,2025-10-03,2025-09-01/2025-11-20,E:\LandSlide-Prediction\data\pre_event\native_tif\NEG00131.tif,E:\LandSlide-Prediction\data\pre_event\png_256\NEG00131.png,
NEG00132,0,success,S2C_MSIL2A_20251003T050621_R076_T44NMP_20251003T090812,2.112417,0.0,2025-10-03,2025-09-01/2025-11-20,E:\LandSlide-Prediction\data\pre_event\native_tif\NEG00132.tif,E:\LandSlide-Prediction\data\pre_event\png_256\NEG00132.png,
NEG00133,0,success,S2B_MSIL2A_20251031T045839_R119_T44NMP_20251031T072153,16.524501,18.16,2025-10-31,2025-09-01/2025-11-20,E:\LandSlide-Prediction\data\pre_event\native_tif\NEG00133.tif,E:\LandSlide-Prediction\data\pre_event\png_256\NEG00133.png,
NEG00134,0,success,S2B_MSIL2A_20250901T045659_R119_T44NMN_20250901T084423,68.351918,0.29,2025-09-01,2025-09-01/2025-11-20,E:\LandSlide-Prediction\data\pre_event\native_tif\NEG00134.tif,E:\LandSlide-Prediction\data\pre_event\png_256\NEG00134.png,
NEG00135,0,success,S2C_MSIL2A_20251003T050621_R076_T44NMP_20251003T090812,2.112417,6.05,2025-10-03,2025-09-01/2025-11-20,E:\LandSlide-Prediction\data\pre_event\native_tif\NEG00135.tif,E:\LandSlide-Prediction\data\pre_event\png_256\NEG00135.png,
NEG00136,0,success,S2C_MSIL2A_20251003T050621_R076_T44NMP_20251003T090812,2.112417,7.81,2025-10-03,2025-09-01/2025-11-20,E:\LandSlide-Prediction\data\pre_event\native_tif\NEG00136.tif,E:\LandSlide-Prediction\data\pre_event\png_256\NEG00136.png,
NEG00137,0,success,S2B_MSIL2A_20251031T045839_R119_T44NMN_20251031T072153,14.801013,0.29,2025-10-31,2025-09-01/2025-11-20,E:\LandSlide-Prediction\data\pre_event\native_tif\NEG00137.tif,E:\LandSlide-Prediction\data\pre_event\png_256\NEG00137.png,
NEG00138,0,success,S2C_MSIL2A_20251013T050611_R076_T44NNN_20251013T090413,15.8978,13.77,2025-10-13,2025-09-01/2025-11-20,E:\LandSlide-Prediction\data\pre_event\native_tif\NEG00138.tif,E:\LandSlide-Prediction\data\pre_event\png_256\NEG00138.png,
NEG00139,0,success,S2C_MSIL2A_20251013T050611_R076_T44NNN_20251013T090413,15.8978,10.84,2025-10-13,2025-09-01/2025-11-20,E:\LandSlide-Prediction\data\pre_event\native_tif\NEG00139.tif,E:\LandSlide-Prediction\data\pre_event\png_256\NEG00139.png,
NEG00140,0,success,S2C_MSIL2A_20250913T050621_R076_T44NNN_20250913T092114,28.331435,0.0,2025-09-13,2025-09-01/2025-11-20,E:\LandSlide-Prediction\data\pre_event\native_tif\NEG00140.tif,E:\LandSlide-Prediction\data\pre_event\png_256\NEG00140.png,
NEG00141,0,success,S2B_MSIL2A_20251031T045839_R119_T44NMP_20251031T072153,16.524501,13.28,2025-10-31,2025-09-01/2025-11-20,E:\LandSlide-Prediction\data\pre_event\native_tif\NEG00141.tif,E:\LandSlide-Prediction\data\pre_event\png_256\NEG00141.png,
NEG00142,0,success,S2B_MSIL2A_20251031T045839_R119_T44NMP_20251031T072153,16.524501,17.77,2025-10-31,2025-09-01/2025-11-20,E:\LandSlide-Prediction\data\pre_event\native_tif\NEG00142.tif,E:\LandSlide-Prediction\data\pre_event\png_256\NEG00142.png,
NEG00143,0,success,S2B_MSIL2A_20251031T045839_R119_T44NMP_20251031T072153,16.524501,2.64,2025-10-31,2025-09-01/2025-11-20,E:\LandSlide-Prediction\data\pre_event\native_tif\NEG00143.tif,E:\LandSlide-Prediction\data\pre_event\png_256\NEG00143.png,
NEG00144,0,success,S2C_MSIL2A_20251003T050621_R076_T44NMN_20251003T090812,8.674505,0.0,2025-10-03,2025-09-01/2025-11-20,E:\LandSlide-Prediction\data\pre_event\native_tif\NEG00144.tif,E:\LandSlide-Prediction\data\pre_event\png_256\NEG00144.png,
NEG00145,0,success,S2B_MSIL2A_20250822T045659_R119_T44NMN_20250822T072904,45.603779,9.11,2025-08-22,2025-06-01/2025-08-31,E:\LandSlide-Prediction\data\pre_event\native_tif\NEG00145.tif,E:\LandSlide-Prediction\data\pre_event\png_256\NEG00145.png,
NEG00146,0,success,S2A_MSIL2A_20250710T050241_R119_T44NMP_20250710T075813,20.227173,10.06,2025-07-10,2025-06-01/2025-08-31,E:\LandSlide-Prediction\data\pre_event\native_tif\NEG00146.tif,E:\LandSlide-Prediction\data\pre_event\png_256\NEG00146.png,
NEG00147,0,success,S2B_MSIL2A_20251031T045839_R119_T44NMP_20251031T072153,16.524501,11.18,2025-10-31,2025-09-01/2025-11-20,E:\LandSlide-Prediction\data\pre_event\native_tif\NEG00147.tif,E:\LandSlide-Prediction\data\pre_event\png_256\NEG00147.png,
NEG00148,0,success,S2C_MSIL2A_20251003T050621_R076_T44NNP_20251003T090812,13.947764,0.0,2025-10-03,2025-09-01/2025-11-20,E:\LandSlide-Prediction\data\pre_event\native_tif\NEG00148.tif,E:\LandSlide-Prediction\data\pre_event\png_256\NEG00148.png,
NEG00149,0,success,S2C_MSIL2A_20251003T050621_R076_T44NMP_20251003T090812,2.112417,0.0,2025-10-03,2025-09-01/2025-11-20,E:\LandSlide-Prediction\data\pre_event\native_tif\NEG00149.tif,E:\LandSlide-Prediction\data\pre_event\png_256\NEG00149.png,
NEG00150,0,success,S2B_MSIL2A_20251120T050019_R119_T44NLN_20251120T072045,17.712639,16.94,2025-11-20,2025-09-01/2025-11-20,E:\LandSlide-Prediction\data\pre_event\native_tif\NEG00150.tif,E:\LandSlide-Prediction\data\pre_event\png_256\NEG00150.png,
NEG00151,0,success,S2C_MSIL2A_20251003T050621_R076_T44NMN_20251003T090812,8.674505,0.0,2025-10-03,2025-09-01/2025-11-20,E:\LandSlide-Prediction\data\pre_event\native_tif\NEG00151.tif,E:\LandSlide-Prediction\data\pre_event\png_256\NEG00151.png,
NEG00152,0,success,S2C_MSIL2A_20251003T050621_R076_T44NMP_20251003T090812,2.112417,0.0,2025-10-03,2025-09-01/2025-11-20,E:\LandSlide-Prediction\data\pre_event\native_tif\NEG00152.tif,E:\LandSlide-Prediction\data\pre_event\png_256\NEG00152.png,
NEG00153,0,success,S2B_MSIL2A_20250908T050559_R076_T44NNN_20250908T070833,27.121845,0.0,2025-09-08,2025-09-01/2025-11-20,E:\LandSlide-Prediction\data\pre_event\native_tif\NEG00153.tif,E:\LandSlide-Prediction\data\pre_event\png_256\NEG00153.png,
NEG00154,0,success,S2B_MSIL2A_20251031T045839_R119_T44NMP_20251031T072153,16.524501,0.49,2025-10-31,2025-09-01/2025-11-20,E:\LandSlide-Prediction\data\pre_event\native_tif\NEG00154.tif,E:\LandSlide-Prediction\data\pre_event\png_256\NEG00154.png,
NEG00155,0,success,S2B_MSIL2A_20251031T045839_R119_T44NMN_20251031T072153,14.801013,0.0,2025-10-31,2025-09-01/2025-11-20,E:\LandSlide-Prediction\data\pre_event\native_tif\NEG00155.tif,E:\LandSlide-Prediction\data\pre_event\png_256\NEG00155.png,
NEG00156,0,success,S2C_MSIL2A_20251003T050621_R076_T44NMP_20251003T090812,2.112417,0.1,2025-10-03,2025-09-01/2025-11-20,E:\LandSlide-Prediction\data\pre_event\native_tif\NEG00156.tif,E:\LandSlide-Prediction\data\pre_event\png_256\NEG00156.png,
NEG00157,0,success,S2B_MSIL2A_20250911T045659_R119_T44NMP_20250911T084431,52.030182,0.0,2025-09-11,2025-09-01/2025-11-20,E:\LandSlide-Prediction\data\pre_event\native_tif\NEG00157.tif,E:\LandSlide-Prediction\data\pre_event\png_256\NEG00157.png,
NEG00158,0,success,S2A_MSIL2A_20250908T050231_R119_T44NMP_20250908T080413,40.256369,0.0,2025-09-08,2025-09-01/2025-11-20,E:\LandSlide-Prediction\data\pre_event\native_tif\NEG00158.tif,E:\LandSlide-Prediction\data\pre_event\png_256\NEG00158.png,
NEG00159,0,success,S2B_MSIL2A_20251031T045839_R119_T44NMN_20251031T072153,14.801013,0.0,2025-10-31,2025-09-01/2025-11-20,E:\LandSlide-Prediction\data\pre_event\native_tif\NEG00159.tif,E:\LandSlide-Prediction\data\pre_event\png_256\NEG00159.png,
NEG00160,0,success,S2B_MSIL2A_20251031T045839_R119_T44NMN_20251031T072153,14.801013,0.0,2025-10-31,2025-09-01/2025-11-20,E:\LandSlide-Prediction\data\pre_event\native_tif\NEG00160.tif,E:\LandSlide-Prediction\data\pre_event\png_256\NEG00160.png,
NEG00161,0,success,S2C_MSIL2A_20251003T050621_R076_T44NMP_20251003T090812,2.112417,0.39,2025-10-03,2025-09-01/2025-11-20,E:\LandSlide-Prediction\data\pre_event\native_tif\NEG00161.tif,E:\LandSlide-Prediction\data\pre_event\png_256\NEG00161.png,
NEG00162,0,success,S2C_MSIL2A_20251003T050621_R076_T44NMP_20251003T090812,2.112417,20.8,2025-10-03,2025-09-01/2025-11-20,E:\LandSlide-Prediction\data\pre_event\native_tif\NEG00162.tif,E:\LandSlide-Prediction\data\pre_event\png_256\NEG00162.png,
NEG00163,0,success,S2B_MSIL2A_20251031T045839_R119_T44NMP_20251031T072153,16.524501,0.0,2025-10-31,2025-09-01/2025-11-20,E:\LandSlide-Prediction\data\pre_event\native_tif\NEG00163.tif,E:\LandSlide-Prediction\data\pre_event\png_256\NEG00163.png,
NEG00164,0,success,S2C_MSIL2A_20251003T050621_R076_T44NMN_20251003T090812,8.674505,0.0,2025-10-03,2025-09-01/2025-11-20,E:\LandSlide-Prediction\data\pre_event\native_tif\NEG00164.tif,E:\LandSlide-Prediction\data\pre_event\png_256\NEG00164.png,
NEG00165,0,success,S2B_MSIL2A_20251001T045659_R119_T44NMN_20251001T082912,44.625133,3.03,2025-10-01,2025-09-01/2025-11-20,E:\LandSlide-Prediction\data\pre_event\native_tif\NEG00165.tif,E:\LandSlide-Prediction\data\pre_event\png_256\NEG00165.png,
NEG00166,0,success,S2C_MSIL2A_20251003T050621_R076_T44NMN_20251003T090812,8.674505,0.49,2025-10-03,2025-09-01/2025-11-20,E:\LandSlide-Prediction\data\pre_event\native_tif\NEG00166.tif,E:\LandSlide-Prediction\data\pre_event\png_256\NEG00166.png,
NEG00167,0,success,S2B_MSIL2A_20251031T045839_R119_T44NMN_20251031T072153,14.801013,0.0,2025-10-31,2025-09-01/2025-11-20,E:\LandSlide-Prediction\data\pre_event\native_tif\NEG00167.tif,E:\LandSlide-Prediction\data\pre_event\png_256\NEG00167.png,
NEG00168,0,success,S2C_MSIL2A_20251003T050621_R076_T44NMP_20251003T090812,2.112417,0.0,2025-10-03,2025-09-01/2025-11-20,E:\LandSlide-Prediction\data\pre_event\native_tif\NEG00168.tif,E:\LandSlide-Prediction\data\pre_event\png_256\NEG00168.png,
NEG00169,0,success,S2B_MSIL2A_20251031T045839_R119_T44NMN_20251031T072153,14.801013,0.0,2025-10-31,2025-09-01/2025-11-20,E:\LandSlide-Prediction\data\pre_event\native_tif\NEG00169.tif,E:\LandSlide-Prediction\data\pre_event\png_256\NEG00169.png,
NEG00170,0,success,S2C_MSIL2A_20251003T050621_R076_T44NMN_20251003T090812,8.674505,0.0,2025-10-03,2025-09-01/2025-11-20,E:\LandSlide-Prediction\data\pre_event\native_tif\NEG00170.tif,E:\LandSlide-Prediction\data\pre_event\png_256\NEG00170.png,
NEG00171,0,success,S2B_MSIL2A_20251031T045839_R119_T44NMP_20251031T072153,16.524501,0.1,2025-10-31,2025-09-01/2025-11-20,E:\LandSlide-Prediction\data\pre_event\native_tif\NEG00171.tif,E:\LandSlide-Prediction\data\pre_event\png_256\NEG00171.png,
NEG00172,0,success,S2C_MSIL2A_20251003T050621_R076_T44NMP_20251003T090812,2.112417,0.0,2025-10-03,2025-09-01/2025-11-20,E:\LandSlide-Prediction\data\pre_event\native_tif\NEG00172.tif,E:\LandSlide-Prediction\data\pre_event\png_256\NEG00172.png,
NEG00173,0,success,S2C_MSIL2A_20251003T050621_R076_T44NMN_20251003T090812,8.674505,0.0,2025-10-03,2025-09-01/2025-11-20,E:\LandSlide-Prediction\data\pre_event\native_tif\NEG00173.tif,E:\LandSlide-Prediction\data\pre_event\png_256\NEG00173.png,
NEG00174,0,success,S2C_MSIL2A_20250728T045721_R119_T44NMP_20250728T095413,9.404943,0.0,2025-07-28,2025-06-01/2025-08-31,E:\LandSlide-Prediction\data\pre_event\native_tif\NEG00174.tif,E:\LandSlide-Prediction\data\pre_event\png_256\NEG00174.png,
NEG00175,0,success,S2B_MSIL2A_20250911T045659_R119_T44NMP_20250911T084431,52.030182,0.29,2025-09-11,2025-09-01/2025-11-20,E:\LandSlide-Prediction\data\pre_event\native_tif\NEG00175.tif,E:\LandSlide-Prediction\data\pre_event\png_256\NEG00175.png,
NEG00176,0,success,S2C_MSIL2A_20251003T050621_R076_T44NMN_20251003T090812,8.674505,0.0,2025-10-03,2025-09-01/2025-11-20,E:\LandSlide-Prediction\data\pre_event\native_tif\NEG00176.tif,E:\LandSlide-Prediction\data\pre_event\png_256\NEG00176.png,
NEG00177,0,success,S2B_MSIL2A_20251120T050019_R119_T44NMP_20251120T072045,64.567739,0.0,2025-11-20,2025-09-01/2025-11-20,E:\LandSlide-Prediction\data\pre_event\native_tif\NEG00177.tif,E:\LandSlide-Prediction\data\pre_event\png_256\NEG00177.png,
NEG00178,0,success,S2C_MSIL2A_20250913T050621_R076_T44NNN_20250913T092114,28.331435,1.07,2025-09-13,2025-09-01/2025-11-20,E:\LandSlide-Prediction\data\pre_event\native_tif\NEG00178.tif,E:\LandSlide-Prediction\data\pre_event\png_256\NEG00178.png,
NEG00179,0,success,S2C_MSIL2A_20250913T050621_R076_T44NNN_20250913T092114,28.331435,0.0,2025-09-13,2025-09-01/2025-11-20,E:\LandSlide-Prediction\data\pre_event\native_tif\NEG00179.tif,E:\LandSlide-Prediction\data\pre_event\png_256\NEG00179.png,
NEG00180,0,success,S2C_MSIL2A_20251003T050621_R076_T44NMN_20251003T090812,8.674505,0.0,2025-10-03,2025-09-01/2025-11-20,E:\LandSlide-Prediction\data\pre_event\native_tif\NEG00180.tif,E:\LandSlide-Prediction\data\pre_event\png_256\NEG00180.png,
NEG00181,0,success,S2B_MSIL2A_20251031T045839_R119_T44NMN_20251031T072153,14.801013,0.0,2025-10-31,2025-09-01/2025-11-20,E:\LandSlide-Prediction\data\pre_event\native_tif\NEG00181.tif,E:\LandSlide-Prediction\data\pre_event\png_256\NEG00181.png,
NEG00182,0,success,S2A_MSIL2A_20250908T050231_R119_T44NMP_20250908T080413,40.256369,0.59,2025-09-08,2025-09-01/2025-11-20,E:\LandSlide-Prediction\data\pre_event\native_tif\NEG00182.tif,E:\LandSlide-Prediction\data\pre_event\png_256\NEG00182.png,
NEG00183,0,success,S2B_MSIL2A_20251031T045839_R119_T44NMN_20251031T072153,14.801013,0.05,2025-10-31,2025-09-01/2025-11-20,E:\LandSlide-Prediction\data\pre_event\native_tif\NEG00183.tif,E:\LandSlide-Prediction\data\pre_event\png_256\NEG00183.png,
NEG00184,0,success,S2C_MSIL2A_20251003T050621_R076_T44NMP_20251003T090812,2.112417,0.0,2025-10-03,2025-09-01/2025-11-20,E:\LandSlide-Prediction\data\pre_event\native_tif\NEG00184.tif,E:\LandSlide-Prediction\data\pre_event\png_256\NEG00184.png,
NEG00185,0,success,S2B_MSIL2A_20251031T045839_R119_T44NMN_20251031T072153,14.801013,0.0,2025-10-31,2025-09-01/2025-11-20,E:\LandSlide-Prediction\data\pre_event\native_tif\NEG00185.tif,E:\LandSlide-Prediction\data\pre_event\png_256\NEG00185.png,
NEG00186,0,success,S2C_MSIL2A_20251003T050621_R076_T44NMN_20251003T090812,8.674505,0.17,2025-10-03,2025-09-01/2025-11-20,E:\LandSlide-Prediction\data\pre_event\native_tif\NEG00186.tif,E:\LandSlide-Prediction\data\pre_event\png_256\NEG00186.png,
NEG00187,0,success,S2B_MSIL2A_20251031T045839_R119_T44NMN_20251031T072153,14.801013,0.15,2025-10-31,2025-09-01/2025-11-20,E:\LandSlide-Prediction\data\pre_event\native_tif\NEG00187.tif,E:\LandSlide-Prediction\data\pre_event\png_256\NEG00187.png,
NEG00188,0,success,S2B_MSIL2A_20251031T045839_R119_T44NMN_20251031T072153,14.801013,0.0,2025-10-31,2025-09-01/2025-11-20,E:\LandSlide-Prediction\data\pre_event\native_tif\NEG00188.tif,E:\LandSlide-Prediction\data\pre_event\png_256\NEG00188.png,
NEG00189,0,success,S2C_MSIL2A_20251003T050621_R076_T44NMP_20251003T090812,2.112417,0.0,2025-10-03,2025-09-01/2025-11-20,E:\LandSlide-Prediction\data\pre_event\native_tif\NEG00189.tif,E:\LandSlide-Prediction\data\pre_event\png_256\NEG00189.png,
NEG00190,0,success,S2C_MSIL2A_20250728T045721_R119_T44NMP_20250728T095413,9.404943,0.0,2025-07-28,2025-06-01/2025-08-31,E:\LandSlide-Prediction\data\pre_event\native_tif\NEG00190.tif,E:\LandSlide-Prediction\data\pre_event\png_256\NEG00190.png,
NEG00191,0,success,S2C_MSIL2A_20251003T050621_R076_T44NMN_20251003T090812,8.674505,0.0,2025-10-03,2025-09-01/2025-11-20,E:\LandSlide-Prediction\data\pre_event\native_tif\NEG00191.tif,E:\LandSlide-Prediction\data\pre_event\png_256\NEG00191.png,
NEG00192,0,success,S2B_MSIL2A_20251031T045839_R119_T44NMN_20251031T072153,14.801013,0.05,2025-10-31,2025-09-01/2025-11-20,E:\LandSlide-Prediction\data\pre_event\native_tif\NEG00192.tif,E:\LandSlide-Prediction\data\pre_event\png_256\NEG00192.png,
NEG00193,0,success,S2B_MSIL2A_20251031T045839_R119_T44NMN_20251031T072153,14.801013,5.76,2025-10-31,2025-09-01/2025-11-20,E:\LandSlide-Prediction\data\pre_event\native_tif\NEG00193.tif,E:\LandSlide-Prediction\data\pre_event\png_256\NEG00193.png,
NEG00194,0,success,S2C_MSIL2A_20250728T045721_R119_T44NMN_20250728T095413,28.22125,0.0,2025-07-28,2025-06-01/2025-08-31,E:\LandSlide-Prediction\data\pre_event\native_tif\NEG00194.tif,E:\LandSlide-Prediction\data\pre_event\png_256\NEG00194.png,
NEG00195,0,success,S2C_MSIL2A_20251003T050621_R076_T44NMN_20251003T090812,8.674505,0.0,2025-10-03,2025-09-01/2025-11-20,E:\LandSlide-Prediction\data\pre_event\native_tif\NEG00195.tif,E:\LandSlide-Prediction\data\pre_event\png_256\NEG00195.png,
NEG00196,0,success,S2A_MSIL2A_20250908T050231_R119_T44NMN_20250908T080413,52.450544,0.0,2025-09-08,2025-09-01/2025-11-20,E:\LandSlide-Prediction\data\pre_event\native_tif\NEG00196.tif,E:\LandSlide-Prediction\data\pre_event\png_256\NEG00196.png,
NEG00197,0,success,S2C_MSIL2A_20251003T050621_R076_T44NMP_20251003T090812,2.112417,0.0,2025-10-03,2025-09-01/2025-11-20,E:\LandSlide-Prediction\data\pre_event\native_tif\NEG00197.tif,E:\LandSlide-Prediction\data\pre_event\png_256\NEG00197.png,
NEG00198,0,success,S2C_MSIL2A_20251003T050621_R076_T44NMN_20251003T090812,8.674505,0.0,2025-10-03,2025-09-01/2025-11-20,E:\LandSlide-Prediction\data\pre_event\native_tif\NEG00198.tif,E:\LandSlide-Prediction\data\pre_event\png_256\NEG00198.png,
NEG00199,0,success,S2C_MSIL2A_20251003T050621_R076_T44NMP_20251003T090812,2.112417,0.0,2025-10-03,2025-09-01/2025-11-20,E:\LandSlide-Prediction\data\pre_event\native_tif\NEG00199.tif,E:\LandSlide-Prediction\data\pre_event\png_256\NEG00199.png,
NEG00200,0,success,S2B_MSIL2A_20251008T050559_R076_T44NNN_20251008T082000,19.039197,10.99,2025-10-08,2025-09-01/2025-11-20,E:\LandSlide-Prediction\data\pre_event\native_tif\NEG00200.tif,E:\LandSlide-Prediction\data\pre_event\png_256\NEG00200.png,
NEG00201,0,success,S2C_MSIL2A_20251013T050611_R076_T44NNN_20251013T090413,15.8978,0.0,2025-10-13,2025-09-01/2025-11-20,E:\LandSlide-Prediction\data\pre_event\native_tif\NEG00201.tif,E:\LandSlide-Prediction\data\pre_event\png_256\NEG00201.png,
NEG00202,0,success,S2A_MSIL2A_20250908T050231_R119_T44NMP_20250908T080413,40.256369,0.0,2025-09-08,2025-09-01/2025-11-20,E:\LandSlide-Prediction\data\pre_event\native_tif\NEG00202.tif,E:\LandSlide-Prediction\data\pre_event\png_256\NEG00202.png,
NEG00203,0,success,S2C_MSIL2A_20250728T045721_R119_T44NMN_20250728T095413,28.22125,22.46,2025-07-28,2025-06-01/2025-08-31,E:\LandSlide-Prediction\data\pre_event\native_tif\NEG00203.tif,E:\LandSlide-Prediction\data\pre_event\png_256\NEG00203.png,
NEG00204,0,success,S2A_MSIL2A_20250730T050241_R119_T44NMP_20250730T081115,10.341509,0.0,2025-07-30,2025-06-01/2025-08-31,E:\LandSlide-Prediction\data\pre_event\native_tif\NEG00204.tif,E:\LandSlide-Prediction\data\pre_event\png_256\NEG00204.png,
NEG00205,0,success,S2C_MSIL2A_20251003T050621_R076_T44NNN_20251003T090812,23.541953,0.0,2025-10-03,2025-09-01/2025-11-20,E:\LandSlide-Prediction\data\pre_event\native_tif\NEG00205.tif,E:\LandSlide-Prediction\data\pre_event\png_256\NEG00205.png,
NEG00206,0,success,S2B_MSIL2A_20251031T045839_R119_T44NLN_20251031T072153,5.151897,0.0,2025-10-31,2025-09-01/2025-11-20,E:\LandSlide-Prediction\data\pre_event\native_tif\NEG00206.tif,E:\LandSlide-Prediction\data\pre_event\png_256\NEG00206.png,
NEG00207,0,success,S2C_MSIL2A_20251003T050621_R076_T44NMN_20251003T090812,8.674505,0.0,2025-10-03,2025-09-01/2025-11-20,E:\LandSlide-Prediction\data\pre_event\native_tif\NEG00207.tif,E:\LandSlide-Prediction\data\pre_event\png_256\NEG00207.png,
NEG00208,0,success,S2C_MSIL2A_20251003T050621_R076_T44NMN_20251003T090812,8.674505,0.0,2025-10-03,2025-09-01/2025-11-20,E:\LandSlide-Prediction\data\pre_event\native_tif\NEG00208.tif,E:\LandSlide-Prediction\data\pre_event\png_256\NEG00208.png,
NEG00209,0,success,S2C_MSIL2A_20251003T050621_R076_T44NMN_20251003T090812,8.674505,0.0,2025-10-03,2025-09-01/2025-11-20,E:\LandSlide-Prediction\data\pre_event\native_tif\NEG00209.tif,E:\LandSlide-Prediction\data\pre_event\png_256\NEG00209.png,
NEG00210,0,success,S2B_MSIL2A_20251011T045659_R119_T44NMP_20251011T090705,62.988436,10.4,2025-10-11,2025-09-01/2025-11-20,E:\LandSlide-Prediction\data\pre_event\native_tif\NEG00210.tif,E:\LandSlide-Prediction\data\pre_event\png_256\NEG00210.png,
NEG00211,0,success,S2C_MSIL2A_20251003T050621_R076_T44NMN_20251003T090812,8.674505,0.0,2025-10-03,2025-09-01/2025-11-20,E:\LandSlide-Prediction\data\pre_event\native_tif\NEG00211.tif,E:\LandSlide-Prediction\data\pre_event\png_256\NEG00211.png,
NEG00212,0,success,S2C_MSIL2A_20251003T050621_R076_T44NMN_20251003T090812,8.674505,0.0,2025-10-03,2025-09-01/2025-11-20,E:\LandSlide-Prediction\data\pre_event\native_tif\NEG00212.tif,E:\LandSlide-Prediction\data\pre_event\png_256\NEG00212.png,
NEG00213,0,success,S2C_MSIL2A_20251013T050611_R076_T44NNN_20251013T090413,15.8978,0.0,2025-10-13,2025-09-01/2025-11-20,E:\LandSlide-Prediction\data\pre_event\native_tif\NEG00213.tif,E:\LandSlide-Prediction\data\pre_event\png_256\NEG00213.png,
NEG00214,0,success,S2C_MSIL2A_20251003T050621_R076_T44NMP_20251003T090812,2.112417,11.4,2025-10-03,2025-09-01/2025-11-20,E:\LandSlide-Prediction\data\pre_event\native_tif\NEG00214.tif,E:\LandSlide-Prediction\data\pre_event\png_256\NEG00214.png,
NEG00215,0,success,S2B_MSIL2A_20251031T045839_R119_T44NMN_20251031T072153,14.801013,0.0,2025-10-31,2025-09-01/2025-11-20,E:\LandSlide-Prediction\data\pre_event\native_tif\NEG00215.tif,E:\LandSlide-Prediction\data\pre_event\png_256\NEG00215.png,
NEG00216,0,success,S2B_MSIL2A_20251031T045839_R119_T44NLN_20251031T072153,5.151897,3.32,2025-10-31,2025-09-01/2025-11-20,E:\LandSlide-Prediction\data\pre_event\native_tif\NEG00216.tif,E:\LandSlide-Prediction\data\pre_event\png_256\NEG00216.png,
NEG00217,0,success,S2B_MSIL2A_20251031T045839_R119_T44NMP_20251031T072153,16.524501,0.0,2025-10-31,2025-09-01/2025-11-20,E:\LandSlide-Prediction\data\pre_event\native_tif\NEG00217.tif,E:\LandSlide-Prediction\data\pre_event\png_256\NEG00217.png,
NEG00218,0,success,S2C_MSIL2A_20251003T050621_R076_T44NMN_20251003T090812,8.674505,0.0,2025-10-03,2025-09-01/2025-11-20,E:\LandSlide-Prediction\data\pre_event\native_tif\NEG00218.tif,E:\LandSlide-Prediction\data\pre_event\png_256\NEG00218.png,
NEG00219,0,success,S2C_MSIL2A_20251003T050621_R076_T44NMP_20251003T090812,2.112417,0.0,2025-10-03,2025-09-01/2025-11-20,E:\LandSlide-Prediction\data\pre_event\native_tif\NEG00219.tif,E:\LandSlide-Prediction\data\pre_event\png_256\NEG00219.png,
NEG00220,0,success,S2C_MSIL2A_20251003T050621_R076_T44NMP_20251003T090812,2.112417,0.0,2025-10-03,2025-09-01/2025-11-20,E:\LandSlide-Prediction\data\pre_event\native_tif\NEG00220.tif,E:\LandSlide-Prediction\data\pre_event\png_256\NEG00220.png,
NEG00221,0,success,S2C_MSIL2A_20251003T050621_R076_T44NMN_20251003T090812,8.674505,0.0,2025-10-03,2025-09-01/2025-11-20,E:\LandSlide-Prediction\data\pre_event\native_tif\NEG00221.tif,E:\LandSlide-Prediction\data\pre_event\png_256\NEG00221.png,
NEG00222,0,success,S2B_MSIL2A_20251031T045839_R119_T44NMP_20251031T072153,16.524501,0.0,2025-10-31,2025-09-01/2025-11-20,E:\LandSlide-Prediction\data\pre_event\native_tif\NEG00222.tif,E:\LandSlide-Prediction\data\pre_event\png_256\NEG00222.png,
NEG00223,0,success,S2C_MSIL2A_20251003T050621_R076_T44NMP_20251003T090812,2.112417,2.83,2025-10-03,2025-09-01/2025-11-20,E:\LandSlide-Prediction\data\pre_event\native_tif\NEG00223.tif,E:\LandSlide-Prediction\data\pre_event\png_256\NEG00223.png,
NEG00224,0,success,S2C_MSIL2A_20250728T045721_R119_T44NMN_20250728T095413,28.22125,24.8,2025-07-28,2025-06-01/2025-08-31,E:\LandSlide-Prediction\data\pre_event\native_tif\NEG00224.tif,E:\LandSlide-Prediction\data\pre_event\png_256\NEG00224.png,
NEG00225,0,success,S2B_MSIL2A_20251031T045839_R119_T44NMP_20251031T072153,16.524501,1.71,2025-10-31,2025-09-01/2025-11-20,E:\LandSlide-Prediction\data\pre_event\native_tif\NEG00225.tif,E:\LandSlide-Prediction\data\pre_event\png_256\NEG00225.png,
NEG00226,0,success,S2B_MSIL2A_20251031T045839_R119_T44NLN_20251031T072153,5.151897,0.0,2025-10-31,2025-09-01/2025-11-20,E:\LandSlide-Prediction\data\pre_event\native_tif\NEG00226.tif,E:\LandSlide-Prediction\data\pre_event\png_256\NEG00226.png,
NEG00227,0,success,S2A_MSIL2A_20250908T050231_R119_T44NMP_20250908T080413,40.256369,19.43,2025-09-08,2025-09-01/2025-11-20,E:\LandSlide-Prediction\data\pre_event\native_tif\NEG00227.tif,E:\LandSlide-Prediction\data\pre_event\png_256\NEG00227.png,
NEG00228,0,success,S2C_MSIL2A_20251003T050621_R076_T44NMP_20251003T090812,2.112417,0.0,2025-10-03,2025-09-01/2025-11-20,E:\LandSlide-Prediction\data\pre_event\native_tif\NEG00228.tif,E:\LandSlide-Prediction\data\pre_event\png_256\NEG00228.png,
NEG00229,0,success,S2B_MSIL2A_20251031T045839_R119_T44NMN_20251031T072153,14.801013,0.0,2025-10-31,2025-09-01/2025-11-20,E:\LandSlide-Prediction\data\pre_event\native_tif\NEG00229.tif,E:\LandSlide-Prediction\data\pre_event\png_256\NEG00229.png,
NEG00230,0,success,S2C_MSIL2A_20251003T050621_R076_T44NMN_20251003T090812,8.674505,0.0,2025-10-03,2025-09-01/2025-11-20,E:\LandSlide-Prediction\data\pre_event\native_tif\NEG00230.tif,E:\LandSlide-Prediction\data\pre_event\png_256\NEG00230.png,
NEG00231,0,success,S2C_MSIL2A_20251003T050621_R076_T44NMN_20251003T090812,8.674505,1.71,2025-10-03,2025-09-01/2025-11-20,E:\LandSlide-Prediction\data\pre_event\native_tif\NEG00231.tif,E:\LandSlide-Prediction\data\pre_event\png_256\NEG00231.png,
NEG00232,0,success,S2B_MSIL2A_20251031T045839_R119_T44NMN_20251031T072153,14.801013,0.0,2025-10-31,2025-09-01/2025-11-20,E:\LandSlide-Prediction\data\pre_event\native_tif\NEG00232.tif,E:\LandSlide-Prediction\data\pre_event\png_256\NEG00232.png,
NEG00233,0,success,S2B_MSIL2A_20250908T050559_R076_T44NNN_20250908T070833,27.121845,0.0,2025-09-08,2025-09-01/2025-11-20,E:\LandSlide-Prediction\data\pre_event\native_tif\NEG00233.tif,E:\LandSlide-Prediction\data\pre_event\png_256\NEG00233.png,
NEG00234,0,success,S2C_MSIL2A_20251003T050621_R076_T44NMN_20251003T090812,8.674505,3.52,2025-10-03,2025-09-01/2025-11-20,E:\LandSlide-Prediction\data\pre_event\native_tif\NEG00234.tif,E:\LandSlide-Prediction\data\pre_event\png_256\NEG00234.png,
NEG00235,0,success,S2B_MSIL2A_20250911T045659_R119_T44NMP_20250911T084431,52.030182,12.21,2025-09-11,2025-09-01/2025-11-20,E:\LandSlide-Prediction\data\pre_event\native_tif\NEG00235.tif,E:\LandSlide-Prediction\data\pre_event\png_256\NEG00235.png,
NEG00236,0,success,S2B_MSIL2A_20251031T045839_R119_T44NMP_20251031T072153,16.524501,2.64,2025-10-31,2025-09-01/2025-11-20,E:\LandSlide-Prediction\data\pre_event\native_tif\NEG00236.tif,E:\LandSlide-Prediction\data\pre_event\png_256\NEG00236.png,
NEG00237,0,success,S2C_MSIL2A_20251013T050611_R076_T44NNN_20251013T090413,15.8978,0.98,2025-10-13,2025-09-01/2025-11-20,E:\LandSlide-Prediction\data\pre_event\native_tif\NEG00237.tif,E:\LandSlide-Prediction\data\pre_event\png_256\NEG00237.png,
NEG00238,0,success,S2C_MSIL2A_20251006T045711_R119_T44NLN_20251006T093213,13.237995,12.7,2025-10-06,2025-09-01/2025-11-20,E:\LandSlide-Prediction\data\pre_event\native_tif\NEG00238.tif,E:\LandSlide-Prediction\data\pre_event\png_256\NEG00238.png,
NEG00239,0,success,S2C_MSIL2A_20251003T050621_R076_T44NMN_20251003T090812,8.674505,0.0,2025-10-03,2025-09-01/2025-11-20,E:\LandSlide-Prediction\data\pre_event\native_tif\NEG00239.tif,E:\LandSlide-Prediction\data\pre_event\png_256\NEG00239.png,
NEG00240,0,success,S2C_MSIL2A_20251003T050621_R076_T44NMP_20251003T090812,2.112417,8.4,2025-10-03,2025-09-01/2025-11-20,E:\LandSlide-Prediction\data\pre_event\native_tif\NEG00240.tif,E:\LandSlide-Prediction\data\pre_event\png_256\NEG00240.png,
NEG00241,0,success,S2C_MSIL2A_20251003T050621_R076_T44NMP_20251003T090812,2.112417,0.0,2025-10-03,2025-09-01/2025-11-20,E:\LandSlide-Prediction\data\pre_event\native_tif\NEG00241.tif,E:\LandSlide-Prediction\data\pre_event\png_256\NEG00241.png,
NEG00242,0,success,S2C_MSIL2A_20251006T045711_R119_T44NMP_20251006T093213,47.28899,0.0,2025-10-06,2025-09-01/2025-11-20,E:\LandSlide-Prediction\data\pre_event\native_tif\NEG00242.tif,E:\LandSlide-Prediction\data\pre_event\png_256\NEG00242.png,
NEG00243,0,success,S2C_MSIL2A_20251003T050621_R076_T44NMP_20251003T090812,2.112417,0.0,2025-10-03,2025-09-01/2025-11-20,E:\LandSlide-Prediction\data\pre_event\native_tif\NEG00243.tif,E:\LandSlide-Prediction\data\pre_event\png_256\NEG00243.png,
NEG00244,0,success,S2C_MSIL2A_20250728T045721_R119_T44NMP_20250728T095413,9.404943,0.59,2025-07-28,2025-06-01/2025-08-31,E:\LandSlide-Prediction\data\pre_event\native_tif\NEG00244.tif,E:\LandSlide-Prediction\data\pre_event\png_256\NEG00244.png,
NEG00245,0,success,S2C_MSIL2A_20251013T050611_R076_T44NNN_20251013T090413,15.8978,23.54,2025-10-13,2025-09-01/2025-11-20,E:\LandSlide-Prediction\data\pre_event\native_tif\NEG00245.tif,E:\LandSlide-Prediction\data\pre_event\png_256\NEG00245.png,
NEG00246,0,success,S2C_MSIL2A_20251003T050621_R076_T44NMP_20251003T090812,2.112417,0.0,2025-10-03,2025-09-01/2025-11-20,E:\LandSlide-Prediction\data\pre_event\native_tif\NEG00246.tif,E:\LandSlide-Prediction\data\pre_event\png_256\NEG00246.png,
NEG00247,0,success,S2C_MSIL2A_20251013T050611_R076_T44NNN_20251013T090413,15.8978,11.43,2025-10-13,2025-09-01/2025-11-20,E:\LandSlide-Prediction\data\pre_event\native_tif\NEG00247.tif,E:\LandSlide-Prediction\data\pre_event\png_256\NEG00247.png,
NEG00248,0,success,S2C_MSIL2A_20251006T045711_R119_T44NMP_20251006T093213,47.28899,3.96,2025-10-06,2025-09-01/2025-11-20,E:\LandSlide-Prediction\data\pre_event\native_tif\NEG00248.tif,E:\LandSlide-Prediction\data\pre_event\png_256\NEG00248.png,
NEG00249,0,success,S2B_MSIL2A_20251031T045839_R119_T44NMP_20251031T072153,16.524501,0.59,2025-10-31,2025-09-01/2025-11-20,E:\LandSlide-Prediction\data\pre_event\native_tif\NEG00249.tif,E:\LandSlide-Prediction\data\pre_event\png_256\NEG00249.png,
NEG00250,0,success,S2C_MSIL2A_20250728T045721_R119_T44NMN_20250728T095413,28.22125,1.93,2025-07-28,2025-06-01/2025-08-31,E:\LandSlide-Prediction\data\pre_event\native_tif\NEG00250.tif,E:\LandSlide-Prediction\data\pre_event\png_256\NEG00250.png,
NEG00251,0,success,S2B_MSIL2A_20251031T045839_R119_T44NMP_20251031T072153,16.524501,0.2,2025-10-31,2025-09-01/2025-11-20,E:\LandSlide-Prediction\data\pre_event\native_tif\NEG00251.tif,E:\LandSlide-Prediction\data\pre_event\png_256\NEG00251.png,
NEG00252,0,success,S2B_MSIL2A_20251011T045659_R119_T44NMP_20251011T090705,62.988436,24.9,2025-10-11,2025-09-01/2025-11-20,E:\LandSlide-Prediction\data\pre_event\native_tif\NEG00252.tif,E:\LandSlide-Prediction\data\pre_event\png_256\NEG00252.png,
NEG00253,0,success,S2B_MSIL2A_20251031T045839_R119_T44NMP_20251031T072153,16.524501,2.34,2025-10-31,2025-09-01/2025-11-20,E:\LandSlide-Prediction\data\pre_event\native_tif\NEG00253.tif,E:\LandSlide-Prediction\data\pre_event\png_256\NEG00253.png,
NEG00254,0,success,S2C_MSIL2A_20251003T050621_R076_T44NMP_20251003T090812,2.112417,0.0,2025-10-03,2025-09-01/2025-11-20,E:\LandSlide-Prediction\data\pre_event\native_tif\NEG00254.tif,E:\LandSlide-Prediction\data\pre_event\png_256\NEG00254.png,
NEG00255,0,success,S2C_MSIL2A_20251003T050621_R076_T44NMP_20251003T090812,2.112417,9.18,2025-10-03,2025-09-01/2025-11-20,E:\LandSlide-Prediction\data\pre_event\native_tif\NEG00255.tif,E:\LandSlide-Prediction\data\pre_event\png_256\NEG00255.png,
NEG00256,0,success,S2C_MSIL2A_20251003T050621_R076_T44NMP_20251003T090812,2.112417,0.29,2025-10-03,2025-09-01/2025-11-20,E:\LandSlide-Prediction\data\pre_event\native_tif\NEG00256.tif,E:\LandSlide-Prediction\data\pre_event\png_256\NEG00256.png,
NEG00257,0,success,S2B_MSIL2A_20251031T045839_R119_T44NMP_20251031T072153,16.524501,0.0,2025-10-31,2025-09-01/2025-11-20,E:\LandSlide-Prediction\data\pre_event\native_tif\NEG00257.tif,E:\LandSlide-Prediction\data\pre_event\png_256\NEG00257.png,
NEG00258,0,success,S2A_MSIL2A_20250908T050231_R119_T44NMP_20250908T080413,40.256369,0.49,2025-09-08,2025-09-01/2025-11-20,E:\LandSlide-Prediction\data\pre_event\native_tif\NEG00258.tif,E:\LandSlide-Prediction\data\pre_event\png_256\NEG00258.png,
NEG00259,0,success,S2C_MSIL2A_20251006T045711_R119_T44NMP_20251006T093213,47.28899,0.49,2025-10-06,2025-09-01/2025-11-20,E:\LandSlide-Prediction\data\pre_event\native_tif\NEG00259.tif,E:\LandSlide-Prediction\data\pre_event\png_256\NEG00259.png,
NEG00260,0,success,S2B_MSIL2A_20251008T050559_R076_T44NNN_20251008T082000,19.039197,7.69,2025-10-08,2025-09-01/2025-11-20,E:\LandSlide-Prediction\data\pre_event\native_tif\NEG00260.tif,E:\LandSlide-Prediction\data\pre_event\png_256\NEG00260.png,
NEG00261,0,success,S2B_MSIL2A_20251031T045839_R119_T44NMP_20251031T072153,16.524501,0.0,2025-10-31,2025-09-01/2025-11-20,E:\LandSlide-Prediction\data\pre_event\native_tif\NEG00261.tif,E:\LandSlide-Prediction\data\pre_event\png_256\NEG00261.png,
NEG00262,0,success,S2C_MSIL2A_20251003T050621_R076_T44NMP_20251003T090812,2.112417,0.0,2025-10-03,2025-09-01/2025-11-20,E:\LandSlide-Prediction\data\pre_event\native_tif\NEG00262.tif,E:\LandSlide-Prediction\data\pre_event\png_256\NEG00262.png,
NEG00263,0,success,S2C_MSIL2A_20251003T050621_R076_T44NMN_20251003T090812,8.674505,0.0,2025-10-03,2025-09-01/2025-11-20,E:\LandSlide-Prediction\data\pre_event\native_tif\NEG00263.tif,E:\LandSlide-Prediction\data\pre_event\png_256\NEG00263.png,
NEG00264,0,success,S2B_MSIL2A_20251001T045659_R119_T44NMN_20251001T082912,44.625133,6.59,2025-10-01,2025-09-01/2025-11-20,E:\LandSlide-Prediction\data\pre_event\native_tif\NEG00264.tif,E:\LandSlide-Prediction\data\pre_event\png_256\NEG00264.png,
NEG00265,0,success,S2B_MSIL2A_20251031T045839_R119_T44NMP_20251031T072153,16.524501,0.15,2025-10-31,2025-09-01/2025-11-20,E:\LandSlide-Prediction\data\pre_event\native_tif\NEG00265.tif,E:\LandSlide-Prediction\data\pre_event\png_256\NEG00265.png,
NEG00266,0,success,S2B_MSIL2A_20251031T045839_R119_T44NMN_20251031T072153,14.801013,0.0,2025-10-31,2025-09-01/2025-11-20,E:\LandSlide-Prediction\data\pre_event\native_tif\NEG00266.tif,E:\LandSlide-Prediction\data\pre_event\png_256\NEG00266.png,
NEG00267,0,success,S2C_MSIL2A_20251003T050621_R076_T44NMP_20251003T090812,2.112417,11.91,2025-10-03,2025-09-01/2025-11-20,E:\LandSlide-Prediction\data\pre_event\native_tif\NEG00267.tif,E:\LandSlide-Prediction\data\pre_event\png_256\NEG00267.png,
NEG00268,0,success,S2B_MSIL2A_20251031T045839_R119_T44NMP_20251031T072153,16.524501,9.96,2025-10-31,2025-09-01/2025-11-20,E:\LandSlide-Prediction\data\pre_event\native_tif\NEG00268.tif,E:\LandSlide-Prediction\data\pre_event\png_256\NEG00268.png,
NEG00269,0,success,S2B_MSIL2A_20251031T045839_R119_T44NMN_20251031T072153,14.801013,0.0,2025-10-31,2025-09-01/2025-11-20,E:\LandSlide-Prediction\data\pre_event\native_tif\NEG00269.tif,E:\LandSlide-Prediction\data\pre_event\png_256\NEG00269.png,
NEG00270,0,success,S2B_MSIL2A_20251031T045839_R119_T44NMP_20251031T072153,16.524501,0.44,2025-10-31,2025-09-01/2025-11-20,E:\LandSlide-Prediction\data\pre_event\native_tif\NEG00270.tif,E:\LandSlide-Prediction\data\pre_event\png_256\NEG00270.png,
NEG00271,0,success,S2B_MSIL2A_20250822T045659_R119_T44NMN_20250822T072904,45.603779,0.29,2025-08-22,2025-06-01/2025-08-31,E:\LandSlide-Prediction\data\pre_event\native_tif\NEG00271.tif,E:\LandSlide-Prediction\data\pre_event\png_256\NEG00271.png,
NEG00272,0,success,S2C_MSIL2A_20251013T050611_R076_T44NNN_20251013T090413,15.8978,21.12,2025-10-13,2025-09-01/2025-11-20,E:\LandSlide-Prediction\data\pre_event\native_tif\NEG00272.tif,E:\LandSlide-Prediction\data\pre_event\png_256\NEG00272.png,
NEG00273,0,success,S2B_MSIL2A_20251031T045839_R119_T44NMN_20251031T072153,14.801013,0.0,2025-10-31,2025-09-01/2025-11-20,E:\LandSlide-Prediction\data\pre_event\native_tif\NEG00273.tif,E:\LandSlide-Prediction\data\pre_event\png_256\NEG00273.png,
NEG00274,0,success,S2B_MSIL2A_20251031T045839_R119_T44NMP_20251031T072153,16.524501,1.37,2025-10-31,2025-09-01/2025-11-20,E:\LandSlide-Prediction\data\pre_event\native_tif\NEG00274.tif,E:\LandSlide-Prediction\data\pre_event\png_256\NEG00274.png,
NEG00275,0,success,S2C_MSIL2A_20251003T050621_R076_T44NMP_20251003T090812,2.112417,0.0,2025-10-03,2025-09-01/2025-11-20,E:\LandSlide-Prediction\data\pre_event\native_tif\NEG00275.tif,E:\LandSlide-Prediction\data\pre_event\png_256\NEG00275.png,
NEG00276,0,success,S2B_MSIL2A_20251031T045839_R119_T44NLN_20251031T072153,5.151897,0.0,2025-10-31,2025-09-01/2025-11-20,E:\LandSlide-Prediction\data\pre_event\native_tif\NEG00276.tif,E:\LandSlide-Prediction\data\pre_event\png_256\NEG00276.png,
NEG00277,0,success,S2B_MSIL2A_20251031T045839_R119_T44NMN_20251031T072153,14.801013,0.0,2025-10-31,2025-09-01/2025-11-20,E:\LandSlide-Prediction\data\pre_event\native_tif\NEG00277.tif,E:\LandSlide-Prediction\data\pre_event\png_256\NEG00277.png,
NEG00278,0,success,S2C_MSIL2A_20251003T050621_R076_T44NMN_20251003T090812,8.674505,0.44,2025-10-03,2025-09-01/2025-11-20,E:\LandSlide-Prediction\data\pre_event\native_tif\NEG00278.tif,E:\LandSlide-Prediction\data\pre_event\png_256\NEG00278.png,
NEG00279,0,success,S2C_MSIL2A_20251003T050621_R076_T44NMN_20251003T090812,8.674505,0.0,2025-10-03,2025-09-01/2025-11-20,E:\LandSlide-Prediction\data\pre_event\native_tif\NEG00279.tif,E:\LandSlide-Prediction\data\pre_event\png_256\NEG00279.png,
NEG00280,0,success,S2B_MSIL2A_20251031T045839_R119_T44NMN_20251031T072153,14.801013,0.0,2025-10-31,2025-09-01/2025-11-20,E:\LandSlide-Prediction\data\pre_event\native_tif\NEG00280.tif,E:\LandSlide-Prediction\data\pre_event\png_256\NEG00280.png,
NEG00281,0,success,S2C_MSIL2A_20251003T050621_R076_T44NMN_20251003T090812,8.674505,0.0,2025-10-03,2025-09-01/2025-11-20,E:\LandSlide-Prediction\data\pre_event\native_tif\NEG00281.tif,E:\LandSlide-Prediction\data\pre_event\png_256\NEG00281.png,
NEG00282,0,success,S2B_MSIL2A_20251031T045839_R119_T44NMP_20251031T072153,16.524501,0.15,2025-10-31,2025-09-01/2025-11-20,E:\LandSlide-Prediction\data\pre_event\native_tif\NEG00282.tif,E:\LandSlide-Prediction\data\pre_event\png_256\NEG00282.png,
NEG00283,0,success,S2C_MSIL2A_20251003T050621_R076_T44NMP_20251003T090812,2.112417,0.0,2025-10-03,2025-09-01/2025-11-20,E:\LandSlide-Prediction\data\pre_event\native_tif\NEG00283.tif,E:\LandSlide-Prediction\data\pre_event\png_256\NEG00283.png,
NEG00284,0,success,S2B_MSIL2A_20251031T045839_R119_T44NMN_20251031T072153,14.801013,0.0,2025-10-31,2025-09-01/2025-11-20,E:\LandSlide-Prediction\data\pre_event\native_tif\NEG00284.tif,E:\LandSlide-Prediction\data\pre_event\png_256\NEG00284.png,
NEG00285,0,success,S2C_MSIL2A_20251003T050621_R076_T44NMP_20251003T090812,2.112417,0.0,2025-10-03,2025-09-01/2025-11-20,E:\LandSlide-Prediction\data\pre_event\native_tif\NEG00285.tif,E:\LandSlide-Prediction\data\pre_event\png_256\NEG00285.png,
NEG00286,0,success,S2B_MSIL2A_20251031T045839_R119_T44PMQ_20251031T072153,2.075697,0.0,2025-10-31,2025-09-01/2025-11-20,E:\LandSlide-Prediction\data\pre_event\native_tif\NEG00286.tif,E:\LandSlide-Prediction\data\pre_event\png_256\NEG00286.png,
NEG00287,0,success,S2C_MSIL2A_20251006T045711_R119_T44NLN_20251006T093213,13.237995,24.85,2025-10-06,2025-09-01/2025-11-20,E:\LandSlide-Prediction\data\pre_event\native_tif\NEG00287.tif,E:\LandSlide-Prediction\data\pre_event\png_256\NEG00287.png,
NEG00288,0,success,S2B_MSIL2A_20251031T045839_R119_T44NLN_20251031T072153,5.151897,0.0,2025-10-31,2025-09-01/2025-11-20,E:\LandSlide-Prediction\data\pre_event\native_tif\NEG00288.tif,E:\LandSlide-Prediction\data\pre_event\png_256\NEG00288.png,
NEG00289,0,success,S2B_MSIL2A_20251031T045839_R119_T44NMN_20251031T072153,14.801013,0.0,2025-10-31,2025-09-01/2025-11-20,E:\LandSlide-Prediction\data\pre_event\native_tif\NEG00289.tif,E:\LandSlide-Prediction\data\pre_event\png_256\NEG00289.png,
NEG00290,0,success,S2B_MSIL2A_20251031T045839_R119_T44NMN_20251031T072153,14.801013,0.1,2025-10-31,2025-09-01/2025-11-20,E:\LandSlide-Prediction\data\pre_event\native_tif\NEG00290.tif,E:\LandSlide-Prediction\data\pre_event\png_256\NEG00290.png,
NEG00291,0,success,S2C_MSIL2A_20251003T050621_R076_T44NMP_20251003T090812,2.112417,0.0,2025-10-03,2025-09-01/2025-11-20,E:\LandSlide-Prediction\data\pre_event\native_tif\NEG00291.tif,E:\LandSlide-Prediction\data\pre_event\png_256\NEG00291.png,
NEG00292,0,success,S2B_MSIL2A_20251031T045839_R119_T44NMP_20251031T072153,16.524501,23.93,2025-10-31,2025-09-01/2025-11-20,E:\LandSlide-Prediction\data\pre_event\native_tif\NEG00292.tif,E:\LandSlide-Prediction\data\pre_event\png_256\NEG00292.png,
NEG00293,0,success,S2C_MSIL2A_20251003T050621_R076_T44NMP_20251003T090812,2.112417,0.0,2025-10-03,2025-09-01/2025-11-20,E:\LandSlide-Prediction\data\pre_event\native_tif\NEG00293.tif,E:\LandSlide-Prediction\data\pre_event\png_256\NEG00293.png,
NEG00294,0,success,S2A_MSIL2A_20250908T050231_R119_T44NMP_20250908T080413,40.256369,0.0,2025-09-08,2025-09-01/2025-11-20,E:\LandSlide-Prediction\data\pre_event\native_tif\NEG00294.tif,E:\LandSlide-Prediction\data\pre_event\png_256\NEG00294.png,
NEG00295,0,success,S2C_MSIL2A_20251003T050621_R076_T44NMP_20251003T090812,2.112417,0.0,2025-10-03,2025-09-01/2025-11-20,E:\LandSlide-Prediction\data\pre_event\native_tif\NEG00295.tif,E:\LandSlide-Prediction\data\pre_event\png_256\NEG00295.png,
NEG00296,0,success,S2B_MSIL2A_20251031T045839_R119_T44NMN_20251031T072153,14.801013,0.0,2025-10-31,2025-09-01/2025-11-20,E:\LandSlide-Prediction\data\pre_event\native_tif\NEG00296.tif,E:\LandSlide-Prediction\data\pre_event\png_256\NEG00296.png,
NEG00297,0,success,S2C_MSIL2A_20251003T050621_R076_T44NMP_20251003T090812,2.112417,0.0,2025-10-03,2025-09-01/2025-11-20,E:\LandSlide-Prediction\data\pre_event\native_tif\NEG00297.tif,E:\LandSlide-Prediction\data\pre_event\png_256\NEG00297.png,
NEG00298,0,success,S2B_MSIL2A_20251031T045839_R119_T44NMP_20251031T072153,16.524501,0.0,2025-10-31,2025-09-01/2025-11-20,E:\LandSlide-Prediction\data\pre_event\native_tif\NEG00298.tif,E:\LandSlide-Prediction\data\pre_event\png_256\NEG00298.png,
NEG00299,0,success,S2C_MSIL2A_20251013T050611_R076_T44NNN_20251013T090413,15.8978,0.0,2025-10-13,2025-09-01/2025-11-20,E:\LandSlide-Prediction\data\pre_event\native_tif\NEG00299.tif,E:\LandSlide-Prediction\data\pre_event\png_256\NEG00299.png,
NEG00300,0,success,S2B_MSIL2A_20250908T050559_R076_T44NNN_20250908T070833,27.121845,0.0,2025-09-08,2025-09-01/2025-11-20,E:\LandSlide-Prediction\data\pre_event\native_tif\NEG00300.tif,E:\LandSlide-Prediction\data\pre_event\png_256\NEG00300.png,
NEG00301,0,success,S2C_MSIL2A_20251003T050621_R076_T44NMP_20251003T090812,2.112417,0.0,2025-10-03,2025-09-01/2025-11-20,E:\LandSlide-Prediction\data\pre_event\native_tif\NEG00301.tif,E:\LandSlide-Prediction\data\pre_event\png_256\NEG00301.png,
NEG00302,0,success,S2B_MSIL2A_20251008T050559_R076_T44NNN_20251008T082000,19.039197,0.0,2025-10-08,2025-09-01/2025-11-20,E:\LandSlide-Prediction\data\pre_event\native_tif\NEG00302.tif,E:\LandSlide-Prediction\data\pre_event\png_256\NEG00302.png,
NEG00303,0,success,S2C_MSIL2A_20251003T050621_R076_T44NMP_20251003T090812,2.112417,0.0,2025-10-03,2025-09-01/2025-11-20,E:\LandSlide-Prediction\data\pre_event\native_tif\NEG00303.tif,E:\LandSlide-Prediction\data\pre_event\png_256\NEG00303.png,
NEG00304,0,success,S2B_MSIL2A_20251001T045659_R119_T44NMN_20251001T082912,44.625133,16.55,2025-10-01,2025-09-01/2025-11-20,E:\LandSlide-Prediction\data\pre_event\native_tif\NEG00304.tif,E:\LandSlide-Prediction\data\pre_event\png_256\NEG00304.png,
NEG00305,0,success,S2C_MSIL2A_20251003T050621_R076_T44NMN_20251003T090812,8.674505,0.0,2025-10-03,2025-09-01/2025-11-20,E:\LandSlide-Prediction\data\pre_event\native_tif\NEG00305.tif,E:\LandSlide-Prediction\data\pre_event\png_256\NEG00305.png,
NEG00306,0,success,S2C_MSIL2A_20251003T050621_R076_T44NMP_20251003T090812,2.112417,0.0,2025-10-03,2025-09-01/2025-11-20,E:\LandSlide-Prediction\data\pre_event\native_tif\NEG00306.tif,E:\LandSlide-Prediction\data\pre_event\png_256\NEG00306.png,
NEG00307,0,success,S2B_MSIL2A_20251011T045659_R119_T44NMP_20251011T090705,62.988436,0.56,2025-10-11,2025-09-01/2025-11-20,E:\LandSlide-Prediction\data\pre_event\native_tif\NEG00307.tif,E:\LandSlide-Prediction\data\pre_event\png_256\NEG00307.png,
NEG00308,0,success,S2C_MSIL2A_20251003T050621_R076_T44NMN_20251003T090812,8.674505,8.4,2025-10-03,2025-09-01/2025-11-20,E:\LandSlide-Prediction\data\pre_event\native_tif\NEG00308.tif,E:\LandSlide-Prediction\data\pre_event\png_256\NEG00308.png,
NEG00309,0,success,S2C_MSIL2A_20251003T050621_R076_T44NMP_20251003T090812,2.112417,0.0,2025-10-03,2025-09-01/2025-11-20,E:\LandSlide-Prediction\data\pre_event\native_tif\NEG00309.tif,E:\LandSlide-Prediction\data\pre_event\png_256\NEG00309.png,
NEG00310,0,success,S2B_MSIL2A_20251031T045839_R119_T44NMN_20251031T072153,14.801013,0.0,2025-10-31,2025-09-01/2025-11-20,E:\LandSlide-Prediction\data\pre_event\native_tif\NEG00310.tif,E:\LandSlide-Prediction\data\pre_event\png_256\NEG00310.png,
NEG00311,0,success,S2B_MSIL2A_20251001T045659_R119_T44NMN_20251001T082912,44.625133,2.93,2025-10-01,2025-09-01/2025-11-20,E:\LandSlide-Prediction\data\pre_event\native_tif\NEG00311.tif,E:\LandSlide-Prediction\data\pre_event\png_256\NEG00311.png,
NEG00312,0,success,S2C_MSIL2A_20251003T050621_R076_T44NMP_20251003T090812,2.112417,0.0,2025-10-03,2025-09-01/2025-11-20,E:\LandSlide-Prediction\data\pre_event\native_tif\NEG00312.tif,E:\LandSlide-Prediction\data\pre_event\png_256\NEG00312.png,
NEG00313,0,success,S2C_MSIL2A_20251003T050621_R076_T44NMP_20251003T090812,2.112417,0.0,2025-10-03,2025-09-01/2025-11-20,E:\LandSlide-Prediction\data\pre_event\native_tif\NEG00313.tif,E:\LandSlide-Prediction\data\pre_event\png_256\NEG00313.png,
NEG00314,0,success,S2C_MSIL2A_20251003T050621_R076_T44NMP_20251003T090812,2.112417,0.0,2025-10-03,2025-09-01/2025-11-20,E:\LandSlide-Prediction\data\pre_event\native_tif\NEG00314.tif,E:\LandSlide-Prediction\data\pre_event\png_256\NEG00314.png,
NEG00315,0,success,S2B_MSIL2A_20251031T045839_R119_T44NMP_20251031T072153,16.524501,1.17,2025-10-31,2025-09-01/2025-11-20,E:\LandSlide-Prediction\data\pre_event\native_tif\NEG00315.tif,E:\LandSlide-Prediction\data\pre_event\png_256\NEG00315.png,
NEG00316,0,success,S2B_MSIL2A_20251120T050019_R119_T44NMP_20251120T072045,64.567739,1.03,2025-11-20,2025-09-01/2025-11-20,E:\LandSlide-Prediction\data\pre_event\native_tif\NEG00316.tif,E:\LandSlide-Prediction\data\pre_event\png_256\NEG00316.png,
NEG00317,0,success,S2B_MSIL2A_20251031T045839_R119_T44NMN_20251031T072153,14.801013,0.0,2025-10-31,2025-09-01/2025-11-20,E:\LandSlide-Prediction\data\pre_event\native_tif\NEG00317.tif,E:\LandSlide-Prediction\data\pre_event\png_256\NEG00317.png,
NEG00318,0,success,S2C_MSIL2A_20251003T050621_R076_T44NMP_20251003T090812,2.112417,0.0,2025-10-03,2025-09-01/2025-11-20,E:\LandSlide-Prediction\data\pre_event\native_tif\NEG00318.tif,E:\LandSlide-Prediction\data\pre_event\png_256\NEG00318.png,
NEG00319,0,success,S2C_MSIL2A_20251003T050621_R076_T44NMN_20251003T090812,8.674505,17.09,2025-10-03,2025-09-01/2025-11-20,E:\LandSlide-Prediction\data\pre_event\native_tif\NEG00319.tif,E:\LandSlide-Prediction\data\pre_event\png_256\NEG00319.png,
NEG00320,0,success,S2C_MSIL2A_20251003T050621_R076_T44NMP_20251003T090812,2.112417,0.0,2025-10-03,2025-09-01/2025-11-20,E:\LandSlide-Prediction\data\pre_event\native_tif\NEG00320.tif,E:\LandSlide-Prediction\data\pre_event\png_256\NEG00320.png,
NEG00321,0,success,S2C_MSIL2A_20251003T050621_R076_T44NMP_20251003T090812,2.112417,0.0,2025-10-03,2025-09-01/2025-11-20,E:\LandSlide-Prediction\data\pre_event\native_tif\NEG00321.tif,E:\LandSlide-Prediction\data\pre_event\png_256\NEG00321.png,
NEG00322,0,success,S2B_MSIL2A_20251031T045839_R119_T44NMN_20251031T072153,14.801013,0.0,2025-10-31,2025-09-01/2025-11-20,E:\LandSlide-Prediction\data\pre_event\native_tif\NEG00322.tif,E:\LandSlide-Prediction\data\pre_event\png_256\NEG00322.png,
NEG00323,0,success,S2A_MSIL2A_20250730T050241_R119_T44NMP_20250730T081115,10.341509,0.39,2025-07-30,2025-06-01/2025-08-31,E:\LandSlide-Prediction\data\pre_event\native_tif\NEG00323.tif,E:\LandSlide-Prediction\data\pre_event\png_256\NEG00323.png,
NEG00324,0,success,S2C_MSIL2A_20251003T050621_R076_T44NMP_20251003T090812,2.112417,1.81,2025-10-03,2025-09-01/2025-11-20,E:\LandSlide-Prediction\data\pre_event\native_tif\NEG00324.tif,E:\LandSlide-Prediction\data\pre_event\png_256\NEG00324.png,
NEG00325,0,success,S2C_MSIL2A_20251003T050621_R076_T44NMN_20251003T090812,8.674505,8.01,2025-10-03,2025-09-01/2025-11-20,E:\LandSlide-Prediction\data\pre_event\native_tif\NEG00325.tif,E:\LandSlide-Prediction\data\pre_event\png_256\NEG00325.png,
NEG00326,0,success,S2C_MSIL2A_20251003T050621_R076_T44NMP_20251003T090812,2.112417,0.0,2025-10-03,2025-09-01/2025-11-20,E:\LandSlide-Prediction\data\pre_event\native_tif\NEG00326.tif,E:\LandSlide-Prediction\data\pre_event\png_256\NEG00326.png,
NEG00327,0,success,S2B_MSIL2A_20251031T045839_R119_T44NMN_20251031T072153,14.801013,0.0,2025-10-31,2025-09-01/2025-11-20,E:\LandSlide-Prediction\data\pre_event\native_tif\NEG00327.tif,E:\LandSlide-Prediction\data\pre_event\png_256\NEG00327.png,
NEG00328,0,success,S2C_MSIL2A_20250728T045721_R119_T44NMN_20250728T095413,28.22125,0.0,2025-07-28,2025-06-01/2025-08-31,E:\LandSlide-Prediction\data\pre_event\native_tif\NEG00328.tif,E:\LandSlide-Prediction\data\pre_event\png_256\NEG00328.png,
NEG00329,0,success,S2C_MSIL2A_20251013T050611_R076_T44NNN_20251013T090413,15.8978,0.0,2025-10-13,2025-09-01/2025-11-20,E:\LandSlide-Prediction\data\pre_event\native_tif\NEG00329.tif,E:\LandSlide-Prediction\data\pre_event\png_256\NEG00329.png,
NEG00330,0,success,S2B_MSIL2A_20251031T045839_R119_T44NMN_20251031T072153,14.801013,0.0,2025-10-31,2025-09-01/2025-11-20,E:\LandSlide-Prediction\data\pre_event\native_tif\NEG00330.tif,E:\LandSlide-Prediction\data\pre_event\png_256\NEG00330.png,
NEG00331,0,success,S2C_MSIL2A_20251003T050621_R076_T44NMP_20251003T090812,2.112417,2.2,2025-10-03,2025-09-01/2025-11-20,E:\LandSlide-Prediction\data\pre_event\native_tif\NEG00331.tif,E:\LandSlide-Prediction\data\pre_event\png_256\NEG00331.png,
NEG00332,0,success,S2B_MSIL2A_20251001T045659_R119_T44NMN_20251001T082912,44.625133,12.99,2025-10-01,2025-09-01/2025-11-20,E:\LandSlide-Prediction\data\pre_event\native_tif\NEG00332.tif,E:\LandSlide-Prediction\data\pre_event\png_256\NEG00332.png,
NEG00333,0,success,S2B_MSIL2A_20250911T045659_R119_T44NMP_20250911T084431,52.030182,0.0,2025-09-11,2025-09-01/2025-11-20,E:\LandSlide-Prediction\data\pre_event\native_tif\NEG00333.tif,E:\LandSlide-Prediction\data\pre_event\png_256\NEG00333.png,
NEG00334,0,success,S2A_MSIL2A_20250908T050231_R119_T44NMP_20250908T080413,40.256369,0.0,2025-09-08,2025-09-01/2025-11-20,E:\LandSlide-Prediction\data\pre_event\native_tif\NEG00334.tif,E:\LandSlide-Prediction\data\pre_event\png_256\NEG00334.png,
NEG00335,0,success,S2B_MSIL2A_20251031T045839_R119_T44NMN_20251031T072153,14.801013,5.2,2025-10-31,2025-09-01/2025-11-20,E:\LandSlide-Prediction\data\pre_event\native_tif\NEG00335.tif,E:\LandSlide-Prediction\data\pre_event\png_256\NEG00335.png,
NEG00336,0,success,S2A_MSIL2A_20250908T050231_R119_T44NMN_20250908T080413,52.450544,0.0,2025-09-08,2025-09-01/2025-11-20,E:\LandSlide-Prediction\data\pre_event\native_tif\NEG00336.tif,E:\LandSlide-Prediction\data\pre_event\png_256\NEG00336.png,
NEG00337,0,success,S2C_MSIL2A_20251003T050621_R076_T44NMP_20251003T090812,2.112417,0.0,2025-10-03,2025-09-01/2025-11-20,E:\LandSlide-Prediction\data\pre_event\native_tif\NEG00337.tif,E:\LandSlide-Prediction\data\pre_event\png_256\NEG00337.png,
NEG00338,0,success,S2C_MSIL2A_20251003T050621_R076_T44NMN_20251003T090812,8.674505,0.0,2025-10-03,2025-09-01/2025-11-20,E:\LandSlide-Prediction\data\pre_event\native_tif\NEG00338.tif,E:\LandSlide-Prediction\data\pre_event\png_256\NEG00338.png,
NEG00339,0,success,S2B_MSIL2A_20251031T045839_R119_T44NLN_20251031T072153,5.151897,0.34,2025-10-31,2025-09-01/2025-11-20,E:\LandSlide-Prediction\data\pre_event\native_tif\NEG00339.tif,E:\LandSlide-Prediction\data\pre_event\png_256\NEG00339.png,
NEG00341,0,success,S2C_MSIL2A_20251013T050611_R076_T44NNN_20251013T090413,15.8978,1.46,2025-10-13,2025-09-01/2025-11-20,E:\LandSlide-Prediction\data\pre_event\native_tif\NEG00341.tif,E:\LandSlide-Prediction\data\pre_event\png_256\NEG00341.png,
NEG00342,0,success,S2C_MSIL2A_20251003T050621_R076_T44NMN_20251003T090812,8.674505,0.0,2025-10-03,2025-09-01/2025-11-20,E:\LandSlide-Prediction\data\pre_event\native_tif\NEG00342.tif,E:\LandSlide-Prediction\data\pre_event\png_256\NEG00342.png,
NEG00343,0,success,S2B_MSIL2A_20251031T045839_R119_T44NMN_20251031T072153,14.801013,0.0,2025-10-31,2025-09-01/2025-11-20,E:\LandSlide-Prediction\data\pre_event\native_tif\NEG00343.tif,E:\LandSlide-Prediction\data\pre_event\png_256\NEG00343.png,
NEG00344,0,success,S2B_MSIL2A_20251031T045839_R119_T44NMP_20251031T072153,16.524501,0.0,2025-10-31,2025-09-01/2025-11-20,E:\LandSlide-Prediction\data\pre_event\native_tif\NEG00344.tif,E:\LandSlide-Prediction\data\pre_event\png_256\NEG00344.png,
NEG00345,0,success,S2C_MSIL2A_20250913T050621_R076_T44NNN_20250913T092114,28.331435,0.0,2025-09-13,2025-09-01/2025-11-20,E:\LandSlide-Prediction\data\pre_event\native_tif\NEG00345.tif,E:\LandSlide-Prediction\data\pre_event\png_256\NEG00345.png,
NEG00346,0,success,S2B_MSIL2A_20251031T045839_R119_T44NMP_20251031T072153,16.524501,0.0,2025-10-31,2025-09-01/2025-11-20,E:\LandSlide-Prediction\data\pre_event\native_tif\NEG00346.tif,E:\LandSlide-Prediction\data\pre_event\png_256\NEG00346.png,
NEG00347,0,success,S2B_MSIL2A_20250911T045659_R119_T44NMP_20250911T084431,52.030182,0.1,2025-09-11,2025-09-01/2025-11-20,E:\LandSlide-Prediction\data\pre_event\native_tif\NEG00347.tif,E:\LandSlide-Prediction\data\pre_event\png_256\NEG00347.png,
NEG00348,0,success,S2C_MSIL2A_20251003T050621_R076_T44NMN_20251003T090812,8.674505,0.0,2025-10-03,2025-09-01/2025-11-20,E:\LandSlide-Prediction\data\pre_event\native_tif\NEG00348.tif,E:\LandSlide-Prediction\data\pre_event\png_256\NEG00348.png,
NEG00349,0,success,S2C_MSIL2A_20251003T050621_R076_T44NMP_20251003T090812,2.112417,0.0,2025-10-03,2025-09-01/2025-11-20,E:\LandSlide-Prediction\data\pre_event\native_tif\NEG00349.tif,E:\LandSlide-Prediction\data\pre_event\png_256\NEG00349.png,
NEG00350,0,success,S2B_MSIL2A_20251031T045839_R119_T44NMN_20251031T072153,14.801013,0.0,2025-10-31,2025-09-01/2025-11-20,E:\LandSlide-Prediction\data\pre_event\native_tif\NEG00350.tif,E:\LandSlide-Prediction\data\pre_event\png_256\NEG00350.png,
NEG00351,0,success,S2C_MSIL2A_20251003T050621_R076_T44NMP_20251003T090812,2.112417,0.0,2025-10-03,2025-09-01/2025-11-20,E:\LandSlide-Prediction\data\pre_event\native_tif\NEG00351.tif,E:\LandSlide-Prediction\data\pre_event\png_256\NEG00351.png,
NEG00352,0,success,S2C_MSIL2A_20251003T050621_R076_T44NMP_20251003T090812,2.112417,0.0,2025-10-03,2025-09-01/2025-11-20,E:\LandSlide-Prediction\data\pre_event\native_tif\NEG00352.tif,E:\LandSlide-Prediction\data\pre_event\png_256\NEG00352.png,
NEG00353,0,success,S2B_MSIL2A_20251031T045839_R119_T44NMN_20251031T072153,14.801013,0.0,2025-10-31,2025-09-01/2025-11-20,E:\LandSlide-Prediction\data\pre_event\native_tif\NEG00353.tif,E:\LandSlide-Prediction\data\pre_event\png_256\NEG00353.png,
NEG00354,0,success,S2C_MSIL2A_20251003T050621_R076_T44NNP_20251003T090812,13.947764,0.0,2025-10-03,2025-09-01/2025-11-20,E:\LandSlide-Prediction\data\pre_event\native_tif\NEG00354.tif,E:\LandSlide-Prediction\data\pre_event\png_256\NEG00354.png,
NEG00355,0,success,S2B_MSIL2A_20251031T045839_R119_T44NMN_20251031T072153,14.801013,0.0,2025-10-31,2025-09-01/2025-11-20,E:\LandSlide-Prediction\data\pre_event\native_tif\NEG00355.tif,E:\LandSlide-Prediction\data\pre_event\png_256\NEG00355.png,
NEG00356,0,success,S2B_MSIL2A_20251031T045839_R119_T44NLN_20251031T072153,5.151897,24.41,2025-10-31,2025-09-01/2025-11-20,E:\LandSlide-Prediction\data\pre_event\native_tif\NEG00356.tif,E:\LandSlide-Prediction\data\pre_event\png_256\NEG00356.png,
NEG00357,0,success,S2B_MSIL2A_20251008T050559_R076_T44NNN_20251008T082000,19.039197,0.0,2025-10-08,2025-09-01/2025-11-20,E:\LandSlide-Prediction\data\pre_event\native_tif\NEG00357.tif,E:\LandSlide-Prediction\data\pre_event\png_256\NEG00357.png,
NEG00358,0,success,S2B_MSIL2A_20251031T045839_R119_T44NMN_20251031T072153,14.801013,0.0,2025-10-31,2025-09-01/2025-11-20,E:\LandSlide-Prediction\data\pre_event\native_tif\NEG00358.tif,E:\LandSlide-Prediction\data\pre_event\png_256\NEG00358.png,
NEG00359,0,success,S2C_MSIL2A_20251003T050621_R076_T44NMP_20251003T090812,2.112417,0.0,2025-10-03,2025-09-01/2025-11-20,E:\LandSlide-Prediction\data\pre_event\native_tif\NEG00359.tif,E:\LandSlide-Prediction\data\pre_event\png_256\NEG00359.png,
NEG00360,0,success,S2B_MSIL2A_20251031T045839_R119_T44NMP_20251031T072153,16.524501,0.29,2025-10-31,2025-09-01/2025-11-20,E:\LandSlide-Prediction\data\pre_event\native_tif\NEG00360.tif,E:\LandSlide-Prediction\data\pre_event\png_256\NEG00360.png,
NEG00361,0,success,S2C_MSIL2A_20251003T050621_R076_T44NMP_20251003T090812,2.112417,0.2,2025-10-03,2025-09-01/2025-11-20,E:\LandSlide-Prediction\data\pre_event\native_tif\NEG00361.tif,E:\LandSlide-Prediction\data\pre_event\png_256\NEG00361.png,
NEG00362,0,success,S2C_MSIL2A_20251003T050621_R076_T44NMP_20251003T090812,2.112417,0.1,2025-10-03,2025-09-01/2025-11-20,E:\LandSlide-Prediction\data\pre_event\native_tif\NEG00362.tif,E:\LandSlide-Prediction\data\pre_event\png_256\NEG00362.png,
NEG00363,0,success,S2A_MSIL2A_20250710T050241_R119_T44NMN_20250710T075813,40.37216,8.2,2025-07-10,2025-06-01/2025-08-31,E:\LandSlide-Prediction\data\pre_event\native_tif\NEG00363.tif,E:\LandSlide-Prediction\data\pre_event\png_256\NEG00363.png,
NEG00364,0,success,S2B_MSIL2A_20251031T045839_R119_T44NMN_20251031T072153,14.801013,0.1,2025-10-31,2025-09-01/2025-11-20,E:\LandSlide-Prediction\data\pre_event\native_tif\NEG00364.tif,E:\LandSlide-Prediction\data\pre_event\png_256\NEG00364.png,
NEG00365,0,success,S2C_MSIL2A_20251003T050621_R076_T44NMN_20251003T090812,8.674505,0.0,2025-10-03,2025-09-01/2025-11-20,E:\LandSlide-Prediction\data\pre_event\native_tif\NEG00365.tif,E:\LandSlide-Prediction\data\pre_event\png_256\NEG00365.png,
NEG00366,0,success,S2B_MSIL2A_20251031T045839_R119_T44NMP_20251031T072153,16.524501,0.0,2025-10-31,2025-09-01/2025-11-20,E:\LandSlide-Prediction\data\pre_event\native_tif\NEG00366.tif,E:\LandSlide-Prediction\data\pre_event\png_256\NEG00366.png,
NEG00367,0,success,S2C_MSIL2A_20251003T050621_R076_T44NMN_20251003T090812,8.674505,0.0,2025-10-03,2025-09-01/2025-11-20,E:\LandSlide-Prediction\data\pre_event\native_tif\NEG00367.tif,E:\LandSlide-Prediction\data\pre_event\png_256\NEG00367.png,
NEG00368,0,success,S2C_MSIL2A_20251003T050621_R076_T44NMN_20251003T090812,8.674505,0.0,2025-10-03,2025-09-01/2025-11-20,E:\LandSlide-Prediction\data\pre_event\native_tif\NEG00368.tif,E:\LandSlide-Prediction\data\pre_event\png_256\NEG00368.png,
NEG00369,0,success,S2A_MSIL2A_20250905T050621_R076_T44NNN_20250905T063012,36.080211,0.0,2025-09-05,2025-09-01/2025-11-20,E:\LandSlide-Prediction\data\pre_event\native_tif\NEG00369.tif,E:\LandSlide-Prediction\data\pre_event\png_256\NEG00369.png,
NEG00370,0,success,S2C_MSIL2A_20251003T050621_R076_T44NMN_20251003T090812,8.674505,0.0,2025-10-03,2025-09-01/2025-11-20,E:\LandSlide-Prediction\data\pre_event\native_tif\NEG00370.tif,E:\LandSlide-Prediction\data\pre_event\png_256\NEG00370.png,
NEG00371,0,success,S2C_MSIL2A_20251013T050611_R076_T44NNP_20251013T090413,10.470393,0.63,2025-10-13,2025-09-01/2025-11-20,E:\LandSlide-Prediction\data\pre_event\native_tif\NEG00371.tif,E:\LandSlide-Prediction\data\pre_event\png_256\NEG00371.png,
NEG00372,0,success,S2B_MSIL2A_20251031T045839_R119_T44NMP_20251031T072153,16.524501,1.95,2025-10-31,2025-09-01/2025-11-20,E:\LandSlide-Prediction\data\pre_event\native_tif\NEG00372.tif,E:\LandSlide-Prediction\data\pre_event\png_256\NEG00372.png,
NEG00373,0,success,S2C_MSIL2A_20251003T050621_R076_T44NMN_20251003T090812,8.674505,0.0,2025-10-03,2025-09-01/2025-11-20,E:\LandSlide-Prediction\data\pre_event\native_tif\NEG00373.tif,E:\LandSlide-Prediction\data\pre_event\png_256\NEG00373.png,
NEG00374,0,success,S2A_MSIL2A_20250908T050231_R119_T44NMP_20250908T080413,40.256369,14.4,2025-09-08,2025-09-01/2025-11-20,E:\LandSlide-Prediction\data\pre_event\native_tif\NEG00374.tif,E:\LandSlide-Prediction\data\pre_event\png_256\NEG00374.png,
NEG00375,0,success,S2B_MSIL2A_20251031T045839_R119_T44NMN_20251031T072153,14.801013,0.0,2025-10-31,2025-09-01/2025-11-20,E:\LandSlide-Prediction\data\pre_event\native_tif\NEG00375.tif,E:\LandSlide-Prediction\data\pre_event\png_256\NEG00375.png,
NEG00376,0,success,S2C_MSIL2A_20251003T050621_R076_T44NNN_20251003T090812,23.541953,0.0,2025-10-03,2025-09-01/2025-11-20,E:\LandSlide-Prediction\data\pre_event\native_tif\NEG00376.tif,E:\LandSlide-Prediction\data\pre_event\png_256\NEG00376.png,
NEG00377,0,success,S2C_MSIL2A_20251003T050621_R076_T44NNN_20251003T090812,23.541953,24.37,2025-10-03,2025-09-01/2025-11-20,E:\LandSlide-Prediction\data\pre_event\native_tif\NEG00377.tif,E:\LandSlide-Prediction\data\pre_event\png_256\NEG00377.png,
NEG00378,0,success,S2C_MSIL2A_20251003T050621_R076_T44NMP_20251003T090812,2.112417,0.0,2025-10-03,2025-09-01/2025-11-20,E:\LandSlide-Prediction\data\pre_event\native_tif\NEG00378.tif,E:\LandSlide-Prediction\data\pre_event\png_256\NEG00378.png,
NEG00379,0,success,S2B_MSIL2A_20251031T045839_R119_T44NMN_20251031T072153,14.801013,0.0,2025-10-31,2025-09-01/2025-11-20,E:\LandSlide-Prediction\data\pre_event\native_tif\NEG00379.tif,E:\LandSlide-Prediction\data\pre_event\png_256\NEG00379.png,
NEG00380,0,success,S2C_MSIL2A_20251003T050621_R076_T44NMN_20251003T090812,8.674505,0.0,2025-10-03,2025-09-01/2025-11-20,E:\LandSlide-Prediction\data\pre_event\native_tif\NEG00380.tif,E:\LandSlide-Prediction\data\pre_event\png_256\NEG00380.png,
NEG00381,0,success,S2C_MSIL2A_20250728T045721_R119_T44NMP_20250728T095413,9.404943,0.0,2025-07-28,2025-06-01/2025-08-31,E:\LandSlide-Prediction\data\pre_event\native_tif\NEG00381.tif,E:\LandSlide-Prediction\data\pre_event\png_256\NEG00381.png,
NEG00382,0,success,S2B_MSIL2A_20251031T045839_R119_T44NLN_20251031T072153,5.151897,2.44,2025-10-31,2025-09-01/2025-11-20,E:\LandSlide-Prediction\data\pre_event\native_tif\NEG00382.tif,E:\LandSlide-Prediction\data\pre_event\png_256\NEG00382.png,
NEG00383,0,success,S2C_MSIL2A_20251003T050621_R076_T44NMP_20251003T090812,2.112417,0.1,2025-10-03,2025-09-01/2025-11-20,E:\LandSlide-Prediction\data\pre_event\native_tif\NEG00383.tif,E:\LandSlide-Prediction\data\pre_event\png_256\NEG00383.png,
NEG00384,0,success,S2B_MSIL2A_20251031T045839_R119_T44NMP_20251031T072153,16.524501,0.0,2025-10-31,2025-09-01/2025-11-20,E:\LandSlide-Prediction\data\pre_event\native_tif\NEG00384.tif,E:\LandSlide-Prediction\data\pre_event\png_256\NEG00384.png,
NEG00385,0,success,S2C_MSIL2A_20251003T050621_R076_T44NMN_20251003T090812,8.674505,10.35,2025-10-03,2025-09-01/2025-11-20,E:\LandSlide-Prediction\data\pre_event\native_tif\NEG00385.tif,E:\LandSlide-Prediction\data\pre_event\png_256\NEG00385.png,
NEG00386,0,success,S2B_MSIL2A_20251001T045659_R119_T44NMN_20251001T082912,44.625133,6.84,2025-10-01,2025-09-01/2025-11-20,E:\LandSlide-Prediction\data\pre_event\native_tif\NEG00386.tif,E:\LandSlide-Prediction\data\pre_event\png_256\NEG00386.png,
NEG00387,0,success,S2C_MSIL2A_20251003T050621_R076_T44NMN_20251003T090812,8.674505,0.0,2025-10-03,2025-09-01/2025-11-20,E:\LandSlide-Prediction\data\pre_event\native_tif\NEG00387.tif,E:\LandSlide-Prediction\data\pre_event\png_256\NEG00387.png,
NEG00388,0,success,S2C_MSIL2A_20251003T050621_R076_T44NMP_20251003T090812,2.112417,0.0,2025-10-03,2025-09-01/2025-11-20,E:\LandSlide-Prediction\data\pre_event\native_tif\NEG00388.tif,E:\LandSlide-Prediction\data\pre_event\png_256\NEG00388.png,
NEG00389,0,success,S2B_MSIL2A_20251008T050559_R076_T44NNN_20251008T082000,19.039197,0.0,2025-10-08,2025-09-01/2025-11-20,E:\LandSlide-Prediction\data\pre_event\native_tif\NEG00389.tif,E:\LandSlide-Prediction\data\pre_event\png_256\NEG00389.png,
NEG00390,0,success,S2B_MSIL2A_20251031T045839_R119_T44NMN_20251031T072153,14.801013,5.32,2025-10-31,2025-09-01/2025-11-20,E:\LandSlide-Prediction\data\pre_event\native_tif\NEG00390.tif,E:\LandSlide-Prediction\data\pre_event\png_256\NEG00390.png,
NEG00391,0,success,S2B_MSIL2A_20251031T045839_R119_T44NMP_20251031T072153,16.524501,0.29,2025-10-31,2025-09-01/2025-11-20,E:\LandSlide-Prediction\data\pre_event\native_tif\NEG00391.tif,E:\LandSlide-Prediction\data\pre_event\png_256\NEG00391.png,
NEG00392,0,success,S2C_MSIL2A_20251003T050621_R076_T44NMP_20251003T090812,2.112417,0.0,2025-10-03,2025-09-01/2025-11-20,E:\LandSlide-Prediction\data\pre_event\native_tif\NEG00392.tif,E:\LandSlide-Prediction\data\pre_event\png_256\NEG00392.png,
NEG00393,0,success,S2B_MSIL2A_20251031T045839_R119_T44NMN_20251031T072153,14.801013,0.0,2025-10-31,2025-09-01/2025-11-20,E:\LandSlide-Prediction\data\pre_event\native_tif\NEG00393.tif,E:\LandSlide-Prediction\data\pre_event\png_256\NEG00393.png,
NEG00394,0,success,S2B_MSIL2A_20251031T045839_R119_T44NMN_20251031T072153,14.801013,0.15,2025-10-31,2025-09-01/2025-11-20,E:\LandSlide-Prediction\data\pre_event\native_tif\NEG00394.tif,E:\LandSlide-Prediction\data\pre_event\png_256\NEG00394.png,
NEG00395,0,success,S2B_MSIL2A_20251031T045839_R119_T44NMP_20251031T072153,16.524501,6.05,2025-10-31,2025-09-01/2025-11-20,E:\LandSlide-Prediction\data\pre_event\native_tif\NEG00395.tif,E:\LandSlide-Prediction\data\pre_event\png_256\NEG00395.png,
NEG00396,0,success,S2B_MSIL2A_20251031T045839_R119_T44NMP_20251031T072153,16.524501,0.49,2025-10-31,2025-09-01/2025-11-20,E:\LandSlide-Prediction\data\pre_event\native_tif\NEG00396.tif,E:\LandSlide-Prediction\data\pre_event\png_256\NEG00396.png,
NEG00397,0,success,S2B_MSIL2A_20251031T045839_R119_T44NMN_20251031T072153,14.801013,0.29,2025-10-31,2025-09-01/2025-11-20,E:\LandSlide-Prediction\data\pre_event\native_tif\NEG00397.tif,E:\LandSlide-Prediction\data\pre_event\png_256\NEG00397.png,
NEG00398,0,success,S2B_MSIL2A_20251031T045839_R119_T44NMN_20251031T072153,14.801013,0.0,2025-10-31,2025-09-01/2025-11-20,E:\LandSlide-Prediction\data\pre_event\native_tif\NEG00398.tif,E:\LandSlide-Prediction\data\pre_event\png_256\NEG00398.png,
NEG00399,0,success,S2C_MSIL2A_20250913T050621_R076_T44NMP_20250913T092114,59.277457,11.25,2025-09-13,2025-09-01/2025-11-20,E:\LandSlide-Prediction\data\pre_event\native_tif\NEG00399.tif,E:\LandSlide-Prediction\data\pre_event\png_256\NEG00399.png,
NEG00400,0,success,S2C_MSIL2A_20251003T050621_R076_T44NMP_20251003T090812,2.112417,0.0,2025-10-03,2025-09-01/2025-11-20,E:\LandSlide-Prediction\data\pre_event\native_tif\NEG00400.tif,E:\LandSlide-Prediction\data\pre_event\png_256\NEG00400.png,
NEG00401,0,success,S2C_MSIL2A_20251003T050621_R076_T44NMN_20251003T090812,8.674505,0.0,2025-10-03,2025-09-01/2025-11-20,E:\LandSlide-Prediction\data\pre_event\native_tif\NEG00401.tif,E:\LandSlide-Prediction\data\pre_event\png_256\NEG00401.png,
NEG00402,0,success,S2B_MSIL2A_20251031T045839_R119_T44NMN_20251031T072153,14.801013,6.15,2025-10-31,2025-09-01/2025-11-20,E:\LandSlide-Prediction\data\pre_event\native_tif\NEG00402.tif,E:\LandSlide-Prediction\data\pre_event\png_256\NEG00402.png,
NEG00403,0,success,S2C_MSIL2A_20251003T050621_R076_T44NMP_20251003T090812,2.112417,0.0,2025-10-03,2025-09-01/2025-11-20,E:\LandSlide-Prediction\data\pre_event\native_tif\NEG00403.tif,E:\LandSlide-Prediction\data\pre_event\png_256\NEG00403.png,
NEG00404,0,success,S2B_MSIL2A_20251031T045839_R119_T44NMN_20251031T072153,14.801013,0.0,2025-10-31,2025-09-01/2025-11-20,E:\LandSlide-Prediction\data\pre_event\native_tif\NEG00404.tif,E:\LandSlide-Prediction\data\pre_event\png_256\NEG00404.png,
NEG00405,0,success,S2A_MSIL2A_20250908T050231_R119_T44NMP_20250908T080413,40.256369,0.0,2025-09-08,2025-09-01/2025-11-20,E:\LandSlide-Prediction\data\pre_event\native_tif\NEG00405.tif,E:\LandSlide-Prediction\data\pre_event\png_256\NEG00405.png,
NEG00406,0,success,S2B_MSIL2A_20251031T045839_R119_T44NMN_20251031T072153,14.801013,0.0,2025-10-31,2025-09-01/2025-11-20,E:\LandSlide-Prediction\data\pre_event\native_tif\NEG00406.tif,E:\LandSlide-Prediction\data\pre_event\png_256\NEG00406.png,
NEG00407,0,success,S2C_MSIL2A_20251003T050621_R076_T44NMN_20251003T090812,8.674505,1.46,2025-10-03,2025-09-01/2025-11-20,E:\LandSlide-Prediction\data\pre_event\native_tif\NEG00407.tif,E:\LandSlide-Prediction\data\pre_event\png_256\NEG00407.png,
NEG00408,0,success,S2C_MSIL2A_20251003T050621_R076_T44NMP_20251003T090812,2.112417,0.0,2025-10-03,2025-09-01/2025-11-20,E:\LandSlide-Prediction\data\pre_event\native_tif\NEG00408.tif,E:\LandSlide-Prediction\data\pre_event\png_256\NEG00408.png,
NEG00409,0,success,S2C_MSIL2A_20251003T050621_R076_T44NMP_20251003T090812,2.112417,0.0,2025-10-03,2025-09-01/2025-11-20,E:\LandSlide-Prediction\data\pre_event\native_tif\NEG00409.tif,E:\LandSlide-Prediction\data\pre_event\png_256\NEG00409.png,
NEG00410,0,success,S2C_MSIL2A_20251003T050621_R076_T44NMP_20251003T090812,2.112417,0.0,2025-10-03,2025-09-01/2025-11-20,E:\LandSlide-Prediction\data\pre_event\native_tif\NEG00410.tif,E:\LandSlide-Prediction\data\pre_event\png_256\NEG00410.png,
NEG00411,0,success,S2C_MSIL2A_20251003T050621_R076_T44NMP_20251003T090812,2.112417,0.0,2025-10-03,2025-09-01/2025-11-20,E:\LandSlide-Prediction\data\pre_event\native_tif\NEG00411.tif,E:\LandSlide-Prediction\data\pre_event\png_256\NEG00411.png,
NEG00412,0,success,S2C_MSIL2A_20251003T050621_R076_T44NMP_20251003T090812,2.112417,1.76,2025-10-03,2025-09-01/2025-11-20,E:\LandSlide-Prediction\data\pre_event\native_tif\NEG00412.tif,E:\LandSlide-Prediction\data\pre_event\png_256\NEG00412.png,
NEG00413,0,success,S2A_MSIL2A_20250908T050231_R119_T44NMP_20250908T080413,40.256369,0.0,2025-09-08,2025-09-01/2025-11-20,E:\LandSlide-Prediction\data\pre_event\native_tif\NEG00413.tif,E:\LandSlide-Prediction\data\pre_event\png_256\NEG00413.png,
NEG00414,0,success,S2B_MSIL2A_20251031T045839_R119_T44NMN_20251031T072153,14.801013,0.0,2025-10-31,2025-09-01/2025-11-20,E:\LandSlide-Prediction\data\pre_event\native_tif\NEG00414.tif,E:\LandSlide-Prediction\data\pre_event\png_256\NEG00414.png,
NEG00415,0,success,S2B_MSIL2A_20251031T045839_R119_T44NMP_20251031T072153,16.524501,0.1,2025-10-31,2025-09-01/2025-11-20,E:\LandSlide-Prediction\data\pre_event\native_tif\NEG00415.tif,E:\LandSlide-Prediction\data\pre_event\png_256\NEG00415.png,
NEG00416,0,success,S2C_MSIL2A_20251003T050621_R076_T44NMP_20251003T090812,2.112417,0.0,2025-10-03,2025-09-01/2025-11-20,E:\LandSlide-Prediction\data\pre_event\native_tif\NEG00416.tif,E:\LandSlide-Prediction\data\pre_event\png_256\NEG00416.png,
NEG00417,0,success,S2C_MSIL2A_20251003T050621_R076_T44NMP_20251003T090812,2.112417,0.0,2025-10-03,2025-09-01/2025-11-20,E:\LandSlide-Prediction\data\pre_event\native_tif\NEG00417.tif,E:\LandSlide-Prediction\data\pre_event\png_256\NEG00417.png,
NEG00418,0,success,S2B_MSIL2A_20251031T045839_R119_T44NMP_20251031T072153,16.524501,0.0,2025-10-31,2025-09-01/2025-11-20,E:\LandSlide-Prediction\data\pre_event\native_tif\NEG00418.tif,E:\LandSlide-Prediction\data\pre_event\png_256\NEG00418.png,
NEG00419,0,success,S2B_MSIL2A_20251031T045839_R119_T44NMP_20251031T072153,16.524501,1.07,2025-10-31,2025-09-01/2025-11-20,E:\LandSlide-Prediction\data\pre_event\native_tif\NEG00419.tif,E:\LandSlide-Prediction\data\pre_event\png_256\NEG00419.png,
NEG00420,0,success,S2B_MSIL2A_20251031T045839_R119_T44NMP_20251031T072153,16.524501,0.24,2025-10-31,2025-09-01/2025-11-20,E:\LandSlide-Prediction\data\pre_event\native_tif\NEG00420.tif,E:\LandSlide-Prediction\data\pre_event\png_256\NEG00420.png,
NEG00421,0,success,S2B_MSIL2A_20251011T045659_R119_T44NMP_20251011T090705,62.988436,13.77,2025-10-11,2025-09-01/2025-11-20,E:\LandSlide-Prediction\data\pre_event\native_tif\NEG00421.tif,E:\LandSlide-Prediction\data\pre_event\png_256\NEG00421.png,
NEG00422,0,success,S2C_MSIL2A_20251003T050621_R076_T44NMN_20251003T090812,8.674505,1.46,2025-10-03,2025-09-01/2025-11-20,E:\LandSlide-Prediction\data\pre_event\native_tif\NEG00422.tif,E:\LandSlide-Prediction\data\pre_event\png_256\NEG00422.png,
NEG00423,0,success,S2C_MSIL2A_20251003T050621_R076_T44NMP_20251003T090812,2.112417,0.0,2025-10-03,2025-09-01/2025-11-20,E:\LandSlide-Prediction\data\pre_event\native_tif\NEG00423.tif,E:\LandSlide-Prediction\data\pre_event\png_256\NEG00423.png,
NEG00424,0,success,S2C_MSIL2A_20251003T050621_R076_T44NMP_20251003T090812,2.112417,0.0,2025-10-03,2025-09-01/2025-11-20,E:\LandSlide-Prediction\data\pre_event\native_tif\NEG00424.tif,E:\LandSlide-Prediction\data\pre_event\png_256\NEG00424.png,
NEG00425,0,success,S2B_MSIL2A_20251031T045839_R119_T44NMP_20251031T072153,16.524501,0.0,2025-10-31,2025-09-01/2025-11-20,E:\LandSlide-Prediction\data\pre_event\native_tif\NEG00425.tif,E:\LandSlide-Prediction\data\pre_event\png_256\NEG00425.png,
NEG00426,0,success,S2A_MSIL2A_20250908T050231_R119_T44NMP_20250908T080413,40.256369,12.01,2025-09-08,2025-09-01/2025-11-20,E:\LandSlide-Prediction\data\pre_event\native_tif\NEG00426.tif,E:\LandSlide-Prediction\data\pre_event\png_256\NEG00426.png,
NEG00427,0,success,S2C_MSIL2A_20251003T050621_R076_T44NMP_20251003T090812,2.112417,0.0,2025-10-03,2025-09-01/2025-11-20,E:\LandSlide-Prediction\data\pre_event\native_tif\NEG00427.tif,E:\LandSlide-Prediction\data\pre_event\png_256\NEG00427.png,
NEG00428,0,success,S2C_MSIL2A_20251003T050621_R076_T44NNN_20251003T090812,23.541953,6.93,2025-10-03,2025-09-01/2025-11-20,E:\LandSlide-Prediction\data\pre_event\native_tif\NEG00428.tif,E:\LandSlide-Prediction\data\pre_event\png_256\NEG00428.png,
NEG00429,0,success,S2C_MSIL2A_20251003T050621_R076_T44NMP_20251003T090812,2.112417,0.0,2025-10-03,2025-09-01/2025-11-20,E:\LandSlide-Prediction\data\pre_event\native_tif\NEG00429.tif,E:\LandSlide-Prediction\data\pre_event\png_256\NEG00429.png,
NEG00430,0,success,S2C_MSIL2A_20251003T050621_R076_T44NMP_20251003T090812,2.112417,0.0,2025-10-03,2025-09-01/2025-11-20,E:\LandSlide-Prediction\data\pre_event\native_tif\NEG00430.tif,E:\LandSlide-Prediction\data\pre_event\png_256\NEG00430.png,
NEG00431,0,success,S2B_MSIL2A_20251031T045839_R119_T44NLN_20251031T072153,5.151897,0.78,2025-10-31,2025-09-01/2025-11-20,E:\LandSlide-Prediction\data\pre_event\native_tif\NEG00431.tif,E:\LandSlide-Prediction\data\pre_event\png_256\NEG00431.png,
NEG00432,0,success,S2C_MSIL2A_20251003T050621_R076_T44NMP_20251003T090812,2.112417,1.95,2025-10-03,2025-09-01/2025-11-20,E:\LandSlide-Prediction\data\pre_event\native_tif\NEG00432.tif,E:\LandSlide-Prediction\data\pre_event\png_256\NEG00432.png,
NEG00433,0,success,S2B_MSIL2A_20250901T045659_R119_T44NMN_20250901T084423,68.351918,13.72,2025-09-01,2025-09-01/2025-11-20,E:\LandSlide-Prediction\data\pre_event\native_tif\NEG00433.tif,E:\LandSlide-Prediction\data\pre_event\png_256\NEG00433.png,
NEG00434,0,success,S2C_MSIL2A_20251003T050621_R076_T44NNP_20251003T090812,13.947764,0.0,2025-10-03,2025-09-01/2025-11-20,E:\LandSlide-Prediction\data\pre_event\native_tif\NEG00434.tif,E:\LandSlide-Prediction\data\pre_event\png_256\NEG00434.png,
NEG00435,0,success,S2C_MSIL2A_20251003T050621_R076_T44NMP_20251003T090812,2.112417,0.0,2025-10-03,2025-09-01/2025-11-20,E:\LandSlide-Prediction\data\pre_event\native_tif\NEG00435.tif,E:\LandSlide-Prediction\data\pre_event\png_256\NEG00435.png,
NEG00436,0,success,S2C_MSIL2A_20251003T050621_R076_T44NMP_20251003T090812,2.112417,0.0,2025-10-03,2025-09-01/2025-11-20,E:\LandSlide-Prediction\data\pre_event\native_tif\NEG00436.tif,E:\LandSlide-Prediction\data\pre_event\png_256\NEG00436.png,
NEG00437,0,success,S2B_MSIL2A_20251031T045839_R119_T44NMP_20251031T072153,16.524501,0.59,2025-10-31,2025-09-01/2025-11-20,E:\LandSlide-Prediction\data\pre_event\native_tif\NEG00437.tif,E:\LandSlide-Prediction\data\pre_event\png_256\NEG00437.png,
NEG00438,0,success,S2B_MSIL2A_20251031T045839_R119_T44NLN_20251031T072153,5.151897,0.0,2025-10-31,2025-09-01/2025-11-20,E:\LandSlide-Prediction\data\pre_event\native_tif\NEG00438.tif,E:\LandSlide-Prediction\data\pre_event\png_256\NEG00438.png,
NEG00439,0,success,S2A_MSIL2A_20250908T050231_R119_T44NMP_20250908T080413,40.256369,1.12,2025-09-08,2025-09-01/2025-11-20,E:\LandSlide-Prediction\data\pre_event\native_tif\NEG00439.tif,E:\LandSlide-Prediction\data\pre_event\png_256\NEG00439.png,
NEG00440,0,success,S2C_MSIL2A_20251003T050621_R076_T44NMN_20251003T090812,8.674505,0.0,2025-10-03,2025-09-01/2025-11-20,E:\LandSlide-Prediction\data\pre_event\native_tif\NEG00440.tif,E:\LandSlide-Prediction\data\pre_event\png_256\NEG00440.png,
NEG00441,0,success,S2B_MSIL2A_20251031T045839_R119_T44NMP_20251031T072153,16.524501,0.0,2025-10-31,2025-09-01/2025-11-20,E:\LandSlide-Prediction\data\pre_event\native_tif\NEG00441.tif,E:\LandSlide-Prediction\data\pre_event\png_256\NEG00441.png,
NEG00442,0,success,S2C_MSIL2A_20251006T045711_R119_T44NMN_20251006T093213,48.839059,0.0,2025-10-06,2025-09-01/2025-11-20,E:\LandSlide-Prediction\data\pre_event\native_tif\NEG00442.tif,E:\LandSlide-Prediction\data\pre_event\png_256\NEG00442.png,
NEG00443,0,success,S2C_MSIL2A_20251003T050621_R076_T44NMP_20251003T090812,2.112417,0.2,2025-10-03,2025-09-01/2025-11-20,E:\LandSlide-Prediction\data\pre_event\native_tif\NEG00443.tif,E:\LandSlide-Prediction\data\pre_event\png_256\NEG00443.png,
NEG00444,0,success,S2C_MSIL2A_20251003T050621_R076_T44NMP_20251003T090812,2.112417,10.01,2025-10-03,2025-09-01/2025-11-20,E:\LandSlide-Prediction\data\pre_event\native_tif\NEG00444.tif,E:\LandSlide-Prediction\data\pre_event\png_256\NEG00444.png,
NEG00445,0,success,S2C_MSIL2A_20250728T045721_R119_T44NMP_20250728T095413,9.404943,0.0,2025-07-28,2025-06-01/2025-08-31,E:\LandSlide-Prediction\data\pre_event\native_tif\NEG00445.tif,E:\LandSlide-Prediction\data\pre_event\png_256\NEG00445.png,
NEG00446,0,success,S2C_MSIL2A_20251003T050621_R076_T44NMP_20251003T090812,2.112417,3.22,2025-10-03,2025-09-01/2025-11-20,E:\LandSlide-Prediction\data\pre_event\native_tif\NEG00446.tif,E:\LandSlide-Prediction\data\pre_event\png_256\NEG00446.png,
NEG00447,0,success,S2C_MSIL2A_20251003T050621_R076_T44NMP_20251003T090812,2.112417,0.0,2025-10-03,2025-09-01/2025-11-20,E:\LandSlide-Prediction\data\pre_event\native_tif\NEG00447.tif,E:\LandSlide-Prediction\data\pre_event\png_256\NEG00447.png,
NEG00448,0,success,S2A_MSIL2A_20250905T050621_R076_T44NMN_20250905T063012,36.164254,0.0,2025-09-05,2025-09-01/2025-11-20,E:\LandSlide-Prediction\data\pre_event\native_tif\NEG00448.tif,E:\LandSlide-Prediction\data\pre_event\png_256\NEG00448.png,
NEG00449,0,success,S2B_MSIL2A_20251031T045839_R119_T44NMP_20251031T072153,16.524501,1.56,2025-10-31,2025-09-01/2025-11-20,E:\LandSlide-Prediction\data\pre_event\native_tif\NEG00449.tif,E:\LandSlide-Prediction\data\pre_event\png_256\NEG00449.png,
NEG00450,0,success,S2C_MSIL2A_20251003T050621_R076_T44NMP_20251003T090812,2.112417,0.0,2025-10-03,2025-09-01/2025-11-20,E:\LandSlide-Prediction\data\pre_event\native_tif\NEG00450.tif,E:\LandSlide-Prediction\data\pre_event\png_256\NEG00450.png,
NEG00451,0,success,S2C_MSIL2A_20250728T045721_R119_T44NMP_20250728T095413,9.404943,0.2,2025-07-28,2025-06-01/2025-08-31,E:\LandSlide-Prediction\data\pre_event\native_tif\NEG00451.tif,E:\LandSlide-Prediction\data\pre_event\png_256\NEG00451.png,
NEG00452,0,success,S2C_MSIL2A_20251003T050621_R076_T44NMP_20251003T090812,2.112417,0.0,2025-10-03,2025-09-01/2025-11-20,E:\LandSlide-Prediction\data\pre_event\native_tif\NEG00452.tif,E:\LandSlide-Prediction\data\pre_event\png_256\NEG00452.png,
NEG00453,0,success,S2C_MSIL2A_20251003T050621_R076_T44NMN_20251003T090812,8.674505,0.0,2025-10-03,2025-09-01/2025-11-20,E:\LandSlide-Prediction\data\pre_event\native_tif\NEG00453.tif,E:\LandSlide-Prediction\data\pre_event\png_256\NEG00453.png,
NEG00454,0,success,S2C_MSIL2A_20251003T050621_R076_T44NMP_20251003T090812,2.112417,0.0,2025-10-03,2025-09-01/2025-11-20,E:\LandSlide-Prediction\data\pre_event\native_tif\NEG00454.tif,E:\LandSlide-Prediction\data\pre_event\png_256\NEG00454.png,
NEG00455,0,success,S2C_MSIL2A_20251013T050611_R076_T44NNN_20251013T090413,15.8978,0.0,2025-10-13,2025-09-01/2025-11-20,E:\LandSlide-Prediction\data\pre_event\native_tif\NEG00455.tif,E:\LandSlide-Prediction\data\pre_event\png_256\NEG00455.png,
NEG00456,0,success,S2C_MSIL2A_20251003T050621_R076_T44NMN_20251003T090812,8.674505,0.0,2025-10-03,2025-09-01/2025-11-20,E:\LandSlide-Prediction\data\pre_event\native_tif\NEG00456.tif,E:\LandSlide-Prediction\data\pre_event\png_256\NEG00456.png,
NEG00457,0,success,S2B_MSIL2A_20251001T045659_R119_T44NLN_20251001T082912,15.653323,18.36,2025-10-01,2025-09-01/2025-11-20,E:\LandSlide-Prediction\data\pre_event\native_tif\NEG00457.tif,E:\LandSlide-Prediction\data\pre_event\png_256\NEG00457.png,
NEG00458,0,success,S2B_MSIL2A_20251031T045839_R119_T44NMP_20251031T072153,16.524501,0.0,2025-10-31,2025-09-01/2025-11-20,E:\LandSlide-Prediction\data\pre_event\native_tif\NEG00458.tif,E:\LandSlide-Prediction\data\pre_event\png_256\NEG00458.png,
NEG00459,0,success,S2C_MSIL2A_20251003T050621_R076_T44NMN_20251003T090812,8.674505,0.0,2025-10-03,2025-09-01/2025-11-20,E:\LandSlide-Prediction\data\pre_event\native_tif\NEG00459.tif,E:\LandSlide-Prediction\data\pre_event\png_256\NEG00459.png,
NEG00460,0,success,S2B_MSIL2A_20251031T045839_R119_T44NMP_20251031T072153,16.524501,3.12,2025-10-31,2025-09-01/2025-11-20,E:\LandSlide-Prediction\data\pre_event\native_tif\NEG00460.tif,E:\LandSlide-Prediction\data\pre_event\png_256\NEG00460.png,
NEG00461,0,success,S2C_MSIL2A_20251003T050621_R076_T44NMP_20251003T090812,2.112417,0.0,2025-10-03,2025-09-01/2025-11-20,E:\LandSlide-Prediction\data\pre_event\native_tif\NEG00461.tif,E:\LandSlide-Prediction\data\pre_event\png_256\NEG00461.png,
NEG00462,0,success,S2B_MSIL2A_20251031T045839_R119_T44NMN_20251031T072153,14.801013,0.0,2025-10-31,2025-09-01/2025-11-20,E:\LandSlide-Prediction\data\pre_event\native_tif\NEG00462.tif,E:\LandSlide-Prediction\data\pre_event\png_256\NEG00462.png,
NEG00463,0,success,S2C_MSIL2A_20251003T050621_R076_T44NMP_20251003T090812,2.112417,0.0,2025-10-03,2025-09-01/2025-11-20,E:\LandSlide-Prediction\data\pre_event\native_tif\NEG00463.tif,E:\LandSlide-Prediction\data\pre_event\png_256\NEG00463.png,
NEG00464,0,success,S2B_MSIL2A_20251031T045839_R119_T44NMP_20251031T072153,16.524501,15.99,2025-10-31,2025-09-01/2025-11-20,E:\LandSlide-Prediction\data\pre_event\native_tif\NEG00464.tif,E:\LandSlide-Prediction\data\pre_event\png_256\NEG00464.png,
NEG00465,0,success,S2B_MSIL2A_20251031T045839_R119_T44NMN_20251031T072153,14.801013,0.0,2025-10-31,2025-09-01/2025-11-20,E:\LandSlide-Prediction\data\pre_event\native_tif\NEG00465.tif,E:\LandSlide-Prediction\data\pre_event\png_256\NEG00465.png,
NEG00466,0,success,S2B_MSIL2A_20251031T045839_R119_T44NLN_20251031T072153,5.151897,0.2,2025-10-31,2025-09-01/2025-11-20,E:\LandSlide-Prediction\data\pre_event\native_tif\NEG00466.tif,E:\LandSlide-Prediction\data\pre_event\png_256\NEG00466.png,
NEG00467,0,success,S2C_MSIL2A_20251003T050621_R076_T44NMP_20251003T090812,2.112417,0.0,2025-10-03,2025-09-01/2025-11-20,E:\LandSlide-Prediction\data\pre_event\native_tif\NEG00467.tif,E:\LandSlide-Prediction\data\pre_event\png_256\NEG00467.png,
NEG00468,0,success,S2B_MSIL2A_20251031T045839_R119_T44NMP_20251031T072153,16.524501,0.59,2025-10-31,2025-09-01/2025-11-20,E:\LandSlide-Prediction\data\pre_event\native_tif\NEG00468.tif,E:\LandSlide-Prediction\data\pre_event\png_256\NEG00468.png,
NEG00469,0,success,S2C_MSIL2A_20251003T050621_R076_T44NMP_20251003T090812,2.112417,0.0,2025-10-03,2025-09-01/2025-11-20,E:\LandSlide-Prediction\data\pre_event\native_tif\NEG00469.tif,E:\LandSlide-Prediction\data\pre_event\png_256\NEG00469.png,
NEG00470,0,success,S2A_MSIL2A_20250730T050241_R119_T44NMP_20250730T081115,10.341509,0.0,2025-07-30,2025-06-01/2025-08-31,E:\LandSlide-Prediction\data\pre_event\native_tif\NEG00470.tif,E:\LandSlide-Prediction\data\pre_event\png_256\NEG00470.png,
NEG00471,0,success,S2C_MSIL2A_20251003T050621_R076_T44NMN_20251003T090812,8.674505,0.0,2025-10-03,2025-09-01/2025-11-20,E:\LandSlide-Prediction\data\pre_event\native_tif\NEG00471.tif,E:\LandSlide-Prediction\data\pre_event\png_256\NEG00471.png,
NEG00472,0,success,S2B_MSIL2A_20251031T045839_R119_T44NMP_20251031T072153,16.524501,0.0,2025-10-31,2025-09-01/2025-11-20,E:\LandSlide-Prediction\data\pre_event\native_tif\NEG00472.tif,E:\LandSlide-Prediction\data\pre_event\png_256\NEG00472.png,
NEG00473,0,success,S2B_MSIL2A_20251031T045839_R119_T44NMP_20251031T072153,16.524501,2.73,2025-10-31,2025-09-01/2025-11-20,E:\LandSlide-Prediction\data\pre_event\native_tif\NEG00473.tif,E:\LandSlide-Prediction\data\pre_event\png_256\NEG00473.png,
NEG00474,0,success,S2B_MSIL2A_20251031T045839_R119_T44NMN_20251031T072153,14.801013,0.0,2025-10-31,2025-09-01/2025-11-20,E:\LandSlide-Prediction\data\pre_event\native_tif\NEG00474.tif,E:\LandSlide-Prediction\data\pre_event\png_256\NEG00474.png,
NEG00475,0,success,S2C_MSIL2A_20251003T050621_R076_T44NMN_20251003T090812,8.674505,0.0,2025-10-03,2025-09-01/2025-11-20,E:\LandSlide-Prediction\data\pre_event\native_tif\NEG00475.tif,E:\LandSlide-Prediction\data\pre_event\png_256\NEG00475.png,
NEG00476,0,success,S2C_MSIL2A_20251003T050621_R076_T44NMN_20251003T090812,8.674505,0.0,2025-10-03,2025-09-01/2025-11-20,E:\LandSlide-Prediction\data\pre_event\native_tif\NEG00476.tif,E:\LandSlide-Prediction\data\pre_event\png_256\NEG00476.png,
NEG00477,0,success,S2C_MSIL2A_20251003T050621_R076_T44NMN_20251003T090812,8.674505,0.0,2025-10-03,2025-09-01/2025-11-20,E:\LandSlide-Prediction\data\pre_event\native_tif\NEG00477.tif,E:\LandSlide-Prediction\data\pre_event\png_256\NEG00477.png,
NEG00478,0,success,S2C_MSIL2A_20251013T050611_R076_T44NNN_20251013T090413,15.8978,0.0,2025-10-13,2025-09-01/2025-11-20,E:\LandSlide-Prediction\data\pre_event\native_tif\NEG00478.tif,E:\LandSlide-Prediction\data\pre_event\png_256\NEG00478.png,
NEG00479,0,success,S2A_MSIL2A_20250908T050231_R119_T44NMP_20250908T080413,40.256369,13.13,2025-09-08,2025-09-01/2025-11-20,E:\LandSlide-Prediction\data\pre_event\native_tif\NEG00479.tif,E:\LandSlide-Prediction\data\pre_event\png_256\NEG00479.png,
NEG00480,0,success,S2B_MSIL2A_20251031T045839_R119_T44NMP_20251031T072153,16.524501,0.0,2025-10-31,2025-09-01/2025-11-20,E:\LandSlide-Prediction\data\pre_event\native_tif\NEG00480.tif,E:\LandSlide-Prediction\data\pre_event\png_256\NEG00480.png,
NEG00481,0,success,S2C_MSIL2A_20250605T050621_R076_T44NMN_20250605T075416,35.417196,9.96,2025-06-05,2025-06-01/2025-08-31,E:\LandSlide-Prediction\data\pre_event\native_tif\NEG00481.tif,E:\LandSlide-Prediction\data\pre_event\png_256\NEG00481.png,
NEG00482,0,success,S2C_MSIL2A_20251003T050621_R076_T44NMN_20251003T090812,8.674505,0.39,2025-10-03,2025-09-01/2025-11-20,E:\LandSlide-Prediction\data\pre_event\native_tif\NEG00482.tif,E:\LandSlide-Prediction\data\pre_event\png_256\NEG00482.png,
NEG00483,0,success,S2C_MSIL2A_20251003T050621_R076_T44NMN_20251003T090812,8.674505,0.0,2025-10-03,2025-09-01/2025-11-20,E:\LandSlide-Prediction\data\pre_event\native_tif\NEG00483.tif,E:\LandSlide-Prediction\data\pre_event\png_256\NEG00483.png,
NEG00484,0,success,S2C_MSIL2A_20251003T050621_R076_T44NMN_20251003T090812,8.674505,0.0,2025-10-03,2025-09-01/2025-11-20,E:\LandSlide-Prediction\data\pre_event\native_tif\NEG00484.tif,E:\LandSlide-Prediction\data\pre_event\png_256\NEG00484.png,
NEG00485,0,success,S2C_MSIL2A_20251003T050621_R076_T44NMP_20251003T090812,2.112417,0.0,2025-10-03,2025-09-01/2025-11-20,E:\LandSlide-Prediction\data\pre_event\native_tif\NEG00485.tif,E:\LandSlide-Prediction\data\pre_event\png_256\NEG00485.png,
NEG00486,0,success,S2C_MSIL2A_20251003T050621_R076_T44NMN_20251003T090812,8.674505,6.64,2025-10-03,2025-09-01/2025-11-20,E:\LandSlide-Prediction\data\pre_event\native_tif\NEG00486.tif,E:\LandSlide-Prediction\data\pre_event\png_256\NEG00486.png,
NEG00487,0,success,S2B_MSIL2A_20251008T050559_R076_T44NNN_20251008T082000,19.039197,0.0,2025-10-08,2025-09-01/2025-11-20,E:\LandSlide-Prediction\data\pre_event\native_tif\NEG00487.tif,E:\LandSlide-Prediction\data\pre_event\png_256\NEG00487.png,
NEG00488,0,success,S2B_MSIL2A_20251031T045839_R119_T44NMP_20251031T072153,16.524501,5.57,2025-10-31,2025-09-01/2025-11-20,E:\LandSlide-Prediction\data\pre_event\native_tif\NEG00488.tif,E:\LandSlide-Prediction\data\pre_event\png_256\NEG00488.png,
NEG00489,0,success,S2C_MSIL2A_20251003T050621_R076_T44NMP_20251003T090812,2.112417,0.0,2025-10-03,2025-09-01/2025-11-20,E:\LandSlide-Prediction\data\pre_event\native_tif\NEG00489.tif,E:\LandSlide-Prediction\data\pre_event\png_256\NEG00489.png,
NEG00490,0,success,S2C_MSIL2A_20251003T050621_R076_T44NNN_20251003T090812,23.541953,4.0,2025-10-03,2025-09-01/2025-11-20,E:\LandSlide-Prediction\data\pre_event\native_tif\NEG00490.tif,E:\LandSlide-Prediction\data\pre_event\png_256\NEG00490.png,
NEG00491,0,success,S2B_MSIL2A_20250908T050559_R076_T44NMN_20250908T070833,32.934213,9.91,2025-09-08,2025-09-01/2025-11-20,E:\LandSlide-Prediction\data\pre_event\native_tif\NEG00491.tif,E:\LandSlide-Prediction\data\pre_event\png_256\NEG00491.png,
NEG00492,0,success,S2C_MSIL2A_20251003T050621_R076_T44NMN_20251003T090812,8.674505,0.0,2025-10-03,2025-09-01/2025-11-20,E:\LandSlide-Prediction\data\pre_event\native_tif\NEG00492.tif,E:\LandSlide-Prediction\data\pre_event\png_256\NEG00492.png,
NEG00493,0,success,S2B_MSIL2A_20251031T045839_R119_T44NMN_20251031T072153,14.801013,0.1,2025-10-31,2025-09-01/2025-11-20,E:\LandSlide-Prediction\data\pre_event\native_tif\NEG00493.tif,E:\LandSlide-Prediction\data\pre_event\png_256\NEG00493.png,
NEG00494,0,success,S2B_MSIL2A_20251031T045839_R119_T44NMN_20251031T072153,14.801013,0.0,2025-10-31,2025-09-01/2025-11-20,E:\LandSlide-Prediction\data\pre_event\native_tif\NEG00494.tif,E:\LandSlide-Prediction\data\pre_event\png_256\NEG00494.png,
NEG00495,0,success,S2B_MSIL2A_20251031T045839_R119_T44NMN_20251031T072153,14.801013,22.36,2025-10-31,2025-09-01/2025-11-20,E:\LandSlide-Prediction\data\pre_event\native_tif\NEG00495.tif,E:\LandSlide-Prediction\data\pre_event\png_256\NEG00495.png,
NEG00496,0,success,S2C_MSIL2A_20251003T050621_R076_T44NMN_20251003T090812,8.674505,0.0,2025-10-03,2025-09-01/2025-11-20,E:\LandSlide-Prediction\data\pre_event\native_tif\NEG00496.tif,E:\LandSlide-Prediction\data\pre_event\png_256\NEG00496.png,
NEG00497,0,success,S2C_MSIL2A_20251003T050621_R076_T44NMP_20251003T090812,2.112417,0.0,2025-10-03,2025-09-01/2025-11-20,E:\LandSlide-Prediction\data\pre_event\native_tif\NEG00497.tif,E:\LandSlide-Prediction\data\pre_event\png_256\NEG00497.png,
NEG00498,0,success,S2B_MSIL2A_20251031T045839_R119_T44NMN_20251031T072153,14.801013,0.0,2025-10-31,2025-09-01/2025-11-20,E:\LandSlide-Prediction\data\pre_event\native_tif\NEG00498.tif,E:\LandSlide-Prediction\data\pre_event\png_256\NEG00498.png,
NEG00499,0,success,S2A_MSIL2A_20250730T050241_R119_T44NMP_20250730T081115,10.341509,17.58,2025-07-30,2025-06-01/2025-08-31,E:\LandSlide-Prediction\data\pre_event\native_tif\NEG00499.tif,E:\LandSlide-Prediction\data\pre_event\png_256\NEG00499.png,
NEG00500,0,success,S2B_MSIL2A_20251031T045839_R119_T44NMP_20251031T072153,16.524501,0.29,2025-10-31,2025-09-01/2025-11-20,E:\LandSlide-Prediction\data\pre_event\native_tif\NEG00500.tif,E:\LandSlide-Prediction\data\pre_event\png_256\NEG00500.png,
NEG00501,0,success,S2B_MSIL2A_20251008T050559_R076_T44NNN_20251008T082000,19.039197,9.77,2025-10-08,2025-09-01/2025-11-20,E:\LandSlide-Prediction\data\pre_event\native_tif\NEG00501.tif,E:\LandSlide-Prediction\data\pre_event\png_256\NEG00501.png,
NEG00502,0,success,S2C_MSIL2A_20250728T045721_R119_T44NMP_20250728T095413,9.404943,1.56,2025-07-28,2025-06-01/2025-08-31,E:\LandSlide-Prediction\data\pre_event\native_tif\NEG00502.tif,E:\LandSlide-Prediction\data\pre_event\png_256\NEG00502.png,
NEG00503,0,success,S2C_MSIL2A_20251003T050621_R076_T44NMN_20251003T090812,8.674505,0.0,2025-10-03,2025-09-01/2025-11-20,E:\LandSlide-Prediction\data\pre_event\native_tif\NEG00503.tif,E:\LandSlide-Prediction\data\pre_event\png_256\NEG00503.png,
NEG00504,0,success,S2B_MSIL2A_20251031T045839_R119_T44NMN_20251031T072153,14.801013,0.0,2025-10-31,2025-09-01/2025-11-20,E:\LandSlide-Prediction\data\pre_event\native_tif\NEG00504.tif,E:\LandSlide-Prediction\data\pre_event\png_256\NEG00504.png,
NEG00505,0,success,S2C_MSIL2A_20251003T050621_R076_T44NMP_20251003T090812,2.112417,0.1,2025-10-03,2025-09-01/2025-11-20,E:\LandSlide-Prediction\data\pre_event\native_tif\NEG00505.tif,E:\LandSlide-Prediction\data\pre_event\png_256\NEG00505.png,
NEG00506,0,success,S2B_MSIL2A_20251031T045839_R119_T44NMN_20251031T072153,14.801013,0.0,2025-10-31,2025-09-01/2025-11-20,E:\LandSlide-Prediction\data\pre_event\native_tif\NEG00506.tif,E:\LandSlide-Prediction\data\pre_event\png_256\NEG00506.png,
NEG00507,0,success,S2C_MSIL2A_20251003T050621_R076_T44NNP_20251003T090812,13.947764,0.0,2025-10-03,2025-09-01/2025-11-20,E:\LandSlide-Prediction\data\pre_event\native_tif\NEG00507.tif,E:\LandSlide-Prediction\data\pre_event\png_256\NEG00507.png,
NEG00508,0,success,S2B_MSIL2A_20251031T045839_R119_T44NMN_20251031T072153,14.801013,3.81,2025-10-31,2025-09-01/2025-11-20,E:\LandSlide-Prediction\data\pre_event\native_tif\NEG00508.tif,E:\LandSlide-Prediction\data\pre_event\png_256\NEG00508.png,
NEG00509,0,success,S2C_MSIL2A_20251003T050621_R076_T44NMN_20251003T090812,8.674505,0.0,2025-10-03,2025-09-01/2025-11-20,E:\LandSlide-Prediction\data\pre_event\native_tif\NEG00509.tif,E:\LandSlide-Prediction\data\pre_event\png_256\NEG00509.png,
NEG00510,0,success,S2B_MSIL2A_20251031T045839_R119_T44NMP_20251031T072153,16.524501,3.12,2025-10-31,2025-09-01/2025-11-20,E:\LandSlide-Prediction\data\pre_event\native_tif\NEG00510.tif,E:\LandSlide-Prediction\data\pre_event\png_256\NEG00510.png,
NEG00511,0,success,S2B_MSIL2A_20251031T045839_R119_T44NMP_20251031T072153,16.524501,0.0,2025-10-31,2025-09-01/2025-11-20,E:\LandSlide-Prediction\data\pre_event\native_tif\NEG00511.tif,E:\LandSlide-Prediction\data\pre_event\png_256\NEG00511.png,
NEG00512,0,success,S2B_MSIL2A_20251031T045839_R119_T44NLN_20251031T072153,5.151897,1.95,2025-10-31,2025-09-01/2025-11-20,E:\LandSlide-Prediction\data\pre_event\native_tif\NEG00512.tif,E:\LandSlide-Prediction\data\pre_event\png_256\NEG00512.png,
NEG00513,0,success,S2B_MSIL2A_20251031T045839_R119_T44NMN_20251031T072153,14.801013,0.0,2025-10-31,2025-09-01/2025-11-20,E:\LandSlide-Prediction\data\pre_event\native_tif\NEG00513.tif,E:\LandSlide-Prediction\data\pre_event\png_256\NEG00513.png,
NEG00514,0,success,S2C_MSIL2A_20251003T050621_R076_T44NMN_20251003T090812,8.674505,0.0,2025-10-03,2025-09-01/2025-11-20,E:\LandSlide-Prediction\data\pre_event\native_tif\NEG00514.tif,E:\LandSlide-Prediction\data\pre_event\png_256\NEG00514.png,
NEG00515,0,success,S2C_MSIL2A_20251003T050621_R076_T44NMN_20251003T090812,8.674505,0.0,2025-10-03,2025-09-01/2025-11-20,E:\LandSlide-Prediction\data\pre_event\native_tif\NEG00515.tif,E:\LandSlide-Prediction\data\pre_event\png_256\NEG00515.png,
NEG00516,0,success,S2C_MSIL2A_20251003T050621_R076_T44NMN_20251003T090812,8.674505,0.0,2025-10-03,2025-09-01/2025-11-20,E:\LandSlide-Prediction\data\pre_event\native_tif\NEG00516.tif,E:\LandSlide-Prediction\data\pre_event\png_256\NEG00516.png,
NEG00517,0,success,S2B_MSIL2A_20251011T045659_R119_T44NMP_20251011T090705,62.988436,1.95,2025-10-11,2025-09-01/2025-11-20,E:\LandSlide-Prediction\data\pre_event\native_tif\NEG00517.tif,E:\LandSlide-Prediction\data\pre_event\png_256\NEG00517.png,
NEG00518,0,success,S2C_MSIL2A_20251013T050611_R076_T44NNN_20251013T090413,15.8978,12.3,2025-10-13,2025-09-01/2025-11-20,E:\LandSlide-Prediction\data\pre_event\native_tif\NEG00518.tif,E:\LandSlide-Prediction\data\pre_event\png_256\NEG00518.png,
NEG00519,0,success,S2C_MSIL2A_20251003T050621_R076_T44NMN_20251003T090812,8.674505,0.0,2025-10-03,2025-09-01/2025-11-20,E:\LandSlide-Prediction\data\pre_event\native_tif\NEG00519.tif,E:\LandSlide-Prediction\data\pre_event\png_256\NEG00519.png,
NEG00520,0,success,S2C_MSIL2A_20251003T050621_R076_T44NMP_20251003T090812,2.112417,0.0,2025-10-03,2025-09-01/2025-11-20,E:\LandSlide-Prediction\data\pre_event\native_tif\NEG00520.tif,E:\LandSlide-Prediction\data\pre_event\png_256\NEG00520.png,
NEG00521,0,success,S2C_MSIL2A_20251003T050621_R076_T44NMN_20251003T090812,8.674505,1.17,2025-10-03,2025-09-01/2025-11-20,E:\LandSlide-Prediction\data\pre_event\native_tif\NEG00521.tif,E:\LandSlide-Prediction\data\pre_event\png_256\NEG00521.png,
NEG00522,0,success,S2C_MSIL2A_20251003T050621_R076_T44NMP_20251003T090812,2.112417,0.0,2025-10-03,2025-09-01/2025-11-20,E:\LandSlide-Prediction\data\pre_event\native_tif\NEG00522.tif,E:\LandSlide-Prediction\data\pre_event\png_256\NEG00522.png,
NEG00523,0,success,S2C_MSIL2A_20250824T050621_R076_T44NMN_20250824T090512,25.028509,0.0,2025-08-24,2025-06-01/2025-08-31,E:\LandSlide-Prediction\data\pre_event\native_tif\NEG00523.tif,E:\LandSlide-Prediction\data\pre_event\png_256\NEG00523.png,
NEG00524,0,success,S2C_MSIL2A_20251003T050621_R076_T44NMN_20251003T090812,8.674505,0.0,2025-10-03,2025-09-01/2025-11-20,E:\LandSlide-Prediction\data\pre_event\native_tif\NEG00524.tif,E:\LandSlide-Prediction\data\pre_event\png_256\NEG00524.png,
NEG00525,0,success,S2B_MSIL2A_20251031T045839_R119_T44NMN_20251031T072153,14.801013,0.59,2025-10-31,2025-09-01/2025-11-20,E:\LandSlide-Prediction\data\pre_event\native_tif\NEG00525.tif,E:\LandSlide-Prediction\data\pre_event\png_256\NEG00525.png,
NEG00526,0,success,S2C_MSIL2A_20251003T050621_R076_T44NMN_20251003T090812,8.674505,0.0,2025-10-03,2025-09-01/2025-11-20,E:\LandSlide-Prediction\data\pre_event\native_tif\NEG00526.tif,E:\LandSlide-Prediction\data\pre_event\png_256\NEG00526.png,
NEG00527,0,success,S2B_MSIL2A_20251031T045839_R119_T44NMN_20251031T072153,14.801013,2.34,2025-10-31,2025-09-01/2025-11-20,E:\LandSlide-Prediction\data\pre_event\native_tif\NEG00527.tif,E:\LandSlide-Prediction\data\pre_event\png_256\NEG00527.png,
NEG00528,0,success,S2C_MSIL2A_20251003T050621_R076_T44NMN_20251003T090812,8.674505,0.0,2025-10-03,2025-09-01/2025-11-20,E:\LandSlide-Prediction\data\pre_event\native_tif\NEG00528.tif,E:\LandSlide-Prediction\data\pre_event\png_256\NEG00528.png,
NEG00529,0,success,S2C_MSIL2A_20251003T050621_R076_T44NMN_20251003T090812,8.674505,0.0,2025-10-03,2025-09-01/2025-11-20,E:\LandSlide-Prediction\data\pre_event\native_tif\NEG00529.tif,E:\LandSlide-Prediction\data\pre_event\png_256\NEG00529.png,
NEG00530,0,success,S2C_MSIL2A_20251003T050621_R076_T44NMN_20251003T090812,8.674505,0.0,2025-10-03,2025-09-01/2025-11-20,E:\LandSlide-Prediction\data\pre_event\native_tif\NEG00530.tif,E:\LandSlide-Prediction\data\pre_event\png_256\NEG00530.png,
NEG00531,0,success,S2C_MSIL2A_20251003T050621_R076_T44NMN_20251003T090812,8.674505,0.0,2025-10-03,2025-09-01/2025-11-20,E:\LandSlide-Prediction\data\pre_event\native_tif\NEG00531.tif,E:\LandSlide-Prediction\data\pre_event\png_256\NEG00531.png,
NEG00532,0,success,S2C_MSIL2A_20251003T050621_R076_T44NMP_20251003T090812,2.112417,0.0,2025-10-03,2025-09-01/2025-11-20,E:\LandSlide-Prediction\data\pre_event\native_tif\NEG00532.tif,E:\LandSlide-Prediction\data\pre_event\png_256\NEG00532.png,
NEG00533,0,success,S2C_MSIL2A_20251003T050621_R076_T44NMP_20251003T090812,2.112417,0.0,2025-10-03,2025-09-01/2025-11-20,E:\LandSlide-Prediction\data\pre_event\native_tif\NEG00533.tif,E:\LandSlide-Prediction\data\pre_event\png_256\NEG00533.png,
NEG00534,0,success,S2B_MSIL2A_20251031T045839_R119_T44NMP_20251031T072153,16.524501,3.61,2025-10-31,2025-09-01/2025-11-20,E:\LandSlide-Prediction\data\pre_event\native_tif\NEG00534.tif,E:\LandSlide-Prediction\data\pre_event\png_256\NEG00534.png,
NEG00535,0,success,S2C_MSIL2A_20251003T050621_R076_T44NMP_20251003T090812,2.112417,0.0,2025-10-03,2025-09-01/2025-11-20,E:\LandSlide-Prediction\data\pre_event\native_tif\NEG00535.tif,E:\LandSlide-Prediction\data\pre_event\png_256\NEG00535.png,
NEG00536,0,success,S2B_MSIL2A_20251031T045839_R119_T44NMP_20251031T072153,16.524501,0.0,2025-10-31,2025-09-01/2025-11-20,E:\LandSlide-Prediction\data\pre_event\native_tif\NEG00536.tif,E:\LandSlide-Prediction\data\pre_event\png_256\NEG00536.png,
NEG00537,0,success,S2C_MSIL2A_20251102T050611_R076_T44NNN_20251102T072910,25.828215,23.93,2025-11-02,2025-09-01/2025-11-20,E:\LandSlide-Prediction\data\pre_event\native_tif\NEG00537.tif,E:\LandSlide-Prediction\data\pre_event\png_256\NEG00537.png,
NEG00538,0,success,S2B_MSIL2A_20251031T045839_R119_T44NMP_20251031T072153,16.524501,0.0,2025-10-31,2025-09-01/2025-11-20,E:\LandSlide-Prediction\data\pre_event\native_tif\NEG00538.tif,E:\LandSlide-Prediction\data\pre_event\png_256\NEG00538.png,
NEG00539,0,success,S2C_MSIL2A_20251003T050621_R076_T44NMP_20251003T090812,2.112417,0.0,2025-10-03,2025-09-01/2025-11-20,E:\LandSlide-Prediction\data\pre_event\native_tif\NEG00539.tif,E:\LandSlide-Prediction\data\pre_event\png_256\NEG00539.png,
NEG00540,0,success,S2B_MSIL2A_20251120T050019_R119_T44NMP_20251120T072045,64.567739,0.0,2025-11-20,2025-09-01/2025-11-20,E:\LandSlide-Prediction\data\pre_event\native_tif\NEG00540.tif,E:\LandSlide-Prediction\data\pre_event\png_256\NEG00540.png,
NEG00541,0,success,S2C_MSIL2A_20251003T050621_R076_T44NMP_20251003T090812,2.112417,0.0,2025-10-03,2025-09-01/2025-11-20,E:\LandSlide-Prediction\data\pre_event\native_tif\NEG00541.tif,E:\LandSlide-Prediction\data\pre_event\png_256\NEG00541.png,
NEG00542,0,success,S2A_MSIL2A_20250908T050231_R119_T44NMP_20250908T080413,40.256369,20.75,2025-09-08,2025-09-01/2025-11-20,E:\LandSlide-Prediction\data\pre_event\native_tif\NEG00542.tif,E:\LandSlide-Prediction\data\pre_event\png_256\NEG00542.png,
NEG00543,0,success,S2B_MSIL2A_20251031T045839_R119_T44NMP_20251031T072153,16.524501,2.0,2025-10-31,2025-09-01/2025-11-20,E:\LandSlide-Prediction\data\pre_event\native_tif\NEG00543.tif,E:\LandSlide-Prediction\data\pre_event\png_256\NEG00543.png,
NEG00544,0,success,S2B_MSIL2A_20250908T050559_R076_T44NNN_20250908T070833,27.121845,12.08,2025-09-08,2025-09-01/2025-11-20,E:\LandSlide-Prediction\data\pre_event\native_tif\NEG00544.tif,E:\LandSlide-Prediction\data\pre_event\png_256\NEG00544.png,
NEG00545,0,success,S2B_MSIL2A_20250911T045659_R119_T44NMP_20250911T084431,52.030182,0.0,2025-09-11,2025-09-01/2025-11-20,E:\LandSlide-Prediction\data\pre_event\native_tif\NEG00545.tif,E:\LandSlide-Prediction\data\pre_event\png_256\NEG00545.png,
NEG00546,0,success,S2C_MSIL2A_20251003T050621_R076_T44NMN_20251003T090812,8.674505,0.0,2025-10-03,2025-09-01/2025-11-20,E:\LandSlide-Prediction\data\pre_event\native_tif\NEG00546.tif,E:\LandSlide-Prediction\data\pre_event\png_256\NEG00546.png,
NEG00547,0,success,S2B_MSIL2A_20251031T045839_R119_T44NMN_20251031T072153,14.801013,0.0,2025-10-31,2025-09-01/2025-11-20,E:\LandSlide-Prediction\data\pre_event\native_tif\NEG00547.tif,E:\LandSlide-Prediction\data\pre_event\png_256\NEG00547.png,
NEG00548,0,success,S2C_MSIL2A_20251003T050621_R076_T44NMP_20251003T090812,2.112417,0.0,2025-10-03,2025-09-01/2025-11-20,E:\LandSlide-Prediction\data\pre_event\native_tif\NEG00548.tif,E:\LandSlide-Prediction\data\pre_event\png_256\NEG00548.png,
NEG00549,0,success,S2B_MSIL2A_20251031T045839_R119_T44NMN_20251031T072153,14.801013,0.0,2025-10-31,2025-09-01/2025-11-20,E:\LandSlide-Prediction\data\pre_event\native_tif\NEG00549.tif,E:\LandSlide-Prediction\data\pre_event\png_256\NEG00549.png,
NEG00550,0,success,S2B_MSIL2A_20250822T045659_R119_T44NMP_20250822T072904,31.672388,3.03,2025-08-22,2025-06-01/2025-08-31,E:\LandSlide-Prediction\data\pre_event\native_tif\NEG00550.tif,E:\LandSlide-Prediction\data\pre_event\png_256\NEG00550.png,
NEG00551,0,success,S2B_MSIL2A_20251031T045839_R119_T44NMN_20251031T072153,14.801013,0.0,2025-10-31,2025-09-01/2025-11-20,E:\LandSlide-Prediction\data\pre_event\native_tif\NEG00551.tif,E:\LandSlide-Prediction\data\pre_event\png_256\NEG00551.png,
NEG00552,0,success,S2B_MSIL2A_20251031T045839_R119_T44NMN_20251031T072153,14.801013,0.0,2025-10-31,2025-09-01/2025-11-20,E:\LandSlide-Prediction\data\pre_event\native_tif\NEG00552.tif,E:\LandSlide-Prediction\data\pre_event\png_256\NEG00552.png,
NEG00553,0,success,S2B_MSIL2A_20251031T045839_R119_T44NMP_20251031T072153,16.524501,3.42,2025-10-31,2025-09-01/2025-11-20,E:\LandSlide-Prediction\data\pre_event\native_tif\NEG00553.tif,E:\LandSlide-Prediction\data\pre_event\png_256\NEG00553.png,
NEG00554,0,success,S2B_MSIL2A_20251031T045839_R119_T44NMN_20251031T072153,14.801013,0.0,2025-10-31,2025-09-01/2025-11-20,E:\LandSlide-Prediction\data\pre_event\native_tif\NEG00554.tif,E:\LandSlide-Prediction\data\pre_event\png_256\NEG00554.png,
NEG00555,0,success,S2C_MSIL2A_20251003T050621_R076_T44NMN_20251003T090812,8.674505,0.0,2025-10-03,2025-09-01/2025-11-20,E:\LandSlide-Prediction\data\pre_event\native_tif\NEG00555.tif,E:\LandSlide-Prediction\data\pre_event\png_256\NEG00555.png,
NEG00556,0,success,S2B_MSIL2A_20251031T045839_R119_T44NMP_20251031T072153,16.524501,3.52,2025-10-31,2025-09-01/2025-11-20,E:\LandSlide-Prediction\data\pre_event\native_tif\NEG00556.tif,E:\LandSlide-Prediction\data\pre_event\png_256\NEG00556.png,
NEG00557,0,success,S2B_MSIL2A_20251031T045839_R119_T44NMN_20251031T072153,14.801013,0.0,2025-10-31,2025-09-01/2025-11-20,E:\LandSlide-Prediction\data\pre_event\native_tif\NEG00557.tif,E:\LandSlide-Prediction\data\pre_event\png_256\NEG00557.png,
NEG00558,0,success,S2B_MSIL2A_20251031T045839_R119_T44NMP_20251031T072153,16.524501,0.0,2025-10-31,2025-09-01/2025-11-20,E:\LandSlide-Prediction\data\pre_event\native_tif\NEG00558.tif,E:\LandSlide-Prediction\data\pre_event\png_256\NEG00558.png,
NEG00559,0,success,S2C_MSIL2A_20251003T050621_R076_T44NMN_20251003T090812,8.674505,11.38,2025-10-03,2025-09-01/2025-11-20,E:\LandSlide-Prediction\data\pre_event\native_tif\NEG00559.tif,E:\LandSlide-Prediction\data\pre_event\png_256\NEG00559.png,
NEG00560,0,success,S2B_MSIL2A_20251031T045839_R119_T44NLN_20251031T072153,5.151897,0.0,2025-10-31,2025-09-01/2025-11-20,E:\LandSlide-Prediction\data\pre_event\native_tif\NEG00560.tif,E:\LandSlide-Prediction\data\pre_event\png_256\NEG00560.png,
NEG00561,0,success,S2A_MSIL2A_20250908T050231_R119_T44NMP_20250908T080413,40.256369,16.94,2025-09-08,2025-09-01/2025-11-20,E:\LandSlide-Prediction\data\pre_event\native_tif\NEG00561.tif,E:\LandSlide-Prediction\data\pre_event\png_256\NEG00561.png,
NEG00562,0,success,S2B_MSIL2A_20251031T045839_R119_T44NMP_20251031T072153,16.524501,1.17,2025-10-31,2025-09-01/2025-11-20,E:\LandSlide-Prediction\data\pre_event\native_tif\NEG00562.tif,E:\LandSlide-Prediction\data\pre_event\png_256\NEG00562.png,
NEG00563,0,success,S2C_MSIL2A_20251003T050621_R076_T44NMN_20251003T090812,8.674505,0.0,2025-10-03,2025-09-01/2025-11-20,E:\LandSlide-Prediction\data\pre_event\native_tif\NEG00563.tif,E:\LandSlide-Prediction\data\pre_event\png_256\NEG00563.png,
NEG00564,0,success,S2B_MSIL2A_20251120T050019_R119_T44NMP_20251120T072045,64.567739,6.3,2025-11-20,2025-09-01/2025-11-20,E:\LandSlide-Prediction\data\pre_event\native_tif\NEG00564.tif,E:\LandSlide-Prediction\data\pre_event\png_256\NEG00564.png,
NEG00565,0,success,S2C_MSIL2A_20251003T050621_R076_T44NNP_20251003T090812,13.947764,0.0,2025-10-03,2025-09-01/2025-11-20,E:\LandSlide-Prediction\data\pre_event\native_tif\NEG00565.tif,E:\LandSlide-Prediction\data\pre_event\png_256\NEG00565.png,
NEG00566,0,success,S2B_MSIL2A_20251031T045839_R119_T44NMN_20251031T072153,14.801013,0.2,2025-10-31,2025-09-01/2025-11-20,E:\LandSlide-Prediction\data\pre_event\native_tif\NEG00566.tif,E:\LandSlide-Prediction\data\pre_event\png_256\NEG00566.png,
NEG00567,0,success,S2B_MSIL2A_20251031T045839_R119_T44NMN_20251031T072153,14.801013,0.0,2025-10-31,2025-09-01/2025-11-20,E:\LandSlide-Prediction\data\pre_event\native_tif\NEG00567.tif,E:\LandSlide-Prediction\data\pre_event\png_256\NEG00567.png,
NEG00568,0,success,S2C_MSIL2A_20251003T050621_R076_T44NMP_20251003T090812,2.112417,0.0,2025-10-03,2025-09-01/2025-11-20,E:\LandSlide-Prediction\data\pre_event\native_tif\NEG00568.tif,E:\LandSlide-Prediction\data\pre_event\png_256\NEG00568.png,
NEG00569,0,success,S2B_MSIL2A_20251031T045839_R119_T44NMN_20251031T072153,14.801013,0.0,2025-10-31,2025-09-01/2025-11-20,E:\LandSlide-Prediction\data\pre_event\native_tif\NEG00569.tif,E:\LandSlide-Prediction\data\pre_event\png_256\NEG00569.png,
NEG00570,0,success,S2C_MSIL2A_20251003T050621_R076_T44NMP_20251003T090812,2.112417,0.0,2025-10-03,2025-09-01/2025-11-20,E:\LandSlide-Prediction\data\pre_event\native_tif\NEG00570.tif,E:\LandSlide-Prediction\data\pre_event\png_256\NEG00570.png,
NEG00571,0,success,S2C_MSIL2A_20251003T050621_R076_T44NMP_20251003T090812,2.112417,0.0,2025-10-03,2025-09-01/2025-11-20,E:\LandSlide-Prediction\data\pre_event\native_tif\NEG00571.tif,E:\LandSlide-Prediction\data\pre_event\png_256\NEG00571.png,
NEG00572,0,success,S2B_MSIL2A_20251031T045839_R119_T44NMN_20251031T072153,14.801013,0.0,2025-10-31,2025-09-01/2025-11-20,E:\LandSlide-Prediction\data\pre_event\native_tif\NEG00572.tif,E:\LandSlide-Prediction\data\pre_event\png_256\NEG00572.png,
NEG00573,0,success,S2C_MSIL2A_20251003T050621_R076_T44NMP_20251003T090812,2.112417,0.0,2025-10-03,2025-09-01/2025-11-20,E:\LandSlide-Prediction\data\pre_event\native_tif\NEG00573.tif,E:\LandSlide-Prediction\data\pre_event\png_256\NEG00573.png,
NEG00574,0,success,S2A_MSIL2A_20250908T050231_R119_T44NMP_20250908T080413,40.256369,24.02,2025-09-08,2025-09-01/2025-11-20,E:\LandSlide-Prediction\data\pre_event\native_tif\NEG00574.tif,E:\LandSlide-Prediction\data\pre_event\png_256\NEG00574.png,
NEG00575,0,success,S2C_MSIL2A_20251003T050621_R076_T44NMP_20251003T090812,2.112417,0.39,2025-10-03,2025-09-01/2025-11-20,E:\LandSlide-Prediction\data\pre_event\native_tif\NEG00575.tif,E:\LandSlide-Prediction\data\pre_event\png_256\NEG00575.png,
NEG00576,0,success,S2C_MSIL2A_20251003T050621_R076_T44NMP_20251003T090812,2.112417,0.0,2025-10-03,2025-09-01/2025-11-20,E:\LandSlide-Prediction\data\pre_event\native_tif\NEG00576.tif,E:\LandSlide-Prediction\data\pre_event\png_256\NEG00576.png,
NEG00577,0,success,S2B_MSIL2A_20251031T045839_R119_T44NMN_20251031T072153,14.801013,0.0,2025-10-31,2025-09-01/2025-11-20,E:\LandSlide-Prediction\data\pre_event\native_tif\NEG00577.tif,E:\LandSlide-Prediction\data\pre_event\png_256\NEG00577.png,
NEG00578,0,success,S2B_MSIL2A_20251031T045839_R119_T44NMP_20251031T072153,16.524501,0.0,2025-10-31,2025-09-01/2025-11-20,E:\LandSlide-Prediction\data\pre_event\native_tif\NEG00578.tif,E:\LandSlide-Prediction\data\pre_event\png_256\NEG00578.png,
NEG00579,0,success,S2B_MSIL2A_20251031T045839_R119_T44NMP_20251031T072153,16.524501,0.29,2025-10-31,2025-09-01/2025-11-20,E:\LandSlide-Prediction\data\pre_event\native_tif\NEG00579.tif,E:\LandSlide-Prediction\data\pre_event\png_256\NEG00579.png,
NEG00580,0,success,S2B_MSIL2A_20251031T045839_R119_T44NMP_20251031T072153,16.524501,3.61,2025-10-31,2025-09-01/2025-11-20,E:\LandSlide-Prediction\data\pre_event\native_tif\NEG00580.tif,E:\LandSlide-Prediction\data\pre_event\png_256\NEG00580.png,
NEG00581,0,success,S2B_MSIL2A_20251011T045659_R119_T44NMP_20251011T090705,62.988436,8.64,2025-10-11,2025-09-01/2025-11-20,E:\LandSlide-Prediction\data\pre_event\native_tif\NEG00581.tif,E:\LandSlide-Prediction\data\pre_event\png_256\NEG00581.png,
NEG00582,0,success,S2A_MSIL2A_20250908T050231_R119_T44NMP_20250908T080413,40.256369,2.49,2025-09-08,2025-09-01/2025-11-20,E:\LandSlide-Prediction\data\pre_event\native_tif\NEG00582.tif,E:\LandSlide-Prediction\data\pre_event\png_256\NEG00582.png,
NEG00583,0,success,S2B_MSIL2A_20251008T050559_R076_T44NNN_20251008T082000,19.039197,0.0,2025-10-08,2025-09-01/2025-11-20,E:\LandSlide-Prediction\data\pre_event\native_tif\NEG00583.tif,E:\LandSlide-Prediction\data\pre_event\png_256\NEG00583.png,
NEG00584,0,success,S2B_MSIL2A_20251031T045839_R119_T44NMN_20251031T072153,14.801013,0.2,2025-10-31,2025-09-01/2025-11-20,E:\LandSlide-Prediction\data\pre_event\native_tif\NEG00584.tif,E:\LandSlide-Prediction\data\pre_event\png_256\NEG00584.png,
NEG00585,0,success,S2B_MSIL2A_20251031T045839_R119_T44NMN_20251031T072153,14.801013,0.0,2025-10-31,2025-09-01/2025-11-20,E:\LandSlide-Prediction\data\pre_event\native_tif\NEG00585.tif,E:\LandSlide-Prediction\data\pre_event\png_256\NEG00585.png,
NEG00586,0,success,S2C_MSIL2A_20251003T050621_R076_T44NMN_20251003T090812,8.674505,0.0,2025-10-03,2025-09-01/2025-11-20,E:\LandSlide-Prediction\data\pre_event\native_tif\NEG00586.tif,E:\LandSlide-Prediction\data\pre_event\png_256\NEG00586.png,
NEG00587,0,success,S2B_MSIL2A_20251031T045839_R119_T44NMP_20251031T072153,16.524501,0.59,2025-10-31,2025-09-01/2025-11-20,E:\LandSlide-Prediction\data\pre_event\native_tif\NEG00587.tif,E:\LandSlide-Prediction\data\pre_event\png_256\NEG00587.png,
NEG00588,0,success,S2C_MSIL2A_20251003T050621_R076_T44NMN_20251003T090812,8.674505,0.0,2025-10-03,2025-09-01/2025-11-20,E:\LandSlide-Prediction\data\pre_event\native_tif\NEG00588.tif,E:\LandSlide-Prediction\data\pre_event\png_256\NEG00588.png,
NEG00589,0,success,S2B_MSIL2A_20251031T045839_R119_T44NMP_20251031T072153,16.524501,0.1,2025-10-31,2025-09-01/2025-11-20,E:\LandSlide-Prediction\data\pre_event\native_tif\NEG00589.tif,E:\LandSlide-Prediction\data\pre_event\png_256\NEG00589.png,
NEG00590,0,success,S2C_MSIL2A_20251003T050621_R076_T44NMP_20251003T090812,2.112417,0.0,2025-10-03,2025-09-01/2025-11-20,E:\LandSlide-Prediction\data\pre_event\native_tif\NEG00590.tif,E:\LandSlide-Prediction\data\pre_event\png_256\NEG00590.png,
NEG00591,0,success,S2C_MSIL2A_20251006T045711_R119_T44NMP_20251006T093213,47.28899,24.85,2025-10-06,2025-09-01/2025-11-20,E:\LandSlide-Prediction\data\pre_event\native_tif\NEG00591.tif,E:\LandSlide-Prediction\data\pre_event\png_256\NEG00591.png,
NEG00592,0,success,S2B_MSIL2A_20251031T045839_R119_T44NMP_20251031T072153,16.524501,0.49,2025-10-31,2025-09-01/2025-11-20,E:\LandSlide-Prediction\data\pre_event\native_tif\NEG00592.tif,E:\LandSlide-Prediction\data\pre_event\png_256\NEG00592.png,
NEG00593,0,success,S2B_MSIL2A_20251110T045929_R119_T44NMN_20251110T083118,59.061468,10.94,2025-11-10,2025-09-01/2025-11-20,E:\LandSlide-Prediction\data\pre_event\native_tif\NEG00593.tif,E:\LandSlide-Prediction\data\pre_event\png_256\NEG00593.png,
NEG00594,0,success,S2B_MSIL2A_20251031T045839_R119_T44NMN_20251031T072153,14.801013,0.0,2025-10-31,2025-09-01/2025-11-20,E:\LandSlide-Prediction\data\pre_event\native_tif\NEG00594.tif,E:\LandSlide-Prediction\data\pre_event\png_256\NEG00594.png,
NEG00595,0,success,S2B_MSIL2A_20251031T045839_R119_T44NMP_20251031T072153,16.524501,0.0,2025-10-31,2025-09-01/2025-11-20,E:\LandSlide-Prediction\data\pre_event\native_tif\NEG00595.tif,E:\LandSlide-Prediction\data\pre_event\png_256\NEG00595.png,
NEG00596,0,success,S2B_MSIL2A_20251031T045839_R119_T44NLN_20251031T072153,5.151897,5.66,2025-10-31,2025-09-01/2025-11-20,E:\LandSlide-Prediction\data\pre_event\native_tif\NEG00596.tif,E:\LandSlide-Prediction\data\pre_event\png_256\NEG00596.png,
NEG00597,0,success,S2B_MSIL2A_20251031T045839_R119_T44NMN_20251031T072153,14.801013,0.0,2025-10-31,2025-09-01/2025-11-20,E:\LandSlide-Prediction\data\pre_event\native_tif\NEG00597.tif,E:\LandSlide-Prediction\data\pre_event\png_256\NEG00597.png,
NEG00598,0,success,S2B_MSIL2A_20251031T045839_R119_T44NMN_20251031T072153,14.801013,0.0,2025-10-31,2025-09-01/2025-11-20,E:\LandSlide-Prediction\data\pre_event\native_tif\NEG00598.tif,E:\LandSlide-Prediction\data\pre_event\png_256\NEG00598.png,
NEG00599,0,success,S2B_MSIL2A_20251031T045839_R119_T44NLN_20251031T072153,5.151897,0.0,2025-10-31,2025-09-01/2025-11-20,E:\LandSlide-Prediction\data\pre_event\native_tif\NEG00599.tif,E:\LandSlide-Prediction\data\pre_event\png_256\NEG00599.png,
NEG00600,0,success,S2C_MSIL2A_20251003T050621_R076_T44NMN_20251003T090812,8.674505,0.0,2025-10-03,2025-09-01/2025-11-20,E:\LandSlide-Prediction\data\pre_event\native_tif\NEG00600.tif,E:\LandSlide-Prediction\data\pre_event\png_256\NEG00600.png,
NEG00602,0,success,S2C_MSIL2A_20250728T045721_R119_T44NMP_20250728T095413,9.404943,0.0,2025-07-28,2025-06-01/2025-08-31,E:\LandSlide-Prediction\data\pre_event\native_tif\NEG00602.tif,E:\LandSlide-Prediction\data\pre_event\png_256\NEG00602.png,
NEG00603,0,success,S2C_MSIL2A_20251003T050621_R076_T44NNN_20251003T090812,23.541953,0.0,2025-10-03,2025-09-01/2025-11-20,E:\LandSlide-Prediction\data\pre_event\native_tif\NEG00603.tif,E:\LandSlide-Prediction\data\pre_event\png_256\NEG00603.png,
NEG00604,0,success,S2B_MSIL2A_20251031T045839_R119_T44NLN_20251031T072153,5.151897,0.0,2025-10-31,2025-09-01/2025-11-20,E:\LandSlide-Prediction\data\pre_event\native_tif\NEG00604.tif,E:\LandSlide-Prediction\data\pre_event\png_256\NEG00604.png,
NEG00605,0,success,S2B_MSIL2A_20251031T045839_R119_T44NMN_20251031T072153,14.801013,0.1,2025-10-31,2025-09-01/2025-11-20,E:\LandSlide-Prediction\data\pre_event\native_tif\NEG00605.tif,E:\LandSlide-Prediction\data\pre_event\png_256\NEG00605.png,
NEG00606,0,success,S2C_MSIL2A_20251003T050621_R076_T44NMP_20251003T090812,2.112417,0.0,2025-10-03,2025-09-01/2025-11-20,E:\LandSlide-Prediction\data\pre_event\native_tif\NEG00606.tif,E:\LandSlide-Prediction\data\pre_event\png_256\NEG00606.png,
NEG00607,0,success,S2C_MSIL2A_20251003T050621_R076_T44NMP_20251003T090812,2.112417,2.59,2025-10-03,2025-09-01/2025-11-20,E:\LandSlide-Prediction\data\pre_event\native_tif\NEG00607.tif,E:\LandSlide-Prediction\data\pre_event\png_256\NEG00607.png,
NEG00608,0,success,S2B_MSIL2A_20251031T045839_R119_T44NMN_20251031T072153,14.801013,0.0,2025-10-31,2025-09-01/2025-11-20,E:\LandSlide-Prediction\data\pre_event\native_tif\NEG00608.tif,E:\LandSlide-Prediction\data\pre_event\png_256\NEG00608.png,
NEG00609,0,success,S2C_MSIL2A_20251003T050621_R076_T44NMP_20251003T090812,2.112417,0.0,2025-10-03,2025-09-01/2025-11-20,E:\LandSlide-Prediction\data\pre_event\native_tif\NEG00609.tif,E:\LandSlide-Prediction\data\pre_event\png_256\NEG00609.png,
NEG00610,0,success,S2C_MSIL2A_20251006T045711_R119_T44NMP_20251006T093213,47.28899,9.28,2025-10-06,2025-09-01/2025-11-20,E:\LandSlide-Prediction\data\pre_event\native_tif\NEG00610.tif,E:\LandSlide-Prediction\data\pre_event\png_256\NEG00610.png,
NEG00611,0,success,S2B_MSIL2A_20251031T045839_R119_T44NMP_20251031T072153,16.524501,0.0,2025-10-31,2025-09-01/2025-11-20,E:\LandSlide-Prediction\data\pre_event\native_tif\NEG00611.tif,E:\LandSlide-Prediction\data\pre_event\png_256\NEG00611.png,
NEG00612,0,success,S2C_MSIL2A_20251006T045711_R119_T44NMP_20251006T093213,47.28899,0.0,2025-10-06,2025-09-01/2025-11-20,E:\LandSlide-Prediction\data\pre_event\native_tif\NEG00612.tif,E:\LandSlide-Prediction\data\pre_event\png_256\NEG00612.png,
NEG00613,0,success,S2B_MSIL2A_20251031T045839_R119_T44NMP_20251031T072153,16.524501,2.73,2025-10-31,2025-09-01/2025-11-20,E:\LandSlide-Prediction\data\pre_event\native_tif\NEG00613.tif,E:\LandSlide-Prediction\data\pre_event\png_256\NEG00613.png,
NEG00614,0,success,S2B_MSIL2A_20250911T045659_R119_T44NMP_20250911T084431,52.030182,0.0,2025-09-11,2025-09-01/2025-11-20,E:\LandSlide-Prediction\data\pre_event\native_tif\NEG00614.tif,E:\LandSlide-Prediction\data\pre_event\png_256\NEG00614.png,
NEG00615,0,success,S2C_MSIL2A_20251003T050621_R076_T44NMP_20251003T090812,2.112417,0.0,2025-10-03,2025-09-01/2025-11-20,E:\LandSlide-Prediction\data\pre_event\native_tif\NEG00615.tif,E:\LandSlide-Prediction\data\pre_event\png_256\NEG00615.png,
NEG00616,0,success,S2A_MSIL2A_20250905T050621_R076_T44NMN_20250905T063012,36.164254,0.0,2025-09-05,2025-09-01/2025-11-20,E:\LandSlide-Prediction\data\pre_event\native_tif\NEG00616.tif,E:\LandSlide-Prediction\data\pre_event\png_256\NEG00616.png,
NEG00617,0,success,S2B_MSIL2A_20251031T045839_R119_T44NMN_20251031T072153,14.801013,2.64,2025-10-31,2025-09-01/2025-11-20,E:\LandSlide-Prediction\data\pre_event\native_tif\NEG00617.tif,E:\LandSlide-Prediction\data\pre_event\png_256\NEG00617.png,
NEG00618,0,success,S2B_MSIL2A_20251031T045839_R119_T44NLN_20251031T072153,5.151897,0.0,2025-10-31,2025-09-01/2025-11-20,E:\LandSlide-Prediction\data\pre_event\native_tif\NEG00618.tif,E:\LandSlide-Prediction\data\pre_event\png_256\NEG00618.png,
NEG00619,0,success,S2C_MSIL2A_20250913T050621_R076_T44NNN_20250913T092114,28.331435,0.0,2025-09-13,2025-09-01/2025-11-20,E:\LandSlide-Prediction\data\pre_event\native_tif\NEG00619.tif,E:\LandSlide-Prediction\data\pre_event\png_256\NEG00619.png,
NEG00620,0,success,S2C_MSIL2A_20251003T050621_R076_T44NMN_20251003T090812,8.674505,1.27,2025-10-03,2025-09-01/2025-11-20,E:\LandSlide-Prediction\data\pre_event\native_tif\NEG00620.tif,E:\LandSlide-Prediction\data\pre_event\png_256\NEG00620.png,
NEG00621,0,success,S2B_MSIL2A_20251031T045839_R119_T44NMP_20251031T072153,16.524501,13.18,2025-10-31,2025-09-01/2025-11-20,E:\LandSlide-Prediction\data\pre_event\native_tif\NEG00621.tif,E:\LandSlide-Prediction\data\pre_event\png_256\NEG00621.png,
NEG00622,0,success,S2B_MSIL2A_20251031T045839_R119_T44NMN_20251031T072153,14.801013,0.1,2025-10-31,2025-09-01/2025-11-20,E:\LandSlide-Prediction\data\pre_event\native_tif\NEG00622.tif,E:\LandSlide-Prediction\data\pre_event\png_256\NEG00622.png,
NEG00623,0,success,S2B_MSIL2A_20251031T045839_R119_T44NMP_20251031T072153,16.524501,0.22,2025-10-31,2025-09-01/2025-11-20,E:\LandSlide-Prediction\data\pre_event\native_tif\NEG00623.tif,E:\LandSlide-Prediction\data\pre_event\png_256\NEG00623.png,
NEG00624,0,success,S2B_MSIL2A_20251031T045839_R119_T44NMP_20251031T072153,16.524501,4.88,2025-10-31,2025-09-01/2025-11-20,E:\LandSlide-Prediction\data\pre_event\native_tif\NEG00624.tif,E:\LandSlide-Prediction\data\pre_event\png_256\NEG00624.png,
NEG00625,0,success,S2B_MSIL2A_20251031T045839_R119_T44NMN_20251031T072153,14.801013,0.0,2025-10-31,2025-09-01/2025-11-20,E:\LandSlide-Prediction\data\pre_event\native_tif\NEG00625.tif,E:\LandSlide-Prediction\data\pre_event\png_256\NEG00625.png,
NEG00626,0,success,S2C_MSIL2A_20251013T050611_R076_T44NNN_20251013T090413,15.8978,12.6,2025-10-13,2025-09-01/2025-11-20,E:\LandSlide-Prediction\data\pre_event\native_tif\NEG00626.tif,E:\LandSlide-Prediction\data\pre_event\png_256\NEG00626.png,
NEG00627,0,success,S2C_MSIL2A_20251003T050621_R076_T44NMN_20251003T090812,8.674505,0.0,2025-10-03,2025-09-01/2025-11-20,E:\LandSlide-Prediction\data\pre_event\native_tif\NEG00627.tif,E:\LandSlide-Prediction\data\pre_event\png_256\NEG00627.png,
NEG00628,0,success,S2B_MSIL2A_20251031T045839_R119_T44NMP_20251031T072153,16.524501,4.05,2025-10-31,2025-09-01/2025-11-20,E:\LandSlide-Prediction\data\pre_event\native_tif\NEG00628.tif,E:\LandSlide-Prediction\data\pre_event\png_256\NEG00628.png,
NEG00629,0,success,S2B_MSIL2A_20251031T045839_R119_T44NLN_20251031T072153,5.151897,0.0,2025-10-31,2025-09-01/2025-11-20,E:\LandSlide-Prediction\data\pre_event\native_tif\NEG00629.tif,E:\LandSlide-Prediction\data\pre_event\png_256\NEG00629.png,
NEG00630,0,success,S2B_MSIL2A_20251031T045839_R119_T44NMN_20251031T072153,14.801013,0.0,2025-10-31,2025-09-01/2025-11-20,E:\LandSlide-Prediction\data\pre_event\native_tif\NEG00630.tif,E:\LandSlide-Prediction\data\pre_event\png_256\NEG00630.png,
NEG00631,0,success,S2C_MSIL2A_20251003T050621_R076_T44NMN_20251003T090812,8.674505,0.0,2025-10-03,2025-09-01/2025-11-20,E:\LandSlide-Prediction\data\pre_event\native_tif\NEG00631.tif,E:\LandSlide-Prediction\data\pre_event\png_256\NEG00631.png,
NEG00632,0,success,S2B_MSIL2A_20251031T045839_R119_T44NMP_20251031T072153,16.524501,3.96,2025-10-31,2025-09-01/2025-11-20,E:\LandSlide-Prediction\data\pre_event\native_tif\NEG00632.tif,E:\LandSlide-Prediction\data\pre_event\png_256\NEG00632.png,
NEG00633,0,success,S2C_MSIL2A_20250913T050621_R076_T44NNN_20250913T092114,28.331435,0.1,2025-09-13,2025-09-01/2025-11-20,E:\LandSlide-Prediction\data\pre_event\native_tif\NEG00633.tif,E:\LandSlide-Prediction\data\pre_event\png_256\NEG00633.png,
NEG00634,0,success,S2A_MSIL2A_20250908T050231_R119_T44NMP_20250908T080413,40.256369,0.0,2025-09-08,2025-09-01/2025-11-20,E:\LandSlide-Prediction\data\pre_event\native_tif\NEG00634.tif,E:\LandSlide-Prediction\data\pre_event\png_256\NEG00634.png,
NEG00635,0,success,S2B_MSIL2A_20251031T045839_R119_T44PMQ_20251031T072153,2.075697,0.68,2025-10-31,2025-09-01/2025-11-20,E:\LandSlide-Prediction\data\pre_event\native_tif\NEG00635.tif,E:\LandSlide-Prediction\data\pre_event\png_256\NEG00635.png,
NEG00636,0,success,S2C_MSIL2A_20250913T050621_R076_T44NNN_20250913T092114,28.331435,0.0,2025-09-13,2025-09-01/2025-11-20,E:\LandSlide-Prediction\data\pre_event\native_tif\NEG00636.tif,E:\LandSlide-Prediction\data\pre_event\png_256\NEG00636.png,
NEG00637,0,success,S2C_MSIL2A_20251003T050621_R076_T44NMP_20251003T090812,2.112417,0.0,2025-10-03,2025-09-01/2025-11-20,E:\LandSlide-Prediction\data\pre_event\native_tif\NEG00637.tif,E:\LandSlide-Prediction\data\pre_event\png_256\NEG00637.png,
NEG00638,0,success,S2C_MSIL2A_20251003T050621_R076_T44NMN_20251003T090812,8.674505,0.0,2025-10-03,2025-09-01/2025-11-20,E:\LandSlide-Prediction\data\pre_event\native_tif\NEG00638.tif,E:\LandSlide-Prediction\data\pre_event\png_256\NEG00638.png,
NEG00639,0,success,S2C_MSIL2A_20251003T050621_R076_T44NMP_20251003T090812,2.112417,0.0,2025-10-03,2025-09-01/2025-11-20,E:\LandSlide-Prediction\data\pre_event\native_tif\NEG00639.tif,E:\LandSlide-Prediction\data\pre_event\png_256\NEG00639.png,
NEG00640,0,success,S2C_MSIL2A_20251003T050621_R076_T44NMN_20251003T090812,8.674505,0.0,2025-10-03,2025-09-01/2025-11-20,E:\LandSlide-Prediction\data\pre_event\native_tif\NEG00640.tif,E:\LandSlide-Prediction\data\pre_event\png_256\NEG00640.png,
NEG00641,0,success,S2C_MSIL2A_20251003T050621_R076_T44NMN_20251003T090812,8.674505,0.39,2025-10-03,2025-09-01/2025-11-20,E:\LandSlide-Prediction\data\pre_event\native_tif\NEG00641.tif,E:\LandSlide-Prediction\data\pre_event\png_256\NEG00641.png,
NEG00642,0,success,S2C_MSIL2A_20251003T050621_R076_T44NMP_20251003T090812,2.112417,4.98,2025-10-03,2025-09-01/2025-11-20,E:\LandSlide-Prediction\data\pre_event\native_tif\NEG00642.tif,E:\LandSlide-Prediction\data\pre_event\png_256\NEG00642.png,
NEG00643,0,success,S2C_MSIL2A_20251003T050621_R076_T44NMP_20251003T090812,2.112417,0.0,2025-10-03,2025-09-01/2025-11-20,E:\LandSlide-Prediction\data\pre_event\native_tif\NEG00643.tif,E:\LandSlide-Prediction\data\pre_event\png_256\NEG00643.png,
NEG00644,0,success,S2B_MSIL2A_20251031T045839_R119_T44NMN_20251031T072153,14.801013,12.3,2025-10-31,2025-09-01/2025-11-20,E:\LandSlide-Prediction\data\pre_event\native_tif\NEG00644.tif,E:\LandSlide-Prediction\data\pre_event\png_256\NEG00644.png,
NEG00645,0,success,S2B_MSIL2A_20251031T045839_R119_T44NMP_20251031T072153,16.524501,0.0,2025-10-31,2025-09-01/2025-11-20,E:\LandSlide-Prediction\data\pre_event\native_tif\NEG00645.tif,E:\LandSlide-Prediction\data\pre_event\png_256\NEG00645.png,
NEG00646,0,success,S2A_MSIL2A_20250908T050231_R119_T44NMP_20250908T080413,40.256369,4.0,2025-09-08,2025-09-01/2025-11-20,E:\LandSlide-Prediction\data\pre_event\native_tif\NEG00646.tif,E:\LandSlide-Prediction\data\pre_event\png_256\NEG00646.png,
NEG00647,0,success,S2A_MSIL2A_20250905T050621_R076_T44NMN_20250905T063012,36.164254,0.0,2025-09-05,2025-09-01/2025-11-20,E:\LandSlide-Prediction\data\pre_event\native_tif\NEG00647.tif,E:\LandSlide-Prediction\data\pre_event\png_256\NEG00647.png,
NEG00648,0,success,S2C_MSIL2A_20250913T050621_R076_T44NNN_20250913T092114,28.331435,0.0,2025-09-13,2025-09-01/2025-11-20,E:\LandSlide-Prediction\data\pre_event\native_tif\NEG00648.tif,E:\LandSlide-Prediction\data\pre_event\png_256\NEG00648.png,
NEG00649,0,success,S2B_MSIL2A_20251031T045839_R119_T44NMN_20251031T072153,14.801013,0.0,2025-10-31,2025-09-01/2025-11-20,E:\LandSlide-Prediction\data\pre_event\native_tif\NEG00649.tif,E:\LandSlide-Prediction\data\pre_event\png_256\NEG00649.png,
NEG00650,0,success,S2B_MSIL2A_20250908T050559_R076_T44NNN_20250908T070833,27.121845,20.75,2025-09-08,2025-09-01/2025-11-20,E:\LandSlide-Prediction\data\pre_event\native_tif\NEG00650.tif,E:\LandSlide-Prediction\data\pre_event\png_256\NEG00650.png,
NEG00651,0,success,S2B_MSIL2A_20251031T045839_R119_T44NMN_20251031T072153,14.801013,16.11,2025-10-31,2025-09-01/2025-11-20,E:\LandSlide-Prediction\data\pre_event\native_tif\NEG00651.tif,E:\LandSlide-Prediction\data\pre_event\png_256\NEG00651.png,
NEG00652,0,success,S2C_MSIL2A_20251003T050621_R076_T44NMP_20251003T090812,2.112417,0.0,2025-10-03,2025-09-01/2025-11-20,E:\LandSlide-Prediction\data\pre_event\native_tif\NEG00652.tif,E:\LandSlide-Prediction\data\pre_event\png_256\NEG00652.png,
NEG00653,0,success,S2C_MSIL2A_20251013T050611_R076_T44NNN_20251013T090413,15.8978,16.72,2025-10-13,2025-09-01/2025-11-20,E:\LandSlide-Prediction\data\pre_event\native_tif\NEG00653.tif,E:\LandSlide-Prediction\data\pre_event\png_256\NEG00653.png,
NEG00654,0,success,S2C_MSIL2A_20251006T045711_R119_T44NMN_20251006T093213,48.839059,0.0,2025-10-06,2025-09-01/2025-11-20,E:\LandSlide-Prediction\data\pre_event\native_tif\NEG00654.tif,E:\LandSlide-Prediction\data\pre_event\png_256\NEG00654.png,
NEG00655,0,success,S2B_MSIL2A_20250908T050559_R076_T44NNN_20250908T070833,27.121845,4.42,2025-09-08,2025-09-01/2025-11-20,E:\LandSlide-Prediction\data\pre_event\native_tif\NEG00655.tif,E:\LandSlide-Prediction\data\pre_event\png_256\NEG00655.png,
NEG00656,0,success,S2A_MSIL2A_20250908T050231_R119_T44NMP_20250908T080413,40.256369,0.0,2025-09-08,2025-09-01/2025-11-20,E:\LandSlide-Prediction\data\pre_event\native_tif\NEG00656.tif,E:\LandSlide-Prediction\data\pre_event\png_256\NEG00656.png,
NEG00657,0,success,S2A_MSIL2A_20250730T050241_R119_T44NMP_20250730T081115,10.341509,0.0,2025-07-30,2025-06-01/2025-08-31,E:\LandSlide-Prediction\data\pre_event\native_tif\NEG00657.tif,E:\LandSlide-Prediction\data\pre_event\png_256\NEG00657.png,
NEG00658,0,success,S2C_MSIL2A_20251003T050621_R076_T44NMP_20251003T090812,2.112417,0.0,2025-10-03,2025-09-01/2025-11-20,E:\LandSlide-Prediction\data\pre_event\native_tif\NEG00658.tif,E:\LandSlide-Prediction\data\pre_event\png_256\NEG00658.png,
NEG00659,0,success,S2C_MSIL2A_20251003T050621_R076_T44NMP_20251003T090812,2.112417,5.13,2025-10-03,2025-09-01/2025-11-20,E:\LandSlide-Prediction\data\pre_event\native_tif\NEG00659.tif,E:\LandSlide-Prediction\data\pre_event\png_256\NEG00659.png,
NEG00660,0,success,S2C_MSIL2A_20251003T050621_R076_T44NMP_20251003T090812,2.112417,0.0,2025-10-03,2025-09-01/2025-11-20,E:\LandSlide-Prediction\data\pre_event\native_tif\NEG00660.tif,E:\LandSlide-Prediction\data\pre_event\png_256\NEG00660.png,
NEG00661,0,success,S2B_MSIL2A_20251031T045839_R119_T44NMN_20251031T072153,14.801013,0.0,2025-10-31,2025-09-01/2025-11-20,E:\LandSlide-Prediction\data\pre_event\native_tif\NEG00661.tif,E:\LandSlide-Prediction\data\pre_event\png_256\NEG00661.png,
NEG00662,0,success,S2C_MSIL2A_20251003T050621_R076_T44NMN_20251003T090812,8.674505,0.0,2025-10-03,2025-09-01/2025-11-20,E:\LandSlide-Prediction\data\pre_event\native_tif\NEG00662.tif,E:\LandSlide-Prediction\data\pre_event\png_256\NEG00662.png,
NEG00663,0,success,S2C_MSIL2A_20251003T050621_R076_T44NMN_20251003T090812,8.674505,0.0,2025-10-03,2025-09-01/2025-11-20,E:\LandSlide-Prediction\data\pre_event\native_tif\NEG00663.tif,E:\LandSlide-Prediction\data\pre_event\png_256\NEG00663.png,
NEG00664,0,success,S2B_MSIL2A_20251031T045839_R119_T44NMN_20251031T072153,14.801013,0.0,2025-10-31,2025-09-01/2025-11-20,E:\LandSlide-Prediction\data\pre_event\native_tif\NEG00664.tif,E:\LandSlide-Prediction\data\pre_event\png_256\NEG00664.png,
NEG00665,0,success,S2B_MSIL2A_20251031T045839_R119_T44NLN_20251031T072153,5.151897,3.32,2025-10-31,2025-09-01/2025-11-20,E:\LandSlide-Prediction\data\pre_event\native_tif\NEG00665.tif,E:\LandSlide-Prediction\data\pre_event\png_256\NEG00665.png,
NEG00666,0,success,S2B_MSIL2A_20251031T045839_R119_T44NMN_20251031T072153,14.801013,0.0,2025-10-31,2025-09-01/2025-11-20,E:\LandSlide-Prediction\data\pre_event\native_tif\NEG00666.tif,E:\LandSlide-Prediction\data\pre_event\png_256\NEG00666.png,
NEG00667,0,success,S2C_MSIL2A_20251003T050621_R076_T44NMP_20251003T090812,2.112417,0.0,2025-10-03,2025-09-01/2025-11-20,E:\LandSlide-Prediction\data\pre_event\native_tif\NEG00667.tif,E:\LandSlide-Prediction\data\pre_event\png_256\NEG00667.png,
NEG00668,0,success,S2B_MSIL2A_20251031T045839_R119_T44NMN_20251031T072153,14.801013,0.0,2025-10-31,2025-09-01/2025-11-20,E:\LandSlide-Prediction\data\pre_event\native_tif\NEG00668.tif,E:\LandSlide-Prediction\data\pre_event\png_256\NEG00668.png,
NEG00669,0,success,S2B_MSIL2A_20251031T045839_R119_T44NMP_20251031T072153,16.524501,8.59,2025-10-31,2025-09-01/2025-11-20,E:\LandSlide-Prediction\data\pre_event\native_tif\NEG00669.tif,E:\LandSlide-Prediction\data\pre_event\png_256\NEG00669.png,
NEG00670,0,success,S2C_MSIL2A_20251003T050621_R076_T44NMP_20251003T090812,2.112417,0.0,2025-10-03,2025-09-01/2025-11-20,E:\LandSlide-Prediction\data\pre_event\native_tif\NEG00670.tif,E:\LandSlide-Prediction\data\pre_event\png_256\NEG00670.png,
NEG00671,0,success,S2C_MSIL2A_20250728T045721_R119_T44NMP_20250728T095413,9.404943,0.0,2025-07-28,2025-06-01/2025-08-31,E:\LandSlide-Prediction\data\pre_event\native_tif\NEG00671.tif,E:\LandSlide-Prediction\data\pre_event\png_256\NEG00671.png,
NEG00672,0,success,S2B_MSIL2A_20251031T045839_R119_T44NMN_20251031T072153,14.801013,0.0,2025-10-31,2025-09-01/2025-11-20,E:\LandSlide-Prediction\data\pre_event\native_tif\NEG00672.tif,E:\LandSlide-Prediction\data\pre_event\png_256\NEG00672.png,
NEG00673,0,success,S2C_MSIL2A_20251003T050621_R076_T44NMN_20251003T090812,8.674505,0.0,2025-10-03,2025-09-01/2025-11-20,E:\LandSlide-Prediction\data\pre_event\native_tif\NEG00673.tif,E:\LandSlide-Prediction\data\pre_event\png_256\NEG00673.png,
NEG00674,0,success,S2A_MSIL2A_20250908T050231_R119_T44NMP_20250908T080413,40.256369,6.54,2025-09-08,2025-09-01/2025-11-20,E:\LandSlide-Prediction\data\pre_event\native_tif\NEG00674.tif,E:\LandSlide-Prediction\data\pre_event\png_256\NEG00674.png,
NEG00675,0,success,S2B_MSIL2A_20251031T045839_R119_T44NMN_20251031T072153,14.801013,0.0,2025-10-31,2025-09-01/2025-11-20,E:\LandSlide-Prediction\data\pre_event\native_tif\NEG00675.tif,E:\LandSlide-Prediction\data\pre_event\png_256\NEG00675.png,
NEG00676,0,success,S2B_MSIL2A_20250908T050559_R076_T44NMN_20250908T070833,32.934213,17.58,2025-09-08,2025-09-01/2025-11-20,E:\LandSlide-Prediction\data\pre_event\native_tif\NEG00676.tif,E:\LandSlide-Prediction\data\pre_event\png_256\NEG00676.png,
NEG00677,0,success,S2B_MSIL2A_20251031T045839_R119_T44NMP_20251031T072153,16.524501,0.39,2025-10-31,2025-09-01/2025-11-20,E:\LandSlide-Prediction\data\pre_event\native_tif\NEG00677.tif,E:\LandSlide-Prediction\data\pre_event\png_256\NEG00677.png,
NEG00678,0,success,S2B_MSIL2A_20251031T045839_R119_T44NMN_20251031T072153,14.801013,0.0,2025-10-31,2025-09-01/2025-11-20,E:\LandSlide-Prediction\data\pre_event\native_tif\NEG00678.tif,E:\LandSlide-Prediction\data\pre_event\png_256\NEG00678.png,
NEG00679,0,success,S2B_MSIL2A_20251031T045839_R119_T44NMP_20251031T072153,16.524501,0.1,2025-10-31,2025-09-01/2025-11-20,E:\LandSlide-Prediction\data\pre_event\native_tif\NEG00679.tif,E:\LandSlide-Prediction\data\pre_event\png_256\NEG00679.png,
NEG00680,0,success,S2C_MSIL2A_20251003T050621_R076_T44NMN_20251003T090812,8.674505,0.0,2025-10-03,2025-09-01/2025-11-20,E:\LandSlide-Prediction\data\pre_event\native_tif\NEG00680.tif,E:\LandSlide-Prediction\data\pre_event\png_256\NEG00680.png,
NEG00681,0,success,S2C_MSIL2A_20251003T050621_R076_T44NMN_20251003T090812,8.674505,0.34,2025-10-03,2025-09-01/2025-11-20,E:\LandSlide-Prediction\data\pre_event\native_tif\NEG00681.tif,E:\LandSlide-Prediction\data\pre_event\png_256\NEG00681.png,
NEG00682,0,success,S2C_MSIL2A_20251003T050621_R076_T44NMP_20251003T090812,2.112417,0.0,2025-10-03,2025-09-01/2025-11-20,E:\LandSlide-Prediction\data\pre_event\native_tif\NEG00682.tif,E:\LandSlide-Prediction\data\pre_event\png_256\NEG00682.png,
NEG00683,0,success,S2B_MSIL2A_20251031T045839_R119_T44NMN_20251031T072153,14.801013,0.63,2025-10-31,2025-09-01/2025-11-20,E:\LandSlide-Prediction\data\pre_event\native_tif\NEG00683.tif,E:\LandSlide-Prediction\data\pre_event\png_256\NEG00683.png,
NEG00684,0,success,S2B_MSIL2A_20251031T045839_R119_T44NLN_20251031T072153,5.151897,0.0,2025-10-31,2025-09-01/2025-11-20,E:\LandSlide-Prediction\data\pre_event\native_tif\NEG00684.tif,E:\LandSlide-Prediction\data\pre_event\png_256\NEG00684.png,
NEG00685,0,success,S2C_MSIL2A_20251003T050621_R076_T44NMN_20251003T090812,8.674505,0.0,2025-10-03,2025-09-01/2025-11-20,E:\LandSlide-Prediction\data\pre_event\native_tif\NEG00685.tif,E:\LandSlide-Prediction\data\pre_event\png_256\NEG00685.png,
NEG00686,0,success,S2C_MSIL2A_20251003T050621_R076_T44NMN_20251003T090812,8.674505,0.0,2025-10-03,2025-09-01/2025-11-20,E:\LandSlide-Prediction\data\pre_event\native_tif\NEG00686.tif,E:\LandSlide-Prediction\data\pre_event\png_256\NEG00686.png,
NEG00687,0,success,S2C_MSIL2A_20251003T050621_R076_T44NMP_20251003T090812,2.112417,0.0,2025-10-03,2025-09-01/2025-11-20,E:\LandSlide-Prediction\data\pre_event\native_tif\NEG00687.tif,E:\LandSlide-Prediction\data\pre_event\png_256\NEG00687.png,
NEG00688,0,success,S2B_MSIL2A_20251011T045659_R119_T44NMP_20251011T090705,62.988436,14.87,2025-10-11,2025-09-01/2025-11-20,E:\LandSlide-Prediction\data\pre_event\native_tif\NEG00688.tif,E:\LandSlide-Prediction\data\pre_event\png_256\NEG00688.png,
NEG00689,0,success,S2C_MSIL2A_20251003T050621_R076_T44NMN_20251003T090812,8.674505,0.0,2025-10-03,2025-09-01/2025-11-20,E:\LandSlide-Prediction\data\pre_event\native_tif\NEG00689.tif,E:\LandSlide-Prediction\data\pre_event\png_256\NEG00689.png,
NEG00690,0,success,S2B_MSIL2A_20251031T045839_R119_T44NMP_20251031T072153,16.524501,0.0,2025-10-31,2025-09-01/2025-11-20,E:\LandSlide-Prediction\data\pre_event\native_tif\NEG00690.tif,E:\LandSlide-Prediction\data\pre_event\png_256\NEG00690.png,
NEG00691,0,success,S2A_MSIL2A_20250905T050621_R076_T44NMN_20250905T063012,36.164254,0.0,2025-09-05,2025-09-01/2025-11-20,E:\LandSlide-Prediction\data\pre_event\native_tif\NEG00691.tif,E:\LandSlide-Prediction\data\pre_event\png_256\NEG00691.png,
NEG00692,0,success,S2B_MSIL2A_20251031T045839_R119_T44NLN_20251031T072153,5.151897,0.1,2025-10-31,2025-09-01/2025-11-20,E:\LandSlide-Prediction\data\pre_event\native_tif\NEG00692.tif,E:\LandSlide-Prediction\data\pre_event\png_256\NEG00692.png,
NEG00693,0,success,S2B_MSIL2A_20251031T045839_R119_T44NLN_20251031T072153,5.151897,0.0,2025-10-31,2025-09-01/2025-11-20,E:\LandSlide-Prediction\data\pre_event\native_tif\NEG00693.tif,E:\LandSlide-Prediction\data\pre_event\png_256\NEG00693.png,
NEG00694,0,success,S2B_MSIL2A_20251031T045839_R119_T44PMQ_20251031T072153,2.075697,4.54,2025-10-31,2025-09-01/2025-11-20,E:\LandSlide-Prediction\data\pre_event\native_tif\NEG00694.tif,E:\LandSlide-Prediction\data\pre_event\png_256\NEG00694.png,
NEG00695,0,success,S2C_MSIL2A_20251003T050621_R076_T44NMN_20251003T090812,8.674505,0.0,2025-10-03,2025-09-01/2025-11-20,E:\LandSlide-Prediction\data\pre_event\native_tif\NEG00695.tif,E:\LandSlide-Prediction\data\pre_event\png_256\NEG00695.png,
NEG00696,0,success,S2C_MSIL2A_20251003T050621_R076_T44NMN_20251003T090812,8.674505,0.0,2025-10-03,2025-09-01/2025-11-20,E:\LandSlide-Prediction\data\pre_event\native_tif\NEG00696.tif,E:\LandSlide-Prediction\data\pre_event\png_256\NEG00696.png,
NEG00697,0,success,S2B_MSIL2A_20251031T045839_R119_T44NMP_20251031T072153,16.524501,1.46,2025-10-31,2025-09-01/2025-11-20,E:\LandSlide-Prediction\data\pre_event\native_tif\NEG00697.tif,E:\LandSlide-Prediction\data\pre_event\png_256\NEG00697.png,
NEG00698,0,success,S2C_MSIL2A_20251013T050611_R076_T44NNP_20251013T090413,10.470393,14.65,2025-10-13,2025-09-01/2025-11-20,E:\LandSlide-Prediction\data\pre_event\native_tif\NEG00698.tif,E:\LandSlide-Prediction\data\pre_event\png_256\NEG00698.png,
NEG00699,0,success,S2B_MSIL2A_20251031T045839_R119_T44NLN_20251031T072153,5.151897,2.59,2025-10-31,2025-09-01/2025-11-20,E:\LandSlide-Prediction\data\pre_event\native_tif\NEG00699.tif,E:\LandSlide-Prediction\data\pre_event\png_256\NEG00699.png,
NEG00700,0,success,S2C_MSIL2A_20251102T050611_R076_T44NNN_20251102T072910,25.828215,0.88,2025-11-02,2025-09-01/2025-11-20,E:\LandSlide-Prediction\data\pre_event\native_tif\NEG00700.tif,E:\LandSlide-Prediction\data\pre_event\png_256\NEG00700.png,
NEG00701,0,success,S2C_MSIL2A_20251006T045711_R119_T44NMP_20251006T093213,47.28899,0.2,2025-10-06,2025-09-01/2025-11-20,E:\LandSlide-Prediction\data\pre_event\native_tif\NEG00701.tif,E:\LandSlide-Prediction\data\pre_event\png_256\NEG00701.png,
NEG00702,0,success,S2C_MSIL2A_20251003T050621_R076_T44NMP_20251003T090812,2.112417,0.0,2025-10-03,2025-09-01/2025-11-20,E:\LandSlide-Prediction\data\pre_event\native_tif\NEG00702.tif,E:\LandSlide-Prediction\data\pre_event\png_256\NEG00702.png,
NEG00703,0,success,S2B_MSIL2A_20251031T045839_R119_T44NMN_20251031T072153,14.801013,0.0,2025-10-31,2025-09-01/2025-11-20,E:\LandSlide-Prediction\data\pre_event\native_tif\NEG00703.tif,E:\LandSlide-Prediction\data\pre_event\png_256\NEG00703.png,
NEG00704,0,success,S2C_MSIL2A_20250728T045721_R119_T44NMP_20250728T095413,9.404943,0.0,2025-07-28,2025-06-01/2025-08-31,E:\LandSlide-Prediction\data\pre_event\native_tif\NEG00704.tif,E:\LandSlide-Prediction\data\pre_event\png_256\NEG00704.png,
NEG00705,0,success,S2C_MSIL2A_20251003T050621_R076_T44NMN_20251003T090812,8.674505,0.0,2025-10-03,2025-09-01/2025-11-20,E:\LandSlide-Prediction\data\pre_event\native_tif\NEG00705.tif,E:\LandSlide-Prediction\data\pre_event\png_256\NEG00705.png,
NEG00706,0,success,S2C_MSIL2A_20251003T050621_R076_T44NMN_20251003T090812,8.674505,0.0,2025-10-03,2025-09-01/2025-11-20,E:\LandSlide-Prediction\data\pre_event\native_tif\NEG00706.tif,E:\LandSlide-Prediction\data\pre_event\png_256\NEG00706.png,
NEG00707,0,success,S2C_MSIL2A_20251003T050621_R076_T44NMP_20251003T090812,2.112417,0.0,2025-10-03,2025-09-01/2025-11-20,E:\LandSlide-Prediction\data\pre_event\native_tif\NEG00707.tif,E:\LandSlide-Prediction\data\pre_event\png_256\NEG00707.png,
NEG00708,0,success,S2B_MSIL2A_20251031T045839_R119_T44NMP_20251031T072153,16.524501,6.79,2025-10-31,2025-09-01/2025-11-20,E:\LandSlide-Prediction\data\pre_event\native_tif\NEG00708.tif,E:\LandSlide-Prediction\data\pre_event\png_256\NEG00708.png,
NEG00709,0,success,S2B_MSIL2A_20250911T045659_R119_T44NMP_20250911T084431,52.030182,0.0,2025-09-11,2025-09-01/2025-11-20,E:\LandSlide-Prediction\data\pre_event\native_tif\NEG00709.tif,E:\LandSlide-Prediction\data\pre_event\png_256\NEG00709.png,
NEG00710,0,success,S2B_MSIL2A_20251031T045839_R119_T44NLN_20251031T072153,5.151897,0.0,2025-10-31,2025-09-01/2025-11-20,E:\LandSlide-Prediction\data\pre_event\native_tif\NEG00710.tif,E:\LandSlide-Prediction\data\pre_event\png_256\NEG00710.png,
NEG00711,0,success,S2A_MSIL2A_20250710T050241_R119_T44NLP_20250710T075813,7.737277,0.0,2025-07-10,2025-06-01/2025-08-31,E:\LandSlide-Prediction\data\pre_event\native_tif\NEG00711.tif,E:\LandSlide-Prediction\data\pre_event\png_256\NEG00711.png,
NEG00712,0,success,S2C_MSIL2A_20251003T050621_R076_T44NMP_20251003T090812,2.112417,14.84,2025-10-03,2025-09-01/2025-11-20,E:\LandSlide-Prediction\data\pre_event\native_tif\NEG00712.tif,E:\LandSlide-Prediction\data\pre_event\png_256\NEG00712.png,
NEG00713,0,success,S2B_MSIL2A_20251008T050559_R076_T44NNN_20251008T082000,19.039197,14.84,2025-10-08,2025-09-01/2025-11-20,E:\LandSlide-Prediction\data\pre_event\native_tif\NEG00713.tif,E:\LandSlide-Prediction\data\pre_event\png_256\NEG00713.png,
NEG00714,0,success,S2B_MSIL2A_20251011T045659_R119_T44NMP_20251011T090705,62.988436,13.72,2025-10-11,2025-09-01/2025-11-20,E:\LandSlide-Prediction\data\pre_event\native_tif\NEG00714.tif,E:\LandSlide-Prediction\data\pre_event\png_256\NEG00714.png,
NEG00715,0,success,S2C_MSIL2A_20251003T050621_R076_T44NMP_20251003T090812,2.112417,0.0,2025-10-03,2025-09-01/2025-11-20,E:\LandSlide-Prediction\data\pre_event\native_tif\NEG00715.tif,E:\LandSlide-Prediction\data\pre_event\png_256\NEG00715.png,
NEG00716,0,success,S2B_MSIL2A_20251031T045839_R119_T44NMN_20251031T072153,14.801013,0.0,2025-10-31,2025-09-01/2025-11-20,E:\LandSlide-Prediction\data\pre_event\native_tif\NEG00716.tif,E:\LandSlide-Prediction\data\pre_event\png_256\NEG00716.png,
NEG00717,0,success,S2C_MSIL2A_20251003T050621_R076_T44NMP_20251003T090812,2.112417,7.81,2025-10-03,2025-09-01/2025-11-20,E:\LandSlide-Prediction\data\pre_event\native_tif\NEG00717.tif,E:\LandSlide-Prediction\data\pre_event\png_256\NEG00717.png,
NEG00718,0,success,S2B_MSIL2A_20251031T045839_R119_T44NMN_20251031T072153,14.801013,0.0,2025-10-31,2025-09-01/2025-11-20,E:\LandSlide-Prediction\data\pre_event\native_tif\NEG00718.tif,E:\LandSlide-Prediction\data\pre_event\png_256\NEG00718.png,
NEG00719,0,success,S2C_MSIL2A_20251003T050621_R076_T44NMP_20251003T090812,2.112417,0.0,2025-10-03,2025-09-01/2025-11-20,E:\LandSlide-Prediction\data\pre_event\native_tif\NEG00719.tif,E:\LandSlide-Prediction\data\pre_event\png_256\NEG00719.png,
NEG00720,0,success,S2C_MSIL2A_20251003T050621_R076_T44NMP_20251003T090812,2.112417,0.05,2025-10-03,2025-09-01/2025-11-20,E:\LandSlide-Prediction\data\pre_event\native_tif\NEG00720.tif,E:\LandSlide-Prediction\data\pre_event\png_256\NEG00720.png,
NEG00721,0,success,S2A_MSIL2A_20250908T050231_R119_T44NMP_20250908T080413,40.256369,10.55,2025-09-08,2025-09-01/2025-11-20,E:\LandSlide-Prediction\data\pre_event\native_tif\NEG00721.tif,E:\LandSlide-Prediction\data\pre_event\png_256\NEG00721.png,
NEG00722,0,success,S2C_MSIL2A_20250728T045721_R119_T44NMN_20250728T095413,28.22125,0.0,2025-07-28,2025-06-01/2025-08-31,E:\LandSlide-Prediction\data\pre_event\native_tif\NEG00722.tif,E:\LandSlide-Prediction\data\pre_event\png_256\NEG00722.png,
NEG00723,0,success,S2B_MSIL2A_20251031T045839_R119_T44NMP_20251031T072153,16.524501,0.0,2025-10-31,2025-09-01/2025-11-20,E:\LandSlide-Prediction\data\pre_event\native_tif\NEG00723.tif,E:\LandSlide-Prediction\data\pre_event\png_256\NEG00723.png,
NEG00724,0,success,S2B_MSIL2A_20251031T045839_R119_T44NMP_20251031T072153,16.524501,9.67,2025-10-31,2025-09-01/2025-11-20,E:\LandSlide-Prediction\data\pre_event\native_tif\NEG00724.tif,E:\LandSlide-Prediction\data\pre_event\png_256\NEG00724.png,
NEG00725,0,success,S2C_MSIL2A_20251003T050621_R076_T44NMN_20251003T090812,8.674505,0.54,2025-10-03,2025-09-01/2025-11-20,E:\LandSlide-Prediction\data\pre_event\native_tif\NEG00725.tif,E:\LandSlide-Prediction\data\pre_event\png_256\NEG00725.png,
NEG00726,0,success,S2B_MSIL2A_20251031T045839_R119_T44NMN_20251031T072153,14.801013,1.56,2025-10-31,2025-09-01/2025-11-20,E:\LandSlide-Prediction\data\pre_event\native_tif\NEG00726.tif,E:\LandSlide-Prediction\data\pre_event\png_256\NEG00726.png,
NEG00727,0,success,S2B_MSIL2A_20251031T045839_R119_T44NMN_20251031T072153,14.801013,0.0,2025-10-31,2025-09-01/2025-11-20,E:\LandSlide-Prediction\data\pre_event\native_tif\NEG00727.tif,E:\LandSlide-Prediction\data\pre_event\png_256\NEG00727.png,
NEG00728,0,success,S2B_MSIL2A_20251031T045839_R119_T44NMP_20251031T072153,16.524501,0.0,2025-10-31,2025-09-01/2025-11-20,E:\LandSlide-Prediction\data\pre_event\native_tif\NEG00728.tif,E:\LandSlide-Prediction\data\pre_event\png_256\NEG00728.png,
NEG00729,0,success,S2B_MSIL2A_20251031T045839_R119_T44NMN_20251031T072153,14.801013,0.0,2025-10-31,2025-09-01/2025-11-20,E:\LandSlide-Prediction\data\pre_event\native_tif\NEG00729.tif,E:\LandSlide-Prediction\data\pre_event\png_256\NEG00729.png,
NEG00730,0,success,S2C_MSIL2A_20250728T045721_R119_T44NMN_20250728T095413,28.22125,17.09,2025-07-28,2025-06-01/2025-08-31,E:\LandSlide-Prediction\data\pre_event\native_tif\NEG00730.tif,E:\LandSlide-Prediction\data\pre_event\png_256\NEG00730.png,
NEG00731,0,success,S2B_MSIL2A_20251031T045839_R119_T44NMP_20251031T072153,16.524501,0.2,2025-10-31,2025-09-01/2025-11-20,E:\LandSlide-Prediction\data\pre_event\native_tif\NEG00731.tif,E:\LandSlide-Prediction\data\pre_event\png_256\NEG00731.png,
NEG00732,0,success,S2B_MSIL2A_20251031T045839_R119_T44NMN_20251031T072153,14.801013,4.54,2025-10-31,2025-09-01/2025-11-20,E:\LandSlide-Prediction\data\pre_event\native_tif\NEG00732.tif,E:\LandSlide-Prediction\data\pre_event\png_256\NEG00732.png,
NEG00733,0,success,S2C_MSIL2A_20251003T050621_R076_T44NMP_20251003T090812,2.112417,0.0,2025-10-03,2025-09-01/2025-11-20,E:\LandSlide-Prediction\data\pre_event\native_tif\NEG00733.tif,E:\LandSlide-Prediction\data\pre_event\png_256\NEG00733.png,
NEG00734,0,success,S2B_MSIL2A_20250908T050559_R076_T44NMN_20250908T070833,32.934213,4.44,2025-09-08,2025-09-01/2025-11-20,E:\LandSlide-Prediction\data\pre_event\native_tif\NEG00734.tif,E:\LandSlide-Prediction\data\pre_event\png_256\NEG00734.png,
NEG00735,0,success,S2C_MSIL2A_20251003T050621_R076_T44NMN_20251003T090812,8.674505,0.0,2025-10-03,2025-09-01/2025-11-20,E:\LandSlide-Prediction\data\pre_event\native_tif\NEG00735.tif,E:\LandSlide-Prediction\data\pre_event\png_256\NEG00735.png,
NEG00736,0,success,S2C_MSIL2A_20251003T050621_R076_T44NMP_20251003T090812,2.112417,0.0,2025-10-03,2025-09-01/2025-11-20,E:\LandSlide-Prediction\data\pre_event\native_tif\NEG00736.tif,E:\LandSlide-Prediction\data\pre_event\png_256\NEG00736.png,
NEG00737,0,success,S2C_MSIL2A_20251003T050621_R076_T44NMP_20251003T090812,2.112417,0.0,2025-10-03,2025-09-01/2025-11-20,E:\LandSlide-Prediction\data\pre_event\native_tif\NEG00737.tif,E:\LandSlide-Prediction\data\pre_event\png_256\NEG00737.png,
NEG00738,0,success,S2B_MSIL2A_20251031T045839_R119_T44NMP_20251031T072153,16.524501,2.73,2025-10-31,2025-09-01/2025-11-20,E:\LandSlide-Prediction\data\pre_event\native_tif\NEG00738.tif,E:\LandSlide-Prediction\data\pre_event\png_256\NEG00738.png,
NEG00739,0,success,S2B_MSIL2A_20251031T045839_R119_T44NMP_20251031T072153,16.524501,2.47,2025-10-31,2025-09-01/2025-11-20,E:\LandSlide-Prediction\data\pre_event\native_tif\NEG00739.tif,E:\LandSlide-Prediction\data\pre_event\png_256\NEG00739.png,
NEG00740,0,success,S2B_MSIL2A_20251008T050559_R076_T44NNN_20251008T082000,19.039197,0.0,2025-10-08,2025-09-01/2025-11-20,E:\LandSlide-Prediction\data\pre_event\native_tif\NEG00740.tif,E:\LandSlide-Prediction\data\pre_event\png_256\NEG00740.png,
NEG00741,0,success,S2B_MSIL2A_20251031T045839_R119_T44NMP_20251031T072153,16.524501,14.26,2025-10-31,2025-09-01/2025-11-20,E:\LandSlide-Prediction\data\pre_event\native_tif\NEG00741.tif,E:\LandSlide-Prediction\data\pre_event\png_256\NEG00741.png,
NEG00742,0,success,S2C_MSIL2A_20251003T050621_R076_T44NMP_20251003T090812,2.112417,13.23,2025-10-03,2025-09-01/2025-11-20,E:\LandSlide-Prediction\data\pre_event\native_tif\NEG00742.tif,E:\LandSlide-Prediction\data\pre_event\png_256\NEG00742.png,
NEG00743,0,success,S2B_MSIL2A_20251031T045839_R119_T44NMN_20251031T072153,14.801013,4.35,2025-10-31,2025-09-01/2025-11-20,E:\LandSlide-Prediction\data\pre_event\native_tif\NEG00743.tif,E:\LandSlide-Prediction\data\pre_event\png_256\NEG00743.png,
NEG00744,0,success,S2B_MSIL2A_20251011T045659_R119_T44NMP_20251011T090705,62.988436,16.89,2025-10-11,2025-09-01/2025-11-20,E:\LandSlide-Prediction\data\pre_event\native_tif\NEG00744.tif,E:\LandSlide-Prediction\data\pre_event\png_256\NEG00744.png,
NEG00745,0,success,S2B_MSIL2A_20251031T045839_R119_T44NMN_20251031T072153,14.801013,0.0,2025-10-31,2025-09-01/2025-11-20,E:\LandSlide-Prediction\data\pre_event\native_tif\NEG00745.tif,E:\LandSlide-Prediction\data\pre_event\png_256\NEG00745.png,
NEG00746,0,success,S2B_MSIL2A_20251031T045839_R119_T44NMN_20251031T072153,14.801013,0.0,2025-10-31,2025-09-01/2025-11-20,E:\LandSlide-Prediction\data\pre_event\native_tif\NEG00746.tif,E:\LandSlide-Prediction\data\pre_event\png_256\NEG00746.png,
NEG00747,0,success,S2B_MSIL2A_20251031T045839_R119_T44NMP_20251031T072153,16.524501,0.34,2025-10-31,2025-09-01/2025-11-20,E:\LandSlide-Prediction\data\pre_event\native_tif\NEG00747.tif,E:\LandSlide-Prediction\data\pre_event\png_256\NEG00747.png,
NEG00748,0,success,S2C_MSIL2A_20251003T050621_R076_T44NMP_20251003T090812,2.112417,0.0,2025-10-03,2025-09-01/2025-11-20,E:\LandSlide-Prediction\data\pre_event\native_tif\NEG00748.tif,E:\LandSlide-Prediction\data\pre_event\png_256\NEG00748.png,
NEG00749,0,success,S2B_MSIL2A_20250908T050559_R076_T44NNN_20250908T070833,27.121845,0.0,2025-09-08,2025-09-01/2025-11-20,E:\LandSlide-Prediction\data\pre_event\native_tif\NEG00749.tif,E:\LandSlide-Prediction\data\pre_event\png_256\NEG00749.png,
NEG00750,0,success,S2B_MSIL2A_20251031T045839_R119_T44NMN_20251031T072153,14.801013,0.0,2025-10-31,2025-09-01/2025-11-20,E:\LandSlide-Prediction\data\pre_event\native_tif\NEG00750.tif,E:\LandSlide-Prediction\data\pre_event\png_256\NEG00750.png,
NEG00751,0,success,S2B_MSIL2A_20251031T045839_R119_T44NMP_20251031T072153,16.524501,0.0,2025-10-31,2025-09-01/2025-11-20,E:\LandSlide-Prediction\data\pre_event\native_tif\NEG00751.tif,E:\LandSlide-Prediction\data\pre_event\png_256\NEG00751.png,
NEG00752,0,success,S2B_MSIL2A_20251110T045929_R119_T44NMN_20251110T083118,59.061468,0.0,2025-11-10,2025-09-01/2025-11-20,E:\LandSlide-Prediction\data\pre_event\native_tif\NEG00752.tif,E:\LandSlide-Prediction\data\pre_event\png_256\NEG00752.png,
NEG00753,0,success,S2C_MSIL2A_20251003T050621_R076_T44NMP_20251003T090812,2.112417,0.0,2025-10-03,2025-09-01/2025-11-20,E:\LandSlide-Prediction\data\pre_event\native_tif\NEG00753.tif,E:\LandSlide-Prediction\data\pre_event\png_256\NEG00753.png,
NEG00754,0,success,S2C_MSIL2A_20251003T050621_R076_T44NMP_20251003T090812,2.112417,0.0,2025-10-03,2025-09-01/2025-11-20,E:\LandSlide-Prediction\data\pre_event\native_tif\NEG00754.tif,E:\LandSlide-Prediction\data\pre_event\png_256\NEG00754.png,
NEG00755,0,success,S2C_MSIL2A_20250913T050621_R076_T44NNN_20250913T092114,28.331435,0.0,2025-09-13,2025-09-01/2025-11-20,E:\LandSlide-Prediction\data\pre_event\native_tif\NEG00755.tif,E:\LandSlide-Prediction\data\pre_event\png_256\NEG00755.png,
NEG00756,0,success,S2B_MSIL2A_20251031T045839_R119_T44NMP_20251031T072153,16.524501,5.42,2025-10-31,2025-09-01/2025-11-20,E:\LandSlide-Prediction\data\pre_event\native_tif\NEG00756.tif,E:\LandSlide-Prediction\data\pre_event\png_256\NEG00756.png,
NEG00757,0,success,S2C_MSIL2A_20251003T050621_R076_T44NMP_20251003T090812,2.112417,0.0,2025-10-03,2025-09-01/2025-11-20,E:\LandSlide-Prediction\data\pre_event\native_tif\NEG00757.tif,E:\LandSlide-Prediction\data\pre_event\png_256\NEG00757.png,
NEG00758,0,success,S2B_MSIL2A_20251031T045839_R119_T44NMP_20251031T072153,16.524501,0.54,2025-10-31,2025-09-01/2025-11-20,E:\LandSlide-Prediction\data\pre_event\native_tif\NEG00758.tif,E:\LandSlide-Prediction\data\pre_event\png_256\NEG00758.png,
NEG00759,0,success,S2B_MSIL2A_20251031T045839_R119_T44NMN_20251031T072153,14.801013,0.0,2025-10-31,2025-09-01/2025-11-20,E:\LandSlide-Prediction\data\pre_event\native_tif\NEG00759.tif,E:\LandSlide-Prediction\data\pre_event\png_256\NEG00759.png,
NEG00760,0,success,S2C_MSIL2A_20251003T050621_R076_T44NMP_20251003T090812,2.112417,0.0,2025-10-03,2025-09-01/2025-11-20,E:\LandSlide-Prediction\data\pre_event\native_tif\NEG00760.tif,E:\LandSlide-Prediction\data\pre_event\png_256\NEG00760.png,
NEG00761,0,success,S2C_MSIL2A_20251003T050621_R076_T44NMN_20251003T090812,8.674505,0.0,2025-10-03,2025-09-01/2025-11-20,E:\LandSlide-Prediction\data\pre_event\native_tif\NEG00761.tif,E:\LandSlide-Prediction\data\pre_event\png_256\NEG00761.png,
NEG00762,0,success,S2C_MSIL2A_20251003T050621_R076_T44NMN_20251003T090812,8.674505,0.0,2025-10-03,2025-09-01/2025-11-20,E:\LandSlide-Prediction\data\pre_event\native_tif\NEG00762.tif,E:\LandSlide-Prediction\data\pre_event\png_256\NEG00762.png,
NEG00763,0,success,S2B_MSIL2A_20251031T045839_R119_T44NMN_20251031T072153,14.801013,0.0,2025-10-31,2025-09-01/2025-11-20,E:\LandSlide-Prediction\data\pre_event\native_tif\NEG00763.tif,E:\LandSlide-Prediction\data\pre_event\png_256\NEG00763.png,
NEG00764,0,success,S2C_MSIL2A_20251003T050621_R076_T44NMP_20251003T090812,2.112417,0.0,2025-10-03,2025-09-01/2025-11-20,E:\LandSlide-Prediction\data\pre_event\native_tif\NEG00764.tif,E:\LandSlide-Prediction\data\pre_event\png_256\NEG00764.png,
NEG00765,0,success,S2B_MSIL2A_20251031T045839_R119_T44NMP_20251031T072153,16.524501,0.0,2025-10-31,2025-09-01/2025-11-20,E:\LandSlide-Prediction\data\pre_event\native_tif\NEG00765.tif,E:\LandSlide-Prediction\data\pre_event\png_256\NEG00765.png,
NEG00766,0,success,S2C_MSIL2A_20251003T050621_R076_T44NMN_20251003T090812,8.674505,0.0,2025-10-03,2025-09-01/2025-11-20,E:\LandSlide-Prediction\data\pre_event\native_tif\NEG00766.tif,E:\LandSlide-Prediction\data\pre_event\png_256\NEG00766.png,
NEG00767,0,success,S2C_MSIL2A_20251003T050621_R076_T44NMN_20251003T090812,8.674505,0.0,2025-10-03,2025-09-01/2025-11-20,E:\LandSlide-Prediction\data\pre_event\native_tif\NEG00767.tif,E:\LandSlide-Prediction\data\pre_event\png_256\NEG00767.png,
NEG00768,0,success,S2A_MSIL2A_20250908T050231_R119_T44NMP_20250908T080413,40.256369,8.11,2025-09-08,2025-09-01/2025-11-20,E:\LandSlide-Prediction\data\pre_event\native_tif\NEG00768.tif,E:\LandSlide-Prediction\data\pre_event\png_256\NEG00768.png,
NEG00769,0,success,S2B_MSIL2A_20251031T045839_R119_T44NMP_20251031T072153,16.524501,1.56,2025-10-31,2025-09-01/2025-11-20,E:\LandSlide-Prediction\data\pre_event\native_tif\NEG00769.tif,E:\LandSlide-Prediction\data\pre_event\png_256\NEG00769.png,
NEG00770,0,success,S2B_MSIL2A_20251031T045839_R119_T44NMP_20251031T072153,16.524501,14.65,2025-10-31,2025-09-01/2025-11-20,E:\LandSlide-Prediction\data\pre_event\native_tif\NEG00770.tif,E:\LandSlide-Prediction\data\pre_event\png_256\NEG00770.png,
NEG00771,0,success,S2C_MSIL2A_20250913T050621_R076_T44NNN_20250913T092114,28.331435,0.0,2025-09-13,2025-09-01/2025-11-20,E:\LandSlide-Prediction\data\pre_event\native_tif\NEG00771.tif,E:\LandSlide-Prediction\data\pre_event\png_256\NEG00771.png,
NEG00772,0,success,S2B_MSIL2A_20251031T045839_R119_T44NMP_20251031T072153,16.524501,0.0,2025-10-31,2025-09-01/2025-11-20,E:\LandSlide-Prediction\data\pre_event\native_tif\NEG00772.tif,E:\LandSlide-Prediction\data\pre_event\png_256\NEG00772.png,
NEG00773,0,success,S2C_MSIL2A_20251003T050621_R076_T44NMN_20251003T090812,8.674505,0.0,2025-10-03,2025-09-01/2025-11-20,E:\LandSlide-Prediction\data\pre_event\native_tif\NEG00773.tif,E:\LandSlide-Prediction\data\pre_event\png_256\NEG00773.png,
NEG00774,0,success,S2C_MSIL2A_20251003T050621_R076_T44NMN_20251003T090812,8.674505,0.0,2025-10-03,2025-09-01/2025-11-20,E:\LandSlide-Prediction\data\pre_event\native_tif\NEG00774.tif,E:\LandSlide-Prediction\data\pre_event\png_256\NEG00774.png,
NEG00775,0,success,S2B_MSIL2A_20251031T045839_R119_T44NMN_20251031T072153,14.801013,0.0,2025-10-31,2025-09-01/2025-11-20,E:\LandSlide-Prediction\data\pre_event\native_tif\NEG00775.tif,E:\LandSlide-Prediction\data\pre_event\png_256\NEG00775.png,
NEG00776,0,success,S2C_MSIL2A_20251003T050621_R076_T44NMN_20251003T090812,8.674505,0.0,2025-10-03,2025-09-01/2025-11-20,E:\LandSlide-Prediction\data\pre_event\native_tif\NEG00776.tif,E:\LandSlide-Prediction\data\pre_event\png_256\NEG00776.png,
NEG00777,0,success,S2C_MSIL2A_20251003T050621_R076_T44NMP_20251003T090812,2.112417,0.0,2025-10-03,2025-09-01/2025-11-20,E:\LandSlide-Prediction\data\pre_event\native_tif\NEG00777.tif,E:\LandSlide-Prediction\data\pre_event\png_256\NEG00777.png,
NEG00778,0,success,S2C_MSIL2A_20251013T050611_R076_T44NNN_20251013T090413,15.8978,0.0,2025-10-13,2025-09-01/2025-11-20,E:\LandSlide-Prediction\data\pre_event\native_tif\NEG00778.tif,E:\LandSlide-Prediction\data\pre_event\png_256\NEG00778.png,
NEG00779,0,success,S2B_MSIL2A_20251031T045839_R119_T44NMN_20251031T072153,14.801013,4.1,2025-10-31,2025-09-01/2025-11-20,E:\LandSlide-Prediction\data\pre_event\native_tif\NEG00779.tif,E:\LandSlide-Prediction\data\pre_event\png_256\NEG00779.png,
NEG00780,0,success,S2B_MSIL2A_20251031T045839_R119_T44NMN_20251031T072153,14.801013,0.88,2025-10-31,2025-09-01/2025-11-20,E:\LandSlide-Prediction\data\pre_event\native_tif\NEG00780.tif,E:\LandSlide-Prediction\data\pre_event\png_256\NEG00780.png,
NEG00781,0,success,S2C_MSIL2A_20251003T050621_R076_T44NMP_20251003T090812,2.112417,0.0,2025-10-03,2025-09-01/2025-11-20,E:\LandSlide-Prediction\data\pre_event\native_tif\NEG00781.tif,E:\LandSlide-Prediction\data\pre_event\png_256\NEG00781.png,
NEG00782,0,success,S2B_MSIL2A_20251031T045839_R119_T44NMP_20251031T072153,16.524501,2.88,2025-10-31,2025-09-01/2025-11-20,E:\LandSlide-Prediction\data\pre_event\native_tif\NEG00782.tif,E:\LandSlide-Prediction\data\pre_event\png_256\NEG00782.png,
NEG00783,0,success,S2B_MSIL2A_20251031T045839_R119_T44NMP_20251031T072153,16.524501,14.36,2025-10-31,2025-09-01/2025-11-20,E:\LandSlide-Prediction\data\pre_event\native_tif\NEG00783.tif,E:\LandSlide-Prediction\data\pre_event\png_256\NEG00783.png,
NEG00784,0,success,S2C_MSIL2A_20251003T050621_R076_T44NMP_20251003T090812,2.112417,0.0,2025-10-03,2025-09-01/2025-11-20,E:\LandSlide-Prediction\data\pre_event\native_tif\NEG00784.tif,E:\LandSlide-Prediction\data\pre_event\png_256\NEG00784.png,
NEG00785,0,success,S2C_MSIL2A_20251003T050621_R076_T44NMP_20251003T090812,2.112417,21.63,2025-10-03,2025-09-01/2025-11-20,E:\LandSlide-Prediction\data\pre_event\native_tif\NEG00785.tif,E:\LandSlide-Prediction\data\pre_event\png_256\NEG00785.png,
NEG00786,0,success,S2C_MSIL2A_20251003T050621_R076_T44NMP_20251003T090812,2.112417,0.0,2025-10-03,2025-09-01/2025-11-20,E:\LandSlide-Prediction\data\pre_event\native_tif\NEG00786.tif,E:\LandSlide-Prediction\data\pre_event\png_256\NEG00786.png,
NEG00787,0,success,S2B_MSIL2A_20251031T045839_R119_T44NLN_20251031T072153,5.151897,1.07,2025-10-31,2025-09-01/2025-11-20,E:\LandSlide-Prediction\data\pre_event\native_tif\NEG00787.tif,E:\LandSlide-Prediction\data\pre_event\png_256\NEG00787.png,
NEG00788,0,success,S2C_MSIL2A_20251003T050621_R076_T44NMN_20251003T090812,8.674505,11.91,2025-10-03,2025-09-01/2025-11-20,E:\LandSlide-Prediction\data\pre_event\native_tif\NEG00788.tif,E:\LandSlide-Prediction\data\pre_event\png_256\NEG00788.png,
NEG00789,0,success,S2B_MSIL2A_20251011T045659_R119_T44NMP_20251011T090705,62.988436,13.09,2025-10-11,2025-09-01/2025-11-20,E:\LandSlide-Prediction\data\pre_event\native_tif\NEG00789.tif,E:\LandSlide-Prediction\data\pre_event\png_256\NEG00789.png,
NEG00790,0,success,S2B_MSIL2A_20251031T045839_R119_T44NMP_20251031T072153,16.524501,0.0,2025-10-31,2025-09-01/2025-11-20,E:\LandSlide-Prediction\data\pre_event\native_tif\NEG00790.tif,E:\LandSlide-Prediction\data\pre_event\png_256\NEG00790.png,
NEG00791,0,success,S2C_MSIL2A_20251102T050611_R076_T44NNN_20251102T072910,25.828215,1.07,2025-11-02,2025-09-01/2025-11-20,E:\LandSlide-Prediction\data\pre_event\native_tif\NEG00791.tif,E:\LandSlide-Prediction\data\pre_event\png_256\NEG00791.png,
NEG00792,0,success,S2C_MSIL2A_20251003T050621_R076_T44NMN_20251003T090812,8.674505,0.0,2025-10-03,2025-09-01/2025-11-20,E:\LandSlide-Prediction\data\pre_event\native_tif\NEG00792.tif,E:\LandSlide-Prediction\data\pre_event\png_256\NEG00792.png,
NEG00793,0,success,S2B_MSIL2A_20251031T045839_R119_T44NMP_20251031T072153,16.524501,2.64,2025-10-31,2025-09-01/2025-11-20,E:\LandSlide-Prediction\data\pre_event\native_tif\NEG00793.tif,E:\LandSlide-Prediction\data\pre_event\png_256\NEG00793.png,
NEG00794,0,success,S2C_MSIL2A_20251003T050621_R076_T44NMP_20251003T090812,2.112417,0.0,2025-10-03,2025-09-01/2025-11-20,E:\LandSlide-Prediction\data\pre_event\native_tif\NEG00794.tif,E:\LandSlide-Prediction\data\pre_event\png_256\NEG00794.png,
NEG00795,0,success,S2B_MSIL2A_20251031T045839_R119_T44NMN_20251031T072153,14.801013,0.0,2025-10-31,2025-09-01/2025-11-20,E:\LandSlide-Prediction\data\pre_event\native_tif\NEG00795.tif,E:\LandSlide-Prediction\data\pre_event\png_256\NEG00795.png,
NEG00796,0,success,S2B_MSIL2A_20251028T050559_R076_T44NNN_20251028T070748,29.97084,0.0,2025-10-28,2025-09-01/2025-11-20,E:\LandSlide-Prediction\data\pre_event\native_tif\NEG00796.tif,E:\LandSlide-Prediction\data\pre_event\png_256\NEG00796.png,
NEG00797,0,success,S2C_MSIL2A_20251003T050621_R076_T44NMN_20251003T090812,8.674505,0.0,2025-10-03,2025-09-01/2025-11-20,E:\LandSlide-Prediction\data\pre_event\native_tif\NEG00797.tif,E:\LandSlide-Prediction\data\pre_event\png_256\NEG00797.png,
NEG00798,0,success,S2C_MSIL2A_20250913T050621_R076_T44NNN_20250913T092114,28.331435,0.0,2025-09-13,2025-09-01/2025-11-20,E:\LandSlide-Prediction\data\pre_event\native_tif\NEG00798.tif,E:\LandSlide-Prediction\data\pre_event\png_256\NEG00798.png,
NEG00799,0,success,S2B_MSIL2A_20250908T050559_R076_T44NNN_20250908T070833,27.121845,0.0,2025-09-08,2025-09-01/2025-11-20,E:\LandSlide-Prediction\data\pre_event\native_tif\NEG00799.tif,E:\LandSlide-Prediction\data\pre_event\png_256\NEG00799.png,
NEG00800,0,success,S2B_MSIL2A_20251031T045839_R119_T44NMP_20251031T072153,16.524501,10.06,2025-10-31,2025-09-01/2025-11-20,E:\LandSlide-Prediction\data\pre_event\native_tif\NEG00800.tif,E:\LandSlide-Prediction\data\pre_event\png_256\NEG00800.png,
NEG00801,0,success,S2C_MSIL2A_20251003T050621_R076_T44NMN_20251003T090812,8.674505,0.0,2025-10-03,2025-09-01/2025-11-20,E:\LandSlide-Prediction\data\pre_event\native_tif\NEG00801.tif,E:\LandSlide-Prediction\data\pre_event\png_256\NEG00801.png,
NEG00802,0,success,S2C_MSIL2A_20251003T050621_R076_T44NNP_20251003T090812,13.947764,0.0,2025-10-03,2025-09-01/2025-11-20,E:\LandSlide-Prediction\data\pre_event\native_tif\NEG00802.tif,E:\LandSlide-Prediction\data\pre_event\png_256\NEG00802.png,
NEG00803,0,success,S2A_MSIL2A_20250710T050241_R119_T44NMN_20250710T075813,40.37216,12.89,2025-07-10,2025-06-01/2025-08-31,E:\LandSlide-Prediction\data\pre_event\native_tif\NEG00803.tif,E:\LandSlide-Prediction\data\pre_event\png_256\NEG00803.png,
NEG00804,0,success,S2C_MSIL2A_20251003T050621_R076_T44NMP_20251003T090812,2.112417,0.0,2025-10-03,2025-09-01/2025-11-20,E:\LandSlide-Prediction\data\pre_event\native_tif\NEG00804.tif,E:\LandSlide-Prediction\data\pre_event\png_256\NEG00804.png,
NEG00805,0,success,S2B_MSIL2A_20251031T045839_R119_T44NMN_20251031T072153,14.801013,0.0,2025-10-31,2025-09-01/2025-11-20,E:\LandSlide-Prediction\data\pre_event\native_tif\NEG00805.tif,E:\LandSlide-Prediction\data\pre_event\png_256\NEG00805.png,
NEG00806,0,success,S2B_MSIL2A_20251031T045839_R119_T44NMP_20251031T072153,16.524501,0.0,2025-10-31,2025-09-01/2025-11-20,E:\LandSlide-Prediction\data\pre_event\native_tif\NEG00806.tif,E:\LandSlide-Prediction\data\pre_event\png_256\NEG00806.png,
NEG00807,0,success,S2C_MSIL2A_20250913T050621_R076_T44NNN_20250913T092114,28.331435,0.0,2025-09-13,2025-09-01/2025-11-20,E:\LandSlide-Prediction\data\pre_event\native_tif\NEG00807.tif,E:\LandSlide-Prediction\data\pre_event\png_256\NEG00807.png,
NEG00808,0,success,S2C_MSIL2A_20251003T050621_R076_T44NMN_20251003T090812,8.674505,0.0,2025-10-03,2025-09-01/2025-11-20,E:\LandSlide-Prediction\data\pre_event\native_tif\NEG00808.tif,E:\LandSlide-Prediction\data\pre_event\png_256\NEG00808.png,
NEG00809,0,success,S2A_MSIL2A_20250908T050231_R119_T44NMP_20250908T080413,40.256369,5.71,2025-09-08,2025-09-01/2025-11-20,E:\LandSlide-Prediction\data\pre_event\native_tif\NEG00809.tif,E:\LandSlide-Prediction\data\pre_event\png_256\NEG00809.png,
NEG00810,0,success,S2B_MSIL2A_20251031T045839_R119_T44NMN_20251031T072153,14.801013,0.0,2025-10-31,2025-09-01/2025-11-20,E:\LandSlide-Prediction\data\pre_event\native_tif\NEG00810.tif,E:\LandSlide-Prediction\data\pre_event\png_256\NEG00810.png,
NEG00811,0,success,S2C_MSIL2A_20251003T050621_R076_T44NMP_20251003T090812,2.112417,0.0,2025-10-03,2025-09-01/2025-11-20,E:\LandSlide-Prediction\data\pre_event\native_tif\NEG00811.tif,E:\LandSlide-Prediction\data\pre_event\png_256\NEG00811.png,
NEG00812,0,success,S2C_MSIL2A_20251003T050621_R076_T44NMN_20251003T090812,8.674505,4.3,2025-10-03,2025-09-01/2025-11-20,E:\LandSlide-Prediction\data\pre_event\native_tif\NEG00812.tif,E:\LandSlide-Prediction\data\pre_event\png_256\NEG00812.png,
NEG00813,0,success,S2A_MSIL2A_20250730T050241_R119_T44NMP_20250730T081115,10.341509,0.0,2025-07-30,2025-06-01/2025-08-31,E:\LandSlide-Prediction\data\pre_event\native_tif\NEG00813.tif,E:\LandSlide-Prediction\data\pre_event\png_256\NEG00813.png,
NEG00814,0,success,S2C_MSIL2A_20251003T050621_R076_T44NMN_20251003T090812,8.674505,0.0,2025-10-03,2025-09-01/2025-11-20,E:\LandSlide-Prediction\data\pre_event\native_tif\NEG00814.tif,E:\LandSlide-Prediction\data\pre_event\png_256\NEG00814.png,
NEG00815,0,success,S2C_MSIL2A_20251013T050611_R076_T44NNN_20251013T090413,15.8978,7.91,2025-10-13,2025-09-01/2025-11-20,E:\LandSlide-Prediction\data\pre_event\native_tif\NEG00815.tif,E:\LandSlide-Prediction\data\pre_event\png_256\NEG00815.png,
NEG00816,0,success,S2C_MSIL2A_20251003T050621_R076_T44NMP_20251003T090812,2.112417,0.0,2025-10-03,2025-09-01/2025-11-20,E:\LandSlide-Prediction\data\pre_event\native_tif\NEG00816.tif,E:\LandSlide-Prediction\data\pre_event\png_256\NEG00816.png,
NEG00817,0,success,S2C_MSIL2A_20251003T050621_R076_T44NMP_20251003T090812,2.112417,0.0,2025-10-03,2025-09-01/2025-11-20,E:\LandSlide-Prediction\data\pre_event\native_tif\NEG00817.tif,E:\LandSlide-Prediction\data\pre_event\png_256\NEG00817.png,
NEG00818,0,success,S2B_MSIL2A_20251008T050559_R076_T44NNN_20251008T082000,19.039197,0.0,2025-10-08,2025-09-01/2025-11-20,E:\LandSlide-Prediction\data\pre_event\native_tif\NEG00818.tif,E:\LandSlide-Prediction\data\pre_event\png_256\NEG00818.png,
NEG00819,0,success,S2B_MSIL2A_20251031T045839_R119_T44NMN_20251031T072153,14.801013,0.0,2025-10-31,2025-09-01/2025-11-20,E:\LandSlide-Prediction\data\pre_event\native_tif\NEG00819.tif,E:\LandSlide-Prediction\data\pre_event\png_256\NEG00819.png,
NEG00820,0,success,S2B_MSIL2A_20251031T045839_R119_T44NMN_20251031T072153,14.801013,0.0,2025-10-31,2025-09-01/2025-11-20,E:\LandSlide-Prediction\data\pre_event\native_tif\NEG00820.tif,E:\LandSlide-Prediction\data\pre_event\png_256\NEG00820.png,
NEG00821,0,success,S2B_MSIL2A_20251031T045839_R119_T44NMP_20251031T072153,16.524501,3.61,2025-10-31,2025-09-01/2025-11-20,E:\LandSlide-Prediction\data\pre_event\native_tif\NEG00821.tif,E:\LandSlide-Prediction\data\pre_event\png_256\NEG00821.png,
NEG00822,0,success,S2C_MSIL2A_20251003T050621_R076_T44NMP_20251003T090812,2.112417,0.0,2025-10-03,2025-09-01/2025-11-20,E:\LandSlide-Prediction\data\pre_event\native_tif\NEG00822.tif,E:\LandSlide-Prediction\data\pre_event\png_256\NEG00822.png,
NEG00823,0,success,S2C_MSIL2A_20251003T050621_R076_T44NMP_20251003T090812,2.112417,1.66,2025-10-03,2025-09-01/2025-11-20,E:\LandSlide-Prediction\data\pre_event\native_tif\NEG00823.tif,E:\LandSlide-Prediction\data\pre_event\png_256\NEG00823.png,
NEG00824,0,success,S2B_MSIL2A_20251031T045839_R119_T44NMP_20251031T072153,16.524501,9.96,2025-10-31,2025-09-01/2025-11-20,E:\LandSlide-Prediction\data\pre_event\native_tif\NEG00824.tif,E:\LandSlide-Prediction\data\pre_event\png_256\NEG00824.png,
NEG00825,0,success,S2C_MSIL2A_20251003T050621_R076_T44NMN_20251003T090812,8.674505,0.0,2025-10-03,2025-09-01/2025-11-20,E:\LandSlide-Prediction\data\pre_event\native_tif\NEG00825.tif,E:\LandSlide-Prediction\data\pre_event\png_256\NEG00825.png,
NEG00826,0,success,S2C_MSIL2A_20250913T050621_R076_T44NNN_20250913T092114,28.331435,0.2,2025-09-13,2025-09-01/2025-11-20,E:\LandSlide-Prediction\data\pre_event\native_tif\NEG00826.tif,E:\LandSlide-Prediction\data\pre_event\png_256\NEG00826.png,
NEG00827,0,success,S2C_MSIL2A_20251003T050621_R076_T44NMP_20251003T090812,2.112417,0.0,2025-10-03,2025-09-01/2025-11-20,E:\LandSlide-Prediction\data\pre_event\native_tif\NEG00827.tif,E:\LandSlide-Prediction\data\pre_event\png_256\NEG00827.png,
NEG00828,0,success,S2C_MSIL2A_20251003T050621_R076_T44NMN_20251003T090812,8.674505,0.0,2025-10-03,2025-09-01/2025-11-20,E:\LandSlide-Prediction\data\pre_event\native_tif\NEG00828.tif,E:\LandSlide-Prediction\data\pre_event\png_256\NEG00828.png,
NEG00829,0,success,S2B_MSIL2A_20251031T045839_R119_T44NMN_20251031T072153,14.801013,0.0,2025-10-31,2025-09-01/2025-11-20,E:\LandSlide-Prediction\data\pre_event\native_tif\NEG00829.tif,E:\LandSlide-Prediction\data\pre_event\png_256\NEG00829.png,
NEG00830,0,success,S2B_MSIL2A_20251011T045659_R119_T44NMP_20251011T090705,62.988436,19.63,2025-10-11,2025-09-01/2025-11-20,E:\LandSlide-Prediction\data\pre_event\native_tif\NEG00830.tif,E:\LandSlide-Prediction\data\pre_event\png_256\NEG00830.png,
NEG00831,0,success,S2C_MSIL2A_20251003T050621_R076_T44NMN_20251003T090812,8.674505,19.53,2025-10-03,2025-09-01/2025-11-20,E:\LandSlide-Prediction\data\pre_event\native_tif\NEG00831.tif,E:\LandSlide-Prediction\data\pre_event\png_256\NEG00831.png,
NEG00832,0,success,S2C_MSIL2A_20251003T050621_R076_T44NMP_20251003T090812,2.112417,0.0,2025-10-03,2025-09-01/2025-11-20,E:\LandSlide-Prediction\data\pre_event\native_tif\NEG00832.tif,E:\LandSlide-Prediction\data\pre_event\png_256\NEG00832.png,
NEG00833,0,success,S2A_MSIL2A_20250908T050231_R119_T44NMP_20250908T080413,40.256369,0.0,2025-09-08,2025-09-01/2025-11-20,E:\LandSlide-Prediction\data\pre_event\native_tif\NEG00833.tif,E:\LandSlide-Prediction\data\pre_event\png_256\NEG00833.png,
NEG00834,0,success,S2A_MSIL2A_20250908T050231_R119_T44NMP_20250908T080413,40.256369,21.68,2025-09-08,2025-09-01/2025-11-20,E:\LandSlide-Prediction\data\pre_event\native_tif\NEG00834.tif,E:\LandSlide-Prediction\data\pre_event\png_256\NEG00834.png,
NEG00835,0,success,S2C_MSIL2A_20251003T050621_R076_T44NMP_20251003T090812,2.112417,0.0,2025-10-03,2025-09-01/2025-11-20,E:\LandSlide-Prediction\data\pre_event\native_tif\NEG00835.tif,E:\LandSlide-Prediction\data\pre_event\png_256\NEG00835.png,
NEG00836,0,success,S2C_MSIL2A_20251003T050621_R076_T44NMN_20251003T090812,8.674505,0.0,2025-10-03,2025-09-01/2025-11-20,E:\LandSlide-Prediction\data\pre_event\native_tif\NEG00836.tif,E:\LandSlide-Prediction\data\pre_event\png_256\NEG00836.png,
NEG00837,0,success,S2C_MSIL2A_20251003T050621_R076_T44NMN_20251003T090812,8.674505,0.0,2025-10-03,2025-09-01/2025-11-20,E:\LandSlide-Prediction\data\pre_event\native_tif\NEG00837.tif,E:\LandSlide-Prediction\data\pre_event\png_256\NEG00837.png,
NEG00838,0,success,S2C_MSIL2A_20251003T050621_R076_T44NMP_20251003T090812,2.112417,0.0,2025-10-03,2025-09-01/2025-11-20,E:\LandSlide-Prediction\data\pre_event\native_tif\NEG00838.tif,E:\LandSlide-Prediction\data\pre_event\png_256\NEG00838.png,
NEG00839,0,success,S2B_MSIL2A_20251031T045839_R119_T44NMP_20251031T072153,16.524501,0.83,2025-10-31,2025-09-01/2025-11-20,E:\LandSlide-Prediction\data\pre_event\native_tif\NEG00839.tif,E:\LandSlide-Prediction\data\pre_event\png_256\NEG00839.png,
NEG00840,0,success,S2C_MSIL2A_20250728T045721_R119_T44NMN_20250728T095413,28.22125,18.46,2025-07-28,2025-06-01/2025-08-31,E:\LandSlide-Prediction\data\pre_event\native_tif\NEG00840.tif,E:\LandSlide-Prediction\data\pre_event\png_256\NEG00840.png,
NEG00841,0,success,S2C_MSIL2A_20251003T050621_R076_T44NMN_20251003T090812,8.674505,2.05,2025-10-03,2025-09-01/2025-11-20,E:\LandSlide-Prediction\data\pre_event\native_tif\NEG00841.tif,E:\LandSlide-Prediction\data\pre_event\png_256\NEG00841.png,
NEG00842,0,success,S2C_MSIL2A_20251003T050621_R076_T44NMP_20251003T090812,2.112417,0.0,2025-10-03,2025-09-01/2025-11-20,E:\LandSlide-Prediction\data\pre_event\native_tif\NEG00842.tif,E:\LandSlide-Prediction\data\pre_event\png_256\NEG00842.png,
NEG00843,0,success,S2B_MSIL2A_20251031T045839_R119_T44NMN_20251031T072153,14.801013,0.0,2025-10-31,2025-09-01/2025-11-20,E:\LandSlide-Prediction\data\pre_event\native_tif\NEG00843.tif,E:\LandSlide-Prediction\data\pre_event\png_256\NEG00843.png,
NEG00844,0,success,S2B_MSIL2A_20251031T045839_R119_T44NMN_20251031T072153,14.801013,0.0,2025-10-31,2025-09-01/2025-11-20,E:\LandSlide-Prediction\data\pre_event\native_tif\NEG00844.tif,E:\LandSlide-Prediction\data\pre_event\png_256\NEG00844.png,
NEG00845,0,success,S2C_MSIL2A_20251003T050621_R076_T44NMP_20251003T090812,2.112417,3.42,2025-10-03,2025-09-01/2025-11-20,E:\LandSlide-Prediction\data\pre_event\native_tif\NEG00845.tif,E:\LandSlide-Prediction\data\pre_event\png_256\NEG00845.png,
NEG00846,0,success,S2B_MSIL2A_20251031T045839_R119_T44NMP_20251031T072153,16.524501,11.72,2025-10-31,2025-09-01/2025-11-20,E:\LandSlide-Prediction\data\pre_event\native_tif\NEG00846.tif,E:\LandSlide-Prediction\data\pre_event\png_256\NEG00846.png,
NEG00847,0,success,S2C_MSIL2A_20251003T050621_R076_T44NMN_20251003T090812,8.674505,0.0,2025-10-03,2025-09-01/2025-11-20,E:\LandSlide-Prediction\data\pre_event\native_tif\NEG00847.tif,E:\LandSlide-Prediction\data\pre_event\png_256\NEG00847.png,
NEG00848,0,success,S2A_MSIL2A_20250730T050241_R119_T44NMN_20250730T081115,46.099904,11.18,2025-07-30,2025-06-01/2025-08-31,E:\LandSlide-Prediction\data\pre_event\native_tif\NEG00848.tif,E:\LandSlide-Prediction\data\pre_event\png_256\NEG00848.png,
NEG00849,0,success,S2B_MSIL2A_20251031T045839_R119_T44NMN_20251031T072153,14.801013,0.0,2025-10-31,2025-09-01/2025-11-20,E:\LandSlide-Prediction\data\pre_event\native_tif\NEG00849.tif,E:\LandSlide-Prediction\data\pre_event\png_256\NEG00849.png,
NEG00850,0,success,S2C_MSIL2A_20251006T045711_R119_T44NMP_20251006T093213,47.28899,22.19,2025-10-06,2025-09-01/2025-11-20,E:\LandSlide-Prediction\data\pre_event\native_tif\NEG00850.tif,E:\LandSlide-Prediction\data\pre_event\png_256\NEG00850.png,
NEG00851,0,success,S2B_MSIL2A_20251031T045839_R119_T44NMN_20251031T072153,14.801013,0.0,2025-10-31,2025-09-01/2025-11-20,E:\LandSlide-Prediction\data\pre_event\native_tif\NEG00851.tif,E:\LandSlide-Prediction\data\pre_event\png_256\NEG00851.png,
NEG00852,0,success,S2B_MSIL2A_20251031T045839_R119_T44NMN_20251031T072153,14.801013,0.0,2025-10-31,2025-09-01/2025-11-20,E:\LandSlide-Prediction\data\pre_event\native_tif\NEG00852.tif,E:\LandSlide-Prediction\data\pre_event\png_256\NEG00852.png,
NEG00853,0,success,S2C_MSIL2A_20251003T050621_R076_T44NMP_20251003T090812,2.112417,0.0,2025-10-03,2025-09-01/2025-11-20,E:\LandSlide-Prediction\data\pre_event\native_tif\NEG00853.tif,E:\LandSlide-Prediction\data\pre_event\png_256\NEG00853.png,
NEG00854,0,success,S2B_MSIL2A_20251031T045839_R119_T44NMN_20251031T072153,14.801013,0.0,2025-10-31,2025-09-01/2025-11-20,E:\LandSlide-Prediction\data\pre_event\native_tif\NEG00854.tif,E:\LandSlide-Prediction\data\pre_event\png_256\NEG00854.png,
NEG00855,0,success,S2B_MSIL2A_20251008T050559_R076_T44NNN_20251008T082000,19.039197,0.0,2025-10-08,2025-09-01/2025-11-20,E:\LandSlide-Prediction\data\pre_event\native_tif\NEG00855.tif,E:\LandSlide-Prediction\data\pre_event\png_256\NEG00855.png,
NEG00856,0,success,S2B_MSIL2A_20250911T045659_R119_T44NMP_20250911T084431,52.030182,0.0,2025-09-11,2025-09-01/2025-11-20,E:\LandSlide-Prediction\data\pre_event\native_tif\NEG00856.tif,E:\LandSlide-Prediction\data\pre_event\png_256\NEG00856.png,
NEG00857,0,success,S2B_MSIL2A_20251031T045839_R119_T44NMN_20251031T072153,14.801013,0.0,2025-10-31,2025-09-01/2025-11-20,E:\LandSlide-Prediction\data\pre_event\native_tif\NEG00857.tif,E:\LandSlide-Prediction\data\pre_event\png_256\NEG00857.png,
NEG00858,0,success,S2C_MSIL2A_20251003T050621_R076_T44NMP_20251003T090812,2.112417,15.43,2025-10-03,2025-09-01/2025-11-20,E:\LandSlide-Prediction\data\pre_event\native_tif\NEG00858.tif,E:\LandSlide-Prediction\data\pre_event\png_256\NEG00858.png,
NEG00859,0,success,S2C_MSIL2A_20251003T050621_R076_T44NMN_20251003T090812,8.674505,0.0,2025-10-03,2025-09-01/2025-11-20,E:\LandSlide-Prediction\data\pre_event\native_tif\NEG00859.tif,E:\LandSlide-Prediction\data\pre_event\png_256\NEG00859.png,
NEG00860,0,success,S2C_MSIL2A_20251003T050621_R076_T44NMP_20251003T090812,2.112417,0.0,2025-10-03,2025-09-01/2025-11-20,E:\LandSlide-Prediction\data\pre_event\native_tif\NEG00860.tif,E:\LandSlide-Prediction\data\pre_event\png_256\NEG00860.png,
NEG00861,0,success,S2B_MSIL2A_20251008T050559_R076_T44NNN_20251008T082000,19.039197,0.0,2025-10-08,2025-09-01/2025-11-20,E:\LandSlide-Prediction\data\pre_event\native_tif\NEG00861.tif,E:\LandSlide-Prediction\data\pre_event\png_256\NEG00861.png,
NEG00862,0,success,S2B_MSIL2A_20251031T045839_R119_T44NMN_20251031T072153,14.801013,0.0,2025-10-31,2025-09-01/2025-11-20,E:\LandSlide-Prediction\data\pre_event\native_tif\NEG00862.tif,E:\LandSlide-Prediction\data\pre_event\png_256\NEG00862.png,
NEG00863,0,success,S2B_MSIL2A_20251031T045839_R119_T44NMP_20251031T072153,16.524501,0.0,2025-10-31,2025-09-01/2025-11-20,E:\LandSlide-Prediction\data\pre_event\native_tif\NEG00863.tif,E:\LandSlide-Prediction\data\pre_event\png_256\NEG00863.png,
NEG00864,0,success,S2B_MSIL2A_20251031T045839_R119_T44NMP_20251031T072153,16.524501,13.04,2025-10-31,2025-09-01/2025-11-20,E:\LandSlide-Prediction\data\pre_event\native_tif\NEG00864.tif,E:\LandSlide-Prediction\data\pre_event\png_256\NEG00864.png,
NEG00865,0,success,S2C_MSIL2A_20251003T050621_R076_T44NMN_20251003T090812,8.674505,0.0,2025-10-03,2025-09-01/2025-11-20,E:\LandSlide-Prediction\data\pre_event\native_tif\NEG00865.tif,E:\LandSlide-Prediction\data\pre_event\png_256\NEG00865.png,
NEG00866,0,success,S2C_MSIL2A_20251003T050621_R076_T44NMN_20251003T090812,8.674505,17.09,2025-10-03,2025-09-01/2025-11-20,E:\LandSlide-Prediction\data\pre_event\native_tif\NEG00866.tif,E:\LandSlide-Prediction\data\pre_event\png_256\NEG00866.png,
NEG00867,0,success,S2B_MSIL2A_20251031T045839_R119_T44NMP_20251031T072153,16.524501,8.35,2025-10-31,2025-09-01/2025-11-20,E:\LandSlide-Prediction\data\pre_event\native_tif\NEG00867.tif,E:\LandSlide-Prediction\data\pre_event\png_256\NEG00867.png,
NEG00868,0,success,S2C_MSIL2A_20251003T050621_R076_T44NMP_20251003T090812,2.112417,0.0,2025-10-03,2025-09-01/2025-11-20,E:\LandSlide-Prediction\data\pre_event\native_tif\NEG00868.tif,E:\LandSlide-Prediction\data\pre_event\png_256\NEG00868.png,
NEG00869,0,success,S2C_MSIL2A_20251003T050621_R076_T44NMP_20251003T090812,2.112417,0.0,2025-10-03,2025-09-01/2025-11-20,E:\LandSlide-Prediction\data\pre_event\native_tif\NEG00869.tif,E:\LandSlide-Prediction\data\pre_event\png_256\NEG00869.png,
NEG00870,0,success,S2C_MSIL2A_20251003T050621_R076_T44NMN_20251003T090812,8.674505,0.0,2025-10-03,2025-09-01/2025-11-20,E:\LandSlide-Prediction\data\pre_event\native_tif\NEG00870.tif,E:\LandSlide-Prediction\data\pre_event\png_256\NEG00870.png,
NEG00871,0,success,S2B_MSIL2A_20251031T045839_R119_T44NMP_20251031T072153,16.524501,2.25,2025-10-31,2025-09-01/2025-11-20,E:\LandSlide-Prediction\data\pre_event\native_tif\NEG00871.tif,E:\LandSlide-Prediction\data\pre_event\png_256\NEG00871.png,
NEG00872,0,success,S2A_MSIL2A_20250730T050241_R119_T44NMP_20250730T081115,10.341509,0.0,2025-07-30,2025-06-01/2025-08-31,E:\LandSlide-Prediction\data\pre_event\native_tif\NEG00872.tif,E:\LandSlide-Prediction\data\pre_event\png_256\NEG00872.png,
NEG00873,0,success,S2B_MSIL2A_20251031T045839_R119_T44NMN_20251031T072153,14.801013,0.0,2025-10-31,2025-09-01/2025-11-20,E:\LandSlide-Prediction\data\pre_event\native_tif\NEG00873.tif,E:\LandSlide-Prediction\data\pre_event\png_256\NEG00873.png,
NEG00874,0,success,S2C_MSIL2A_20251003T050621_R076_T44NMN_20251003T090812,8.674505,4.59,2025-10-03,2025-09-01/2025-11-20,E:\LandSlide-Prediction\data\pre_event\native_tif\NEG00874.tif,E:\LandSlide-Prediction\data\pre_event\png_256\NEG00874.png,
NEG00875,0,success,S2B_MSIL2A_20251031T045839_R119_T44NMN_20251031T072153,14.801013,0.88,2025-10-31,2025-09-01/2025-11-20,E:\LandSlide-Prediction\data\pre_event\native_tif\NEG00875.tif,E:\LandSlide-Prediction\data\pre_event\png_256\NEG00875.png,
NEG00876,0,success,S2C_MSIL2A_20251003T050621_R076_T44NMP_20251003T090812,2.112417,0.0,2025-10-03,2025-09-01/2025-11-20,E:\LandSlide-Prediction\data\pre_event\native_tif\NEG00876.tif,E:\LandSlide-Prediction\data\pre_event\png_256\NEG00876.png,
NEG00877,0,success,S2B_MSIL2A_20251008T050559_R076_T44NNN_20251008T082000,19.039197,0.0,2025-10-08,2025-09-01/2025-11-20,E:\LandSlide-Prediction\data\pre_event\native_tif\NEG00877.tif,E:\LandSlide-Prediction\data\pre_event\png_256\NEG00877.png,
NEG00878,0,success,S2C_MSIL2A_20251003T050621_R076_T44NMN_20251003T090812,8.674505,4.03,2025-10-03,2025-09-01/2025-11-20,E:\LandSlide-Prediction\data\pre_event\native_tif\NEG00878.tif,E:\LandSlide-Prediction\data\pre_event\png_256\NEG00878.png,
NEG00879,0,success,S2B_MSIL2A_20251120T050019_R119_T44NMP_20251120T072045,64.567739,0.0,2025-11-20,2025-09-01/2025-11-20,E:\LandSlide-Prediction\data\pre_event\native_tif\NEG00879.tif,E:\LandSlide-Prediction\data\pre_event\png_256\NEG00879.png,
NEG00880,0,success,S2B_MSIL2A_20251031T045839_R119_T44NMP_20251031T072153,16.524501,0.0,2025-10-31,2025-09-01/2025-11-20,E:\LandSlide-Prediction\data\pre_event\native_tif\NEG00880.tif,E:\LandSlide-Prediction\data\pre_event\png_256\NEG00880.png,
NEG00881,0,success,S2B_MSIL2A_20251031T045839_R119_T44NLN_20251031T072153,5.151897,0.0,2025-10-31,2025-09-01/2025-11-20,E:\LandSlide-Prediction\data\pre_event\native_tif\NEG00881.tif,E:\LandSlide-Prediction\data\pre_event\png_256\NEG00881.png,
NEG00882,0,success,S2A_MSIL2A_20250908T050231_R119_T44NMP_20250908T080413,40.256369,0.1,2025-09-08,2025-09-01/2025-11-20,E:\LandSlide-Prediction\data\pre_event\native_tif\NEG00882.tif,E:\LandSlide-Prediction\data\pre_event\png_256\NEG00882.png,
NEG00883,0,success,S2C_MSIL2A_20251003T050621_R076_T44NMN_20251003T090812,8.674505,0.2,2025-10-03,2025-09-01/2025-11-20,E:\LandSlide-Prediction\data\pre_event\native_tif\NEG00883.tif,E:\LandSlide-Prediction\data\pre_event\png_256\NEG00883.png,
NEG00884,0,success,S2C_MSIL2A_20251003T050621_R076_T44NMP_20251003T090812,2.112417,0.83,2025-10-03,2025-09-01/2025-11-20,E:\LandSlide-Prediction\data\pre_event\native_tif\NEG00884.tif,E:\LandSlide-Prediction\data\pre_event\png_256\NEG00884.png,
NEG00885,0,success,S2B_MSIL2A_20251001T045659_R119_T44NMN_20251001T082912,44.625133,1.71,2025-10-01,2025-09-01/2025-11-20,E:\LandSlide-Prediction\data\pre_event\native_tif\NEG00885.tif,E:\LandSlide-Prediction\data\pre_event\png_256\NEG00885.png,
NEG00886,0,success,S2A_MSIL2A_20250908T050231_R119_T44NMP_20250908T080413,40.256369,8.47,2025-09-08,2025-09-01/2025-11-20,E:\LandSlide-Prediction\data\pre_event\native_tif\NEG00886.tif,E:\LandSlide-Prediction\data\pre_event\png_256\NEG00886.png,
NEG00887,0,success,S2C_MSIL2A_20251003T050621_R076_T44NMP_20251003T090812,2.112417,11.04,2025-10-03,2025-09-01/2025-11-20,E:\LandSlide-Prediction\data\pre_event\native_tif\NEG00887.tif,E:\LandSlide-Prediction\data\pre_event\png_256\NEG00887.png,
NEG00888,0,success,S2C_MSIL2A_20251003T050621_R076_T44NMP_20251003T090812,2.112417,0.0,2025-10-03,2025-09-01/2025-11-20,E:\LandSlide-Prediction\data\pre_event\native_tif\NEG00888.tif,E:\LandSlide-Prediction\data\pre_event\png_256\NEG00888.png,
NEG00889,0,success,S2C_MSIL2A_20251003T050621_R076_T44NMN_20251003T090812,8.674505,0.0,2025-10-03,2025-09-01/2025-11-20,E:\LandSlide-Prediction\data\pre_event\native_tif\NEG00889.tif,E:\LandSlide-Prediction\data\pre_event\png_256\NEG00889.png,
NEG00890,0,success,S2B_MSIL2A_20251120T050019_R119_T44NMP_20251120T072045,64.567739,1.95,2025-11-20,2025-09-01/2025-11-20,E:\LandSlide-Prediction\data\pre_event\native_tif\NEG00890.tif,E:\LandSlide-Prediction\data\pre_event\png_256\NEG00890.png,
NEG00891,0,success,S2B_MSIL2A_20251008T050559_R076_T44NNN_20251008T082000,19.039197,0.0,2025-10-08,2025-09-01/2025-11-20,E:\LandSlide-Prediction\data\pre_event\native_tif\NEG00891.tif,E:\LandSlide-Prediction\data\pre_event\png_256\NEG00891.png,
NEG00892,0,success,S2C_MSIL2A_20250728T045721_R119_T44NMN_20250728T095413,28.22125,0.0,2025-07-28,2025-06-01/2025-08-31,E:\LandSlide-Prediction\data\pre_event\native_tif\NEG00892.tif,E:\LandSlide-Prediction\data\pre_event\png_256\NEG00892.png,
NEG00893,0,success,S2B_MSIL2A_20251001T045659_R119_T44NMN_20251001T082912,44.625133,0.0,2025-10-01,2025-09-01/2025-11-20,E:\LandSlide-Prediction\data\pre_event\native_tif\NEG00893.tif,E:\LandSlide-Prediction\data\pre_event\png_256\NEG00893.png,
NEG00894,0,success,S2B_MSIL2A_20251031T045839_R119_T44NMP_20251031T072153,16.524501,8.45,2025-10-31,2025-09-01/2025-11-20,E:\LandSlide-Prediction\data\pre_event\native_tif\NEG00894.tif,E:\LandSlide-Prediction\data\pre_event\png_256\NEG00894.png,
NEG00895,0,success,S2B_MSIL2A_20251031T045839_R119_T44NMN_20251031T072153,14.801013,8.84,2025-10-31,2025-09-01/2025-11-20,E:\LandSlide-Prediction\data\pre_event\native_tif\NEG00895.tif,E:\LandSlide-Prediction\data\pre_event\png_256\NEG00895.png,
NEG00896,0,success,S2C_MSIL2A_20251003T050621_R076_T44NMP_20251003T090812,2.112417,0.0,2025-10-03,2025-09-01/2025-11-20,E:\LandSlide-Prediction\data\pre_event\native_tif\NEG00896.tif,E:\LandSlide-Prediction\data\pre_event\png_256\NEG00896.png,
NEG00897,0,success,S2B_MSIL2A_20251031T045839_R119_T44NLN_20251031T072153,5.151897,9.25,2025-10-31,2025-09-01/2025-11-20,E:\LandSlide-Prediction\data\pre_event\native_tif\NEG00897.tif,E:\LandSlide-Prediction\data\pre_event\png_256\NEG00897.png,
NEG00898,0,success,S2C_MSIL2A_20251003T050621_R076_T44NMP_20251003T090812,2.112417,0.0,2025-10-03,2025-09-01/2025-11-20,E:\LandSlide-Prediction\data\pre_event\native_tif\NEG00898.tif,E:\LandSlide-Prediction\data\pre_event\png_256\NEG00898.png,
NEG00899,0,success,S2C_MSIL2A_20251003T050621_R076_T44NMN_20251003T090812,8.674505,0.0,2025-10-03,2025-09-01/2025-11-20,E:\LandSlide-Prediction\data\pre_event\native_tif\NEG00899.tif,E:\LandSlide-Prediction\data\pre_event\png_256\NEG00899.png,
NEG00900,0,success,S2B_MSIL2A_20250911T045659_R119_T44NMP_20250911T084431,52.030182,10.99,2025-09-11,2025-09-01/2025-11-20,E:\LandSlide-Prediction\data\pre_event\native_tif\NEG00900.tif,E:\LandSlide-Prediction\data\pre_event\png_256\NEG00900.png,
NEG00901,0,success,S2B_MSIL2A_20250822T045659_R119_T44NMN_20250822T072904,45.603779,0.07,2025-08-22,2025-06-01/2025-08-31,E:\LandSlide-Prediction\data\pre_event\native_tif\NEG00901.tif,E:\LandSlide-Prediction\data\pre_event\png_256\NEG00901.png,
NEG00902,0,success,S2C_MSIL2A_20251003T050621_R076_T44NMP_20251003T090812,2.112417,0.0,2025-10-03,2025-09-01/2025-11-20,E:\LandSlide-Prediction\data\pre_event\native_tif\NEG00902.tif,E:\LandSlide-Prediction\data\pre_event\png_256\NEG00902.png,
NEG00903,0,success,S2C_MSIL2A_20251003T050621_R076_T44NMP_20251003T090812,2.112417,0.0,2025-10-03,2025-09-01/2025-11-20,E:\LandSlide-Prediction\data\pre_event\native_tif\NEG00903.tif,E:\LandSlide-Prediction\data\pre_event\png_256\NEG00903.png,
NEG00904,0,success,S2B_MSIL2A_20251001T045659_R119_T44NLN_20251001T082912,15.653323,0.0,2025-10-01,2025-09-01/2025-11-20,E:\LandSlide-Prediction\data\pre_event\native_tif\NEG00904.tif,E:\LandSlide-Prediction\data\pre_event\png_256\NEG00904.png,
NEG00905,0,success,S2C_MSIL2A_20251003T050621_R076_T44NMN_20251003T090812,8.674505,0.0,2025-10-03,2025-09-01/2025-11-20,E:\LandSlide-Prediction\data\pre_event\native_tif\NEG00905.tif,E:\LandSlide-Prediction\data\pre_event\png_256\NEG00905.png,
NEG00906,0,success,S2C_MSIL2A_20251006T045711_R119_T44NMP_20251006T093213,47.28899,2.71,2025-10-06,2025-09-01/2025-11-20,E:\LandSlide-Prediction\data\pre_event\native_tif\NEG00906.tif,E:\LandSlide-Prediction\data\pre_event\png_256\NEG00906.png,
NEG00907,0,success,S2B_MSIL2A_20251001T045659_R119_T44NMN_20251001T082912,44.625133,0.0,2025-10-01,2025-09-01/2025-11-20,E:\LandSlide-Prediction\data\pre_event\native_tif\NEG00907.tif,E:\LandSlide-Prediction\data\pre_event\png_256\NEG00907.png,
NEG00908,0,success,S2B_MSIL2A_20251031T045839_R119_T44NMN_20251031T072153,14.801013,0.0,2025-10-31,2025-09-01/2025-11-20,E:\LandSlide-Prediction\data\pre_event\native_tif\NEG00908.tif,E:\LandSlide-Prediction\data\pre_event\png_256\NEG00908.png,
NEG00909,0,success,S2B_MSIL2A_20251031T045839_R119_T44NMP_20251031T072153,16.524501,1.07,2025-10-31,2025-09-01/2025-11-20,E:\LandSlide-Prediction\data\pre_event\native_tif\NEG00909.tif,E:\LandSlide-Prediction\data\pre_event\png_256\NEG00909.png,
NEG00910,0,success,S2A_MSIL2A_20250908T050231_R119_T44NMP_20250908T080413,40.256369,10.94,2025-09-08,2025-09-01/2025-11-20,E:\LandSlide-Prediction\data\pre_event\native_tif\NEG00910.tif,E:\LandSlide-Prediction\data\pre_event\png_256\NEG00910.png,
NEG00911,0,success,S2B_MSIL2A_20251031T045839_R119_T44NMP_20251031T072153,16.524501,0.1,2025-10-31,2025-09-01/2025-11-20,E:\LandSlide-Prediction\data\pre_event\native_tif\NEG00911.tif,E:\LandSlide-Prediction\data\pre_event\png_256\NEG00911.png,
NEG00912,0,success,S2C_MSIL2A_20251003T050621_R076_T44NMP_20251003T090812,2.112417,0.0,2025-10-03,2025-09-01/2025-11-20,E:\LandSlide-Prediction\data\pre_event\native_tif\NEG00912.tif,E:\LandSlide-Prediction\data\pre_event\png_256\NEG00912.png,
NEG00913,0,success,S2B_MSIL2A_20251031T045839_R119_T44NMP_20251031T072153,16.524501,0.29,2025-10-31,2025-09-01/2025-11-20,E:\LandSlide-Prediction\data\pre_event\native_tif\NEG00913.tif,E:\LandSlide-Prediction\data\pre_event\png_256\NEG00913.png,
NEG00914,0,success,S2C_MSIL2A_20251003T050621_R076_T44NMP_20251003T090812,2.112417,0.0,2025-10-03,2025-09-01/2025-11-20,E:\LandSlide-Prediction\data\pre_event\native_tif\NEG00914.tif,E:\LandSlide-Prediction\data\pre_event\png_256\NEG00914.png,
NEG00915,0,success,S2C_MSIL2A_20251003T050621_R076_T44NMN_20251003T090812,8.674505,0.0,2025-10-03,2025-09-01/2025-11-20,E:\LandSlide-Prediction\data\pre_event\native_tif\NEG00915.tif,E:\LandSlide-Prediction\data\pre_event\png_256\NEG00915.png,
NEG00916,0,success,S2C_MSIL2A_20250728T045721_R119_T44NMP_20250728T095413,9.404943,23.73,2025-07-28,2025-06-01/2025-08-31,E:\LandSlide-Prediction\data\pre_event\native_tif\NEG00916.tif,E:\LandSlide-Prediction\data\pre_event\png_256\NEG00916.png,
NEG00917,0,success,S2C_MSIL2A_20251003T050621_R076_T44NMN_20251003T090812,8.674505,0.0,2025-10-03,2025-09-01/2025-11-20,E:\LandSlide-Prediction\data\pre_event\native_tif\NEG00917.tif,E:\LandSlide-Prediction\data\pre_event\png_256\NEG00917.png,
NEG00918,0,success,S2C_MSIL2A_20250728T045721_R119_T44NMP_20250728T095413,9.404943,15.09,2025-07-28,2025-06-01/2025-08-31,E:\LandSlide-Prediction\data\pre_event\native_tif\NEG00918.tif,E:\LandSlide-Prediction\data\pre_event\png_256\NEG00918.png,
NEG00919,0,success,S2C_MSIL2A_20251003T050621_R076_T44NMN_20251003T090812,8.674505,0.0,2025-10-03,2025-09-01/2025-11-20,E:\LandSlide-Prediction\data\pre_event\native_tif\NEG00919.tif,E:\LandSlide-Prediction\data\pre_event\png_256\NEG00919.png,
NEG00920,0,success,S2B_MSIL2A_20251031T045839_R119_T44NMN_20251031T072153,14.801013,1.56,2025-10-31,2025-09-01/2025-11-20,E:\LandSlide-Prediction\data\pre_event\native_tif\NEG00920.tif,E:\LandSlide-Prediction\data\pre_event\png_256\NEG00920.png,
NEG00921,0,success,S2C_MSIL2A_20251003T050621_R076_T44NMP_20251003T090812,2.112417,0.0,2025-10-03,2025-09-01/2025-11-20,E:\LandSlide-Prediction\data\pre_event\native_tif\NEG00921.tif,E:\LandSlide-Prediction\data\pre_event\png_256\NEG00921.png,
NEG00922,0,success,S2B_MSIL2A_20251031T045839_R119_T44NMN_20251031T072153,14.801013,0.0,2025-10-31,2025-09-01/2025-11-20,E:\LandSlide-Prediction\data\pre_event\native_tif\NEG00922.tif,E:\LandSlide-Prediction\data\pre_event\png_256\NEG00922.png,
NEG00923,0,success,S2B_MSIL2A_20251031T045839_R119_T44NMP_20251031T072153,16.524501,7.42,2025-10-31,2025-09-01/2025-11-20,E:\LandSlide-Prediction\data\pre_event\native_tif\NEG00923.tif,E:\LandSlide-Prediction\data\pre_event\png_256\NEG00923.png,
NEG00924,0,success,S2C_MSIL2A_20251003T050621_R076_T44NMP_20251003T090812,2.112417,0.0,2025-10-03,2025-09-01/2025-11-20,E:\LandSlide-Prediction\data\pre_event\native_tif\NEG00924.tif,E:\LandSlide-Prediction\data\pre_event\png_256\NEG00924.png,
NEG00925,0,success,S2C_MSIL2A_20251003T050621_R076_T44NMP_20251003T090812,2.112417,0.0,2025-10-03,2025-09-01/2025-11-20,E:\LandSlide-Prediction\data\pre_event\native_tif\NEG00925.tif,E:\LandSlide-Prediction\data\pre_event\png_256\NEG00925.png,
NEG00926,0,success,S2B_MSIL2A_20251031T045839_R119_T44NMN_20251031T072153,14.801013,0.0,2025-10-31,2025-09-01/2025-11-20,E:\LandSlide-Prediction\data\pre_event\native_tif\NEG00926.tif,E:\LandSlide-Prediction\data\pre_event\png_256\NEG00926.png,
NEG00927,0,success,S2C_MSIL2A_20251003T050621_R076_T44NMN_20251003T090812,8.674505,0.0,2025-10-03,2025-09-01/2025-11-20,E:\LandSlide-Prediction\data\pre_event\native_tif\NEG00927.tif,E:\LandSlide-Prediction\data\pre_event\png_256\NEG00927.png,
NEG00928,0,success,S2C_MSIL2A_20251003T050621_R076_T44NMN_20251003T090812,8.674505,0.0,2025-10-03,2025-09-01/2025-11-20,E:\LandSlide-Prediction\data\pre_event\native_tif\NEG00928.tif,E:\LandSlide-Prediction\data\pre_event\png_256\NEG00928.png,
NEG00929,0,success,S2C_MSIL2A_20251003T050621_R076_T44NMN_20251003T090812,8.674505,0.0,2025-10-03,2025-09-01/2025-11-20,E:\LandSlide-Prediction\data\pre_event\native_tif\NEG00929.tif,E:\LandSlide-Prediction\data\pre_event\png_256\NEG00929.png,
NEG00930,0,success,S2C_MSIL2A_20251003T050621_R076_T44NMN_20251003T090812,8.674505,11.08,2025-10-03,2025-09-01/2025-11-20,E:\LandSlide-Prediction\data\pre_event\native_tif\NEG00930.tif,E:\LandSlide-Prediction\data\pre_event\png_256\NEG00930.png,
NEG00931,0,success,S2B_MSIL2A_20251031T045839_R119_T44NMN_20251031T072153,14.801013,0.0,2025-10-31,2025-09-01/2025-11-20,E:\LandSlide-Prediction\data\pre_event\native_tif\NEG00931.tif,E:\LandSlide-Prediction\data\pre_event\png_256\NEG00931.png,
NEG00932,0,success,S2C_MSIL2A_20250913T050621_R076_T44NNN_20250913T092114,28.331435,0.0,2025-09-13,2025-09-01/2025-11-20,E:\LandSlide-Prediction\data\pre_event\native_tif\NEG00932.tif,E:\LandSlide-Prediction\data\pre_event\png_256\NEG00932.png,
NEG00933,0,success,S2C_MSIL2A_20251003T050621_R076_T44NMN_20251003T090812,8.674505,0.0,2025-10-03,2025-09-01/2025-11-20,E:\LandSlide-Prediction\data\pre_event\native_tif\NEG00933.tif,E:\LandSlide-Prediction\data\pre_event\png_256\NEG00933.png,
NEG00934,0,success,S2B_MSIL2A_20251031T045839_R119_T44NMP_20251031T072153,16.524501,0.0,2025-10-31,2025-09-01/2025-11-20,E:\LandSlide-Prediction\data\pre_event\native_tif\NEG00934.tif,E:\LandSlide-Prediction\data\pre_event\png_256\NEG00934.png,
NEG00935,0,success,S2B_MSIL2A_20251031T045839_R119_T44NMP_20251031T072153,16.524501,0.0,2025-10-31,2025-09-01/2025-11-20,E:\LandSlide-Prediction\data\pre_event\native_tif\NEG00935.tif,E:\LandSlide-Prediction\data\pre_event\png_256\NEG00935.png,
NEG00936,0,success,S2B_MSIL2A_20251031T045839_R119_T44NMN_20251031T072153,14.801013,0.0,2025-10-31,2025-09-01/2025-11-20,E:\LandSlide-Prediction\data\pre_event\native_tif\NEG00936.tif,E:\LandSlide-Prediction\data\pre_event\png_256\NEG00936.png,
NEG00937,0,success,S2C_MSIL2A_20251003T050621_R076_T44NMN_20251003T090812,8.674505,0.1,2025-10-03,2025-09-01/2025-11-20,E:\LandSlide-Prediction\data\pre_event\native_tif\NEG00937.tif,E:\LandSlide-Prediction\data\pre_event\png_256\NEG00937.png,
NEG00938,0,success,S2C_MSIL2A_20251003T050621_R076_T44NMN_20251003T090812,8.674505,0.78,2025-10-03,2025-09-01/2025-11-20,E:\LandSlide-Prediction\data\pre_event\native_tif\NEG00938.tif,E:\LandSlide-Prediction\data\pre_event\png_256\NEG00938.png,
NEG00939,0,success,S2B_MSIL2A_20251031T045839_R119_T44NMN_20251031T072153,14.801013,0.49,2025-10-31,2025-09-01/2025-11-20,E:\LandSlide-Prediction\data\pre_event\native_tif\NEG00939.tif,E:\LandSlide-Prediction\data\pre_event\png_256\NEG00939.png,
NEG00940,0,success,S2B_MSIL2A_20251031T045839_R119_T44NMN_20251031T072153,14.801013,0.0,2025-10-31,2025-09-01/2025-11-20,E:\LandSlide-Prediction\data\pre_event\native_tif\NEG00940.tif,E:\LandSlide-Prediction\data\pre_event\png_256\NEG00940.png,
NEG00941,0,success,S2B_MSIL2A_20251031T045839_R119_T44NMN_20251031T072153,14.801013,0.0,2025-10-31,2025-09-01/2025-11-20,E:\LandSlide-Prediction\data\pre_event\native_tif\NEG00941.tif,E:\LandSlide-Prediction\data\pre_event\png_256\NEG00941.png,
NEG00942,0,success,S2C_MSIL2A_20251003T050621_R076_T44NMN_20251003T090812,8.674505,0.0,2025-10-03,2025-09-01/2025-11-20,E:\LandSlide-Prediction\data\pre_event\native_tif\NEG00942.tif,E:\LandSlide-Prediction\data\pre_event\png_256\NEG00942.png,
NEG00943,0,success,S2B_MSIL2A_20251031T045839_R119_T44NMN_20251031T072153,14.801013,7.18,2025-10-31,2025-09-01/2025-11-20,E:\LandSlide-Prediction\data\pre_event\native_tif\NEG00943.tif,E:\LandSlide-Prediction\data\pre_event\png_256\NEG00943.png,
NEG00944,0,success,S2C_MSIL2A_20251003T050621_R076_T44NMN_20251003T090812,8.674505,0.0,2025-10-03,2025-09-01/2025-11-20,E:\LandSlide-Prediction\data\pre_event\native_tif\NEG00944.tif,E:\LandSlide-Prediction\data\pre_event\png_256\NEG00944.png,
NEG00945,0,success,S2B_MSIL2A_20251031T045839_R119_T44NMP_20251031T072153,16.524501,0.0,2025-10-31,2025-09-01/2025-11-20,E:\LandSlide-Prediction\data\pre_event\native_tif\NEG00945.tif,E:\LandSlide-Prediction\data\pre_event\png_256\NEG00945.png,
NEG00946,0,success,S2C_MSIL2A_20251003T050621_R076_T44NMN_20251003T090812,8.674505,0.0,2025-10-03,2025-09-01/2025-11-20,E:\LandSlide-Prediction\data\pre_event\native_tif\NEG00946.tif,E:\LandSlide-Prediction\data\pre_event\png_256\NEG00946.png,
NEG00947,0,success,S2B_MSIL2A_20251031T045839_R119_T44NMP_20251031T072153,16.524501,0.0,2025-10-31,2025-09-01/2025-11-20,E:\LandSlide-Prediction\data\pre_event\native_tif\NEG00947.tif,E:\LandSlide-Prediction\data\pre_event\png_256\NEG00947.png,
NEG00948,0,success,S2B_MSIL2A_20251031T045839_R119_T44NMN_20251031T072153,14.801013,0.0,2025-10-31,2025-09-01/2025-11-20,E:\LandSlide-Prediction\data\pre_event\native_tif\NEG00948.tif,E:\LandSlide-Prediction\data\pre_event\png_256\NEG00948.png,
NEG00949,0,success,S2B_MSIL2A_20251031T045839_R119_T44NMN_20251031T072153,14.801013,0.0,2025-10-31,2025-09-01/2025-11-20,E:\LandSlide-Prediction\data\pre_event\native_tif\NEG00949.tif,E:\LandSlide-Prediction\data\pre_event\png_256\NEG00949.png,
NEG00950,0,success,S2B_MSIL2A_20251031T045839_R119_T44NMP_20251031T072153,16.524501,0.1,2025-10-31,2025-09-01/2025-11-20,E:\LandSlide-Prediction\data\pre_event\native_tif\NEG00950.tif,E:\LandSlide-Prediction\data\pre_event\png_256\NEG00950.png,
NEG00951,0,success,S2C_MSIL2A_20251003T050621_R076_T44NMN_20251003T090812,8.674505,0.0,2025-10-03,2025-09-01/2025-11-20,E:\LandSlide-Prediction\data\pre_event\native_tif\NEG00951.tif,E:\LandSlide-Prediction\data\pre_event\png_256\NEG00951.png,
NEG00952,0,success,S2B_MSIL2A_20251031T045839_R119_T44NMN_20251031T072153,14.801013,22.36,2025-10-31,2025-09-01/2025-11-20,E:\LandSlide-Prediction\data\pre_event\native_tif\NEG00952.tif,E:\LandSlide-Prediction\data\pre_event\png_256\NEG00952.png,
NEG00953,0,success,S2B_MSIL2A_20251011T045659_R119_T44NMP_20251011T090705,62.988436,5.05,2025-10-11,2025-09-01/2025-11-20,E:\LandSlide-Prediction\data\pre_event\native_tif\NEG00953.tif,E:\LandSlide-Prediction\data\pre_event\png_256\NEG00953.png,
NEG00954,0,success,S2C_MSIL2A_20251003T050621_R076_T44NMP_20251003T090812,2.112417,0.0,2025-10-03,2025-09-01/2025-11-20,E:\LandSlide-Prediction\data\pre_event\native_tif\NEG00954.tif,E:\LandSlide-Prediction\data\pre_event\png_256\NEG00954.png,
NEG00955,0,success,S2B_MSIL2A_20251031T045839_R119_T44NMN_20251031T072153,14.801013,0.0,2025-10-31,2025-09-01/2025-11-20,E:\LandSlide-Prediction\data\pre_event\native_tif\NEG00955.tif,E:\LandSlide-Prediction\data\pre_event\png_256\NEG00955.png,
NEG00956,0,success,S2B_MSIL2A_20251031T045839_R119_T44NMN_20251031T072153,14.801013,2.59,2025-10-31,2025-09-01/2025-11-20,E:\LandSlide-Prediction\data\pre_event\native_tif\NEG00956.tif,E:\LandSlide-Prediction\data\pre_event\png_256\NEG00956.png,
NEG00957,0,success,S2A_MSIL2A_20250908T050231_R119_T44NMN_20250908T080413,52.450544,1.46,2025-09-08,2025-09-01/2025-11-20,E:\LandSlide-Prediction\data\pre_event\native_tif\NEG00957.tif,E:\LandSlide-Prediction\data\pre_event\png_256\NEG00957.png,
NEG00958,0,success,S2C_MSIL2A_20251003T050621_R076_T44NMP_20251003T090812,2.112417,0.0,2025-10-03,2025-09-01/2025-11-20,E:\LandSlide-Prediction\data\pre_event\native_tif\NEG00958.tif,E:\LandSlide-Prediction\data\pre_event\png_256\NEG00958.png,
NEG00959,0,success,S2B_MSIL2A_20251031T045839_R119_T44NMN_20251031T072153,14.801013,0.0,2025-10-31,2025-09-01/2025-11-20,E:\LandSlide-Prediction\data\pre_event\native_tif\NEG00959.tif,E:\LandSlide-Prediction\data\pre_event\png_256\NEG00959.png,
NEG00960,0,success,S2C_MSIL2A_20251003T050621_R076_T44NMP_20251003T090812,2.112417,0.0,2025-10-03,2025-09-01/2025-11-20,E:\LandSlide-Prediction\data\pre_event\native_tif\NEG00960.tif,E:\LandSlide-Prediction\data\pre_event\png_256\NEG00960.png,
NEG00961,0,success,S2C_MSIL2A_20251003T050621_R076_T44NMN_20251003T090812,8.674505,0.0,2025-10-03,2025-09-01/2025-11-20,E:\LandSlide-Prediction\data\pre_event\native_tif\NEG00961.tif,E:\LandSlide-Prediction\data\pre_event\png_256\NEG00961.png,
NEG00962,0,success,S2C_MSIL2A_20251003T050621_R076_T44NMN_20251003T090812,8.674505,15.43,2025-10-03,2025-09-01/2025-11-20,E:\LandSlide-Prediction\data\pre_event\native_tif\NEG00962.tif,E:\LandSlide-Prediction\data\pre_event\png_256\NEG00962.png,
NEG00963,0,success,S2C_MSIL2A_20251006T045711_R119_T44NMP_20251006T093213,47.28899,12.28,2025-10-06,2025-09-01/2025-11-20,E:\LandSlide-Prediction\data\pre_event\native_tif\NEG00963.tif,E:\LandSlide-Prediction\data\pre_event\png_256\NEG00963.png,
NEG00964,0,success,S2B_MSIL2A_20251011T045659_R119_T44NMP_20251011T090705,62.988436,19.56,2025-10-11,2025-09-01/2025-11-20,E:\LandSlide-Prediction\data\pre_event\native_tif\NEG00964.tif,E:\LandSlide-Prediction\data\pre_event\png_256\NEG00964.png,
NEG00965,0,success,S2C_MSIL2A_20251003T050621_R076_T44NMN_20251003T090812,8.674505,0.0,2025-10-03,2025-09-01/2025-11-20,E:\LandSlide-Prediction\data\pre_event\native_tif\NEG00965.tif,E:\LandSlide-Prediction\data\pre_event\png_256\NEG00965.png,
NEG00966,0,success,S2C_MSIL2A_20251006T045711_R119_T44NMP_20251006T093213,47.28899,2.25,2025-10-06,2025-09-01/2025-11-20,E:\LandSlide-Prediction\data\pre_event\native_tif\NEG00966.tif,E:\LandSlide-Prediction\data\pre_event\png_256\NEG00966.png,
NEG00967,0,success,S2B_MSIL2A_20251031T045839_R119_T44NMP_20251031T072153,16.524501,0.0,2025-10-31,2025-09-01/2025-11-20,E:\LandSlide-Prediction\data\pre_event\native_tif\NEG00967.tif,E:\LandSlide-Prediction\data\pre_event\png_256\NEG00967.png,
NEG00968,0,success,S2C_MSIL2A_20251006T045711_R119_T44NMP_20251006T093213,47.28899,21.0,2025-10-06,2025-09-01/2025-11-20,E:\LandSlide-Prediction\data\pre_event\native_tif\NEG00968.tif,E:\LandSlide-Prediction\data\pre_event\png_256\NEG00968.png,
NEG00969,0,success,S2B_MSIL2A_20251031T045839_R119_T44NLN_20251031T072153,5.151897,0.0,2025-10-31,2025-09-01/2025-11-20,E:\LandSlide-Prediction\data\pre_event\native_tif\NEG00969.tif,E:\LandSlide-Prediction\data\pre_event\png_256\NEG00969.png,
NEG00970,0,success,S2C_MSIL2A_20251003T050621_R076_T44NMN_20251003T090812,8.674505,0.0,2025-10-03,2025-09-01/2025-11-20,E:\LandSlide-Prediction\data\pre_event\native_tif\NEG00970.tif,E:\LandSlide-Prediction\data\pre_event\png_256\NEG00970.png,
NEG00971,0,success,S2B_MSIL2A_20251120T050019_R119_T44NMP_20251120T072045,64.567739,21.0,2025-11-20,2025-09-01/2025-11-20,E:\LandSlide-Prediction\data\pre_event\native_tif\NEG00971.tif,E:\LandSlide-Prediction\data\pre_event\png_256\NEG00971.png,
NEG00972,0,success,S2B_MSIL2A_20250908T050559_R076_T44NMP_20250908T070833,32.543674,15.09,2025-09-08,2025-09-01/2025-11-20,E:\LandSlide-Prediction\data\pre_event\native_tif\NEG00972.tif,E:\LandSlide-Prediction\data\pre_event\png_256\NEG00972.png,
NEG00973,0,success,S2C_MSIL2A_20251003T050621_R076_T44NMP_20251003T090812,2.112417,0.0,2025-10-03,2025-09-01/2025-11-20,E:\LandSlide-Prediction\data\pre_event\native_tif\NEG00973.tif,E:\LandSlide-Prediction\data\pre_event\png_256\NEG00973.png,
NEG00974,0,success,S2B_MSIL2A_20251031T045839_R119_T44NMP_20251031T072153,16.524501,0.0,2025-10-31,2025-09-01/2025-11-20,E:\LandSlide-Prediction\data\pre_event\native_tif\NEG00974.tif,E:\LandSlide-Prediction\data\pre_event\png_256\NEG00974.png,
NEG00975,0,success,S2C_MSIL2A_20251003T050621_R076_T44NMP_20251003T090812,2.112417,0.0,2025-10-03,2025-09-01/2025-11-20,E:\LandSlide-Prediction\data\pre_event\native_tif\NEG00975.tif,E:\LandSlide-Prediction\data\pre_event\png_256\NEG00975.png,
NEG00976,0,success,S2C_MSIL2A_20251003T050621_R076_T44NMP_20251003T090812,2.112417,0.0,2025-10-03,2025-09-01/2025-11-20,E:\LandSlide-Prediction\data\pre_event\native_tif\NEG00976.tif,E:\LandSlide-Prediction\data\pre_event\png_256\NEG00976.png,
NEG00977,0,success,S2B_MSIL2A_20251031T045839_R119_T44NLN_20251031T072153,5.151897,0.59,2025-10-31,2025-09-01/2025-11-20,E:\LandSlide-Prediction\data\pre_event\native_tif\NEG00977.tif,E:\LandSlide-Prediction\data\pre_event\png_256\NEG00977.png,
NEG00978,0,success,S2C_MSIL2A_20251003T050621_R076_T44NMP_20251003T090812,2.112417,0.29,2025-10-03,2025-09-01/2025-11-20,E:\LandSlide-Prediction\data\pre_event\native_tif\NEG00978.tif,E:\LandSlide-Prediction\data\pre_event\png_256\NEG00978.png,
NEG00979,0,success,S2B_MSIL2A_20251031T045839_R119_T44NMP_20251031T072153,16.524501,0.59,2025-10-31,2025-09-01/2025-11-20,E:\LandSlide-Prediction\data\pre_event\native_tif\NEG00979.tif,E:\LandSlide-Prediction\data\pre_event\png_256\NEG00979.png,
NEG00980,0,success,S2C_MSIL2A_20250913T050621_R076_T44NNN_20250913T092114,28.331435,2.73,2025-09-13,2025-09-01/2025-11-20,E:\LandSlide-Prediction\data\pre_event\native_tif\NEG00980.tif,E:\LandSlide-Prediction\data\pre_event\png_256\NEG00980.png,
NEG00981,0,success,S2C_MSIL2A_20251003T050621_R076_T44NMN_20251003T090812,8.674505,2.64,2025-10-03,2025-09-01/2025-11-20,E:\LandSlide-Prediction\data\pre_event\native_tif\NEG00981.tif,E:\LandSlide-Prediction\data\pre_event\png_256\NEG00981.png,
NEG00982,0,success,S2A_MSIL2A_20250908T050231_R119_T44NMP_20250908T080413,40.256369,0.0,2025-09-08,2025-09-01/2025-11-20,E:\LandSlide-Prediction\data\pre_event\native_tif\NEG00982.tif,E:\LandSlide-Prediction\data\pre_event\png_256\NEG00982.png,
NEG00983,0,success,S2C_MSIL2A_20250728T045721_R119_T44NMP_20250728T095413,9.404943,0.0,2025-07-28,2025-06-01/2025-08-31,E:\LandSlide-Prediction\data\pre_event\native_tif\NEG00983.tif,E:\LandSlide-Prediction\data\pre_event\png_256\NEG00983.png,
NEG00984,0,success,S2C_MSIL2A_20251003T050621_R076_T44NMN_20251003T090812,8.674505,0.0,2025-10-03,2025-09-01/2025-11-20,E:\LandSlide-Prediction\data\pre_event\native_tif\NEG00984.tif,E:\LandSlide-Prediction\data\pre_event\png_256\NEG00984.png,
NEG00985,0,success,S2B_MSIL2A_20251031T045839_R119_T44NMP_20251031T072153,16.524501,0.0,2025-10-31,2025-09-01/2025-11-20,E:\LandSlide-Prediction\data\pre_event\native_tif\NEG00985.tif,E:\LandSlide-Prediction\data\pre_event\png_256\NEG00985.png,
NEG00986,0,success,S2C_MSIL2A_20251003T050621_R076_T44NMN_20251003T090812,8.674505,0.49,2025-10-03,2025-09-01/2025-11-20,E:\LandSlide-Prediction\data\pre_event\native_tif\NEG00986.tif,E:\LandSlide-Prediction\data\pre_event\png_256\NEG00986.png,
NEG00987,0,success,S2B_MSIL2A_20251031T045839_R119_T44NMN_20251031T072153,14.801013,0.0,2025-10-31,2025-09-01/2025-11-20,E:\LandSlide-Prediction\data\pre_event\native_tif\NEG00987.tif,E:\LandSlide-Prediction\data\pre_event\png_256\NEG00987.png,
NEG00988,0,success,S2C_MSIL2A_20251003T050621_R076_T44NMP_20251003T090812,2.112417,0.0,2025-10-03,2025-09-01/2025-11-20,E:\LandSlide-Prediction\data\pre_event\native_tif\NEG00988.tif,E:\LandSlide-Prediction\data\pre_event\png_256\NEG00988.png,
NEG00989,0,success,S2C_MSIL2A_20251003T050621_R076_T44NMP_20251003T090812,2.112417,0.0,2025-10-03,2025-09-01/2025-11-20,E:\LandSlide-Prediction\data\pre_event\native_tif\NEG00989.tif,E:\LandSlide-Prediction\data\pre_event\png_256\NEG00989.png,
NEG00990,0,success,S2C_MSIL2A_20251003T050621_R076_T44NNP_20251003T090812,13.947764,1.27,2025-10-03,2025-09-01/2025-11-20,E:\LandSlide-Prediction\data\pre_event\native_tif\NEG00990.tif,E:\LandSlide-Prediction\data\pre_event\png_256\NEG00990.png,
NEG00991,0,success,S2C_MSIL2A_20251003T050621_R076_T44NMP_20251003T090812,2.112417,2.78,2025-10-03,2025-09-01/2025-11-20,E:\LandSlide-Prediction\data\pre_event\native_tif\NEG00991.tif,E:\LandSlide-Prediction\data\pre_event\png_256\NEG00991.png,
NEG00992,0,success,S2B_MSIL2A_20251031T045839_R119_T44NMP_20251031T072153,16.524501,0.98,2025-10-31,2025-09-01/2025-11-20,E:\LandSlide-Prediction\data\pre_event\native_tif\NEG00992.tif,E:\LandSlide-Prediction\data\pre_event\png_256\NEG00992.png,
NEG00993,0,success,S2C_MSIL2A_20251003T050621_R076_T44NMN_20251003T090812,8.674505,0.0,2025-10-03,2025-09-01/2025-11-20,E:\LandSlide-Prediction\data\pre_event\native_tif\NEG00993.tif,E:\LandSlide-Prediction\data\pre_event\png_256\NEG00993.png,
NEG00994,0,success,S2A_MSIL2A_20250905T050621_R076_T44NMN_20250905T063012,36.164254,0.0,2025-09-05,2025-09-01/2025-11-20,E:\LandSlide-Prediction\data\pre_event\native_tif\NEG00994.tif,E:\LandSlide-Prediction\data\pre_event\png_256\NEG00994.png,
NEG00995,0,success,S2A_MSIL2A_20250905T050621_R076_T44NMN_20250905T063012,36.164254,0.0,2025-09-05,2025-09-01/2025-11-20,E:\LandSlide-Prediction\data\pre_event\native_tif\NEG00995.tif,E:\LandSlide-Prediction\data\pre_event\png_256\NEG00995.png,
NEG00996,0,success,S2C_MSIL2A_20251003T050621_R076_T44NMP_20251003T090812,2.112417,0.0,2025-10-03,2025-09-01/2025-11-20,E:\LandSlide-Prediction\data\pre_event\native_tif\NEG00996.tif,E:\LandSlide-Prediction\data\pre_event\png_256\NEG00996.png,
NEG00997,0,success,S2C_MSIL2A_20251003T050621_R076_T44NMP_20251003T090812,2.112417,0.0,2025-10-03,2025-09-01/2025-11-20,E:\LandSlide-Prediction\data\pre_event\native_tif\NEG00997.tif,E:\LandSlide-Prediction\data\pre_event\png_256\NEG00997.png,
NEG00998,0,success,S2C_MSIL2A_20251003T050621_R076_T44NMN_20251003T090812,8.674505,13.48,2025-10-03,2025-09-01/2025-11-20,E:\LandSlide-Prediction\data\pre_event\native_tif\NEG00998.tif,E:\LandSlide-Prediction\data\pre_event\png_256\NEG00998.png,
NEG00340,0,no_clear_scene,,,,,,,,
NEG00601,0,no_clear_scene,,,,,,,,
NEG00999,0,success,S2B_MSIL2A_20251031T045839_R119_T44NMN_20251031T072153,14.801013,8.2,2025-10-31,2025-09-01/2025-11-20,E:\LandSlide-Prediction\data\pre_event\native_tif\NEG00999.tif,E:\LandSlide-Prediction\data\pre_event\png_256\NEG00999.png,
NEG01000,0,success,S2C_MSIL2A_20251003T050621_R076_T44NMP_20251003T090812,2.112417,0.0,2025-10-03,2025-09-01/2025-11-20,E:\LandSlide-Prediction\data\pre_event\native_tif\NEG01000.tif,E:\LandSlide-Prediction\data\pre_event\png_256\NEG01000.png,
NEG01001,0,success,S2B_MSIL2A_20251031T045839_R119_T44PMQ_20251031T072153,2.075697,4.79,2025-10-31,2025-09-01/2025-11-20,E:\LandSlide-Prediction\data\pre_event\native_tif\NEG01001.tif,E:\LandSlide-Prediction\data\pre_event\png_256\NEG01001.png,
NEG01002,0,success,S2B_MSIL2A_20251031T045839_R119_T44NMP_20251031T072153,16.524501,0.0,2025-10-31,2025-09-01/2025-11-20,E:\LandSlide-Prediction\data\pre_event\native_tif\NEG01002.tif,E:\LandSlide-Prediction\data\pre_event\png_256\NEG01002.png,
NEG01003,0,success,S2C_MSIL2A_20251003T050621_R076_T44NMP_20251003T090812,2.112417,10.3,2025-10-03,2025-09-01/2025-11-20,E:\LandSlide-Prediction\data\pre_event\native_tif\NEG01003.tif,E:\LandSlide-Prediction\data\pre_event\png_256\NEG01003.png,
NEG01004,0,success,S2C_MSIL2A_20251003T050621_R076_T44NMP_20251003T090812,2.112417,0.0,2025-10-03,2025-09-01/2025-11-20,E:\LandSlide-Prediction\data\pre_event\native_tif\NEG01004.tif,E:\LandSlide-Prediction\data\pre_event\png_256\NEG01004.png,
NEG01005,0,success,S2A_MSIL2A_20250905T050621_R076_T44NMN_20250905T063012,36.164254,0.0,2025-09-05,2025-09-01/2025-11-20,E:\LandSlide-Prediction\data\pre_event\native_tif\NEG01005.tif,E:\LandSlide-Prediction\data\pre_event\png_256\NEG01005.png,
NEG01006,0,success,S2B_MSIL2A_20251031T045839_R119_T44NMN_20251031T072153,14.801013,0.0,2025-10-31,2025-09-01/2025-11-20,E:\LandSlide-Prediction\data\pre_event\native_tif\NEG01006.tif,E:\LandSlide-Prediction\data\pre_event\png_256\NEG01006.png,
NEG01007,0,success,S2A_MSIL2A_20250908T050231_R119_T44NMP_20250908T080413,40.256369,15.01,2025-09-08,2025-09-01/2025-11-20,E:\LandSlide-Prediction\data\pre_event\native_tif\NEG01007.tif,E:\LandSlide-Prediction\data\pre_event\png_256\NEG01007.png,
NEG01008,0,success,S2B_MSIL2A_20251031T045839_R119_T44NMP_20251031T072153,16.524501,3.37,2025-10-31,2025-09-01/2025-11-20,E:\LandSlide-Prediction\data\pre_event\native_tif\NEG01008.tif,E:\LandSlide-Prediction\data\pre_event\png_256\NEG01008.png,
NEG01009,0,success,S2B_MSIL2A_20251031T045839_R119_T44NMN_20251031T072153,14.801013,16.5,2025-10-31,2025-09-01/2025-11-20,E:\LandSlide-Prediction\data\pre_event\native_tif\NEG01009.tif,E:\LandSlide-Prediction\data\pre_event\png_256\NEG01009.png,
NEG01010,0,success,S2C_MSIL2A_20251003T050621_R076_T44NMP_20251003T090812,2.112417,0.0,2025-10-03,2025-09-01/2025-11-20,E:\LandSlide-Prediction\data\pre_event\native_tif\NEG01010.tif,E:\LandSlide-Prediction\data\pre_event\png_256\NEG01010.png,
NEG01011,0,success,S2B_MSIL2A_20251031T045839_R119_T44NMP_20251031T072153,16.524501,0.78,2025-10-31,2025-09-01/2025-11-20,E:\LandSlide-Prediction\data\pre_event\native_tif\NEG01011.tif,E:\LandSlide-Prediction\data\pre_event\png_256\NEG01011.png,
NEG01012,0,success,S2B_MSIL2A_20251031T045839_R119_T44NMP_20251031T072153,16.524501,6.05,2025-10-31,2025-09-01/2025-11-20,E:\LandSlide-Prediction\data\pre_event\native_tif\NEG01012.tif,E:\LandSlide-Prediction\data\pre_event\png_256\NEG01012.png,
NEG01013,0,success,S2B_MSIL2A_20250822T045659_R119_T44NMP_20250822T072904,31.672388,0.0,2025-08-22,2025-06-01/2025-08-31,E:\LandSlide-Prediction\data\pre_event\native_tif\NEG01013.tif,E:\LandSlide-Prediction\data\pre_event\png_256\NEG01013.png,
NEG01014,0,success,S2B_MSIL2A_20251031T045839_R119_T44NMP_20251031T072153,16.524501,0.0,2025-10-31,2025-09-01/2025-11-20,E:\LandSlide-Prediction\data\pre_event\native_tif\NEG01014.tif,E:\LandSlide-Prediction\data\pre_event\png_256\NEG01014.png,
NEG01015,0,success,S2B_MSIL2A_20250911T045659_R119_T44NMP_20250911T084431,52.030182,0.15,2025-09-11,2025-09-01/2025-11-20,E:\LandSlide-Prediction\data\pre_event\native_tif\NEG01015.tif,E:\LandSlide-Prediction\data\pre_event\png_256\NEG01015.png,
NEG01016,0,success,S2B_MSIL2A_20251008T050559_R076_T44NNN_20251008T082000,19.039197,0.1,2025-10-08,2025-09-01/2025-11-20,E:\LandSlide-Prediction\data\pre_event\native_tif\NEG01016.tif,E:\LandSlide-Prediction\data\pre_event\png_256\NEG01016.png,
NEG01017,0,success,S2B_MSIL2A_20251031T045839_R119_T44NMN_20251031T072153,14.801013,0.2,2025-10-31,2025-09-01/2025-11-20,E:\LandSlide-Prediction\data\pre_event\native_tif\NEG01017.tif,E:\LandSlide-Prediction\data\pre_event\png_256\NEG01017.png,
NEG01018,0,success,S2C_MSIL2A_20251003T050621_R076_T44NMN_20251003T090812,8.674505,0.39,2025-10-03,2025-09-01/2025-11-20,E:\LandSlide-Prediction\data\pre_event\native_tif\NEG01018.tif,E:\LandSlide-Prediction\data\pre_event\png_256\NEG01018.png,
NEG01019,0,success,S2B_MSIL2A_20251031T045839_R119_T44NMN_20251031T072153,14.801013,0.0,2025-10-31,2025-09-01/2025-11-20,E:\LandSlide-Prediction\data\pre_event\native_tif\NEG01019.tif,E:\LandSlide-Prediction\data\pre_event\png_256\NEG01019.png,
NEG01020,0,success,S2C_MSIL2A_20251003T050621_R076_T44NMP_20251003T090812,2.112417,0.0,2025-10-03,2025-09-01/2025-11-20,E:\LandSlide-Prediction\data\pre_event\native_tif\NEG01020.tif,E:\LandSlide-Prediction\data\pre_event\png_256\NEG01020.png,
NEG01021,0,success,S2C_MSIL2A_20251003T050621_R076_T44NMN_20251003T090812,8.674505,0.0,2025-10-03,2025-09-01/2025-11-20,E:\LandSlide-Prediction\data\pre_event\native_tif\NEG01021.tif,E:\LandSlide-Prediction\data\pre_event\png_256\NEG01021.png,
NEG01022,0,success,S2C_MSIL2A_20251003T050621_R076_T44NMP_20251003T090812,2.112417,0.0,2025-10-03,2025-09-01/2025-11-20,E:\LandSlide-Prediction\data\pre_event\native_tif\NEG01022.tif,E:\LandSlide-Prediction\data\pre_event\png_256\NEG01022.png,
NEG01023,0,success,S2C_MSIL2A_20251003T050621_R076_T44NMN_20251003T090812,8.674505,14.45,2025-10-03,2025-09-01/2025-11-20,E:\LandSlide-Prediction\data\pre_event\native_tif\NEG01023.tif,E:\LandSlide-Prediction\data\pre_event\png_256\NEG01023.png,
NEG01024,0,success,S2B_MSIL2A_20251031T045839_R119_T44NMN_20251031T072153,14.801013,0.0,2025-10-31,2025-09-01/2025-11-20,E:\LandSlide-Prediction\data\pre_event\native_tif\NEG01024.tif,E:\LandSlide-Prediction\data\pre_event\png_256\NEG01024.png,
NEG01025,0,success,S2C_MSIL2A_20251003T050621_R076_T44NMP_20251003T090812,2.112417,0.0,2025-10-03,2025-09-01/2025-11-20,E:\LandSlide-Prediction\data\pre_event\native_tif\NEG01025.tif,E:\LandSlide-Prediction\data\pre_event\png_256\NEG01025.png,
NEG01026,0,success,S2C_MSIL2A_20251003T050621_R076_T44NMP_20251003T090812,2.112417,0.0,2025-10-03,2025-09-01/2025-11-20,E:\LandSlide-Prediction\data\pre_event\native_tif\NEG01026.tif,E:\LandSlide-Prediction\data\pre_event\png_256\NEG01026.png,
NEG01027,0,success,S2C_MSIL2A_20251003T050621_R076_T44NMP_20251003T090812,2.112417,0.0,2025-10-03,2025-09-01/2025-11-20,E:\LandSlide-Prediction\data\pre_event\native_tif\NEG01027.tif,E:\LandSlide-Prediction\data\pre_event\png_256\NEG01027.png,
NEG01028,0,success,S2C_MSIL2A_20250728T045721_R119_T44NMP_20250728T095413,9.404943,0.0,2025-07-28,2025-06-01/2025-08-31,E:\LandSlide-Prediction\data\pre_event\native_tif\NEG01028.tif,E:\LandSlide-Prediction\data\pre_event\png_256\NEG01028.png,
NEG01029,0,success,S2B_MSIL2A_20251031T045839_R119_T44NMN_20251031T072153,14.801013,1.71,2025-10-31,2025-09-01/2025-11-20,E:\LandSlide-Prediction\data\pre_event\native_tif\NEG01029.tif,E:\LandSlide-Prediction\data\pre_event\png_256\NEG01029.png,
NEG01030,0,success,S2B_MSIL2A_20251031T045839_R119_T44NMN_20251031T072153,14.801013,0.0,2025-10-31,2025-09-01/2025-11-20,E:\LandSlide-Prediction\data\pre_event\native_tif\NEG01030.tif,E:\LandSlide-Prediction\data\pre_event\png_256\NEG01030.png,
NEG01031,0,success,S2C_MSIL2A_20251013T050611_R076_T44NNN_20251013T090413,15.8978,0.17,2025-10-13,2025-09-01/2025-11-20,E:\LandSlide-Prediction\data\pre_event\native_tif\NEG01031.tif,E:\LandSlide-Prediction\data\pre_event\png_256\NEG01031.png,
NEG01032,0,success,S2C_MSIL2A_20251003T050621_R076_T44NNN_20251003T090812,23.541953,0.0,2025-10-03,2025-09-01/2025-11-20,E:\LandSlide-Prediction\data\pre_event\native_tif\NEG01032.tif,E:\LandSlide-Prediction\data\pre_event\png_256\NEG01032.png,
NEG01033,0,success,S2C_MSIL2A_20251003T050621_R076_T44NMP_20251003T090812,2.112417,0.0,2025-10-03,2025-09-01/2025-11-20,E:\LandSlide-Prediction\data\pre_event\native_tif\NEG01033.tif,E:\LandSlide-Prediction\data\pre_event\png_256\NEG01033.png,
NEG01034,0,success,S2B_MSIL2A_20251031T045839_R119_T44NMP_20251031T072153,16.524501,14.94,2025-10-31,2025-09-01/2025-11-20,E:\LandSlide-Prediction\data\pre_event\native_tif\NEG01034.tif,E:\LandSlide-Prediction\data\pre_event\png_256\NEG01034.png,
NEG01035,0,success,S2C_MSIL2A_20251003T050621_R076_T44NMP_20251003T090812,2.112417,0.0,2025-10-03,2025-09-01/2025-11-20,E:\LandSlide-Prediction\data\pre_event\native_tif\NEG01035.tif,E:\LandSlide-Prediction\data\pre_event\png_256\NEG01035.png,
NEG01036,0,no_clear_scene,,,,,,,,
NEG01037,0,success,S2C_MSIL2A_20251003T050621_R076_T44NMP_20251003T090812,2.112417,0.0,2025-10-03,2025-09-01/2025-11-20,E:\LandSlide-Prediction\data\pre_event\native_tif\NEG01037.tif,E:\LandSlide-Prediction\data\pre_event\png_256\NEG01037.png,
NEG01038,0,success,S2B_MSIL2A_20251031T045839_R119_T44NMN_20251031T072153,14.801013,0.0,2025-10-31,2025-09-01/2025-11-20,E:\LandSlide-Prediction\data\pre_event\native_tif\NEG01038.tif,E:\LandSlide-Prediction\data\pre_event\png_256\NEG01038.png,
NEG01039,0,success,S2C_MSIL2A_20251003T050621_R076_T44NMP_20251003T090812,2.112417,0.0,2025-10-03,2025-09-01/2025-11-20,E:\LandSlide-Prediction\data\pre_event\native_tif\NEG01039.tif,E:\LandSlide-Prediction\data\pre_event\png_256\NEG01039.png,
NEG01040,0,success,S2C_MSIL2A_20251003T050621_R076_T44NMN_20251003T090812,8.674505,0.0,2025-10-03,2025-09-01/2025-11-20,E:\LandSlide-Prediction\data\pre_event\native_tif\NEG01040.tif,E:\LandSlide-Prediction\data\pre_event\png_256\NEG01040.png,
NEG01041,0,success,S2C_MSIL2A_20251003T050621_R076_T44NMN_20251003T090812,8.674505,0.0,2025-10-03,2025-09-01/2025-11-20,E:\LandSlide-Prediction\data\pre_event\native_tif\NEG01041.tif,E:\LandSlide-Prediction\data\pre_event\png_256\NEG01041.png,
NEG01042,0,success,S2C_MSIL2A_20251003T050621_R076_T44NMN_20251003T090812,8.674505,0.0,2025-10-03,2025-09-01/2025-11-20,E:\LandSlide-Prediction\data\pre_event\native_tif\NEG01042.tif,E:\LandSlide-Prediction\data\pre_event\png_256\NEG01042.png,
NEG01043,0,success,S2C_MSIL2A_20251003T050621_R076_T44NNP_20251003T090812,13.947764,0.39,2025-10-03,2025-09-01/2025-11-20,E:\LandSlide-Prediction\data\pre_event\native_tif\NEG01043.tif,E:\LandSlide-Prediction\data\pre_event\png_256\NEG01043.png,
NEG01044,0,success,S2B_MSIL2A_20251031T045839_R119_T44NMN_20251031T072153,14.801013,0.0,2025-10-31,2025-09-01/2025-11-20,E:\LandSlide-Prediction\data\pre_event\native_tif\NEG01044.tif,E:\LandSlide-Prediction\data\pre_event\png_256\NEG01044.png,
NEG01045,0,success,S2C_MSIL2A_20251006T045711_R119_T44NMP_20251006T093213,47.28899,1.56,2025-10-06,2025-09-01/2025-11-20,E:\LandSlide-Prediction\data\pre_event\native_tif\NEG01045.tif,E:\LandSlide-Prediction\data\pre_event\png_256\NEG01045.png,
NEG01046,0,success,S2B_MSIL2A_20251011T045659_R119_T44NMP_20251011T090705,62.988436,11.82,2025-10-11,2025-09-01/2025-11-20,E:\LandSlide-Prediction\data\pre_event\native_tif\NEG01046.tif,E:\LandSlide-Prediction\data\pre_event\png_256\NEG01046.png,
NEG01047,0,success,S2C_MSIL2A_20251003T050621_R076_T44NMP_20251003T090812,2.112417,7.13,2025-10-03,2025-09-01/2025-11-20,E:\LandSlide-Prediction\data\pre_event\native_tif\NEG01047.tif,E:\LandSlide-Prediction\data\pre_event\png_256\NEG01047.png,
NEG01048,0,success,S2C_MSIL2A_20251102T050611_R076_T44NNN_20251102T072910,25.828215,17.63,2025-11-02,2025-09-01/2025-11-20,E:\LandSlide-Prediction\data\pre_event\native_tif\NEG01048.tif,E:\LandSlide-Prediction\data\pre_event\png_256\NEG01048.png,
NEG01049,0,success,S2B_MSIL2A_20251031T045839_R119_T44NLN_20251031T072153,5.151897,0.1,2025-10-31,2025-09-01/2025-11-20,E:\LandSlide-Prediction\data\pre_event\native_tif\NEG01049.tif,E:\LandSlide-Prediction\data\pre_event\png_256\NEG01049.png,
NEG01050,0,success,S2C_MSIL2A_20251003T050621_R076_T44NMN_20251003T090812,8.674505,0.0,2025-10-03,2025-09-01/2025-11-20,E:\LandSlide-Prediction\data\pre_event\native_tif\NEG01050.tif,E:\LandSlide-Prediction\data\pre_event\png_256\NEG01050.png,
NEG01051,0,success,S2B_MSIL2A_20250911T045659_R119_T44NMP_20250911T084431,52.030182,0.0,2025-09-11,2025-09-01/2025-11-20,E:\LandSlide-Prediction\data\pre_event\native_tif\NEG01051.tif,E:\LandSlide-Prediction\data\pre_event\png_256\NEG01051.png,
NEG01052,0,success,S2C_MSIL2A_20251003T050621_R076_T44NMP_20251003T090812,2.112417,0.0,2025-10-03,2025-09-01/2025-11-20,E:\LandSlide-Prediction\data\pre_event\native_tif\NEG01052.tif,E:\LandSlide-Prediction\data\pre_event\png_256\NEG01052.png,
NEG01053,0,success,S2C_MSIL2A_20251003T050621_R076_T44NMN_20251003T090812,8.674505,0.0,2025-10-03,2025-09-01/2025-11-20,E:\LandSlide-Prediction\data\pre_event\native_tif\NEG01053.tif,E:\LandSlide-Prediction\data\pre_event\png_256\NEG01053.png,
NEG01054,0,success,S2C_MSIL2A_20250728T045721_R119_T44NMP_20250728T095413,9.404943,0.0,2025-07-28,2025-06-01/2025-08-31,E:\LandSlide-Prediction\data\pre_event\native_tif\NEG01054.tif,E:\LandSlide-Prediction\data\pre_event\png_256\NEG01054.png,
NEG01055,0,success,S2B_MSIL2A_20251031T045839_R119_T44NMN_20251031T072153,14.801013,0.0,2025-10-31,2025-09-01/2025-11-20,E:\LandSlide-Prediction\data\pre_event\native_tif\NEG01055.tif,E:\LandSlide-Prediction\data\pre_event\png_256\NEG01055.png,
NEG01056,0,success,S2B_MSIL2A_20251031T045839_R119_T44NMP_20251031T072153,16.524501,6.45,2025-10-31,2025-09-01/2025-11-20,E:\LandSlide-Prediction\data\pre_event\native_tif\NEG01056.tif,E:\LandSlide-Prediction\data\pre_event\png_256\NEG01056.png,
NEG01057,0,success,S2B_MSIL2A_20251031T045839_R119_T44NMP_20251031T072153,16.524501,9.52,2025-10-31,2025-09-01/2025-11-20,E:\LandSlide-Prediction\data\pre_event\native_tif\NEG01057.tif,E:\LandSlide-Prediction\data\pre_event\png_256\NEG01057.png,
NEG01058,0,success,S2B_MSIL2A_20251031T045839_R119_T44NMP_20251031T072153,16.524501,0.0,2025-10-31,2025-09-01/2025-11-20,E:\LandSlide-Prediction\data\pre_event\native_tif\NEG01058.tif,E:\LandSlide-Prediction\data\pre_event\png_256\NEG01058.png,
NEG01059,0,success,S2C_MSIL2A_20251003T050621_R076_T44NMN_20251003T090812,8.674505,0.0,2025-10-03,2025-09-01/2025-11-20,E:\LandSlide-Prediction\data\pre_event\native_tif\NEG01059.tif,E:\LandSlide-Prediction\data\pre_event\png_256\NEG01059.png,
NEG01060,0,success,S2C_MSIL2A_20250913T050621_R076_T44NNN_20250913T092114,28.331435,0.0,2025-09-13,2025-09-01/2025-11-20,E:\LandSlide-Prediction\data\pre_event\native_tif\NEG01060.tif,E:\LandSlide-Prediction\data\pre_event\png_256\NEG01060.png,
NEG01061,0,success,S2B_MSIL2A_20251031T045839_R119_T44NMN_20251031T072153,14.801013,0.0,2025-10-31,2025-09-01/2025-11-20,E:\LandSlide-Prediction\data\pre_event\native_tif\NEG01061.tif,E:\LandSlide-Prediction\data\pre_event\png_256\NEG01061.png,
NEG01062,0,success,S2C_MSIL2A_20251003T050621_R076_T44NMP_20251003T090812,2.112417,0.0,2025-10-03,2025-09-01/2025-11-20,E:\LandSlide-Prediction\data\pre_event\native_tif\NEG01062.tif,E:\LandSlide-Prediction\data\pre_event\png_256\NEG01062.png,
NEG01063,0,success,S2B_MSIL2A_20251031T045839_R119_T44NMN_20251031T072153,14.801013,0.0,2025-10-31,2025-09-01/2025-11-20,E:\LandSlide-Prediction\data\pre_event\native_tif\NEG01063.tif,E:\LandSlide-Prediction\data\pre_event\png_256\NEG01063.png,
NEG01064,0,success,S2C_MSIL2A_20251003T050621_R076_T44NMN_20251003T090812,8.674505,0.0,2025-10-03,2025-09-01/2025-11-20,E:\LandSlide-Prediction\data\pre_event\native_tif\NEG01064.tif,E:\LandSlide-Prediction\data\pre_event\png_256\NEG01064.png,
NEG01065,0,success,S2C_MSIL2A_20251003T050621_R076_T44NMN_20251003T090812,8.674505,5.47,2025-10-03,2025-09-01/2025-11-20,E:\LandSlide-Prediction\data\pre_event\native_tif\NEG01065.tif,E:\LandSlide-Prediction\data\pre_event\png_256\NEG01065.png,
NEG01066,0,success,S2C_MSIL2A_20251003T050621_R076_T44NMN_20251003T090812,8.674505,0.0,2025-10-03,2025-09-01/2025-11-20,E:\LandSlide-Prediction\data\pre_event\native_tif\NEG01066.tif,E:\LandSlide-Prediction\data\pre_event\png_256\NEG01066.png,
NEG01067,0,success,S2C_MSIL2A_20251003T050621_R076_T44NMN_20251003T090812,8.674505,0.0,2025-10-03,2025-09-01/2025-11-20,E:\LandSlide-Prediction\data\pre_event\native_tif\NEG01067.tif,E:\LandSlide-Prediction\data\pre_event\png_256\NEG01067.png,
NEG01068,0,success,S2B_MSIL2A_20251031T045839_R119_T44NMP_20251031T072153,16.524501,2.15,2025-10-31,2025-09-01/2025-11-20,E:\LandSlide-Prediction\data\pre_event\native_tif\NEG01068.tif,E:\LandSlide-Prediction\data\pre_event\png_256\NEG01068.png,
NEG01069,0,success,S2C_MSIL2A_20251003T050621_R076_T44NMP_20251003T090812,2.112417,0.0,2025-10-03,2025-09-01/2025-11-20,E:\LandSlide-Prediction\data\pre_event\native_tif\NEG01069.tif,E:\LandSlide-Prediction\data\pre_event\png_256\NEG01069.png,
NEG01070,0,success,S2C_MSIL2A_20251003T050621_R076_T44NMP_20251003T090812,2.112417,0.0,2025-10-03,2025-09-01/2025-11-20,E:\LandSlide-Prediction\data\pre_event\native_tif\NEG01070.tif,E:\LandSlide-Prediction\data\pre_event\png_256\NEG01070.png,
NEG01071,0,success,S2B_MSIL2A_20251031T045839_R119_T44NMN_20251031T072153,14.801013,1.37,2025-10-31,2025-09-01/2025-11-20,E:\LandSlide-Prediction\data\pre_event\native_tif\NEG01071.tif,E:\LandSlide-Prediction\data\pre_event\png_256\NEG01071.png,
NEG01072,0,success,S2C_MSIL2A_20250728T045721_R119_T44NMP_20250728T095413,9.404943,0.0,2025-07-28,2025-06-01/2025-08-31,E:\LandSlide-Prediction\data\pre_event\native_tif\NEG01072.tif,E:\LandSlide-Prediction\data\pre_event\png_256\NEG01072.png,
NEG01073,0,success,S2C_MSIL2A_20251003T050621_R076_T44NMP_20251003T090812,2.112417,0.0,2025-10-03,2025-09-01/2025-11-20,E:\LandSlide-Prediction\data\pre_event\native_tif\NEG01073.tif,E:\LandSlide-Prediction\data\pre_event\png_256\NEG01073.png,
NEG00340,0,no_clear_scene,,,,,,,,
NEG00601,0,no_clear_scene,,,,,,,,
NEG01036,0,no_clear_scene,,,,,,,,
NEG01074,0,success,S2B_MSIL2A_20251008T050559_R076_T44NNN_20251008T082000,19.039197,22.02,2025-10-08,2025-09-01/2025-11-20,E:\LandSlide-Prediction\data\pre_event\native_tif\NEG01074.tif,E:\LandSlide-Prediction\data\pre_event\png_256\NEG01074.png,
NEG01075,0,success,S2C_MSIL2A_20251003T050621_R076_T44NMP_20251003T090812,2.112417,0.0,2025-10-03,2025-09-01/2025-11-20,E:\LandSlide-Prediction\data\pre_event\native_tif\NEG01075.tif,E:\LandSlide-Prediction\data\pre_event\png_256\NEG01075.png,
NEG01076,0,success,S2A_MSIL2A_20250905T050621_R076_T44NMN_20250905T063012,36.164254,3.81,2025-09-05,2025-09-01/2025-11-20,E:\LandSlide-Prediction\data\pre_event\native_tif\NEG01076.tif,E:\LandSlide-Prediction\data\pre_event\png_256\NEG01076.png,
NEG01077,0,success,S2C_MSIL2A_20251003T050621_R076_T44NMP_20251003T090812,2.112417,0.0,2025-10-03,2025-09-01/2025-11-20,E:\LandSlide-Prediction\data\pre_event\native_tif\NEG01077.tif,E:\LandSlide-Prediction\data\pre_event\png_256\NEG01077.png,
NEG01078,0,success,S2C_MSIL2A_20251003T050621_R076_T44NMN_20251003T090812,8.674505,0.0,2025-10-03,2025-09-01/2025-11-20,E:\LandSlide-Prediction\data\pre_event\native_tif\NEG01078.tif,E:\LandSlide-Prediction\data\pre_event\png_256\NEG01078.png,
NEG01079,0,success,S2C_MSIL2A_20251013T050611_R076_T44NNN_20251013T090413,15.8978,8.84,2025-10-13,2025-09-01/2025-11-20,E:\LandSlide-Prediction\data\pre_event\native_tif\NEG01079.tif,E:\LandSlide-Prediction\data\pre_event\png_256\NEG01079.png,
NEG01080,0,success,S2C_MSIL2A_20251003T050621_R076_T44NNP_20251003T090812,13.947764,0.0,2025-10-03,2025-09-01/2025-11-20,E:\LandSlide-Prediction\data\pre_event\native_tif\NEG01080.tif,E:\LandSlide-Prediction\data\pre_event\png_256\NEG01080.png,
NEG01081,0,success,S2C_MSIL2A_20251003T050621_R076_T44NMN_20251003T090812,8.674505,0.0,2025-10-03,2025-09-01/2025-11-20,E:\LandSlide-Prediction\data\pre_event\native_tif\NEG01081.tif,E:\LandSlide-Prediction\data\pre_event\png_256\NEG01081.png,
NEG01082,0,success,S2C_MSIL2A_20251003T050621_R076_T44NMN_20251003T090812,8.674505,1.17,2025-10-03,2025-09-01/2025-11-20,E:\LandSlide-Prediction\data\pre_event\native_tif\NEG01082.tif,E:\LandSlide-Prediction\data\pre_event\png_256\NEG01082.png,
NEG01083,0,success,S2A_MSIL2A_20250908T050231_R119_T44NMP_20250908T080413,40.256369,21.73,2025-09-08,2025-09-01/2025-11-20,E:\LandSlide-Prediction\data\pre_event\native_tif\NEG01083.tif,E:\LandSlide-Prediction\data\pre_event\png_256\NEG01083.png,
NEG01084,0,success,S2B_MSIL2A_20251031T045839_R119_T44NMN_20251031T072153,14.801013,0.88,2025-10-31,2025-09-01/2025-11-20,E:\LandSlide-Prediction\data\pre_event\native_tif\NEG01084.tif,E:\LandSlide-Prediction\data\pre_event\png_256\NEG01084.png,
NEG01085,0,success,S2C_MSIL2A_20251003T050621_R076_T44NMN_20251003T090812,8.674505,0.0,2025-10-03,2025-09-01/2025-11-20,E:\LandSlide-Prediction\data\pre_event\native_tif\NEG01085.tif,E:\LandSlide-Prediction\data\pre_event\png_256\NEG01085.png,
NEG01086,0,success,S2C_MSIL2A_20250728T045721_R119_T44NMN_20250728T095413,28.22125,4.15,2025-07-28,2025-06-01/2025-08-31,E:\LandSlide-Prediction\data\pre_event\native_tif\NEG01086.tif,E:\LandSlide-Prediction\data\pre_event\png_256\NEG01086.png,
NEG01087,0,success,S2C_MSIL2A_20251013T050611_R076_T44NNP_20251013T090413,10.470393,5.18,2025-10-13,2025-09-01/2025-11-20,E:\LandSlide-Prediction\data\pre_event\native_tif\NEG01087.tif,E:\LandSlide-Prediction\data\pre_event\png_256\NEG01087.png,
NEG01088,0,success,S2B_MSIL2A_20251031T045839_R119_T44NMP_20251031T072153,16.524501,4.59,2025-10-31,2025-09-01/2025-11-20,E:\LandSlide-Prediction\data\pre_event\native_tif\NEG01088.tif,E:\LandSlide-Prediction\data\pre_event\png_256\NEG01088.png,
NEG01089,0,success,S2C_MSIL2A_20251006T045711_R119_T44NMP_20251006T093213,47.28899,0.0,2025-10-06,2025-09-01/2025-11-20,E:\LandSlide-Prediction\data\pre_event\native_tif\NEG01089.tif,E:\LandSlide-Prediction\data\pre_event\png_256\NEG01089.png,
NEG01090,0,success,S2B_MSIL2A_20250901T045659_R119_T44NMN_20250901T084423,68.351918,18.95,2025-09-01,2025-09-01/2025-11-20,E:\LandSlide-Prediction\data\pre_event\native_tif\NEG01090.tif,E:\LandSlide-Prediction\data\pre_event\png_256\NEG01090.png,
NEG01091,0,success,S2C_MSIL2A_20251003T050621_R076_T44NMP_20251003T090812,2.112417,0.98,2025-10-03,2025-09-01/2025-11-20,E:\LandSlide-Prediction\data\pre_event\native_tif\NEG01091.tif,E:\LandSlide-Prediction\data\pre_event\png_256\NEG01091.png,
NEG01092,0,success,S2C_MSIL2A_20251003T050621_R076_T44NMN_20251003T090812,8.674505,0.0,2025-10-03,2025-09-01/2025-11-20,E:\LandSlide-Prediction\data\pre_event\native_tif\NEG01092.tif,E:\LandSlide-Prediction\data\pre_event\png_256\NEG01092.png,
NEG01093,0,success,S2C_MSIL2A_20251003T050621_R076_T44NMP_20251003T090812,2.112417,0.0,2025-10-03,2025-09-01/2025-11-20,E:\LandSlide-Prediction\data\pre_event\native_tif\NEG01093.tif,E:\LandSlide-Prediction\data\pre_event\png_256\NEG01093.png,
NEG01094,0,success,S2B_MSIL2A_20250911T045659_R119_T44NMP_20250911T084431,52.030182,0.49,2025-09-11,2025-09-01/2025-11-20,E:\LandSlide-Prediction\data\pre_event\native_tif\NEG01094.tif,E:\LandSlide-Prediction\data\pre_event\png_256\NEG01094.png,
NEG01095,0,success,S2B_MSIL2A_20251031T045839_R119_T44NMP_20251031T072153,16.524501,0.0,2025-10-31,2025-09-01/2025-11-20,E:\LandSlide-Prediction\data\pre_event\native_tif\NEG01095.tif,E:\LandSlide-Prediction\data\pre_event\png_256\NEG01095.png,
NEG01096,0,success,S2A_MSIL2A_20250908T050231_R119_T44NMP_20250908T080413,40.256369,0.78,2025-09-08,2025-09-01/2025-11-20,E:\LandSlide-Prediction\data\pre_event\native_tif\NEG01096.tif,E:\LandSlide-Prediction\data\pre_event\png_256\NEG01096.png,
NEG01097,0,success,S2B_MSIL2A_20251031T045839_R119_T44NMN_20251031T072153,14.801013,1.56,2025-10-31,2025-09-01/2025-11-20,E:\LandSlide-Prediction\data\pre_event\native_tif\NEG01097.tif,E:\LandSlide-Prediction\data\pre_event\png_256\NEG01097.png,
NEG01098,0,success,S2B_MSIL2A_20251031T045839_R119_T44NLN_20251031T072153,5.151897,22.66,2025-10-31,2025-09-01/2025-11-20,E:\LandSlide-Prediction\data\pre_event\native_tif\NEG01098.tif,E:\LandSlide-Prediction\data\pre_event\png_256\NEG01098.png,
NEG01099,0,success,S2C_MSIL2A_20251003T050621_R076_T44NMN_20251003T090812,8.674505,0.0,2025-10-03,2025-09-01/2025-11-20,E:\LandSlide-Prediction\data\pre_event\native_tif\NEG01099.tif,E:\LandSlide-Prediction\data\pre_event\png_256\NEG01099.png,
NEG01100,0,success,S2B_MSIL2A_20251031T045839_R119_T44NMN_20251031T072153,14.801013,0.0,2025-10-31,2025-09-01/2025-11-20,E:\LandSlide-Prediction\data\pre_event\native_tif\NEG01100.tif,E:\LandSlide-Prediction\data\pre_event\png_256\NEG01100.png,
NEG01101,0,success,S2C_MSIL2A_20251003T050621_R076_T44NMN_20251003T090812,8.674505,0.0,2025-10-03,2025-09-01/2025-11-20,E:\LandSlide-Prediction\data\pre_event\native_tif\NEG01101.tif,E:\LandSlide-Prediction\data\pre_event\png_256\NEG01101.png,
NEG01102,0,success,S2A_MSIL2A_20250730T050241_R119_T44NMN_20250730T081115,46.099904,0.0,2025-07-30,2025-06-01/2025-08-31,E:\LandSlide-Prediction\data\pre_event\native_tif\NEG01102.tif,E:\LandSlide-Prediction\data\pre_event\png_256\NEG01102.png,
NEG01103,0,success,S2C_MSIL2A_20251003T050621_R076_T44NMN_20251003T090812,8.674505,0.0,2025-10-03,2025-09-01/2025-11-20,E:\LandSlide-Prediction\data\pre_event\native_tif\NEG01103.tif,E:\LandSlide-Prediction\data\pre_event\png_256\NEG01103.png,
NEG01104,0,success,S2C_MSIL2A_20251003T050621_R076_T44NMP_20251003T090812,2.112417,0.0,2025-10-03,2025-09-01/2025-11-20,E:\LandSlide-Prediction\data\pre_event\native_tif\NEG01104.tif,E:\LandSlide-Prediction\data\pre_event\png_256\NEG01104.png,
NEG01105,0,success,S2C_MSIL2A_20251003T050621_R076_T44NMP_20251003T090812,2.112417,0.0,2025-10-03,2025-09-01/2025-11-20,E:\LandSlide-Prediction\data\pre_event\native_tif\NEG01105.tif,E:\LandSlide-Prediction\data\pre_event\png_256\NEG01105.png,
NEG01106,0,success,S2C_MSIL2A_20250728T045721_R119_T44NMP_20250728T095413,9.404943,0.0,2025-07-28,2025-06-01/2025-08-31,E:\LandSlide-Prediction\data\pre_event\native_tif\NEG01106.tif,E:\LandSlide-Prediction\data\pre_event\png_256\NEG01106.png,
NEG01107,0,success,S2B_MSIL2A_20251031T045839_R119_T44NMN_20251031T072153,14.801013,0.0,2025-10-31,2025-09-01/2025-11-20,E:\LandSlide-Prediction\data\pre_event\native_tif\NEG01107.tif,E:\LandSlide-Prediction\data\pre_event\png_256\NEG01107.png,
NEG01108,0,success,S2C_MSIL2A_20251003T050621_R076_T44NMP_20251003T090812,2.112417,0.0,2025-10-03,2025-09-01/2025-11-20,E:\LandSlide-Prediction\data\pre_event\native_tif\NEG01108.tif,E:\LandSlide-Prediction\data\pre_event\png_256\NEG01108.png,
NEG01109,0,success,S2C_MSIL2A_20251003T050621_R076_T44NMP_20251003T090812,2.112417,0.0,2025-10-03,2025-09-01/2025-11-20,E:\LandSlide-Prediction\data\pre_event\native_tif\NEG01109.tif,E:\LandSlide-Prediction\data\pre_event\png_256\NEG01109.png,
NEG01110,0,success,S2B_MSIL2A_20251031T045839_R119_T44NMN_20251031T072153,14.801013,7.62,2025-10-31,2025-09-01/2025-11-20,E:\LandSlide-Prediction\data\pre_event\native_tif\NEG01110.tif,E:\LandSlide-Prediction\data\pre_event\png_256\NEG01110.png,
NEG01111,0,success,S2C_MSIL2A_20250728T045721_R119_T44NMP_20250728T095413,9.404943,0.0,2025-07-28,2025-06-01/2025-08-31,E:\LandSlide-Prediction\data\pre_event\native_tif\NEG01111.tif,E:\LandSlide-Prediction\data\pre_event\png_256\NEG01111.png,
NEG01112,0,success,S2B_MSIL2A_20251031T045839_R119_T44NMN_20251031T072153,14.801013,0.0,2025-10-31,2025-09-01/2025-11-20,E:\LandSlide-Prediction\data\pre_event\native_tif\NEG01112.tif,E:\LandSlide-Prediction\data\pre_event\png_256\NEG01112.png,
NEG01113,0,success,S2B_MSIL2A_20251031T045839_R119_T44NMN_20251031T072153,14.801013,7.03,2025-10-31,2025-09-01/2025-11-20,E:\LandSlide-Prediction\data\pre_event\native_tif\NEG01113.tif,E:\LandSlide-Prediction\data\pre_event\png_256\NEG01113.png,
NEG01114,0,success,S2B_MSIL2A_20251031T045839_R119_T44NMP_20251031T072153,16.524501,2.64,2025-10-31,2025-09-01/2025-11-20,E:\LandSlide-Prediction\data\pre_event\native_tif\NEG01114.tif,E:\LandSlide-Prediction\data\pre_event\png_256\NEG01114.png,
NEG01115,0,success,S2B_MSIL2A_20251031T045839_R119_T44NMP_20251031T072153,16.524501,2.54,2025-10-31,2025-09-01/2025-11-20,E:\LandSlide-Prediction\data\pre_event\native_tif\NEG01115.tif,E:\LandSlide-Prediction\data\pre_event\png_256\NEG01115.png,
NEG01116,0,success,S2C_MSIL2A_20251006T045711_R119_T44NMP_20251006T093213,47.28899,0.0,2025-10-06,2025-09-01/2025-11-20,E:\LandSlide-Prediction\data\pre_event\native_tif\NEG01116.tif,E:\LandSlide-Prediction\data\pre_event\png_256\NEG01116.png,
NEG01117,0,success,S2C_MSIL2A_20251003T050621_R076_T44NMP_20251003T090812,2.112417,0.0,2025-10-03,2025-09-01/2025-11-20,E:\LandSlide-Prediction\data\pre_event\native_tif\NEG01117.tif,E:\LandSlide-Prediction\data\pre_event\png_256\NEG01117.png,
NEG01118,0,success,S2B_MSIL2A_20251031T045839_R119_T44NMN_20251031T072153,14.801013,0.0,2025-10-31,2025-09-01/2025-11-20,E:\LandSlide-Prediction\data\pre_event\native_tif\NEG01118.tif,E:\LandSlide-Prediction\data\pre_event\png_256\NEG01118.png,
NEG01119,0,success,S2B_MSIL2A_20250908T050559_R076_T44NNN_20250908T070833,27.121845,3.56,2025-09-08,2025-09-01/2025-11-20,E:\LandSlide-Prediction\data\pre_event\native_tif\NEG01119.tif,E:\LandSlide-Prediction\data\pre_event\png_256\NEG01119.png,
NEG01120,0,success,S2B_MSIL2A_20251031T045839_R119_T44NMN_20251031T072153,14.801013,4.59,2025-10-31,2025-09-01/2025-11-20,E:\LandSlide-Prediction\data\pre_event\native_tif\NEG01120.tif,E:\LandSlide-Prediction\data\pre_event\png_256\NEG01120.png,
NEG01121,0,success,S2C_MSIL2A_20251003T050621_R076_T44NMN_20251003T090812,8.674505,0.0,2025-10-03,2025-09-01/2025-11-20,E:\LandSlide-Prediction\data\pre_event\native_tif\NEG01121.tif,E:\LandSlide-Prediction\data\pre_event\png_256\NEG01121.png,
NEG01122,0,success,S2B_MSIL2A_20251001T045659_R119_T44NMN_20251001T082912,44.625133,13.48,2025-10-01,2025-09-01/2025-11-20,E:\LandSlide-Prediction\data\pre_event\native_tif\NEG01122.tif,E:\LandSlide-Prediction\data\pre_event\png_256\NEG01122.png,
NEG01123,0,success,S2C_MSIL2A_20251003T050621_R076_T44NMP_20251003T090812,2.112417,0.0,2025-10-03,2025-09-01/2025-11-20,E:\LandSlide-Prediction\data\pre_event\native_tif\NEG01123.tif,E:\LandSlide-Prediction\data\pre_event\png_256\NEG01123.png,
NEG01124,0,success,S2A_MSIL2A_20250905T050621_R076_T44NNN_20250905T063012,36.080211,0.0,2025-09-05,2025-09-01/2025-11-20,E:\LandSlide-Prediction\data\pre_event\native_tif\NEG01124.tif,E:\LandSlide-Prediction\data\pre_event\png_256\NEG01124.png,
NEG01125,0,success,S2C_MSIL2A_20251003T050621_R076_T44NMN_20251003T090812,8.674505,0.0,2025-10-03,2025-09-01/2025-11-20,E:\LandSlide-Prediction\data\pre_event\native_tif\NEG01125.tif,E:\LandSlide-Prediction\data\pre_event\png_256\NEG01125.png,
NEG01126,0,success,S2C_MSIL2A_20250728T045721_R119_T44NMP_20250728T095413,9.404943,0.0,2025-07-28,2025-06-01/2025-08-31,E:\LandSlide-Prediction\data\pre_event\native_tif\NEG01126.tif,E:\LandSlide-Prediction\data\pre_event\png_256\NEG01126.png,
NEG01127,0,success,S2B_MSIL2A_20251031T045839_R119_T44NMP_20251031T072153,16.524501,0.0,2025-10-31,2025-09-01/2025-11-20,E:\LandSlide-Prediction\data\pre_event\native_tif\NEG01127.tif,E:\LandSlide-Prediction\data\pre_event\png_256\NEG01127.png,
NEG01128,0,success,S2C_MSIL2A_20251013T050611_R076_T44NNN_20251013T090413,15.8978,4.49,2025-10-13,2025-09-01/2025-11-20,E:\LandSlide-Prediction\data\pre_event\native_tif\NEG01128.tif,E:\LandSlide-Prediction\data\pre_event\png_256\NEG01128.png,
NEG01129,0,success,S2C_MSIL2A_20251003T050621_R076_T44NMP_20251003T090812,2.112417,0.0,2025-10-03,2025-09-01/2025-11-20,E:\LandSlide-Prediction\data\pre_event\native_tif\NEG01129.tif,E:\LandSlide-Prediction\data\pre_event\png_256\NEG01129.png,
NEG01130,0,success,S2C_MSIL2A_20251003T050621_R076_T44NMN_20251003T090812,8.674505,0.0,2025-10-03,2025-09-01/2025-11-20,E:\LandSlide-Prediction\data\pre_event\native_tif\NEG01130.tif,E:\LandSlide-Prediction\data\pre_event\png_256\NEG01130.png,
NEG01131,0,success,S2C_MSIL2A_20251003T050621_R076_T44NMN_20251003T090812,8.674505,0.0,2025-10-03,2025-09-01/2025-11-20,E:\LandSlide-Prediction\data\pre_event\native_tif\NEG01131.tif,E:\LandSlide-Prediction\data\pre_event\png_256\NEG01131.png,
NEG01132,0,success,S2A_MSIL2A_20250730T050241_R119_T44NMN_20250730T081115,46.099904,0.54,2025-07-30,2025-06-01/2025-08-31,E:\LandSlide-Prediction\data\pre_event\native_tif\NEG01132.tif,E:\LandSlide-Prediction\data\pre_event\png_256\NEG01132.png,
NEG01133,0,success,S2B_MSIL2A_20251031T045839_R119_T44NMP_20251031T072153,16.524501,0.0,2025-10-31,2025-09-01/2025-11-20,E:\LandSlide-Prediction\data\pre_event\native_tif\NEG01133.tif,E:\LandSlide-Prediction\data\pre_event\png_256\NEG01133.png,
NEG01134,0,success,S2B_MSIL2A_20251031T045839_R119_T44NMP_20251031T072153,16.524501,0.0,2025-10-31,2025-09-01/2025-11-20,E:\LandSlide-Prediction\data\pre_event\native_tif\NEG01134.tif,E:\LandSlide-Prediction\data\pre_event\png_256\NEG01134.png,
NEG01135,0,success,S2B_MSIL2A_20251031T045839_R119_T44NMN_20251031T072153,14.801013,0.0,2025-10-31,2025-09-01/2025-11-20,E:\LandSlide-Prediction\data\pre_event\native_tif\NEG01135.tif,E:\LandSlide-Prediction\data\pre_event\png_256\NEG01135.png,
NEG01136,0,success,S2B_MSIL2A_20251031T045839_R119_T44NMN_20251031T072153,14.801013,0.0,2025-10-31,2025-09-01/2025-11-20,E:\LandSlide-Prediction\data\pre_event\native_tif\NEG01136.tif,E:\LandSlide-Prediction\data\pre_event\png_256\NEG01136.png,
NEG01137,0,success,S2B_MSIL2A_20251031T045839_R119_T44NMP_20251031T072153,16.524501,2.39,2025-10-31,2025-09-01/2025-11-20,E:\LandSlide-Prediction\data\pre_event\native_tif\NEG01137.tif,E:\LandSlide-Prediction\data\pre_event\png_256\NEG01137.png,
NEG01138,0,success,S2B_MSIL2A_20251031T045839_R119_T44NMP_20251031T072153,16.524501,22.46,2025-10-31,2025-09-01/2025-11-20,E:\LandSlide-Prediction\data\pre_event\native_tif\NEG01138.tif,E:\LandSlide-Prediction\data\pre_event\png_256\NEG01138.png,
NEG01139,0,success,S2C_MSIL2A_20251003T050621_R076_T44NMP_20251003T090812,2.112417,0.0,2025-10-03,2025-09-01/2025-11-20,E:\LandSlide-Prediction\data\pre_event\native_tif\NEG01139.tif,E:\LandSlide-Prediction\data\pre_event\png_256\NEG01139.png,
NEG01140,0,success,S2C_MSIL2A_20251003T050621_R076_T44NMN_20251003T090812,8.674505,0.0,2025-10-03,2025-09-01/2025-11-20,E:\LandSlide-Prediction\data\pre_event\native_tif\NEG01140.tif,E:\LandSlide-Prediction\data\pre_event\png_256\NEG01140.png,
NEG01141,0,success,S2C_MSIL2A_20251003T050621_R076_T44NMP_20251003T090812,2.112417,0.0,2025-10-03,2025-09-01/2025-11-20,E:\LandSlide-Prediction\data\pre_event\native_tif\NEG01141.tif,E:\LandSlide-Prediction\data\pre_event\png_256\NEG01141.png,
NEG01142,0,success,S2A_MSIL2A_20250905T050621_R076_T44NMN_20250905T063012,36.164254,0.0,2025-09-05,2025-09-01/2025-11-20,E:\LandSlide-Prediction\data\pre_event\native_tif\NEG01142.tif,E:\LandSlide-Prediction\data\pre_event\png_256\NEG01142.png,
NEG01143,0,success,S2B_MSIL2A_20251031T045839_R119_T44NMN_20251031T072153,14.801013,0.0,2025-10-31,2025-09-01/2025-11-20,E:\LandSlide-Prediction\data\pre_event\native_tif\NEG01143.tif,E:\LandSlide-Prediction\data\pre_event\png_256\NEG01143.png,
NEG01144,0,success,S2B_MSIL2A_20251031T045839_R119_T44NMP_20251031T072153,16.524501,0.0,2025-10-31,2025-09-01/2025-11-20,E:\LandSlide-Prediction\data\pre_event\native_tif\NEG01144.tif,E:\LandSlide-Prediction\data\pre_event\png_256\NEG01144.png,
NEG01145,0,success,S2C_MSIL2A_20251003T050621_R076_T44NMN_20251003T090812,8.674505,14.36,2025-10-03,2025-09-01/2025-11-20,E:\LandSlide-Prediction\data\pre_event\native_tif\NEG01145.tif,E:\LandSlide-Prediction\data\pre_event\png_256\NEG01145.png,
NEG01146,0,success,S2C_MSIL2A_20251013T050611_R076_T44NNN_20251013T090413,15.8978,6.96,2025-10-13,2025-09-01/2025-11-20,E:\LandSlide-Prediction\data\pre_event\native_tif\NEG01146.tif,E:\LandSlide-Prediction\data\pre_event\png_256\NEG01146.png,
NEG01147,0,success,S2A_MSIL2A_20250908T050231_R119_T44NMP_20250908T080413,40.256369,0.0,2025-09-08,2025-09-01/2025-11-20,E:\LandSlide-Prediction\data\pre_event\native_tif\NEG01147.tif,E:\LandSlide-Prediction\data\pre_event\png_256\NEG01147.png,
NEG01148,0,success,S2B_MSIL2A_20251031T045839_R119_T44NMN_20251031T072153,14.801013,2.1,2025-10-31,2025-09-01/2025-11-20,E:\LandSlide-Prediction\data\pre_event\native_tif\NEG01148.tif,E:\LandSlide-Prediction\data\pre_event\png_256\NEG01148.png,
NEG01149,0,success,S2B_MSIL2A_20251031T045839_R119_T44NLN_20251031T072153,5.151897,15.82,2025-10-31,2025-09-01/2025-11-20,E:\LandSlide-Prediction\data\pre_event\native_tif\NEG01149.tif,E:\LandSlide-Prediction\data\pre_event\png_256\NEG01149.png,
NEG01150,0,success,S2B_MSIL2A_20251031T045839_R119_T44NMN_20251031T072153,14.801013,2.54,2025-10-31,2025-09-01/2025-11-20,E:\LandSlide-Prediction\data\pre_event\native_tif\NEG01150.tif,E:\LandSlide-Prediction\data\pre_event\png_256\NEG01150.png,
NEG01151,0,success,S2C_MSIL2A_20251003T050621_R076_T44NMP_20251003T090812,2.112417,0.0,2025-10-03,2025-09-01/2025-11-20,E:\LandSlide-Prediction\data\pre_event\native_tif\NEG01151.tif,E:\LandSlide-Prediction\data\pre_event\png_256\NEG01151.png,
NEG01152,0,success,S2C_MSIL2A_20251003T050621_R076_T44NMN_20251003T090812,8.674505,0.0,2025-10-03,2025-09-01/2025-11-20,E:\LandSlide-Prediction\data\pre_event\native_tif\NEG01152.tif,E:\LandSlide-Prediction\data\pre_event\png_256\NEG01152.png,
NEG01153,0,success,S2C_MSIL2A_20251003T050621_R076_T44NMP_20251003T090812,2.112417,1.76,2025-10-03,2025-09-01/2025-11-20,E:\LandSlide-Prediction\data\pre_event\native_tif\NEG01153.tif,E:\LandSlide-Prediction\data\pre_event\png_256\NEG01153.png,
NEG01154,0,success,S2C_MSIL2A_20251003T050621_R076_T44NMN_20251003T090812,8.674505,0.0,2025-10-03,2025-09-01/2025-11-20,E:\LandSlide-Prediction\data\pre_event\native_tif\NEG01154.tif,E:\LandSlide-Prediction\data\pre_event\png_256\NEG01154.png,
NEG01155,0,success,S2C_MSIL2A_20251003T050621_R076_T44NMN_20251003T090812,8.674505,0.0,2025-10-03,2025-09-01/2025-11-20,E:\LandSlide-Prediction\data\pre_event\native_tif\NEG01155.tif,E:\LandSlide-Prediction\data\pre_event\png_256\NEG01155.png,
NEG01156,0,success,S2C_MSIL2A_20251003T050621_R076_T44NNN_20251003T090812,23.541953,16.26,2025-10-03,2025-09-01/2025-11-20,E:\LandSlide-Prediction\data\pre_event\native_tif\NEG01156.tif,E:\LandSlide-Prediction\data\pre_event\png_256\NEG01156.png,
NEG01157,0,success,S2C_MSIL2A_20251003T050621_R076_T44NMN_20251003T090812,8.674505,0.0,2025-10-03,2025-09-01/2025-11-20,E:\LandSlide-Prediction\data\pre_event\native_tif\NEG01157.tif,E:\LandSlide-Prediction\data\pre_event\png_256\NEG01157.png,
NEG01158,0,success,S2C_MSIL2A_20251003T050621_R076_T44NMN_20251003T090812,8.674505,0.0,2025-10-03,2025-09-01/2025-11-20,E:\LandSlide-Prediction\data\pre_event\native_tif\NEG01158.tif,E:\LandSlide-Prediction\data\pre_event\png_256\NEG01158.png,
NEG01159,0,success,S2C_MSIL2A_20251003T050621_R076_T44NMN_20251003T090812,8.674505,0.0,2025-10-03,2025-09-01/2025-11-20,E:\LandSlide-Prediction\data\pre_event\native_tif\NEG01159.tif,E:\LandSlide-Prediction\data\pre_event\png_256\NEG01159.png,
NEG01160,0,success,S2C_MSIL2A_20251003T050621_R076_T44NMP_20251003T090812,2.112417,0.0,2025-10-03,2025-09-01/2025-11-20,E:\LandSlide-Prediction\data\pre_event\native_tif\NEG01160.tif,E:\LandSlide-Prediction\data\pre_event\png_256\NEG01160.png,
NEG01161,0,success,S2C_MSIL2A_20251003T050621_R076_T44NMP_20251003T090812,2.112417,4.59,2025-10-03,2025-09-01/2025-11-20,E:\LandSlide-Prediction\data\pre_event\native_tif\NEG01161.tif,E:\LandSlide-Prediction\data\pre_event\png_256\NEG01161.png,
NEG01162,0,success,S2A_MSIL2A_20250905T050621_R076_T44NMN_20250905T063012,36.164254,0.0,2025-09-05,2025-09-01/2025-11-20,E:\LandSlide-Prediction\data\pre_event\native_tif\NEG01162.tif,E:\LandSlide-Prediction\data\pre_event\png_256\NEG01162.png,
NEG01163,0,success,S2B_MSIL2A_20251031T045839_R119_T44NMP_20251031T072153,16.524501,0.0,2025-10-31,2025-09-01/2025-11-20,E:\LandSlide-Prediction\data\pre_event\native_tif\NEG01163.tif,E:\LandSlide-Prediction\data\pre_event\png_256\NEG01163.png,
NEG01164,0,success,S2C_MSIL2A_20250728T045721_R119_T44NMP_20250728T095413,9.404943,0.68,2025-07-28,2025-06-01/2025-08-31,E:\LandSlide-Prediction\data\pre_event\native_tif\NEG01164.tif,E:\LandSlide-Prediction\data\pre_event\png_256\NEG01164.png,
NEG01165,0,success,S2C_MSIL2A_20251003T050621_R076_T44NMP_20251003T090812,2.112417,0.0,2025-10-03,2025-09-01/2025-11-20,E:\LandSlide-Prediction\data\pre_event\native_tif\NEG01165.tif,E:\LandSlide-Prediction\data\pre_event\png_256\NEG01165.png,
NEG01166,0,success,S2C_MSIL2A_20251003T050621_R076_T44NMN_20251003T090812,8.674505,0.0,2025-10-03,2025-09-01/2025-11-20,E:\LandSlide-Prediction\data\pre_event\native_tif\NEG01166.tif,E:\LandSlide-Prediction\data\pre_event\png_256\NEG01166.png,
NEG01167,0,success,S2C_MSIL2A_20251003T050621_R076_T44NMP_20251003T090812,2.112417,0.0,2025-10-03,2025-09-01/2025-11-20,E:\LandSlide-Prediction\data\pre_event\native_tif\NEG01167.tif,E:\LandSlide-Prediction\data\pre_event\png_256\NEG01167.png,
NEG01168,0,success,S2C_MSIL2A_20251003T050621_R076_T44NMN_20251003T090812,8.674505,0.0,2025-10-03,2025-09-01/2025-11-20,E:\LandSlide-Prediction\data\pre_event\native_tif\NEG01168.tif,E:\LandSlide-Prediction\data\pre_event\png_256\NEG01168.png,
NEG01169,0,success,S2B_MSIL2A_20251031T045839_R119_T44NMN_20251031T072153,14.801013,2.78,2025-10-31,2025-09-01/2025-11-20,E:\LandSlide-Prediction\data\pre_event\native_tif\NEG01169.tif,E:\LandSlide-Prediction\data\pre_event\png_256\NEG01169.png,
NEG01170,0,success,S2B_MSIL2A_20251031T045839_R119_T44NMN_20251031T072153,14.801013,0.98,2025-10-31,2025-09-01/2025-11-20,E:\LandSlide-Prediction\data\pre_event\native_tif\NEG01170.tif,E:\LandSlide-Prediction\data\pre_event\png_256\NEG01170.png,
NEG01171,0,success,S2B_MSIL2A_20251031T045839_R119_T44NMP_20251031T072153,16.524501,0.0,2025-10-31,2025-09-01/2025-11-20,E:\LandSlide-Prediction\data\pre_event\native_tif\NEG01171.tif,E:\LandSlide-Prediction\data\pre_event\png_256\NEG01171.png,
NEG01172,0,success,S2C_MSIL2A_20251003T050621_R076_T44NMP_20251003T090812,2.112417,0.0,2025-10-03,2025-09-01/2025-11-20,E:\LandSlide-Prediction\data\pre_event\native_tif\NEG01172.tif,E:\LandSlide-Prediction\data\pre_event\png_256\NEG01172.png,
NEG01173,0,success,S2B_MSIL2A_20251031T045839_R119_T44NMP_20251031T072153,16.524501,3.47,2025-10-31,2025-09-01/2025-11-20,E:\LandSlide-Prediction\data\pre_event\native_tif\NEG01173.tif,E:\LandSlide-Prediction\data\pre_event\png_256\NEG01173.png,
NEG01174,0,success,S2B_MSIL2A_20251031T045839_R119_T44NMN_20251031T072153,14.801013,0.0,2025-10-31,2025-09-01/2025-11-20,E:\LandSlide-Prediction\data\pre_event\native_tif\NEG01174.tif,E:\LandSlide-Prediction\data\pre_event\png_256\NEG01174.png,
NEG01175,0,success,S2C_MSIL2A_20251003T050621_R076_T44NMP_20251003T090812,2.112417,0.0,2025-10-03,2025-09-01/2025-11-20,E:\LandSlide-Prediction\data\pre_event\native_tif\NEG01175.tif,E:\LandSlide-Prediction\data\pre_event\png_256\NEG01175.png,
NEG01176,0,success,S2C_MSIL2A_20251003T050621_R076_T44NMP_20251003T090812,2.112417,0.0,2025-10-03,2025-09-01/2025-11-20,E:\LandSlide-Prediction\data\pre_event\native_tif\NEG01176.tif,E:\LandSlide-Prediction\data\pre_event\png_256\NEG01176.png,
NEG01177,0,success,S2C_MSIL2A_20251003T050621_R076_T44NMP_20251003T090812,2.112417,0.0,2025-10-03,2025-09-01/2025-11-20,E:\LandSlide-Prediction\data\pre_event\native_tif\NEG01177.tif,E:\LandSlide-Prediction\data\pre_event\png_256\NEG01177.png,
NEG01178,0,success,S2B_MSIL2A_20250911T045659_R119_T44NMP_20250911T084431,52.030182,11.96,2025-09-11,2025-09-01/2025-11-20,E:\LandSlide-Prediction\data\pre_event\native_tif\NEG01178.tif,E:\LandSlide-Prediction\data\pre_event\png_256\NEG01178.png,
NEG01179,0,success,S2C_MSIL2A_20251003T050621_R076_T44NMN_20251003T090812,8.674505,0.0,2025-10-03,2025-09-01/2025-11-20,E:\LandSlide-Prediction\data\pre_event\native_tif\NEG01179.tif,E:\LandSlide-Prediction\data\pre_event\png_256\NEG01179.png,
NEG01180,0,success,S2C_MSIL2A_20251102T050611_R076_T44NMP_20251102T072910,21.803713,23.1,2025-11-02,2025-09-01/2025-11-20,E:\LandSlide-Prediction\data\pre_event\native_tif\NEG01180.tif,E:\LandSlide-Prediction\data\pre_event\png_256\NEG01180.png,
NEG01181,0,success,S2A_MSIL2A_20250908T050231_R119_T44NMP_20250908T080413,40.256369,24.02,2025-09-08,2025-09-01/2025-11-20,E:\LandSlide-Prediction\data\pre_event\native_tif\NEG01181.tif,E:\LandSlide-Prediction\data\pre_event\png_256\NEG01181.png,
NEG01182,0,success,S2B_MSIL2A_20251031T045839_R119_T44NMN_20251031T072153,14.801013,1.17,2025-10-31,2025-09-01/2025-11-20,E:\LandSlide-Prediction\data\pre_event\native_tif\NEG01182.tif,E:\LandSlide-Prediction\data\pre_event\png_256\NEG01182.png,
NEG01183,0,success,S2C_MSIL2A_20251003T050621_R076_T44NMP_20251003T090812,2.112417,0.0,2025-10-03,2025-09-01/2025-11-20,E:\LandSlide-Prediction\data\pre_event\native_tif\NEG01183.tif,E:\LandSlide-Prediction\data\pre_event\png_256\NEG01183.png,
NEG01184,0,success,S2C_MSIL2A_20251003T050621_R076_T44NMP_20251003T090812,2.112417,0.0,2025-10-03,2025-09-01/2025-11-20,E:\LandSlide-Prediction\data\pre_event\native_tif\NEG01184.tif,E:\LandSlide-Prediction\data\pre_event\png_256\NEG01184.png,
NEG01185,0,success,S2C_MSIL2A_20251003T050621_R076_T44NMP_20251003T090812,2.112417,0.2,2025-10-03,2025-09-01/2025-11-20,E:\LandSlide-Prediction\data\pre_event\native_tif\NEG01185.tif,E:\LandSlide-Prediction\data\pre_event\png_256\NEG01185.png,
NEG01186,0,success,S2C_MSIL2A_20251003T050621_R076_T44NMP_20251003T090812,2.112417,7.96,2025-10-03,2025-09-01/2025-11-20,E:\LandSlide-Prediction\data\pre_event\native_tif\NEG01186.tif,E:\LandSlide-Prediction\data\pre_event\png_256\NEG01186.png,
NEG01187,0,success,S2C_MSIL2A_20251003T050621_R076_T44NMN_20251003T090812,8.674505,3.56,2025-10-03,2025-09-01/2025-11-20,E:\LandSlide-Prediction\data\pre_event\native_tif\NEG01187.tif,E:\LandSlide-Prediction\data\pre_event\png_256\NEG01187.png,
NEG01188,0,success,S2C_MSIL2A_20251006T045711_R119_T44NMP_20251006T093213,47.28899,4.25,2025-10-06,2025-09-01/2025-11-20,E:\LandSlide-Prediction\data\pre_event\native_tif\NEG01188.tif,E:\LandSlide-Prediction\data\pre_event\png_256\NEG01188.png,
NEG01189,0,success,S2B_MSIL2A_20251031T045839_R119_T44NMP_20251031T072153,16.524501,0.0,2025-10-31,2025-09-01/2025-11-20,E:\LandSlide-Prediction\data\pre_event\native_tif\NEG01189.tif,E:\LandSlide-Prediction\data\pre_event\png_256\NEG01189.png,
NEG01190,0,success,S2B_MSIL2A_20251031T045839_R119_T44NMN_20251031T072153,14.801013,0.0,2025-10-31,2025-09-01/2025-11-20,E:\LandSlide-Prediction\data\pre_event\native_tif\NEG01190.tif,E:\LandSlide-Prediction\data\pre_event\png_256\NEG01190.png,
NEG01191,0,success,S2C_MSIL2A_20251003T050621_R076_T44NMP_20251003T090812,2.112417,0.05,2025-10-03,2025-09-01/2025-11-20,E:\LandSlide-Prediction\data\pre_event\native_tif\NEG01191.tif,E:\LandSlide-Prediction\data\pre_event\png_256\NEG01191.png,
NEG01192,0,success,S2B_MSIL2A_20251031T045839_R119_T44NMP_20251031T072153,16.524501,16.7,2025-10-31,2025-09-01/2025-11-20,E:\LandSlide-Prediction\data\pre_event\native_tif\NEG01192.tif,E:\LandSlide-Prediction\data\pre_event\png_256\NEG01192.png,
NEG01193,0,success,S2C_MSIL2A_20250913T050621_R076_T44NNN_20250913T092114,28.331435,0.0,2025-09-13,2025-09-01/2025-11-20,E:\LandSlide-Prediction\data\pre_event\native_tif\NEG01193.tif,E:\LandSlide-Prediction\data\pre_event\png_256\NEG01193.png,
NEG01194,0,success,S2B_MSIL2A_20251031T045839_R119_T44NMN_20251031T072153,14.801013,0.1,2025-10-31,2025-09-01/2025-11-20,E:\LandSlide-Prediction\data\pre_event\native_tif\NEG01194.tif,E:\LandSlide-Prediction\data\pre_event\png_256\NEG01194.png,
NEG01195,0,success,S2C_MSIL2A_20250913T050621_R076_T44NNN_20250913T092114,28.331435,11.72,2025-09-13,2025-09-01/2025-11-20,E:\LandSlide-Prediction\data\pre_event\native_tif\NEG01195.tif,E:\LandSlide-Prediction\data\pre_event\png_256\NEG01195.png,
NEG01196,0,success,S2B_MSIL2A_20251031T045839_R119_T44NMN_20251031T072153,14.801013,0.49,2025-10-31,2025-09-01/2025-11-20,E:\LandSlide-Prediction\data\pre_event\native_tif\NEG01196.tif,E:\LandSlide-Prediction\data\pre_event\png_256\NEG01196.png,
NEG01197,0,success,S2C_MSIL2A_20251003T050621_R076_T44NMP_20251003T090812,2.112417,0.0,2025-10-03,2025-09-01/2025-11-20,E:\LandSlide-Prediction\data\pre_event\native_tif\NEG01197.tif,E:\LandSlide-Prediction\data\pre_event\png_256\NEG01197.png,
NEG01198,0,success,S2B_MSIL2A_20251031T045839_R119_T44NMN_20251031T072153,14.801013,0.0,2025-10-31,2025-09-01/2025-11-20,E:\LandSlide-Prediction\data\pre_event\native_tif\NEG01198.tif,E:\LandSlide-Prediction\data\pre_event\png_256\NEG01198.png,
NEG01199,0,success,S2B_MSIL2A_20251031T045839_R119_T44NMP_20251031T072153,16.524501,0.0,2025-10-31,2025-09-01/2025-11-20,E:\LandSlide-Prediction\data\pre_event\native_tif\NEG01199.tif,E:\LandSlide-Prediction\data\pre_event\png_256\NEG01199.png,
NEG01200,0,success,S2C_MSIL2A_20251003T050621_R076_T44NMP_20251003T090812,2.112417,0.0,2025-10-03,2025-09-01/2025-11-20,E:\LandSlide-Prediction\data\pre_event\native_tif\NEG01200.tif,E:\LandSlide-Prediction\data\pre_event\png_256\NEG01200.png,
NEG01201,0,success,S2C_MSIL2A_20251003T050621_R076_T44NMN_20251003T090812,8.674505,0.0,2025-10-03,2025-09-01/2025-11-20,E:\LandSlide-Prediction\data\pre_event\native_tif\NEG01201.tif,E:\LandSlide-Prediction\data\pre_event\png_256\NEG01201.png,
NEG01202,0,success,S2C_MSIL2A_20251003T050621_R076_T44NMP_20251003T090812,2.112417,0.0,2025-10-03,2025-09-01/2025-11-20,E:\LandSlide-Prediction\data\pre_event\native_tif\NEG01202.tif,E:\LandSlide-Prediction\data\pre_event\png_256\NEG01202.png,
NEG01203,0,success,S2B_MSIL2A_20251031T045839_R119_T44NMN_20251031T072153,14.801013,1.51,2025-10-31,2025-09-01/2025-11-20,E:\LandSlide-Prediction\data\pre_event\native_tif\NEG01203.tif,E:\LandSlide-Prediction\data\pre_event\png_256\NEG01203.png,
NEG01204,0,success,S2C_MSIL2A_20251003T050621_R076_T44NMN_20251003T090812,8.674505,0.0,2025-10-03,2025-09-01/2025-11-20,E:\LandSlide-Prediction\data\pre_event\native_tif\NEG01204.tif,E:\LandSlide-Prediction\data\pre_event\png_256\NEG01204.png,
NEG01205,0,success,S2B_MSIL2A_20251031T045839_R119_T44NMN_20251031T072153,14.801013,0.0,2025-10-31,2025-09-01/2025-11-20,E:\LandSlide-Prediction\data\pre_event\native_tif\NEG01205.tif,E:\LandSlide-Prediction\data\pre_event\png_256\NEG01205.png,
NEG01206,0,success,S2C_MSIL2A_20251003T050621_R076_T44NMP_20251003T090812,2.112417,0.0,2025-10-03,2025-09-01/2025-11-20,E:\LandSlide-Prediction\data\pre_event\native_tif\NEG01206.tif,E:\LandSlide-Prediction\data\pre_event\png_256\NEG01206.png,
NEG01207,0,success,S2C_MSIL2A_20251003T050621_R076_T44NMN_20251003T090812,8.674505,0.0,2025-10-03,2025-09-01/2025-11-20,E:\LandSlide-Prediction\data\pre_event\native_tif\NEG01207.tif,E:\LandSlide-Prediction\data\pre_event\png_256\NEG01207.png,
NEG01208,0,success,S2C_MSIL2A_20251003T050621_R076_T44NMP_20251003T090812,2.112417,0.0,2025-10-03,2025-09-01/2025-11-20,E:\LandSlide-Prediction\data\pre_event\native_tif\NEG01208.tif,E:\LandSlide-Prediction\data\pre_event\png_256\NEG01208.png,
NEG01209,0,success,S2B_MSIL2A_20251031T045839_R119_T44NMN_20251031T072153,14.801013,0.0,2025-10-31,2025-09-01/2025-11-20,E:\LandSlide-Prediction\data\pre_event\native_tif\NEG01209.tif,E:\LandSlide-Prediction\data\pre_event\png_256\NEG01209.png,
NEG01210,0,success,S2B_MSIL2A_20250911T045659_R119_T44NMP_20250911T084431,52.030182,0.12,2025-09-11,2025-09-01/2025-11-20,E:\LandSlide-Prediction\data\pre_event\native_tif\NEG01210.tif,E:\LandSlide-Prediction\data\pre_event\png_256\NEG01210.png,
NEG01211,0,success,S2C_MSIL2A_20251003T050621_R076_T44NMP_20251003T090812,2.112417,0.0,2025-10-03,2025-09-01/2025-11-20,E:\LandSlide-Prediction\data\pre_event\native_tif\NEG01211.tif,E:\LandSlide-Prediction\data\pre_event\png_256\NEG01211.png,
NEG01212,0,success,S2B_MSIL2A_20251031T045839_R119_T44NMN_20251031T072153,14.801013,1.37,2025-10-31,2025-09-01/2025-11-20,E:\LandSlide-Prediction\data\pre_event\native_tif\NEG01212.tif,E:\LandSlide-Prediction\data\pre_event\png_256\NEG01212.png,
NEG01213,0,success,S2B_MSIL2A_20251031T045839_R119_T44NMP_20251031T072153,16.524501,0.0,2025-10-31,2025-09-01/2025-11-20,E:\LandSlide-Prediction\data\pre_event\native_tif\NEG01213.tif,E:\LandSlide-Prediction\data\pre_event\png_256\NEG01213.png,
NEG01214,0,success,S2B_MSIL2A_20251031T045839_R119_T44NMP_20251031T072153,16.524501,0.0,2025-10-31,2025-09-01/2025-11-20,E:\LandSlide-Prediction\data\pre_event\native_tif\NEG01214.tif,E:\LandSlide-Prediction\data\pre_event\png_256\NEG01214.png,
NEG01215,0,success,S2C_MSIL2A_20251003T050621_R076_T44NMN_20251003T090812,8.674505,0.0,2025-10-03,2025-09-01/2025-11-20,E:\LandSlide-Prediction\data\pre_event\native_tif\NEG01215.tif,E:\LandSlide-Prediction\data\pre_event\png_256\NEG01215.png,
NEG01216,0,success,S2B_MSIL2A_20251031T045839_R119_T44NMP_20251031T072153,16.524501,21.17,2025-10-31,2025-09-01/2025-11-20,E:\LandSlide-Prediction\data\pre_event\native_tif\NEG01216.tif,E:\LandSlide-Prediction\data\pre_event\png_256\NEG01216.png,
NEG01217,0,success,S2B_MSIL2A_20251031T045839_R119_T44NMN_20251031T072153,14.801013,0.0,2025-10-31,2025-09-01/2025-11-20,E:\LandSlide-Prediction\data\pre_event\native_tif\NEG01217.tif,E:\LandSlide-Prediction\data\pre_event\png_256\NEG01217.png,
NEG01218,0,success,S2B_MSIL2A_20251031T045839_R119_T44NMN_20251031T072153,14.801013,0.0,2025-10-31,2025-09-01/2025-11-20,E:\LandSlide-Prediction\data\pre_event\native_tif\NEG01218.tif,E:\LandSlide-Prediction\data\pre_event\png_256\NEG01218.png,
NEG01219,0,success,S2B_MSIL2A_20250911T045659_R119_T44NMP_20250911T084431,52.030182,3.37,2025-09-11,2025-09-01/2025-11-20,E:\LandSlide-Prediction\data\pre_event\native_tif\NEG01219.tif,E:\LandSlide-Prediction\data\pre_event\png_256\NEG01219.png,
NEG01220,0,success,S2C_MSIL2A_20251003T050621_R076_T44NMN_20251003T090812,8.674505,0.0,2025-10-03,2025-09-01/2025-11-20,E:\LandSlide-Prediction\data\pre_event\native_tif\NEG01220.tif,E:\LandSlide-Prediction\data\pre_event\png_256\NEG01220.png,
NEG01221,0,success,S2C_MSIL2A_20251003T050621_R076_T44NMN_20251003T090812,8.674505,0.0,2025-10-03,2025-09-01/2025-11-20,E:\LandSlide-Prediction\data\pre_event\native_tif\NEG01221.tif,E:\LandSlide-Prediction\data\pre_event\png_256\NEG01221.png,
NEG01222,0,success,S2B_MSIL2A_20251031T045839_R119_T44NMN_20251031T072153,14.801013,17.97,2025-10-31,2025-09-01/2025-11-20,E:\LandSlide-Prediction\data\pre_event\native_tif\NEG01222.tif,E:\LandSlide-Prediction\data\pre_event\png_256\NEG01222.png,
NEG01223,0,success,S2C_MSIL2A_20251003T050621_R076_T44NMP_20251003T090812,2.112417,0.0,2025-10-03,2025-09-01/2025-11-20,E:\LandSlide-Prediction\data\pre_event\native_tif\NEG01223.tif,E:\LandSlide-Prediction\data\pre_event\png_256\NEG01223.png,
NEG01224,0,success,S2C_MSIL2A_20251003T050621_R076_T44NMP_20251003T090812,2.112417,0.39,2025-10-03,2025-09-01/2025-11-20,E:\LandSlide-Prediction\data\pre_event\native_tif\NEG01224.tif,E:\LandSlide-Prediction\data\pre_event\png_256\NEG01224.png,
NEG01225,0,success,S2B_MSIL2A_20251031T045839_R119_T44PMQ_20251031T072153,2.075697,23.95,2025-10-31,2025-09-01/2025-11-20,E:\LandSlide-Prediction\data\pre_event\native_tif\NEG01225.tif,E:\LandSlide-Prediction\data\pre_event\png_256\NEG01225.png,
NEG01226,0,success,S2B_MSIL2A_20251008T050559_R076_T44NNN_20251008T082000,19.039197,3.91,2025-10-08,2025-09-01/2025-11-20,E:\LandSlide-Prediction\data\pre_event\native_tif\NEG01226.tif,E:\LandSlide-Prediction\data\pre_event\png_256\NEG01226.png,
NEG01227,0,success,S2B_MSIL2A_20251031T045839_R119_T44NMP_20251031T072153,16.524501,0.68,2025-10-31,2025-09-01/2025-11-20,E:\LandSlide-Prediction\data\pre_event\native_tif\NEG01227.tif,E:\LandSlide-Prediction\data\pre_event\png_256\NEG01227.png,
NEG01228,0,success,S2C_MSIL2A_20250728T045721_R119_T44NMP_20250728T095413,9.404943,0.0,2025-07-28,2025-06-01/2025-08-31,E:\LandSlide-Prediction\data\pre_event\native_tif\NEG01228.tif,E:\LandSlide-Prediction\data\pre_event\png_256\NEG01228.png,
NEG01229,0,success,S2C_MSIL2A_20251003T050621_R076_T44NMN_20251003T090812,8.674505,0.0,2025-10-03,2025-09-01/2025-11-20,E:\LandSlide-Prediction\data\pre_event\native_tif\NEG01229.tif,E:\LandSlide-Prediction\data\pre_event\png_256\NEG01229.png,
NEG01230,0,success,S2B_MSIL2A_20251031T045839_R119_T44NLN_20251031T072153,5.151897,1.07,2025-10-31,2025-09-01/2025-11-20,E:\LandSlide-Prediction\data\pre_event\native_tif\NEG01230.tif,E:\LandSlide-Prediction\data\pre_event\png_256\NEG01230.png,
NEG01231,0,success,S2C_MSIL2A_20250913T050621_R076_T44NNN_20250913T092114,28.331435,0.0,2025-09-13,2025-09-01/2025-11-20,E:\LandSlide-Prediction\data\pre_event\native_tif\NEG01231.tif,E:\LandSlide-Prediction\data\pre_event\png_256\NEG01231.png,
NEG01232,0,success,S2C_MSIL2A_20251003T050621_R076_T44NMP_20251003T090812,2.112417,0.0,2025-10-03,2025-09-01/2025-11-20,E:\LandSlide-Prediction\data\pre_event\native_tif\NEG01232.tif,E:\LandSlide-Prediction\data\pre_event\png_256\NEG01232.png,
NEG01233,0,success,S2B_MSIL2A_20251031T045839_R119_T44NMN_20251031T072153,14.801013,0.29,2025-10-31,2025-09-01/2025-11-20,E:\LandSlide-Prediction\data\pre_event\native_tif\NEG01233.tif,E:\LandSlide-Prediction\data\pre_event\png_256\NEG01233.png,
NEG01234,0,success,S2B_MSIL2A_20251031T045839_R119_T44NMP_20251031T072153,16.524501,0.0,2025-10-31,2025-09-01/2025-11-20,E:\LandSlide-Prediction\data\pre_event\native_tif\NEG01234.tif,E:\LandSlide-Prediction\data\pre_event\png_256\NEG01234.png,
NEG01235,0,success,S2B_MSIL2A_20250908T050559_R076_T44NMN_20250908T070833,32.934213,0.0,2025-09-08,2025-09-01/2025-11-20,E:\LandSlide-Prediction\data\pre_event\native_tif\NEG01235.tif,E:\LandSlide-Prediction\data\pre_event\png_256\NEG01235.png,
NEG01236,0,success,S2B_MSIL2A_20251110T045929_R119_T44NMN_20251110T083118,59.061468,2.34,2025-11-10,2025-09-01/2025-11-20,E:\LandSlide-Prediction\data\pre_event\native_tif\NEG01236.tif,E:\LandSlide-Prediction\data\pre_event\png_256\NEG01236.png,
NEG01237,0,success,S2C_MSIL2A_20251003T050621_R076_T44NMP_20251003T090812,2.112417,4.54,2025-10-03,2025-09-01/2025-11-20,E:\LandSlide-Prediction\data\pre_event\native_tif\NEG01237.tif,E:\LandSlide-Prediction\data\pre_event\png_256\NEG01237.png,
NEG01238,0,success,S2C_MSIL2A_20251003T050621_R076_T44NMN_20251003T090812,8.674505,16.41,2025-10-03,2025-09-01/2025-11-20,E:\LandSlide-Prediction\data\pre_event\native_tif\NEG01238.tif,E:\LandSlide-Prediction\data\pre_event\png_256\NEG01238.png,
NEG01239,0,success,S2C_MSIL2A_20251003T050621_R076_T44NMP_20251003T090812,2.112417,0.0,2025-10-03,2025-09-01/2025-11-20,E:\LandSlide-Prediction\data\pre_event\native_tif\NEG01239.tif,E:\LandSlide-Prediction\data\pre_event\png_256\NEG01239.png,
NEG01240,0,success,S2C_MSIL2A_20251003T050621_R076_T44NMP_20251003T090812,2.112417,0.0,2025-10-03,2025-09-01/2025-11-20,E:\LandSlide-Prediction\data\pre_event\native_tif\NEG01240.tif,E:\LandSlide-Prediction\data\pre_event\png_256\NEG01240.png,
NEG01241,0,success,S2C_MSIL2A_20251003T050621_R076_T44NMP_20251003T090812,2.112417,6.05,2025-10-03,2025-09-01/2025-11-20,E:\LandSlide-Prediction\data\pre_event\native_tif\NEG01241.tif,E:\LandSlide-Prediction\data\pre_event\png_256\NEG01241.png,
NEG01242,0,success,S2C_MSIL2A_20251003T050621_R076_T44NMN_20251003T090812,8.674505,7.37,2025-10-03,2025-09-01/2025-11-20,E:\LandSlide-Prediction\data\pre_event\native_tif\NEG01242.tif,E:\LandSlide-Prediction\data\pre_event\png_256\NEG01242.png,
NEG01243,0,success,S2B_MSIL2A_20251031T045839_R119_T44NMP_20251031T072153,16.524501,3.76,2025-10-31,2025-09-01/2025-11-20,E:\LandSlide-Prediction\data\pre_event\native_tif\NEG01243.tif,E:\LandSlide-Prediction\data\pre_event\png_256\NEG01243.png,
NEG01244,0,success,S2C_MSIL2A_20251003T050621_R076_T44NMN_20251003T090812,8.674505,0.2,2025-10-03,2025-09-01/2025-11-20,E:\LandSlide-Prediction\data\pre_event\native_tif\NEG01244.tif,E:\LandSlide-Prediction\data\pre_event\png_256\NEG01244.png,
NEG01245,0,success,S2B_MSIL2A_20251031T045839_R119_T44NMP_20251031T072153,16.524501,0.49,2025-10-31,2025-09-01/2025-11-20,E:\LandSlide-Prediction\data\pre_event\native_tif\NEG01245.tif,E:\LandSlide-Prediction\data\pre_event\png_256\NEG01245.png,
NEG01246,0,success,S2A_MSIL2A_20250905T050621_R076_T44NNN_20250905T063012,36.080211,0.0,2025-09-05,2025-09-01/2025-11-20,E:\LandSlide-Prediction\data\pre_event\native_tif\NEG01246.tif,E:\LandSlide-Prediction\data\pre_event\png_256\NEG01246.png,
NEG01247,0,success,S2B_MSIL2A_20251031T045839_R119_T44NMP_20251031T072153,16.524501,2.73,2025-10-31,2025-09-01/2025-11-20,E:\LandSlide-Prediction\data\pre_event\native_tif\NEG01247.tif,E:\LandSlide-Prediction\data\pre_event\png_256\NEG01247.png,
NEG01248,0,success,S2C_MSIL2A_20251003T050621_R076_T44NMP_20251003T090812,2.112417,0.0,2025-10-03,2025-09-01/2025-11-20,E:\LandSlide-Prediction\data\pre_event\native_tif\NEG01248.tif,E:\LandSlide-Prediction\data\pre_event\png_256\NEG01248.png,
NEG01249,0,success,S2B_MSIL2A_20251031T045839_R119_T44NMN_20251031T072153,14.801013,0.0,2025-10-31,2025-09-01/2025-11-20,E:\LandSlide-Prediction\data\pre_event\native_tif\NEG01249.tif,E:\LandSlide-Prediction\data\pre_event\png_256\NEG01249.png,
NEG01250,0,success,S2C_MSIL2A_20251006T045711_R119_T44NMP_20251006T093213,47.28899,0.44,2025-10-06,2025-09-01/2025-11-20,E:\LandSlide-Prediction\data\pre_event\native_tif\NEG01250.tif,E:\LandSlide-Prediction\data\pre_event\png_256\NEG01250.png,
NEG01251,0,success,S2C_MSIL2A_20251003T050621_R076_T44NMN_20251003T090812,8.674505,24.85,2025-10-03,2025-09-01/2025-11-20,E:\LandSlide-Prediction\data\pre_event\native_tif\NEG01251.tif,E:\LandSlide-Prediction\data\pre_event\png_256\NEG01251.png,
NEG01252,0,success,S2B_MSIL2A_20251031T045839_R119_T44NMP_20251031T072153,16.524501,0.1,2025-10-31,2025-09-01/2025-11-20,E:\LandSlide-Prediction\data\pre_event\native_tif\NEG01252.tif,E:\LandSlide-Prediction\data\pre_event\png_256\NEG01252.png,
NEG01253,0,success,S2C_MSIL2A_20251013T050611_R076_T44NNN_20251013T090413,15.8978,20.92,2025-10-13,2025-09-01/2025-11-20,E:\LandSlide-Prediction\data\pre_event\native_tif\NEG01253.tif,E:\LandSlide-Prediction\data\pre_event\png_256\NEG01253.png,
NEG01254,0,success,S2B_MSIL2A_20251031T045839_R119_T44NMN_20251031T072153,14.801013,0.0,2025-10-31,2025-09-01/2025-11-20,E:\LandSlide-Prediction\data\pre_event\native_tif\NEG01254.tif,E:\LandSlide-Prediction\data\pre_event\png_256\NEG01254.png,
NEG01255,0,success,S2C_MSIL2A_20251003T050621_R076_T44NMN_20251003T090812,8.674505,0.0,2025-10-03,2025-09-01/2025-11-20,E:\LandSlide-Prediction\data\pre_event\native_tif\NEG01255.tif,E:\LandSlide-Prediction\data\pre_event\png_256\NEG01255.png,
NEG01256,0,success,S2B_MSIL2A_20251028T050559_R076_T44NNN_20251028T070748,29.97084,0.0,2025-10-28,2025-09-01/2025-11-20,E:\LandSlide-Prediction\data\pre_event\native_tif\NEG01256.tif,E:\LandSlide-Prediction\data\pre_event\png_256\NEG01256.png,
NEG01257,0,success,S2B_MSIL2A_20251001T045659_R119_T44NMN_20251001T082912,44.625133,0.2,2025-10-01,2025-09-01/2025-11-20,E:\LandSlide-Prediction\data\pre_event\native_tif\NEG01257.tif,E:\LandSlide-Prediction\data\pre_event\png_256\NEG01257.png,
NEG01258,0,success,S2C_MSIL2A_20251003T050621_R076_T44NMN_20251003T090812,8.674505,0.0,2025-10-03,2025-09-01/2025-11-20,E:\LandSlide-Prediction\data\pre_event\native_tif\NEG01258.tif,E:\LandSlide-Prediction\data\pre_event\png_256\NEG01258.png,
NEG01259,0,success,S2C_MSIL2A_20251102T050611_R076_T44NNN_20251102T072910,25.828215,23.93,2025-11-02,2025-09-01/2025-11-20,E:\LandSlide-Prediction\data\pre_event\native_tif\NEG01259.tif,E:\LandSlide-Prediction\data\pre_event\png_256\NEG01259.png,
NEG01260,0,success,S2B_MSIL2A_20251008T050559_R076_T44NNN_20251008T082000,19.039197,0.0,2025-10-08,2025-09-01/2025-11-20,E:\LandSlide-Prediction\data\pre_event\native_tif\NEG01260.tif,E:\LandSlide-Prediction\data\pre_event\png_256\NEG01260.png,
NEG01261,0,success,S2A_MSIL2A_20250905T050621_R076_T44NMP_20250905T063012,30.717695,0.0,2025-09-05,2025-09-01/2025-11-20,E:\LandSlide-Prediction\data\pre_event\native_tif\NEG01261.tif,E:\LandSlide-Prediction\data\pre_event\png_256\NEG01261.png,
NEG01262,0,success,S2A_MSIL2A_20250730T050241_R119_T44NMP_20250730T081115,10.341509,0.0,2025-07-30,2025-06-01/2025-08-31,E:\LandSlide-Prediction\data\pre_event\native_tif\NEG01262.tif,E:\LandSlide-Prediction\data\pre_event\png_256\NEG01262.png,
NEG01263,0,success,S2B_MSIL2A_20251008T050559_R076_T44NNN_20251008T082000,19.039197,0.0,2025-10-08,2025-09-01/2025-11-20,E:\LandSlide-Prediction\data\pre_event\native_tif\NEG01263.tif,E:\LandSlide-Prediction\data\pre_event\png_256\NEG01263.png,
NEG01264,0,success,S2B_MSIL2A_20251031T045839_R119_T44NMP_20251031T072153,16.524501,0.0,2025-10-31,2025-09-01/2025-11-20,E:\LandSlide-Prediction\data\pre_event\native_tif\NEG01264.tif,E:\LandSlide-Prediction\data\pre_event\png_256\NEG01264.png,
NEG01265,0,success,S2C_MSIL2A_20251003T050621_R076_T44NMP_20251003T090812,2.112417,0.0,2025-10-03,2025-09-01/2025-11-20,E:\LandSlide-Prediction\data\pre_event\native_tif\NEG01265.tif,E:\LandSlide-Prediction\data\pre_event\png_256\NEG01265.png,
NEG01266,0,success,S2C_MSIL2A_20251013T050611_R076_T44NNP_20251013T090413,10.470393,6.98,2025-10-13,2025-09-01/2025-11-20,E:\LandSlide-Prediction\data\pre_event\native_tif\NEG01266.tif,E:\LandSlide-Prediction\data\pre_event\png_256\NEG01266.png,
NEG01267,0,success,S2B_MSIL2A_20251031T045839_R119_T44NMP_20251031T072153,16.524501,0.59,2025-10-31,2025-09-01/2025-11-20,E:\LandSlide-Prediction\data\pre_event\native_tif\NEG01267.tif,E:\LandSlide-Prediction\data\pre_event\png_256\NEG01267.png,
NEG01268,0,success,S2B_MSIL2A_20251031T045839_R119_T44NMN_20251031T072153,14.801013,0.0,2025-10-31,2025-09-01/2025-11-20,E:\LandSlide-Prediction\data\pre_event\native_tif\NEG01268.tif,E:\LandSlide-Prediction\data\pre_event\png_256\NEG01268.png,
NEG01269,0,success,S2C_MSIL2A_20251003T050621_R076_T44NMP_20251003T090812,2.112417,0.0,2025-10-03,2025-09-01/2025-11-20,E:\LandSlide-Prediction\data\pre_event\native_tif\NEG01269.tif,E:\LandSlide-Prediction\data\pre_event\png_256\NEG01269.png,
NEG01270,0,success,S2A_MSIL2A_20250905T050621_R076_T44NNN_20250905T063012,36.080211,0.0,2025-09-05,2025-09-01/2025-11-20,E:\LandSlide-Prediction\data\pre_event\native_tif\NEG01270.tif,E:\LandSlide-Prediction\data\pre_event\png_256\NEG01270.png,
NEG00340,0,no_clear_scene,,,,,,,,
NEG00601,0,no_clear_scene,,,,,,,,
NEG01036,0,no_clear_scene,,,,,,,,
NEG01271,0,success,S2C_MSIL2A_20251003T050621_R076_T44NMN_20251003T090812,8.674505,0.0,2025-10-03,2025-09-01/2025-11-20,E:\LandSlide-Prediction\data\pre_event\native_tif\NEG01271.tif,E:\LandSlide-Prediction\data\pre_event\png_256\NEG01271.png,
NEG01272,0,success,S2B_MSIL2A_20251031T045839_R119_T44NMN_20251031T072153,14.801013,0.0,2025-10-31,2025-09-01/2025-11-20,E:\LandSlide-Prediction\data\pre_event\native_tif\NEG01272.tif,E:\LandSlide-Prediction\data\pre_event\png_256\NEG01272.png,
NEG01273,0,success,S2C_MSIL2A_20250728T045721_R119_T44NMP_20250728T095413,9.404943,0.59,2025-07-28,2025-06-01/2025-08-31,E:\LandSlide-Prediction\data\pre_event\native_tif\NEG01273.tif,E:\LandSlide-Prediction\data\pre_event\png_256\NEG01273.png,
NEG01274,0,success,S2B_MSIL2A_20251031T045839_R119_T44NMN_20251031T072153,14.801013,0.0,2025-10-31,2025-09-01/2025-11-20,E:\LandSlide-Prediction\data\pre_event\native_tif\NEG01274.tif,E:\LandSlide-Prediction\data\pre_event\png_256\NEG01274.png,
NEG01275,0,success,S2C_MSIL2A_20251003T050621_R076_T44NMN_20251003T090812,8.674505,0.0,2025-10-03,2025-09-01/2025-11-20,E:\LandSlide-Prediction\data\pre_event\native_tif\NEG01275.tif,E:\LandSlide-Prediction\data\pre_event\png_256\NEG01275.png,
NEG01276,0,success,S2B_MSIL2A_20251031T045839_R119_T44NMN_20251031T072153,14.801013,0.0,2025-10-31,2025-09-01/2025-11-20,E:\LandSlide-Prediction\data\pre_event\native_tif\NEG01276.tif,E:\LandSlide-Prediction\data\pre_event\png_256\NEG01276.png,
NEG01277,0,success,S2C_MSIL2A_20250728T045721_R119_T44NMP_20250728T095413,9.404943,0.0,2025-07-28,2025-06-01/2025-08-31,E:\LandSlide-Prediction\data\pre_event\native_tif\NEG01277.tif,E:\LandSlide-Prediction\data\pre_event\png_256\NEG01277.png,
NEG01278,0,success,S2B_MSIL2A_20251031T045839_R119_T44NMN_20251031T072153,14.801013,0.0,2025-10-31,2025-09-01/2025-11-20,E:\LandSlide-Prediction\data\pre_event\native_tif\NEG01278.tif,E:\LandSlide-Prediction\data\pre_event\png_256\NEG01278.png,
NEG01279,0,success,S2B_MSIL2A_20251031T045839_R119_T44NMN_20251031T072153,14.801013,0.0,2025-10-31,2025-09-01/2025-11-20,E:\LandSlide-Prediction\data\pre_event\native_tif\NEG01279.tif,E:\LandSlide-Prediction\data\pre_event\png_256\NEG01279.png,
NEG01280,0,success,S2B_MSIL2A_20251008T050559_R076_T44NNN_20251008T082000,19.039197,0.0,2025-10-08,2025-09-01/2025-11-20,E:\LandSlide-Prediction\data\pre_event\native_tif\NEG01280.tif,E:\LandSlide-Prediction\data\pre_event\png_256\NEG01280.png,
NEG01281,0,success,S2B_MSIL2A_20251011T045659_R119_T44NMP_20251011T090705,62.988436,13.87,2025-10-11,2025-09-01/2025-11-20,E:\LandSlide-Prediction\data\pre_event\native_tif\NEG01281.tif,E:\LandSlide-Prediction\data\pre_event\png_256\NEG01281.png,
NEG01282,0,success,S2C_MSIL2A_20251003T050621_R076_T44NMP_20251003T090812,2.112417,0.0,2025-10-03,2025-09-01/2025-11-20,E:\LandSlide-Prediction\data\pre_event\native_tif\NEG01282.tif,E:\LandSlide-Prediction\data\pre_event\png_256\NEG01282.png,
NEG01283,0,success,S2C_MSIL2A_20250728T045721_R119_T44NMN_20250728T095413,28.22125,0.0,2025-07-28,2025-06-01/2025-08-31,E:\LandSlide-Prediction\data\pre_event\native_tif\NEG01283.tif,E:\LandSlide-Prediction\data\pre_event\png_256\NEG01283.png,
NEG01284,0,success,S2B_MSIL2A_20251031T045839_R119_T44NMP_20251031T072153,16.524501,0.88,2025-10-31,2025-09-01/2025-11-20,E:\LandSlide-Prediction\data\pre_event\native_tif\NEG01284.tif,E:\LandSlide-Prediction\data\pre_event\png_256\NEG01284.png,
NEG01285,0,success,S2C_MSIL2A_20251003T050621_R076_T44NMN_20251003T090812,8.674505,0.0,2025-10-03,2025-09-01/2025-11-20,E:\LandSlide-Prediction\data\pre_event\native_tif\NEG01285.tif,E:\LandSlide-Prediction\data\pre_event\png_256\NEG01285.png,
NEG01286,0,success,S2B_MSIL2A_20250911T045659_R119_T44NMP_20250911T084431,52.030182,0.0,2025-09-11,2025-09-01/2025-11-20,E:\LandSlide-Prediction\data\pre_event\native_tif\NEG01286.tif,E:\LandSlide-Prediction\data\pre_event\png_256\NEG01286.png,
NEG01287,0,success,S2C_MSIL2A_20251003T050621_R076_T44NMN_20251003T090812,8.674505,0.0,2025-10-03,2025-09-01/2025-11-20,E:\LandSlide-Prediction\data\pre_event\native_tif\NEG01287.tif,E:\LandSlide-Prediction\data\pre_event\png_256\NEG01287.png,
NEG01288,0,success,S2C_MSIL2A_20251003T050621_R076_T44NMP_20251003T090812,2.112417,0.0,2025-10-03,2025-09-01/2025-11-20,E:\LandSlide-Prediction\data\pre_event\native_tif\NEG01288.tif,E:\LandSlide-Prediction\data\pre_event\png_256\NEG01288.png,
NEG01289,0,success,S2C_MSIL2A_20251003T050621_R076_T44NMP_20251003T090812,2.112417,0.0,2025-10-03,2025-09-01/2025-11-20,E:\LandSlide-Prediction\data\pre_event\native_tif\NEG01289.tif,E:\LandSlide-Prediction\data\pre_event\png_256\NEG01289.png,
NEG01290,0,success,S2B_MSIL2A_20251031T045839_R119_T44NMP_20251031T072153,16.524501,1.66,2025-10-31,2025-09-01/2025-11-20,E:\LandSlide-Prediction\data\pre_event\native_tif\NEG01290.tif,E:\LandSlide-Prediction\data\pre_event\png_256\NEG01290.png,
NEG01291,0,success,S2C_MSIL2A_20251003T050621_R076_T44NMN_20251003T090812,8.674505,1.86,2025-10-03,2025-09-01/2025-11-20,E:\LandSlide-Prediction\data\pre_event\native_tif\NEG01291.tif,E:\LandSlide-Prediction\data\pre_event\png_256\NEG01291.png,
NEG01292,0,success,S2C_MSIL2A_20251003T050621_R076_T44NMP_20251003T090812,2.112417,0.0,2025-10-03,2025-09-01/2025-11-20,E:\LandSlide-Prediction\data\pre_event\native_tif\NEG01292.tif,E:\LandSlide-Prediction\data\pre_event\png_256\NEG01292.png,
NEG01293,0,success,S2B_MSIL2A_20251031T045839_R119_T44NMP_20251031T072153,16.524501,4.2,2025-10-31,2025-09-01/2025-11-20,E:\LandSlide-Prediction\data\pre_event\native_tif\NEG01293.tif,E:\LandSlide-Prediction\data\pre_event\png_256\NEG01293.png,
NEG01294,0,success,S2C_MSIL2A_20251003T050621_R076_T44NMP_20251003T090812,2.112417,0.0,2025-10-03,2025-09-01/2025-11-20,E:\LandSlide-Prediction\data\pre_event\native_tif\NEG01294.tif,E:\LandSlide-Prediction\data\pre_event\png_256\NEG01294.png,
NEG01295,0,success,S2B_MSIL2A_20251031T045839_R119_T44NMN_20251031T072153,14.801013,0.0,2025-10-31,2025-09-01/2025-11-20,E:\LandSlide-Prediction\data\pre_event\native_tif\NEG01295.tif,E:\LandSlide-Prediction\data\pre_event\png_256\NEG01295.png,
NEG01296,0,success,S2A_MSIL2A_20250908T050231_R119_T44NMP_20250908T080413,40.256369,3.05,2025-09-08,2025-09-01/2025-11-20,E:\LandSlide-Prediction\data\pre_event\native_tif\NEG01296.tif,E:\LandSlide-Prediction\data\pre_event\png_256\NEG01296.png,
NEG01297,0,success,S2C_MSIL2A_20250728T045721_R119_T44NMN_20250728T095413,28.22125,14.48,2025-07-28,2025-06-01/2025-08-31,E:\LandSlide-Prediction\data\pre_event\native_tif\NEG01297.tif,E:\LandSlide-Prediction\data\pre_event\png_256\NEG01297.png,
NEG01298,0,success,S2C_MSIL2A_20250728T045721_R119_T44NMP_20250728T095413,9.404943,14.75,2025-07-28,2025-06-01/2025-08-31,E:\LandSlide-Prediction\data\pre_event\native_tif\NEG01298.tif,E:\LandSlide-Prediction\data\pre_event\png_256\NEG01298.png,
NEG01299,0,success,S2C_MSIL2A_20251003T050621_R076_T44NMP_20251003T090812,2.112417,1.95,2025-10-03,2025-09-01/2025-11-20,E:\LandSlide-Prediction\data\pre_event\native_tif\NEG01299.tif,E:\LandSlide-Prediction\data\pre_event\png_256\NEG01299.png,
NEG01300,0,success,S2C_MSIL2A_20251003T050621_R076_T44NMN_20251003T090812,8.674505,0.0,2025-10-03,2025-09-01/2025-11-20,E:\LandSlide-Prediction\data\pre_event\native_tif\NEG01300.tif,E:\LandSlide-Prediction\data\pre_event\png_256\NEG01300.png,
NEG01301,0,success,S2C_MSIL2A_20251003T050621_R076_T44NMP_20251003T090812,2.112417,0.0,2025-10-03,2025-09-01/2025-11-20,E:\LandSlide-Prediction\data\pre_event\native_tif\NEG01301.tif,E:\LandSlide-Prediction\data\pre_event\png_256\NEG01301.png,
NEG01302,0,success,S2C_MSIL2A_20251003T050621_R076_T44NMN_20251003T090812,8.674505,7.03,2025-10-03,2025-09-01/2025-11-20,E:\LandSlide-Prediction\data\pre_event\native_tif\NEG01302.tif,E:\LandSlide-Prediction\data\pre_event\png_256\NEG01302.png,
NEG01303,0,success,S2B_MSIL2A_20250908T050559_R076_T44NNN_20250908T070833,27.121845,0.0,2025-09-08,2025-09-01/2025-11-20,E:\LandSlide-Prediction\data\pre_event\native_tif\NEG01303.tif,E:\LandSlide-Prediction\data\pre_event\png_256\NEG01303.png,
NEG01304,0,success,S2C_MSIL2A_20251003T050621_R076_T44NMN_20251003T090812,8.674505,0.0,2025-10-03,2025-09-01/2025-11-20,E:\LandSlide-Prediction\data\pre_event\native_tif\NEG01304.tif,E:\LandSlide-Prediction\data\pre_event\png_256\NEG01304.png,
NEG01305,0,success,S2C_MSIL2A_20251003T050621_R076_T44NMP_20251003T090812,2.112417,0.0,2025-10-03,2025-09-01/2025-11-20,E:\LandSlide-Prediction\data\pre_event\native_tif\NEG01305.tif,E:\LandSlide-Prediction\data\pre_event\png_256\NEG01305.png,
NEG01306,0,success,S2C_MSIL2A_20251003T050621_R076_T44NMN_20251003T090812,8.674505,0.0,2025-10-03,2025-09-01/2025-11-20,E:\LandSlide-Prediction\data\pre_event\native_tif\NEG01306.tif,E:\LandSlide-Prediction\data\pre_event\png_256\NEG01306.png,
NEG01307,0,success,S2A_MSIL2A_20250908T050231_R119_T44NMP_20250908T080413,40.256369,5.47,2025-09-08,2025-09-01/2025-11-20,E:\LandSlide-Prediction\data\pre_event\native_tif\NEG01307.tif,E:\LandSlide-Prediction\data\pre_event\png_256\NEG01307.png,
NEG01308,0,success,S2C_MSIL2A_20251003T050621_R076_T44NMP_20251003T090812,2.112417,0.0,2025-10-03,2025-09-01/2025-11-20,E:\LandSlide-Prediction\data\pre_event\native_tif\NEG01308.tif,E:\LandSlide-Prediction\data\pre_event\png_256\NEG01308.png,
NEG01309,0,success,S2C_MSIL2A_20251003T050621_R076_T44NMP_20251003T090812,2.112417,0.0,2025-10-03,2025-09-01/2025-11-20,E:\LandSlide-Prediction\data\pre_event\native_tif\NEG01309.tif,E:\LandSlide-Prediction\data\pre_event\png_256\NEG01309.png,
NEG01310,0,success,S2C_MSIL2A_20251003T050621_R076_T44NMP_20251003T090812,2.112417,0.0,2025-10-03,2025-09-01/2025-11-20,E:\LandSlide-Prediction\data\pre_event\native_tif\NEG01310.tif,E:\LandSlide-Prediction\data\pre_event\png_256\NEG01310.png,
NEG01311,0,success,S2C_MSIL2A_20251003T050621_R076_T44NMN_20251003T090812,8.674505,0.0,2025-10-03,2025-09-01/2025-11-20,E:\LandSlide-Prediction\data\pre_event\native_tif\NEG01311.tif,E:\LandSlide-Prediction\data\pre_event\png_256\NEG01311.png,
NEG01312,0,success,S2C_MSIL2A_20251003T050621_R076_T44NMN_20251003T090812,8.674505,0.0,2025-10-03,2025-09-01/2025-11-20,E:\LandSlide-Prediction\data\pre_event\native_tif\NEG01312.tif,E:\LandSlide-Prediction\data\pre_event\png_256\NEG01312.png,
NEG01313,0,success,S2B_MSIL2A_20250908T050559_R076_T44NNN_20250908T070833,27.121845,0.39,2025-09-08,2025-09-01/2025-11-20,E:\LandSlide-Prediction\data\pre_event\native_tif\NEG01313.tif,E:\LandSlide-Prediction\data\pre_event\png_256\NEG01313.png,
NEG01314,0,success,S2C_MSIL2A_20250913T050621_R076_T44NNN_20250913T092114,28.331435,0.0,2025-09-13,2025-09-01/2025-11-20,E:\LandSlide-Prediction\data\pre_event\native_tif\NEG01314.tif,E:\LandSlide-Prediction\data\pre_event\png_256\NEG01314.png,
NEG01315,0,success,S2C_MSIL2A_20251013T050611_R076_T44NNN_20251013T090413,15.8978,7.57,2025-10-13,2025-09-01/2025-11-20,E:\LandSlide-Prediction\data\pre_event\native_tif\NEG01315.tif,E:\LandSlide-Prediction\data\pre_event\png_256\NEG01315.png,
NEG01316,0,success,S2C_MSIL2A_20251003T050621_R076_T44NMP_20251003T090812,2.112417,0.0,2025-10-03,2025-09-01/2025-11-20,E:\LandSlide-Prediction\data\pre_event\native_tif\NEG01316.tif,E:\LandSlide-Prediction\data\pre_event\png_256\NEG01316.png,
NEG01317,0,success,S2B_MSIL2A_20251031T045839_R119_T44NMN_20251031T072153,14.801013,0.0,2025-10-31,2025-09-01/2025-11-20,E:\LandSlide-Prediction\data\pre_event\native_tif\NEG01317.tif,E:\LandSlide-Prediction\data\pre_event\png_256\NEG01317.png,
NEG01318,0,success,S2C_MSIL2A_20251013T050611_R076_T44NNN_20251013T090413,15.8978,24.02,2025-10-13,2025-09-01/2025-11-20,E:\LandSlide-Prediction\data\pre_event\native_tif\NEG01318.tif,E:\LandSlide-Prediction\data\pre_event\png_256\NEG01318.png,
NEG01319,0,success,S2C_MSIL2A_20250708T045721_R119_T44NMN_20250708T102014,56.529498,7.42,2025-07-08,2025-06-01/2025-08-31,E:\LandSlide-Prediction\data\pre_event\native_tif\NEG01319.tif,E:\LandSlide-Prediction\data\pre_event\png_256\NEG01319.png,
NEG01320,0,success,S2A_MSIL2A_20250905T050621_R076_T44NMN_20250905T063012,36.164254,0.0,2025-09-05,2025-09-01/2025-11-20,E:\LandSlide-Prediction\data\pre_event\native_tif\NEG01320.tif,E:\LandSlide-Prediction\data\pre_event\png_256\NEG01320.png,
NEG01321,0,success,S2C_MSIL2A_20251003T050621_R076_T44NMP_20251003T090812,2.112417,0.0,2025-10-03,2025-09-01/2025-11-20,E:\LandSlide-Prediction\data\pre_event\native_tif\NEG01321.tif,E:\LandSlide-Prediction\data\pre_event\png_256\NEG01321.png,
NEG01322,0,success,S2B_MSIL2A_20251031T045839_R119_T44NMP_20251031T072153,16.524501,0.0,2025-10-31,2025-09-01/2025-11-20,E:\LandSlide-Prediction\data\pre_event\native_tif\NEG01322.tif,E:\LandSlide-Prediction\data\pre_event\png_256\NEG01322.png,
NEG01323,0,success,S2C_MSIL2A_20251003T050621_R076_T44NMP_20251003T090812,2.112417,0.0,2025-10-03,2025-09-01/2025-11-20,E:\LandSlide-Prediction\data\pre_event\native_tif\NEG01323.tif,E:\LandSlide-Prediction\data\pre_event\png_256\NEG01323.png,
NEG01324,0,success,S2C_MSIL2A_20251003T050621_R076_T44NMN_20251003T090812,8.674505,0.0,2025-10-03,2025-09-01/2025-11-20,E:\LandSlide-Prediction\data\pre_event\native_tif\NEG01324.tif,E:\LandSlide-Prediction\data\pre_event\png_256\NEG01324.png,
NEG01325,0,success,S2B_MSIL2A_20251031T045839_R119_T44NLN_20251031T072153,5.151897,0.0,2025-10-31,2025-09-01/2025-11-20,E:\LandSlide-Prediction\data\pre_event\native_tif\NEG01325.tif,E:\LandSlide-Prediction\data\pre_event\png_256\NEG01325.png,
NEG01326,0,success,S2C_MSIL2A_20251003T050621_R076_T44NMN_20251003T090812,8.674505,0.0,2025-10-03,2025-09-01/2025-11-20,E:\LandSlide-Prediction\data\pre_event\native_tif\NEG01326.tif,E:\LandSlide-Prediction\data\pre_event\png_256\NEG01326.png,
NEG01327,0,success,S2B_MSIL2A_20251031T045839_R119_T44NMP_20251031T072153,16.524501,14.11,2025-10-31,2025-09-01/2025-11-20,E:\LandSlide-Prediction\data\pre_event\native_tif\NEG01327.tif,E:\LandSlide-Prediction\data\pre_event\png_256\NEG01327.png,
NEG01328,0,success,S2C_MSIL2A_20250728T045721_R119_T44NLN_20250728T095413,8.941593,24.85,2025-07-28,2025-06-01/2025-08-31,E:\LandSlide-Prediction\data\pre_event\native_tif\NEG01328.tif,E:\LandSlide-Prediction\data\pre_event\png_256\NEG01328.png,
NEG01329,0,success,S2B_MSIL2A_20251031T045839_R119_T44NMN_20251031T072153,14.801013,23.44,2025-10-31,2025-09-01/2025-11-20,E:\LandSlide-Prediction\data\pre_event\native_tif\NEG01329.tif,E:\LandSlide-Prediction\data\pre_event\png_256\NEG01329.png,
NEG01330,0,success,S2B_MSIL2A_20251001T045659_R119_T44NMN_20251001T082912,44.625133,14.6,2025-10-01,2025-09-01/2025-11-20,E:\LandSlide-Prediction\data\pre_event\native_tif\NEG01330.tif,E:\LandSlide-Prediction\data\pre_event\png_256\NEG01330.png,
NEG01331,0,success,S2A_MSIL2A_20250908T050231_R119_T44NMP_20250908T080413,40.256369,0.0,2025-09-08,2025-09-01/2025-11-20,E:\LandSlide-Prediction\data\pre_event\native_tif\NEG01331.tif,E:\LandSlide-Prediction\data\pre_event\png_256\NEG01331.png,
NEG01332,0,success,S2B_MSIL2A_20251001T045659_R119_T44NMN_20251001T082912,44.625133,0.0,2025-10-01,2025-09-01/2025-11-20,E:\LandSlide-Prediction\data\pre_event\native_tif\NEG01332.tif,E:\LandSlide-Prediction\data\pre_event\png_256\NEG01332.png,
NEG01333,0,success,S2B_MSIL2A_20251031T045839_R119_T44NMN_20251031T072153,14.801013,0.29,2025-10-31,2025-09-01/2025-11-20,E:\LandSlide-Prediction\data\pre_event\native_tif\NEG01333.tif,E:\LandSlide-Prediction\data\pre_event\png_256\NEG01333.png,
NEG01334,0,success,S2B_MSIL2A_20251031T045839_R119_T44NMP_20251031T072153,16.524501,0.0,2025-10-31,2025-09-01/2025-11-20,E:\LandSlide-Prediction\data\pre_event\native_tif\NEG01334.tif,E:\LandSlide-Prediction\data\pre_event\png_256\NEG01334.png,
NEG01335,0,success,S2C_MSIL2A_20251003T050621_R076_T44NMN_20251003T090812,8.674505,0.0,2025-10-03,2025-09-01/2025-11-20,E:\LandSlide-Prediction\data\pre_event\native_tif\NEG01335.tif,E:\LandSlide-Prediction\data\pre_event\png_256\NEG01335.png,
NEG01336,0,success,S2A_MSIL2A_20250908T050231_R119_T44NMP_20250908T080413,40.256369,0.0,2025-09-08,2025-09-01/2025-11-20,E:\LandSlide-Prediction\data\pre_event\native_tif\NEG01336.tif,E:\LandSlide-Prediction\data\pre_event\png_256\NEG01336.png,
NEG01337,0,success,S2C_MSIL2A_20251003T050621_R076_T44NMP_20251003T090812,2.112417,0.0,2025-10-03,2025-09-01/2025-11-20,E:\LandSlide-Prediction\data\pre_event\native_tif\NEG01337.tif,E:\LandSlide-Prediction\data\pre_event\png_256\NEG01337.png,
NEG01338,0,success,S2C_MSIL2A_20251003T050621_R076_T44NMP_20251003T090812,2.112417,0.0,2025-10-03,2025-09-01/2025-11-20,E:\LandSlide-Prediction\data\pre_event\native_tif\NEG01338.tif,E:\LandSlide-Prediction\data\pre_event\png_256\NEG01338.png,
NEG01339,0,success,S2A_MSIL2A_20250908T050231_R119_T44NLN_20250908T080413,30.09313,15.58,2025-09-08,2025-09-01/2025-11-20,E:\LandSlide-Prediction\data\pre_event\native_tif\NEG01339.tif,E:\LandSlide-Prediction\data\pre_event\png_256\NEG01339.png,
NEG01340,0,success,S2C_MSIL2A_20251003T050621_R076_T44NMN_20251003T090812,8.674505,0.0,2025-10-03,2025-09-01/2025-11-20,E:\LandSlide-Prediction\data\pre_event\native_tif\NEG01340.tif,E:\LandSlide-Prediction\data\pre_event\png_256\NEG01340.png,
NEG01341,0,success,S2B_MSIL2A_20251031T045839_R119_T44NMN_20251031T072153,14.801013,0.0,2025-10-31,2025-09-01/2025-11-20,E:\LandSlide-Prediction\data\pre_event\native_tif\NEG01341.tif,E:\LandSlide-Prediction\data\pre_event\png_256\NEG01341.png,
NEG01342,0,success,S2C_MSIL2A_20250728T045721_R119_T44NMP_20250728T095413,9.404943,23.54,2025-07-28,2025-06-01/2025-08-31,E:\LandSlide-Prediction\data\pre_event\native_tif\NEG01342.tif,E:\LandSlide-Prediction\data\pre_event\png_256\NEG01342.png,
NEG01343,0,success,S2C_MSIL2A_20251003T050621_R076_T44NMN_20251003T090812,8.674505,0.0,2025-10-03,2025-09-01/2025-11-20,E:\LandSlide-Prediction\data\pre_event\native_tif\NEG01343.tif,E:\LandSlide-Prediction\data\pre_event\png_256\NEG01343.png,
NEG01344,0,success,S2B_MSIL2A_20251031T045839_R119_T44NMP_20251031T072153,16.524501,4.69,2025-10-31,2025-09-01/2025-11-20,E:\LandSlide-Prediction\data\pre_event\native_tif\NEG01344.tif,E:\LandSlide-Prediction\data\pre_event\png_256\NEG01344.png,
NEG01345,0,success,S2C_MSIL2A_20251003T050621_R076_T44NMN_20251003T090812,8.674505,0.0,2025-10-03,2025-09-01/2025-11-20,E:\LandSlide-Prediction\data\pre_event\native_tif\NEG01345.tif,E:\LandSlide-Prediction\data\pre_event\png_256\NEG01345.png,
NEG01346,0,success,S2A_MSIL2A_20250908T050231_R119_T44NMP_20250908T080413,40.256369,7.3,2025-09-08,2025-09-01/2025-11-20,E:\LandSlide-Prediction\data\pre_event\native_tif\NEG01346.tif,E:\LandSlide-Prediction\data\pre_event\png_256\NEG01346.png,
NEG01347,0,success,S2C_MSIL2A_20251003T050621_R076_T44NMP_20251003T090812,2.112417,0.0,2025-10-03,2025-09-01/2025-11-20,E:\LandSlide-Prediction\data\pre_event\native_tif\NEG01347.tif,E:\LandSlide-Prediction\data\pre_event\png_256\NEG01347.png,
NEG01348,0,success,S2B_MSIL2A_20251031T045839_R119_T44NMN_20251031T072153,14.801013,0.0,2025-10-31,2025-09-01/2025-11-20,E:\LandSlide-Prediction\data\pre_event\native_tif\NEG01348.tif,E:\LandSlide-Prediction\data\pre_event\png_256\NEG01348.png,
NEG01349,0,success,S2B_MSIL2A_20251031T045839_R119_T44NLN_20251031T072153,5.151897,1.76,2025-10-31,2025-09-01/2025-11-20,E:\LandSlide-Prediction\data\pre_event\native_tif\NEG01349.tif,E:\LandSlide-Prediction\data\pre_event\png_256\NEG01349.png,
NEG01350,0,success,S2C_MSIL2A_20251003T050621_R076_T44NMN_20251003T090812,8.674505,0.0,2025-10-03,2025-09-01/2025-11-20,E:\LandSlide-Prediction\data\pre_event\native_tif\NEG01350.tif,E:\LandSlide-Prediction\data\pre_event\png_256\NEG01350.png,
NEG01351,0,success,S2C_MSIL2A_20250913T050621_R076_T44NNN_20250913T092114,28.331435,0.0,2025-09-13,2025-09-01/2025-11-20,E:\LandSlide-Prediction\data\pre_event\native_tif\NEG01351.tif,E:\LandSlide-Prediction\data\pre_event\png_256\NEG01351.png,
NEG01352,0,success,S2B_MSIL2A_20251031T045839_R119_T44NMN_20251031T072153,14.801013,0.0,2025-10-31,2025-09-01/2025-11-20,E:\LandSlide-Prediction\data\pre_event\native_tif\NEG01352.tif,E:\LandSlide-Prediction\data\pre_event\png_256\NEG01352.png,
NEG01353,0,success,S2C_MSIL2A_20251003T050621_R076_T44NMP_20251003T090812,2.112417,0.0,2025-10-03,2025-09-01/2025-11-20,E:\LandSlide-Prediction\data\pre_event\native_tif\NEG01353.tif,E:\LandSlide-Prediction\data\pre_event\png_256\NEG01353.png,
NEG01354,0,success,S2A_MSIL2A_20250905T050621_R076_T44NMN_20250905T063012,36.164254,0.0,2025-09-05,2025-09-01/2025-11-20,E:\LandSlide-Prediction\data\pre_event\native_tif\NEG01354.tif,E:\LandSlide-Prediction\data\pre_event\png_256\NEG01354.png,
NEG01355,0,success,S2C_MSIL2A_20251003T050621_R076_T44NMN_20251003T090812,8.674505,0.0,2025-10-03,2025-09-01/2025-11-20,E:\LandSlide-Prediction\data\pre_event\native_tif\NEG01355.tif,E:\LandSlide-Prediction\data\pre_event\png_256\NEG01355.png,
NEG01356,0,success,S2B_MSIL2A_20251031T045839_R119_T44NMP_20251031T072153,16.524501,2.98,2025-10-31,2025-09-01/2025-11-20,E:\LandSlide-Prediction\data\pre_event\native_tif\NEG01356.tif,E:\LandSlide-Prediction\data\pre_event\png_256\NEG01356.png,
NEG01357,0,success,S2B_MSIL2A_20251031T045839_R119_T44NMN_20251031T072153,14.801013,5.18,2025-10-31,2025-09-01/2025-11-20,E:\LandSlide-Prediction\data\pre_event\native_tif\NEG01357.tif,E:\LandSlide-Prediction\data\pre_event\png_256\NEG01357.png,
NEG01358,0,success,S2C_MSIL2A_20251003T050621_R076_T44NMN_20251003T090812,8.674505,0.0,2025-10-03,2025-09-01/2025-11-20,E:\LandSlide-Prediction\data\pre_event\native_tif\NEG01358.tif,E:\LandSlide-Prediction\data\pre_event\png_256\NEG01358.png,
NEG01359,0,success,S2B_MSIL2A_20251031T045839_R119_T44NMP_20251031T072153,16.524501,3.22,2025-10-31,2025-09-01/2025-11-20,E:\LandSlide-Prediction\data\pre_event\native_tif\NEG01359.tif,E:\LandSlide-Prediction\data\pre_event\png_256\NEG01359.png,
NEG01360,0,success,S2B_MSIL2A_20251031T045839_R119_T44NMN_20251031T072153,14.801013,0.0,2025-10-31,2025-09-01/2025-11-20,E:\LandSlide-Prediction\data\pre_event\native_tif\NEG01360.tif,E:\LandSlide-Prediction\data\pre_event\png_256\NEG01360.png,
NEG01361,0,success,S2C_MSIL2A_20251003T050621_R076_T44NMN_20251003T090812,8.674505,0.0,2025-10-03,2025-09-01/2025-11-20,E:\LandSlide-Prediction\data\pre_event\native_tif\NEG01361.tif,E:\LandSlide-Prediction\data\pre_event\png_256\NEG01361.png,
NEG01362,0,success,S2B_MSIL2A_20251031T045839_R119_T44NMP_20251031T072153,16.524501,1.07,2025-10-31,2025-09-01/2025-11-20,E:\LandSlide-Prediction\data\pre_event\native_tif\NEG01362.tif,E:\LandSlide-Prediction\data\pre_event\png_256\NEG01362.png,
NEG01363,0,success,S2C_MSIL2A_20251003T050621_R076_T44NMP_20251003T090812,2.112417,0.0,2025-10-03,2025-09-01/2025-11-20,E:\LandSlide-Prediction\data\pre_event\native_tif\NEG01363.tif,E:\LandSlide-Prediction\data\pre_event\png_256\NEG01363.png,
NEG01364,0,success,S2B_MSIL2A_20251031T045839_R119_T44NMP_20251031T072153,16.524501,0.0,2025-10-31,2025-09-01/2025-11-20,E:\LandSlide-Prediction\data\pre_event\native_tif\NEG01364.tif,E:\LandSlide-Prediction\data\pre_event\png_256\NEG01364.png,
NEG01365,0,success,S2C_MSIL2A_20251003T050621_R076_T44NMP_20251003T090812,2.112417,0.0,2025-10-03,2025-09-01/2025-11-20,E:\LandSlide-Prediction\data\pre_event\native_tif\NEG01365.tif,E:\LandSlide-Prediction\data\pre_event\png_256\NEG01365.png,
NEG01366,0,success,S2B_MSIL2A_20251031T045839_R119_T44NMP_20251031T072153,16.524501,0.0,2025-10-31,2025-09-01/2025-11-20,E:\LandSlide-Prediction\data\pre_event\native_tif\NEG01366.tif,E:\LandSlide-Prediction\data\pre_event\png_256\NEG01366.png,
NEG01367,0,success,S2C_MSIL2A_20251003T050621_R076_T44NMP_20251003T090812,2.112417,5.96,2025-10-03,2025-09-01/2025-11-20,E:\LandSlide-Prediction\data\pre_event\native_tif\NEG01367.tif,E:\LandSlide-Prediction\data\pre_event\png_256\NEG01367.png,
NEG01368,0,success,S2B_MSIL2A_20250911T045659_R119_T44NMP_20250911T084431,52.030182,0.1,2025-09-11,2025-09-01/2025-11-20,E:\LandSlide-Prediction\data\pre_event\native_tif\NEG01368.tif,E:\LandSlide-Prediction\data\pre_event\png_256\NEG01368.png,
NEG01369,0,success,S2B_MSIL2A_20251031T045839_R119_T44NLN_20251031T072153,5.151897,0.0,2025-10-31,2025-09-01/2025-11-20,E:\LandSlide-Prediction\data\pre_event\native_tif\NEG01369.tif,E:\LandSlide-Prediction\data\pre_event\png_256\NEG01369.png,
NEG01370,0,success,S2B_MSIL2A_20251031T045839_R119_T44NMP_20251031T072153,16.524501,2.05,2025-10-31,2025-09-01/2025-11-20,E:\LandSlide-Prediction\data\pre_event\native_tif\NEG01370.tif,E:\LandSlide-Prediction\data\pre_event\png_256\NEG01370.png,
NEG01371,0,success,S2B_MSIL2A_20251008T050559_R076_T44NNN_20251008T082000,19.039197,4.69,2025-10-08,2025-09-01/2025-11-20,E:\LandSlide-Prediction\data\pre_event\native_tif\NEG01371.tif,E:\LandSlide-Prediction\data\pre_event\png_256\NEG01371.png,
NEG01372,0,success,S2B_MSIL2A_20251031T045839_R119_T44NMN_20251031T072153,14.801013,0.05,2025-10-31,2025-09-01/2025-11-20,E:\LandSlide-Prediction\data\pre_event\native_tif\NEG01372.tif,E:\LandSlide-Prediction\data\pre_event\png_256\NEG01372.png,
NEG01373,0,success,S2C_MSIL2A_20251003T050621_R076_T44NMP_20251003T090812,2.112417,0.0,2025-10-03,2025-09-01/2025-11-20,E:\LandSlide-Prediction\data\pre_event\native_tif\NEG01373.tif,E:\LandSlide-Prediction\data\pre_event\png_256\NEG01373.png,
NEG01374,0,success,S2C_MSIL2A_20251003T050621_R076_T44NMN_20251003T090812,8.674505,3.86,2025-10-03,2025-09-01/2025-11-20,E:\LandSlide-Prediction\data\pre_event\native_tif\NEG01374.tif,E:\LandSlide-Prediction\data\pre_event\png_256\NEG01374.png,
NEG01375,0,success,S2A_MSIL2A_20250730T050241_R119_T44NMN_20250730T081115,46.099904,0.0,2025-07-30,2025-06-01/2025-08-31,E:\LandSlide-Prediction\data\pre_event\native_tif\NEG01375.tif,E:\LandSlide-Prediction\data\pre_event\png_256\NEG01375.png,
NEG01376,0,success,S2B_MSIL2A_20251031T045839_R119_T44NMN_20251031T072153,14.801013,0.0,2025-10-31,2025-09-01/2025-11-20,E:\LandSlide-Prediction\data\pre_event\native_tif\NEG01376.tif,E:\LandSlide-Prediction\data\pre_event\png_256\NEG01376.png,
NEG01377,0,success,S2B_MSIL2A_20251031T045839_R119_T44NMP_20251031T072153,16.524501,0.0,2025-10-31,2025-09-01/2025-11-20,E:\LandSlide-Prediction\data\pre_event\native_tif\NEG01377.tif,E:\LandSlide-Prediction\data\pre_event\png_256\NEG01377.png,
NEG01378,0,success,S2C_MSIL2A_20251003T050621_R076_T44NMP_20251003T090812,2.112417,0.0,2025-10-03,2025-09-01/2025-11-20,E:\LandSlide-Prediction\data\pre_event\native_tif\NEG01378.tif,E:\LandSlide-Prediction\data\pre_event\png_256\NEG01378.png,
NEG01379,0,success,S2C_MSIL2A_20251003T050621_R076_T44NMP_20251003T090812,2.112417,0.2,2025-10-03,2025-09-01/2025-11-20,E:\LandSlide-Prediction\data\pre_event\native_tif\NEG01379.tif,E:\LandSlide-Prediction\data\pre_event\png_256\NEG01379.png,
NEG01380,0,success,S2B_MSIL2A_20251031T045839_R119_T44NMP_20251031T072153,16.524501,0.0,2025-10-31,2025-09-01/2025-11-20,E:\LandSlide-Prediction\data\pre_event\native_tif\NEG01380.tif,E:\LandSlide-Prediction\data\pre_event\png_256\NEG01380.png,
NEG01381,0,success,S2B_MSIL2A_20251031T045839_R119_T44NMP_20251031T072153,16.524501,0.1,2025-10-31,2025-09-01/2025-11-20,E:\LandSlide-Prediction\data\pre_event\native_tif\NEG01381.tif,E:\LandSlide-Prediction\data\pre_event\png_256\NEG01381.png,
NEG01382,0,success,S2B_MSIL2A_20251031T045839_R119_T44NMN_20251031T072153,14.801013,0.1,2025-10-31,2025-09-01/2025-11-20,E:\LandSlide-Prediction\data\pre_event\native_tif\NEG01382.tif,E:\LandSlide-Prediction\data\pre_event\png_256\NEG01382.png,
NEG01383,0,success,S2C_MSIL2A_20251003T050621_R076_T44NMP_20251003T090812,2.112417,4.1,2025-10-03,2025-09-01/2025-11-20,E:\LandSlide-Prediction\data\pre_event\native_tif\NEG01383.tif,E:\LandSlide-Prediction\data\pre_event\png_256\NEG01383.png,
NEG01384,0,success,S2B_MSIL2A_20250908T050559_R076_T44NNN_20250908T070833,27.121845,0.0,2025-09-08,2025-09-01/2025-11-20,E:\LandSlide-Prediction\data\pre_event\native_tif\NEG01384.tif,E:\LandSlide-Prediction\data\pre_event\png_256\NEG01384.png,
NEG01385,0,success,S2C_MSIL2A_20251003T050621_R076_T44NMN_20251003T090812,8.674505,0.0,2025-10-03,2025-09-01/2025-11-20,E:\LandSlide-Prediction\data\pre_event\native_tif\NEG01385.tif,E:\LandSlide-Prediction\data\pre_event\png_256\NEG01385.png,
NEG01386,0,success,S2C_MSIL2A_20251003T050621_R076_T44NMP_20251003T090812,2.112417,4.88,2025-10-03,2025-09-01/2025-11-20,E:\LandSlide-Prediction\data\pre_event\native_tif\NEG01386.tif,E:\LandSlide-Prediction\data\pre_event\png_256\NEG01386.png,
NEG01387,0,success,S2C_MSIL2A_20251003T050621_R076_T44NMP_20251003T090812,2.112417,0.0,2025-10-03,2025-09-01/2025-11-20,E:\LandSlide-Prediction\data\pre_event\native_tif\NEG01387.tif,E:\LandSlide-Prediction\data\pre_event\png_256\NEG01387.png,
NEG01388,0,success,S2A_MSIL2A_20250908T050231_R119_T44NMP_20250908T080413,40.256369,0.0,2025-09-08,2025-09-01/2025-11-20,E:\LandSlide-Prediction\data\pre_event\native_tif\NEG01388.tif,E:\LandSlide-Prediction\data\pre_event\png_256\NEG01388.png,
NEG01389,0,success,S2B_MSIL2A_20251031T045839_R119_T44NMP_20251031T072153,16.524501,0.59,2025-10-31,2025-09-01/2025-11-20,E:\LandSlide-Prediction\data\pre_event\native_tif\NEG01389.tif,E:\LandSlide-Prediction\data\pre_event\png_256\NEG01389.png,
NEG01390,0,success,S2C_MSIL2A_20251013T050611_R076_T44NNN_20251013T090413,15.8978,7.67,2025-10-13,2025-09-01/2025-11-20,E:\LandSlide-Prediction\data\pre_event\native_tif\NEG01390.tif,E:\LandSlide-Prediction\data\pre_event\png_256\NEG01390.png,
NEG01391,0,success,S2C_MSIL2A_20251003T050621_R076_T44NMN_20251003T090812,8.674505,0.0,2025-10-03,2025-09-01/2025-11-20,E:\LandSlide-Prediction\data\pre_event\native_tif\NEG01391.tif,E:\LandSlide-Prediction\data\pre_event\png_256\NEG01391.png,
NEG01392,0,success,S2C_MSIL2A_20251003T050621_R076_T44NNN_20251003T090812,23.541953,0.0,2025-10-03,2025-09-01/2025-11-20,E:\LandSlide-Prediction\data\pre_event\native_tif\NEG01392.tif,E:\LandSlide-Prediction\data\pre_event\png_256\NEG01392.png,
NEG01393,0,success,S2B_MSIL2A_20251031T045839_R119_T44NMN_20251031T072153,14.801013,0.0,2025-10-31,2025-09-01/2025-11-20,E:\LandSlide-Prediction\data\pre_event\native_tif\NEG01393.tif,E:\LandSlide-Prediction\data\pre_event\png_256\NEG01393.png,
NEG01394,0,success,S2C_MSIL2A_20251003T050621_R076_T44NMP_20251003T090812,2.112417,11.72,2025-10-03,2025-09-01/2025-11-20,E:\LandSlide-Prediction\data\pre_event\native_tif\NEG01394.tif,E:\LandSlide-Prediction\data\pre_event\png_256\NEG01394.png,
NEG01395,0,success,S2B_MSIL2A_20251031T045839_R119_T44NMP_20251031T072153,16.524501,0.59,2025-10-31,2025-09-01/2025-11-20,E:\LandSlide-Prediction\data\pre_event\native_tif\NEG01395.tif,E:\LandSlide-Prediction\data\pre_event\png_256\NEG01395.png,
NEG01396,0,success,S2C_MSIL2A_20251003T050621_R076_T44NMP_20251003T090812,2.112417,0.0,2025-10-03,2025-09-01/2025-11-20,E:\LandSlide-Prediction\data\pre_event\native_tif\NEG01396.tif,E:\LandSlide-Prediction\data\pre_event\png_256\NEG01396.png,
NEG01397,0,success,S2C_MSIL2A_20251003T050621_R076_T44NMN_20251003T090812,8.674505,0.0,2025-10-03,2025-09-01/2025-11-20,E:\LandSlide-Prediction\data\pre_event\native_tif\NEG01397.tif,E:\LandSlide-Prediction\data\pre_event\png_256\NEG01397.png,
NEG01398,0,success,S2C_MSIL2A_20250913T050621_R076_T44NNN_20250913T092114,28.331435,0.0,2025-09-13,2025-09-01/2025-11-20,E:\LandSlide-Prediction\data\pre_event\native_tif\NEG01398.tif,E:\LandSlide-Prediction\data\pre_event\png_256\NEG01398.png,
NEG01399,0,success,S2C_MSIL2A_20251003T050621_R076_T44NMN_20251003T090812,8.674505,0.0,2025-10-03,2025-09-01/2025-11-20,E:\LandSlide-Prediction\data\pre_event\native_tif\NEG01399.tif,E:\LandSlide-Prediction\data\pre_event\png_256\NEG01399.png,
NEG01400,0,success,S2B_MSIL2A_20251011T045659_R119_T44NMP_20251011T090705,62.988436,15.09,2025-10-11,2025-09-01/2025-11-20,E:\LandSlide-Prediction\data\pre_event\native_tif\NEG01400.tif,E:\LandSlide-Prediction\data\pre_event\png_256\NEG01400.png,
NEG01401,0,success,S2C_MSIL2A_20251013T050611_R076_T44NNN_20251013T090413,15.8978,0.0,2025-10-13,2025-09-01/2025-11-20,E:\LandSlide-Prediction\data\pre_event\native_tif\NEG01401.tif,E:\LandSlide-Prediction\data\pre_event\png_256\NEG01401.png,
NEG01402,0,success,S2A_MSIL2A_20250908T050231_R119_T44NMP_20250908T080413,40.256369,6.3,2025-09-08,2025-09-01/2025-11-20,E:\LandSlide-Prediction\data\pre_event\native_tif\NEG01402.tif,E:\LandSlide-Prediction\data\pre_event\png_256\NEG01402.png,
NEG01403,0,success,S2C_MSIL2A_20251003T050621_R076_T44NMP_20251003T090812,2.112417,0.0,2025-10-03,2025-09-01/2025-11-20,E:\LandSlide-Prediction\data\pre_event\native_tif\NEG01403.tif,E:\LandSlide-Prediction\data\pre_event\png_256\NEG01403.png,
NEG01404,0,success,S2B_MSIL2A_20250908T050559_R076_T44NNN_20250908T070833,27.121845,0.2,2025-09-08,2025-09-01/2025-11-20,E:\LandSlide-Prediction\data\pre_event\native_tif\NEG01404.tif,E:\LandSlide-Prediction\data\pre_event\png_256\NEG01404.png,
NEG01405,0,success,S2A_MSIL2A_20250730T050241_R119_T44NMP_20250730T081115,10.341509,0.0,2025-07-30,2025-06-01/2025-08-31,E:\LandSlide-Prediction\data\pre_event\native_tif\NEG01405.tif,E:\LandSlide-Prediction\data\pre_event\png_256\NEG01405.png,
NEG01406,0,success,S2C_MSIL2A_20250913T050621_R076_T44NNN_20250913T092114,28.331435,0.0,2025-09-13,2025-09-01/2025-11-20,E:\LandSlide-Prediction\data\pre_event\native_tif\NEG01406.tif,E:\LandSlide-Prediction\data\pre_event\png_256\NEG01406.png,
NEG01407,0,success,S2A_MSIL2A_20250908T050231_R119_T44NMP_20250908T080413,40.256369,0.0,2025-09-08,2025-09-01/2025-11-20,E:\LandSlide-Prediction\data\pre_event\native_tif\NEG01407.tif,E:\LandSlide-Prediction\data\pre_event\png_256\NEG01407.png,
NEG01408,0,success,S2A_MSIL2A_20250730T050241_R119_T44NMP_20250730T081115,10.341509,0.0,2025-07-30,2025-06-01/2025-08-31,E:\LandSlide-Prediction\data\pre_event\native_tif\NEG01408.tif,E:\LandSlide-Prediction\data\pre_event\png_256\NEG01408.png,
NEG01409,0,success,S2C_MSIL2A_20251003T050621_R076_T44NNN_20251003T090812,23.541953,0.0,2025-10-03,2025-09-01/2025-11-20,E:\LandSlide-Prediction\data\pre_event\native_tif\NEG01409.tif,E:\LandSlide-Prediction\data\pre_event\png_256\NEG01409.png,
NEG01410,0,success,S2C_MSIL2A_20250913T050621_R076_T44NNN_20250913T092114,28.331435,0.0,2025-09-13,2025-09-01/2025-11-20,E:\LandSlide-Prediction\data\pre_event\native_tif\NEG01410.tif,E:\LandSlide-Prediction\data\pre_event\png_256\NEG01410.png,
NEG01411,0,success,S2B_MSIL2A_20250908T050559_R076_T44NNN_20250908T070833,27.121845,0.0,2025-09-08,2025-09-01/2025-11-20,E:\LandSlide-Prediction\data\pre_event\native_tif\NEG01411.tif,E:\LandSlide-Prediction\data\pre_event\png_256\NEG01411.png,
NEG01412,0,success,S2A_MSIL2A_20250730T050241_R119_T44NMP_20250730T081115,10.341509,0.0,2025-07-30,2025-06-01/2025-08-31,E:\LandSlide-Prediction\data\pre_event\native_tif\NEG01412.tif,E:\LandSlide-Prediction\data\pre_event\png_256\NEG01412.png,
NEG01413,0,success,S2C_MSIL2A_20251003T050621_R076_T44NMP_20251003T090812,2.112417,0.0,2025-10-03,2025-09-01/2025-11-20,E:\LandSlide-Prediction\data\pre_event\native_tif\NEG01413.tif,E:\LandSlide-Prediction\data\pre_event\png_256\NEG01413.png,
NEG01414,0,success,S2C_MSIL2A_20251013T050611_R076_T44NNN_20251013T090413,15.8978,0.0,2025-10-13,2025-09-01/2025-11-20,E:\LandSlide-Prediction\data\pre_event\native_tif\NEG01414.tif,E:\LandSlide-Prediction\data\pre_event\png_256\NEG01414.png,
NEG01415,0,success,S2C_MSIL2A_20251003T050621_R076_T44NMN_20251003T090812,8.674505,0.29,2025-10-03,2025-09-01/2025-11-20,E:\LandSlide-Prediction\data\pre_event\native_tif\NEG01415.tif,E:\LandSlide-Prediction\data\pre_event\png_256\NEG01415.png,
NEG01416,0,success,S2B_MSIL2A_20250730T050559_R076_T44NMP_20250730T071408,7.02786,0.39,2025-07-30,2025-06-01/2025-08-31,E:\LandSlide-Prediction\data\pre_event\native_tif\NEG01416.tif,E:\LandSlide-Prediction\data\pre_event\png_256\NEG01416.png,
NEG01417,0,success,S2B_MSIL2A_20250822T045659_R119_T44NMN_20250822T072904,45.603779,0.0,2025-08-22,2025-06-01/2025-08-31,E:\LandSlide-Prediction\data\pre_event\native_tif\NEG01417.tif,E:\LandSlide-Prediction\data\pre_event\png_256\NEG01417.png,
NEG01418,0,success,S2C_MSIL2A_20251003T050621_R076_T44NMN_20251003T090812,8.674505,0.0,2025-10-03,2025-09-01/2025-11-20,E:\LandSlide-Prediction\data\pre_event\native_tif\NEG01418.tif,E:\LandSlide-Prediction\data\pre_event\png_256\NEG01418.png,
NEG01419,0,success,S2B_MSIL2A_20251031T045839_R119_T44NLN_20251031T072153,5.151897,22.9,2025-10-31,2025-09-01/2025-11-20,E:\LandSlide-Prediction\data\pre_event\native_tif\NEG01419.tif,E:\LandSlide-Prediction\data\pre_event\png_256\NEG01419.png,
NEG01420,0,success,S2B_MSIL2A_20251031T045839_R119_T44NMP_20251031T072153,16.524501,0.0,2025-10-31,2025-09-01/2025-11-20,E:\LandSlide-Prediction\data\pre_event\native_tif\NEG01420.tif,E:\LandSlide-Prediction\data\pre_event\png_256\NEG01420.png,
NEG01421,0,success,S2C_MSIL2A_20251013T050611_R076_T44NNN_20251013T090413,15.8978,0.0,2025-10-13,2025-09-01/2025-11-20,E:\LandSlide-Prediction\data\pre_event\native_tif\NEG01421.tif,E:\LandSlide-Prediction\data\pre_event\png_256\NEG01421.png,
NEG01422,0,success,S2B_MSIL2A_20250908T050559_R076_T44NMN_20250908T070833,32.934213,0.29,2025-09-08,2025-09-01/2025-11-20,E:\LandSlide-Prediction\data\pre_event\native_tif\NEG01422.tif,E:\LandSlide-Prediction\data\pre_event\png_256\NEG01422.png,
NEG01423,0,success,S2B_MSIL2A_20251110T045929_R119_T44NMN_20251110T083118,59.061468,2.64,2025-11-10,2025-09-01/2025-11-20,E:\LandSlide-Prediction\data\pre_event\native_tif\NEG01423.tif,E:\LandSlide-Prediction\data\pre_event\png_256\NEG01423.png,
NEG01424,0,success,S2B_MSIL2A_20251031T045839_R119_T44NMN_20251031T072153,14.801013,0.15,2025-10-31,2025-09-01/2025-11-20,E:\LandSlide-Prediction\data\pre_event\native_tif\NEG01424.tif,E:\LandSlide-Prediction\data\pre_event\png_256\NEG01424.png,
NEG01425,0,success,S2B_MSIL2A_20251031T045839_R119_T44NMP_20251031T072153,16.524501,0.0,2025-10-31,2025-09-01/2025-11-20,E:\LandSlide-Prediction\data\pre_event\native_tif\NEG01425.tif,E:\LandSlide-Prediction\data\pre_event\png_256\NEG01425.png,
NEG01426,0,success,S2B_MSIL2A_20251008T050559_R076_T44NNN_20251008T082000,19.039197,0.39,2025-10-08,2025-09-01/2025-11-20,E:\LandSlide-Prediction\data\pre_event\native_tif\NEG01426.tif,E:\LandSlide-Prediction\data\pre_event\png_256\NEG01426.png,
NEG01427,0,success,S2C_MSIL2A_20251003T050621_R076_T44NMP_20251003T090812,2.112417,0.0,2025-10-03,2025-09-01/2025-11-20,E:\LandSlide-Prediction\data\pre_event\native_tif\NEG01427.tif,E:\LandSlide-Prediction\data\pre_event\png_256\NEG01427.png,
NEG01428,0,success,S2C_MSIL2A_20251013T050611_R076_T44NNN_20251013T090413,15.8978,0.29,2025-10-13,2025-09-01/2025-11-20,E:\LandSlide-Prediction\data\pre_event\native_tif\NEG01428.tif,E:\LandSlide-Prediction\data\pre_event\png_256\NEG01428.png,
NEG01429,0,success,S2B_MSIL2A_20251031T045839_R119_T44NMN_20251031T072153,14.801013,0.0,2025-10-31,2025-09-01/2025-11-20,E:\LandSlide-Prediction\data\pre_event\native_tif\NEG01429.tif,E:\LandSlide-Prediction\data\pre_event\png_256\NEG01429.png,
NEG01430,0,success,S2B_MSIL2A_20251031T045839_R119_T44PMQ_20251031T072153,2.075697,3.32,2025-10-31,2025-09-01/2025-11-20,E:\LandSlide-Prediction\data\pre_event\native_tif\NEG01430.tif,E:\LandSlide-Prediction\data\pre_event\png_256\NEG01430.png,
NEG01431,0,success,S2C_MSIL2A_20251003T050621_R076_T44NMN_20251003T090812,8.674505,0.0,2025-10-03,2025-09-01/2025-11-20,E:\LandSlide-Prediction\data\pre_event\native_tif\NEG01431.tif,E:\LandSlide-Prediction\data\pre_event\png_256\NEG01431.png,
NEG01432,0,success,S2C_MSIL2A_20251003T050621_R076_T44NMP_20251003T090812,2.112417,0.0,2025-10-03,2025-09-01/2025-11-20,E:\LandSlide-Prediction\data\pre_event\native_tif\NEG01432.tif,E:\LandSlide-Prediction\data\pre_event\png_256\NEG01432.png,
NEG01433,0,success,S2C_MSIL2A_20251003T050621_R076_T44NMN_20251003T090812,8.674505,0.0,2025-10-03,2025-09-01/2025-11-20,E:\LandSlide-Prediction\data\pre_event\native_tif\NEG01433.tif,E:\LandSlide-Prediction\data\pre_event\png_256\NEG01433.png,
NEG01434,0,success,S2C_MSIL2A_20251003T050621_R076_T44NMN_20251003T090812,8.674505,0.0,2025-10-03,2025-09-01/2025-11-20,E:\LandSlide-Prediction\data\pre_event\native_tif\NEG01434.tif,E:\LandSlide-Prediction\data\pre_event\png_256\NEG01434.png,
NEG01435,0,success,S2B_MSIL2A_20251031T045839_R119_T44NMN_20251031T072153,14.801013,0.0,2025-10-31,2025-09-01/2025-11-20,E:\LandSlide-Prediction\data\pre_event\native_tif\NEG01435.tif,E:\LandSlide-Prediction\data\pre_event\png_256\NEG01435.png,
NEG01436,0,success,S2B_MSIL2A_20251031T045839_R119_T44NMN_20251031T072153,14.801013,0.0,2025-10-31,2025-09-01/2025-11-20,E:\LandSlide-Prediction\data\pre_event\native_tif\NEG01436.tif,E:\LandSlide-Prediction\data\pre_event\png_256\NEG01436.png,
NEG01437,0,success,S2C_MSIL2A_20251003T050621_R076_T44NMN_20251003T090812,8.674505,0.0,2025-10-03,2025-09-01/2025-11-20,E:\LandSlide-Prediction\data\pre_event\native_tif\NEG01437.tif,E:\LandSlide-Prediction\data\pre_event\png_256\NEG01437.png,
NEG01438,0,no_clear_scene,,,,,,,,
NEG01439,0,success,S2C_MSIL2A_20251003T050621_R076_T44NMP_20251003T090812,2.112417,0.0,2025-10-03,2025-09-01/2025-11-20,E:\LandSlide-Prediction\data\pre_event\native_tif\NEG01439.tif,E:\LandSlide-Prediction\data\pre_event\png_256\NEG01439.png,
NEG01440,0,success,S2C_MSIL2A_20251003T050621_R076_T44NMP_20251003T090812,2.112417,0.0,2025-10-03,2025-09-01/2025-11-20,E:\LandSlide-Prediction\data\pre_event\native_tif\NEG01440.tif,E:\LandSlide-Prediction\data\pre_event\png_256\NEG01440.png,
NEG01441,0,success,S2C_MSIL2A_20251003T050621_R076_T44NMN_20251003T090812,8.674505,0.0,2025-10-03,2025-09-01/2025-11-20,E:\LandSlide-Prediction\data\pre_event\native_tif\NEG01441.tif,E:\LandSlide-Prediction\data\pre_event\png_256\NEG01441.png,
NEG01442,0,success,S2C_MSIL2A_20251003T050621_R076_T44NMP_20251003T090812,2.112417,0.0,2025-10-03,2025-09-01/2025-11-20,E:\LandSlide-Prediction\data\pre_event\native_tif\NEG01442.tif,E:\LandSlide-Prediction\data\pre_event\png_256\NEG01442.png,
NEG01443,0,success,S2A_MSIL2A_20250905T050621_R076_T44NMN_20250905T063012,36.164254,0.0,2025-09-05,2025-09-01/2025-11-20,E:\LandSlide-Prediction\data\pre_event\native_tif\NEG01443.tif,E:\LandSlide-Prediction\data\pre_event\png_256\NEG01443.png,
NEG01444,0,success,S2C_MSIL2A_20251013T050611_R076_T44NNN_20251013T090413,15.8978,0.0,2025-10-13,2025-09-01/2025-11-20,E:\LandSlide-Prediction\data\pre_event\native_tif\NEG01444.tif,E:\LandSlide-Prediction\data\pre_event\png_256\NEG01444.png,
NEG01445,0,success,S2C_MSIL2A_20251003T050621_R076_T44NMP_20251003T090812,2.112417,0.1,2025-10-03,2025-09-01/2025-11-20,E:\LandSlide-Prediction\data\pre_event\native_tif\NEG01445.tif,E:\LandSlide-Prediction\data\pre_event\png_256\NEG01445.png,
NEG01446,0,success,S2C_MSIL2A_20251003T050621_R076_T44NMP_20251003T090812,2.112417,0.0,2025-10-03,2025-09-01/2025-11-20,E:\LandSlide-Prediction\data\pre_event\native_tif\NEG01446.tif,E:\LandSlide-Prediction\data\pre_event\png_256\NEG01446.png,
NEG01447,0,success,S2C_MSIL2A_20251003T050621_R076_T44NMP_20251003T090812,2.112417,1.81,2025-10-03,2025-09-01/2025-11-20,E:\LandSlide-Prediction\data\pre_event\native_tif\NEG01447.tif,E:\LandSlide-Prediction\data\pre_event\png_256\NEG01447.png,
NEG01448,0,success,S2C_MSIL2A_20251003T050621_R076_T44NMP_20251003T090812,2.112417,0.0,2025-10-03,2025-09-01/2025-11-20,E:\LandSlide-Prediction\data\pre_event\native_tif\NEG01448.tif,E:\LandSlide-Prediction\data\pre_event\png_256\NEG01448.png,
NEG01449,0,success,S2C_MSIL2A_20251003T050621_R076_T44NMN_20251003T090812,8.674505,0.0,2025-10-03,2025-09-01/2025-11-20,E:\LandSlide-Prediction\data\pre_event\native_tif\NEG01449.tif,E:\LandSlide-Prediction\data\pre_event\png_256\NEG01449.png,
NEG01450,0,success,S2C_MSIL2A_20251003T050621_R076_T44NMN_20251003T090812,8.674505,0.0,2025-10-03,2025-09-01/2025-11-20,E:\LandSlide-Prediction\data\pre_event\native_tif\NEG01450.tif,E:\LandSlide-Prediction\data\pre_event\png_256\NEG01450.png,
NEG01451,0,success,S2B_MSIL2A_20251110T045929_R119_T44NMN_20251110T083118,59.061468,0.0,2025-11-10,2025-09-01/2025-11-20,E:\LandSlide-Prediction\data\pre_event\native_tif\NEG01451.tif,E:\LandSlide-Prediction\data\pre_event\png_256\NEG01451.png,
NEG01452,0,success,S2B_MSIL2A_20250822T045659_R119_T44NMN_20250822T072904,45.603779,0.0,2025-08-22,2025-06-01/2025-08-31,E:\LandSlide-Prediction\data\pre_event\native_tif\NEG01452.tif,E:\LandSlide-Prediction\data\pre_event\png_256\NEG01452.png,
NEG01453,0,success,S2B_MSIL2A_20251031T045839_R119_T44NMP_20251031T072153,16.524501,16.5,2025-10-31,2025-09-01/2025-11-20,E:\LandSlide-Prediction\data\pre_event\native_tif\NEG01453.tif,E:\LandSlide-Prediction\data\pre_event\png_256\NEG01453.png,
NEG01454,0,success,S2C_MSIL2A_20251003T050621_R076_T44NMN_20251003T090812,8.674505,0.0,2025-10-03,2025-09-01/2025-11-20,E:\LandSlide-Prediction\data\pre_event\native_tif\NEG01454.tif,E:\LandSlide-Prediction\data\pre_event\png_256\NEG01454.png,
NEG01455,0,success,S2B_MSIL2A_20251031T045839_R119_T44NMP_20251031T072153,16.524501,0.2,2025-10-31,2025-09-01/2025-11-20,E:\LandSlide-Prediction\data\pre_event\native_tif\NEG01455.tif,E:\LandSlide-Prediction\data\pre_event\png_256\NEG01455.png,
NEG01456,0,success,S2B_MSIL2A_20251031T045839_R119_T44NMP_20251031T072153,16.524501,1.76,2025-10-31,2025-09-01/2025-11-20,E:\LandSlide-Prediction\data\pre_event\native_tif\NEG01456.tif,E:\LandSlide-Prediction\data\pre_event\png_256\NEG01456.png,
NEG01457,0,success,S2C_MSIL2A_20251006T045711_R119_T44NMP_20251006T093213,47.28899,22.02,2025-10-06,2025-09-01/2025-11-20,E:\LandSlide-Prediction\data\pre_event\native_tif\NEG01457.tif,E:\LandSlide-Prediction\data\pre_event\png_256\NEG01457.png,
NEG01458,0,success,S2A_MSIL2A_20250730T050241_R119_T44NMN_20250730T081115,46.099904,0.0,2025-07-30,2025-06-01/2025-08-31,E:\LandSlide-Prediction\data\pre_event\native_tif\NEG01458.tif,E:\LandSlide-Prediction\data\pre_event\png_256\NEG01458.png,
NEG01459,0,success,S2B_MSIL2A_20251031T045839_R119_T44NMN_20251031T072153,14.801013,0.0,2025-10-31,2025-09-01/2025-11-20,E:\LandSlide-Prediction\data\pre_event\native_tif\NEG01459.tif,E:\LandSlide-Prediction\data\pre_event\png_256\NEG01459.png,
NEG01460,0,success,S2C_MSIL2A_20251003T050621_R076_T44NMP_20251003T090812,2.112417,0.0,2025-10-03,2025-09-01/2025-11-20,E:\LandSlide-Prediction\data\pre_event\native_tif\NEG01460.tif,E:\LandSlide-Prediction\data\pre_event\png_256\NEG01460.png,
NEG01461,0,success,S2C_MSIL2A_20251003T050621_R076_T44NMP_20251003T090812,2.112417,0.0,2025-10-03,2025-09-01/2025-11-20,E:\LandSlide-Prediction\data\pre_event\native_tif\NEG01461.tif,E:\LandSlide-Prediction\data\pre_event\png_256\NEG01461.png,
NEG01462,0,success,S2B_MSIL2A_20251031T045839_R119_T44NMP_20251031T072153,16.524501,1.07,2025-10-31,2025-09-01/2025-11-20,E:\LandSlide-Prediction\data\pre_event\native_tif\NEG01462.tif,E:\LandSlide-Prediction\data\pre_event\png_256\NEG01462.png,
NEG01463,0,success,S2C_MSIL2A_20251003T050621_R076_T44NMN_20251003T090812,8.674505,1.76,2025-10-03,2025-09-01/2025-11-20,E:\LandSlide-Prediction\data\pre_event\native_tif\NEG01463.tif,E:\LandSlide-Prediction\data\pre_event\png_256\NEG01463.png,
NEG01464,0,success,S2B_MSIL2A_20251031T045839_R119_T44NMP_20251031T072153,16.524501,6.88,2025-10-31,2025-09-01/2025-11-20,E:\LandSlide-Prediction\data\pre_event\native_tif\NEG01464.tif,E:\LandSlide-Prediction\data\pre_event\png_256\NEG01464.png,
NEG01465,0,success,S2B_MSIL2A_20251031T045839_R119_T44NMN_20251031T072153,14.801013,0.0,2025-10-31,2025-09-01/2025-11-20,E:\LandSlide-Prediction\data\pre_event\native_tif\NEG01465.tif,E:\LandSlide-Prediction\data\pre_event\png_256\NEG01465.png,
