landslide_id,label,status,terrain_tif,contour_png,elev_mean,elev_min,elev_max,relief_m,slope_mean,slope_max,slope_p90,curv_mean,curv_std
LS_00002,1,success,E:\LandSlide-Prediction\data\terrain\patches\LS_00002.tif,E:\LandSlide-Prediction\data\terrain\contours\LS_00002.png,280.55657958984375,193.32223510742188,404.0560302734375,210.73379516601562,21.308122634887695,38.28422164916992,32.11277770996094,0.04990507662296295,0.7474087476730347
LS_00005,1,success,E:\LandSlide-Prediction\data\terrain\patches\LS_00005.tif,E:\LandSlide-Prediction\data\terrain\contours\LS_00005.png,230.64999389648438,174.22531127929688,373.18634033203125,198.96102905273438,17.103866577148438,44.34495162963867,30.352184295654297,0.007965944707393646,0.7933015823364258
LS_00006,1,success,E:\LandSlide-Prediction\data\terrain\patches\LS_00006.tif,E:\LandSlide-Prediction\data\terrain\contours\LS_00006.png,353.80706787109375,275.5899353027344,471.26373291015625,195.67379760742188,16.783597946166992,34.75823211669922,26.840452194213867,0.06916244328022003,0.607640266418457
LS_00011,1,success,E:\LandSlide-Prediction\data\terrain\patches\LS_00011.tif,E:\LandSlide-Prediction\data\terrain\contours\LS_00011.png,295.9005432128906,232.54466247558594,387.70013427734375,155.1554718017578,19.33814239501953,36.491783142089844,30.018287658691406,0.10314678400754929,0.8466012477874756
LS_00020,1,success,E:\LandSlide-Prediction\data\terrain\patches\LS_00020.tif,E:\LandSlide-Prediction\data\terrain\contours\LS_00020.png,153.54562377929688,118.59053039550781,218.70091247558594,100.11038208007812,12.478599548339844,33.17863082885742,24.306255340576172,0.0006600469350814819,0.6192179918289185
LS_00025,1,success,E:\LandSlide-Prediction\data\terrain\patches\LS_00025.tif,E:\LandSlide-Prediction\data\terrain\contours\LS_00025.png,215.82293701171875,132.91566467285156,360.63116455078125,227.7154998779297,18.728883743286133,45.53294372558594,35.6904182434082,0.010062010958790779,0.6861203908920288
LS_00028,1,success,E:\LandSlide-Prediction\data\terrain\patches\LS_00028.tif,E:\LandSlide-Prediction\data\terrain\contours\LS_00028.png,282.69171142578125,138.85736083984375,430.936767578125,292.07940673828125,24.884315490722656,43.6813850402832,35.59231185913086,-0.06624531745910645,0.8534188270568848
LS_00032,1,success,E:\LandSlide-Prediction\data\terrain\patches\LS_00032.tif,E:\LandSlide-Prediction\data\terrain\contours\LS_00032.png,363.6575622558594,169.9512939453125,574.6122436523438,404.66094970703125,31.060131072998047,47.64426803588867,39.933349609375,-0.11354252696037292,0.7108517289161682
LS_00035,1,success,E:\LandSlide-Prediction\data\terrain\patches\LS_00035.tif,E:\LandSlide-Prediction\data\terrain\contours\LS_00035.png,349.1222839355469,220.2242889404297,551.9501953125,331.72589111328125,26.065868377685547,55.09178161621094,39.164573669433594,-0.0031403303146362305,1.1688082218170166
LS_00040,1,success,E:\LandSlide-Prediction\data\terrain\patches\LS_00040.tif,E:\LandSlide-Prediction\data\terrain\contours\LS_00040.png,345.0128173828125,152.83106994628906,505.6783142089844,352.84722900390625,28.32147789001465,49.925235748291016,41.262672424316406,-0.04406197369098663,0.7846447825431824
LS_00041,1,success,E:\LandSlide-Prediction\data\terrain\patches\LS_00041.tif,E:\LandSlide-Prediction\data\terrain\contours\LS_00041.png,190.30642700195312,128.9063720703125,391.9100646972656,263.0036926269531,16.939149856567383,50.42316436767578,35.80071258544922,-0.014874625951051712,0.7564451098442078
LS_00046,1,success,E:\LandSlide-Prediction\data\terrain\patches\LS_00046.tif,E:\LandSlide-Prediction\data\terrain\contours\LS_00046.png,232.27020263671875,124.92321014404297,401.128662109375,276.2054443359375,22.150741577148438,44.138999938964844,35.33312225341797,0.009252391755580902,0.6324935555458069
LS_00047,1,success,E:\LandSlide-Prediction\data\terrain\patches\LS_00047.tif,E:\LandSlide-Prediction\data\terrain\contours\LS_00047.png,262.7344665527344,119.61563873291016,385.1160583496094,265.50042724609375,24.723464965820312,47.255821228027344,36.90336990356445,-0.06505931168794632,1.083132266998291
LS_00053,1,success,E:\LandSlide-Prediction\data\terrain\patches\LS_00053.tif,E:\LandSlide-Prediction\data\terrain\contours\LS_00053.png,550.4434204101562,451.3927917480469,640.1295776367188,188.73678588867188,22.88184356689453,44.93415451049805,36.50896453857422,0.1043444573879242,0.9951812624931335
LS_00057,1,success,E:\LandSlide-Prediction\data\terrain\patches\LS_00057.tif,E:\LandSlide-Prediction\data\terrain\contours\LS_00057.png,400.78631591796875,349.9111328125,502.4695739746094,152.55844116210938,16.115398406982422,43.13311767578125,24.296396255493164,0.0583781823515892,0.8338208794593811
LS_00059,1,success,E:\LandSlide-Prediction\data\terrain\patches\LS_00059.tif,E:\LandSlide-Prediction\data\terrain\contours\LS_00059.png,815.3941040039062,638.2034912109375,1037.319580078125,399.1160888671875,26.773887634277344,45.89013671875,34.761714935302734,-0.09318146854639053,0.9491856098175049
LS_00063,1,success,E:\LandSlide-Prediction\data\terrain\patches\LS_00063.tif,E:\LandSlide-Prediction\data\terrain\contours\LS_00063.png,407.9562072753906,366.1911926269531,471.2522888183594,105.06109619140625,13.34194564819336,27.723806381225586,19.92654037475586,0.02358175814151764,0.592082679271698
LS_00066,1,success,E:\LandSlide-Prediction\data\terrain\patches\LS_00066.tif,E:\LandSlide-Prediction\data\terrain\contours\LS_00066.png,469.98797607421875,343.3421325683594,691.7517700195312,348.4096374511719,21.487506866455078,51.27641677856445,36.7553825378418,-0.07983507215976715,0.9212037324905396
LS_00073,1,success,E:\LandSlide-Prediction\data\terrain\patches\LS_00073.tif,E:\LandSlide-Prediction\data\terrain\contours\LS_00073.png,713.5860595703125,604.7769165039062,813.2267456054688,208.4498291015625,19.665813446044922,41.88627243041992,29.795726776123047,0.05113263055682182,0.8131619691848755
LS_00076,1,success,E:\LandSlide-Prediction\data\terrain\patches\LS_00076.tif,E:\LandSlide-Prediction\data\terrain\contours\LS_00076.png,673.7471313476562,571.5210571289062,839.349365234375,267.82830810546875,22.249614715576172,47.47517776489258,39.31727981567383,-0.03845060616731644,1.2459654808044434
LS_00077,1,success,E:\LandSlide-Prediction\data\terrain\patches\LS_00077.tif,E:\LandSlide-Prediction\data\terrain\contours\LS_00077.png,357.6201171875,281.66571044921875,413.5296325683594,131.86392211914062,13.63459587097168,28.84652328491211,21.512451171875,-0.011980883777141571,0.7670176029205322
LS_00082,1,success,E:\LandSlide-Prediction\data\terrain\patches\LS_00082.tif,E:\LandSlide-Prediction\data\terrain\contours\LS_00082.png,620.0927124023438,535.3251953125,717.713134765625,182.387939453125,16.476383209228516,36.051910400390625,26.316207885742188,-0.023814111948013306,0.6960070133209229
LS_00084,1,success,E:\LandSlide-Prediction\data\terrain\patches\LS_00084.tif,E:\LandSlide-Prediction\data\terrain\contours\LS_00084.png,848.85986328125,682.2305908203125,1016.5819702148438,334.35137939453125,26.537620544433594,48.185821533203125,40.743682861328125,-0.13101032376289368,0.8210638165473938
LS_00086,1,success,E:\LandSlide-Prediction\data\terrain\patches\LS_00086.tif,E:\LandSlide-Prediction\data\terrain\contours\LS_00086.png,1164.986572265625,984.4328002929688,1324.6107177734375,340.17791748046875,30.20586395263672,48.30117416381836,38.51637268066406,-0.05355355888605118,1.1056994199752808
LS_00089,1,success,E:\LandSlide-Prediction\data\terrain\patches\LS_00089.tif,E:\LandSlide-Prediction\data\terrain\contours\LS_00089.png,1050.2548828125,878.7861328125,1354.8382568359375,476.0521240234375,29.469640731811523,58.73706817626953,42.51313781738281,0.01376231387257576,0.966372549533844
LS_00092,1,success,E:\LandSlide-Prediction\data\terrain\patches\LS_00092.tif,E:\LandSlide-Prediction\data\terrain\contours\LS_00092.png,239.1280517578125,182.60177612304688,315.59075927734375,132.98898315429688,11.616358757019043,37.39531326293945,25.30265235900879,0.009180424734950066,0.5172058939933777
LS_00093,1,success,E:\LandSlide-Prediction\data\terrain\patches\LS_00093.tif,E:\LandSlide-Prediction\data\terrain\contours\LS_00093.png,581.6474609375,487.4234924316406,676.2079467773438,188.78445434570312,20.09113311767578,34.28587341308594,26.62990951538086,0.030998770147562027,0.7462846636772156
LS_00094,1,success,E:\LandSlide-Prediction\data\terrain\patches\LS_00094.tif,E:\LandSlide-Prediction\data\terrain\contours\LS_00094.png,541.3896484375,421.5285339355469,687.8500366210938,266.3215026855469,24.491680145263672,52.61640930175781,33.305442810058594,-0.01579839549958706,1.0710134506225586
LS_00098,1,success,E:\LandSlide-Prediction\data\terrain\patches\LS_00098.tif,E:\LandSlide-Prediction\data\terrain\contours\LS_00098.png,778.0665283203125,625.9789428710938,999.7553100585938,373.7763671875,25.623126983642578,51.580284118652344,37.755558013916016,-0.00743180513381958,1.005155324935913
LS_00100,1,success,E:\LandSlide-Prediction\data\terrain\patches\LS_00100.tif,E:\LandSlide-Prediction\data\terrain\contours\LS_00100.png,638.021240234375,512.8887939453125,816.411376953125,303.5225830078125,23.19974708557129,40.41661071777344,32.737464904785156,-0.05156203359365463,0.9636953473091125
LS_00102,1,success,E:\LandSlide-Prediction\data\terrain\patches\LS_00102.tif,E:\LandSlide-Prediction\data\terrain\contours\LS_00102.png,503.55462646484375,392.7098693847656,670.1849975585938,277.4751281738281,24.950517654418945,49.47283172607422,34.99163818359375,0.07501685619354248,0.941789984703064
LS_00104,1,success,E:\LandSlide-Prediction\data\terrain\patches\LS_00104.tif,E:\LandSlide-Prediction\data\terrain\contours\LS_00104.png,723.9790649414062,471.5018310546875,1001.9215087890625,530.419677734375,32.914390563964844,55.01383590698242,43.234046936035156,0.06467139720916748,1.2910106182098389
LS_00112,1,success,E:\LandSlide-Prediction\data\terrain\patches\LS_00112.tif,E:\LandSlide-Prediction\data\terrain\contours\LS_00112.png,339.4340515136719,264.0354919433594,483.3826904296875,219.34719848632812,20.483348846435547,38.987186431884766,30.60944366455078,-0.014283604919910431,0.8095128536224365
LS_00113,1,success,E:\LandSlide-Prediction\data\terrain\patches\LS_00113.tif,E:\LandSlide-Prediction\data\terrain\contours\LS_00113.png,868.2039794921875,765.9778442382812,1106.40673828125,340.42889404296875,20.573711395263672,48.165157318115234,37.37632369995117,0.0005316697061061859,0.9041063785552979
LS_00117,1,success,E:\LandSlide-Prediction\data\terrain\patches\LS_00117.tif,E:\LandSlide-Prediction\data\terrain\contours\LS_00117.png,733.8302612304688,605.7935180664062,959.3653564453125,353.57183837890625,28.84231185913086,53.06180191040039,40.772911071777344,0.06987318396568298,1.1789079904556274
LS_00126,1,success,E:\LandSlide-Prediction\data\terrain\patches\LS_00126.tif,E:\LandSlide-Prediction\data\terrain\contours\LS_00126.png,926.6143798828125,627.2102661132812,1189.2890625,562.0787963867188,32.803611755371094,57.24561309814453,49.904541015625,-0.12737691402435303,1.4415102005004883
LS_00134,1,success,E:\LandSlide-Prediction\data\terrain\patches\LS_00134.tif,E:\LandSlide-Prediction\data\terrain\contours\LS_00134.png,419.7691650390625,328.8195495605469,526.9219360351562,198.10238647460938,19.19854736328125,42.1234016418457,29.466114044189453,0.03593935817480087,0.6964473128318787
LS_00135,1,success,E:\LandSlide-Prediction\data\terrain\patches\LS_00135.tif,E:\LandSlide-Prediction\data\terrain\contours\LS_00135.png,507.177001953125,332.10546875,725.9591674804688,393.85369873046875,27.72357940673828,49.78872299194336,41.47834014892578,-0.027976976707577705,0.9675678014755249
LS_00138,1,success,E:\LandSlide-Prediction\data\terrain\patches\LS_00138.tif,E:\LandSlide-Prediction\data\terrain\contours\LS_00138.png,650.9949951171875,519.3388061523438,785.7398681640625,266.40106201171875,25.421356201171875,39.43545913696289,33.863555908203125,0.009253408759832382,0.9017177224159241
LS_00146,1,success,E:\LandSlide-Prediction\data\terrain\patches\LS_00146.tif,E:\LandSlide-Prediction\data\terrain\contours\LS_00146.png,705.52880859375,560.9051513671875,824.560546875,263.6553955078125,27.464597702026367,54.64682388305664,39.97591018676758,-0.03214951232075691,1.1160880327224731
LS_00152,1,success,E:\LandSlide-Prediction\data\terrain\patches\LS_00152.tif,E:\LandSlide-Prediction\data\terrain\contours\LS_00152.png,1060.8072509765625,842.8221435546875,1266.0679931640625,423.245849609375,34.24089813232422,57.242759704589844,49.01659393310547,0.09361009299755096,1.5652283430099487
LS_00153,1,success,E:\LandSlide-Prediction\data\terrain\patches\LS_00153.tif,E:\LandSlide-Prediction\data\terrain\contours\LS_00153.png,952.3628540039062,823.05712890625,1093.723876953125,270.666748046875,25.51590347290039,53.161293029785156,41.10287094116211,0.07271188497543335,1.1449052095413208
LS_00159,1,success,E:\LandSlide-Prediction\data\terrain\patches\LS_00159.tif,E:\LandSlide-Prediction\data\terrain\contours\LS_00159.png,1025.7620849609375,994.5509033203125,1076.140625,81.5897216796875,10.56362247467041,31.62969970703125,17.816802978515625,-0.0033573321998119354,0.6861573457717896
LS_00160,1,success,E:\LandSlide-Prediction\data\terrain\patches\LS_00160.tif,E:\LandSlide-Prediction\data\terrain\contours\LS_00160.png,1193.3828125,1047.06640625,1412.012451171875,364.946044921875,25.886051177978516,51.66575241088867,45.376914978027344,-0.04980864375829697,0.9403581023216248
LS_00163,1,success,E:\LandSlide-Prediction\data\terrain\patches\LS_00163.tif,E:\LandSlide-Prediction\data\terrain\contours\LS_00163.png,540.409423828125,428.2959289550781,621.4944458007812,193.19851684570312,17.28419303894043,30.641103744506836,25.780338287353516,0.04864412546157837,0.5169516205787659
LS_00165,1,success,E:\LandSlide-Prediction\data\terrain\patches\LS_00165.tif,E:\LandSlide-Prediction\data\terrain\contours\LS_00165.png,1185.7989501953125,1068.192138671875,1346.4036865234375,278.2115478515625,21.889469146728516,50.002933502197266,35.868370056152344,-0.00520005077123642,1.0993210077285767
LS_00168,1,success,E:\LandSlide-Prediction\data\terrain\patches\LS_00168.tif,E:\LandSlide-Prediction\data\terrain\contours\LS_00168.png,849.3441162109375,686.0471801757812,1088.1685791015625,402.12139892578125,27.515926361083984,66.96485900878906,43.708251953125,0.048236630856990814,1.1232916116714478
LS_00169,1,success,E:\LandSlide-Prediction\data\terrain\patches\LS_00169.tif,E:\LandSlide-Prediction\data\terrain\contours\LS_00169.png,683.4674072265625,517.9431762695312,813.4429321289062,295.499755859375,24.688644409179688,49.22805404663086,36.1241455078125,0.10381726175546646,1.086848497390747
LS_00170,1,success,E:\LandSlide-Prediction\data\terrain\patches\LS_00170.tif,E:\LandSlide-Prediction\data\terrain\contours\LS_00170.png,532.7166748046875,445.44097900390625,666.2871704101562,220.84619140625,19.330707550048828,54.06533432006836,33.46222686767578,0.11684563755989075,0.8786674737930298
LS_00173,1,success,E:\LandSlide-Prediction\data\terrain\patches\LS_00173.tif,E:\LandSlide-Prediction\data\terrain\contours\LS_00173.png,1161.60400390625,894.6163940429688,1447.216064453125,552.5996704101562,40.61866760253906,64.72468566894531,50.69256591796875,-0.0323968231678009,1.3987430334091187
LS_00176,1,success,E:\LandSlide-Prediction\data\terrain\patches\LS_00176.tif,E:\LandSlide-Prediction\data\terrain\contours\LS_00176.png,771.54638671875,654.6831665039062,929.0213623046875,274.33819580078125,19.714279174804688,50.85041809082031,33.741424560546875,0.003291025757789612,0.7650839686393738
LS_00180,1,success,E:\LandSlide-Prediction\data\terrain\patches\LS_00180.tif,E:\LandSlide-Prediction\data\terrain\contours\LS_00180.png,969.9901123046875,838.1403198242188,1165.20166015625,327.06134033203125,25.437255859375,57.614444732666016,44.400638580322266,-0.03310929983854294,0.9326395988464355
LS_00184,1,success,E:\LandSlide-Prediction\data\terrain\patches\LS_00184.tif,E:\LandSlide-Prediction\data\terrain\contours\LS_00184.png,212.76727294921875,159.65045166015625,287.04876708984375,127.3983154296875,16.014375686645508,36.547428131103516,24.961498260498047,-0.009351320564746857,0.767667829990387
LS_00185,1,success,E:\LandSlide-Prediction\data\terrain\patches\LS_00185.tif,E:\LandSlide-Prediction\data\terrain\contours\LS_00185.png,844.0780639648438,635.970947265625,930.59765625,294.626708984375,22.979854583740234,47.7952766418457,33.55005645751953,-0.040781419724226,1.0002309083938599
LS_00189,1,success,E:\LandSlide-Prediction\data\terrain\patches\LS_00189.tif,E:\LandSlide-Prediction\data\terrain\contours\LS_00189.png,802.9229736328125,779.0429077148438,850.0601196289062,71.0172119140625,9.618175506591797,23.082462310791016,16.726009368896484,0.005775444209575653,0.4565829932689667
LS_00190,1,success,E:\LandSlide-Prediction\data\terrain\patches\LS_00190.tif,E:\LandSlide-Prediction\data\terrain\contours\LS_00190.png,1243.596435546875,1122.968505859375,1338.4822998046875,215.5137939453125,20.734176635742188,45.54446792602539,32.86444854736328,-0.004812464118003845,0.8575150966644287
LS_00192,1,success,E:\LandSlide-Prediction\data\terrain\patches\LS_00192.tif,E:\LandSlide-Prediction\data\terrain\contours\LS_00192.png,1264.689697265625,1093.80712890625,1346.3193359375,252.51220703125,22.239303588867188,43.90147399902344,35.12541961669922,-0.049076639115810394,0.8104386329650879
LS_00197,1,success,E:\LandSlide-Prediction\data\terrain\patches\LS_00197.tif,E:\LandSlide-Prediction\data\terrain\contours\LS_00197.png,740.678955078125,662.2228393554688,869.1773071289062,206.9544677734375,21.325855255126953,43.524681091308594,32.58857727050781,0.0019266866147518158,0.9747602343559265
LS_00200,1,success,E:\LandSlide-Prediction\data\terrain\patches\LS_00200.tif,E:\LandSlide-Prediction\data\terrain\contours\LS_00200.png,580.34033203125,415.1353759765625,754.7711181640625,339.6357421875,26.484325408935547,43.31673812866211,35.88884353637695,0.0023932717740535736,0.7687474489212036
LS_00202,1,success,E:\LandSlide-Prediction\data\terrain\patches\LS_00202.tif,E:\LandSlide-Prediction\data\terrain\contours\LS_00202.png,365.7185974121094,242.32330322265625,542.7398071289062,300.41650390625,23.972434997558594,45.799415588378906,32.162879943847656,0.09352874010801315,0.6320458650588989
LS_00204,1,success,E:\LandSlide-Prediction\data\terrain\patches\LS_00204.tif,E:\LandSlide-Prediction\data\terrain\contours\LS_00204.png,250.09149169921875,227.24105834960938,281.4712219238281,54.23016357421875,9.623868942260742,24.48724365234375,16.32061767578125,-0.03302536904811859,0.5999103784561157
LS_00210,1,success,E:\LandSlide-Prediction\data\terrain\patches\LS_00210.tif,E:\LandSlide-Prediction\data\terrain\contours\LS_00210.png,704.861083984375,569.2925415039062,856.9674682617188,287.6749267578125,22.570087432861328,39.57809829711914,33.064781188964844,0.06661271303892136,0.7802916765213013
LS_00211,1,success,E:\LandSlide-Prediction\data\terrain\patches\LS_00211.tif,E:\LandSlide-Prediction\data\terrain\contours\LS_00211.png,575.261474609375,442.1531982421875,761.6723022460938,319.51910400390625,21.378660202026367,40.16511535644531,29.453475952148438,0.08089736849069595,0.7728613615036011
LS_00213,1,success,E:\LandSlide-Prediction\data\terrain\patches\LS_00213.tif,E:\LandSlide-Prediction\data\terrain\contours\LS_00213.png,807.0706176757812,728.2098999023438,901.7686157226562,173.5587158203125,16.59548568725586,49.74880599975586,30.816944122314453,0.05624174326658249,0.9963444471359253
LS_00215,1,success,E:\LandSlide-Prediction\data\terrain\patches\LS_00215.tif,E:\LandSlide-Prediction\data\terrain\contours\LS_00215.png,985.1773681640625,887.9967041015625,1089.5523681640625,201.5556640625,20.073244094848633,47.29323959350586,35.75349426269531,0.002611164003610611,0.915418803691864
LS_00217,1,success,E:\LandSlide-Prediction\data\terrain\patches\LS_00217.tif,E:\LandSlide-Prediction\data\terrain\contours\LS_00217.png,726.68896484375,629.5726928710938,881.2135009765625,251.64080810546875,24.220378875732422,52.34065628051758,40.647926330566406,0.06891080737113953,1.164092779159546
LS_00218,1,success,E:\LandSlide-Prediction\data\terrain\patches\LS_00218.tif,E:\LandSlide-Prediction\data\terrain\contours\LS_00218.png,594.1536865234375,477.56671142578125,728.5488891601562,250.982177734375,22.343828201293945,49.18763732910156,34.068092346191406,-0.04795079678297043,0.9901390075683594
LS_00219,1,success,E:\LandSlide-Prediction\data\terrain\patches\LS_00219.tif,E:\LandSlide-Prediction\data\terrain\contours\LS_00219.png,767.2518310546875,599.7594604492188,982.8067626953125,383.04730224609375,27.36682891845703,51.610626220703125,42.665771484375,0.0011801309883594513,0.8155866265296936
LS_00220,1,success,E:\LandSlide-Prediction\data\terrain\patches\LS_00220.tif,E:\LandSlide-Prediction\data\terrain\contours\LS_00220.png,1065.4598388671875,980.6809692382812,1180.6724853515625,199.99151611328125,17.785476684570312,46.12787628173828,32.365501403808594,-0.0002695135772228241,0.765151858329773
LS_00221,1,success,E:\LandSlide-Prediction\data\terrain\patches\LS_00221.tif,E:\LandSlide-Prediction\data\terrain\contours\LS_00221.png,918.2991943359375,838.8607788085938,1017.7988891601562,178.9381103515625,15.720078468322754,47.23552322387695,32.80231857299805,0.04215589910745621,0.8212010860443115
LS_00223,1,success,E:\LandSlide-Prediction\data\terrain\patches\LS_00223.tif,E:\LandSlide-Prediction\data\terrain\contours\LS_00223.png,759.1444091796875,696.1223754882812,801.5175170898438,105.3951416015625,16.245725631713867,38.78968048095703,27.710994720458984,0.047734152525663376,0.7745703458786011
LS_00226,1,success,E:\LandSlide-Prediction\data\terrain\patches\LS_00226.tif,E:\LandSlide-Prediction\data\terrain\contours\LS_00226.png,1031.918212890625,968.0494384765625,1105.9349365234375,137.885498046875,14.788917541503906,36.28508377075195,22.442543029785156,0.014853853732347488,0.6925331354141235
LS_00227,1,success,E:\LandSlide-Prediction\data\terrain\patches\LS_00227.tif,E:\LandSlide-Prediction\data\terrain\contours\LS_00227.png,1018.3877563476562,828.4290161132812,1251.1556396484375,422.72662353515625,27.256717681884766,55.587833404541016,45.02153015136719,-0.0522056519985199,1.0441800355911255
LS_00230,1,success,E:\LandSlide-Prediction\data\terrain\patches\LS_00230.tif,E:\LandSlide-Prediction\data\terrain\contours\LS_00230.png,935.3710327148438,763.9769897460938,1145.6573486328125,381.68035888671875,28.7762451171875,50.550559997558594,42.21630859375,-0.12995490431785583,1.0256720781326294
LS_00232,1,success,E:\LandSlide-Prediction\data\terrain\patches\LS_00232.tif,E:\LandSlide-Prediction\data\terrain\contours\LS_00232.png,911.9581298828125,761.1285400390625,1068.1881103515625,307.0595703125,22.09134292602539,46.594669342041016,34.418174743652344,0.02315722405910492,0.6588510274887085
LS_00233,1,success,E:\LandSlide-Prediction\data\terrain\patches\LS_00233.tif,E:\LandSlide-Prediction\data\terrain\contours\LS_00233.png,833.302490234375,702.7598266601562,945.20751953125,242.44769287109375,18.485946655273438,44.5460319519043,36.78272247314453,-0.061710577458143234,0.9045781493186951
LS_00235,1,success,E:\LandSlide-Prediction\data\terrain\patches\LS_00235.tif,E:\LandSlide-Prediction\data\terrain\contours\LS_00235.png,1074.999267578125,970.7261352539062,1247.5501708984375,276.82403564453125,20.141647338867188,45.546043395996094,36.35169982910156,-0.03873065859079361,0.7625988125801086
LS_00239,1,success,E:\LandSlide-Prediction\data\terrain\patches\LS_00239.tif,E:\LandSlide-Prediction\data\terrain\contours\LS_00239.png,1231.98681640625,1045.7698974609375,1369.8106689453125,324.040771484375,27.556245803833008,47.123104095458984,41.55656433105469,-0.0051322877407073975,1.003048062324524
LS_00240,1,success,E:\LandSlide-Prediction\data\terrain\patches\LS_00240.tif,E:\LandSlide-Prediction\data\terrain\contours\LS_00240.png,1168.8924560546875,1006.5526733398438,1395.57958984375,389.02691650390625,27.275367736816406,54.15740966796875,42.912506103515625,0.04121086373925209,1.071042776107788
LS_00244,1,success,E:\LandSlide-Prediction\data\terrain\patches\LS_00244.tif,E:\LandSlide-Prediction\data\terrain\contours\LS_00244.png,1270.3177490234375,1160.553466796875,1382.3358154296875,221.7823486328125,19.451175689697266,43.981781005859375,28.244083404541016,0.006529703736305237,0.9912158250808716
LS_00245,1,success,E:\LandSlide-Prediction\data\terrain\patches\LS_00245.tif,E:\LandSlide-Prediction\data\terrain\contours\LS_00245.png,903.4423828125,786.9213256835938,1053.912841796875,266.99151611328125,23.723072052001953,41.72369384765625,33.89992141723633,0.0443129725754261,1.0849181413650513
LS_00247,1,success,E:\LandSlide-Prediction\data\terrain\patches\LS_00247.tif,E:\LandSlide-Prediction\data\terrain\contours\LS_00247.png,818.14794921875,761.4060668945312,1005.15380859375,243.74774169921875,16.619964599609375,33.603912353515625,28.622644424438477,0.03992333263158798,0.6100516319274902
LS_00250,1,success,E:\LandSlide-Prediction\data\terrain\patches\LS_00250.tif,E:\LandSlide-Prediction\data\terrain\contours\LS_00250.png,810.948486328125,646.9370727539062,970.6610107421875,323.72393798828125,25.544288635253906,37.20731735229492,31.89873504638672,0.08900154381990433,0.805141270160675
LS_00251,1,success,E:\LandSlide-Prediction\data\terrain\patches\LS_00251.tif,E:\LandSlide-Prediction\data\terrain\contours\LS_00251.png,1030.7373046875,890.376953125,1159.577880859375,269.200927734375,19.523244857788086,34.042724609375,27.869998931884766,0.05319620296359062,0.7716509103775024
LS_00253,1,success,E:\LandSlide-Prediction\data\terrain\patches\LS_00253.tif,E:\LandSlide-Prediction\data\terrain\contours\LS_00253.png,980.484619140625,877.4112548828125,1183.243408203125,305.8321533203125,22.331256866455078,44.15788269042969,34.23448944091797,0.12235327064990997,0.7817816734313965
LS_00256,1,success,E:\LandSlide-Prediction\data\terrain\patches\LS_00256.tif,E:\LandSlide-Prediction\data\terrain\contours\LS_00256.png,683.3167724609375,521.0299682617188,893.2134399414062,372.1834716796875,31.133541107177734,59.372230529785156,47.25379180908203,0.07312396913766861,1.0419732332229614
LS_00257,1,success,E:\LandSlide-Prediction\data\terrain\patches\LS_00257.tif,E:\LandSlide-Prediction\data\terrain\contours\LS_00257.png,434.9708251953125,345.3179626464844,542.746826171875,197.42886352539062,21.08765411376953,42.96910095214844,33.71255874633789,0.04681064561009407,0.8222255110740662
LS_00258,1,success,E:\LandSlide-Prediction\data\terrain\patches\LS_00258.tif,E:\LandSlide-Prediction\data\terrain\contours\LS_00258.png,480.88323974609375,360.2292175292969,636.7619018554688,276.5326843261719,25.17391586303711,49.7716178894043,36.1705322265625,0.027724824845790863,0.8953075408935547
LS_00259,1,success,E:\LandSlide-Prediction\data\terrain\patches\LS_00259.tif,E:\LandSlide-Prediction\data\terrain\contours\LS_00259.png,366.4659423828125,296.3765563964844,503.22283935546875,206.84628295898438,20.415878295898438,43.34581756591797,31.992202758789062,0.0713745504617691,0.802777886390686
LS_00264,1,success,E:\LandSlide-Prediction\data\terrain\patches\LS_00264.tif,E:\LandSlide-Prediction\data\terrain\contours\LS_00264.png,1596.56298828125,1479.0108642578125,1720.6270751953125,241.6162109375,17.82149887084961,37.0506477355957,26.597370147705078,-0.00022652745246887207,0.6126381158828735
LS_00269,1,success,E:\LandSlide-Prediction\data\terrain\patches\LS_00269.tif,E:\LandSlide-Prediction\data\terrain\contours\LS_00269.png,1568.0675048828125,1346.0755615234375,1650.071044921875,303.9954833984375,22.59697914123535,56.450767517089844,39.41869354248047,0.0004817396402359009,1.0252976417541504
LS_00273,1,success,E:\LandSlide-Prediction\data\terrain\patches\LS_00273.tif,E:\LandSlide-Prediction\data\terrain\contours\LS_00273.png,1533.601318359375,1385.2852783203125,1664.7994384765625,279.51416015625,23.040977478027344,57.2221565246582,49.08135986328125,-0.012915588915348053,1.0870389938354492
LS_00275,1,success,E:\LandSlide-Prediction\data\terrain\patches\LS_00275.tif,E:\LandSlide-Prediction\data\terrain\contours\LS_00275.png,1564.4625244140625,1421.9727783203125,1701.033203125,279.0604248046875,21.364816665649414,45.120140075683594,35.67957305908203,0.06645877659320831,0.8512704372406006
LS_00277,1,success,E:\LandSlide-Prediction\data\terrain\patches\LS_00277.tif,E:\LandSlide-Prediction\data\terrain\contours\LS_00277.png,1365.1070556640625,1229.2396240234375,1561.0430908203125,331.803466796875,27.484575271606445,52.91220474243164,45.489261627197266,0.058554671704769135,0.9742390513420105
LS_00282,1,success,E:\LandSlide-Prediction\data\terrain\patches\LS_00282.tif,E:\LandSlide-Prediction\data\terrain\contours\LS_00282.png,1874.96337890625,1731.5628662109375,1990.8729248046875,259.31005859375,20.576068878173828,43.021522521972656,28.857250213623047,0.01289156824350357,0.8160732388496399
LS_00285,1,success,E:\LandSlide-Prediction\data\terrain\patches\LS_00285.tif,E:\LandSlide-Prediction\data\terrain\contours\LS_00285.png,1886.624755859375,1704.447998046875,2039.67041015625,335.222412109375,30.60242462158203,50.17670822143555,42.46489715576172,-0.08151670545339584,1.01121187210083
LS_00287,1,success,E:\LandSlide-Prediction\data\terrain\patches\LS_00287.tif,E:\LandSlide-Prediction\data\terrain\contours\LS_00287.png,579.9200439453125,454.2704772949219,803.8284912109375,349.5580139160156,25.84517478942871,51.82705307006836,42.94318389892578,0.0772576779127121,0.6066944599151611
LS_00290,1,success,E:\LandSlide-Prediction\data\terrain\patches\LS_00290.tif,E:\LandSlide-Prediction\data\terrain\contours\LS_00290.png,587.2308349609375,479.2361145019531,741.3181762695312,262.0820617675781,24.871051788330078,46.5766716003418,35.38395690917969,0.04805780202150345,0.7663134932518005
LS_00292,1,success,E:\LandSlide-Prediction\data\terrain\patches\LS_00292.tif,E:\LandSlide-Prediction\data\terrain\contours\LS_00292.png,991.0453491210938,810.72900390625,1248.08447265625,437.35546875,32.51882553100586,60.993492126464844,45.536190032958984,0.016139604151248932,1.2758601903915405
LS_00295,1,success,E:\LandSlide-Prediction\data\terrain\patches\LS_00295.tif,E:\LandSlide-Prediction\data\terrain\contours\LS_00295.png,664.310791015625,448.1804504394531,820.3267822265625,372.1463317871094,29.99245262145996,51.101688385009766,42.522727966308594,-0.1561511605978012,1.1490267515182495
LS_00297,1,success,E:\LandSlide-Prediction\data\terrain\patches\LS_00297.tif,E:\LandSlide-Prediction\data\terrain\contours\LS_00297.png,766.4410400390625,658.6541137695312,918.861572265625,260.20745849609375,22.47209930419922,45.48140335083008,32.72026443481445,0.01665128767490387,0.864776611328125
LS_00299,1,success,E:\LandSlide-Prediction\data\terrain\patches\LS_00299.tif,E:\LandSlide-Prediction\data\terrain\contours\LS_00299.png,695.0926513671875,600.7796020507812,858.1141967773438,257.3345947265625,17.581321716308594,43.034019470214844,29.366458892822266,0.022375743836164474,0.7359375357627869
LS_00300,1,success,E:\LandSlide-Prediction\data\terrain\patches\LS_00300.tif,E:\LandSlide-Prediction\data\terrain\contours\LS_00300.png,602.7611083984375,485.26153564453125,764.6951293945312,279.43359375,23.30792808532715,45.953521728515625,35.027835845947266,0.042986977845430374,0.9169401526451111
LS_00301,1,success,E:\LandSlide-Prediction\data\terrain\patches\LS_00301.tif,E:\LandSlide-Prediction\data\terrain\contours\LS_00301.png,726.8904418945312,572.0460815429688,963.3484497070312,391.3023681640625,26.140090942382812,43.818572998046875,36.3548583984375,-0.03932293504476547,0.9020392298698425
LS_00304,1,success,E:\LandSlide-Prediction\data\terrain\patches\LS_00304.tif,E:\LandSlide-Prediction\data\terrain\contours\LS_00304.png,935.7478637695312,811.1653442382812,1307.929443359375,496.76409912109375,27.171092987060547,57.30091857910156,47.45127868652344,0.0679197758436203,1.0089781284332275
LS_00308,1,success,E:\LandSlide-Prediction\data\terrain\patches\LS_00308.tif,E:\LandSlide-Prediction\data\terrain\contours\LS_00308.png,1299.838134765625,1014.495849609375,1504.1737060546875,489.6778564453125,34.46623229980469,64.62223052978516,51.29179382324219,-0.12729230523109436,1.2854280471801758
LS_00312,1,success,E:\LandSlide-Prediction\data\terrain\patches\LS_00312.tif,E:\LandSlide-Prediction\data\terrain\contours\LS_00312.png,1166.89013671875,946.9952392578125,1413.6025390625,466.6072998046875,32.836395263671875,49.13568878173828,42.37544631958008,-0.05017438903450966,1.2738052606582642
LS_00315,1,success,E:\LandSlide-Prediction\data\terrain\patches\LS_00315.tif,E:\LandSlide-Prediction\data\terrain\contours\LS_00315.png,1031.3076171875,908.9686889648438,1154.7548828125,245.78619384765625,27.35495948791504,49.01695251464844,36.94239044189453,0.14328041672706604,1.049888253211975
LS_00321,1,success,E:\LandSlide-Prediction\data\terrain\patches\LS_00321.tif,E:\LandSlide-Prediction\data\terrain\contours\LS_00321.png,1019.5735473632812,805.6376342773438,1154.1646728515625,348.52703857421875,31.43069839477539,60.43491744995117,46.651588439941406,-0.16744555532932281,1.334383487701416
LS_00327,1,success,E:\LandSlide-Prediction\data\terrain\patches\LS_00327.tif,E:\LandSlide-Prediction\data\terrain\contours\LS_00327.png,483.60101318359375,375.1023254394531,594.0830078125,218.98068237304688,23.08768653869629,41.75606918334961,31.726659774780273,-0.058052558451890945,0.8950554132461548
LS_00328,1,success,E:\LandSlide-Prediction\data\terrain\patches\LS_00328.tif,E:\LandSlide-Prediction\data\terrain\contours\LS_00328.png,665.3372802734375,554.0119018554688,775.7555541992188,221.74365234375,18.89448356628418,37.23671340942383,28.617542266845703,0.07217991352081299,0.7777850031852722
LS_00329,1,success,E:\LandSlide-Prediction\data\terrain\patches\LS_00329.tif,E:\LandSlide-Prediction\data\terrain\contours\LS_00329.png,485.35931396484375,317.3146057128906,689.8765258789062,372.5619201660156,31.830106735229492,57.27637481689453,42.58019256591797,0.034046970307826996,1.0508791208267212
LS_00330,1,success,E:\LandSlide-Prediction\data\terrain\patches\LS_00330.tif,E:\LandSlide-Prediction\data\terrain\contours\LS_00330.png,732.7425537109375,562.087646484375,1022.72705078125,460.639404296875,29.42722511291504,47.04502868652344,40.619056701660156,-0.042822327464818954,0.9420911073684692
LS_00331,1,success,E:\LandSlide-Prediction\data\terrain\patches\LS_00331.tif,E:\LandSlide-Prediction\data\terrain\contours\LS_00331.png,970.995361328125,872.1138305664062,1123.5302734375,251.41644287109375,19.19744873046875,42.96030044555664,35.72551727294922,-0.04953413084149361,0.7549588680267334
LS_00332,1,success,E:\LandSlide-Prediction\data\terrain\patches\LS_00332.tif,E:\LandSlide-Prediction\data\terrain\contours\LS_00332.png,1115.2908935546875,990.1307373046875,1315.82373046875,325.6929931640625,23.898868560791016,54.37449645996094,37.76163101196289,-0.036910753697156906,0.9390584826469421
LS_00334,1,success,E:\LandSlide-Prediction\data\terrain\patches\LS_00334.tif,E:\LandSlide-Prediction\data\terrain\contours\LS_00334.png,1100.886474609375,987.649658203125,1277.454833984375,289.80517578125,20.386417388916016,51.111534118652344,32.71300506591797,-0.0034955693408846855,0.9173118472099304
LS_00335,1,success,E:\LandSlide-Prediction\data\terrain\patches\LS_00335.tif,E:\LandSlide-Prediction\data\terrain\contours\LS_00335.png,1193.312744140625,1046.8843994140625,1372.9853515625,326.1009521484375,28.942672729492188,52.786033630371094,37.86476516723633,-0.031114578247070312,1.2491363286972046
LS_00336,1,success,E:\LandSlide-Prediction\data\terrain\patches\LS_00336.tif,E:\LandSlide-Prediction\data\terrain\contours\LS_00336.png,861.98388671875,809.5257568359375,928.3174438476562,118.79168701171875,15.141068458557129,33.85678482055664,25.715206146240234,-0.00406242161989212,0.7508662939071655
LS_00337,1,success,E:\LandSlide-Prediction\data\terrain\patches\LS_00337.tif,E:\LandSlide-Prediction\data\terrain\contours\LS_00337.png,796.9996337890625,742.5167236328125,899.7839965820312,157.26727294921875,15.397575378417969,35.604557037353516,25.671924591064453,0.007163267582654953,0.764420747756958
LS_00340,1,success,E:\LandSlide-Prediction\data\terrain\patches\LS_00340.tif,E:\LandSlide-Prediction\data\terrain\contours\LS_00340.png,805.2240600585938,627.6182861328125,988.2056884765625,360.58740234375,27.82457733154297,47.180057525634766,37.87920379638672,-0.05570913851261139,0.6762452721595764
LS_00341,1,success,E:\LandSlide-Prediction\data\terrain\patches\LS_00341.tif,E:\LandSlide-Prediction\data\terrain\contours\LS_00341.png,672.1396484375,500.84356689453125,881.2910766601562,380.447509765625,26.346527099609375,42.079769134521484,35.42999267578125,-0.07503252476453781,0.8174479007720947
LS_00346,1,success,E:\LandSlide-Prediction\data\terrain\patches\LS_00346.tif,E:\LandSlide-Prediction\data\terrain\contours\LS_00346.png,767.154052734375,592.8202514648438,942.5829467773438,349.7626953125,27.19702911376953,51.88386917114258,39.405616760253906,-0.07139202952384949,0.7015355229377747
LS_00347,1,success,E:\LandSlide-Prediction\data\terrain\patches\LS_00347.tif,E:\LandSlide-Prediction\data\terrain\contours\LS_00347.png,768.380126953125,739.0841064453125,805.734619140625,66.6505126953125,12.418054580688477,26.058238983154297,21.70654296875,-0.04434611648321152,0.5926313996315002
LS_00348,1,success,E:\LandSlide-Prediction\data\terrain\patches\LS_00348.tif,E:\LandSlide-Prediction\data\terrain\contours\LS_00348.png,688.5604248046875,553.6342163085938,899.252685546875,345.61846923828125,23.968326568603516,54.124298095703125,37.95941925048828,-0.04455781728029251,1.1032699346542358
LS_00350,1,success,E:\LandSlide-Prediction\data\terrain\patches\LS_00350.tif,E:\LandSlide-Prediction\data\terrain\contours\LS_00350.png,1296.1064453125,1187.2962646484375,1400.7557373046875,213.45947265625,21.04314422607422,41.38541030883789,32.24649429321289,0.008508265018463135,0.8915616273880005
LS_00353,1,success,E:\LandSlide-Prediction\data\terrain\patches\LS_00353.tif,E:\LandSlide-Prediction\data\terrain\contours\LS_00353.png,1361.2933349609375,1198.4915771484375,1508.073486328125,309.5819091796875,26.975597381591797,43.79255676269531,37.51813507080078,-0.11224488168954849,0.9562294483184814
LS_00354,1,success,E:\LandSlide-Prediction\data\terrain\patches\LS_00354.tif,E:\LandSlide-Prediction\data\terrain\contours\LS_00354.png,799.9547119140625,651.4703979492188,1016.3087158203125,364.83831787109375,28.146900177001953,42.58989334106445,36.12367248535156,0.12894150614738464,0.9036710262298584
LS_00355,1,success,E:\LandSlide-Prediction\data\terrain\patches\LS_00355.tif,E:\LandSlide-Prediction\data\terrain\contours\LS_00355.png,470.7998352050781,394.385009765625,626.3571166992188,231.97210693359375,20.398067474365234,39.61424255371094,33.27574920654297,0.06050543487071991,0.7914226055145264
LS_00357,1,success,E:\LandSlide-Prediction\data\terrain\patches\LS_00357.tif,E:\LandSlide-Prediction\data\terrain\contours\LS_00357.png,1112.754150390625,929.9185791015625,1446.3607177734375,516.442138671875,29.072429656982422,52.0544548034668,41.978355407714844,0.05294834077358246,0.8074376583099365
LS_00359,1,success,E:\LandSlide-Prediction\data\terrain\patches\LS_00359.tif,E:\LandSlide-Prediction\data\terrain\contours\LS_00359.png,954.28515625,862.1159057617188,1073.022705078125,210.90679931640625,17.5419921875,37.005393981933594,30.331951141357422,-0.027790121734142303,0.704290509223938
LS_00363,1,success,E:\LandSlide-Prediction\data\terrain\patches\LS_00363.tif,E:\LandSlide-Prediction\data\terrain\contours\LS_00363.png,1086.591796875,1002.6966552734375,1186.594482421875,183.8978271484375,18.3612060546875,43.88416290283203,28.522907257080078,-0.04813815653324127,0.8008225560188293
LS_00365,1,success,E:\LandSlide-Prediction\data\terrain\patches\LS_00365.tif,E:\LandSlide-Prediction\data\terrain\contours\LS_00365.png,1270.527587890625,1129.1514892578125,1445.3023681640625,316.15087890625,26.4837703704834,48.770843505859375,38.906707763671875,-0.013809919357299805,1.2048912048339844
LS_00366,1,success,E:\LandSlide-Prediction\data\terrain\patches\LS_00366.tif,E:\LandSlide-Prediction\data\terrain\contours\LS_00366.png,910.0020751953125,782.2056274414062,1115.5115966796875,333.30596923828125,23.1510009765625,46.81859588623047,35.36603546142578,0.0043882690370082855,0.7960253357887268
LS_00368,1,success,E:\LandSlide-Prediction\data\terrain\patches\LS_00368.tif,E:\LandSlide-Prediction\data\terrain\contours\LS_00368.png,1261.0400390625,1116.4761962890625,1433.051025390625,316.5748291015625,26.9952335357666,42.42979431152344,34.52779769897461,0.0757998377084732,0.931465208530426
LS_00371,1,success,E:\LandSlide-Prediction\data\terrain\patches\LS_00371.tif,E:\LandSlide-Prediction\data\terrain\contours\LS_00371.png,1138.892822265625,1005.6398315429688,1270.5181884765625,264.87835693359375,23.834884643554688,36.9395751953125,32.2392692565918,-0.025106284767389297,1.1076550483703613
LS_00373,1,success,E:\LandSlide-Prediction\data\terrain\patches\LS_00373.tif,E:\LandSlide-Prediction\data\terrain\contours\LS_00373.png,1164.824951171875,1020.0828247070312,1341.746826171875,321.66400146484375,24.68486785888672,44.48588180541992,35.960975646972656,-0.02563611790537834,1.0022468566894531
LS_00377,1,success,E:\LandSlide-Prediction\data\terrain\patches\LS_00377.tif,E:\LandSlide-Prediction\data\terrain\contours\LS_00377.png,1300.063720703125,1120.2210693359375,1561.3350830078125,441.114013671875,30.229305267333984,48.864524841308594,40.82878875732422,-0.03605335205793381,1.005112886428833
LS_00378,1,success,E:\LandSlide-Prediction\data\terrain\patches\LS_00378.tif,E:\LandSlide-Prediction\data\terrain\contours\LS_00378.png,1147.984375,1023.4149169921875,1401.2760009765625,377.861083984375,24.119853973388672,49.95500946044922,40.316307067871094,-0.011225387454032898,0.8625812530517578
LS_00380,1,success,E:\LandSlide-Prediction\data\terrain\patches\LS_00380.tif,E:\LandSlide-Prediction\data\terrain\contours\LS_00380.png,1161.5809326171875,1001.562744140625,1364.271240234375,362.70849609375,25.95216941833496,60.39009094238281,40.14813995361328,0.09434305131435394,1.0752687454223633
LS_00382,1,success,E:\LandSlide-Prediction\data\terrain\patches\LS_00382.tif,E:\LandSlide-Prediction\data\terrain\contours\LS_00382.png,1408.56787109375,1259.6044921875,1584.3642578125,324.759765625,22.55242919921875,37.351131439208984,31.840591430664062,-0.11702544242143631,0.5952907204627991
LS_00383,1,success,E:\LandSlide-Prediction\data\terrain\patches\LS_00383.tif,E:\LandSlide-Prediction\data\terrain\contours\LS_00383.png,375.54022216796875,293.5937805175781,497.86138916015625,204.26760864257812,23.57718849182129,44.86739730834961,34.46607208251953,0.04700017347931862,1.0234699249267578
LS_00384,1,success,E:\LandSlide-Prediction\data\terrain\patches\LS_00384.tif,E:\LandSlide-Prediction\data\terrain\contours\LS_00384.png,483.2891845703125,382.12451171875,654.5787353515625,272.4542236328125,22.342370986938477,50.877845764160156,35.231773376464844,-0.03358142450451851,1.007273554801941
LS_00387,1,success,E:\LandSlide-Prediction\data\terrain\patches\LS_00387.tif,E:\LandSlide-Prediction\data\terrain\contours\LS_00387.png,766.8452758789062,676.9874877929688,848.4291381835938,171.441650390625,19.792896270751953,43.75213623046875,29.550704956054688,0.07630233466625214,0.8054962754249573
LS_00388,1,success,E:\LandSlide-Prediction\data\terrain\patches\LS_00388.tif,E:\LandSlide-Prediction\data\terrain\contours\LS_00388.png,524.39990234375,400.3096618652344,728.6936645507812,328.3840026855469,17.012096405029297,47.56302261352539,30.66301918029785,-0.082392618060112,0.8250232338905334
LS_00389,1,success,E:\LandSlide-Prediction\data\terrain\patches\LS_00389.tif,E:\LandSlide-Prediction\data\terrain\contours\LS_00389.png,523.2247314453125,443.09381103515625,638.17138671875,195.07757568359375,15.850578308105469,29.99549102783203,21.084936141967773,0.10295230895280838,0.47609734535217285
LS_00391,1,success,E:\LandSlide-Prediction\data\terrain\patches\LS_00391.tif,E:\LandSlide-Prediction\data\terrain\contours\LS_00391.png,746.8970947265625,543.229248046875,949.09423828125,405.864990234375,36.95700454711914,58.37379837036133,51.23890686035156,-0.03643803671002388,1.5297181606292725
LS_00392,1,success,E:\LandSlide-Prediction\data\terrain\patches\LS_00392.tif,E:\LandSlide-Prediction\data\terrain\contours\LS_00392.png,784.3139038085938,671.5150146484375,1024.3685302734375,352.853515625,23.498001098632812,43.710025787353516,34.8957633972168,0.11077724397182465,0.7761271595954895
LS_00394,1,success,E:\LandSlide-Prediction\data\terrain\patches\LS_00394.tif,E:\LandSlide-Prediction\data\terrain\contours\LS_00394.png,333.4674072265625,212.75543212890625,509.42401123046875,296.6685791015625,22.222572326660156,45.43767166137695,32.63829803466797,-0.04474327713251114,0.67294842004776
LS_00395,1,success,E:\LandSlide-Prediction\data\terrain\patches\LS_00395.tif,E:\LandSlide-Prediction\data\terrain\contours\LS_00395.png,242.33224487304688,180.6381378173828,377.72930908203125,197.09117126464844,15.757774353027344,35.72773361206055,29.482248306274414,-0.08012238144874573,0.5817950367927551
LS_00398,1,success,E:\LandSlide-Prediction\data\terrain\patches\LS_00398.tif,E:\LandSlide-Prediction\data\terrain\contours\LS_00398.png,407.6856384277344,292.615478515625,535.469970703125,242.8544921875,19.872392654418945,35.38010787963867,30.685264587402344,0.04063129425048828,0.6397190690040588
LS_00399,1,success,E:\LandSlide-Prediction\data\terrain\patches\LS_00399.tif,E:\LandSlide-Prediction\data\terrain\contours\LS_00399.png,337.67486572265625,218.2646484375,511.2836608886719,293.0190124511719,22.983657836914062,40.65730285644531,33.34893798828125,-0.02974199876189232,0.8275637626647949
LS_00406,1,success,E:\LandSlide-Prediction\data\terrain\patches\LS_00406.tif,E:\LandSlide-Prediction\data\terrain\contours\LS_00406.png,257.861572265625,185.0306396484375,374.75579833984375,189.72515869140625,16.91278648376465,36.14918899536133,30.27457618713379,-0.011412430554628372,0.64543217420578
LS_00408,1,success,E:\LandSlide-Prediction\data\terrain\patches\LS_00408.tif,E:\LandSlide-Prediction\data\terrain\contours\LS_00408.png,236.58700561523438,168.744384765625,431.4621276855469,262.7177429199219,18.41975212097168,49.191287994384766,37.35281753540039,0.03119797073304653,0.5278676748275757
LS_00410,1,success,E:\LandSlide-Prediction\data\terrain\patches\LS_00410.tif,E:\LandSlide-Prediction\data\terrain\contours\LS_00410.png,544.364990234375,356.6842346191406,825.5256958007812,468.8414611816406,28.22304344177246,53.32710647583008,44.449859619140625,-0.11303850263357162,1.0924843549728394
LS_00411,1,success,E:\LandSlide-Prediction\data\terrain\patches\LS_00411.tif,E:\LandSlide-Prediction\data\terrain\contours\LS_00411.png,892.6171875,649.8588256835938,1095.581787109375,445.72296142578125,33.297733306884766,57.552947998046875,44.10298156738281,-0.07796196639537811,1.3603777885437012
LS_00412,1,success,E:\LandSlide-Prediction\data\terrain\patches\LS_00412.tif,E:\LandSlide-Prediction\data\terrain\contours\LS_00412.png,567.99658203125,481.3402099609375,710.5216064453125,229.181396484375,19.93236541748047,50.16078186035156,36.17771911621094,0.06487031280994415,0.7264454364776611
LS_00413,1,success,E:\LandSlide-Prediction\data\terrain\patches\LS_00413.tif,E:\LandSlide-Prediction\data\terrain\contours\LS_00413.png,1080.880126953125,811.8219604492188,1392.5018310546875,580.6798706054688,38.500892639160156,58.88850021362305,49.112213134765625,-0.15258032083511353,1.3323806524276733
LS_00414,1,success,E:\LandSlide-Prediction\data\terrain\patches\LS_00414.tif,E:\LandSlide-Prediction\data\terrain\contours\LS_00414.png,628.6906127929688,499.3869323730469,798.3596801757812,298.9727478027344,23.325340270996094,45.52838134765625,36.670692443847656,-0.051760077476501465,0.9321659207344055
LS_00415,1,success,E:\LandSlide-Prediction\data\terrain\patches\LS_00415.tif,E:\LandSlide-Prediction\data\terrain\contours\LS_00415.png,799.3092651367188,682.36083984375,901.5894775390625,219.2286376953125,17.109027862548828,48.95805358886719,29.126338958740234,-0.06454307585954666,0.6101310849189758
LS_00418,1,success,E:\LandSlide-Prediction\data\terrain\patches\LS_00418.tif,E:\LandSlide-Prediction\data\terrain\contours\LS_00418.png,831.76171875,721.468017578125,957.8583374023438,236.39031982421875,19.23257064819336,51.61765670776367,39.54536437988281,0.00034233927726745605,0.7737883925437927
LS_00422,1,success,E:\LandSlide-Prediction\data\terrain\patches\LS_00422.tif,E:\LandSlide-Prediction\data\terrain\contours\LS_00422.png,371.1414794921875,252.7332763671875,505.7482604980469,253.01498413085938,20.407207489013672,34.86652755737305,28.87853240966797,-0.017349692061543465,0.7817272543907166
LS_00423,1,success,E:\LandSlide-Prediction\data\terrain\patches\LS_00423.tif,E:\LandSlide-Prediction\data\terrain\contours\LS_00423.png,570.842041015625,350.2663879394531,843.690185546875,493.4237976074219,31.09079360961914,48.27748489379883,43.37519836425781,0.07998710870742798,0.8825854063034058
LS_00424,1,success,E:\LandSlide-Prediction\data\terrain\patches\LS_00424.tif,E:\LandSlide-Prediction\data\terrain\contours\LS_00424.png,439.0797119140625,341.3245849609375,593.5498657226562,252.22528076171875,20.10906219482422,40.443668365478516,31.150089263916016,0.1355973482131958,0.6088802814483643
LS_00425,1,success,E:\LandSlide-Prediction\data\terrain\patches\LS_00425.tif,E:\LandSlide-Prediction\data\terrain\contours\LS_00425.png,293.15252685546875,240.07579040527344,352.15655517578125,112.08076477050781,15.526505470275879,36.609161376953125,27.05198097229004,0.05238340049982071,0.6686842441558838
LS_00426,1,success,E:\LandSlide-Prediction\data\terrain\patches\LS_00426.tif,E:\LandSlide-Prediction\data\terrain\contours\LS_00426.png,461.4967956542969,347.86199951171875,610.0592651367188,262.197265625,21.829647064208984,42.4978141784668,33.96718215942383,-0.047753944993019104,0.7778764963150024
LS_00427,1,success,E:\LandSlide-Prediction\data\terrain\patches\LS_00427.tif,E:\LandSlide-Prediction\data\terrain\contours\LS_00427.png,493.347412109375,351.6854248046875,640.8448486328125,289.159423828125,19.839021682739258,32.29490661621094,24.60546875,-0.028493497520685196,0.5839352607727051
LS_00428,1,success,E:\LandSlide-Prediction\data\terrain\patches\LS_00428.tif,E:\LandSlide-Prediction\data\terrain\contours\LS_00428.png,390.036376953125,278.4763488769531,545.2855834960938,266.8092346191406,22.20484161376953,40.31111145019531,33.574241638183594,-0.05881251022219658,0.8566223382949829
LS_00429,1,success,E:\LandSlide-Prediction\data\terrain\patches\LS_00429.tif,E:\LandSlide-Prediction\data\terrain\contours\LS_00429.png,1072.9459228515625,953.504150390625,1264.9163818359375,311.4122314453125,21.027206420898438,39.34124755859375,30.983497619628906,0.0662630945444107,0.48920997977256775
LS_00430,1,success,E:\LandSlide-Prediction\data\terrain\patches\LS_00430.tif,E:\LandSlide-Prediction\data\terrain\contours\LS_00430.png,740.731689453125,673.4697875976562,844.9683227539062,171.49853515625,17.123836517333984,34.324928283691406,25.550601959228516,0.015005841851234436,0.6778734922409058
LS_00431,1,success,E:\LandSlide-Prediction\data\terrain\patches\LS_00431.tif,E:\LandSlide-Prediction\data\terrain\contours\LS_00431.png,893.7398681640625,793.8654174804688,1071.0697021484375,277.20428466796875,20.85524559020996,43.78784942626953,29.55709457397461,0.03343784809112549,0.7608858346939087
LS_00432,1,success,E:\LandSlide-Prediction\data\terrain\patches\LS_00432.tif,E:\LandSlide-Prediction\data\terrain\contours\LS_00432.png,772.5384521484375,648.516845703125,922.91748046875,274.400634765625,24.978839874267578,42.31461715698242,34.56713104248047,0.027810994535684586,0.9824206233024597
LS_00435,1,success,E:\LandSlide-Prediction\data\terrain\patches\LS_00435.tif,E:\LandSlide-Prediction\data\terrain\contours\LS_00435.png,791.0087890625,700.8974609375,943.5657958984375,242.6683349609375,23.507200241088867,50.34238815307617,37.79877471923828,-0.005362756550312042,0.9569880962371826
LS_00437,1,success,E:\LandSlide-Prediction\data\terrain\patches\LS_00437.tif,E:\LandSlide-Prediction\data\terrain\contours\LS_00437.png,346.37030029296875,233.67471313476562,501.7823791503906,268.107666015625,22.527677536010742,47.94082260131836,34.79901885986328,0.045954957604408264,0.6368525624275208
LS_00438,1,success,E:\LandSlide-Prediction\data\terrain\patches\LS_00438.tif,E:\LandSlide-Prediction\data\terrain\contours\LS_00438.png,500.69342041015625,315.95074462890625,780.1883544921875,464.23760986328125,31.022157669067383,56.24312210083008,39.31697082519531,0.11061810702085495,0.7257715463638306
LS_00442,1,success,E:\LandSlide-Prediction\data\terrain\patches\LS_00442.tif,E:\LandSlide-Prediction\data\terrain\contours\LS_00442.png,849.655029296875,682.8705444335938,1018.41845703125,335.54791259765625,26.937576293945312,48.73080825805664,37.744171142578125,-0.10791327059268951,1.1267625093460083
LS_00444,1,success,E:\LandSlide-Prediction\data\terrain\patches\LS_00444.tif,E:\LandSlide-Prediction\data\terrain\contours\LS_00444.png,535.0630493164062,386.9454650878906,723.2046508789062,336.2591857910156,26.27216339111328,50.33656692504883,37.77034378051758,-0.06702889502048492,1.1699583530426025
LS_00445,1,success,E:\LandSlide-Prediction\data\terrain\patches\LS_00445.tif,E:\LandSlide-Prediction\data\terrain\contours\LS_00445.png,509.78118896484375,383.26116943359375,687.6815185546875,304.42034912109375,22.491127014160156,44.39881896972656,35.15742874145508,-0.028570977970957756,0.6031496524810791
LS_00446,1,success,E:\LandSlide-Prediction\data\terrain\patches\LS_00446.tif,E:\LandSlide-Prediction\data\terrain\contours\LS_00446.png,588.7491455078125,441.93646240234375,786.3008422851562,344.3643798828125,24.812335968017578,50.836830139160156,36.11933135986328,-0.025783993303775787,1.063942790031433
LS_00448,1,success,E:\LandSlide-Prediction\data\terrain\patches\LS_00448.tif,E:\LandSlide-Prediction\data\terrain\contours\LS_00448.png,737.4586181640625,625.7929077148438,839.182861328125,213.38995361328125,19.96612548828125,43.975799560546875,30.72541046142578,-0.014172527939081192,0.8753634095191956
LS_00449,1,success,E:\LandSlide-Prediction\data\terrain\patches\LS_00449.tif,E:\LandSlide-Prediction\data\terrain\contours\LS_00449.png,477.6561279296875,388.0392761230469,696.0700073242188,308.0307312011719,19.26697540283203,49.90287399291992,36.972625732421875,-0.09210783243179321,0.8742889761924744
LS_00450,1,success,E:\LandSlide-Prediction\data\terrain\patches\LS_00450.tif,E:\LandSlide-Prediction\data\terrain\contours\LS_00450.png,355.29376220703125,241.04922485351562,510.9913635253906,269.942138671875,23.419315338134766,44.41938400268555,36.3226318359375,0.04273989796638489,0.744657576084137
LS_00453,1,success,E:\LandSlide-Prediction\data\terrain\patches\LS_00453.tif,E:\LandSlide-Prediction\data\terrain\contours\LS_00453.png,538.1060791015625,450.6388244628906,637.8681640625,187.22933959960938,18.493423461914062,35.187435150146484,28.038000106811523,0.014421090483665466,0.7871334552764893
LS_00454,1,success,E:\LandSlide-Prediction\data\terrain\patches\LS_00454.tif,E:\LandSlide-Prediction\data\terrain\contours\LS_00454.png,377.08233642578125,236.1505126953125,586.997314453125,350.8468017578125,25.213714599609375,42.013038635253906,34.15480041503906,0.0014688167721033096,0.5589367151260376
LS_00455,1,success,E:\LandSlide-Prediction\data\terrain\patches\LS_00455.tif,E:\LandSlide-Prediction\data\terrain\contours\LS_00455.png,599.1077880859375,349.4633483886719,796.5122680664062,447.0489196777344,29.730106353759766,50.264339447021484,42.700721740722656,0.05716915428638458,0.7846949100494385
LS_00456,1,success,E:\LandSlide-Prediction\data\terrain\patches\LS_00456.tif,E:\LandSlide-Prediction\data\terrain\contours\LS_00456.png,458.2488098144531,322.97344970703125,625.9882202148438,303.0147705078125,22.453651428222656,48.26325988769531,32.228736877441406,-0.05793793871998787,0.8634734749794006
LS_00457,1,success,E:\LandSlide-Prediction\data\terrain\patches\LS_00457.tif,E:\LandSlide-Prediction\data\terrain\contours\LS_00457.png,588.3509521484375,455.1661071777344,773.1876831054688,318.0215759277344,20.21133041381836,42.45043182373047,29.616413116455078,0.06449238210916519,0.6099044680595398
LS_00458,1,success,E:\LandSlide-Prediction\data\terrain\patches\LS_00458.tif,E:\LandSlide-Prediction\data\terrain\contours\LS_00458.png,355.36541748046875,248.0513916015625,511.12408447265625,263.07269287109375,20.866819381713867,42.797950744628906,29.100543975830078,0.057187825441360474,0.8136246204376221
LS_00459,1,success,E:\LandSlide-Prediction\data\terrain\patches\LS_00459.tif,E:\LandSlide-Prediction\data\terrain\contours\LS_00459.png,592.07763671875,445.0769348144531,772.0394897460938,326.9625549316406,23.306171417236328,40.0980224609375,33.53920364379883,0.08571228384971619,0.7610389590263367
LS_00460,1,success,E:\LandSlide-Prediction\data\terrain\patches\LS_00460.tif,E:\LandSlide-Prediction\data\terrain\contours\LS_00460.png,311.4884338378906,177.2102813720703,501.5731506347656,324.36285400390625,24.498371124267578,38.19460678100586,32.91506576538086,0.03803101181983948,0.5559011101722717
LS_00461,1,success,E:\LandSlide-Prediction\data\terrain\patches\LS_00461.tif,E:\LandSlide-Prediction\data\terrain\contours\LS_00461.png,536.4472045898438,303.0367736816406,755.3790893554688,452.3423156738281,27.76757049560547,40.125694274902344,35.83290100097656,-0.06427380442619324,0.8725197315216064
LS_00462,1,success,E:\LandSlide-Prediction\data\terrain\patches\LS_00462.tif,E:\LandSlide-Prediction\data\terrain\contours\LS_00462.png,566.6668701171875,424.9412536621094,684.6654663085938,259.7242126464844,21.88132095336914,47.136714935302734,38.83946228027344,-0.05687364190816879,0.8492308855056763
LS_00463,1,success,E:\LandSlide-Prediction\data\terrain\patches\LS_00463.tif,E:\LandSlide-Prediction\data\terrain\contours\LS_00463.png,326.9189758300781,186.85227966308594,516.0953979492188,329.24310302734375,23.888568878173828,48.09239959716797,31.881534576416016,-0.12161849439144135,0.6933904886245728
LS_00464,1,success,E:\LandSlide-Prediction\data\terrain\patches\LS_00464.tif,E:\LandSlide-Prediction\data\terrain\contours\LS_00464.png,555.6071166992188,400.1981201171875,732.9152221679688,332.71710205078125,25.43419075012207,46.64719772338867,33.90813446044922,-0.08244691789150238,1.021262764930725
LS_00466,1,success,E:\LandSlide-Prediction\data\terrain\patches\LS_00466.tif,E:\LandSlide-Prediction\data\terrain\contours\LS_00466.png,275.5373229980469,196.03875732421875,458.3236083984375,262.28485107421875,19.26302719116211,37.74958038330078,31.72780990600586,0.02516227588057518,0.7577412724494934
LS_00467,1,success,E:\LandSlide-Prediction\data\terrain\patches\LS_00467.tif,E:\LandSlide-Prediction\data\terrain\contours\LS_00467.png,250.79049682617188,194.0426483154297,354.6769104003906,160.63426208496094,15.410942077636719,30.674436569213867,25.514698028564453,-0.0428801067173481,0.5731970071792603
LS_00468,1,success,E:\LandSlide-Prediction\data\terrain\patches\LS_00468.tif,E:\LandSlide-Prediction\data\terrain\contours\LS_00468.png,308.6966552734375,201.24362182617188,441.9206848144531,240.67706298828125,18.64666748046875,34.7500114440918,25.872852325439453,0.05927683785557747,0.6557179689407349
LS_00469,1,success,E:\LandSlide-Prediction\data\terrain\patches\LS_00469.tif,E:\LandSlide-Prediction\data\terrain\contours\LS_00469.png,449.4234924316406,294.57391357421875,647.4937744140625,352.91986083984375,27.710426330566406,50.02726745605469,39.52362060546875,0.05683176964521408,0.7504723072052002
LS_00470,1,success,E:\LandSlide-Prediction\data\terrain\patches\LS_00470.tif,E:\LandSlide-Prediction\data\terrain\contours\LS_00470.png,341.6739807128906,216.1975555419922,549.7195434570312,333.52197265625,21.872520446777344,42.413734436035156,29.282028198242188,0.01781807839870453,0.5422683358192444
LS_00471,1,success,E:\LandSlide-Prediction\data\terrain\patches\LS_00471.tif,E:\LandSlide-Prediction\data\terrain\contours\LS_00471.png,612.07080078125,495.28924560546875,704.2650756835938,208.975830078125,19.66290283203125,38.059749603271484,28.8238525390625,0.017767226323485374,0.7248440384864807
LS_00472,1,success,E:\LandSlide-Prediction\data\terrain\patches\LS_00472.tif,E:\LandSlide-Prediction\data\terrain\contours\LS_00472.png,607.26318359375,501.73736572265625,711.1770629882812,209.439697265625,17.068098068237305,36.85581588745117,27.516071319580078,-0.0020582489669322968,0.7331653833389282
LS_00473,1,success,E:\LandSlide-Prediction\data\terrain\patches\LS_00473.tif,E:\LandSlide-Prediction\data\terrain\contours\LS_00473.png,626.5863037109375,552.506103515625,707.6736450195312,155.16754150390625,15.994621276855469,33.052494049072266,27.33777618408203,0.038264110684394836,0.6502071022987366
LS_00475,1,success,E:\LandSlide-Prediction\data\terrain\patches\LS_00475.tif,E:\LandSlide-Prediction\data\terrain\contours\LS_00475.png,681.1749877929688,592.2347412109375,772.2203369140625,179.985595703125,17.13882827758789,34.91493225097656,28.41130828857422,0.011899620294570923,0.7290001511573792
LS_00476,1,success,E:\LandSlide-Prediction\data\terrain\patches\LS_00476.tif,E:\LandSlide-Prediction\data\terrain\contours\LS_00476.png,654.9610595703125,508.8045349121094,837.9074096679688,329.1028747558594,22.35116958618164,48.596405029296875,36.33808517456055,-0.024404380470514297,0.8903810381889343
LS_00478,1,success,E:\LandSlide-Prediction\data\terrain\patches\LS_00478.tif,E:\LandSlide-Prediction\data\terrain\contours\LS_00478.png,507.514404296875,346.1428527832031,813.1123657226562,466.9695129394531,26.459487915039062,52.92560958862305,42.906951904296875,0.06715406477451324,0.928031861782074
LS_00481,1,success,E:\LandSlide-Prediction\data\terrain\patches\LS_00481.tif,E:\LandSlide-Prediction\data\terrain\contours\LS_00481.png,759.7149658203125,672.4646606445312,874.8294067382812,202.36474609375,18.045259475708008,43.36028289794922,31.39031219482422,-0.0017252564430236816,0.7957813143730164
LS_00483,1,success,E:\LandSlide-Prediction\data\terrain\patches\LS_00483.tif,E:\LandSlide-Prediction\data\terrain\contours\LS_00483.png,524.7644653320312,381.8320007324219,700.7764892578125,318.9444885253906,24.62744140625,36.804744720458984,30.55855941772461,0.026030443608760834,0.8016852140426636
LS_00487,1,success,E:\LandSlide-Prediction\data\terrain\patches\LS_00487.tif,E:\LandSlide-Prediction\data\terrain\contours\LS_00487.png,412.7208251953125,265.1518249511719,616.5979614257812,351.4461364746094,25.240337371826172,41.10344314575195,33.28382110595703,-0.020845353603363037,0.7174319624900818
LS_00489,1,success,E:\LandSlide-Prediction\data\terrain\patches\LS_00489.tif,E:\LandSlide-Prediction\data\terrain\contours\LS_00489.png,327.0315856933594,221.30906677246094,511.76336669921875,290.45428466796875,22.58216667175293,41.757144927978516,32.42023468017578,0.05516821891069412,0.7583785653114319
LS_00490,1,success,E:\LandSlide-Prediction\data\terrain\patches\LS_00490.tif,E:\LandSlide-Prediction\data\terrain\contours\LS_00490.png,239.44610595703125,191.14828491210938,330.4510192871094,139.302734375,14.967378616333008,29.010175704956055,23.151472091674805,0.0018628407269716263,0.6883817315101624
LS_00491,1,success,E:\LandSlide-Prediction\data\terrain\patches\LS_00491.tif,E:\LandSlide-Prediction\data\terrain\contours\LS_00491.png,418.60443115234375,315.6085510253906,604.4710693359375,288.8625183105469,23.174259185791016,39.728858947753906,32.767757415771484,0.03528851270675659,0.850080132484436
LS_00492,1,success,E:\LandSlide-Prediction\data\terrain\patches\LS_00492.tif,E:\LandSlide-Prediction\data\terrain\contours\LS_00492.png,784.440673828125,606.0738525390625,966.4672241210938,360.39337158203125,24.5069580078125,42.09104537963867,34.895992279052734,0.0623280331492424,0.8090834617614746
LS_00493,1,success,E:\LandSlide-Prediction\data\terrain\patches\LS_00493.tif,E:\LandSlide-Prediction\data\terrain\contours\LS_00493.png,657.191650390625,484.330078125,841.7113037109375,357.3812255859375,26.956899642944336,48.12289810180664,38.11711502075195,-0.012794837355613708,1.2191253900527954
LS_00498,1,success,E:\LandSlide-Prediction\data\terrain\patches\LS_00498.tif,E:\LandSlide-Prediction\data\terrain\contours\LS_00498.png,733.257080078125,587.6615600585938,888.03662109375,300.37506103515625,22.42974853515625,49.76053237915039,31.564945220947266,-0.02187012881040573,1.0450080633163452
LS_00501,1,success,E:\LandSlide-Prediction\data\terrain\patches\LS_00501.tif,E:\LandSlide-Prediction\data\terrain\contours\LS_00501.png,827.5057373046875,758.3002319335938,937.2470703125,178.94683837890625,20.899784088134766,40.264583587646484,31.14181900024414,0.07398929446935654,0.8239207863807678
LS_00503,1,success,E:\LandSlide-Prediction\data\terrain\patches\LS_00503.tif,E:\LandSlide-Prediction\data\terrain\contours\LS_00503.png,955.4776000976562,853.8060913085938,1074.235595703125,220.42950439453125,20.91549301147461,41.062747955322266,31.338706970214844,0.10059875249862671,0.9073747396469116
LS_00506,1,success,E:\LandSlide-Prediction\data\terrain\patches\LS_00506.tif,E:\LandSlide-Prediction\data\terrain\contours\LS_00506.png,703.0411376953125,563.5169067382812,828.4950561523438,264.9781494140625,23.353918075561523,45.03762435913086,33.73332977294922,-0.004838448017835617,1.0019596815109253
LS_00507,1,success,E:\LandSlide-Prediction\data\terrain\patches\LS_00507.tif,E:\LandSlide-Prediction\data\terrain\contours\LS_00507.png,504.45477294921875,403.9795227050781,622.6968994140625,218.71737670898438,23.54696273803711,44.16897964477539,33.511688232421875,0.0193164199590683,0.9880394339561462
LS_00508,1,success,E:\LandSlide-Prediction\data\terrain\patches\LS_00508.tif,E:\LandSlide-Prediction\data\terrain\contours\LS_00508.png,799.5730590820312,667.4938354492188,949.7516479492188,282.2578125,23.694416046142578,56.8795051574707,38.78831481933594,0.048948876559734344,1.3273416757583618
LS_00511,1,success,E:\LandSlide-Prediction\data\terrain\patches\LS_00511.tif,E:\LandSlide-Prediction\data\terrain\contours\LS_00511.png,475.96099853515625,335.68646240234375,690.9227294921875,355.23626708984375,27.869544982910156,50.95262908935547,42.49285888671875,0.0016331449151039124,1.2045260667800903
LS_00512,1,success,E:\LandSlide-Prediction\data\terrain\patches\LS_00512.tif,E:\LandSlide-Prediction\data\terrain\contours\LS_00512.png,688.8204345703125,466.01715087890625,960.007568359375,493.99041748046875,31.483196258544922,63.79682540893555,51.15778350830078,0.13348305225372314,1.3641825914382935
LS_00514,1,success,E:\LandSlide-Prediction\data\terrain\patches\LS_00514.tif,E:\LandSlide-Prediction\data\terrain\contours\LS_00514.png,583.663818359375,406.2921447753906,776.350341796875,370.0581970214844,26.657106399536133,60.39326858520508,39.963035583496094,0.11927849054336548,0.8737345337867737
LS_00515,1,success,E:\LandSlide-Prediction\data\terrain\patches\LS_00515.tif,E:\LandSlide-Prediction\data\terrain\contours\LS_00515.png,572.2743530273438,439.4798583984375,731.1124877929688,291.63262939453125,24.60676383972168,51.30189514160156,34.988765716552734,0.04860323294997215,0.9412249326705933
LS_00516,1,success,E:\LandSlide-Prediction\data\terrain\patches\LS_00516.tif,E:\LandSlide-Prediction\data\terrain\contours\LS_00516.png,716.2400512695312,575.6989135742188,890.2054443359375,314.50653076171875,23.439434051513672,40.36369323730469,30.237239837646484,0.11477956175804138,0.5787364840507507
LS_00520,1,success,E:\LandSlide-Prediction\data\terrain\patches\LS_00520.tif,E:\LandSlide-Prediction\data\terrain\contours\LS_00520.png,594.9036254882812,457.1352844238281,759.1708984375,302.0356140136719,23.219114303588867,46.82093048095703,32.306549072265625,0.09588196873664856,0.8647607564926147
LS_00521,1,success,E:\LandSlide-Prediction\data\terrain\patches\LS_00521.tif,E:\LandSlide-Prediction\data\terrain\contours\LS_00521.png,570.5211181640625,483.4006652832031,744.569091796875,261.1684265136719,23.614845275878906,43.75735092163086,34.399208068847656,0.0928838923573494,0.8386304974555969
LS_00522,1,success,E:\LandSlide-Prediction\data\terrain\patches\LS_00522.tif,E:\LandSlide-Prediction\data\terrain\contours\LS_00522.png,773.6094360351562,658.0006713867188,883.02880859375,225.02813720703125,22.74993133544922,42.73133850097656,34.82831573486328,-0.016147121787071228,0.7932476997375488
LS_00524,1,success,E:\LandSlide-Prediction\data\terrain\patches\LS_00524.tif,E:\LandSlide-Prediction\data\terrain\contours\LS_00524.png,535.0584106445312,424.1651306152344,690.581787109375,266.4166564941406,21.180023193359375,39.84494400024414,30.25935173034668,0.08223865181207657,0.7797979712486267
LS_00525,1,success,E:\LandSlide-Prediction\data\terrain\patches\LS_00525.tif,E:\LandSlide-Prediction\data\terrain\contours\LS_00525.png,666.4212036132812,534.194580078125,883.33984375,349.145263671875,30.00316619873047,55.27225875854492,40.88396453857422,0.08092401921749115,1.1448194980621338
LS_00526,1,success,E:\LandSlide-Prediction\data\terrain\patches\LS_00526.tif,E:\LandSlide-Prediction\data\terrain\contours\LS_00526.png,1060.109619140625,894.5029907226562,1226.1578369140625,331.65484619140625,25.530780792236328,44.74375915527344,37.666969299316406,-0.03951135650277138,1.148226261138916
LS_00527,1,success,E:\LandSlide-Prediction\data\terrain\patches\LS_00527.tif,E:\LandSlide-Prediction\data\terrain\contours\LS_00527.png,910.01513671875,818.6183471679688,1009.2784423828125,190.66009521484375,18.59416961669922,38.80413818359375,28.08859634399414,0.011230096220970154,0.8568674921989441
LS_00528,1,success,E:\LandSlide-Prediction\data\terrain\patches\LS_00528.tif,E:\LandSlide-Prediction\data\terrain\contours\LS_00528.png,815.9918212890625,565.9891357421875,1028.4945068359375,462.50537109375,32.874019622802734,58.32813262939453,46.05819320678711,-0.1518036127090454,1.104398488998413
LS_00530,1,success,E:\LandSlide-Prediction\data\terrain\patches\LS_00530.tif,E:\LandSlide-Prediction\data\terrain\contours\LS_00530.png,733.585693359375,607.9012451171875,1011.5238037109375,403.62255859375,25.780380249023438,54.19743728637695,42.77925109863281,-0.06350992619991302,1.0504916906356812
LS_00532,1,success,E:\LandSlide-Prediction\data\terrain\patches\LS_00532.tif,E:\LandSlide-Prediction\data\terrain\contours\LS_00532.png,675.4691772460938,467.8114013671875,1055.531494140625,587.7200927734375,36.116737365722656,61.65777587890625,55.04571533203125,-0.10785026103258133,1.4715956449508667
LS_00533,1,success,E:\LandSlide-Prediction\data\terrain\patches\LS_00533.tif,E:\LandSlide-Prediction\data\terrain\contours\LS_00533.png,382.0445251464844,264.30584716796875,509.27191162109375,244.966064453125,19.456378936767578,42.964576721191406,29.978151321411133,-0.0315721333026886,0.7677342295646667
LS_00534,1,success,E:\LandSlide-Prediction\data\terrain\patches\LS_00534.tif,E:\LandSlide-Prediction\data\terrain\contours\LS_00534.png,274.876220703125,157.86839294433594,389.08978271484375,231.2213897705078,21.471895217895508,47.30339813232422,31.592729568481445,0.025595031678676605,0.7720970511436462
LS_00535,1,success,E:\LandSlide-Prediction\data\terrain\patches\LS_00535.tif,E:\LandSlide-Prediction\data\terrain\contours\LS_00535.png,237.41763305664062,185.13577270507812,305.4129943847656,120.2772216796875,17.11202621459961,38.06462478637695,26.341947555541992,0.007947387173771858,0.8000540137290955
LS_00536,1,success,E:\LandSlide-Prediction\data\terrain\patches\LS_00536.tif,E:\LandSlide-Prediction\data\terrain\contours\LS_00536.png,762.8522338867188,634.7800903320312,911.77197265625,276.99188232421875,26.01991081237793,59.89894485473633,40.98467254638672,0.019803650677204132,0.990508496761322
LS_00538,1,success,E:\LandSlide-Prediction\data\terrain\patches\LS_00538.tif,E:\LandSlide-Prediction\data\terrain\contours\LS_00538.png,724.6605834960938,642.7562866210938,844.1295166015625,201.37322998046875,19.651500701904297,46.13652038574219,32.663414001464844,-0.00147295743227005,0.8524169325828552
LS_00539,1,success,E:\LandSlide-Prediction\data\terrain\patches\LS_00539.tif,E:\LandSlide-Prediction\data\terrain\contours\LS_00539.png,733.2501831054688,693.7224731445312,808.193115234375,114.47064208984375,16.754684448242188,33.819602966308594,25.92919158935547,-0.006935149431228638,0.8459334373474121
LS_00541,1,success,E:\LandSlide-Prediction\data\terrain\patches\LS_00541.tif,E:\LandSlide-Prediction\data\terrain\contours\LS_00541.png,750.0737915039062,663.7076416015625,844.1589965820312,180.45135498046875,20.629291534423828,34.8005256652832,29.946880340576172,0.11347663402557373,0.9419074654579163
LS_00543,1,success,E:\LandSlide-Prediction\data\terrain\patches\LS_00543.tif,E:\LandSlide-Prediction\data\terrain\contours\LS_00543.png,662.2448120117188,582.3002319335938,788.7269897460938,206.4267578125,22.482891082763672,40.94929122924805,32.23490524291992,0.022898253053426743,0.9725810885429382
LS_00545,1,success,E:\LandSlide-Prediction\data\terrain\patches\LS_00545.tif,E:\LandSlide-Prediction\data\terrain\contours\LS_00545.png,499.05126953125,483.0016174316406,555.2371215820312,72.23550415039062,6.297738075256348,23.910139083862305,14.437492370605469,0.012496253475546837,0.35347217321395874
LS_00546,1,success,E:\LandSlide-Prediction\data\terrain\patches\LS_00546.tif,E:\LandSlide-Prediction\data\terrain\contours\LS_00546.png,755.5982055664062,526.6402587890625,993.5214233398438,466.88116455078125,30.69904136657715,47.01649475097656,37.65574264526367,-0.12109096348285675,0.736503541469574
LS_00547,1,success,E:\LandSlide-Prediction\data\terrain\patches\LS_00547.tif,E:\LandSlide-Prediction\data\terrain\contours\LS_00547.png,687.3143310546875,601.154052734375,810.555419921875,209.4013671875,19.70780372619629,34.421661376953125,28.95802116394043,0.06278026103973389,0.8532595634460449
LS_00549,1,success,E:\LandSlide-Prediction\data\terrain\patches\LS_00549.tif,E:\LandSlide-Prediction\data\terrain\contours\LS_00549.png,585.899658203125,526.5700073242188,669.1270141601562,142.5570068359375,17.208097457885742,35.40874481201172,26.849594116210938,0.08740314841270447,0.8879497051239014
LS_00553,1,success,E:\LandSlide-Prediction\data\terrain\patches\LS_00553.tif,E:\LandSlide-Prediction\data\terrain\contours\LS_00553.png,392.8304138183594,283.826171875,527.8242797851562,243.99810791015625,19.052339553833008,33.58098220825195,26.416351318359375,0.01528334990143776,0.9170401692390442
LS_00554,1,success,E:\LandSlide-Prediction\data\terrain\patches\LS_00554.tif,E:\LandSlide-Prediction\data\terrain\contours\LS_00554.png,592.2661743164062,514.3361206054688,697.811279296875,183.47515869140625,19.67466926574707,41.26686477661133,30.477506637573242,-0.05257003381848335,0.8103803992271423
LS_00555,1,success,E:\LandSlide-Prediction\data\terrain\patches\LS_00555.tif,E:\LandSlide-Prediction\data\terrain\contours\LS_00555.png,361.45556640625,260.1959228515625,500.99493408203125,240.79901123046875,18.800437927246094,37.91320037841797,26.733139038085938,0.040817536413669586,0.8467956781387329
LS_00556,1,success,E:\LandSlide-Prediction\data\terrain\patches\LS_00556.tif,E:\LandSlide-Prediction\data\terrain\contours\LS_00556.png,446.16729736328125,284.6348571777344,641.4221801757812,356.7873229980469,27.48830795288086,51.60447692871094,37.91361618041992,-0.014318950474262238,1.12057626247406
LS_00557,1,success,E:\LandSlide-Prediction\data\terrain\patches\LS_00557.tif,E:\LandSlide-Prediction\data\terrain\contours\LS_00557.png,451.30999755859375,246.12728881835938,664.7731323242188,418.6458435058594,30.96984100341797,56.72079849243164,46.647010803222656,0.0259382463991642,1.032444953918457
LS_00558,1,success,E:\LandSlide-Prediction\data\terrain\patches\LS_00558.tif,E:\LandSlide-Prediction\data\terrain\contours\LS_00558.png,340.9638671875,204.34532165527344,563.8355712890625,359.490234375,24.534748077392578,44.2330436706543,33.815147399902344,0.04886963218450546,0.9379191994667053
LS_00559,1,success,E:\LandSlide-Prediction\data\terrain\patches\LS_00559.tif,E:\LandSlide-Prediction\data\terrain\contours\LS_00559.png,592.78515625,516.9563598632812,679.3945922851562,162.438232421875,17.14508819580078,33.02695083618164,26.717348098754883,-0.06635133922100067,0.8127334713935852
LS_00560,1,success,E:\LandSlide-Prediction\data\terrain\patches\LS_00560.tif,E:\LandSlide-Prediction\data\terrain\contours\LS_00560.png,605.63916015625,453.5411682128906,760.2465209960938,306.7053527832031,21.505346298217773,42.8341064453125,30.680904388427734,0.004122689366340637,0.8430227041244507
LS_00561,1,success,E:\LandSlide-Prediction\data\terrain\patches\LS_00561.tif,E:\LandSlide-Prediction\data\terrain\contours\LS_00561.png,592.0499267578125,350.6627197265625,809.5926513671875,458.929931640625,29.415294647216797,46.78388595581055,39.553504943847656,0.04683107137680054,0.8072856664657593
LS_00563,1,success,E:\LandSlide-Prediction\data\terrain\patches\LS_00563.tif,E:\LandSlide-Prediction\data\terrain\contours\LS_00563.png,439.14569091796875,291.5335693359375,636.8248901367188,345.29132080078125,26.202342987060547,41.33774185180664,34.978515625,0.06589242070913315,0.8490109443664551
LS_00565,1,success,E:\LandSlide-Prediction\data\terrain\patches\LS_00565.tif,E:\LandSlide-Prediction\data\terrain\contours\LS_00565.png,611.2980346679688,486.61737060546875,711.2271118164062,224.6097412109375,21.744258880615234,46.59219741821289,33.73851013183594,0.01439562439918518,0.8898195624351501
LS_00566,1,success,E:\LandSlide-Prediction\data\terrain\patches\LS_00566.tif,E:\LandSlide-Prediction\data\terrain\contours\LS_00566.png,196.2296600341797,142.65699768066406,273.685546875,131.02854919433594,17.557891845703125,38.81370162963867,26.683807373046875,0.04312147945165634,0.770883321762085
LS_00567,1,success,E:\LandSlide-Prediction\data\terrain\patches\LS_00567.tif,E:\LandSlide-Prediction\data\terrain\contours\LS_00567.png,136.90728759765625,92.0353775024414,214.54747009277344,122.51209259033203,14.507537841796875,35.52360534667969,24.792264938354492,0.08456273376941681,0.6860750913619995
LS_00568,1,success,E:\LandSlide-Prediction\data\terrain\patches\LS_00568.tif,E:\LandSlide-Prediction\data\terrain\contours\LS_00568.png,236.37478637695312,135.07142639160156,472.430419921875,337.3590087890625,18.610769271850586,54.45693588256836,30.639509201049805,-0.017741762101650238,0.941075325012207
LS_00569,1,success,E:\LandSlide-Prediction\data\terrain\patches\LS_00569.tif,E:\LandSlide-Prediction\data\terrain\contours\LS_00569.png,199.3820343017578,136.9241943359375,286.751953125,149.8277587890625,14.69771957397461,34.28157424926758,23.999340057373047,0.004068965092301369,0.7448158860206604
LS_00570,1,success,E:\LandSlide-Prediction\data\terrain\patches\LS_00570.tif,E:\LandSlide-Prediction\data\terrain\contours\LS_00570.png,150.15362548828125,101.35993194580078,228.6753692626953,127.31543731689453,15.968267440795898,34.479896545410156,25.93166160583496,0.07720208168029785,0.7928287982940674
LS_00571,1,success,E:\LandSlide-Prediction\data\terrain\patches\LS_00571.tif,E:\LandSlide-Prediction\data\terrain\contours\LS_00571.png,431.55633544921875,353.8177795410156,533.1519775390625,179.33419799804688,21.465301513671875,39.449127197265625,33.07562255859375,0.08663803339004517,0.8096453547477722
LS_00572,1,success,E:\LandSlide-Prediction\data\terrain\patches\LS_00572.tif,E:\LandSlide-Prediction\data\terrain\contours\LS_00572.png,370.82757568359375,290.7616882324219,513.5202026367188,222.75851440429688,23.679264068603516,44.0048828125,36.60035705566406,0.0637858435511589,0.9613645672798157
LS_00574,1,success,E:\LandSlide-Prediction\data\terrain\patches\LS_00574.tif,E:\LandSlide-Prediction\data\terrain\contours\LS_00574.png,377.9105529785156,185.6284637451172,599.7320556640625,414.10357666015625,28.55298614501953,43.81692123413086,36.31830978393555,-0.10681623220443726,0.8538467884063721
LS_00575,1,success,E:\LandSlide-Prediction\data\terrain\patches\LS_00575.tif,E:\LandSlide-Prediction\data\terrain\contours\LS_00575.png,265.83392333984375,163.66769409179688,522.8402099609375,359.1725158691406,22.162799835205078,44.79546356201172,35.91965866088867,0.009271539747714996,0.7603369951248169
LS_00578,1,success,E:\LandSlide-Prediction\data\terrain\patches\LS_00578.tif,E:\LandSlide-Prediction\data\terrain\contours\LS_00578.png,266.8792724609375,165.70123291015625,385.6455078125,219.94427490234375,19.67790412902832,37.20341873168945,30.068761825561523,-0.01738184317946434,0.7668509483337402
LS_00580,1,success,E:\LandSlide-Prediction\data\terrain\patches\LS_00580.tif,E:\LandSlide-Prediction\data\terrain\contours\LS_00580.png,224.11370849609375,155.96710205078125,363.3853759765625,207.41827392578125,16.25,41.66514587402344,29.265491485595703,0.06594333052635193,0.5436455607414246
LS_00582,1,success,E:\LandSlide-Prediction\data\terrain\patches\LS_00582.tif,E:\LandSlide-Prediction\data\terrain\contours\LS_00582.png,346.0717468261719,242.24424743652344,457.7966003417969,215.55235290527344,19.505775451660156,33.80717849731445,26.024761199951172,0.07360565662384033,0.671258807182312
LS_00584,1,success,E:\LandSlide-Prediction\data\terrain\patches\LS_00584.tif,E:\LandSlide-Prediction\data\terrain\contours\LS_00584.png,294.58740234375,203.73403930664062,355.31231689453125,151.57827758789062,17.94744873046875,39.16343688964844,29.001672744750977,-0.0818181037902832,0.7822083830833435
LS_00587,1,success,E:\LandSlide-Prediction\data\terrain\patches\LS_00587.tif,E:\LandSlide-Prediction\data\terrain\contours\LS_00587.png,206.8201141357422,166.0323944091797,274.87396240234375,108.84156799316406,11.665719985961914,30.579683303833008,20.713150024414062,0.02174410969018936,0.6659237742424011
LS_00590,1,success,E:\LandSlide-Prediction\data\terrain\patches\LS_00590.tif,E:\LandSlide-Prediction\data\terrain\contours\LS_00590.png,1962.7374267578125,1794.3533935546875,2060.946533203125,266.5931396484375,23.5610294342041,41.956783294677734,34.15966796875,-0.0034173503518104553,0.8788606524467468
LS_00592,1,success,E:\LandSlide-Prediction\data\terrain\patches\LS_00592.tif,E:\LandSlide-Prediction\data\terrain\contours\LS_00592.png,1351.162841796875,1254.3111572265625,1570.0709228515625,315.759765625,20.87672233581543,46.85316467285156,38.96830368041992,0.05170777440071106,0.8146481513977051
LS_00596,1,success,E:\LandSlide-Prediction\data\terrain\patches\LS_00596.tif,E:\LandSlide-Prediction\data\terrain\contours\LS_00596.png,1530.85009765625,1426.77685546875,1748.13623046875,321.359375,20.108760833740234,48.35213088989258,34.033607482910156,0.08658315241336823,0.658801794052124
LS_00597,1,success,E:\LandSlide-Prediction\data\terrain\patches\LS_00597.tif,E:\LandSlide-Prediction\data\terrain\contours\LS_00597.png,1491.806396484375,1415.4263916015625,1591.6334228515625,176.20703125,13.298534393310547,31.328805923461914,19.929515838623047,0.04792763292789459,0.557711660861969
LS_00598,1,success,E:\LandSlide-Prediction\data\terrain\patches\LS_00598.tif,E:\LandSlide-Prediction\data\terrain\contours\LS_00598.png,1823.003662109375,1701.591552734375,1978.5782470703125,276.9866943359375,24.182159423828125,49.22249221801758,38.16468811035156,-0.006980858743190765,1.0122499465942383
LS_00600,1,success,E:\LandSlide-Prediction\data\terrain\patches\LS_00600.tif,E:\LandSlide-Prediction\data\terrain\contours\LS_00600.png,1203.1109619140625,1073.6676025390625,1344.6480712890625,270.98046875,20.417919158935547,50.18938064575195,38.245826721191406,0.051196709275245667,0.9470033645629883
LS_00601,1,success,E:\LandSlide-Prediction\data\terrain\patches\LS_00601.tif,E:\LandSlide-Prediction\data\terrain\contours\LS_00601.png,1267.96484375,1072.05615234375,1358.601806640625,286.545654296875,18.407682418823242,46.9555778503418,31.131813049316406,-0.006698533892631531,0.6582725644111633
LS_00603,1,success,E:\LandSlide-Prediction\data\terrain\patches\LS_00603.tif,E:\LandSlide-Prediction\data\terrain\contours\LS_00603.png,2084.080078125,1979.391357421875,2198.78662109375,219.395263671875,18.96784019470215,42.61936569213867,33.366111755371094,-0.027934901416301727,0.7949905395507812
LS_00614,1,success,E:\LandSlide-Prediction\data\terrain\patches\LS_00614.tif,E:\LandSlide-Prediction\data\terrain\contours\LS_00614.png,1633.592529296875,1440.1363525390625,2048.9990234375,608.8626708984375,34.92315673828125,58.04452133178711,49.47416305541992,0.029882900416851044,1.2350643873214722
LS_00616,1,success,E:\LandSlide-Prediction\data\terrain\patches\LS_00616.tif,E:\LandSlide-Prediction\data\terrain\contours\LS_00616.png,1874.72021484375,1733.7523193359375,1968.154296875,234.4019775390625,17.859886169433594,27.961780548095703,23.435932159423828,-0.01331501454114914,0.6812647581100464
LS_00617,1,success,E:\LandSlide-Prediction\data\terrain\patches\LS_00617.tif,E:\LandSlide-Prediction\data\terrain\contours\LS_00617.png,1677.33740234375,1598.3948974609375,1794.312744140625,195.9178466796875,16.038278579711914,38.76811981201172,22.823875427246094,0.00479290634393692,0.687781572341919
LS_00618,1,success,E:\LandSlide-Prediction\data\terrain\patches\LS_00618.tif,E:\LandSlide-Prediction\data\terrain\contours\LS_00618.png,1916.2884521484375,1765.9945068359375,2001.9320068359375,235.9375,18.98996353149414,43.44240188598633,29.146949768066406,0.027596935629844666,0.9467489719390869
LS_00624,1,success,E:\LandSlide-Prediction\data\terrain\patches\LS_00624.tif,E:\LandSlide-Prediction\data\terrain\contours\LS_00624.png,1956.294189453125,1766.25341796875,2080.881103515625,314.627685546875,27.64520835876465,55.37498474121094,45.77833938598633,0.0307711660861969,1.0995922088623047
LS_00627,1,success,E:\LandSlide-Prediction\data\terrain\patches\LS_00627.tif,E:\LandSlide-Prediction\data\terrain\contours\LS_00627.png,1845.71533203125,1644.318115234375,1974.368408203125,330.05029296875,28.173858642578125,48.322444915771484,40.44790267944336,-0.05420501530170441,1.097815752029419
LS_00629,1,success,E:\LandSlide-Prediction\data\terrain\patches\LS_00629.tif,E:\LandSlide-Prediction\data\terrain\contours\LS_00629.png,1717.214111328125,1490.6668701171875,1994.4541015625,503.7872314453125,33.3500862121582,48.84211349487305,43.25856399536133,-0.1054515540599823,0.9922311305999756
LS_00630,1,success,E:\LandSlide-Prediction\data\terrain\patches\LS_00630.tif,E:\LandSlide-Prediction\data\terrain\contours\LS_00630.png,1365.166748046875,1285.1514892578125,1557.857177734375,272.7056884765625,16.86542510986328,48.30051803588867,34.55373764038086,0.12516775727272034,0.5444715619087219
LS_00632,1,success,E:\LandSlide-Prediction\data\terrain\patches\LS_00632.tif,E:\LandSlide-Prediction\data\terrain\contours\LS_00632.png,1481.78076171875,1415.1151123046875,1539.915771484375,124.8006591796875,16.79765510559082,38.27687454223633,24.718568801879883,-0.049456886947155,0.7398574352264404
LS_00633,1,success,E:\LandSlide-Prediction\data\terrain\patches\LS_00633.tif,E:\LandSlide-Prediction\data\terrain\contours\LS_00633.png,109.09547424316406,34.09672164916992,240.56153869628906,206.46481323242188,19.174667358398438,43.65711975097656,28.661514282226562,0.02384079247713089,0.9613927006721497
LS_00635,1,success,E:\LandSlide-Prediction\data\terrain\patches\LS_00635.tif,E:\LandSlide-Prediction\data\terrain\contours\LS_00635.png,409.9260559082031,291.8117980957031,505.2737121582031,213.4619140625,17.63016128540039,41.570125579833984,27.605724334716797,0.014192420989274979,0.6592607498168945
LS_00636,1,success,E:\LandSlide-Prediction\data\terrain\patches\LS_00636.tif,E:\LandSlide-Prediction\data\terrain\contours\LS_00636.png,424.21649169921875,319.3487854003906,524.1823120117188,204.83352661132812,25.97735023498535,40.278587341308594,35.75730895996094,0.026769621297717094,0.8700281977653503
LS_00638,1,success,E:\LandSlide-Prediction\data\terrain\patches\LS_00638.tif,E:\LandSlide-Prediction\data\terrain\contours\LS_00638.png,423.708251953125,350.7279357910156,529.4381713867188,178.71023559570312,17.86456298828125,34.992610931396484,28.49642562866211,-0.007198525592684746,0.5704519748687744
LS_00642,1,success,E:\LandSlide-Prediction\data\terrain\patches\LS_00642.tif,E:\LandSlide-Prediction\data\terrain\contours\LS_00642.png,531.075439453125,451.3348693847656,629.3576049804688,178.02273559570312,17.27212905883789,33.083980560302734,25.457408905029297,-0.016059424728155136,0.6078433394432068
LS_00643,1,success,E:\LandSlide-Prediction\data\terrain\patches\LS_00643.tif,E:\LandSlide-Prediction\data\terrain\contours\LS_00643.png,781.4638061523438,726.8399047851562,828.4960327148438,101.6561279296875,9.638162612915039,20.810922622680664,15.488363265991211,-0.02971000224351883,0.43668967485427856
LS_00648,1,success,E:\LandSlide-Prediction\data\terrain\patches\LS_00648.tif,E:\LandSlide-Prediction\data\terrain\contours\LS_00648.png,829.8074951171875,626.3173217773438,1028.1568603515625,401.83953857421875,30.956275939941406,57.45478439331055,44.00218200683594,0.04901549592614174,1.0657728910446167
LS_00654,1,success,E:\LandSlide-Prediction\data\terrain\patches\LS_00654.tif,E:\LandSlide-Prediction\data\terrain\contours\LS_00654.png,823.9073486328125,628.758056640625,996.29248046875,367.534423828125,22.523948669433594,48.87089538574219,32.90634536743164,-0.08945479989051819,0.8131824135780334
LS_00656,1,success,E:\LandSlide-Prediction\data\terrain\patches\LS_00656.tif,E:\LandSlide-Prediction\data\terrain\contours\LS_00656.png,833.859619140625,761.3603515625,990.3164672851562,228.95611572265625,19.201635360717773,57.18110656738281,40.62413787841797,-0.03063519299030304,1.0602082014083862
LS_00663,1,success,E:\LandSlide-Prediction\data\terrain\patches\LS_00663.tif,E:\LandSlide-Prediction\data\terrain\contours\LS_00663.png,503.2032165527344,412.6450500488281,679.3287353515625,266.6836853027344,17.6197509765625,46.33340072631836,30.345016479492188,0.09005120396614075,0.6905065774917603
LS_00664,1,success,E:\LandSlide-Prediction\data\terrain\patches\LS_00664.tif,E:\LandSlide-Prediction\data\terrain\contours\LS_00664.png,405.02197265625,301.01190185546875,475.3726501464844,174.36074829101562,13.715378761291504,30.230876922607422,21.547222137451172,-0.04525284469127655,0.6048182249069214
LS_00665,1,success,E:\LandSlide-Prediction\data\terrain\patches\LS_00665.tif,E:\LandSlide-Prediction\data\terrain\contours\LS_00665.png,671.4676513671875,578.4452514648438,817.5205688476562,239.0753173828125,18.84444236755371,47.88731384277344,31.961008071899414,-0.027931585907936096,0.8392450213432312
LS_00668,1,success,E:\LandSlide-Prediction\data\terrain\patches\LS_00668.tif,E:\LandSlide-Prediction\data\terrain\contours\LS_00668.png,641.5439453125,537.1913452148438,805.6175537109375,268.42620849609375,21.260944366455078,40.62548828125,30.621864318847656,-0.037408679723739624,0.7786569595336914
LS_00669,1,success,E:\LandSlide-Prediction\data\terrain\patches\LS_00669.tif,E:\LandSlide-Prediction\data\terrain\contours\LS_00669.png,577.9957885742188,420.2272644042969,707.0538940429688,286.8266296386719,20.643693923950195,41.822139739990234,33.350440979003906,-0.1052665188908577,0.7969498038291931
LS_00674,1,success,E:\LandSlide-Prediction\data\terrain\patches\LS_00674.tif,E:\LandSlide-Prediction\data\terrain\contours\LS_00674.png,402.4107666015625,321.99267578125,562.2264404296875,240.2337646484375,17.942472457885742,46.9012336730957,33.665016174316406,-0.06675301492214203,1.0586024522781372
LS_00677,1,success,E:\LandSlide-Prediction\data\terrain\patches\LS_00677.tif,E:\LandSlide-Prediction\data\terrain\contours\LS_00677.png,918.2355346679688,785.629150390625,1051.7916259765625,266.1624755859375,22.37551498413086,51.43547058105469,36.08767318725586,-0.08298739790916443,0.9339301586151123
LS_00681,1,success,E:\LandSlide-Prediction\data\terrain\patches\LS_00681.tif,E:\LandSlide-Prediction\data\terrain\contours\LS_00681.png,662.0699462890625,568.61767578125,776.2931518554688,207.67547607421875,19.4362850189209,39.595951080322266,30.655818939208984,0.04395614564418793,0.9260362386703491
LS_00682,1,success,E:\LandSlide-Prediction\data\terrain\patches\LS_00682.tif,E:\LandSlide-Prediction\data\terrain\contours\LS_00682.png,919.5234375,779.8972778320312,1146.593505859375,366.69622802734375,22.85057830810547,61.832271575927734,36.1962776184082,0.14604085683822632,0.7496764063835144
LS_00684,1,success,E:\LandSlide-Prediction\data\terrain\patches\LS_00684.tif,E:\LandSlide-Prediction\data\terrain\contours\LS_00684.png,799.8463134765625,667.5382080078125,925.5051879882812,257.96697998046875,18.38541030883789,41.384498596191406,28.985755920410156,0.06477858126163483,0.7420280575752258
LS_00687,1,success,E:\LandSlide-Prediction\data\terrain\patches\LS_00687.tif,E:\LandSlide-Prediction\data\terrain\contours\LS_00687.png,997.0751953125,854.623291015625,1120.205810546875,265.58251953125,22.138463973999023,48.10469436645508,32.19712829589844,0.10499358177185059,0.9548991918563843
LS_00689,1,success,E:\LandSlide-Prediction\data\terrain\patches\LS_00689.tif,E:\LandSlide-Prediction\data\terrain\contours\LS_00689.png,838.716796875,638.551025390625,1042.9539794921875,404.4029541015625,30.207304000854492,63.067237854003906,42.28445053100586,0.09526050090789795,1.3912359476089478
LS_00691,1,success,E:\LandSlide-Prediction\data\terrain\patches\LS_00691.tif,E:\LandSlide-Prediction\data\terrain\contours\LS_00691.png,616.184326171875,519.2089233398438,771.8630981445312,252.6541748046875,22.012969970703125,58.85902786254883,32.466941833496094,0.1455036997795105,0.673967182636261
LS_00694,1,success,E:\LandSlide-Prediction\data\terrain\patches\LS_00694.tif,E:\LandSlide-Prediction\data\terrain\contours\LS_00694.png,594.2789306640625,473.1585693359375,747.9583129882812,274.79974365234375,21.70880889892578,51.735389709472656,41.54176330566406,0.02298593707382679,0.950888991355896
LS_00696,1,success,E:\LandSlide-Prediction\data\terrain\patches\LS_00696.tif,E:\LandSlide-Prediction\data\terrain\contours\LS_00696.png,767.0333251953125,625.3995361328125,930.1130981445312,304.71356201171875,26.686634063720703,52.9904899597168,41.11589813232422,0.06927745044231415,1.1867307424545288
LS_00697,1,success,E:\LandSlide-Prediction\data\terrain\patches\LS_00697.tif,E:\LandSlide-Prediction\data\terrain\contours\LS_00697.png,1316.281982421875,1002.212890625,1542.4896240234375,540.2767333984375,35.27537536621094,60.893959045410156,51.55999755859375,0.004123292863368988,1.3351612091064453
LS_00700,1,success,E:\LandSlide-Prediction\data\terrain\patches\LS_00700.tif,E:\LandSlide-Prediction\data\terrain\contours\LS_00700.png,889.6267700195312,700.529541015625,1115.443115234375,414.91357421875,33.52366638183594,70.78326416015625,51.93681335449219,0.13437487185001373,1.4888039827346802
LS_00701,1,success,E:\LandSlide-Prediction\data\terrain\patches\LS_00701.tif,E:\LandSlide-Prediction\data\terrain\contours\LS_00701.png,688.85986328125,563.9227294921875,871.1783447265625,307.255615234375,27.525217056274414,51.935089111328125,38.83174133300781,0.04131113737821579,1.2050861120224
LS_00704,1,success,E:\LandSlide-Prediction\data\terrain\patches\LS_00704.tif,E:\LandSlide-Prediction\data\terrain\contours\LS_00704.png,829.5166015625,673.4241333007812,989.7924194335938,316.3682861328125,24.986427307128906,46.642337799072266,39.334922790527344,-0.12892864644527435,1.0546425580978394
LS_00707,1,success,E:\LandSlide-Prediction\data\terrain\patches\LS_00707.tif,E:\LandSlide-Prediction\data\terrain\contours\LS_00707.png,1332.97314453125,1099.0897216796875,1556.029052734375,456.9393310546875,31.8842716217041,62.71369552612305,51.647605895996094,-0.06809978932142258,1.4617528915405273
LS_00709,1,success,E:\LandSlide-Prediction\data\terrain\patches\LS_00709.tif,E:\LandSlide-Prediction\data\terrain\contours\LS_00709.png,1329.2889404296875,1242.8607177734375,1409.896728515625,167.0360107421875,19.558670043945312,43.36088562011719,35.038360595703125,-0.0036906879395246506,1.0319702625274658
LS_00713,1,success,E:\LandSlide-Prediction\data\terrain\patches\LS_00713.tif,E:\LandSlide-Prediction\data\terrain\contours\LS_00713.png,1261.6767578125,1134.3375244140625,1389.1146240234375,254.777099609375,20.919960021972656,49.48984146118164,36.732208251953125,0.03257332742214203,0.8500136733055115
LS_00714,1,success,E:\LandSlide-Prediction\data\terrain\patches\LS_00714.tif,E:\LandSlide-Prediction\data\terrain\contours\LS_00714.png,883.3428955078125,786.8878173828125,997.884033203125,210.9962158203125,24.19970703125,50.99673080444336,41.16382598876953,0.024496089667081833,1.0588377714157104
LS_00719,1,success,E:\LandSlide-Prediction\data\terrain\patches\LS_00719.tif,E:\LandSlide-Prediction\data\terrain\contours\LS_00719.png,1311.8629150390625,1096.9073486328125,1469.050537109375,372.1431884765625,28.796104431152344,50.12298583984375,41.2481803894043,-0.01213066279888153,1.3686693906784058
LS_00721,1,success,E:\LandSlide-Prediction\data\terrain\patches\LS_00721.tif,E:\LandSlide-Prediction\data\terrain\contours\LS_00721.png,944.1018676757812,831.6466064453125,1157.6490478515625,326.00244140625,22.236921310424805,62.82864761352539,51.22685241699219,-0.04850221052765846,1.357780933380127
LS_00723,1,success,E:\LandSlide-Prediction\data\terrain\patches\LS_00723.tif,E:\LandSlide-Prediction\data\terrain\contours\LS_00723.png,842.2117919921875,764.7326049804688,926.3887939453125,161.65618896484375,19.327547073364258,39.870933532714844,30.823623657226562,0.09675632417201996,0.870211660861969
LS_00724,1,success,E:\LandSlide-Prediction\data\terrain\patches\LS_00724.tif,E:\LandSlide-Prediction\data\terrain\contours\LS_00724.png,794.666259765625,695.5565795898438,961.250244140625,265.69366455078125,21.874019622802734,37.22703170776367,31.33127212524414,0.04167783632874489,0.814227819442749
LS_00725,1,success,E:\LandSlide-Prediction\data\terrain\patches\LS_00725.tif,E:\LandSlide-Prediction\data\terrain\contours\LS_00725.png,1024.73388671875,912.2325439453125,1145.0484619140625,232.81591796875,21.145442962646484,34.00109100341797,29.034366607666016,0.018472224473953247,0.8523927927017212
LS_00726,1,success,E:\LandSlide-Prediction\data\terrain\patches\LS_00726.tif,E:\LandSlide-Prediction\data\terrain\contours\LS_00726.png,859.3685913085938,781.5468139648438,997.7659912109375,216.21917724609375,17.8477783203125,47.222496032714844,30.101694107055664,0.030988946557044983,0.8138194680213928
LS_00727,1,success,E:\LandSlide-Prediction\data\terrain\patches\LS_00727.tif,E:\LandSlide-Prediction\data\terrain\contours\LS_00727.png,700.4302978515625,568.4632568359375,892.6051635742188,324.14190673828125,24.856388092041016,45.477603912353516,39.294654846191406,0.08641140162944794,0.6755045652389526
LS_00729,1,success,E:\LandSlide-Prediction\data\terrain\patches\LS_00729.tif,E:\LandSlide-Prediction\data\terrain\contours\LS_00729.png,1488.44482421875,1361.4390869140625,1570.6939697265625,209.2548828125,20.89955711364746,39.01144027709961,29.29096031188965,0.012410365045070648,0.8112620711326599
LS_00731,1,success,E:\LandSlide-Prediction\data\terrain\patches\LS_00731.tif,E:\LandSlide-Prediction\data\terrain\contours\LS_00731.png,1157.576416015625,1060.6610107421875,1288.0653076171875,227.404296875,19.958740234375,35.9681396484375,28.430509567260742,0.009711027145385742,0.7551955580711365
LS_00732,1,success,E:\LandSlide-Prediction\data\terrain\patches\LS_00732.tif,E:\LandSlide-Prediction\data\terrain\contours\LS_00732.png,986.9367065429688,932.9296264648438,1040.508544921875,107.57891845703125,12.474221229553223,23.788402557373047,18.834659576416016,-0.01000567153096199,0.5932157635688782
LS_00733,1,success,E:\LandSlide-Prediction\data\terrain\patches\LS_00733.tif,E:\LandSlide-Prediction\data\terrain\contours\LS_00733.png,674.03662109375,599.6441650390625,765.7958984375,166.1517333984375,16.086437225341797,35.608436584472656,25.917428970336914,0.040144726634025574,0.7198128700256348
LS_00734,1,success,E:\LandSlide-Prediction\data\terrain\patches\LS_00734.tif,E:\LandSlide-Prediction\data\terrain\contours\LS_00734.png,606.3165283203125,576.1572265625,688.66845703125,112.51123046875,12.889991760253906,27.465576171875,20.94468116760254,0.012883562594652176,0.6610400080680847
LS_00735,1,success,E:\LandSlide-Prediction\data\terrain\patches\LS_00735.tif,E:\LandSlide-Prediction\data\terrain\contours\LS_00735.png,553.4173583984375,401.4237976074219,766.1401977539062,364.7164001464844,24.693523406982422,40.18509292602539,34.01610565185547,0.04466397687792778,0.6011946201324463
LS_00736,1,success,E:\LandSlide-Prediction\data\terrain\patches\LS_00736.tif,E:\LandSlide-Prediction\data\terrain\contours\LS_00736.png,166.50987243652344,159.91065979003906,173.69700622558594,13.786346435546875,1.9371633529663086,6.58546257019043,3.2369813919067383,0.0003967937082052231,0.13752974569797516
LS_00738,1,success,E:\LandSlide-Prediction\data\terrain\patches\LS_00738.tif,E:\LandSlide-Prediction\data\terrain\contours\LS_00738.png,255.6742706298828,137.07275390625,441.7486572265625,304.6759033203125,23.484228134155273,42.919456481933594,36.66493225097656,-0.05015997588634491,0.8753308057785034
LS_00739,1,success,E:\LandSlide-Prediction\data\terrain\patches\LS_00739.tif,E:\LandSlide-Prediction\data\terrain\contours\LS_00739.png,202.03997802734375,132.6767578125,277.5655212402344,144.88876342773438,15.218199729919434,36.33164978027344,30.25497817993164,-0.019135121256113052,0.6447507739067078
LS_00740,1,success,E:\LandSlide-Prediction\data\terrain\patches\LS_00740.tif,E:\LandSlide-Prediction\data\terrain\contours\LS_00740.png,319.4947509765625,208.8746795654297,489.6564636230469,280.78179931640625,22.10181427001953,41.59604263305664,34.234405517578125,0.011715017259120941,0.7251114845275879
LS_00741,1,success,E:\LandSlide-Prediction\data\terrain\patches\LS_00741.tif,E:\LandSlide-Prediction\data\terrain\contours\LS_00741.png,679.4232177734375,559.636962890625,771.885009765625,212.248046875,22.670331954956055,52.90482711791992,35.86280059814453,-0.07496120035648346,0.9194489121437073
LS_00742,1,success,E:\LandSlide-Prediction\data\terrain\patches\LS_00742.tif,E:\LandSlide-Prediction\data\terrain\contours\LS_00742.png,672.898681640625,566.455078125,822.5670776367188,256.11199951171875,19.437700271606445,47.32817077636719,35.92216873168945,0.11374758183956146,0.7824357748031616
LS_00743,1,success,E:\LandSlide-Prediction\data\terrain\patches\LS_00743.tif,E:\LandSlide-Prediction\data\terrain\contours\LS_00743.png,750.0035400390625,557.9940185546875,1013.6685791015625,455.674560546875,28.89883041381836,46.0504264831543,39.5234489440918,0.12367425858974457,0.998675525188446
LS_00746,1,success,E:\LandSlide-Prediction\data\terrain\patches\LS_00746.tif,E:\LandSlide-Prediction\data\terrain\contours\LS_00746.png,497.60009765625,359.134521484375,634.9846801757812,275.85015869140625,25.870895385742188,51.9324836730957,39.82427215576172,0.0820050835609436,1.2325234413146973
LS_00747,1,success,E:\LandSlide-Prediction\data\terrain\patches\LS_00747.tif,E:\LandSlide-Prediction\data\terrain\contours\LS_00747.png,292.2960510253906,185.21142578125,451.9833068847656,266.7718811035156,22.331804275512695,43.56342697143555,36.542808532714844,0.018491290509700775,1.0083487033843994
LS_00748,1,success,E:\LandSlide-Prediction\data\terrain\patches\LS_00748.tif,E:\LandSlide-Prediction\data\terrain\contours\LS_00748.png,918.499755859375,742.1083374023438,1135.226806640625,393.11846923828125,27.282489776611328,44.15192794799805,34.94059753417969,0.024033978581428528,0.9346266984939575
LS_00750,1,success,E:\LandSlide-Prediction\data\terrain\patches\LS_00750.tif,E:\LandSlide-Prediction\data\terrain\contours\LS_00750.png,713.9217529296875,588.443603515625,894.6121826171875,306.1685791015625,25.272525787353516,50.85719299316406,35.55000305175781,0.08005907386541367,0.8548802733421326
LS_00751,1,success,E:\LandSlide-Prediction\data\terrain\patches\LS_00751.tif,E:\LandSlide-Prediction\data\terrain\contours\LS_00751.png,629.64794921875,427.3652648925781,885.1345825195312,457.7693176269531,34.88459014892578,60.959224700927734,50.92509460449219,-0.05999567359685898,1.5758261680603027
LS_00753,1,success,E:\LandSlide-Prediction\data\terrain\patches\LS_00753.tif,E:\LandSlide-Prediction\data\terrain\contours\LS_00753.png,648.5831909179688,468.0586853027344,860.9487915039062,392.8901062011719,27.345813751220703,40.14464569091797,34.19696807861328,0.14506888389587402,0.7874261736869812
LS_00756,1,success,E:\LandSlide-Prediction\data\terrain\patches\LS_00756.tif,E:\LandSlide-Prediction\data\terrain\contours\LS_00756.png,360.32537841796875,281.4896240234375,481.8420104980469,200.35238647460938,20.99677085876465,39.24056625366211,32.116783142089844,-0.0044821202754974365,0.9675754904747009
LS_00757,1,success,E:\LandSlide-Prediction\data\terrain\patches\LS_00757.tif,E:\LandSlide-Prediction\data\terrain\contours\LS_00757.png,233.90460205078125,200.77308654785156,271.0801696777344,70.30708312988281,10.086465835571289,28.826719284057617,19.91623306274414,-0.012764704413712025,0.6257202625274658
LS_00758,1,success,E:\LandSlide-Prediction\data\terrain\patches\LS_00758.tif,E:\LandSlide-Prediction\data\terrain\contours\LS_00758.png,497.7731628417969,423.60833740234375,624.82958984375,201.22125244140625,17.285791397094727,41.10267639160156,26.804485321044922,0.016217853873968124,0.7589736580848694
LS_00760,1,success,E:\LandSlide-Prediction\data\terrain\patches\LS_00760.tif,E:\LandSlide-Prediction\data\terrain\contours\LS_00760.png,360.2725830078125,235.07200622558594,530.2491455078125,295.1771240234375,22.107301712036133,35.94129180908203,30.954368591308594,0.10167549550533295,0.5670422911643982
LS_00762,1,success,E:\LandSlide-Prediction\data\terrain\patches\LS_00762.tif,E:\LandSlide-Prediction\data\terrain\contours\LS_00762.png,569.2788696289062,445.05780029296875,719.2039184570312,274.1461181640625,18.213239669799805,42.120853424072266,29.0251522064209,0.049324095249176025,0.7521487474441528
LS_00764,1,success,E:\LandSlide-Prediction\data\terrain\patches\LS_00764.tif,E:\LandSlide-Prediction\data\terrain\contours\LS_00764.png,671.10205078125,434.51556396484375,812.2242431640625,377.70867919921875,29.13355255126953,53.9320068359375,39.638668060302734,-0.05026693642139435,0.8387173414230347
LS_00768,1,success,E:\LandSlide-Prediction\data\terrain\patches\LS_00768.tif,E:\LandSlide-Prediction\data\terrain\contours\LS_00768.png,346.1460266113281,227.4528045654297,487.32879638671875,259.8759765625,22.312789916992188,33.5793342590332,29.41980743408203,0.0224917009472847,0.7756857872009277
LS_00773,1,success,E:\LandSlide-Prediction\data\terrain\patches\LS_00773.tif,E:\LandSlide-Prediction\data\terrain\contours\LS_00773.png,642.0318603515625,409.79644775390625,964.5462646484375,554.7498168945312,31.710641860961914,44.10445785522461,39.90751647949219,0.0322275348007679,0.7613003849983215
LS_00774,1,success,E:\LandSlide-Prediction\data\terrain\patches\LS_00774.tif,E:\LandSlide-Prediction\data\terrain\contours\LS_00774.png,281.47369384765625,215.5429229736328,358.0523986816406,142.5094757080078,13.601547241210938,27.533302307128906,20.71219253540039,-0.0736108273267746,0.6187332272529602
LS_00777,1,success,E:\LandSlide-Prediction\data\terrain\patches\LS_00777.tif,E:\LandSlide-Prediction\data\terrain\contours\LS_00777.png,342.80316162109375,209.6944122314453,494.824462890625,285.13006591796875,22.585769653320312,39.84950637817383,33.85057067871094,0.01766975224018097,0.6808887720108032
LS_00782,1,success,E:\LandSlide-Prediction\data\terrain\patches\LS_00782.tif,E:\LandSlide-Prediction\data\terrain\contours\LS_00782.png,346.57000732421875,225.5558319091797,567.6920776367188,342.13623046875,24.088207244873047,46.129268646240234,34.921905517578125,-0.03639549762010574,0.7162532806396484
LS_00783,1,success,E:\LandSlide-Prediction\data\terrain\patches\LS_00783.tif,E:\LandSlide-Prediction\data\terrain\contours\LS_00783.png,181.05255126953125,162.19195556640625,220.78968811035156,58.59773254394531,7.3708977699279785,24.31966209411621,13.661184310913086,0.02081577107310295,0.4102698266506195
LS_00784,1,success,E:\LandSlide-Prediction\data\terrain\patches\LS_00784.tif,E:\LandSlide-Prediction\data\terrain\contours\LS_00784.png,266.3971862792969,202.36888122558594,334.64788818359375,132.2790069580078,14.480223655700684,34.34894943237305,24.523265838623047,0.0037069134414196014,0.6621125936508179
LS_00787,1,success,E:\LandSlide-Prediction\data\terrain\patches\LS_00787.tif,E:\LandSlide-Prediction\data\terrain\contours\LS_00787.png,170.20278930664062,160.1457061767578,186.86961364746094,26.723907470703125,3.7789766788482666,13.782761573791504,7.391554355621338,0.0017603840678930283,0.31020545959472656
LS_00788,1,success,E:\LandSlide-Prediction\data\terrain\patches\LS_00788.tif,E:\LandSlide-Prediction\data\terrain\contours\LS_00788.png,221.08255004882812,141.46139526367188,325.41632080078125,183.95492553710938,20.091419219970703,36.0389518737793,30.404033660888672,0.026407353579998016,0.8846852779388428
LS_00789,1,success,E:\LandSlide-Prediction\data\terrain\patches\LS_00789.tif,E:\LandSlide-Prediction\data\terrain\contours\LS_00789.png,166.31932067871094,104.65789794921875,331.5823059082031,226.92440795898438,16.14739227294922,37.000343322753906,30.42986297607422,0.041009921580553055,0.5417377948760986
LS_00791,1,success,E:\LandSlide-Prediction\data\terrain\patches\LS_00791.tif,E:\LandSlide-Prediction\data\terrain\contours\LS_00791.png,222.26168823242188,143.50906372070312,358.15911865234375,214.65005493164062,18.15619659423828,44.454917907714844,35.826690673828125,-0.007654313929378986,0.7493174076080322
LS_00792,1,success,E:\LandSlide-Prediction\data\terrain\patches\LS_00792.tif,E:\LandSlide-Prediction\data\terrain\contours\LS_00792.png,199.2758331298828,136.06053161621094,392.2408447265625,256.1802978515625,16.422962188720703,37.81040573120117,32.03651428222656,-0.0018190592527389526,0.5662411451339722
LS_00797,1,success,E:\LandSlide-Prediction\data\terrain\patches\LS_00797.tif,E:\LandSlide-Prediction\data\terrain\contours\LS_00797.png,261.76202392578125,132.61976623535156,447.6798400878906,315.06005859375,25.216711044311523,45.774139404296875,38.83027648925781,-0.04305410385131836,0.6641102433204651
LS_00798,1,success,E:\LandSlide-Prediction\data\terrain\patches\LS_00798.tif,E:\LandSlide-Prediction\data\terrain\contours\LS_00798.png,211.65086364746094,115.6338119506836,348.7685241699219,233.13470458984375,19.624900817871094,37.45001220703125,33.018768310546875,-0.005559227429330349,0.9172595143318176
LS_00799,1,success,E:\LandSlide-Prediction\data\terrain\patches\LS_00799.tif,E:\LandSlide-Prediction\data\terrain\contours\LS_00799.png,155.3566436767578,132.1250762939453,228.70436096191406,96.57928466796875,10.50988483428955,28.847578048706055,21.4737548828125,0.020374011248350143,0.4986206889152527
LS_00801,1,success,E:\LandSlide-Prediction\data\terrain\patches\LS_00801.tif,E:\LandSlide-Prediction\data\terrain\contours\LS_00801.png,300.9515380859375,197.37875366210938,488.5671691894531,291.18841552734375,21.256637573242188,35.66838836669922,30.34710693359375,0.04284149035811424,0.7365681529045105
LS_00802,1,success,E:\LandSlide-Prediction\data\terrain\patches\LS_00802.tif,E:\LandSlide-Prediction\data\terrain\contours\LS_00802.png,381.2589111328125,292.5338134765625,503.3899841308594,210.85617065429688,20.45754623413086,47.445411682128906,31.963394165039062,0.14260858297348022,0.6750141978263855
LS_00803,1,success,E:\LandSlide-Prediction\data\terrain\patches\LS_00803.tif,E:\LandSlide-Prediction\data\terrain\contours\LS_00803.png,505.4753112792969,319.2162170410156,711.822998046875,392.6067810058594,25.925151824951172,41.9272346496582,34.50225067138672,0.026506740599870682,0.7967163920402527
LS_00804,1,success,E:\LandSlide-Prediction\data\terrain\patches\LS_00804.tif,E:\LandSlide-Prediction\data\terrain\contours\LS_00804.png,532.4575805664062,453.07177734375,683.7044677734375,230.6326904296875,17.876951217651367,37.15135955810547,29.31894302368164,0.05670665577054024,0.642401397228241
LS_00806,1,success,E:\LandSlide-Prediction\data\terrain\patches\LS_00806.tif,E:\LandSlide-Prediction\data\terrain\contours\LS_00806.png,283.69110107421875,209.76744079589844,370.02593994140625,160.2584991455078,14.986701965332031,31.38003158569336,23.305143356323242,0.000779877882450819,0.8398112058639526
LS_00808,1,success,E:\LandSlide-Prediction\data\terrain\patches\LS_00808.tif,E:\LandSlide-Prediction\data\terrain\contours\LS_00808.png,516.584228515625,424.0595397949219,790.7450561523438,366.6855163574219,23.017658233642578,66.49713897705078,38.94310760498047,-0.08659209311008453,1.7821969985961914
LS_00809,1,success,E:\LandSlide-Prediction\data\terrain\patches\LS_00809.tif,E:\LandSlide-Prediction\data\terrain\contours\LS_00809.png,442.15740966796875,393.598388671875,506.5631103515625,112.9647216796875,13.796489715576172,34.43880844116211,23.2804012298584,0.015533920377492905,0.647376537322998
LS_00811,1,success,E:\LandSlide-Prediction\data\terrain\patches\LS_00811.tif,E:\LandSlide-Prediction\data\terrain\contours\LS_00811.png,481.91143798828125,454.29107666015625,524.8829956054688,70.5919189453125,11.36347770690918,26.824411392211914,19.203022003173828,-0.0018392354249954224,0.7759581804275513
LS_00816,1,success,E:\LandSlide-Prediction\data\terrain\patches\LS_00816.tif,E:\LandSlide-Prediction\data\terrain\contours\LS_00816.png,623.8199462890625,446.0086669921875,752.9258422851562,306.91717529296875,24.16695785522461,54.879920959472656,42.645538330078125,-0.09508717060089111,1.1797668933868408
LS_00817,1,success,E:\LandSlide-Prediction\data\terrain\patches\LS_00817.tif,E:\LandSlide-Prediction\data\terrain\contours\LS_00817.png,591.23046875,467.56884765625,835.6989135742188,368.13006591796875,26.5303897857666,58.65670394897461,44.136322021484375,-0.037602830678224564,1.002487063407898
LS_00818,1,success,E:\LandSlide-Prediction\data\terrain\patches\LS_00818.tif,E:\LandSlide-Prediction\data\terrain\contours\LS_00818.png,481.3604736328125,401.3272399902344,606.7828979492188,205.45565795898438,17.95700454711914,41.38234329223633,33.80067443847656,0.027092885226011276,0.6582663655281067
LS_00819,1,success,E:\LandSlide-Prediction\data\terrain\patches\LS_00819.tif,E:\LandSlide-Prediction\data\terrain\contours\LS_00819.png,483.154541015625,379.2906799316406,638.8612670898438,259.5705871582031,21.545135498046875,40.80043411254883,31.294544219970703,-0.07973279058933258,0.8038029074668884
LS_00821,1,success,E:\LandSlide-Prediction\data\terrain\patches\LS_00821.tif,E:\LandSlide-Prediction\data\terrain\contours\LS_00821.png,663.2217407226562,470.69122314453125,885.9871826171875,415.29595947265625,32.965576171875,53.622283935546875,43.51696014404297,-0.20085157454013824,1.3751978874206543
LS_00822,1,success,E:\LandSlide-Prediction\data\terrain\patches\LS_00822.tif,E:\LandSlide-Prediction\data\terrain\contours\LS_00822.png,589.65966796875,450.2171936035156,782.4229736328125,332.2057800292969,22.97964096069336,44.723106384277344,36.60478973388672,0.06767953932285309,0.9209060668945312
LS_00823,1,success,E:\LandSlide-Prediction\data\terrain\patches\LS_00823.tif,E:\LandSlide-Prediction\data\terrain\contours\LS_00823.png,723.2550048828125,475.9883117675781,913.7166748046875,437.7283630371094,28.987869262695312,50.85948181152344,40.12145233154297,-0.010974835604429245,0.9857025146484375
LS_00825,1,success,E:\LandSlide-Prediction\data\terrain\patches\LS_00825.tif,E:\LandSlide-Prediction\data\terrain\contours\LS_00825.png,277.7857360839844,201.54306030273438,453.1726379394531,251.62957763671875,17.287094116210938,37.09953689575195,28.08781623840332,0.03750932216644287,0.6223084330558777
LS_00826,1,success,E:\LandSlide-Prediction\data\terrain\patches\LS_00826.tif,E:\LandSlide-Prediction\data\terrain\contours\LS_00826.png,656.756591796875,410.6364440917969,912.5576171875,501.9211730957031,32.46699905395508,50.93978500366211,45.764732360839844,-0.01710609719157219,0.8658350110054016
LS_00827,1,success,E:\LandSlide-Prediction\data\terrain\patches\LS_00827.tif,E:\LandSlide-Prediction\data\terrain\contours\LS_00827.png,471.45428466796875,325.3961486816406,640.3428955078125,314.9467468261719,23.29483413696289,41.59939956665039,31.749229431152344,0.06519635766744614,0.8908185958862305
LS_00828,1,success,E:\LandSlide-Prediction\data\terrain\patches\LS_00828.tif,E:\LandSlide-Prediction\data\terrain\contours\LS_00828.png,638.7269287109375,464.40924072265625,786.0577392578125,321.64849853515625,25.359472274780273,46.891178131103516,37.368019104003906,-0.05978971719741821,0.9018896222114563
LS_00829,1,success,E:\LandSlide-Prediction\data\terrain\patches\LS_00829.tif,E:\LandSlide-Prediction\data\terrain\contours\LS_00829.png,376.0865173339844,308.71661376953125,501.5907897949219,192.87417602539062,18.259248733520508,38.68791198730469,32.15869903564453,0.0319010466337204,0.652390718460083
LS_00830,1,success,E:\LandSlide-Prediction\data\terrain\patches\LS_00830.tif,E:\LandSlide-Prediction\data\terrain\contours\LS_00830.png,380.37249755859375,331.1429748535156,452.2669372558594,121.12396240234375,12.17594051361084,25.609708786010742,19.30677032470703,0.016686715185642242,0.5756431818008423
LS_00831,1,success,E:\LandSlide-Prediction\data\terrain\patches\LS_00831.tif,E:\LandSlide-Prediction\data\terrain\contours\LS_00831.png,428.650146484375,354.0123291015625,489.7161865234375,135.703857421875,13.388689041137695,28.811542510986328,21.409889221191406,-0.0337461456656456,0.5157429575920105
LS_00832,1,success,E:\LandSlide-Prediction\data\terrain\patches\LS_00832.tif,E:\LandSlide-Prediction\data\terrain\contours\LS_00832.png,552.5575561523438,442.0783386230469,702.6209716796875,260.5426330566406,21.066499710083008,34.27590560913086,30.436765670776367,0.0796315148472786,0.6008470058441162
LS_00835,1,success,E:\LandSlide-Prediction\data\terrain\patches\LS_00835.tif,E:\LandSlide-Prediction\data\terrain\contours\LS_00835.png,676.4736938476562,562.578369140625,806.7826538085938,244.20428466796875,21.387174606323242,40.3603630065918,30.311643600463867,0.0332932211458683,0.8054172992706299
LS_00838,1,success,E:\LandSlide-Prediction\data\terrain\patches\LS_00838.tif,E:\LandSlide-Prediction\data\terrain\contours\LS_00838.png,766.78759765625,675.0604248046875,906.514892578125,231.4544677734375,21.933589935302734,41.47714614868164,33.02196502685547,0.08775455504655838,0.9027313590049744
LS_00839,1,success,E:\LandSlide-Prediction\data\terrain\patches\LS_00839.tif,E:\LandSlide-Prediction\data\terrain\contours\LS_00839.png,1137.5614013671875,948.701904296875,1263.2508544921875,314.5489501953125,26.744577407836914,48.594051361083984,40.70777893066406,-0.09510249644517899,1.053814172744751
LS_00840,1,success,E:\LandSlide-Prediction\data\terrain\patches\LS_00840.tif,E:\LandSlide-Prediction\data\terrain\contours\LS_00840.png,1160.3701171875,1032.5323486328125,1302.23828125,269.7059326171875,26.22768783569336,55.50495529174805,34.574867248535156,-0.04683997482061386,1.1841975450515747
LS_00841,1,success,E:\LandSlide-Prediction\data\terrain\patches\LS_00841.tif,E:\LandSlide-Prediction\data\terrain\contours\LS_00841.png,598.0302734375,460.7645568847656,770.8504028320312,310.0858459472656,26.939308166503906,45.53839874267578,38.97320556640625,0.012226603925228119,0.8945786356925964
LS_00850,1,success,E:\LandSlide-Prediction\data\terrain\patches\LS_00850.tif,E:\LandSlide-Prediction\data\terrain\contours\LS_00850.png,821.6566772460938,727.0991821289062,928.3902587890625,201.29107666015625,21.102794647216797,48.01504135131836,34.32725524902344,-0.005981974303722382,0.8767121434211731
LS_00856,1,success,E:\LandSlide-Prediction\data\terrain\patches\LS_00856.tif,E:\LandSlide-Prediction\data\terrain\contours\LS_00856.png,610.01318359375,473.80743408203125,743.3778686523438,269.5704345703125,22.40599250793457,41.114261627197266,30.185455322265625,0.07324805855751038,0.7557833790779114
LS_00859,1,success,E:\LandSlide-Prediction\data\terrain\patches\LS_00859.tif,E:\LandSlide-Prediction\data\terrain\contours\LS_00859.png,467.38299560546875,368.9930725097656,605.326171875,236.33309936523438,23.023807525634766,39.929443359375,31.56649398803711,0.10526717454195023,0.8365916013717651
LS_00860,1,success,E:\LandSlide-Prediction\data\terrain\patches\LS_00860.tif,E:\LandSlide-Prediction\data\terrain\contours\LS_00860.png,491.71844482421875,411.2017517089844,613.7474365234375,202.54568481445312,17.45261001586914,32.876949310302734,25.39765739440918,0.029275812208652496,0.655545175075531
LS_00861,1,success,E:\LandSlide-Prediction\data\terrain\patches\LS_00861.tif,E:\LandSlide-Prediction\data\terrain\contours\LS_00861.png,840.2774658203125,714.1724853515625,953.0051879882812,238.83270263671875,22.341236114501953,42.46121597290039,34.01896667480469,0.07129727303981781,1.0413100719451904
LS_00862,1,success,E:\LandSlide-Prediction\data\terrain\patches\LS_00862.tif,E:\LandSlide-Prediction\data\terrain\contours\LS_00862.png,872.5021362304688,750.3109130859375,1016.3897094726562,266.07879638671875,19.552589416503906,37.24108123779297,30.48889923095703,-0.06307021528482437,0.6666824221611023
LS_00866,1,success,E:\LandSlide-Prediction\data\terrain\patches\LS_00866.tif,E:\LandSlide-Prediction\data\terrain\contours\LS_00866.png,496.100341796875,407.75445556640625,628.5669555664062,220.8125,22.474441528320312,43.16596603393555,31.419286727905273,-0.009516146034002304,0.9424992203712463
LS_00867,1,success,E:\LandSlide-Prediction\data\terrain\patches\LS_00867.tif,E:\LandSlide-Prediction\data\terrain\contours\LS_00867.png,716.7232055664062,625.129150390625,820.9859619140625,195.8568115234375,17.525636672973633,41.5157470703125,26.634864807128906,0.029526684433221817,0.8178427815437317
LS_00868,1,success,E:\LandSlide-Prediction\data\terrain\patches\LS_00868.tif,E:\LandSlide-Prediction\data\terrain\contours\LS_00868.png,367.91082763671875,338.5408020019531,392.7881774902344,54.24737548828125,6.166409492492676,15.789155960083008,10.830892562866211,-0.014852950349450111,0.3224474787712097
LS_00869,1,success,E:\LandSlide-Prediction\data\terrain\patches\LS_00869.tif,E:\LandSlide-Prediction\data\terrain\contours\LS_00869.png,447.517333984375,357.76055908203125,533.300537109375,175.53997802734375,18.553295135498047,33.46632385253906,27.860416412353516,0.0577290840446949,0.7574885487556458
LS_00870,1,success,E:\LandSlide-Prediction\data\terrain\patches\LS_00870.tif,E:\LandSlide-Prediction\data\terrain\contours\LS_00870.png,346.8370361328125,283.8314514160156,489.06402587890625,205.23257446289062,18.853912353515625,35.627830505371094,31.300439834594727,0.062199003994464874,0.8341802954673767
LS_00872,1,success,E:\LandSlide-Prediction\data\terrain\patches\LS_00872.tif,E:\LandSlide-Prediction\data\terrain\contours\LS_00872.png,401.1214904785156,327.602783203125,446.9201965332031,119.31741333007812,14.86819839477539,30.192150115966797,20.859375,-0.01167803630232811,0.5860337615013123
LS_00874,1,success,E:\LandSlide-Prediction\data\terrain\patches\LS_00874.tif,E:\LandSlide-Prediction\data\terrain\contours\LS_00874.png,393.0411071777344,322.8182373046875,477.4280700683594,154.60983276367188,17.480255126953125,34.69941329956055,26.809349060058594,-0.0008531883358955383,0.9053701162338257
LS_00875,1,success,E:\LandSlide-Prediction\data\terrain\patches\LS_00875.tif,E:\LandSlide-Prediction\data\terrain\contours\LS_00875.png,530.9249877929688,443.4621887207031,600.6936645507812,157.23147583007812,13.979019165039062,31.16783905029297,21.094850540161133,-0.003980319947004318,0.5904186964035034
LS_00877,1,success,E:\LandSlide-Prediction\data\terrain\patches\LS_00877.tif,E:\LandSlide-Prediction\data\terrain\contours\LS_00877.png,841.5146484375,731.83837890625,973.7132568359375,241.8748779296875,23.22068977355957,41.02200698852539,32.49418258666992,0.04194127395749092,1.009847640991211
LS_00880,1,success,E:\LandSlide-Prediction\data\terrain\patches\LS_00880.tif,E:\LandSlide-Prediction\data\terrain\contours\LS_00880.png,655.8668212890625,555.5795288085938,773.6760864257812,218.0965576171875,20.354869842529297,41.51241683959961,29.703880310058594,0.010977324098348618,0.8532930612564087
LS_00881,1,success,E:\LandSlide-Prediction\data\terrain\patches\LS_00881.tif,E:\LandSlide-Prediction\data\terrain\contours\LS_00881.png,515.16796875,440.48785400390625,613.1387329101562,172.65087890625,19.57766342163086,36.733943939208984,29.546802520751953,0.0689830482006073,0.8500674962997437
LS_00888,1,success,E:\LandSlide-Prediction\data\terrain\patches\LS_00888.tif,E:\LandSlide-Prediction\data\terrain\contours\LS_00888.png,1012.2721557617188,911.602783203125,1085.30810546875,173.705322265625,16.64223289489746,41.118072509765625,29.740297317504883,-0.04288647696375847,0.8509106040000916
LS_00889,1,success,E:\LandSlide-Prediction\data\terrain\patches\LS_00889.tif,E:\LandSlide-Prediction\data\terrain\contours\LS_00889.png,608.99658203125,503.1771545410156,696.0484619140625,192.87130737304688,14.497533798217773,30.234359741210938,21.56744384765625,-0.04614343121647835,0.5516944527626038
LS_00891,1,success,E:\LandSlide-Prediction\data\terrain\patches\LS_00891.tif,E:\LandSlide-Prediction\data\terrain\contours\LS_00891.png,914.2798461914062,837.2241821289062,1004.0596923828125,166.83551025390625,15.727653503417969,42.28737258911133,25.235828399658203,-0.056733738631010056,0.6684668660163879
LS_00892,1,success,E:\LandSlide-Prediction\data\terrain\patches\LS_00892.tif,E:\LandSlide-Prediction\data\terrain\contours\LS_00892.png,909.6920776367188,783.4755249023438,1060.7908935546875,277.31536865234375,24.65679168701172,48.525779724121094,39.9298095703125,0.12185413390398026,0.9304091930389404
LS_00895,1,success,E:\LandSlide-Prediction\data\terrain\patches\LS_00895.tif,E:\LandSlide-Prediction\data\terrain\contours\LS_00895.png,1259.2578125,1077.7850341796875,1443.1844482421875,365.3994140625,28.786346435546875,55.55204772949219,39.35368347167969,-0.0610051304101944,0.8769121170043945
LS_00897,1,success,E:\LandSlide-Prediction\data\terrain\patches\LS_00897.tif,E:\LandSlide-Prediction\data\terrain\contours\LS_00897.png,1168.7694091796875,1022.1277465820312,1317.3870849609375,295.25933837890625,26.592544555664062,40.751983642578125,35.63821792602539,-0.039954639971256256,0.9548991322517395
LS_00898,1,success,E:\LandSlide-Prediction\data\terrain\patches\LS_00898.tif,E:\LandSlide-Prediction\data\terrain\contours\LS_00898.png,1100.29052734375,880.0582275390625,1325.483642578125,445.4254150390625,31.205615997314453,50.83686065673828,42.365760803222656,-0.1231219619512558,0.9407253861427307
LS_00900,1,success,E:\LandSlide-Prediction\data\terrain\patches\LS_00900.tif,E:\LandSlide-Prediction\data\terrain\contours\LS_00900.png,691.86474609375,599.8133544921875,795.0894775390625,195.276123046875,13.601964950561523,33.602874755859375,23.434722900390625,0.06466285139322281,0.5433862805366516
LS_00903,1,success,E:\LandSlide-Prediction\data\terrain\patches\LS_00903.tif,E:\LandSlide-Prediction\data\terrain\contours\LS_00903.png,735.552001953125,650.3285522460938,807.82080078125,157.49224853515625,9.152501106262207,31.51398277282715,18.717304229736328,-0.038931846618652344,0.4693359434604645
LS_00904,1,success,E:\LandSlide-Prediction\data\terrain\patches\LS_00904.tif,E:\LandSlide-Prediction\data\terrain\contours\LS_00904.png,272.63818359375,206.95306396484375,381.8693542480469,174.91629028320312,17.76620101928711,32.5498161315918,26.203168869018555,-0.05846570432186127,0.6745787858963013
LS_00907,1,success,E:\LandSlide-Prediction\data\terrain\patches\LS_00907.tif,E:\LandSlide-Prediction\data\terrain\contours\LS_00907.png,381.606689453125,347.8629455566406,425.5746154785156,77.711669921875,13.091535568237305,28.212669372558594,21.311140060424805,0.019303640350699425,0.7082663178443909
LS_00910,1,success,E:\LandSlide-Prediction\data\terrain\patches\LS_00910.tif,E:\LandSlide-Prediction\data\terrain\contours\LS_00910.png,1379.8553466796875,1229.436767578125,1557.1622314453125,327.7254638671875,26.480873107910156,59.157466888427734,43.4932861328125,-0.15823262929916382,1.2804850339889526
LS_00913,1,success,E:\LandSlide-Prediction\data\terrain\patches\LS_00913.tif,E:\LandSlide-Prediction\data\terrain\contours\LS_00913.png,1437.1226806640625,1358.9256591796875,1513.884765625,154.9591064453125,12.132258415222168,32.14964294433594,18.5811767578125,-0.015334583818912506,0.7304239273071289
LS_00918,1,success,E:\LandSlide-Prediction\data\terrain\patches\LS_00918.tif,E:\LandSlide-Prediction\data\terrain\contours\LS_00918.png,1130.7205810546875,848.022705078125,1409.538330078125,561.515625,37.150978088378906,56.08969497680664,49.13957977294922,0.15553656220436096,1.205232858657837
LS_00921,1,success,E:\LandSlide-Prediction\data\terrain\patches\LS_00921.tif,E:\LandSlide-Prediction\data\terrain\contours\LS_00921.png,656.6869506835938,523.3193969726562,838.7361450195312,315.416748046875,24.372169494628906,50.891292572021484,37.55200958251953,0.061666395515203476,0.9229066371917725
LS_00922,1,success,E:\LandSlide-Prediction\data\terrain\patches\LS_00922.tif,E:\LandSlide-Prediction\data\terrain\contours\LS_00922.png,731.5809936523438,557.2320556640625,904.3334350585938,347.10137939453125,23.828514099121094,56.33892822265625,35.86996078491211,0.06741872429847717,1.051346778869629
LS_00923,1,success,E:\LandSlide-Prediction\data\terrain\patches\LS_00923.tif,E:\LandSlide-Prediction\data\terrain\contours\LS_00923.png,922.8060913085938,770.729248046875,1091.0067138671875,320.2774658203125,23.733016967773438,50.69590377807617,35.89329528808594,0.051515769213438034,1.0557767152786255
LS_00926,1,success,E:\LandSlide-Prediction\data\terrain\patches\LS_00926.tif,E:\LandSlide-Prediction\data\terrain\contours\LS_00926.png,980.0279541015625,690.4517822265625,1183.00390625,492.5521240234375,32.7784423828125,58.02983093261719,45.63286590576172,-0.16210469603538513,1.2533676624298096
LS_00929,1,success,E:\LandSlide-Prediction\data\terrain\patches\LS_00929.tif,E:\LandSlide-Prediction\data\terrain\contours\LS_00929.png,1199.6837158203125,1006.0317993164062,1355.211181640625,349.17938232421875,27.370790481567383,52.95677947998047,40.67435836791992,-0.08467509597539902,1.3292757272720337
LS_00930,1,success,E:\LandSlide-Prediction\data\terrain\patches\LS_00930.tif,E:\LandSlide-Prediction\data\terrain\contours\LS_00930.png,1472.9188232421875,1367.1649169921875,1575.236328125,208.0714111328125,18.879009246826172,39.74608612060547,28.26056671142578,0.001065284013748169,0.8248688578605652
LS_00932,1,success,E:\LandSlide-Prediction\data\terrain\patches\LS_00932.tif,E:\LandSlide-Prediction\data\terrain\contours\LS_00932.png,1208.74609375,1063.4654541015625,1445.6688232421875,382.203369140625,30.152673721313477,53.137611389160156,42.39873123168945,-0.05325120687484741,1.079529881477356
LS_00934,1,success,E:\LandSlide-Prediction\data\terrain\patches\LS_00934.tif,E:\LandSlide-Prediction\data\terrain\contours\LS_00934.png,1460.998046875,1300.3485107421875,1568.050048828125,267.7015380859375,27.552017211914062,56.74196243286133,43.91206359863281,-0.07211627066135406,1.20220148563385
LS_00935,1,success,E:\LandSlide-Prediction\data\terrain\patches\LS_00935.tif,E:\LandSlide-Prediction\data\terrain\contours\LS_00935.png,1213.780517578125,994.5590209960938,1484.526611328125,489.96759033203125,35.78630828857422,57.87293243408203,50.38374328613281,0.020278338342905045,1.563804268836975
LS_00936,1,success,E:\LandSlide-Prediction\data\terrain\patches\LS_00936.tif,E:\LandSlide-Prediction\data\terrain\contours\LS_00936.png,1373.990478515625,1192.739501953125,1600.3338623046875,407.5943603515625,32.35369110107422,62.123748779296875,44.235538482666016,-0.11871945858001709,1.61128568649292
LS_00940,1,success,E:\LandSlide-Prediction\data\terrain\patches\LS_00940.tif,E:\LandSlide-Prediction\data\terrain\contours\LS_00940.png,1347.590087890625,1248.115234375,1496.7310791015625,248.6158447265625,18.67987060546875,42.831172943115234,29.619190216064453,-0.0018095597624778748,0.7606964111328125
LS_00941,1,success,E:\LandSlide-Prediction\data\terrain\patches\LS_00941.tif,E:\LandSlide-Prediction\data\terrain\contours\LS_00941.png,1230.62158203125,1094.5357666015625,1361.734130859375,267.1983642578125,22.529237747192383,34.516387939453125,28.58218765258789,0.018844373524188995,0.7819597721099854
LS_00943,1,success,E:\LandSlide-Prediction\data\terrain\patches\LS_00943.tif,E:\LandSlide-Prediction\data\terrain\contours\LS_00943.png,1030.0123291015625,900.9808959960938,1138.5770263671875,237.59613037109375,19.501754760742188,31.327747344970703,26.875194549560547,-0.01593402400612831,0.8511019349098206
LS_00944,1,success,E:\LandSlide-Prediction\data\terrain\patches\LS_00944.tif,E:\LandSlide-Prediction\data\terrain\contours\LS_00944.png,977.855224609375,901.5992431640625,1037.85400390625,136.2547607421875,17.41651153564453,41.82890319824219,30.668453216552734,0.018379580229520798,0.8980185389518738
LS_00945,1,success,E:\LandSlide-Prediction\data\terrain\patches\LS_00945.tif,E:\LandSlide-Prediction\data\terrain\contours\LS_00945.png,1111.713134765625,1005.37939453125,1256.0343017578125,250.6549072265625,20.224321365356445,36.05314636230469,27.91027069091797,-0.04042574763298035,0.789218008518219
LS_00955,1,success,E:\LandSlide-Prediction\data\terrain\patches\LS_00955.tif,E:\LandSlide-Prediction\data\terrain\contours\LS_00955.png,943.3515625,795.1163940429688,1135.79345703125,340.67706298828125,29.236963272094727,49.07077407836914,41.19268798828125,-0.03121623769402504,1.264159917831421
LS_00958,1,success,E:\LandSlide-Prediction\data\terrain\patches\LS_00958.tif,E:\LandSlide-Prediction\data\terrain\contours\LS_00958.png,1371.0224609375,1236.65283203125,1597.5462646484375,360.8934326171875,25.64936065673828,51.93090057373047,39.45752716064453,0.14853590726852417,0.9864218831062317
LS_00959,1,success,E:\LandSlide-Prediction\data\terrain\patches\LS_00959.tif,E:\LandSlide-Prediction\data\terrain\contours\LS_00959.png,1332.9647216796875,1050.8211669921875,1665.154541015625,614.3333740234375,44.58594512939453,63.32534408569336,59.002899169921875,0.013990312814712524,1.856337070465088
LS_00961,1,success,E:\LandSlide-Prediction\data\terrain\patches\LS_00961.tif,E:\LandSlide-Prediction\data\terrain\contours\LS_00961.png,1277.57861328125,1174.87939453125,1401.5833740234375,226.7039794921875,20.548442840576172,41.99843978881836,29.752609252929688,-0.01422438770532608,0.9074684977531433
LS_00962,1,success,E:\LandSlide-Prediction\data\terrain\patches\LS_00962.tif,E:\LandSlide-Prediction\data\terrain\contours\LS_00962.png,1417.9210205078125,1299.7760009765625,1542.708984375,242.9329833984375,21.475793838500977,45.38736343383789,32.50829315185547,-0.03428981453180313,0.9938096404075623
LS_00963,1,success,E:\LandSlide-Prediction\data\terrain\patches\LS_00963.tif,E:\LandSlide-Prediction\data\terrain\contours\LS_00963.png,1217.8050537109375,1118.5870361328125,1338.18212890625,219.5950927734375,19.126028060913086,39.017608642578125,26.31907081604004,0.062054917216300964,0.6553997993469238
LS_00964,1,success,E:\LandSlide-Prediction\data\terrain\patches\LS_00964.tif,E:\LandSlide-Prediction\data\terrain\contours\LS_00964.png,1214.4901123046875,1106.114013671875,1323.7603759765625,217.6463623046875,16.234668731689453,27.464073181152344,22.56037139892578,0.027823299169540405,0.5924056172370911
LS_00965,1,success,E:\LandSlide-Prediction\data\terrain\patches\LS_00965.tif,E:\LandSlide-Prediction\data\terrain\contours\LS_00965.png,404.894287109375,346.89044189453125,463.06964111328125,116.17919921875,14.561877250671387,35.215553283691406,24.55239486694336,0.018714632838964462,0.6165144443511963
LS_00967,1,success,E:\LandSlide-Prediction\data\terrain\patches\LS_00967.tif,E:\LandSlide-Prediction\data\terrain\contours\LS_00967.png,526.9617919921875,429.83819580078125,653.0040283203125,223.16583251953125,20.95811653137207,39.77183532714844,30.678462982177734,0.07865969836711884,0.7651242017745972
LS_00968,1,success,E:\LandSlide-Prediction\data\terrain\patches\LS_00968.tif,E:\LandSlide-Prediction\data\terrain\contours\LS_00968.png,1490.73681640625,1332.5999755859375,1615.4539794921875,282.85400390625,25.92241668701172,52.732872009277344,32.890785217285156,-0.05140053480863571,1.0274999141693115
LS_00969,1,success,E:\LandSlide-Prediction\data\terrain\patches\LS_00969.tif,E:\LandSlide-Prediction\data\terrain\contours\LS_00969.png,1162.562744140625,982.0574951171875,1376.1026611328125,394.045166015625,26.81098175048828,41.15534973144531,33.11941146850586,-0.020335931330919266,0.7353135347366333
LS_00970,1,success,E:\LandSlide-Prediction\data\terrain\patches\LS_00970.tif,E:\LandSlide-Prediction\data\terrain\contours\LS_00970.png,961.220947265625,846.8134155273438,1063.34912109375,216.53570556640625,20.26259994506836,46.43587875366211,31.195552825927734,0.0936402827501297,0.8174806237220764
LS_00972,1,success,E:\LandSlide-Prediction\data\terrain\patches\LS_00972.tif,E:\LandSlide-Prediction\data\terrain\contours\LS_00972.png,1172.014404296875,1068.3135986328125,1273.6529541015625,205.33935546875,20.157875061035156,40.809146881103516,30.75823402404785,0.013437710702419281,0.8568986654281616
LS_00973,1,success,E:\LandSlide-Prediction\data\terrain\patches\LS_00973.tif,E:\LandSlide-Prediction\data\terrain\contours\LS_00973.png,922.5340576171875,811.0755615234375,1061.4158935546875,250.34033203125,19.12999725341797,41.50174331665039,33.26906204223633,0.0031687840819358826,0.7178860306739807
LS_00975,1,success,E:\LandSlide-Prediction\data\terrain\patches\LS_00975.tif,E:\LandSlide-Prediction\data\terrain\contours\LS_00975.png,1142.413330078125,1064.168701171875,1198.7294921875,134.560791015625,17.44183349609375,33.47624969482422,27.74961280822754,-0.0005307197570800781,0.804897665977478
LS_00976,1,success,E:\LandSlide-Prediction\data\terrain\patches\LS_00976.tif,E:\LandSlide-Prediction\data\terrain\contours\LS_00976.png,747.68408203125,659.4755249023438,823.08251953125,163.60699462890625,14.630843162536621,28.751373291015625,22.110750198364258,0.07324239611625671,0.5730661153793335
LS_00977,1,success,E:\LandSlide-Prediction\data\terrain\patches\LS_00977.tif,E:\LandSlide-Prediction\data\terrain\contours\LS_00977.png,628.3717041015625,570.7984619140625,701.3582763671875,130.559814453125,12.5013427734375,31.13648796081543,21.332324981689453,0.059541765600442886,0.5692296028137207
LS_00978,1,success,E:\LandSlide-Prediction\data\terrain\patches\LS_00978.tif,E:\LandSlide-Prediction\data\terrain\contours\LS_00978.png,770.1166381835938,672.23974609375,930.899169921875,258.659423828125,19.920223236083984,48.72481918334961,36.11432647705078,-0.005431521683931351,0.6949452757835388
LS_00979,1,success,E:\LandSlide-Prediction\data\terrain\patches\LS_00979.tif,E:\LandSlide-Prediction\data\terrain\contours\LS_00979.png,1255.5172119140625,1149.9478759765625,1346.4039306640625,196.4560546875,17.088048934936523,33.046592712402344,25.133777618408203,0.05406370759010315,0.6996716856956482
LS_00980,1,success,E:\LandSlide-Prediction\data\terrain\patches\LS_00980.tif,E:\LandSlide-Prediction\data\terrain\contours\LS_00980.png,911.4528198242188,826.4570922851562,1016.9306030273438,190.4735107421875,14.631574630737305,26.008691787719727,20.308490753173828,0.0391884446144104,0.5700414180755615
LS_00982,1,success,E:\LandSlide-Prediction\data\terrain\patches\LS_00982.tif,E:\LandSlide-Prediction\data\terrain\contours\LS_00982.png,548.7609252929688,455.6607360839844,654.7908325195312,199.13009643554688,19.264081954956055,33.95262908935547,28.59499740600586,0.030818264931440353,0.8373192548751831
LS_00983,1,success,E:\LandSlide-Prediction\data\terrain\patches\LS_00983.tif,E:\LandSlide-Prediction\data\terrain\contours\LS_00983.png,425.9567565917969,373.8999938964844,502.6022033691406,128.70220947265625,13.05150032043457,30.19881820678711,20.89844512939453,-0.061213694512844086,0.6298179626464844
LS_00984,1,success,E:\LandSlide-Prediction\data\terrain\patches\LS_00984.tif,E:\LandSlide-Prediction\data\terrain\contours\LS_00984.png,438.7216796875,374.73895263671875,509.0509948730469,134.31204223632812,17.28875160217285,33.432403564453125,25.13690185546875,-0.06108296290040016,0.652596652507782
LS_00986,1,success,E:\LandSlide-Prediction\data\terrain\patches\LS_00986.tif,E:\LandSlide-Prediction\data\terrain\contours\LS_00986.png,389.9879150390625,358.72900390625,427.7920837402344,69.06307983398438,6.107778072357178,24.636003494262695,12.045598030090332,-0.0428958535194397,0.3466145694255829
LS_00988,1,success,E:\LandSlide-Prediction\data\terrain\patches\LS_00988.tif,E:\LandSlide-Prediction\data\terrain\contours\LS_00988.png,555.8896484375,501.35284423828125,590.9615478515625,89.60870361328125,11.290037155151367,25.791366577148438,19.4158935546875,-0.0017177388072013855,0.5639315843582153
LS_00989,1,success,E:\LandSlide-Prediction\data\terrain\patches\LS_00989.tif,E:\LandSlide-Prediction\data\terrain\contours\LS_00989.png,699.95068359375,632.1093139648438,743.2117919921875,111.10247802734375,13.649710655212402,41.82182312011719,22.19623565673828,-0.08317415416240692,0.7489678263664246
LS_00991,1,success,E:\LandSlide-Prediction\data\terrain\patches\LS_00991.tif,E:\LandSlide-Prediction\data\terrain\contours\LS_00991.png,656.1533203125,590.5166015625,699.2741088867188,108.75750732421875,15.762555122375488,38.171844482421875,27.2894229888916,0.05680685490369797,0.9600796103477478
LS_00992,1,success,E:\LandSlide-Prediction\data\terrain\patches\LS_00992.tif,E:\LandSlide-Prediction\data\terrain\contours\LS_00992.png,481.9089050292969,366.83203125,646.0186157226562,279.18658447265625,23.59282684326172,44.72274398803711,34.858707427978516,0.03331955894827843,0.7677503228187561
LS_00994,1,success,E:\LandSlide-Prediction\data\terrain\patches\LS_00994.tif,E:\LandSlide-Prediction\data\terrain\contours\LS_00994.png,552.6103515625,391.1477966308594,708.6792602539062,317.5314636230469,22.899370193481445,40.38447952270508,31.885650634765625,-0.004486855119466782,0.8406298756599426
LS_00995,1,success,E:\LandSlide-Prediction\data\terrain\patches\LS_00995.tif,E:\LandSlide-Prediction\data\terrain\contours\LS_00995.png,1068.42041015625,862.5906982421875,1204.902587890625,342.3118896484375,29.067434310913086,48.29877471923828,43.111854553222656,-0.08574460446834564,1.2474188804626465
LS_00997,1,success,E:\LandSlide-Prediction\data\terrain\patches\LS_00997.tif,E:\LandSlide-Prediction\data\terrain\contours\LS_00997.png,744.7835693359375,553.0908813476562,996.5887451171875,443.49786376953125,29.114791870117188,47.16948699951172,38.471893310546875,0.07416927814483643,0.9072769284248352
LS_00998,1,success,E:\LandSlide-Prediction\data\terrain\patches\LS_00998.tif,E:\LandSlide-Prediction\data\terrain\contours\LS_00998.png,1106.48681640625,975.9785766601562,1246.689453125,270.71087646484375,27.004518508911133,59.76164627075195,45.91114807128906,-0.051453135907649994,1.3015848398208618
LS_00999,1,success,E:\LandSlide-Prediction\data\terrain\patches\LS_00999.tif,E:\LandSlide-Prediction\data\terrain\contours\LS_00999.png,635.2916259765625,593.6646118164062,748.5533447265625,154.88873291015625,15.168551445007324,35.159523010253906,22.772687911987305,-0.017804782837629318,0.864284098148346
LS_01000,1,success,E:\LandSlide-Prediction\data\terrain\patches\LS_01000.tif,E:\LandSlide-Prediction\data\terrain\contours\LS_01000.png,726.1787109375,499.44854736328125,907.47802734375,408.02947998046875,27.855979919433594,42.42501449584961,36.350833892822266,-0.01857699453830719,0.7512737512588501
LS_01001,1,success,E:\LandSlide-Prediction\data\terrain\patches\LS_01001.tif,E:\LandSlide-Prediction\data\terrain\contours\LS_01001.png,320.6689453125,192.03468322753906,488.63360595703125,296.59893798828125,23.66912841796875,37.703548431396484,31.64418601989746,0.11204171925783157,0.7319124937057495
LS_01004,1,success,E:\LandSlide-Prediction\data\terrain\patches\LS_01004.tif,E:\LandSlide-Prediction\data\terrain\contours\LS_01004.png,158.43994140625,81.18514251708984,337.7094421386719,256.5242919921875,19.380008697509766,40.34379196166992,32.69641876220703,0.03484545648097992,0.6506029963493347
LS_01006,1,success,E:\LandSlide-Prediction\data\terrain\patches\LS_01006.tif,E:\LandSlide-Prediction\data\terrain\contours\LS_01006.png,223.3411865234375,149.19332885742188,291.0556640625,141.86233520507812,17.866291046142578,36.72201919555664,29.450551986694336,-0.013139656744897366,0.8181815147399902
LS_01007,1,success,E:\LandSlide-Prediction\data\terrain\patches\LS_01007.tif,E:\LandSlide-Prediction\data\terrain\contours\LS_01007.png,169.60543823242188,130.0031280517578,258.3735046386719,128.37037658691406,14.582181930541992,36.13679122924805,27.54598617553711,0.04910212382674217,0.7443897724151611
LS_01009,1,success,E:\LandSlide-Prediction\data\terrain\patches\LS_01009.tif,E:\LandSlide-Prediction\data\terrain\contours\LS_01009.png,121.81021881103516,68.47681427001953,311.698486328125,243.2216796875,16.115354537963867,43.314334869384766,31.534555435180664,0.059701915830373764,0.6328309178352356
LS_01010,1,success,E:\LandSlide-Prediction\data\terrain\patches\LS_01010.tif,E:\LandSlide-Prediction\data\terrain\contours\LS_01010.png,165.5960693359375,114.64531707763672,243.604248046875,128.95892333984375,15.578258514404297,44.293636322021484,30.292449951171875,0.03002060204744339,0.8595990538597107
LS_01012,1,success,E:\LandSlide-Prediction\data\terrain\patches\LS_01012.tif,E:\LandSlide-Prediction\data\terrain\contours\LS_01012.png,178.07916259765625,90.50852966308594,301.81793212890625,211.3094024658203,18.599971771240234,45.231101989746094,38.039466857910156,-0.04872994124889374,0.6972071528434753
LS_01013,1,success,E:\LandSlide-Prediction\data\terrain\patches\LS_01013.tif,E:\LandSlide-Prediction\data\terrain\contours\LS_01013.png,194.11424255371094,150.67567443847656,257.2073669433594,106.53169250488281,13.537446022033691,28.545726776123047,22.063079833984375,-0.023091459646821022,0.6632330417633057
LS_01014,1,success,E:\LandSlide-Prediction\data\terrain\patches\LS_01014.tif,E:\LandSlide-Prediction\data\terrain\contours\LS_01014.png,214.9321746826172,137.82315063476562,298.3705749511719,160.54742431640625,18.052207946777344,35.401676177978516,28.179046630859375,-0.006914958357810974,0.6890367269515991
LS_01016,1,success,E:\LandSlide-Prediction\data\terrain\patches\LS_01016.tif,E:\LandSlide-Prediction\data\terrain\contours\LS_01016.png,146.4450225830078,99.26493835449219,233.1280517578125,133.8631134033203,14.643619537353516,38.643577575683594,24.62978172302246,-0.020334530621767044,0.6678544282913208
LS_01017,1,success,E:\LandSlide-Prediction\data\terrain\patches\LS_01017.tif,E:\LandSlide-Prediction\data\terrain\contours\LS_01017.png,203.60202026367188,99.85623931884766,377.3594055175781,277.503173828125,20.799331665039062,47.620479583740234,37.36503601074219,0.007453622296452522,0.761827290058136
LS_01018,1,success,E:\LandSlide-Prediction\data\terrain\patches\LS_01018.tif,E:\LandSlide-Prediction\data\terrain\contours\LS_01018.png,186.88351440429688,110.98109436035156,243.1389923095703,132.15789794921875,13.409135818481445,37.66389465332031,29.5062313079834,-0.030954210087656975,0.5922551155090332
LS_01019,1,success,E:\LandSlide-Prediction\data\terrain\patches\LS_01019.tif,E:\LandSlide-Prediction\data\terrain\contours\LS_01019.png,269.0504455566406,166.78607177734375,467.40899658203125,300.6229248046875,21.722576141357422,47.42351531982422,36.47284698486328,-0.04529159516096115,0.7657886743545532
LS_01020,1,success,E:\LandSlide-Prediction\data\terrain\patches\LS_01020.tif,E:\LandSlide-Prediction\data\terrain\contours\LS_01020.png,156.72305297851562,89.4847412109375,248.6898956298828,159.2051544189453,14.687427520751953,34.936946868896484,25.755495071411133,-0.009547421708703041,0.5637598633766174
LS_01022,1,success,E:\LandSlide-Prediction\data\terrain\patches\LS_01022.tif,E:\LandSlide-Prediction\data\terrain\contours\LS_01022.png,184.81800842285156,104.10858154296875,246.98886108398438,142.88027954101562,16.418848037719727,35.34508514404297,26.306446075439453,0.08274870365858078,0.7674155235290527
LS_01024,1,success,E:\LandSlide-Prediction\data\terrain\patches\LS_01024.tif,E:\LandSlide-Prediction\data\terrain\contours\LS_01024.png,444.54864501953125,266.9397888183594,631.8584594726562,364.9186706542969,29.034265518188477,54.053192138671875,39.29414367675781,-0.07806432247161865,0.9594176411628723
LS_01025,1,success,E:\LandSlide-Prediction\data\terrain\patches\LS_01025.tif,E:\LandSlide-Prediction\data\terrain\contours\LS_01025.png,187.27684020996094,117.66661834716797,275.2350158691406,157.56838989257812,13.547990798950195,32.15237045288086,23.345029830932617,0.014325927011668682,0.7077048420906067
LS_01026,1,success,E:\LandSlide-Prediction\data\terrain\patches\LS_01026.tif,E:\LandSlide-Prediction\data\terrain\contours\LS_01026.png,115.69041442871094,83.47048950195312,195.28140258789062,111.8109130859375,12.947973251342773,34.11702346801758,23.86003875732422,0.001822350313887,0.7601087689399719
LS_01027,1,success,E:\LandSlide-Prediction\data\terrain\patches\LS_01027.tif,E:\LandSlide-Prediction\data\terrain\contours\LS_01027.png,404.873046875,321.3555908203125,581.6414184570312,260.28582763671875,21.393571853637695,35.45869827270508,29.333301544189453,0.10349328070878983,0.6997556686401367
LS_01028,1,success,E:\LandSlide-Prediction\data\terrain\patches\LS_01028.tif,E:\LandSlide-Prediction\data\terrain\contours\LS_01028.png,564.860107421875,528.9014282226562,613.5640869140625,84.66265869140625,12.986759185791016,33.81177520751953,21.396358489990234,0.04194428771734238,0.7487843632698059
LS_01029,1,success,E:\LandSlide-Prediction\data\terrain\patches\LS_01029.tif,E:\LandSlide-Prediction\data\terrain\contours\LS_01029.png,292.4556884765625,201.25672912597656,486.35455322265625,285.09783935546875,22.39112091064453,40.39444351196289,34.02900314331055,0.006844308227300644,0.7716407179832458
LS_01030,1,success,E:\LandSlide-Prediction\data\terrain\patches\LS_01030.tif,E:\LandSlide-Prediction\data\terrain\contours\LS_01030.png,347.0033264160156,261.101318359375,411.8334045410156,150.73208618164062,18.848628997802734,35.54478454589844,28.462234497070312,-0.044421758502721786,0.8663504123687744
LS_01031,1,success,E:\LandSlide-Prediction\data\terrain\patches\LS_01031.tif,E:\LandSlide-Prediction\data\terrain\contours\LS_01031.png,396.249267578125,255.3661651611328,514.9773559570312,259.6112060546875,21.577556610107422,45.671852111816406,32.72988510131836,-0.012187907472252846,0.8195451498031616
LS_01032,1,success,E:\LandSlide-Prediction\data\terrain\patches\LS_01032.tif,E:\LandSlide-Prediction\data\terrain\contours\LS_01032.png,290.96343994140625,248.3095245361328,339.1851501464844,90.87562561035156,13.215850830078125,31.3021240234375,22.982421875,0.01916600950062275,0.6854956150054932
LS_01033,1,success,E:\LandSlide-Prediction\data\terrain\patches\LS_01033.tif,E:\LandSlide-Prediction\data\terrain\contours\LS_01033.png,398.7017822265625,281.8166198730469,549.563232421875,267.7466125488281,25.5477294921875,41.85752868652344,33.810279846191406,0.10230746120214462,0.8205172419548035
LS_01034,1,success,E:\LandSlide-Prediction\data\terrain\patches\LS_01034.tif,E:\LandSlide-Prediction\data\terrain\contours\LS_01034.png,417.99835205078125,273.9002685546875,552.6322021484375,278.73193359375,23.308757781982422,40.21540451049805,33.78998565673828,-0.008468881249427795,0.7420153021812439
LS_01036,1,success,E:\LandSlide-Prediction\data\terrain\patches\LS_01036.tif,E:\LandSlide-Prediction\data\terrain\contours\LS_01036.png,373.71832275390625,257.4585266113281,539.51708984375,282.0585632324219,23.1785831451416,39.46687698364258,31.72519302368164,0.04181753844022751,0.7530640959739685
LS_01037,1,success,E:\LandSlide-Prediction\data\terrain\patches\LS_01037.tif,E:\LandSlide-Prediction\data\terrain\contours\LS_01037.png,454.6871643066406,331.9660949707031,546.6824340820312,214.71633911132812,22.11032485961914,40.00469207763672,32.30397033691406,0.06337864696979523,0.9850870370864868
LS_01040,1,success,E:\LandSlide-Prediction\data\terrain\patches\LS_01040.tif,E:\LandSlide-Prediction\data\terrain\contours\LS_01040.png,678.9883422851562,624.8888549804688,720.0137939453125,95.12493896484375,16.468799591064453,32.23961639404297,27.58626937866211,0.0023308657109737396,0.8020896315574646
LS_01041,1,success,E:\LandSlide-Prediction\data\terrain\patches\LS_01041.tif,E:\LandSlide-Prediction\data\terrain\contours\LS_01041.png,554.9769287109375,514.6798095703125,599.4356079101562,84.75579833984375,13.795333862304688,35.55213165283203,23.108444213867188,0.0008340068161487579,0.839117169380188
LS_01042,1,success,E:\LandSlide-Prediction\data\terrain\patches\LS_01042.tif,E:\LandSlide-Prediction\data\terrain\contours\LS_01042.png,402.58697509765625,366.35943603515625,451.4927673339844,85.13333129882812,12.122404098510742,27.046478271484375,20.076169967651367,0.005280982702970505,0.5108667612075806
LS_01043,1,success,E:\LandSlide-Prediction\data\terrain\patches\LS_01043.tif,E:\LandSlide-Prediction\data\terrain\contours\LS_01043.png,999.8489990234375,915.2515869140625,1113.6839599609375,198.432373046875,18.654964447021484,36.77513885498047,27.492816925048828,0.1024334579706192,0.936113178730011
LS_01045,1,success,E:\LandSlide-Prediction\data\terrain\patches\LS_01045.tif,E:\LandSlide-Prediction\data\terrain\contours\LS_01045.png,760.06689453125,597.2672119140625,912.7652587890625,315.498046875,24.940975189208984,56.07101821899414,40.442237854003906,0.058528803288936615,1.1669180393218994
LS_01047,1,success,E:\LandSlide-Prediction\data\terrain\patches\LS_01047.tif,E:\LandSlide-Prediction\data\terrain\contours\LS_01047.png,910.5389404296875,769.7288818359375,1063.7232666015625,293.994384765625,23.42953109741211,40.316402435302734,33.681785583496094,0.006786361336708069,0.8670721054077148
LS_01048,1,success,E:\LandSlide-Prediction\data\terrain\patches\LS_01048.tif,E:\LandSlide-Prediction\data\terrain\contours\LS_01048.png,1205.100341796875,1043.6402587890625,1422.2696533203125,378.62939453125,27.519691467285156,57.694496154785156,39.519126892089844,-0.028945110738277435,1.2088677883148193
LS_01050,1,success,E:\LandSlide-Prediction\data\terrain\patches\LS_01050.tif,E:\LandSlide-Prediction\data\terrain\contours\LS_01050.png,786.408935546875,644.2412719726562,918.1234741210938,273.8822021484375,21.654220581054688,35.2725830078125,30.131065368652344,0.07568344473838806,0.8364214301109314
LS_01052,1,success,E:\LandSlide-Prediction\data\terrain\patches\LS_01052.tif,E:\LandSlide-Prediction\data\terrain\contours\LS_01052.png,859.702880859375,739.6185913085938,960.26953125,220.65093994140625,23.421451568603516,45.787235260009766,33.57158660888672,0.07710996270179749,0.8327271342277527
LS_01053,1,success,E:\LandSlide-Prediction\data\terrain\patches\LS_01053.tif,E:\LandSlide-Prediction\data\terrain\contours\LS_01053.png,743.2415771484375,603.483642578125,910.2568359375,306.773193359375,26.081985473632812,46.22105026245117,39.81440734863281,0.05720457062125206,1.0528404712677002
LS_01054,1,success,E:\LandSlide-Prediction\data\terrain\patches\LS_01054.tif,E:\LandSlide-Prediction\data\terrain\contours\LS_01054.png,446.5230712890625,393.4224548339844,576.4391479492188,183.01669311523438,16.19923973083496,32.13125228881836,25.44134521484375,0.01598820835351944,0.6891279816627502
LS_01055,1,success,E:\LandSlide-Prediction\data\terrain\patches\LS_01055.tif,E:\LandSlide-Prediction\data\terrain\contours\LS_01055.png,449.37646484375,388.3334045410156,553.5748291015625,165.24142456054688,16.42369842529297,33.53175735473633,25.42928695678711,0.03411492705345154,0.7750318050384521
LS_01056,1,success,E:\LandSlide-Prediction\data\terrain\patches\LS_01056.tif,E:\LandSlide-Prediction\data\terrain\contours\LS_01056.png,784.621826171875,631.2748413085938,954.0394287109375,322.76458740234375,23.914901733398438,45.26585006713867,36.50007629394531,-0.024022892117500305,0.8910958766937256
LS_01058,1,success,E:\LandSlide-Prediction\data\terrain\patches\LS_01058.tif,E:\LandSlide-Prediction\data\terrain\contours\LS_01058.png,725.8784790039062,661.8815307617188,788.9022216796875,127.02069091796875,11.838397979736328,29.738542556762695,19.725482940673828,-0.019312817603349686,0.7415255904197693
LS_01060,1,success,E:\LandSlide-Prediction\data\terrain\patches\LS_01060.tif,E:\LandSlide-Prediction\data\terrain\contours\LS_01060.png,1046.302978515625,982.3405151367188,1112.317138671875,129.97662353515625,15.448064804077148,33.35531234741211,23.955821990966797,0.029717177152633667,0.8287104964256287
LS_01062,1,success,E:\LandSlide-Prediction\data\terrain\patches\LS_01062.tif,E:\LandSlide-Prediction\data\terrain\contours\LS_01062.png,923.42626953125,849.7906494140625,1023.3341064453125,173.54345703125,14.788660049438477,38.13914489746094,25.29005241394043,0.05315066874027252,0.6911770701408386
LS_01063,1,success,E:\LandSlide-Prediction\data\terrain\patches\LS_01063.tif,E:\LandSlide-Prediction\data\terrain\contours\LS_01063.png,1378.51220703125,1189.8060302734375,1550.362548828125,360.5565185546875,27.06302261352539,55.60095977783203,43.21820831298828,0.004986904561519623,1.1481108665466309
LS_01064,1,success,E:\LandSlide-Prediction\data\terrain\patches\LS_01064.tif,E:\LandSlide-Prediction\data\terrain\contours\LS_01064.png,1105.925537109375,996.9573974609375,1235.89599609375,238.9385986328125,19.833608627319336,39.101158142089844,29.379623413085938,-0.015894901007413864,0.7984070181846619
LS_01066,1,success,E:\LandSlide-Prediction\data\terrain\patches\LS_01066.tif,E:\LandSlide-Prediction\data\terrain\contours\LS_01066.png,1066.9967041015625,956.4224243164062,1199.82275390625,243.40032958984375,16.81960678100586,39.87629699707031,29.938663482666016,-0.03794781118631363,0.6558780670166016
LS_01067,1,success,E:\LandSlide-Prediction\data\terrain\patches\LS_01067.tif,E:\LandSlide-Prediction\data\terrain\contours\LS_01067.png,826.799072265625,740.8318481445312,942.4119262695312,201.580078125,16.266620635986328,31.967159271240234,23.643888473510742,-0.003381524235010147,0.6615256071090698
LS_01068,1,success,E:\LandSlide-Prediction\data\terrain\patches\LS_01068.tif,E:\LandSlide-Prediction\data\terrain\contours\LS_01068.png,770.5510864257812,598.485595703125,994.9149780273438,396.42938232421875,30.419099807739258,54.254329681396484,44.93052673339844,-0.03259715810418129,0.8397871255874634
LS_01070,1,success,E:\LandSlide-Prediction\data\terrain\patches\LS_01070.tif,E:\LandSlide-Prediction\data\terrain\contours\LS_01070.png,949.5469360351562,750.0919189453125,1155.939453125,405.8475341796875,27.519420623779297,51.87249755859375,43.01891326904297,-0.10979407280683517,1.1590099334716797
LS_01071,1,success,E:\LandSlide-Prediction\data\terrain\patches\LS_01071.tif,E:\LandSlide-Prediction\data\terrain\contours\LS_01071.png,948.2258911132812,820.7184448242188,1139.5133056640625,318.79486083984375,25.22398567199707,48.00040054321289,38.64657974243164,-0.01522894948720932,1.0167993307113647
LS_01073,1,success,E:\LandSlide-Prediction\data\terrain\patches\LS_01073.tif,E:\LandSlide-Prediction\data\terrain\contours\LS_01073.png,812.5845947265625,725.748046875,934.1782836914062,208.43023681640625,17.833906173706055,36.953243255615234,26.015270233154297,-0.04125320911407471,0.784056544303894
LS_01074,1,success,E:\LandSlide-Prediction\data\terrain\patches\LS_01074.tif,E:\LandSlide-Prediction\data\terrain\contours\LS_01074.png,816.3363037109375,657.5177001953125,1023.0390014648438,365.52130126953125,22.387331008911133,36.710453033447266,28.766845703125,-0.012759912759065628,0.7989698648452759
LS_01075,1,success,E:\LandSlide-Prediction\data\terrain\patches\LS_01075.tif,E:\LandSlide-Prediction\data\terrain\contours\LS_01075.png,981.1385498046875,844.8914794921875,1115.5380859375,270.6466064453125,23.308547973632812,41.2127799987793,32.87439727783203,-0.007525686174631119,1.0541627407073975
LS_01076,1,success,E:\LandSlide-Prediction\data\terrain\patches\LS_01076.tif,E:\LandSlide-Prediction\data\terrain\contours\LS_01076.png,738.1275634765625,663.6243286132812,833.1736450195312,169.54931640625,18.842700958251953,33.305763244628906,26.14297103881836,-0.09133219718933105,0.8434125185012817
LS_01077,1,success,E:\LandSlide-Prediction\data\terrain\patches\LS_01077.tif,E:\LandSlide-Prediction\data\terrain\contours\LS_01077.png,561.7469482421875,427.0,666.5064697265625,239.5064697265625,23.211673736572266,46.88165283203125,33.249000549316406,-0.07962177693843842,0.9279425740242004
LS_01079,1,success,E:\LandSlide-Prediction\data\terrain\patches\LS_01079.tif,E:\LandSlide-Prediction\data\terrain\contours\LS_01079.png,477.00994873046875,427.0,563.5396728515625,136.5396728515625,14.698711395263672,55.31865692138672,31.141658782958984,-0.0020292019471526146,0.8159043788909912
LS_01080,1,success,E:\LandSlide-Prediction\data\terrain\patches\LS_01080.tif,E:\LandSlide-Prediction\data\terrain\contours\LS_01080.png,489.5816345214844,427.0,650.2344970703125,223.2344970703125,15.634148597717285,42.55975341796875,27.56204605102539,0.02604534849524498,0.6717775464057922
LS_01082,1,success,E:\LandSlide-Prediction\data\terrain\patches\LS_01082.tif,E:\LandSlide-Prediction\data\terrain\contours\LS_01082.png,482.1728515625,427.0,570.7548828125,143.7548828125,14.672708511352539,36.922691345214844,26.561567306518555,0.022412307560443878,0.6578049063682556
LS_01083,1,success,E:\LandSlide-Prediction\data\terrain\patches\LS_01083.tif,E:\LandSlide-Prediction\data\terrain\contours\LS_01083.png,468.17657470703125,427.0,584.441650390625,157.441650390625,11.33061408996582,34.714805603027344,25.689842224121094,0.0007551237940788269,0.5962210893630981
LS_01086,1,success,E:\LandSlide-Prediction\data\terrain\patches\LS_01086.tif,E:\LandSlide-Prediction\data\terrain\contours\LS_01086.png,593.777099609375,494.1341857910156,703.3375854492188,209.20339965820312,19.124359130859375,32.45433044433594,27.01797103881836,0.02718312293291092,0.7232549786567688
LS_01087,1,success,E:\LandSlide-Prediction\data\terrain\patches\LS_01087.tif,E:\LandSlide-Prediction\data\terrain\contours\LS_01087.png,785.1248779296875,716.1609497070312,845.2752685546875,129.11431884765625,12.903640747070312,33.80889129638672,23.423542022705078,-0.008783772587776184,0.6518733501434326
LS_01089,1,success,E:\LandSlide-Prediction\data\terrain\patches\LS_01089.tif,E:\LandSlide-Prediction\data\terrain\contours\LS_01089.png,593.2110595703125,522.8184814453125,649.2677612304688,126.44927978515625,14.807329177856445,38.21006393432617,24.25617027282715,-0.044505275785923004,0.7854524254798889
LS_01090,1,success,E:\LandSlide-Prediction\data\terrain\patches\LS_01090.tif,E:\LandSlide-Prediction\data\terrain\contours\LS_01090.png,564.1070556640625,443.9403381347656,649.0143432617188,205.07400512695312,18.718852996826172,41.4818115234375,30.803359985351562,0.02783060446381569,0.9866331219673157
LS_01091,1,success,E:\LandSlide-Prediction\data\terrain\patches\LS_01091.tif,E:\LandSlide-Prediction\data\terrain\contours\LS_01091.png,577.1605224609375,490.0465393066406,714.6953735351562,224.64883422851562,20.817110061645508,42.17074966430664,34.19393539428711,-0.09684865921735764,0.8703809976577759
LS_01092,1,success,E:\LandSlide-Prediction\data\terrain\patches\LS_01092.tif,E:\LandSlide-Prediction\data\terrain\contours\LS_01092.png,512.517578125,322.7740173339844,726.5841674804688,403.8101501464844,25.79561996459961,43.97990036010742,32.89175033569336,0.05759536474943161,0.7681875228881836
LS_01093,1,success,E:\LandSlide-Prediction\data\terrain\patches\LS_01093.tif,E:\LandSlide-Prediction\data\terrain\contours\LS_01093.png,215.39453125,173.82249450683594,260.19329833984375,86.37080383300781,13.897266387939453,30.315471649169922,24.005611419677734,0.022695913910865784,0.7581909894943237
LS_01095,1,success,E:\LandSlide-Prediction\data\terrain\patches\LS_01095.tif,E:\LandSlide-Prediction\data\terrain\contours\LS_01095.png,554.675048828125,423.2555236816406,636.1527099609375,212.89718627929688,18.35302734375,37.66777420043945,27.31928253173828,0.0013257432729005814,0.8561886548995972
LS_01096,1,success,E:\LandSlide-Prediction\data\terrain\patches\LS_01096.tif,E:\LandSlide-Prediction\data\terrain\contours\LS_01096.png,549.963623046875,443.357666015625,662.1923217773438,218.83465576171875,19.284523010253906,39.29994583129883,32.73793029785156,0.0005915723741054535,0.660132884979248
LS_01098,1,success,E:\LandSlide-Prediction\data\terrain\patches\LS_01098.tif,E:\LandSlide-Prediction\data\terrain\contours\LS_01098.png,596.1146850585938,551.0757446289062,646.7655639648438,95.6898193359375,12.13829517364502,28.48797035217285,18.93271255493164,-0.054261431097984314,0.5821888446807861
LS_01101,1,success,E:\LandSlide-Prediction\data\terrain\patches\LS_01101.tif,E:\LandSlide-Prediction\data\terrain\contours\LS_01101.png,361.4920959472656,233.3968048095703,525.4895629882812,292.0927734375,22.958295822143555,42.26123809814453,33.5746955871582,0.030754022300243378,0.8920111060142517
LS_01102,1,success,E:\LandSlide-Prediction\data\terrain\patches\LS_01102.tif,E:\LandSlide-Prediction\data\terrain\contours\LS_01102.png,274.3683776855469,225.79928588867188,343.3345642089844,117.5352783203125,12.042546272277832,30.511091232299805,21.600831985473633,-0.02119084820151329,0.6307461857795715
LS_01103,1,success,E:\LandSlide-Prediction\data\terrain\patches\LS_01103.tif,E:\LandSlide-Prediction\data\terrain\contours\LS_01103.png,635.5634765625,483.2003173828125,767.7210693359375,284.520751953125,24.97071075439453,40.43409729003906,33.21784973144531,-0.07808162271976471,0.7982888221740723
LS_01106,1,success,E:\LandSlide-Prediction\data\terrain\patches\LS_01106.tif,E:\LandSlide-Prediction\data\terrain\contours\LS_01106.png,430.551513671875,256.81817626953125,712.0930786132812,455.27490234375,28.50287628173828,45.04066848754883,40.551307678222656,-0.014770030975341797,0.8254875540733337
LS_01108,1,success,E:\LandSlide-Prediction\data\terrain\patches\LS_01108.tif,E:\LandSlide-Prediction\data\terrain\contours\LS_01108.png,357.221923828125,234.6727752685547,471.7337341308594,237.0609588623047,20.861526489257812,44.89765930175781,33.960060119628906,-0.03146146237850189,0.7861130237579346
LS_01109,1,success,E:\LandSlide-Prediction\data\terrain\patches\LS_01109.tif,E:\LandSlide-Prediction\data\terrain\contours\LS_01109.png,443.3878173828125,284.6449279785156,642.7706298828125,358.1257019042969,25.82530403137207,40.220977783203125,34.499366760253906,-0.042738478630781174,0.7752737998962402
LS_01110,1,success,E:\LandSlide-Prediction\data\terrain\patches\LS_01110.tif,E:\LandSlide-Prediction\data\terrain\contours\LS_01110.png,581.7509765625,528.0319213867188,649.260009765625,121.22808837890625,16.305923461914062,38.3258171081543,27.540760040283203,-0.05331439524888992,0.8796445727348328
LS_01111,1,success,E:\LandSlide-Prediction\data\terrain\patches\LS_01111.tif,E:\LandSlide-Prediction\data\terrain\contours\LS_01111.png,417.7178955078125,245.28858947753906,659.4716186523438,414.18304443359375,27.689268112182617,51.77399444580078,40.697120666503906,-0.01949211210012436,0.8858364820480347
LS_01112,1,success,E:\LandSlide-Prediction\data\terrain\patches\LS_01112.tif,E:\LandSlide-Prediction\data\terrain\contours\LS_01112.png,235.3245086669922,153.9336700439453,326.3919982910156,172.4583282470703,18.665599822998047,33.68891525268555,28.057476043701172,0.04431413486599922,0.7606754302978516
LS_01114,1,success,E:\LandSlide-Prediction\data\terrain\patches\LS_01114.tif,E:\LandSlide-Prediction\data\terrain\contours\LS_01114.png,319.1223449707031,240.5933837890625,367.0246276855469,126.43124389648438,13.494277000427246,36.97544860839844,24.065940856933594,0.026071911677718163,0.67752605676651
LS_01115,1,success,E:\LandSlide-Prediction\data\terrain\patches\LS_01115.tif,E:\LandSlide-Prediction\data\terrain\contours\LS_01115.png,231.10430908203125,158.40065002441406,310.5013427734375,152.10069274902344,13.541067123413086,26.463449478149414,20.1772518157959,0.04616934061050415,0.6849389672279358
LS_01116,1,success,E:\LandSlide-Prediction\data\terrain\patches\LS_01116.tif,E:\LandSlide-Prediction\data\terrain\contours\LS_01116.png,136.54148864746094,104.4084701538086,191.8046112060547,87.3961410522461,13.32923698425293,28.659622192382812,22.649477005004883,0.02287609875202179,0.6278045177459717
LS_01117,1,success,E:\LandSlide-Prediction\data\terrain\patches\LS_01117.tif,E:\LandSlide-Prediction\data\terrain\contours\LS_01117.png,202.3014373779297,146.5436553955078,282.527099609375,135.9834442138672,16.139204025268555,33.20294189453125,24.876060485839844,-0.03862214833498001,0.7454325556755066
LS_01118,1,success,E:\LandSlide-Prediction\data\terrain\patches\LS_01118.tif,E:\LandSlide-Prediction\data\terrain\contours\LS_01118.png,163.6779022216797,111.58453369140625,238.76882934570312,127.18429565429688,14.536977767944336,32.391441345214844,25.345680236816406,0.024042608216404915,0.788537323474884
LS_01119,1,success,E:\LandSlide-Prediction\data\terrain\patches\LS_01119.tif,E:\LandSlide-Prediction\data\terrain\contours\LS_01119.png,248.44180297851562,186.50588989257812,303.89739990234375,117.39151000976562,15.755571365356445,36.2780876159668,24.99920654296875,-0.0522075816988945,0.73162442445755
LS_01120,1,success,E:\LandSlide-Prediction\data\terrain\patches\LS_01120.tif,E:\LandSlide-Prediction\data\terrain\contours\LS_01120.png,273.5306091308594,166.7837677001953,439.663330078125,272.87957763671875,21.459720611572266,46.4709587097168,31.0078125,-0.011239472776651382,0.7973979711532593
LS_01121,1,success,E:\LandSlide-Prediction\data\terrain\patches\LS_01121.tif,E:\LandSlide-Prediction\data\terrain\contours\LS_01121.png,202.68032836914062,163.09039306640625,273.522216796875,110.43182373046875,13.53466796875,32.489837646484375,23.222484588623047,0.03532663360238075,0.649972677230835
LS_01122,1,success,E:\LandSlide-Prediction\data\terrain\patches\LS_01122.tif,E:\LandSlide-Prediction\data\terrain\contours\LS_01122.png,239.65904235839844,121.35384368896484,367.5816955566406,246.22784423828125,15.650775909423828,48.46127700805664,24.934619903564453,-0.011697888374328613,0.6781864762306213
LS_01124,1,success,E:\LandSlide-Prediction\data\terrain\patches\LS_01124.tif,E:\LandSlide-Prediction\data\terrain\contours\LS_01124.png,171.2195281982422,86.18162536621094,261.7018127441406,175.5201873779297,16.179092407226562,30.786663055419922,23.993194580078125,0.009633501060307026,0.6846201419830322
LS_01125,1,success,E:\LandSlide-Prediction\data\terrain\patches\LS_01125.tif,E:\LandSlide-Prediction\data\terrain\contours\LS_01125.png,136.45352172851562,62.88868713378906,243.2873077392578,180.39862060546875,16.41193199157715,29.798704147338867,24.080671310424805,0.018219681456685066,0.6402833461761475
LS_01126,1,success,E:\LandSlide-Prediction\data\terrain\patches\LS_01126.tif,E:\LandSlide-Prediction\data\terrain\contours\LS_01126.png,136.84950256347656,88.00588989257812,193.31564331054688,105.30975341796875,17.187992095947266,34.5694580078125,26.779590606689453,-0.09022388607263565,0.8838695287704468
LS_01127,1,success,E:\LandSlide-Prediction\data\terrain\patches\LS_01127.tif,E:\LandSlide-Prediction\data\terrain\contours\LS_01127.png,95.66668701171875,69.15754699707031,163.7423858642578,94.5848388671875,8.678329467773438,21.82280921936035,15.0919189453125,-0.00024142488837242126,0.4260958731174469
LS_01128,1,success,E:\LandSlide-Prediction\data\terrain\patches\LS_01128.tif,E:\LandSlide-Prediction\data\terrain\contours\LS_01128.png,111.06314849853516,67.614013671875,204.186279296875,136.572265625,14.611665725708008,34.90998458862305,24.497512817382812,0.022860798984766006,0.6334636211395264
LS_01129,1,success,E:\LandSlide-Prediction\data\terrain\patches\LS_01129.tif,E:\LandSlide-Prediction\data\terrain\contours\LS_01129.png,26.040283203125,8.625455856323242,44.834800720214844,36.20934295654297,7.647472381591797,20.78767204284668,14.378168106079102,-0.010165165178477764,0.5499086380004883
LS_01130,1,success,E:\LandSlide-Prediction\data\terrain\patches\LS_01130.tif,E:\LandSlide-Prediction\data\terrain\contours\LS_01130.png,270.0826110839844,187.6793212890625,385.3948669433594,197.71554565429688,16.124305725097656,41.493019104003906,25.241043090820312,-0.07064778357744217,0.7256130576133728
LS_01131,1,success,E:\LandSlide-Prediction\data\terrain\patches\LS_01131.tif,E:\LandSlide-Prediction\data\terrain\contours\LS_01131.png,532.115966796875,445.7212829589844,665.9249267578125,220.20364379882812,16.11365509033203,39.249786376953125,26.360130310058594,0.04333383962512016,0.664515495300293
LS_01132,1,success,E:\LandSlide-Prediction\data\terrain\patches\LS_01132.tif,E:\LandSlide-Prediction\data\terrain\contours\LS_01132.png,134.46856689453125,30.290939331054688,202.22291564941406,171.93197631835938,18.671157836914062,34.51119613647461,27.610118865966797,0.0045052641071379185,0.7662182450294495
LS_01133,1,success,E:\LandSlide-Prediction\data\terrain\patches\LS_01133.tif,E:\LandSlide-Prediction\data\terrain\contours\LS_01133.png,51.08273696899414,23.401762008666992,78.81120300292969,55.40943908691406,8.395782470703125,26.000627517700195,14.817680358886719,-0.014407271519303322,0.5414037704467773
LS_01134,1,success,E:\LandSlide-Prediction\data\terrain\patches\LS_01134.tif,E:\LandSlide-Prediction\data\terrain\contours\LS_01134.png,92.39932250976562,41.491416931152344,138.4842987060547,96.99288177490234,12.191675186157227,28.330385208129883,20.459630966186523,0.016375094652175903,0.5922066569328308
LS_01135,1,success,E:\LandSlide-Prediction\data\terrain\patches\LS_01135.tif,E:\LandSlide-Prediction\data\terrain\contours\LS_01135.png,70.33126068115234,18.922731399536133,187.77825927734375,168.85552978515625,15.967233657836914,35.85388946533203,27.667407989501953,-0.017782825976610184,0.6272936463356018
LS_01136,1,success,E:\LandSlide-Prediction\data\terrain\patches\LS_01136.tif,E:\LandSlide-Prediction\data\terrain\contours\LS_01136.png,46.325042724609375,25.319604873657227,95.91663360595703,70.59703063964844,6.622600078582764,21.528213500976562,11.897873878479004,0.009833713062107563,0.4409213066101074
LS_01137,1,success,E:\LandSlide-Prediction\data\terrain\patches\LS_01137.tif,E:\LandSlide-Prediction\data\terrain\contours\LS_01137.png,112.80052185058594,52.9490852355957,180.4585723876953,127.50949096679688,15.27366828918457,34.867515563964844,23.193267822265625,0.03922085464000702,0.6683191657066345
LS_01138,1,success,E:\LandSlide-Prediction\data\terrain\patches\LS_01138.tif,E:\LandSlide-Prediction\data\terrain\contours\LS_01138.png,189.52032470703125,110.56788635253906,245.90809631347656,135.3402099609375,16.24237823486328,36.29612350463867,25.09410858154297,-0.043389007449150085,0.7233120203018188
LS_01139,1,success,E:\LandSlide-Prediction\data\terrain\patches\LS_01139.tif,E:\LandSlide-Prediction\data\terrain\contours\LS_01139.png,89.5855712890625,21.694961547851562,177.3041229248047,155.60916137695312,15.491403579711914,40.77400207519531,29.94414710998535,-0.03772612661123276,0.7325871586799622
LS_01140,1,success,E:\LandSlide-Prediction\data\terrain\patches\LS_01140.tif,E:\LandSlide-Prediction\data\terrain\contours\LS_01140.png,167.0597381591797,64.57830047607422,288.3785400390625,223.80023193359375,19.787364959716797,39.838279724121094,31.08113670349121,-0.018421191722154617,0.7431949973106384
LS_01141,1,success,E:\LandSlide-Prediction\data\terrain\patches\LS_01141.tif,E:\LandSlide-Prediction\data\terrain\contours\LS_01141.png,135.38815307617188,33.512962341308594,253.65191650390625,220.13894653320312,19.30632209777832,36.36704635620117,26.790769577026367,-0.029373735189437866,0.6267297267913818
LS_01142,1,success,E:\LandSlide-Prediction\data\terrain\patches\LS_01142.tif,E:\LandSlide-Prediction\data\terrain\contours\LS_01142.png,256.0418701171875,211.05577087402344,311.63720703125,100.58143615722656,10.945682525634766,33.19111251831055,19.367328643798828,0.02035684883594513,0.60089111328125
LS_01143,1,success,E:\LandSlide-Prediction\data\terrain\patches\LS_01143.tif,E:\LandSlide-Prediction\data\terrain\contours\LS_01143.png,407.237548828125,338.1513671875,523.9966430664062,185.84527587890625,16.68114471435547,32.34359359741211,27.006549835205078,-0.01345544122159481,0.7733892798423767
LS_01144,1,success,E:\LandSlide-Prediction\data\terrain\patches\LS_01144.tif,E:\LandSlide-Prediction\data\terrain\contours\LS_01144.png,474.39215087890625,333.54779052734375,608.273193359375,274.72540283203125,20.96178436279297,35.04214859008789,29.031780242919922,-0.009345204569399357,0.6896551847457886
LS_01145,1,success,E:\LandSlide-Prediction\data\terrain\patches\LS_01145.tif,E:\LandSlide-Prediction\data\terrain\contours\LS_01145.png,1141.9388427734375,1056.4212646484375,1267.4674072265625,211.046142578125,18.676891326904297,37.89273452758789,28.727706909179688,0.06592552363872528,0.8411626219749451
LS_01147,1,success,E:\LandSlide-Prediction\data\terrain\patches\LS_01147.tif,E:\LandSlide-Prediction\data\terrain\contours\LS_01147.png,1410.1514892578125,1274.3238525390625,1586.74560546875,312.4217529296875,27.494003295898438,52.33003234863281,41.993621826171875,0.08955300599336624,1.1171053647994995
LS_01149,1,success,E:\LandSlide-Prediction\data\terrain\patches\LS_01149.tif,E:\LandSlide-Prediction\data\terrain\contours\LS_01149.png,1198.169189453125,1048.513916015625,1335.906005859375,287.39208984375,21.601642608642578,42.893821716308594,33.21746063232422,0.05593183636665344,0.947897732257843
LS_01151,1,success,E:\LandSlide-Prediction\data\terrain\patches\LS_01151.tif,E:\LandSlide-Prediction\data\terrain\contours\LS_01151.png,984.252197265625,780.95849609375,1183.9112548828125,402.9527587890625,21.63251495361328,45.69206237792969,32.57551956176758,0.11856074631214142,0.8204883933067322
LS_01153,1,success,E:\LandSlide-Prediction\data\terrain\patches\LS_01153.tif,E:\LandSlide-Prediction\data\terrain\contours\LS_01153.png,1120.9625244140625,1016.7362670898438,1299.1683349609375,282.43206787109375,19.726091384887695,51.50364685058594,32.861610412597656,0.027274727821350098,0.8286532163619995
LS_01155,1,success,E:\LandSlide-Prediction\data\terrain\patches\LS_01155.tif,E:\LandSlide-Prediction\data\terrain\contours\LS_01155.png,1396.379150390625,1171.6236572265625,1532.1517333984375,360.528076171875,25.221546173095703,44.388553619384766,37.55598068237305,-0.006987579166889191,0.8810961246490479
LS_01156,1,success,E:\LandSlide-Prediction\data\terrain\patches\LS_01156.tif,E:\LandSlide-Prediction\data\terrain\contours\LS_01156.png,1224.96435546875,1125.427978515625,1350.0863037109375,224.6583251953125,22.669586181640625,51.61174011230469,36.47686004638672,0.09547869861125946,0.9684373140335083
LS_01160,1,success,E:\LandSlide-Prediction\data\terrain\patches\LS_01160.tif,E:\LandSlide-Prediction\data\terrain\contours\LS_01160.png,1644.89599609375,1578.8756103515625,1731.0010986328125,152.12548828125,15.959135055541992,36.81183624267578,29.947673797607422,0.0015585795044898987,0.6505318880081177
LS_01164,1,success,E:\LandSlide-Prediction\data\terrain\patches\LS_01164.tif,E:\LandSlide-Prediction\data\terrain\contours\LS_01164.png,1141.345703125,1010.311767578125,1345.7000732421875,335.3883056640625,21.125835418701172,43.89800262451172,35.42859649658203,0.06525449454784393,0.7873858213424683
LS_01166,1,success,E:\LandSlide-Prediction\data\terrain\patches\LS_01166.tif,E:\LandSlide-Prediction\data\terrain\contours\LS_01166.png,1269.5386962890625,1029.582275390625,1515.6201171875,486.037841796875,34.1690673828125,56.009429931640625,46.1375732421875,0.05317044258117676,0.9266850352287292
LS_01170,1,success,E:\LandSlide-Prediction\data\terrain\patches\LS_01170.tif,E:\LandSlide-Prediction\data\terrain\contours\LS_01170.png,1310.2449951171875,1052.3316650390625,1515.511962890625,463.1802978515625,31.388172149658203,56.81547546386719,45.76763916015625,-0.030808381736278534,1.0459562540054321
LS_01173,1,success,E:\LandSlide-Prediction\data\terrain\patches\LS_01173.tif,E:\LandSlide-Prediction\data\terrain\contours\LS_01173.png,1118.361083984375,959.5574340820312,1338.142578125,378.58514404296875,26.747703552246094,52.79492950439453,42.66740417480469,0.03946509212255478,1.1673991680145264
LS_01174,1,success,E:\LandSlide-Prediction\data\terrain\patches\LS_01174.tif,E:\LandSlide-Prediction\data\terrain\contours\LS_01174.png,930.0504760742188,814.204833984375,1139.6085205078125,325.4036865234375,22.739151000976562,52.547367095947266,40.57706069946289,0.09309132397174835,0.8030531406402588
LS_01175,1,success,E:\LandSlide-Prediction\data\terrain\patches\LS_01175.tif,E:\LandSlide-Prediction\data\terrain\contours\LS_01175.png,844.5022583007812,729.150146484375,987.6408081054688,258.49066162109375,20.62459945678711,41.40715026855469,31.693584442138672,0.056173402816057205,0.8577842712402344
LS_01176,1,success,E:\LandSlide-Prediction\data\terrain\patches\LS_01176.tif,E:\LandSlide-Prediction\data\terrain\contours\LS_01176.png,718.4113159179688,615.9064331054688,869.7207641601562,253.8143310546875,19.61842155456543,37.89484405517578,29.494503021240234,0.023570097982883453,0.8606394529342651
LS_01177,1,success,E:\LandSlide-Prediction\data\terrain\patches\LS_01177.tif,E:\LandSlide-Prediction\data\terrain\contours\LS_01177.png,809.1201171875,652.776123046875,915.6348876953125,262.8587646484375,23.253524780273438,43.96913528442383,34.758506774902344,0.0007402226328849792,0.8001270294189453
LS_01178,1,success,E:\LandSlide-Prediction\data\terrain\patches\LS_01178.tif,E:\LandSlide-Prediction\data\terrain\contours\LS_01178.png,774.6240234375,650.3991088867188,965.7152099609375,315.31610107421875,24.29076385498047,55.93528366088867,42.409271240234375,-0.020352743566036224,0.9249358177185059
LS_01180,1,success,E:\LandSlide-Prediction\data\terrain\patches\LS_01180.tif,E:\LandSlide-Prediction\data\terrain\contours\LS_01180.png,463.2415771484375,349.583740234375,548.5390625,198.955322265625,19.616806030273438,42.078861236572266,29.93218994140625,-0.012368924915790558,0.7842591404914856
LS_01182,1,success,E:\LandSlide-Prediction\data\terrain\patches\LS_01182.tif,E:\LandSlide-Prediction\data\terrain\contours\LS_01182.png,672.638916015625,449.2852783203125,989.26220703125,539.9769287109375,33.8004150390625,62.98396301269531,51.103118896484375,0.11417256295681,1.2067523002624512
LS_01183,1,success,E:\LandSlide-Prediction\data\terrain\patches\LS_01183.tif,E:\LandSlide-Prediction\data\terrain\contours\LS_01183.png,146.96331787109375,92.42532348632812,203.0619659423828,110.63664245605469,15.790735244750977,40.72541427612305,25.18813133239746,0.006700867787003517,1.0084763765335083
LS_01184,1,success,E:\LandSlide-Prediction\data\terrain\patches\LS_01184.tif,E:\LandSlide-Prediction\data\terrain\contours\LS_01184.png,194.30609130859375,109.22991943359375,259.59796142578125,150.3680419921875,16.87588119506836,37.58509063720703,26.801116943359375,-0.03634382411837578,0.7959907054901123
LS_01186,1,success,E:\LandSlide-Prediction\data\terrain\patches\LS_01186.tif,E:\LandSlide-Prediction\data\terrain\contours\LS_01186.png,145.3108673095703,68.53910064697266,238.26998901367188,169.73089599609375,16.078636169433594,33.46428298950195,26.096416473388672,0.02567846141755581,0.6673260927200317
LS_01187,1,success,E:\LandSlide-Prediction\data\terrain\patches\LS_01187.tif,E:\LandSlide-Prediction\data\terrain\contours\LS_01187.png,115.9733657836914,14.675590515136719,171.33773803710938,156.66213989257812,17.54477882385254,33.884666442871094,28.0459041595459,-0.12594902515411377,0.6099374294281006
LS_01188,1,success,E:\LandSlide-Prediction\data\terrain\patches\LS_01188.tif,E:\LandSlide-Prediction\data\terrain\contours\LS_01188.png,169.11068725585938,108.8852310180664,223.5764617919922,114.69123077392578,17.904659271240234,38.06611251831055,29.99892807006836,-0.08433012664318085,0.8004502654075623
LS_01189,1,success,E:\LandSlide-Prediction\data\terrain\patches\LS_01189.tif,E:\LandSlide-Prediction\data\terrain\contours\LS_01189.png,179.02499389648438,140.35882568359375,260.5188293457031,120.16000366210938,13.308969497680664,27.887910842895508,21.604717254638672,0.038840293884277344,0.6227782964706421
LS_01190,1,success,E:\LandSlide-Prediction\data\terrain\patches\LS_01190.tif,E:\LandSlide-Prediction\data\terrain\contours\LS_01190.png,170.27926635742188,74.86798095703125,276.3246154785156,201.45663452148438,20.01058578491211,38.110862731933594,28.990726470947266,-0.013771869242191315,0.90068519115448
LS_01191,1,success,E:\LandSlide-Prediction\data\terrain\patches\LS_01191.tif,E:\LandSlide-Prediction\data\terrain\contours\LS_01191.png,278.7660827636719,212.76766967773438,318.0445556640625,105.27688598632812,13.153157234191895,37.12128448486328,28.84797477722168,-0.05087483674287796,0.5837209820747375
LS_01192,1,success,E:\LandSlide-Prediction\data\terrain\patches\LS_01192.tif,E:\LandSlide-Prediction\data\terrain\contours\LS_01192.png,75.12429809570312,38.7546501159668,148.2724151611328,109.51776123046875,14.54434585571289,35.46664810180664,26.85549545288086,-0.04865872114896774,0.7343273758888245
LS_01193,1,success,E:\LandSlide-Prediction\data\terrain\patches\LS_01193.tif,E:\LandSlide-Prediction\data\terrain\contours\LS_01193.png,314.3033752441406,248.01852416992188,402.187744140625,154.16921997070312,20.22235679626465,45.19637680053711,33.883880615234375,0.051034294068813324,0.9943060874938965
LS_01194,1,success,E:\LandSlide-Prediction\data\terrain\patches\LS_01194.tif,E:\LandSlide-Prediction\data\terrain\contours\LS_01194.png,661.0157470703125,442.9693908691406,844.1654052734375,401.1960144042969,30.273624420166016,56.88618469238281,40.38461685180664,-0.07147625833749771,1.018481731414795
LS_01195,1,success,E:\LandSlide-Prediction\data\terrain\patches\LS_01195.tif,E:\LandSlide-Prediction\data\terrain\contours\LS_01195.png,484.7855529785156,382.07415771484375,665.4259033203125,283.35174560546875,23.49553108215332,51.270729064941406,41.209693908691406,0.0024619102478027344,1.3022276163101196
LS_01196,1,success,E:\LandSlide-Prediction\data\terrain\patches\LS_01196.tif,E:\LandSlide-Prediction\data\terrain\contours\LS_01196.png,784.6609497070312,647.7157592773438,973.3139038085938,325.59814453125,23.322376251220703,45.13772964477539,35.849788665771484,0.053080830723047256,0.8275821208953857
LS_01197,1,success,E:\LandSlide-Prediction\data\terrain\patches\LS_01197.tif,E:\LandSlide-Prediction\data\terrain\contours\LS_01197.png,695.2089233398438,610.3942260742188,842.4942626953125,232.10003662109375,18.582630157470703,41.782413482666016,31.148799896240234,0.0288131944835186,0.6330150961875916
LS_01199,1,success,E:\LandSlide-Prediction\data\terrain\patches\LS_01199.tif,E:\LandSlide-Prediction\data\terrain\contours\LS_01199.png,986.1957397460938,835.8714599609375,1108.875,273.0035400390625,22.94607925415039,43.17085266113281,32.20916748046875,-0.021190736442804337,0.9967679977416992
LS_01203,1,success,E:\LandSlide-Prediction\data\terrain\patches\LS_01203.tif,E:\LandSlide-Prediction\data\terrain\contours\LS_01203.png,746.89697265625,610.7393798828125,826.5000610351562,215.76068115234375,21.4194278717041,44.038936614990234,30.819644927978516,-0.05389755591750145,0.9033655524253845
LS_01205,1,success,E:\LandSlide-Prediction\data\terrain\patches\LS_01205.tif,E:\LandSlide-Prediction\data\terrain\contours\LS_01205.png,764.37744140625,659.6326904296875,880.4420776367188,220.80938720703125,16.843477249145508,32.2246208190918,24.229623794555664,-0.003933548927307129,0.563917338848114
LS_01206,1,success,E:\LandSlide-Prediction\data\terrain\patches\LS_01206.tif,E:\LandSlide-Prediction\data\terrain\contours\LS_01206.png,782.7664794921875,695.5791015625,915.0880737304688,219.50897216796875,19.626256942749023,41.8209228515625,33.185386657714844,-0.07136338204145432,0.9538004398345947
LS_01207,1,success,E:\LandSlide-Prediction\data\terrain\patches\LS_01207.tif,E:\LandSlide-Prediction\data\terrain\contours\LS_01207.png,1292.43212890625,1158.669921875,1426.3031005859375,267.6331787109375,21.981142044067383,47.17137145996094,35.60694122314453,0.029869675636291504,0.8189390301704407
LS_01209,1,success,E:\LandSlide-Prediction\data\terrain\patches\LS_01209.tif,E:\LandSlide-Prediction\data\terrain\contours\LS_01209.png,679.40625,543.6231689453125,906.0220336914062,362.39886474609375,26.488683700561523,53.64320755004883,44.493927001953125,-0.07844925671815872,0.9638444781303406
LS_01211,1,success,E:\LandSlide-Prediction\data\terrain\patches\LS_01211.tif,E:\LandSlide-Prediction\data\terrain\contours\LS_01211.png,881.1409912109375,812.2613525390625,950.4177856445312,138.15643310546875,14.038471221923828,35.575103759765625,23.910850524902344,0.06855058670043945,0.6185742616653442
LS_01212,1,success,E:\LandSlide-Prediction\data\terrain\patches\LS_01212.tif,E:\LandSlide-Prediction\data\terrain\contours\LS_01212.png,691.33642578125,564.862548828125,830.04052734375,265.177978515625,21.22763442993164,38.17691421508789,28.798744201660156,-0.019511014223098755,0.7559944987297058
LS_01213,1,success,E:\LandSlide-Prediction\data\terrain\patches\LS_01213.tif,E:\LandSlide-Prediction\data\terrain\contours\LS_01213.png,715.527587890625,576.5801391601562,889.5576782226562,312.9775390625,25.006505966186523,52.82335662841797,42.28356170654297,-0.03987995907664299,0.8645912408828735
LS_01214,1,success,E:\LandSlide-Prediction\data\terrain\patches\LS_01214.tif,E:\LandSlide-Prediction\data\terrain\contours\LS_01214.png,578.0362548828125,548.7714233398438,623.961669921875,75.19024658203125,11.519556045532227,29.398935317993164,18.677722930908203,-0.02349674329161644,0.7105043530464172
LS_01215,1,success,E:\LandSlide-Prediction\data\terrain\patches\LS_01215.tif,E:\LandSlide-Prediction\data\terrain\contours\LS_01215.png,813.823974609375,710.5296020507812,900.3348388671875,189.80523681640625,20.197179794311523,35.6824951171875,28.936824798583984,0.015153180807828903,0.871883749961853
LS_01217,1,success,E:\LandSlide-Prediction\data\terrain\patches\LS_01217.tif,E:\LandSlide-Prediction\data\terrain\contours\LS_01217.png,743.9024658203125,695.5,813.2828369140625,117.7828369140625,11.095979690551758,36.006778717041016,19.702293395996094,0.031148772686719894,0.6561917066574097
LS_01218,1,success,E:\LandSlide-Prediction\data\terrain\patches\LS_01218.tif,E:\LandSlide-Prediction\data\terrain\contours\LS_01218.png,1079.827880859375,1004.3948364257812,1147.7939453125,143.39910888671875,16.63982391357422,36.69664764404297,25.452747344970703,0.062285732477903366,0.829933762550354
LS_01219,1,success,E:\LandSlide-Prediction\data\terrain\patches\LS_01219.tif,E:\LandSlide-Prediction\data\terrain\contours\LS_01219.png,1142.247314453125,1038.7364501953125,1261.701904296875,222.9654541015625,21.060714721679688,44.011444091796875,31.776775360107422,0.028448298573493958,0.9489928483963013
LS_01221,1,success,E:\LandSlide-Prediction\data\terrain\patches\LS_01221.tif,E:\LandSlide-Prediction\data\terrain\contours\LS_01221.png,917.00146484375,878.4345092773438,988.8030395507812,110.3685302734375,13.643614768981934,29.751575469970703,21.043212890625,0.04821038991212845,0.655782163143158
LS_01222,1,success,E:\LandSlide-Prediction\data\terrain\patches\LS_01222.tif,E:\LandSlide-Prediction\data\terrain\contours\LS_01222.png,968.281005859375,886.6600952148438,1056.646240234375,169.98614501953125,17.547122955322266,43.08749771118164,29.774717330932617,-0.024055268615484238,0.8451070785522461
LS_01223,1,success,E:\LandSlide-Prediction\data\terrain\patches\LS_01223.tif,E:\LandSlide-Prediction\data\terrain\contours\LS_01223.png,1023.8224487304688,923.03271484375,1081.510009765625,158.477294921875,17.559711456298828,44.68255615234375,27.27672576904297,0.020776905119419098,0.9517955183982849
LS_01225,1,success,E:\LandSlide-Prediction\data\terrain\patches\LS_01225.tif,E:\LandSlide-Prediction\data\terrain\contours\LS_01225.png,946.3297729492188,828.2986450195312,1108.22119140625,279.92254638671875,20.74176025390625,47.93757247924805,38.55097198486328,-0.005234558135271072,0.684548020362854
LS_01226,1,success,E:\LandSlide-Prediction\data\terrain\patches\LS_01226.tif,E:\LandSlide-Prediction\data\terrain\contours\LS_01226.png,931.5052490234375,809.7454223632812,1035.509521484375,225.76409912109375,17.884510040283203,34.202030181884766,26.4589786529541,0.046428781002759933,0.7052513957023621
LS_01228,1,success,E:\LandSlide-Prediction\data\terrain\patches\LS_01228.tif,E:\LandSlide-Prediction\data\terrain\contours\LS_01228.png,1137.3017578125,935.1399536132812,1381.69677734375,446.55682373046875,28.6943416595459,55.51953887939453,43.458518981933594,-0.07635106146335602,1.1010700464248657
LS_01230,1,success,E:\LandSlide-Prediction\data\terrain\patches\LS_01230.tif,E:\LandSlide-Prediction\data\terrain\contours\LS_01230.png,1097.4739990234375,999.2487182617188,1221.6217041015625,222.37298583984375,18.365352630615234,37.839805603027344,27.107894897460938,-0.0013768039643764496,0.8660910129547119
LS_01232,1,success,E:\LandSlide-Prediction\data\terrain\patches\LS_01232.tif,E:\LandSlide-Prediction\data\terrain\contours\LS_01232.png,1019.0507202148438,944.0280151367188,1107.4832763671875,163.45526123046875,16.7049503326416,32.13454055786133,24.574888229370117,0.0198194719851017,0.7409652471542358
LS_01233,1,success,E:\LandSlide-Prediction\data\terrain\patches\LS_01233.tif,E:\LandSlide-Prediction\data\terrain\contours\LS_01233.png,1037.987060546875,973.977783203125,1103.68408203125,129.706298828125,12.98460578918457,26.773847579956055,19.172420501708984,0.047327373176813126,0.7797396183013916
LS_01235,1,success,E:\LandSlide-Prediction\data\terrain\patches\LS_01235.tif,E:\LandSlide-Prediction\data\terrain\contours\LS_01235.png,1236.0865478515625,1061.0982666015625,1429.2259521484375,368.127685546875,25.857746124267578,50.95216369628906,38.066436767578125,0.029970772564411163,0.857967734336853
LS_01236,1,success,E:\LandSlide-Prediction\data\terrain\patches\LS_01236.tif,E:\LandSlide-Prediction\data\terrain\contours\LS_01236.png,1146.781005859375,985.38818359375,1368.814453125,383.42626953125,26.980579376220703,59.93760299682617,45.408409118652344,-0.03536558523774147,1.5032985210418701
LS_01238,1,success,E:\LandSlide-Prediction\data\terrain\patches\LS_01238.tif,E:\LandSlide-Prediction\data\terrain\contours\LS_01238.png,1023.466552734375,952.3335571289062,1106.9024658203125,154.56890869140625,13.835448265075684,28.090139389038086,21.255352020263672,-0.041112273931503296,0.6819645762443542
LS_01241,1,success,E:\LandSlide-Prediction\data\terrain\patches\LS_01241.tif,E:\LandSlide-Prediction\data\terrain\contours\LS_01241.png,1075.0604248046875,931.1279296875,1208.8243408203125,277.6964111328125,21.325847625732422,46.20219039916992,33.70973205566406,-0.045992519706487656,0.7389727234840393
LS_01244,1,success,E:\LandSlide-Prediction\data\terrain\patches\LS_01244.tif,E:\LandSlide-Prediction\data\terrain\contours\LS_01244.png,1401.168212890625,1323.136962890625,1480.368408203125,157.2314453125,13.917367935180664,35.98609161376953,24.809295654296875,-0.030409179627895355,0.7084715366363525
LS_01246,1,success,E:\LandSlide-Prediction\data\terrain\patches\LS_01246.tif,E:\LandSlide-Prediction\data\terrain\contours\LS_01246.png,1685.2767333984375,1617.232421875,1747.800048828125,130.567626953125,13.962373733520508,41.17055130004883,24.90911293029785,-0.003078736364841461,0.7046245336532593
LS_01247,1,success,E:\LandSlide-Prediction\data\terrain\patches\LS_01247.tif,E:\LandSlide-Prediction\data\terrain\contours\LS_01247.png,1412.276123046875,1168.26220703125,1473.1156005859375,304.8533935546875,19.216840744018555,56.089996337890625,45.36320877075195,-0.08778254687786102,0.780522346496582
LS_01249,1,success,E:\LandSlide-Prediction\data\terrain\patches\LS_01249.tif,E:\LandSlide-Prediction\data\terrain\contours\LS_01249.png,1395.134033203125,1243.246337890625,1523.79345703125,280.547119140625,22.038728713989258,51.022254943847656,33.549522399902344,-0.02476007491350174,0.9059886932373047
LS_01250,1,success,E:\LandSlide-Prediction\data\terrain\patches\LS_01250.tif,E:\LandSlide-Prediction\data\terrain\contours\LS_01250.png,1458.0423583984375,1345.835693359375,1588.3399658203125,242.5042724609375,21.122329711914062,48.0822868347168,32.014244079589844,-0.03746776282787323,1.0084306001663208
LS_01253,1,success,E:\LandSlide-Prediction\data\terrain\patches\LS_01253.tif,E:\LandSlide-Prediction\data\terrain\contours\LS_01253.png,1231.169189453125,1026.8604736328125,1372.5548095703125,345.6943359375,26.43950653076172,55.834259033203125,43.78324890136719,-0.01975109428167343,0.9255377054214478
LS_01254,1,success,E:\LandSlide-Prediction\data\terrain\patches\LS_01254.tif,E:\LandSlide-Prediction\data\terrain\contours\LS_01254.png,1368.9599609375,1169.630859375,1462.707763671875,293.076904296875,20.380462646484375,45.76594161987305,33.00421142578125,-0.06417800486087799,0.839790403842926
LS_01255,1,success,E:\LandSlide-Prediction\data\terrain\patches\LS_01255.tif,E:\LandSlide-Prediction\data\terrain\contours\LS_01255.png,905.34130859375,817.11962890625,1007.2584228515625,190.1387939453125,17.241132736206055,39.75326919555664,28.90829849243164,-0.04989135265350342,0.7513483762741089
LS_01257,1,success,E:\LandSlide-Prediction\data\terrain\patches\LS_01257.tif,E:\LandSlide-Prediction\data\terrain\contours\LS_01257.png,773.155517578125,639.302978515625,896.1117553710938,256.80877685546875,24.122217178344727,51.014095306396484,36.68865966796875,0.001184176653623581,1.109500765800476
LS_01259,1,success,E:\LandSlide-Prediction\data\terrain\patches\LS_01259.tif,E:\LandSlide-Prediction\data\terrain\contours\LS_01259.png,774.9570922851562,634.0298461914062,914.1487426757812,280.118896484375,25.042015075683594,45.52655029296875,36.55280303955078,-0.042364973574876785,0.9861344695091248
LS_01260,1,success,E:\LandSlide-Prediction\data\terrain\patches\LS_01260.tif,E:\LandSlide-Prediction\data\terrain\contours\LS_01260.png,863.2091064453125,697.9263916015625,1008.297607421875,310.3712158203125,26.084285736083984,44.962623596191406,34.710750579833984,0.024627353996038437,0.8431602716445923
LS_01274,1,success,E:\LandSlide-Prediction\data\terrain\patches\LS_01274.tif,E:\LandSlide-Prediction\data\terrain\contours\LS_01274.png,659.896484375,543.3299560546875,855.0068969726562,311.67694091796875,23.375953674316406,45.76564407348633,36.02791213989258,-0.08673687279224396,0.7847112417221069
LS_01279,1,success,E:\LandSlide-Prediction\data\terrain\patches\LS_01279.tif,E:\LandSlide-Prediction\data\terrain\contours\LS_01279.png,728.9952392578125,622.3889770507812,899.977294921875,277.58831787109375,27.840961456298828,48.84577560424805,40.63581848144531,0.09129200875759125,0.9144937992095947
LS_01280,1,success,E:\LandSlide-Prediction\data\terrain\patches\LS_01280.tif,E:\LandSlide-Prediction\data\terrain\contours\LS_01280.png,513.783447265625,435.60321044921875,669.228759765625,233.62554931640625,20.21957015991211,43.788578033447266,36.386810302734375,-0.00784836895763874,0.869822084903717
LS_01281,1,success,E:\LandSlide-Prediction\data\terrain\patches\LS_01281.tif,E:\LandSlide-Prediction\data\terrain\contours\LS_01281.png,672.7650146484375,587.1654663085938,811.9217529296875,224.75628662109375,19.39830780029297,34.16324234008789,26.721681594848633,0.04782963916659355,0.8338251113891602
LS_01283,1,success,E:\LandSlide-Prediction\data\terrain\patches\LS_01283.tif,E:\LandSlide-Prediction\data\terrain\contours\LS_01283.png,687.868408203125,599.694580078125,859.81494140625,260.120361328125,21.560047149658203,39.925392150878906,32.02217102050781,-0.0025273971259593964,0.9181152582168579
LS_01289,1,success,E:\LandSlide-Prediction\data\terrain\patches\LS_01289.tif,E:\LandSlide-Prediction\data\terrain\contours\LS_01289.png,828.9375,698.1596069335938,936.0399169921875,237.88031005859375,22.727697372436523,37.72809982299805,31.870288848876953,0.048727553337812424,0.7813945412635803
LS_01290,1,success,E:\LandSlide-Prediction\data\terrain\patches\LS_01290.tif,E:\LandSlide-Prediction\data\terrain\contours\LS_01290.png,1102.918212890625,1004.5138549804688,1262.9248046875,258.41094970703125,20.87570571899414,41.46261978149414,31.812103271484375,0.008502151817083359,0.8566803336143494
LS_01292,1,success,E:\LandSlide-Prediction\data\terrain\patches\LS_01292.tif,E:\LandSlide-Prediction\data\terrain\contours\LS_01292.png,1110.9437255859375,1012.5182495117188,1240.5738525390625,228.05560302734375,21.856008529663086,41.86738204956055,33.63441848754883,0.03549172356724739,0.9482519626617432
LS_01294,1,success,E:\LandSlide-Prediction\data\terrain\patches\LS_01294.tif,E:\LandSlide-Prediction\data\terrain\contours\LS_01294.png,906.427001953125,829.92041015625,1025.90576171875,195.9853515625,16.331161499023438,36.475746154785156,23.238618850708008,0.055727846920490265,0.6212630867958069
LS_01295,1,success,E:\LandSlide-Prediction\data\terrain\patches\LS_01295.tif,E:\LandSlide-Prediction\data\terrain\contours\LS_01295.png,826.0928955078125,768.583740234375,965.922607421875,197.3388671875,13.782970428466797,40.01115417480469,25.562763214111328,0.01967175304889679,0.6003741025924683
LS_01296,1,success,E:\LandSlide-Prediction\data\terrain\patches\LS_01296.tif,E:\LandSlide-Prediction\data\terrain\contours\LS_01296.png,820.0335693359375,785.8519897460938,862.279052734375,76.42706298828125,7.113465785980225,25.482255935668945,11.310154914855957,-0.017570488154888153,0.42190805077552795
LS_01298,1,success,E:\LandSlide-Prediction\data\terrain\patches\LS_01298.tif,E:\LandSlide-Prediction\data\terrain\contours\LS_01298.png,899.947021484375,824.6521606445312,986.1788940429688,161.5267333984375,14.821698188781738,39.28488540649414,26.781368255615234,-0.04848560318350792,0.705970823764801
LS_01300,1,success,E:\LandSlide-Prediction\data\terrain\patches\LS_01300.tif,E:\LandSlide-Prediction\data\terrain\contours\LS_01300.png,997.4869384765625,880.9234619140625,1081.040771484375,200.1173095703125,18.306751251220703,41.99142837524414,31.577674865722656,-0.08833354711532593,0.8092310428619385
LS_01303,1,success,E:\LandSlide-Prediction\data\terrain\patches\LS_01303.tif,E:\LandSlide-Prediction\data\terrain\contours\LS_01303.png,901.2387084960938,790.089599609375,995.321533203125,205.23193359375,19.706146240234375,41.05852127075195,29.61562728881836,0.030207283794879913,0.8651440143585205
LS_01308,1,success,E:\LandSlide-Prediction\data\terrain\patches\LS_01308.tif,E:\LandSlide-Prediction\data\terrain\contours\LS_01308.png,665.7581787109375,605.308837890625,736.2949829101562,130.98614501953125,13.13294506072998,29.135303497314453,20.46434211730957,-0.02869555726647377,0.677277147769928
LS_01310,1,success,E:\LandSlide-Prediction\data\terrain\patches\LS_01310.tif,E:\LandSlide-Prediction\data\terrain\contours\LS_01310.png,717.39453125,649.2559204101562,826.6071166992188,177.3511962890625,18.09626579284668,45.42269515991211,29.20547866821289,0.06232239305973053,0.6952797174453735
LS_01313,1,success,E:\LandSlide-Prediction\data\terrain\patches\LS_01313.tif,E:\LandSlide-Prediction\data\terrain\contours\LS_01313.png,969.3607177734375,872.7160034179688,1152.955078125,280.23907470703125,20.69533920288086,50.29240417480469,36.558067321777344,0.0038086138665676117,0.8436057567596436
LS_01314,1,success,E:\LandSlide-Prediction\data\terrain\patches\LS_01314.tif,E:\LandSlide-Prediction\data\terrain\contours\LS_01314.png,1093.7900390625,966.559814453125,1201.9320068359375,235.3721923828125,20.181777954101562,39.07560348510742,30.40729522705078,0.007524352520704269,0.7453147172927856
LS_01315,1,success,E:\LandSlide-Prediction\data\terrain\patches\LS_01315.tif,E:\LandSlide-Prediction\data\terrain\contours\LS_01315.png,890.9039306640625,832.1680908203125,928.98095703125,96.8128662109375,12.955799102783203,34.84073257446289,21.525907516479492,0.028736136853694916,0.7977339625358582
LS_01316,1,success,E:\LandSlide-Prediction\data\terrain\patches\LS_01316.tif,E:\LandSlide-Prediction\data\terrain\contours\LS_01316.png,962.8321533203125,872.06396484375,1058.403076171875,186.339111328125,15.497686386108398,38.925148010253906,21.718677520751953,0.0569583922624588,0.8468001484870911
LS_01319,1,success,E:\LandSlide-Prediction\data\terrain\patches\LS_01319.tif,E:\LandSlide-Prediction\data\terrain\contours\LS_01319.png,924.8505859375,816.6362915039062,1075.1700439453125,258.53375244140625,19.535606384277344,47.533729553222656,34.89936828613281,0.010685373097658157,0.6512705087661743
LS_01320,1,success,E:\LandSlide-Prediction\data\terrain\patches\LS_01320.tif,E:\LandSlide-Prediction\data\terrain\contours\LS_01320.png,1179.159423828125,1084.148193359375,1267.2484130859375,183.1002197265625,14.996175765991211,35.07524490356445,22.232629776000977,0.08824717253446579,0.6265885233879089
LS_01321,1,success,E:\LandSlide-Prediction\data\terrain\patches\LS_01321.tif,E:\LandSlide-Prediction\data\terrain\contours\LS_01321.png,916.1138916015625,825.2811279296875,1032.095458984375,206.8143310546875,16.228622436523438,35.87116622924805,25.157222747802734,0.028842493891716003,0.7370626330375671
LS_01324,1,success,E:\LandSlide-Prediction\data\terrain\patches\LS_01324.tif,E:\LandSlide-Prediction\data\terrain\contours\LS_01324.png,668.4322509765625,610.4677124023438,720.2852172851562,109.8175048828125,11.692647933959961,24.48618507385254,18.750877380371094,-0.0013676173985004425,0.5123386979103088
LS_01325,1,success,E:\LandSlide-Prediction\data\terrain\patches\LS_01325.tif,E:\LandSlide-Prediction\data\terrain\contours\LS_01325.png,624.5560302734375,545.8877563476562,730.3631591796875,184.47540283203125,18.88302230834961,42.09204864501953,30.422039031982422,-0.022873274981975555,0.843651294708252
LS_01327,1,success,E:\LandSlide-Prediction\data\terrain\patches\LS_01327.tif,E:\LandSlide-Prediction\data\terrain\contours\LS_01327.png,576.652587890625,507.5050048828125,673.1363525390625,165.63134765625,20.431529998779297,46.3067741394043,31.491619110107422,0.029729686677455902,0.8219738006591797
LS_01328,1,success,E:\LandSlide-Prediction\data\terrain\patches\LS_01328.tif,E:\LandSlide-Prediction\data\terrain\contours\LS_01328.png,735.74853515625,629.79931640625,893.820068359375,264.020751953125,20.289085388183594,42.794254302978516,29.625469207763672,0.03494524955749512,0.7084469795227051
LS_01329,1,success,E:\LandSlide-Prediction\data\terrain\patches\LS_01329.tif,E:\LandSlide-Prediction\data\terrain\contours\LS_01329.png,780.820068359375,646.1697998046875,936.2451171875,290.0753173828125,22.402721405029297,41.93156433105469,30.908105850219727,0.06765078008174896,0.7547494173049927
LS_01330,1,success,E:\LandSlide-Prediction\data\terrain\patches\LS_01330.tif,E:\LandSlide-Prediction\data\terrain\contours\LS_01330.png,637.4005126953125,572.5636596679688,728.4885864257812,155.9249267578125,14.912372589111328,32.18275833129883,22.157817840576172,0.021917268633842468,0.7191159725189209
LS_01331,1,success,E:\LandSlide-Prediction\data\terrain\patches\LS_01331.tif,E:\LandSlide-Prediction\data\terrain\contours\LS_01331.png,697.6173095703125,650.9492797851562,781.6823120117188,130.7330322265625,15.672576904296875,28.87397003173828,23.64218521118164,0.08117899298667908,0.6128644943237305
LS_01332,1,success,E:\LandSlide-Prediction\data\terrain\patches\LS_01332.tif,E:\LandSlide-Prediction\data\terrain\contours\LS_01332.png,532.0942993164062,486.28790283203125,643.0665283203125,156.77862548828125,14.534711837768555,39.780704498291016,28.81899642944336,0.018505334854125977,0.665046215057373
LS_01333,1,success,E:\LandSlide-Prediction\data\terrain\patches\LS_01333.tif,E:\LandSlide-Prediction\data\terrain\contours\LS_01333.png,740.0811157226562,602.302001953125,903.9559936523438,301.65399169921875,25.822681427001953,43.93349838256836,33.9413948059082,0.025368422269821167,0.8871108293533325
LS_01334,1,success,E:\LandSlide-Prediction\data\terrain\patches\LS_01334.tif,E:\LandSlide-Prediction\data\terrain\contours\LS_01334.png,751.2607421875,698.54541015625,795.5964965820312,97.05108642578125,11.676809310913086,26.62210464477539,17.877727508544922,0.033224768936634064,0.6089305877685547
LS_01335,1,success,E:\LandSlide-Prediction\data\terrain\patches\LS_01335.tif,E:\LandSlide-Prediction\data\terrain\contours\LS_01335.png,700.7997436523438,579.6442260742188,899.5582885742188,319.9140625,24.024484634399414,49.86897659301758,39.35900115966797,-0.024294152855873108,0.7119837999343872
LS_01336,1,success,E:\LandSlide-Prediction\data\terrain\patches\LS_01336.tif,E:\LandSlide-Prediction\data\terrain\contours\LS_01336.png,319.9974365234375,241.99037170410156,435.3431396484375,193.35276794433594,18.584495544433594,35.88911437988281,27.221384048461914,0.08873560279607773,0.8741635084152222
LS_01338,1,success,E:\LandSlide-Prediction\data\terrain\patches\LS_01338.tif,E:\LandSlide-Prediction\data\terrain\contours\LS_01338.png,616.8040771484375,420.62860107421875,789.4064331054688,368.77783203125,26.9520320892334,46.4942741394043,37.76631164550781,0.06580401957035065,0.9122019410133362
LS_01342,1,success,E:\LandSlide-Prediction\data\terrain\patches\LS_01342.tif,E:\LandSlide-Prediction\data\terrain\contours\LS_01342.png,460.9767150878906,294.1377258300781,617.6231079101562,323.4853820800781,26.075153350830078,49.189788818359375,35.78034210205078,0.049118053168058395,0.9674084782600403
LS_01343,1,success,E:\LandSlide-Prediction\data\terrain\patches\LS_01343.tif,E:\LandSlide-Prediction\data\terrain\contours\LS_01343.png,677.9325561523438,609.9742431640625,721.5288696289062,111.55462646484375,15.461663246154785,32.41928482055664,23.82123565673828,0.0415661558508873,0.7715385556221008
LS_01344,1,success,E:\LandSlide-Prediction\data\terrain\patches\LS_01344.tif,E:\LandSlide-Prediction\data\terrain\contours\LS_01344.png,283.3100280761719,208.46739196777344,393.2227478027344,184.75535583496094,16.095340728759766,34.565608978271484,24.500690460205078,-0.041889771819114685,0.651729941368103
LS_01346,1,success,E:\LandSlide-Prediction\data\terrain\patches\LS_01346.tif,E:\LandSlide-Prediction\data\terrain\contours\LS_01346.png,225.9234619140625,199.0342254638672,273.3207092285156,74.28648376464844,10.807868957519531,30.373214721679688,18.511722564697266,0.029405230656266212,0.6392178535461426
LS_01347,1,success,E:\LandSlide-Prediction\data\terrain\patches\LS_01347.tif,E:\LandSlide-Prediction\data\terrain\contours\LS_01347.png,280.951171875,225.0911102294922,352.3402099609375,127.24909973144531,15.029016494750977,34.98255157470703,22.908702850341797,-0.02083517611026764,0.6874231100082397
LS_01348,1,success,E:\LandSlide-Prediction\data\terrain\patches\LS_01348.tif,E:\LandSlide-Prediction\data\terrain\contours\LS_01348.png,287.0262451171875,227.58619689941406,351.74603271484375,124.15983581542969,14.12940502166748,29.920024871826172,22.477237701416016,0.03611495718359947,0.7819072008132935
LS_01349,1,success,E:\LandSlide-Prediction\data\terrain\patches\LS_01349.tif,E:\LandSlide-Prediction\data\terrain\contours\LS_01349.png,433.73577880859375,328.64105224609375,561.6429443359375,233.00189208984375,17.382314682006836,31.969995498657227,24.168319702148438,0.07126345485448837,0.5181102752685547
LS_01350,1,success,E:\LandSlide-Prediction\data\terrain\patches\LS_01350.tif,E:\LandSlide-Prediction\data\terrain\contours\LS_01350.png,328.9714660644531,236.42547607421875,476.8629455566406,240.43746948242188,18.87130355834961,40.11711883544922,28.161378860473633,0.06319271773099899,0.5874954462051392
LS_01351,1,success,E:\LandSlide-Prediction\data\terrain\patches\LS_01351.tif,E:\LandSlide-Prediction\data\terrain\contours\LS_01351.png,822.6119384765625,706.0790405273438,1000.1536865234375,294.07464599609375,27.403017044067383,48.69407653808594,38.63328552246094,-0.037932127714157104,0.9876003265380859
LS_01353,1,success,E:\LandSlide-Prediction\data\terrain\patches\LS_01353.tif,E:\LandSlide-Prediction\data\terrain\contours\LS_01353.png,666.4832763671875,489.6494140625,868.2250366210938,378.57562255859375,28.174169540405273,55.55543518066406,42.29884338378906,0.01520916074514389,1.0165531635284424
LS_01355,1,success,E:\LandSlide-Prediction\data\terrain\patches\LS_01355.tif,E:\LandSlide-Prediction\data\terrain\contours\LS_01355.png,585.72900390625,414.8060302734375,768.201904296875,353.3958740234375,26.46111297607422,51.00705337524414,38.43518829345703,-0.02976304292678833,0.8915482759475708
LS_01357,1,success,E:\LandSlide-Prediction\data\terrain\patches\LS_01357.tif,E:\LandSlide-Prediction\data\terrain\contours\LS_01357.png,425.4351806640625,286.8193054199219,563.0621337890625,276.2428283691406,22.0264949798584,40.28253173828125,32.1405029296875,-0.06693965196609497,1.1569241285324097
LS_01358,1,success,E:\LandSlide-Prediction\data\terrain\patches\LS_01358.tif,E:\LandSlide-Prediction\data\terrain\contours\LS_01358.png,300.1780700683594,250.3986358642578,348.3629455566406,97.96430969238281,11.662612915039062,27.12057876586914,20.030467987060547,0.019921263679862022,0.747188150882721
LS_01359,1,success,E:\LandSlide-Prediction\data\terrain\patches\LS_01359.tif,E:\LandSlide-Prediction\data\terrain\contours\LS_01359.png,164.07167053222656,99.94185638427734,230.4989776611328,130.55712890625,13.043730735778809,28.495317459106445,20.687795639038086,-0.04817607253789902,0.6058055758476257
LS_01360,1,success,E:\LandSlide-Prediction\data\terrain\patches\LS_01360.tif,E:\LandSlide-Prediction\data\terrain\contours\LS_01360.png,185.54408264160156,114.23622131347656,265.3174133300781,151.08119201660156,14.204814910888672,33.74953079223633,21.820863723754883,-0.06854569911956787,0.7092416882514954
LS_01361,1,success,E:\LandSlide-Prediction\data\terrain\patches\LS_01361.tif,E:\LandSlide-Prediction\data\terrain\contours\LS_01361.png,155.77090454101562,127.55911254882812,194.69871520996094,67.13960266113281,12.047310829162598,30.143733978271484,20.17623519897461,0.044593531638383865,0.605469286441803
LS_01362,1,success,E:\LandSlide-Prediction\data\terrain\patches\LS_01362.tif,E:\LandSlide-Prediction\data\terrain\contours\LS_01362.png,125.79887390136719,70.09061431884766,226.74871826171875,156.65811157226562,13.900115966796875,34.03573989868164,22.181804656982422,-0.029553495347499847,0.6534959077835083
LS_01363,1,success,E:\LandSlide-Prediction\data\terrain\patches\LS_01363.tif,E:\LandSlide-Prediction\data\terrain\contours\LS_01363.png,122.38431549072266,61.37508773803711,166.80709838867188,105.4320068359375,15.979659080505371,34.91105651855469,26.819869995117188,0.06153176724910736,0.8494870066642761
LS_01364,1,success,E:\LandSlide-Prediction\data\terrain\patches\LS_01364.tif,E:\LandSlide-Prediction\data\terrain\contours\LS_01364.png,122.88813781738281,64.28129577636719,180.66989135742188,116.38859558105469,15.444415092468262,29.8941650390625,23.47050666809082,0.01526755653321743,0.6735749840736389
LS_01365,1,success,E:\LandSlide-Prediction\data\terrain\patches\LS_01365.tif,E:\LandSlide-Prediction\data\terrain\contours\LS_01365.png,797.7531127929688,696.8345336914062,913.041748046875,216.20721435546875,20.26059341430664,36.724422454833984,27.669404983520508,0.04501683637499809,0.7038835287094116
LS_01366,1,success,E:\LandSlide-Prediction\data\terrain\patches\LS_01366.tif,E:\LandSlide-Prediction\data\terrain\contours\LS_01366.png,779.3746337890625,709.0084228515625,896.6123046875,187.6038818359375,14.289130210876465,49.16150665283203,25.12053871154785,0.10575397312641144,0.5700023174285889
LS_01368,1,success,E:\LandSlide-Prediction\data\terrain\patches\LS_01368.tif,E:\LandSlide-Prediction\data\terrain\contours\LS_01368.png,819.0231323242188,709.7369995117188,956.94384765625,247.20684814453125,17.58226203918457,35.73186492919922,22.777442932128906,0.06293350458145142,0.6163370013237
LS_01369,1,success,E:\LandSlide-Prediction\data\terrain\patches\LS_01369.tif,E:\LandSlide-Prediction\data\terrain\contours\LS_01369.png,703.8292236328125,605.6417846679688,802.5064086914062,196.8646240234375,19.289703369140625,42.973541259765625,29.64511489868164,-0.008068844676017761,0.8373918533325195
LS_01370,1,success,E:\LandSlide-Prediction\data\terrain\patches\LS_01370.tif,E:\LandSlide-Prediction\data\terrain\contours\LS_01370.png,1266.7030029296875,1162.802734375,1460.8682861328125,298.0655517578125,19.960651397705078,54.98635482788086,40.313411712646484,-0.0198514387011528,0.8981625437736511
LS_01372,1,success,E:\LandSlide-Prediction\data\terrain\patches\LS_01372.tif,E:\LandSlide-Prediction\data\terrain\contours\LS_01372.png,1036.5550537109375,894.2240600585938,1184.17041015625,289.94635009765625,22.727516174316406,46.21613311767578,38.469581604003906,0.1300216168165207,0.92940354347229
LS_01373,1,success,E:\LandSlide-Prediction\data\terrain\patches\LS_01373.tif,E:\LandSlide-Prediction\data\terrain\contours\LS_01373.png,808.2534790039062,744.0527954101562,891.8201293945312,147.767333984375,12.70850944519043,31.233078002929688,21.19049835205078,0.01036497950553894,0.6662473082542419
LS_01374,1,success,E:\LandSlide-Prediction\data\terrain\patches\LS_01374.tif,E:\LandSlide-Prediction\data\terrain\contours\LS_01374.png,869.888916015625,755.8172607421875,988.2576293945312,232.44036865234375,19.3201961517334,37.88945770263672,27.07016944885254,0.04137994721531868,0.8436825275421143
LS_01376,1,success,E:\LandSlide-Prediction\data\terrain\patches\LS_01376.tif,E:\LandSlide-Prediction\data\terrain\contours\LS_01376.png,697.2808227539062,565.49462890625,797.5032348632812,232.00860595703125,20.287612915039062,37.93916702270508,29.80933380126953,0.07348743081092834,0.6234433650970459
LS_01378,1,success,E:\LandSlide-Prediction\data\terrain\patches\LS_01378.tif,E:\LandSlide-Prediction\data\terrain\contours\LS_01378.png,735.3190307617188,599.1093139648438,873.72900390625,274.61968994140625,24.254541397094727,39.95036697387695,31.424148559570312,0.02957668900489807,0.8636147379875183
LS_01379,1,success,E:\LandSlide-Prediction\data\terrain\patches\LS_01379.tif,E:\LandSlide-Prediction\data\terrain\contours\LS_01379.png,629.287353515625,516.1951904296875,766.1170043945312,249.92181396484375,22.335254669189453,54.18648147583008,37.72980499267578,0.007273588329553604,0.8996581435203552
LS_01380,1,success,E:\LandSlide-Prediction\data\terrain\patches\LS_01380.tif,E:\LandSlide-Prediction\data\terrain\contours\LS_01380.png,759.2940673828125,607.7203979492188,894.8058471679688,287.08544921875,21.514129638671875,40.71757888793945,31.7095947265625,-0.03350276127457619,0.8057480454444885
LS_01381,1,success,E:\LandSlide-Prediction\data\terrain\patches\LS_01381.tif,E:\LandSlide-Prediction\data\terrain\contours\LS_01381.png,1138.87646484375,923.566162109375,1387.442626953125,463.87646484375,30.091522216796875,52.834136962890625,45.54651641845703,0.09506223350763321,1.1713807582855225
LS_01383,1,success,E:\LandSlide-Prediction\data\terrain\patches\LS_01383.tif,E:\LandSlide-Prediction\data\terrain\contours\LS_01383.png,789.6026611328125,712.9791259765625,915.5162963867188,202.53717041015625,17.417205810546875,33.158363342285156,26.188875198364258,0.02918431907892227,0.6023274064064026
LS_01384,1,success,E:\LandSlide-Prediction\data\terrain\patches\LS_01384.tif,E:\LandSlide-Prediction\data\terrain\contours\LS_01384.png,721.2476806640625,582.7420043945312,883.6104736328125,300.86846923828125,26.318958282470703,47.4008903503418,36.091705322265625,0.004040829837322235,0.9399764537811279
LS_01385,1,success,E:\LandSlide-Prediction\data\terrain\patches\LS_01385.tif,E:\LandSlide-Prediction\data\terrain\contours\LS_01385.png,402.143310546875,324.3482360839844,511.3092346191406,186.96099853515625,14.221334457397461,37.06451416015625,23.18484115600586,0.04757530242204666,0.5899446606636047
LS_01386,1,success,E:\LandSlide-Prediction\data\terrain\patches\LS_01386.tif,E:\LandSlide-Prediction\data\terrain\contours\LS_01386.png,579.0198364257812,417.12908935546875,832.4130249023438,415.283935546875,24.856325149536133,51.96129608154297,35.3731689453125,0.05084030330181122,0.9460256099700928
LS_01387,1,success,E:\LandSlide-Prediction\data\terrain\patches\LS_01387.tif,E:\LandSlide-Prediction\data\terrain\contours\LS_01387.png,342.27557373046875,237.09597778320312,459.52960205078125,222.43362426757812,20.108535766601562,39.69295883178711,29.952991485595703,-0.0061873337253928185,0.7950020432472229
LS_01388,1,success,E:\LandSlide-Prediction\data\terrain\patches\LS_01388.tif,E:\LandSlide-Prediction\data\terrain\contours\LS_01388.png,192.48187255859375,172.69200134277344,256.998046875,84.30604553222656,6.25205659866333,25.580184936523438,13.390713691711426,0.021394986659288406,0.3291354179382324
LS_01391,1,success,E:\LandSlide-Prediction\data\terrain\patches\LS_01391.tif,E:\LandSlide-Prediction\data\terrain\contours\LS_01391.png,668.9332275390625,467.2557678222656,800.3638916015625,333.1081237792969,23.279937744140625,55.02231216430664,44.89618682861328,-0.053954578936100006,0.7730386257171631
LS_01393,1,success,E:\LandSlide-Prediction\data\terrain\patches\LS_01393.tif,E:\LandSlide-Prediction\data\terrain\contours\LS_01393.png,671.9307861328125,528.3259887695312,821.4959716796875,293.16998291015625,16.111494064331055,41.97700119018555,23.73566436767578,-0.016616318374872208,0.7010177969932556
LS_01395,1,success,E:\LandSlide-Prediction\data\terrain\patches\LS_01395.tif,E:\LandSlide-Prediction\data\terrain\contours\LS_01395.png,168.21383666992188,128.1399383544922,243.62725830078125,115.48731994628906,12.499906539916992,37.21639633178711,23.61143684387207,-0.010385497473180294,0.5754876136779785
LS_01396,1,success,E:\LandSlide-Prediction\data\terrain\patches\LS_01396.tif,E:\LandSlide-Prediction\data\terrain\contours\LS_01396.png,397.601318359375,312.6517028808594,513.2899780273438,200.63827514648438,16.10854721069336,32.50714111328125,23.657333374023438,0.052817802876234055,0.6636894345283508
LS_01397,1,success,E:\LandSlide-Prediction\data\terrain\patches\LS_01397.tif,E:\LandSlide-Prediction\data\terrain\contours\LS_01397.png,737.745361328125,600.4932250976562,881.62255859375,281.12933349609375,23.144916534423828,43.9075813293457,33.369232177734375,-0.02195322886109352,0.8319492936134338
LS_01401,1,success,E:\LandSlide-Prediction\data\terrain\patches\LS_01401.tif,E:\LandSlide-Prediction\data\terrain\contours\LS_01401.png,407.77117919921875,304.4246826171875,560.154052734375,255.7293701171875,18.7266845703125,34.83717346191406,26.857891082763672,0.04938369244337082,0.5362897515296936
LS_01404,1,success,E:\LandSlide-Prediction\data\terrain\patches\LS_01404.tif,E:\LandSlide-Prediction\data\terrain\contours\LS_01404.png,663.5164794921875,513.1713256835938,785.4358520507812,272.2645263671875,21.83504295349121,52.00899887084961,40.77482604980469,-0.1076740175485611,0.8754023313522339
LS_01410,1,success,E:\LandSlide-Prediction\data\terrain\patches\LS_01410.tif,E:\LandSlide-Prediction\data\terrain\contours\LS_01410.png,870.5703125,699.1886596679688,1071.17236328125,371.98370361328125,26.88256072998047,43.075252532958984,36.47412872314453,-0.08709322661161423,0.8377716541290283
LS_01411,1,success,E:\LandSlide-Prediction\data\terrain\patches\LS_01411.tif,E:\LandSlide-Prediction\data\terrain\contours\LS_01411.png,711.8789672851562,594.4166870117188,893.2091674804688,298.79248046875,21.092926025390625,36.83281707763672,31.129051208496094,-0.0501205250620842,0.7398644685745239
LS_01412,1,success,E:\LandSlide-Prediction\data\terrain\patches\LS_01412.tif,E:\LandSlide-Prediction\data\terrain\contours\LS_01412.png,437.04522705078125,340.5123596191406,552.9391479492188,212.42678833007812,18.474430084228516,40.38128662109375,27.234355926513672,0.0707416757941246,0.5785860419273376
LS_01413,1,success,E:\LandSlide-Prediction\data\terrain\patches\LS_01413.tif,E:\LandSlide-Prediction\data\terrain\contours\LS_01413.png,687.9199829101562,499.87591552734375,905.0172729492188,405.141357421875,27.40418243408203,38.31380844116211,33.949913024902344,0.10859803855419159,0.8139702677726746
LS_01417,1,success,E:\LandSlide-Prediction\data\terrain\patches\LS_01417.tif,E:\LandSlide-Prediction\data\terrain\contours\LS_01417.png,392.5877380371094,271.9301452636719,593.6270751953125,321.6969299316406,22.839439392089844,44.757171630859375,32.581443786621094,0.08272513747215271,0.5635251402854919
LS_01418,1,success,E:\LandSlide-Prediction\data\terrain\patches\LS_01418.tif,E:\LandSlide-Prediction\data\terrain\contours\LS_01418.png,836.3055419921875,657.3502197265625,993.9304809570312,336.58026123046875,24.174240112304688,46.453922271728516,32.731998443603516,0.13142740726470947,0.9632517099380493
LS_01420,1,success,E:\LandSlide-Prediction\data\terrain\patches\LS_01420.tif,E:\LandSlide-Prediction\data\terrain\contours\LS_01420.png,336.1964111328125,234.8972625732422,461.4683837890625,226.5711212158203,19.971298217773438,42.606178283691406,34.80846405029297,0.03204292804002762,1.0536726713180542
LS_01421,1,success,E:\LandSlide-Prediction\data\terrain\patches\LS_01421.tif,E:\LandSlide-Prediction\data\terrain\contours\LS_01421.png,475.97857666015625,395.58221435546875,636.5281372070312,240.9459228515625,20.32933807373047,39.06391143798828,32.25214385986328,0.09379629790782928,0.7004867792129517
LS_01422,1,success,E:\LandSlide-Prediction\data\terrain\patches\LS_01422.tif,E:\LandSlide-Prediction\data\terrain\contours\LS_01422.png,316.8658447265625,269.9327392578125,395.8451843261719,125.91244506835938,15.114055633544922,37.14656066894531,27.293710708618164,-0.04150407761335373,0.6490852236747742
LS_01423,1,success,E:\LandSlide-Prediction\data\terrain\patches\LS_01423.tif,E:\LandSlide-Prediction\data\terrain\contours\LS_01423.png,412.78118896484375,338.7318420410156,500.1955261230469,161.46368408203125,18.49872589111328,33.75382614135742,26.448768615722656,0.07294219732284546,0.798374354839325
LS_01426,1,success,E:\LandSlide-Prediction\data\terrain\patches\LS_01426.tif,E:\LandSlide-Prediction\data\terrain\contours\LS_01426.png,766.7237548828125,637.8038330078125,905.1805419921875,267.376708984375,24.77972412109375,47.087974548339844,34.149627685546875,0.0098700150847435,1.0547045469284058
LS_01430,1,success,E:\LandSlide-Prediction\data\terrain\patches\LS_01430.tif,E:\LandSlide-Prediction\data\terrain\contours\LS_01430.png,790.7034912109375,661.8801879882812,976.8872680664062,315.007080078125,22.76634979248047,44.11232376098633,31.9515380859375,0.12961402535438538,0.8676183819770813
LS_01433,1,success,E:\LandSlide-Prediction\data\terrain\patches\LS_01433.tif,E:\LandSlide-Prediction\data\terrain\contours\LS_01433.png,754.0609130859375,653.8070678710938,860.436279296875,206.62921142578125,22.071495056152344,51.004451751708984,35.513763427734375,0.13680653274059296,0.9714269638061523
LS_01435,1,success,E:\LandSlide-Prediction\data\terrain\patches\LS_01435.tif,E:\LandSlide-Prediction\data\terrain\contours\LS_01435.png,679.0964965820312,579.4343872070312,805.3976440429688,225.9632568359375,17.375442504882812,30.83083724975586,24.722431182861328,-0.0019212905317544937,0.6733392477035522
LS_01439,1,success,E:\LandSlide-Prediction\data\terrain\patches\LS_01439.tif,E:\LandSlide-Prediction\data\terrain\contours\LS_01439.png,208.6822052001953,123.02409362792969,358.54248046875,235.5183868408203,18.7305965423584,44.81350326538086,37.29514694213867,-0.0199416633695364,0.6507559418678284
LS_01443,1,success,E:\LandSlide-Prediction\data\terrain\patches\LS_01443.tif,E:\LandSlide-Prediction\data\terrain\contours\LS_01443.png,269.1539611816406,231.4435272216797,350.656494140625,119.21296691894531,16.426279067993164,39.2280387878418,27.988162994384766,0.07874589413404465,0.8106259107589722
LS_01444,1,success,E:\LandSlide-Prediction\data\terrain\patches\LS_01444.tif,E:\LandSlide-Prediction\data\terrain\contours\LS_01444.png,425.68011474609375,294.71942138671875,499.056396484375,204.33697509765625,18.98115348815918,36.38120651245117,28.756099700927734,-0.0391378253698349,0.8333276510238647
LS_01446,1,success,E:\LandSlide-Prediction\data\terrain\patches\LS_01446.tif,E:\LandSlide-Prediction\data\terrain\contours\LS_01446.png,216.22604370117188,115.31017303466797,362.1407775878906,246.83059692382812,22.236896514892578,48.18503189086914,37.170799255371094,-0.009960360825061798,0.8773810267448425
LS_01447,1,success,E:\LandSlide-Prediction\data\terrain\patches\LS_01447.tif,E:\LandSlide-Prediction\data\terrain\contours\LS_01447.png,302.39105224609375,184.68153381347656,386.75921630859375,202.0776824951172,19.00467300415039,39.6983528137207,30.569355010986328,0.023069147020578384,0.9173116087913513
LS_01448,1,success,E:\LandSlide-Prediction\data\terrain\patches\LS_01448.tif,E:\LandSlide-Prediction\data\terrain\contours\LS_01448.png,290.0597229003906,182.5514373779297,406.80767822265625,224.25624084472656,26.7739315032959,46.58168411254883,39.464744567871094,-0.11869730055332184,0.9657208323478699
LS_01450,1,success,E:\LandSlide-Prediction\data\terrain\patches\LS_01450.tif,E:\LandSlide-Prediction\data\terrain\contours\LS_01450.png,169.1981201171875,95.49520874023438,299.00042724609375,203.50521850585938,15.834587097167969,35.452911376953125,29.1375732421875,-0.008713601157069206,0.6649273633956909
LS_01452,1,success,E:\LandSlide-Prediction\data\terrain\patches\LS_01452.tif,E:\LandSlide-Prediction\data\terrain\contours\LS_01452.png,153.07757568359375,117.39049530029297,208.98635864257812,91.59586334228516,11.261759757995605,34.005977630615234,20.904151916503906,-0.0217916090041399,0.6473134160041809
LS_01453,1,success,E:\LandSlide-Prediction\data\terrain\patches\LS_01453.tif,E:\LandSlide-Prediction\data\terrain\contours\LS_01453.png,294.0469970703125,182.13113403320312,411.34149169921875,229.21035766601562,22.825756072998047,45.08316421508789,33.22969055175781,-0.0638686865568161,1.1083673238754272
LS_01454,1,success,E:\LandSlide-Prediction\data\terrain\patches\LS_01454.tif,E:\LandSlide-Prediction\data\terrain\contours\LS_01454.png,254.38560485839844,160.48831176757812,391.2173767089844,230.72906494140625,20.102842330932617,37.108985900878906,28.909229278564453,-0.07737430930137634,0.6328208446502686
LS_01458,1,success,E:\LandSlide-Prediction\data\terrain\patches\LS_01458.tif,E:\LandSlide-Prediction\data\terrain\contours\LS_01458.png,350.40521240234375,260.3585205078125,445.32171630859375,184.96319580078125,19.901737213134766,39.47051239013672,30.279396057128906,0.003033813089132309,0.908911943435669
LS_01459,1,success,E:\LandSlide-Prediction\data\terrain\patches\LS_01459.tif,E:\LandSlide-Prediction\data\terrain\contours\LS_01459.png,328.63641357421875,209.34800720214844,455.7355651855469,246.38755798339844,18.472591400146484,37.97955322265625,31.746097564697266,0.08247719705104828,0.5804027915000916
LS_01461,1,success,E:\LandSlide-Prediction\data\terrain\patches\LS_01461.tif,E:\LandSlide-Prediction\data\terrain\contours\LS_01461.png,896.4908447265625,743.73095703125,1094.7978515625,351.06689453125,29.02252769470215,59.88347625732422,45.62061309814453,0.016316518187522888,1.2166329622268677
LS_01467,1,success,E:\LandSlide-Prediction\data\terrain\patches\LS_01467.tif,E:\LandSlide-Prediction\data\terrain\contours\LS_01467.png,845.8259887695312,698.6006469726562,1102.6102294921875,404.00958251953125,24.52219009399414,54.44169998168945,40.76396560668945,-0.08802598714828491,1.0163198709487915
LS_01469,1,success,E:\LandSlide-Prediction\data\terrain\patches\LS_01469.tif,E:\LandSlide-Prediction\data\terrain\contours\LS_01469.png,736.265380859375,598.6970825195312,909.9277954101562,311.230712890625,28.745227813720703,44.83731460571289,37.20197296142578,0.03797727823257446,1.0675948858261108
LS_01474,1,success,E:\LandSlide-Prediction\data\terrain\patches\LS_01474.tif,E:\LandSlide-Prediction\data\terrain\contours\LS_01474.png,1153.58154296875,928.7459716796875,1321.3009033203125,392.554931640625,32.059654235839844,60.17353820800781,42.96472930908203,-0.09075039625167847,1.5202529430389404
LS_01475,1,success,E:\LandSlide-Prediction\data\terrain\patches\LS_01475.tif,E:\LandSlide-Prediction\data\terrain\contours\LS_01475.png,1496.7415771484375,1185.3291015625,1713.5552978515625,528.2261962890625,35.76087951660156,64.38919067382812,50.752830505371094,-0.11441776901483536,1.4051144123077393
LS_01477,1,success,E:\LandSlide-Prediction\data\terrain\patches\LS_01477.tif,E:\LandSlide-Prediction\data\terrain\contours\LS_01477.png,966.968994140625,733.1753540039062,1290.656005859375,557.4806518554688,37.512664794921875,68.6756591796875,51.89200973510742,-0.12191717326641083,1.8596783876419067
LS_01478,1,success,E:\LandSlide-Prediction\data\terrain\patches\LS_01478.tif,E:\LandSlide-Prediction\data\terrain\contours\LS_01478.png,717.9126586914062,510.03790283203125,861.772705078125,351.73480224609375,28.231014251708984,51.37858581542969,42.1971321105957,-0.07675326615571976,0.8198394179344177
LS_01480,1,success,E:\LandSlide-Prediction\data\terrain\patches\LS_01480.tif,E:\LandSlide-Prediction\data\terrain\contours\LS_01480.png,649.35888671875,509.2330322265625,804.5117797851562,295.27874755859375,26.100975036621094,46.582637786865234,33.99163055419922,0.03391579911112785,1.0596375465393066
LS_01482,1,success,E:\LandSlide-Prediction\data\terrain\patches\LS_01482.tif,E:\LandSlide-Prediction\data\terrain\contours\LS_01482.png,814.626220703125,618.8807373046875,1011.4688110351562,392.58807373046875,30.36963653564453,52.34980010986328,43.251251220703125,0.01624269038438797,1.2766627073287964
LS_01487,1,success,E:\LandSlide-Prediction\data\terrain\patches\LS_01487.tif,E:\LandSlide-Prediction\data\terrain\contours\LS_01487.png,759.6085815429688,639.0744018554688,904.2630004882812,265.1885986328125,22.337265014648438,49.805667877197266,33.204833984375,0.11365799605846405,1.210492491722107
LS_01495,1,success,E:\LandSlide-Prediction\data\terrain\patches\LS_01495.tif,E:\LandSlide-Prediction\data\terrain\contours\LS_01495.png,908.628662109375,750.77099609375,1000.0072631835938,249.23626708984375,20.43677520751953,55.89244079589844,36.68614196777344,-0.0032618939876556396,0.9269183278083801
LS_01497,1,success,E:\LandSlide-Prediction\data\terrain\patches\LS_01497.tif,E:\LandSlide-Prediction\data\terrain\contours\LS_01497.png,392.9432373046875,313.7010803222656,536.721435546875,223.02035522460938,13.752416610717773,38.88264846801758,24.101791381835938,-0.004092233255505562,0.5709683299064636
LS_01498,1,success,E:\LandSlide-Prediction\data\terrain\patches\LS_01498.tif,E:\LandSlide-Prediction\data\terrain\contours\LS_01498.png,339.12548828125,248.1787567138672,447.8358459472656,199.65708923339844,15.815492630004883,39.578338623046875,30.301467895507812,0.044725850224494934,0.5382054448127747
LS_01499,1,success,E:\LandSlide-Prediction\data\terrain\patches\LS_01499.tif,E:\LandSlide-Prediction\data\terrain\contours\LS_01499.png,165.42446899414062,96.78241729736328,339.6327209472656,242.85031127929688,18.627017974853516,37.79067611694336,32.9639892578125,0.07010244578123093,0.5044683814048767
LS_01504,1,success,E:\LandSlide-Prediction\data\terrain\patches\LS_01504.tif,E:\LandSlide-Prediction\data\terrain\contours\LS_01504.png,809.4072265625,666.7542114257812,955.3698120117188,288.6156005859375,20.911685943603516,48.274024963378906,38.19325637817383,-0.054405324161052704,0.7639122605323792
LS_01505,1,success,E:\LandSlide-Prediction\data\terrain\patches\LS_01505.tif,E:\LandSlide-Prediction\data\terrain\contours\LS_01505.png,397.2972412109375,254.42771911621094,531.0025634765625,276.5748291015625,22.54278564453125,55.13088607788086,32.473655700683594,0.05663382261991501,0.8783016800880432
LS_01507,1,success,E:\LandSlide-Prediction\data\terrain\patches\LS_01507.tif,E:\LandSlide-Prediction\data\terrain\contours\LS_01507.png,691.465576171875,606.875732421875,921.140380859375,314.2646484375,18.56692123413086,50.666194915771484,37.271392822265625,0.13374948501586914,0.66731858253479
LS_01511,1,success,E:\LandSlide-Prediction\data\terrain\patches\LS_01511.tif,E:\LandSlide-Prediction\data\terrain\contours\LS_01511.png,868.9777221679688,746.7305297851562,1020.745361328125,274.01483154296875,22.69140625,39.903900146484375,33.083988189697266,0.06562817096710205,0.929118275642395
LS_01515,1,success,E:\LandSlide-Prediction\data\terrain\patches\LS_01515.tif,E:\LandSlide-Prediction\data\terrain\contours\LS_01515.png,1021.21484375,842.40087890625,1222.264892578125,379.864013671875,28.885780334472656,48.33927536010742,38.80513381958008,0.14976336061954498,1.0421171188354492
LS_01517,1,success,E:\LandSlide-Prediction\data\terrain\patches\LS_01517.tif,E:\LandSlide-Prediction\data\terrain\contours\LS_01517.png,536.658935546875,424.0242919921875,764.0823974609375,340.05810546875,22.5672664642334,49.55768585205078,35.91030502319336,-0.11892519146203995,0.8971982002258301
LS_01522,1,success,E:\LandSlide-Prediction\data\terrain\patches\LS_01522.tif,E:\LandSlide-Prediction\data\terrain\contours\LS_01522.png,1348.1043701171875,1172.64990234375,1519.0321044921875,346.3822021484375,26.50754165649414,57.697242736816406,45.22346115112305,0.005780220031738281,1.2908504009246826
LS_01524,1,success,E:\LandSlide-Prediction\data\terrain\patches\LS_01524.tif,E:\LandSlide-Prediction\data\terrain\contours\LS_01524.png,1493.255126953125,1314.3656005859375,1637.6343994140625,323.268798828125,24.923248291015625,40.69344711303711,34.023441314697266,-0.09962306916713715,0.7969338893890381
LS_01525,1,success,E:\LandSlide-Prediction\data\terrain\patches\LS_01525.tif,E:\LandSlide-Prediction\data\terrain\contours\LS_01525.png,1418.830322265625,1258.90576171875,1567.224365234375,308.318603515625,28.24831199645996,48.56193161010742,37.486793518066406,0.024556651711463928,1.0663259029388428
LS_01526,1,success,E:\LandSlide-Prediction\data\terrain\patches\LS_01526.tif,E:\LandSlide-Prediction\data\terrain\contours\LS_01526.png,890.8223266601562,759.5001220703125,1164.7867431640625,405.28662109375,29.371566772460938,65.07624053955078,43.151187896728516,0.07010826468467712,0.9861159324645996
LS_01527,1,success,E:\LandSlide-Prediction\data\terrain\patches\LS_01527.tif,E:\LandSlide-Prediction\data\terrain\contours\LS_01527.png,1026.12158203125,905.8123779296875,1161.47705078125,255.6646728515625,22.91265296936035,43.35126876831055,31.10226821899414,0.12282651662826538,0.8690677285194397
LS_01529,1,success,E:\LandSlide-Prediction\data\terrain\patches\LS_01529.tif,E:\LandSlide-Prediction\data\terrain\contours\LS_01529.png,977.1508178710938,847.061279296875,1143.668701171875,296.607421875,23.271339416503906,45.20745849609375,37.9930419921875,-0.05176299437880516,0.8657883405685425
LS_01530,1,success,E:\LandSlide-Prediction\data\terrain\patches\LS_01530.tif,E:\LandSlide-Prediction\data\terrain\contours\LS_01530.png,1088.81689453125,958.4927978515625,1249.4749755859375,290.982177734375,25.552133560180664,53.464576721191406,41.52464294433594,-0.010678566992282867,1.1140400171279907
LS_01534,1,success,E:\LandSlide-Prediction\data\terrain\patches\LS_01534.tif,E:\LandSlide-Prediction\data\terrain\contours\LS_01534.png,1282.844970703125,1128.5103759765625,1387.2869873046875,258.776611328125,20.56659698486328,42.098602294921875,32.235618591308594,-0.00768163800239563,0.7298985123634338
LS_01537,1,success,E:\LandSlide-Prediction\data\terrain\patches\LS_01537.tif,E:\LandSlide-Prediction\data\terrain\contours\LS_01537.png,1313.5570068359375,1194.759033203125,1534.61962890625,339.860595703125,22.027244567871094,47.02334213256836,38.06755447387695,-0.019240953028202057,0.8981135487556458
LS_01538,1,success,E:\LandSlide-Prediction\data\terrain\patches\LS_01538.tif,E:\LandSlide-Prediction\data\terrain\contours\LS_01538.png,1058.7176513671875,947.3546142578125,1235.8582763671875,288.503662109375,22.668058395385742,42.712764739990234,35.966224670410156,-0.02091219648718834,0.9347246289253235
LS_01539,1,success,E:\LandSlide-Prediction\data\terrain\patches\LS_01539.tif,E:\LandSlide-Prediction\data\terrain\contours\LS_01539.png,1093.947509765625,936.7095336914062,1314.21484375,377.50531005859375,26.42597198486328,61.019657135009766,48.31273651123047,-0.03446262702345848,0.9997981786727905
LS_01540,1,success,E:\LandSlide-Prediction\data\terrain\patches\LS_01540.tif,E:\LandSlide-Prediction\data\terrain\contours\LS_01540.png,1363.5999755859375,1205.9681396484375,1528.6544189453125,322.686279296875,29.30499839782715,63.325523376464844,43.962432861328125,-0.10339423269033432,1.0592522621154785
LS_01543,1,success,E:\LandSlide-Prediction\data\terrain\patches\LS_01543.tif,E:\LandSlide-Prediction\data\terrain\contours\LS_01543.png,775.995849609375,679.7129516601562,914.0681762695312,234.355224609375,19.886669158935547,38.382781982421875,30.269500732421875,-0.057355377823114395,0.7612759470939636
LS_01544,1,success,E:\LandSlide-Prediction\data\terrain\patches\LS_01544.tif,E:\LandSlide-Prediction\data\terrain\contours\LS_01544.png,834.5023193359375,686.7742309570312,932.3861694335938,245.6119384765625,19.062850952148438,36.81148910522461,28.137052536010742,-0.12535697221755981,0.6128352284431458
LS_01550,1,success,E:\LandSlide-Prediction\data\terrain\patches\LS_01550.tif,E:\LandSlide-Prediction\data\terrain\contours\LS_01550.png,757.87060546875,636.8333740234375,900.7447509765625,263.911376953125,19.42255401611328,36.238555908203125,28.683124542236328,-0.0919187143445015,0.7024422287940979
LS_01552,1,success,E:\LandSlide-Prediction\data\terrain\patches\LS_01552.tif,E:\LandSlide-Prediction\data\terrain\contours\LS_01552.png,1085.7379150390625,948.419677734375,1268.7109375,320.291259765625,26.567176818847656,48.08445739746094,39.570106506347656,-0.053824689239263535,0.9988924264907837
LS_01562,1,success,E:\LandSlide-Prediction\data\terrain\patches\LS_01562.tif,E:\LandSlide-Prediction\data\terrain\contours\LS_01562.png,1034.0076904296875,786.8927001953125,1290.8919677734375,503.999267578125,31.219776153564453,65.23772430419922,51.43240737915039,-0.15439826250076294,1.044264316558838
LS_01563,1,success,E:\LandSlide-Prediction\data\terrain\patches\LS_01563.tif,E:\LandSlide-Prediction\data\terrain\contours\LS_01563.png,824.6282348632812,725.983642578125,916.8944702148438,190.91082763671875,12.559101104736328,31.44925880432129,19.399551391601562,-0.05410843342542648,0.4392215609550476
LS_01567,1,success,E:\LandSlide-Prediction\data\terrain\patches\LS_01567.tif,E:\LandSlide-Prediction\data\terrain\contours\LS_01567.png,648.711181640625,574.7975463867188,780.1365966796875,205.33905029296875,17.39805793762207,45.87120819091797,31.37845230102539,0.026670632883906364,0.5116158127784729
LS_01568,1,success,E:\LandSlide-Prediction\data\terrain\patches\LS_01568.tif,E:\LandSlide-Prediction\data\terrain\contours\LS_01568.png,621.6747436523438,546.6969604492188,713.0078125,166.31085205078125,15.855849266052246,32.560760498046875,24.38068389892578,0.03779713436961174,0.6682119369506836
LS_01573,1,success,E:\LandSlide-Prediction\data\terrain\patches\LS_01573.tif,E:\LandSlide-Prediction\data\terrain\contours\LS_01573.png,842.2633056640625,693.2200927734375,1079.48583984375,386.2657470703125,25.789413452148438,56.191932678222656,41.18584442138672,-0.03682688623666763,0.9687931537628174
LS_01574,1,success,E:\LandSlide-Prediction\data\terrain\patches\LS_01574.tif,E:\LandSlide-Prediction\data\terrain\contours\LS_01574.png,732.6541748046875,637.2876586914062,860.5383911132812,223.250732421875,21.7800350189209,45.72994613647461,36.22289276123047,-0.07255208492279053,0.824433445930481
LS_01580,1,success,E:\LandSlide-Prediction\data\terrain\patches\LS_01580.tif,E:\LandSlide-Prediction\data\terrain\contours\LS_01580.png,551.6064453125,488.05706787109375,636.4083251953125,148.35125732421875,18.58182144165039,39.46742248535156,32.19810104370117,-0.009404193609952927,0.7347506880760193
LS_01583,1,success,E:\LandSlide-Prediction\data\terrain\patches\LS_01583.tif,E:\LandSlide-Prediction\data\terrain\contours\LS_01583.png,688.5724487304688,577.2476806640625,842.6231079101562,265.37542724609375,20.24117088317871,51.523860931396484,34.714210510253906,0.0011667758226394653,0.6992055177688599
LS_01586,1,success,E:\LandSlide-Prediction\data\terrain\patches\LS_01586.tif,E:\LandSlide-Prediction\data\terrain\contours\LS_01586.png,640.2238159179688,500.0063171386719,804.9315795898438,304.9252624511719,23.741653442382812,50.63874816894531,31.678192138671875,-0.04530244693160057,0.8975124359130859
LS_01589,1,success,E:\LandSlide-Prediction\data\terrain\patches\LS_01589.tif,E:\LandSlide-Prediction\data\terrain\contours\LS_01589.png,660.0429077148438,474.5254211425781,904.107666015625,429.5822448730469,30.2689151763916,54.570560455322266,43.37815856933594,-0.01717039942741394,1.1390975713729858
LS_01592,1,success,E:\LandSlide-Prediction\data\terrain\patches\LS_01592.tif,E:\LandSlide-Prediction\data\terrain\contours\LS_01592.png,409.207275390625,265.7178649902344,597.7046508789062,331.9867858886719,23.8225154876709,48.99760437011719,37.998130798339844,-0.039564769715070724,0.8468159437179565
LS_01593,1,success,E:\LandSlide-Prediction\data\terrain\patches\LS_01593.tif,E:\LandSlide-Prediction\data\terrain\contours\LS_01593.png,262.9791564941406,141.8753662109375,361.470703125,219.5953369140625,22.05370330810547,36.577213287353516,31.475662231445312,-0.07759292423725128,0.8592009544372559
LS_01595,1,success,E:\LandSlide-Prediction\data\terrain\patches\LS_01595.tif,E:\LandSlide-Prediction\data\terrain\contours\LS_01595.png,571.6785888671875,462.8138427734375,693.5017700195312,230.68792724609375,22.8906192779541,46.38631057739258,33.91135787963867,-0.003966553136706352,0.9174694418907166
LS_01596,1,success,E:\LandSlide-Prediction\data\terrain\patches\LS_01596.tif,E:\LandSlide-Prediction\data\terrain\contours\LS_01596.png,134.49737548828125,92.93112182617188,224.5256805419922,131.5945587158203,14.293035507202148,37.50308609008789,23.580535888671875,-0.015182498842477798,0.6829757690429688
LS_01597,1,success,E:\LandSlide-Prediction\data\terrain\patches\LS_01597.tif,E:\LandSlide-Prediction\data\terrain\contours\LS_01597.png,268.2344055175781,138.50306701660156,363.0951843261719,224.5921173095703,21.622432708740234,34.96268844604492,29.891281127929688,-0.006951647810637951,0.662740170955658
LS_01598,1,success,E:\LandSlide-Prediction\data\terrain\patches\LS_01598.tif,E:\LandSlide-Prediction\data\terrain\contours\LS_01598.png,517.1505737304688,388.1268005371094,717.5803833007812,329.4535827636719,24.974096298217773,47.91426467895508,39.73820495605469,-0.11923743039369583,0.905707836151123
LS_01599,1,success,E:\LandSlide-Prediction\data\terrain\patches\LS_01599.tif,E:\LandSlide-Prediction\data\terrain\contours\LS_01599.png,244.99436950683594,128.08111572265625,402.1404724121094,274.0593566894531,21.838970184326172,40.85629653930664,32.40576171875,-0.04994245618581772,0.7467644214630127
LS_01601,1,success,E:\LandSlide-Prediction\data\terrain\patches\LS_01601.tif,E:\LandSlide-Prediction\data\terrain\contours\LS_01601.png,241.67764282226562,119.9533920288086,489.8327941894531,369.87939453125,24.782379150390625,41.964229583740234,35.0700569152832,0.07356712967157364,0.5650739073753357
LS_01602,1,success,E:\LandSlide-Prediction\data\terrain\patches\LS_01602.tif,E:\LandSlide-Prediction\data\terrain\contours\LS_01602.png,1218.859130859375,1107.1378173828125,1294.8145751953125,187.6767578125,17.520538330078125,41.853179931640625,28.160808563232422,0.02985355257987976,0.7575746178627014
LS_01604,1,success,E:\LandSlide-Prediction\data\terrain\patches\LS_01604.tif,E:\LandSlide-Prediction\data\terrain\contours\LS_01604.png,770.2021484375,639.2568359375,933.9012451171875,294.6444091796875,23.61638641357422,43.35054397583008,32.97601318359375,-0.09618235379457474,0.8242496252059937
LS_01606,1,success,E:\LandSlide-Prediction\data\terrain\patches\LS_01606.tif,E:\LandSlide-Prediction\data\terrain\contours\LS_01606.png,833.901123046875,706.1937866210938,1034.552001953125,328.35821533203125,27.385929107666016,43.68385314941406,37.65862274169922,0.027572128921747208,0.8057977557182312
LS_01612,1,success,E:\LandSlide-Prediction\data\terrain\patches\LS_01612.tif,E:\LandSlide-Prediction\data\terrain\contours\LS_01612.png,1033.6064453125,940.3499755859375,1184.4434814453125,244.093505859375,20.546768188476562,41.2242431640625,31.02603530883789,-0.019777633249759674,0.8051255345344543
LS_01613,1,success,E:\LandSlide-Prediction\data\terrain\patches\LS_01613.tif,E:\LandSlide-Prediction\data\terrain\contours\LS_01613.png,886.1385498046875,733.239990234375,1077.6224365234375,344.3824462890625,25.156139373779297,50.33140563964844,37.023643493652344,0.12573887407779694,0.8684799075126648
LS_01614,1,success,E:\LandSlide-Prediction\data\terrain\patches\LS_01614.tif,E:\LandSlide-Prediction\data\terrain\contours\LS_01614.png,908.383056640625,834.8799438476562,994.0921020507812,159.212158203125,20.405364990234375,46.44522476196289,30.91162872314453,0.012041881680488586,0.903305172920227
LS_01616,1,success,E:\LandSlide-Prediction\data\terrain\patches\LS_01616.tif,E:\LandSlide-Prediction\data\terrain\contours\LS_01616.png,904.8748779296875,803.0618896484375,990.468994140625,187.4071044921875,19.362653732299805,40.85232162475586,28.324962615966797,0.017145011574029922,0.7800642848014832
LS_01620,1,success,E:\LandSlide-Prediction\data\terrain\patches\LS_01620.tif,E:\LandSlide-Prediction\data\terrain\contours\LS_01620.png,1019.6758422851562,917.5051879882812,1193.143798828125,275.63861083984375,19.360462188720703,40.09572982788086,30.335628509521484,0.048302143812179565,0.7300563454627991
LS_01621,1,success,E:\LandSlide-Prediction\data\terrain\patches\LS_01621.tif,E:\LandSlide-Prediction\data\terrain\contours\LS_01621.png,1113.736328125,943.7160034179688,1433.6448974609375,489.92889404296875,29.79395866394043,55.093685150146484,45.186214447021484,0.06911560893058777,0.8980639576911926
LS_01627,1,success,E:\LandSlide-Prediction\data\terrain\patches\LS_01627.tif,E:\LandSlide-Prediction\data\terrain\contours\LS_01627.png,1210.9681396484375,1060.9833984375,1329.9896240234375,269.0062255859375,21.937763214111328,42.07698059082031,34.81684112548828,-0.07452110201120377,0.8998950123786926
LS_01628,1,success,E:\LandSlide-Prediction\data\terrain\patches\LS_01628.tif,E:\LandSlide-Prediction\data\terrain\contours\LS_01628.png,1125.4666748046875,1018.2346801757812,1219.8724365234375,201.63775634765625,24.49717140197754,50.9976921081543,38.72325134277344,-0.10749650001525879,1.107790470123291
LS_01629,1,success,E:\LandSlide-Prediction\data\terrain\patches\LS_01629.tif,E:\LandSlide-Prediction\data\terrain\contours\LS_01629.png,984.4642333984375,861.9790649414062,1137.882080078125,275.90301513671875,25.931392669677734,48.94082260131836,37.713096618652344,0.0400337316095829,1.0905052423477173
LS_01631,1,success,E:\LandSlide-Prediction\data\terrain\patches\LS_01631.tif,E:\LandSlide-Prediction\data\terrain\contours\LS_01631.png,654.26806640625,559.9464721679688,765.3878784179688,205.44140625,22.980445861816406,42.98488998413086,33.25274658203125,0.03884873539209366,0.9747307896614075
LS_01635,1,success,E:\LandSlide-Prediction\data\terrain\patches\LS_01635.tif,E:\LandSlide-Prediction\data\terrain\contours\LS_01635.png,1454.4599609375,1293.128662109375,1572.6536865234375,279.5250244140625,25.350908279418945,43.591976165771484,33.78612518310547,0.029797464609146118,0.9074965715408325
LS_01642,1,success,E:\LandSlide-Prediction\data\terrain\patches\LS_01642.tif,E:\LandSlide-Prediction\data\terrain\contours\LS_01642.png,669.957763671875,599.6394653320312,781.4024047851562,181.762939453125,18.380992889404297,38.68331527709961,31.215465545654297,0.009036151692271233,0.9016762971878052
LS_01645,1,success,E:\LandSlide-Prediction\data\terrain\patches\LS_01645.tif,E:\LandSlide-Prediction\data\terrain\contours\LS_01645.png,877.7486572265625,688.3225708007812,1061.0992431640625,372.77667236328125,26.0153865814209,55.307552337646484,42.4483757019043,0.06159375607967377,0.9374550580978394
LS_01646,1,success,E:\LandSlide-Prediction\data\terrain\patches\LS_01646.tif,E:\LandSlide-Prediction\data\terrain\contours\LS_01646.png,852.7874145507812,737.7861938476562,933.3452758789062,195.55908203125,18.879844665527344,34.2644157409668,27.97618293762207,-0.05819874629378319,0.7665091753005981
LS_01649,1,success,E:\LandSlide-Prediction\data\terrain\patches\LS_01649.tif,E:\LandSlide-Prediction\data\terrain\contours\LS_01649.png,996.4602661132812,877.7943115234375,1174.5511474609375,296.7568359375,23.665416717529297,63.279178619384766,42.1755485534668,0.02083931863307953,1.0735609531402588
LS_01653,1,success,E:\LandSlide-Prediction\data\terrain\patches\LS_01653.tif,E:\LandSlide-Prediction\data\terrain\contours\LS_01653.png,803.1839599609375,644.4158325195312,931.2822265625,286.86639404296875,24.05235481262207,41.15214157104492,33.576759338378906,-0.0032650306820869446,0.7836048007011414
LS_01655,1,success,E:\LandSlide-Prediction\data\terrain\patches\LS_01655.tif,E:\LandSlide-Prediction\data\terrain\contours\LS_01655.png,1395.304443359375,1230.4417724609375,1569.4315185546875,338.98974609375,28.628433227539062,53.07040786743164,40.747093200683594,-0.033295437693595886,1.238471508026123
LS_01661,1,success,E:\LandSlide-Prediction\data\terrain\patches\LS_01661.tif,E:\LandSlide-Prediction\data\terrain\contours\LS_01661.png,986.8657836914062,840.2047729492188,1154.1917724609375,313.98699951171875,28.817874908447266,49.49346160888672,39.901893615722656,-0.062250033020973206,1.1714375019073486
LS_01663,1,success,E:\LandSlide-Prediction\data\terrain\patches\LS_01663.tif,E:\LandSlide-Prediction\data\terrain\contours\LS_01663.png,969.454833984375,811.0457153320312,1109.1976318359375,298.15191650390625,26.209304809570312,52.64729309082031,40.0732421875,-0.014646172523498535,1.0756300687789917
LS_01666,1,success,E:\LandSlide-Prediction\data\terrain\patches\LS_01666.tif,E:\LandSlide-Prediction\data\terrain\contours\LS_01666.png,935.1148071289062,787.41455078125,1087.1466064453125,299.7320556640625,20.839893341064453,38.35251998901367,28.461700439453125,-0.012910116463899612,0.5747985243797302
LS_01667,1,success,E:\LandSlide-Prediction\data\terrain\patches\LS_01667.tif,E:\LandSlide-Prediction\data\terrain\contours\LS_01667.png,812.0592651367188,706.0184326171875,936.6797485351562,230.66131591796875,16.315624237060547,34.76295852661133,25.2921199798584,-0.014501895755529404,0.6755554676055908
LS_01674,1,success,E:\LandSlide-Prediction\data\terrain\patches\LS_01674.tif,E:\LandSlide-Prediction\data\terrain\contours\LS_01674.png,697.5697021484375,624.5372314453125,783.5093994140625,158.97216796875,15.087265014648438,29.852893829345703,22.57436752319336,0.002447713166475296,0.6082994341850281
LS_01675,1,success,E:\LandSlide-Prediction\data\terrain\patches\LS_01675.tif,E:\LandSlide-Prediction\data\terrain\contours\LS_01675.png,1050.73779296875,904.2737426757812,1174.6199951171875,270.34625244140625,20.36802864074707,49.99607849121094,31.685832977294922,-0.016885705292224884,0.8299899697303772
LS_01676,1,success,E:\LandSlide-Prediction\data\terrain\patches\LS_01676.tif,E:\LandSlide-Prediction\data\terrain\contours\LS_01676.png,865.8466796875,738.3617553710938,1070.3427734375,331.98101806640625,23.72063636779785,50.20014953613281,39.534820556640625,-0.05453572794795036,0.8808630108833313
LS_01678,1,success,E:\LandSlide-Prediction\data\terrain\patches\LS_01678.tif,E:\LandSlide-Prediction\data\terrain\contours\LS_01678.png,782.8815307617188,651.58837890625,871.9067993164062,220.31842041015625,21.435523986816406,43.244590759277344,34.022254943847656,-0.03609251230955124,0.8233894109725952
LS_01679,1,success,E:\LandSlide-Prediction\data\terrain\patches\LS_01679.tif,E:\LandSlide-Prediction\data\terrain\contours\LS_01679.png,1105.275390625,879.0712280273438,1193.9180908203125,314.84686279296875,24.270862579345703,62.14196014404297,46.52007293701172,-0.1295250803232193,0.9163878560066223
LS_01681,1,success,E:\LandSlide-Prediction\data\terrain\patches\LS_01681.tif,E:\LandSlide-Prediction\data\terrain\contours\LS_01681.png,831.2040405273438,659.7371826171875,999.2239990234375,339.48681640625,25.496519088745117,50.76094436645508,37.19722366333008,-0.12263229489326477,0.9643650650978088
LS_01686,1,success,E:\LandSlide-Prediction\data\terrain\patches\LS_01686.tif,E:\LandSlide-Prediction\data\terrain\contours\LS_01686.png,655.138427734375,592.0248413085938,727.9423828125,135.91754150390625,13.080059051513672,29.232681274414062,21.177528381347656,-0.012903358787298203,0.6965377926826477
LS_01687,1,success,E:\LandSlide-Prediction\data\terrain\patches\LS_01687.tif,E:\LandSlide-Prediction\data\terrain\contours\LS_01687.png,776.0567016601562,703.9114990234375,859.9953002929688,156.08380126953125,16.111793518066406,34.87891387939453,24.414466857910156,0.02495141699910164,0.6811609268188477
LS_01689,1,success,E:\LandSlide-Prediction\data\terrain\patches\LS_01689.tif,E:\LandSlide-Prediction\data\terrain\contours\LS_01689.png,879.743896484375,675.34521484375,1011.504638671875,336.159423828125,25.176074981689453,51.89881134033203,37.306602478027344,-0.11259664595127106,1.006964087486267
LS_01690,1,success,E:\LandSlide-Prediction\data\terrain\patches\LS_01690.tif,E:\LandSlide-Prediction\data\terrain\contours\LS_01690.png,804.52490234375,614.3748168945312,887.8380126953125,273.46319580078125,25.204544067382812,49.7359619140625,39.399024963378906,-0.12069103121757507,0.7439836263656616
LS_01692,1,success,E:\LandSlide-Prediction\data\terrain\patches\LS_01692.tif,E:\LandSlide-Prediction\data\terrain\contours\LS_01692.png,734.3346557617188,560.5377197265625,890.8167724609375,330.279052734375,25.58578109741211,48.98798370361328,37.82514190673828,0.014331195503473282,0.8801193833351135
LS_01693,1,success,E:\LandSlide-Prediction\data\terrain\patches\LS_01693.tif,E:\LandSlide-Prediction\data\terrain\contours\LS_01693.png,761.673095703125,671.70556640625,830.3694458007812,158.66387939453125,17.023643493652344,30.66907501220703,23.46137237548828,-0.042133405804634094,0.5072928071022034
LS_01695,1,success,E:\LandSlide-Prediction\data\terrain\patches\LS_01695.tif,E:\LandSlide-Prediction\data\terrain\contours\LS_01695.png,653.3126220703125,503.98626708984375,780.685546875,276.69927978515625,20.979890823364258,37.83769226074219,31.41644859313965,-0.01732594147324562,0.6932500004768372
LS_01696,1,success,E:\LandSlide-Prediction\data\terrain\patches\LS_01696.tif,E:\LandSlide-Prediction\data\terrain\contours\LS_01696.png,500.03973388671875,329.0542907714844,680.4100952148438,351.3558044433594,26.828014373779297,40.82685089111328,34.47864532470703,-0.0573020875453949,0.5559994578361511
LS_01697,1,success,E:\LandSlide-Prediction\data\terrain\patches\LS_01697.tif,E:\LandSlide-Prediction\data\terrain\contours\LS_01697.png,644.4931640625,489.3147277832031,867.2150268554688,377.9002990722656,27.04003143310547,46.697723388671875,36.660560607910156,-0.018549222499132156,0.8459832072257996
LS_01698,1,success,E:\LandSlide-Prediction\data\terrain\patches\LS_01698.tif,E:\LandSlide-Prediction\data\terrain\contours\LS_01698.png,529.4942016601562,408.96551513671875,681.1256103515625,272.16009521484375,22.524372100830078,45.831298828125,33.61528778076172,-0.11816409230232239,0.9710652828216553
LS_01699,1,success,E:\LandSlide-Prediction\data\terrain\patches\LS_01699.tif,E:\LandSlide-Prediction\data\terrain\contours\LS_01699.png,976.1062622070312,875.807373046875,1089.2706298828125,213.4632568359375,21.29882049560547,56.77308654785156,36.909454345703125,-0.1658513844013214,0.8743265271186829
LS_01700,1,success,E:\LandSlide-Prediction\data\terrain\patches\LS_01700.tif,E:\LandSlide-Prediction\data\terrain\contours\LS_01700.png,783.348388671875,549.3743896484375,1088.071533203125,538.6971435546875,37.77163314819336,59.378074645996094,49.21238708496094,-0.16314752399921417,1.0925049781799316
LS_01701,1,success,E:\LandSlide-Prediction\data\terrain\patches\LS_01701.tif,E:\LandSlide-Prediction\data\terrain\contours\LS_01701.png,745.8450927734375,576.9892578125,917.7290649414062,340.73980712890625,25.754358291625977,46.93143081665039,36.37958526611328,-0.034318361431360245,0.7313445806503296
LS_01703,1,success,E:\LandSlide-Prediction\data\terrain\patches\LS_01703.tif,E:\LandSlide-Prediction\data\terrain\contours\LS_01703.png,734.8226318359375,669.1998291015625,856.6787109375,187.4788818359375,20.973386764526367,39.51264190673828,33.85181427001953,-0.03789720684289932,0.7277169823646545
LS_01704,1,success,E:\LandSlide-Prediction\data\terrain\patches\LS_01704.tif,E:\LandSlide-Prediction\data\terrain\contours\LS_01704.png,810.8652954101562,723.9830932617188,911.1239013671875,187.14080810546875,14.688653945922852,29.57571792602539,23.1740665435791,-0.023923330008983612,0.5854793787002563
LS_01707,1,success,E:\LandSlide-Prediction\data\terrain\patches\LS_01707.tif,E:\LandSlide-Prediction\data\terrain\contours\LS_01707.png,775.0848388671875,656.2435913085938,906.5198974609375,250.27630615234375,21.43732261657715,48.77559280395508,34.215309143066406,0.1281178593635559,0.7619456648826599
LS_01709,1,success,E:\LandSlide-Prediction\data\terrain\patches\LS_01709.tif,E:\LandSlide-Prediction\data\terrain\contours\LS_01709.png,948.4317016601562,868.9668579101562,1029.277587890625,160.31072998046875,14.592780113220215,35.9969596862793,22.408546447753906,-0.027372650802135468,0.5239306688308716
LS_01710,1,success,E:\LandSlide-Prediction\data\terrain\patches\LS_01710.tif,E:\LandSlide-Prediction\data\terrain\contours\LS_01710.png,704.8369140625,595.4639892578125,882.4180297851562,286.95404052734375,21.55247688293457,40.25815963745117,31.882747650146484,0.09570732712745667,0.694176197052002
LS_01713,1,success,E:\LandSlide-Prediction\data\terrain\patches\LS_01713.tif,E:\LandSlide-Prediction\data\terrain\contours\LS_01713.png,587.8575439453125,476.93194580078125,724.9328002929688,248.0008544921875,19.943241119384766,39.080074310302734,30.779495239257812,-0.010483058169484138,0.6846454739570618
LS_01716,1,success,E:\LandSlide-Prediction\data\terrain\patches\LS_01716.tif,E:\LandSlide-Prediction\data\terrain\contours\LS_01716.png,780.5509033203125,702.0699462890625,853.7904052734375,151.720458984375,18.76293182373047,41.661033630371094,31.717350006103516,0.11919113993644714,0.6942703723907471
LS_01717,1,success,E:\LandSlide-Prediction\data\terrain\patches\LS_01717.tif,E:\LandSlide-Prediction\data\terrain\contours\LS_01717.png,953.7439575195312,808.3876342773438,1056.9512939453125,248.56365966796875,25.593408584594727,44.123046875,35.64753723144531,-0.0659383237361908,1.0610498189926147
LS_01718,1,success,E:\LandSlide-Prediction\data\terrain\patches\LS_01718.tif,E:\LandSlide-Prediction\data\terrain\contours\LS_01718.png,790.5352783203125,656.3114013671875,922.3876953125,266.0762939453125,20.036476135253906,38.74082946777344,27.141584396362305,0.05614280328154564,0.5021467208862305
LS_01720,1,success,E:\LandSlide-Prediction\data\terrain\patches\LS_01720.tif,E:\LandSlide-Prediction\data\terrain\contours\LS_01720.png,694.486328125,531.7483520507812,847.8114624023438,316.0631103515625,21.277996063232422,38.11895751953125,30.20656967163086,-0.038887571543455124,0.8498835563659668
LS_01728,1,success,E:\LandSlide-Prediction\data\terrain\patches\LS_01728.tif,E:\LandSlide-Prediction\data\terrain\contours\LS_01728.png,833.9579467773438,716.400634765625,971.980224609375,255.57958984375,19.872398376464844,46.90055847167969,36.68247985839844,-0.0032024607062339783,0.6318430304527283
LS_01733,1,success,E:\LandSlide-Prediction\data\terrain\patches\LS_01733.tif,E:\LandSlide-Prediction\data\terrain\contours\LS_01733.png,815.8297119140625,704.794677734375,933.37890625,228.584228515625,19.86781883239746,39.11072540283203,29.084877014160156,-0.052709754556417465,0.7251145839691162
LS_01736,1,success,E:\LandSlide-Prediction\data\terrain\patches\LS_01736.tif,E:\LandSlide-Prediction\data\terrain\contours\LS_01736.png,554.947998046875,426.27056884765625,759.0819091796875,332.81134033203125,26.68526840209961,48.8550910949707,40.48492431640625,0.05015596002340317,1.142675518989563
LS_01737,1,success,E:\LandSlide-Prediction\data\terrain\patches\LS_01737.tif,E:\LandSlide-Prediction\data\terrain\contours\LS_01737.png,798.3828125,627.4417724609375,946.444091796875,319.0023193359375,26.679725646972656,42.39261245727539,36.765625,-0.158216655254364,0.9734837412834167
LS_01741,1,success,E:\LandSlide-Prediction\data\terrain\patches\LS_01741.tif,E:\LandSlide-Prediction\data\terrain\contours\LS_01741.png,913.1348266601562,814.9365844726562,988.6055908203125,173.66900634765625,20.455778121948242,38.95789337158203,29.082035064697266,-0.004242143593728542,0.7747640609741211
LS_01742,1,success,E:\LandSlide-Prediction\data\terrain\patches\LS_01742.tif,E:\LandSlide-Prediction\data\terrain\contours\LS_01742.png,481.94268798828125,393.9567565917969,608.9821166992188,215.02536010742188,19.207679748535156,32.579681396484375,27.28287696838379,-0.015619006007909775,0.7200126051902771
LS_01743,1,success,E:\LandSlide-Prediction\data\terrain\patches\LS_01743.tif,E:\LandSlide-Prediction\data\terrain\contours\LS_01743.png,627.193603515625,515.1791381835938,744.3458251953125,229.16668701171875,22.52379608154297,45.05093765258789,31.36932373046875,-0.12112024426460266,0.9563034176826477
LS_01745,1,success,E:\LandSlide-Prediction\data\terrain\patches\LS_01745.tif,E:\LandSlide-Prediction\data\terrain\contours\LS_01745.png,762.69775390625,574.7042236328125,925.7260131835938,351.02178955078125,26.19845199584961,51.31244659423828,42.880821228027344,-0.07139702886343002,0.8811590075492859
LS_01758,1,success,E:\LandSlide-Prediction\data\terrain\patches\LS_01758.tif,E:\LandSlide-Prediction\data\terrain\contours\LS_01758.png,771.870849609375,645.2748413085938,864.3101196289062,219.0352783203125,19.729272842407227,43.19514465332031,28.280597686767578,-0.005759187042713165,0.7613298296928406
LS_01759,1,success,E:\LandSlide-Prediction\data\terrain\patches\LS_01759.tif,E:\LandSlide-Prediction\data\terrain\contours\LS_01759.png,580.3201904296875,481.15576171875,718.5580444335938,237.40228271484375,24.29194450378418,43.680362701416016,33.58235168457031,0.048182737082242966,0.835354745388031
LS_01770,1,success,E:\LandSlide-Prediction\data\terrain\patches\LS_01770.tif,E:\LandSlide-Prediction\data\terrain\contours\LS_01770.png,561.4876708984375,451.5734558105469,765.6851806640625,314.1117248535156,21.253454208374023,38.06197738647461,30.991153717041016,-0.0867857038974762,0.6073987483978271
LS_01771,1,success,E:\LandSlide-Prediction\data\terrain\patches\LS_01771.tif,E:\LandSlide-Prediction\data\terrain\contours\LS_01771.png,555.5983276367188,459.2475891113281,727.1990966796875,267.9515075683594,21.630495071411133,46.49928283691406,34.0596923828125,-0.0755646675825119,0.9767023921012878
LS_01773,1,success,E:\LandSlide-Prediction\data\terrain\patches\LS_01773.tif,E:\LandSlide-Prediction\data\terrain\contours\LS_01773.png,799.919921875,711.4583129882812,914.2374267578125,202.77911376953125,22.219892501831055,48.83271789550781,34.067840576171875,-0.03596903383731842,1.0602548122406006
LS_01774,1,success,E:\LandSlide-Prediction\data\terrain\patches\LS_01774.tif,E:\LandSlide-Prediction\data\terrain\contours\LS_01774.png,754.2393798828125,613.289306640625,857.1561279296875,243.8668212890625,23.13768768310547,47.954872131347656,34.745948791503906,-0.023400913923978806,0.9290080666542053
LS_01779,1,success,E:\LandSlide-Prediction\data\terrain\patches\LS_01779.tif,E:\LandSlide-Prediction\data\terrain\contours\LS_01779.png,1238.9344482421875,1034.3514404296875,1425.7313232421875,391.3798828125,30.514312744140625,53.27174377441406,45.33318328857422,-0.10013706982135773,0.9827530980110168
LS_01781,1,success,E:\LandSlide-Prediction\data\terrain\patches\LS_01781.tif,E:\LandSlide-Prediction\data\terrain\contours\LS_01781.png,969.8955078125,880.0513305664062,1081.3612060546875,201.30987548828125,17.55126190185547,44.48847961425781,27.40325927734375,-0.044852349907159805,0.8129822611808777
LS_01782,1,success,E:\LandSlide-Prediction\data\terrain\patches\LS_01782.tif,E:\LandSlide-Prediction\data\terrain\contours\LS_01782.png,901.14306640625,750.0238647460938,1122.06298828125,372.03912353515625,27.531999588012695,52.72652053833008,37.2618408203125,-0.1464373618364334,1.0305662155151367
LS_01785,1,success,E:\LandSlide-Prediction\data\terrain\patches\LS_01785.tif,E:\LandSlide-Prediction\data\terrain\contours\LS_01785.png,705.0940551757812,590.6323852539062,837.2711791992188,246.6387939453125,17.51046371459961,40.98173141479492,28.057861328125,-0.04440775141119957,0.6947564482688904
LS_01791,1,success,E:\LandSlide-Prediction\data\terrain\patches\LS_01791.tif,E:\LandSlide-Prediction\data\terrain\contours\LS_01791.png,723.58935546875,645.0491333007812,818.9493408203125,173.90020751953125,14.800674438476562,34.647056579589844,24.038345336914062,0.08238650113344193,0.6178281307220459
LS_01793,1,success,E:\LandSlide-Prediction\data\terrain\patches\LS_01793.tif,E:\LandSlide-Prediction\data\terrain\contours\LS_01793.png,696.12158203125,577.2850341796875,852.2548828125,274.9698486328125,20.949432373046875,44.98974609375,34.495601654052734,0.04720687493681908,0.7531907558441162
LS_01794,1,success,E:\LandSlide-Prediction\data\terrain\patches\LS_01794.tif,E:\LandSlide-Prediction\data\terrain\contours\LS_01794.png,684.8695678710938,549.005615234375,863.5524291992188,314.54681396484375,22.290809631347656,45.20222091674805,32.020774841308594,-0.04693841189146042,0.6830138564109802
LS_01798,1,success,E:\LandSlide-Prediction\data\terrain\patches\LS_01798.tif,E:\LandSlide-Prediction\data\terrain\contours\LS_01798.png,646.2681884765625,528.9057006835938,807.0444946289062,278.1387939453125,22.538421630859375,38.064517974853516,32.18721389770508,-0.0536598339676857,0.718044638633728
LS_01804,1,success,E:\LandSlide-Prediction\data\terrain\patches\LS_01804.tif,E:\LandSlide-Prediction\data\terrain\contours\LS_01804.png,514.0305786132812,448.4786682128906,591.8626708984375,143.38400268554688,17.641040802001953,34.65169906616211,28.76443099975586,0.08625367283821106,0.6924540996551514
LS_01810,1,success,E:\LandSlide-Prediction\data\terrain\patches\LS_01810.tif,E:\LandSlide-Prediction\data\terrain\contours\LS_01810.png,574.83740234375,496.0366516113281,651.729248046875,155.69259643554688,15.691202163696289,32.81204605102539,24.853565216064453,0.04535036161541939,0.6923637390136719
LS_01812,1,success,E:\LandSlide-Prediction\data\terrain\patches\LS_01812.tif,E:\LandSlide-Prediction\data\terrain\contours\LS_01812.png,790.7426147460938,685.642578125,885.3411865234375,199.6986083984375,17.725643157958984,32.368228912353516,26.186893463134766,0.027245797216892242,0.6980799436569214
LS_01815,1,success,E:\LandSlide-Prediction\data\terrain\patches\LS_01815.tif,E:\LandSlide-Prediction\data\terrain\contours\LS_01815.png,436.23004150390625,375.7372741699219,535.5215454101562,159.78427124023438,17.026973724365234,41.01665115356445,28.064355850219727,0.010553022846579552,0.8780790567398071
LS_01816,1,success,E:\LandSlide-Prediction\data\terrain\patches\LS_01816.tif,E:\LandSlide-Prediction\data\terrain\contours\LS_01816.png,604.4674682617188,526.0425415039062,689.9960327148438,163.9534912109375,15.770627975463867,33.01716613769531,23.045257568359375,0.07050004601478577,0.5985327363014221
LS_01817,1,success,E:\LandSlide-Prediction\data\terrain\patches\LS_01817.tif,E:\LandSlide-Prediction\data\terrain\contours\LS_01817.png,924.6441040039062,777.5181884765625,1078.9329833984375,301.414794921875,21.391237258911133,41.891902923583984,30.134031295776367,-0.01727926731109619,0.6946566700935364
LS_01820,1,success,E:\LandSlide-Prediction\data\terrain\patches\LS_01820.tif,E:\LandSlide-Prediction\data\terrain\contours\LS_01820.png,795.2733154296875,682.185546875,934.5615234375,252.3759765625,20.02109146118164,39.40752410888672,31.621639251708984,-0.0596318393945694,0.8988422751426697
LS_01822,1,success,E:\LandSlide-Prediction\data\terrain\patches\LS_01822.tif,E:\LandSlide-Prediction\data\terrain\contours\LS_01822.png,1043.747802734375,821.9177856445312,1286.0391845703125,464.12139892578125,34.41282653808594,62.87412643432617,53.199066162109375,-0.0033840537071228027,1.219697117805481
LS_01823,1,success,E:\LandSlide-Prediction\data\terrain\patches\LS_01823.tif,E:\LandSlide-Prediction\data\terrain\contours\LS_01823.png,898.7372436523438,782.056640625,1081.975341796875,299.918701171875,22.853939056396484,41.35614013671875,32.76902770996094,-0.05145588517189026,0.9146649837493896
LS_01824,1,success,E:\LandSlide-Prediction\data\terrain\patches\LS_01824.tif,E:\LandSlide-Prediction\data\terrain\contours\LS_01824.png,816.4739990234375,670.802734375,975.5006103515625,304.6978759765625,24.246612548828125,40.325218200683594,32.14084243774414,0.027386996895074844,0.692439615726471
LS_01826,1,success,E:\LandSlide-Prediction\data\terrain\patches\LS_01826.tif,E:\LandSlide-Prediction\data\terrain\contours\LS_01826.png,621.617919921875,517.0216674804688,740.51513671875,223.49346923828125,17.684797286987305,33.63800811767578,25.972774505615234,0.029762767255306244,0.8002963662147522
LS_01827,1,success,E:\LandSlide-Prediction\data\terrain\patches\LS_01827.tif,E:\LandSlide-Prediction\data\terrain\contours\LS_01827.png,624.2421875,488.1587219238281,804.091552734375,315.9328308105469,24.745223999023438,40.42936325073242,34.62882995605469,-0.055688515305519104,0.7427782416343689
LS_01828,1,success,E:\LandSlide-Prediction\data\terrain\patches\LS_01828.tif,E:\LandSlide-Prediction\data\terrain\contours\LS_01828.png,515.9683837890625,427.0,595.427734375,168.427734375,18.968284606933594,42.99970626831055,29.732194900512695,-0.020333483815193176,0.9485257267951965
LS_01833,1,success,E:\LandSlide-Prediction\data\terrain\patches\LS_01833.tif,E:\LandSlide-Prediction\data\terrain\contours\LS_01833.png,472.71466064453125,427.0,554.0397338867188,127.03973388671875,20.65321922302246,48.04296875,32.846458435058594,0.07555807381868362,1.0811784267425537
LS_01834,1,success,E:\LandSlide-Prediction\data\terrain\patches\LS_01834.tif,E:\LandSlide-Prediction\data\terrain\contours\LS_01834.png,476.58770751953125,427.0,614.7909545898438,187.79095458984375,17.12079429626465,41.05864334106445,31.765872955322266,0.03318549692630768,0.9059632420539856
LS_01835,1,success,E:\LandSlide-Prediction\data\terrain\patches\LS_01835.tif,E:\LandSlide-Prediction\data\terrain\contours\LS_01835.png,583.9847412109375,444.9192199707031,714.0404663085938,269.1212463378906,22.882959365844727,33.182804107666016,29.157257080078125,-0.019015545025467873,0.7115630507469177
LS_01836,1,success,E:\LandSlide-Prediction\data\terrain\patches\LS_01836.tif,E:\LandSlide-Prediction\data\terrain\contours\LS_01836.png,626.7814331054688,538.92138671875,694.5067749023438,155.58538818359375,18.414684295654297,33.397335052490234,27.500398635864258,-0.08962859213352203,0.7257177829742432
LS_01839,1,success,E:\LandSlide-Prediction\data\terrain\patches\LS_01839.tif,E:\LandSlide-Prediction\data\terrain\contours\LS_01839.png,446.4752502441406,426.35980224609375,476.61944580078125,50.2596435546875,9.148017883300781,28.74835777282715,20.136802673339844,-0.0013598911464214325,0.5215178728103638
LS_01840,1,success,E:\LandSlide-Prediction\data\terrain\patches\LS_01840.tif,E:\LandSlide-Prediction\data\terrain\contours\LS_01840.png,492.3376770019531,427.0,628.673828125,201.673828125,16.32601547241211,37.97980880737305,31.522953033447266,0.02902105450630188,0.7736161351203918
LS_01842,1,success,E:\LandSlide-Prediction\data\terrain\patches\LS_01842.tif,E:\LandSlide-Prediction\data\terrain\contours\LS_01842.png,492.9902648925781,321.8122253417969,605.0726318359375,283.2604064941406,24.997539520263672,48.40523910522461,37.14741134643555,-0.011319011449813843,0.9646170139312744
LS_01845,1,success,E:\LandSlide-Prediction\data\terrain\patches\LS_01845.tif,E:\LandSlide-Prediction\data\terrain\contours\LS_01845.png,436.2492370605469,312.2437438964844,613.2633666992188,301.0196228027344,23.52273178100586,46.144874572753906,34.37635040283203,0.0075094737112522125,0.7047050595283508
LS_01853,1,success,E:\LandSlide-Prediction\data\terrain\patches\LS_01853.tif,E:\LandSlide-Prediction\data\terrain\contours\LS_01853.png,523.8668823242188,400.5903015136719,634.3576049804688,233.76730346679688,20.907012939453125,44.05742645263672,33.29016876220703,-0.07377859950065613,1.0090233087539673
LS_01855,1,success,E:\LandSlide-Prediction\data\terrain\patches\LS_01855.tif,E:\LandSlide-Prediction\data\terrain\contours\LS_01855.png,397.68768310546875,296.5620422363281,520.913330078125,224.35128784179688,22.573875427246094,39.88226318359375,32.459991455078125,0.04784858599305153,0.8277050852775574
LS_01856,1,success,E:\LandSlide-Prediction\data\terrain\patches\LS_01856.tif,E:\LandSlide-Prediction\data\terrain\contours\LS_01856.png,429.4103698730469,292.7377624511719,574.9784545898438,282.2406921386719,24.92302131652832,41.791202545166016,34.636749267578125,0.0310145765542984,0.9315613508224487
LS_01857,1,success,E:\LandSlide-Prediction\data\terrain\patches\LS_01857.tif,E:\LandSlide-Prediction\data\terrain\contours\LS_01857.png,379.51116943359375,275.0011901855469,527.4979248046875,252.49673461914062,20.907541275024414,54.50258255004883,31.449460983276367,0.04874287545681,0.777551531791687
LS_01862,1,success,E:\LandSlide-Prediction\data\terrain\patches\LS_01862.tif,E:\LandSlide-Prediction\data\terrain\contours\LS_01862.png,524.9037475585938,427.61468505859375,677.3453979492188,249.730712890625,19.288959503173828,35.53041458129883,28.152172088623047,0.05577266961336136,0.7289435863494873
LS_01868,1,success,E:\LandSlide-Prediction\data\terrain\patches\LS_01868.tif,E:\LandSlide-Prediction\data\terrain\contours\LS_01868.png,513.2763061523438,278.74945068359375,698.0966186523438,419.34716796875,28.39916229248047,46.133060455322266,37.798851013183594,-0.031123504042625427,0.8347705006599426
LS_01870,1,success,E:\LandSlide-Prediction\data\terrain\patches\LS_01870.tif,E:\LandSlide-Prediction\data\terrain\contours\LS_01870.png,484.2483215332031,427.0,621.2219848632812,194.22198486328125,16.796003341674805,43.75163650512695,33.803184509277344,0.051593028008937836,0.7097161412239075
LS_01871,1,success,E:\LandSlide-Prediction\data\terrain\patches\LS_01871.tif,E:\LandSlide-Prediction\data\terrain\contours\LS_01871.png,595.10888671875,490.4927978515625,768.201904296875,277.7091064453125,20.907142639160156,36.430545806884766,30.69915199279785,-0.010760925710201263,0.7605778574943542
LS_01873,1,success,E:\LandSlide-Prediction\data\terrain\patches\LS_01873.tif,E:\LandSlide-Prediction\data\terrain\contours\LS_01873.png,941.342529296875,755.8286743164062,1145.7392578125,389.91058349609375,27.28481674194336,52.502342224121094,41.601192474365234,-0.1168559342622757,1.0556151866912842
LS_01874,1,success,E:\LandSlide-Prediction\data\terrain\patches\LS_01874.tif,E:\LandSlide-Prediction\data\terrain\contours\LS_01874.png,863.6357421875,783.16748046875,953.6724853515625,170.5050048828125,16.96504783630371,40.8801155090332,25.61348533630371,4.709511995315552e-05,0.7525145411491394
LS_01881,1,success,E:\LandSlide-Prediction\data\terrain\patches\LS_01881.tif,E:\LandSlide-Prediction\data\terrain\contours\LS_01881.png,854.9365844726562,712.6768188476562,1024.121337890625,311.44451904296875,24.937135696411133,60.850738525390625,41.05952453613281,0.017164919525384903,1.015785813331604
LS_01885,1,success,E:\LandSlide-Prediction\data\terrain\patches\LS_01885.tif,E:\LandSlide-Prediction\data\terrain\contours\LS_01885.png,583.078857421875,398.44317626953125,822.1966552734375,423.75347900390625,28.63505744934082,50.2806396484375,42.61915588378906,-0.10777275264263153,0.8702969551086426
LS_01891,1,success,E:\LandSlide-Prediction\data\terrain\patches\LS_01891.tif,E:\LandSlide-Prediction\data\terrain\contours\LS_01891.png,878.85888671875,689.811767578125,1075.8538818359375,386.0421142578125,29.714988708496094,64.21549224853516,49.563140869140625,-0.04177229851484299,1.1202691793441772
LS_01893,1,success,E:\LandSlide-Prediction\data\terrain\patches\LS_01893.tif,E:\LandSlide-Prediction\data\terrain\contours\LS_01893.png,672.0140380859375,541.3967895507812,848.1665649414062,306.769775390625,20.914989471435547,30.65896224975586,26.82271957397461,0.026755038648843765,0.5922015905380249
LS_01895,1,success,E:\LandSlide-Prediction\data\terrain\patches\LS_01895.tif,E:\LandSlide-Prediction\data\terrain\contours\LS_01895.png,658.3628540039062,477.4930114746094,899.371337890625,421.8783264160156,28.823707580566406,46.80265808105469,40.51680374145508,-0.023039937019348145,0.9678543210029602
LS_01897,1,success,E:\LandSlide-Prediction\data\terrain\patches\LS_01897.tif,E:\LandSlide-Prediction\data\terrain\contours\LS_01897.png,391.8978271484375,312.5702819824219,534.888427734375,222.31814575195312,16.731884002685547,33.38804626464844,27.371978759765625,-0.04918062686920166,0.5719303488731384
LS_01901,1,success,E:\LandSlide-Prediction\data\terrain\patches\LS_01901.tif,E:\LandSlide-Prediction\data\terrain\contours\LS_01901.png,448.67132568359375,346.0875244140625,624.1502075195312,278.06268310546875,23.735294342041016,43.08993148803711,33.65447998046875,-0.08165354281663895,0.9221240282058716
LS_01902,1,success,E:\LandSlide-Prediction\data\terrain\patches\LS_01902.tif,E:\LandSlide-Prediction\data\terrain\contours\LS_01902.png,323.46929931640625,304.6551208496094,410.2975769042969,105.6424560546875,7.858910083770752,36.30699157714844,18.70211410522461,0.027110880240797997,0.3679831027984619
LS_01913,1,success,E:\LandSlide-Prediction\data\terrain\patches\LS_01913.tif,E:\LandSlide-Prediction\data\terrain\contours\LS_01913.png,729.4390869140625,540.8941650390625,843.8598022460938,302.96563720703125,27.914913177490234,50.494850158691406,38.959014892578125,-0.08348209410905838,1.2765840291976929
LS_01916,1,success,E:\LandSlide-Prediction\data\terrain\patches\LS_01916.tif,E:\LandSlide-Prediction\data\terrain\contours\LS_01916.png,484.70257568359375,349.541259765625,630.6456298828125,281.1043701171875,26.750381469726562,47.90129089355469,37.23765563964844,-0.14433792233467102,1.1536731719970703
LS_01918,1,success,E:\LandSlide-Prediction\data\terrain\patches\LS_01918.tif,E:\LandSlide-Prediction\data\terrain\contours\LS_01918.png,804.4036865234375,671.0036010742188,962.7219848632812,291.7183837890625,22.45604705810547,43.863868713378906,32.05405044555664,-0.0423801988363266,1.0231571197509766
LS_01919,1,success,E:\LandSlide-Prediction\data\terrain\patches\LS_01919.tif,E:\LandSlide-Prediction\data\terrain\contours\LS_01919.png,624.849853515625,511.6401672363281,737.6356811523438,225.99551391601562,24.451570510864258,38.50947189331055,33.37061309814453,0.0724271908402443,0.9387050867080688
LS_01920,1,success,E:\LandSlide-Prediction\data\terrain\patches\LS_01920.tif,E:\LandSlide-Prediction\data\terrain\contours\LS_01920.png,577.5314331054688,492.8936462402344,666.8471069335938,173.95346069335938,18.799461364746094,35.03303527832031,28.044010162353516,0.08731639385223389,0.7580848932266235
LS_01921,1,success,E:\LandSlide-Prediction\data\terrain\patches\LS_01921.tif,E:\LandSlide-Prediction\data\terrain\contours\LS_01921.png,704.7783203125,634.9149780273438,829.2864379882812,194.3714599609375,17.876205444335938,45.73702621459961,28.245677947998047,0.12560385465621948,0.7825400829315186
LS_01931,1,success,E:\LandSlide-Prediction\data\terrain\patches\LS_01931.tif,E:\LandSlide-Prediction\data\terrain\contours\LS_01931.png,803.3480224609375,669.645263671875,978.58203125,308.936767578125,25.0095272064209,50.72333908081055,40.36117935180664,-0.10937140136957169,0.8780187964439392
LS_01934,1,success,E:\LandSlide-Prediction\data\terrain\patches\LS_01934.tif,E:\LandSlide-Prediction\data\terrain\contours\LS_01934.png,819.23388671875,694.6083984375,978.33447265625,283.72607421875,22.351518630981445,51.67267990112305,33.33586883544922,-0.009947177022695541,0.9384037852287292
LS_01942,1,success,E:\LandSlide-Prediction\data\terrain\patches\LS_01942.tif,E:\LandSlide-Prediction\data\terrain\contours\LS_01942.png,629.2691650390625,480.15130615234375,807.3840942382812,327.2327880859375,26.393939971923828,45.14506149291992,37.52240753173828,-0.05393339693546295,0.8772011995315552
LS_01950,1,success,E:\LandSlide-Prediction\data\terrain\patches\LS_01950.tif,E:\LandSlide-Prediction\data\terrain\contours\LS_01950.png,591.1165771484375,486.9358215332031,685.457763671875,198.52194213867188,25.01940155029297,41.788307189941406,35.59123229980469,-0.004424631595611572,0.8393208980560303
LS_01952,1,success,E:\LandSlide-Prediction\data\terrain\patches\LS_01952.tif,E:\LandSlide-Prediction\data\terrain\contours\LS_01952.png,543.8485107421875,416.71527099609375,661.2086791992188,244.493408203125,18.017139434814453,29.728008270263672,23.697830200195312,0.023963717743754387,0.48195162415504456
LS_01954,1,success,E:\LandSlide-Prediction\data\terrain\patches\LS_01954.tif,E:\LandSlide-Prediction\data\terrain\contours\LS_01954.png,538.0438232421875,435.18658447265625,642.2655639648438,207.0789794921875,19.635957717895508,42.681663513183594,31.205604553222656,-0.006691852584481239,0.6869074702262878
LS_01958,1,success,E:\LandSlide-Prediction\data\terrain\patches\LS_01958.tif,E:\LandSlide-Prediction\data\terrain\contours\LS_01958.png,350.41961669921875,249.3364715576172,498.463134765625,249.1266632080078,19.06224822998047,37.893409729003906,32.61705780029297,-0.04447544366121292,0.6441954374313354
LS_01959,1,success,E:\LandSlide-Prediction\data\terrain\patches\LS_01959.tif,E:\LandSlide-Prediction\data\terrain\contours\LS_01959.png,535.729736328125,446.55767822265625,621.4347534179688,174.8770751953125,17.334674835205078,36.743202209472656,27.858779907226562,0.006246358156204224,0.7321284413337708
LS_01961,1,success,E:\LandSlide-Prediction\data\terrain\patches\LS_01961.tif,E:\LandSlide-Prediction\data\terrain\contours\LS_01961.png,484.16009521484375,373.63189697265625,593.189453125,219.55755615234375,19.57415008544922,32.10556411743164,26.95477294921875,0.016072748228907585,0.6935725808143616
LS_01963,1,success,E:\LandSlide-Prediction\data\terrain\patches\LS_01963.tif,E:\LandSlide-Prediction\data\terrain\contours\LS_01963.png,450.70941162109375,374.95526123046875,592.8115844726562,217.8563232421875,17.706499099731445,43.389610290527344,31.52436065673828,0.12166403234004974,0.5958621501922607
LS_01964,1,success,E:\LandSlide-Prediction\data\terrain\patches\LS_01964.tif,E:\LandSlide-Prediction\data\terrain\contours\LS_01964.png,782.6431274414062,602.6260375976562,945.1550903320312,342.529052734375,27.143648147583008,40.74908447265625,34.68512725830078,0.08374463021755219,0.9626985192298889
LS_01965,1,success,E:\LandSlide-Prediction\data\terrain\patches\LS_01965.tif,E:\LandSlide-Prediction\data\terrain\contours\LS_01965.png,680.458740234375,520.16552734375,867.8735961914062,347.70806884765625,29.780269622802734,44.674373626708984,37.417396545410156,0.08042530715465546,1.108773946762085
LS_01968,1,success,E:\LandSlide-Prediction\data\terrain\patches\LS_01968.tif,E:\LandSlide-Prediction\data\terrain\contours\LS_01968.png,716.8849487304688,516.116943359375,861.2825317382812,345.16558837890625,25.13343620300293,43.77772903442383,34.19313049316406,-0.14411762356758118,0.8344666361808777
LS_01971,1,success,E:\LandSlide-Prediction\data\terrain\patches\LS_01971.tif,E:\LandSlide-Prediction\data\terrain\contours\LS_01971.png,682.3370361328125,534.6915893554688,805.9630737304688,271.271484375,22.657363891601562,37.72522735595703,32.23417663574219,-0.03947332873940468,0.8284342885017395
LS_01973,1,success,E:\LandSlide-Prediction\data\terrain\patches\LS_01973.tif,E:\LandSlide-Prediction\data\terrain\contours\LS_01973.png,382.22406005859375,294.64154052734375,493.3831481933594,198.74160766601562,26.292373657226562,41.953731536865234,35.565330505371094,0.015884706750512123,1.092660903930664
LS_01974,1,success,E:\LandSlide-Prediction\data\terrain\patches\LS_01974.tif,E:\LandSlide-Prediction\data\terrain\contours\LS_01974.png,645.1842041015625,490.28167724609375,841.5090942382812,351.2274169921875,29.98257827758789,46.84795379638672,38.43635177612305,0.10955740511417389,1.1147894859313965
LS_01978,1,success,E:\LandSlide-Prediction\data\terrain\patches\LS_01978.tif,E:\LandSlide-Prediction\data\terrain\contours\LS_01978.png,361.8171691894531,254.15908813476562,510.77069091796875,256.6116027832031,21.836708068847656,41.04725646972656,32.10947036743164,-0.05226986110210419,0.7511980533599854
LS_01979,1,success,E:\LandSlide-Prediction\data\terrain\patches\LS_01979.tif,E:\LandSlide-Prediction\data\terrain\contours\LS_01979.png,427.87359619140625,299.0705261230469,602.882568359375,303.8120422363281,21.843505859375,41.0519905090332,32.08340072631836,0.07982240617275238,0.6265198588371277
LS_01980,1,success,E:\LandSlide-Prediction\data\terrain\patches\LS_01980.tif,E:\LandSlide-Prediction\data\terrain\contours\LS_01980.png,714.5467529296875,511.0954895019531,900.1700439453125,389.0745544433594,32.81684112548828,47.59144973754883,40.602264404296875,-0.0016299933195114136,1.294861912727356
LS_01981,1,success,E:\LandSlide-Prediction\data\terrain\patches\LS_01981.tif,E:\LandSlide-Prediction\data\terrain\contours\LS_01981.png,789.0010986328125,594.287841796875,914.057373046875,319.76953125,26.07973861694336,48.76167678833008,36.165260314941406,-0.06114985793828964,1.0836249589920044
LS_01982,1,success,E:\LandSlide-Prediction\data\terrain\patches\LS_01982.tif,E:\LandSlide-Prediction\data\terrain\contours\LS_01982.png,461.7862243652344,303.501953125,578.6642456054688,275.16229248046875,21.65502166748047,37.86089324951172,31.089881896972656,-0.08542760461568832,1.0216572284698486
LS_01987,1,success,E:\LandSlide-Prediction\data\terrain\patches\LS_01987.tif,E:\LandSlide-Prediction\data\terrain\contours\LS_01987.png,469.0967102050781,278.78118896484375,595.470458984375,316.68927001953125,26.23670196533203,44.751094818115234,37.40182876586914,-0.09069304168224335,0.8153743743896484
LS_01989,1,success,E:\LandSlide-Prediction\data\terrain\patches\LS_01989.tif,E:\LandSlide-Prediction\data\terrain\contours\LS_01989.png,425.2622985839844,258.06817626953125,600.8763427734375,342.80816650390625,27.08644676208496,47.557430267333984,39.76530456542969,-0.00525299459695816,0.8023818135261536
LS_01990,1,success,E:\LandSlide-Prediction\data\terrain\patches\LS_01990.tif,E:\LandSlide-Prediction\data\terrain\contours\LS_01990.png,498.5908508300781,411.3407897949219,653.25927734375,241.91848754882812,21.385425567626953,40.48355484008789,32.282386779785156,-0.015263449400663376,0.8626527190208435
LS_01993,1,success,E:\LandSlide-Prediction\data\terrain\patches\LS_01993.tif,E:\LandSlide-Prediction\data\terrain\contours\LS_01993.png,623.627685546875,431.8666076660156,795.849609375,363.9830017089844,26.20018768310547,46.41079330444336,35.59012985229492,-0.09320493042469025,0.7862045168876648
LS_01997,1,success,E:\LandSlide-Prediction\data\terrain\patches\LS_01997.tif,E:\LandSlide-Prediction\data\terrain\contours\LS_01997.png,342.96197509765625,295.575439453125,432.382568359375,136.80712890625,11.538437843322754,31.68572998046875,20.300457000732422,0.02595694176852703,0.5039166808128357
LS_02000,1,success,E:\LandSlide-Prediction\data\terrain\patches\LS_02000.tif,E:\LandSlide-Prediction\data\terrain\contours\LS_02000.png,660.0401611328125,478.448974609375,815.4664306640625,337.0174560546875,28.47570037841797,56.28678512573242,38.77293395996094,-0.0014573168009519577,1.2730454206466675
LS_02004,1,success,E:\LandSlide-Prediction\data\terrain\patches\LS_02004.tif,E:\LandSlide-Prediction\data\terrain\contours\LS_02004.png,386.38970947265625,218.35357666015625,582.2142333984375,363.86065673828125,26.75278663635254,44.995784759521484,34.85289001464844,-0.06701892614364624,0.8576776385307312
LS_02006,1,success,E:\LandSlide-Prediction\data\terrain\patches\LS_02006.tif,E:\LandSlide-Prediction\data\terrain\contours\LS_02006.png,244.79966735839844,177.89503479003906,348.47369384765625,170.5786590576172,13.512939453125,35.031822204589844,26.51959800720215,-0.046402521431446075,0.6457415819168091
LS_02008,1,success,E:\LandSlide-Prediction\data\terrain\patches\LS_02008.tif,E:\LandSlide-Prediction\data\terrain\contours\LS_02008.png,254.9763641357422,163.699951171875,388.8385314941406,225.13858032226562,18.94557762145996,45.631160736083984,28.696020126342773,0.027862370014190674,0.9417648911476135
LS_02009,1,success,E:\LandSlide-Prediction\data\terrain\patches\LS_02009.tif,E:\LandSlide-Prediction\data\terrain\contours\LS_02009.png,539.931884765625,350.3476257324219,772.4222412109375,422.0746154785156,29.150218963623047,46.91611862182617,39.66522216796875,-0.027529276907444,0.9339290857315063
LS_02012,1,success,E:\LandSlide-Prediction\data\terrain\patches\LS_02012.tif,E:\LandSlide-Prediction\data\terrain\contours\LS_02012.png,536.3658447265625,331.8052978515625,712.8855590820312,381.08026123046875,30.900732040405273,51.33314514160156,41.22942352294922,0.05135796219110489,1.1243845224380493
LS_02013,1,success,E:\LandSlide-Prediction\data\terrain\patches\LS_02013.tif,E:\LandSlide-Prediction\data\terrain\contours\LS_02013.png,958.306640625,902.9090576171875,1058.7967529296875,155.8876953125,17.411510467529297,38.52458953857422,28.147266387939453,0.020786583423614502,0.792461633682251
LS_02014,1,success,E:\LandSlide-Prediction\data\terrain\patches\LS_02014.tif,E:\LandSlide-Prediction\data\terrain\contours\LS_02014.png,413.9869384765625,302.8164367675781,530.7854614257812,227.96902465820312,22.23223114013672,41.086158752441406,33.504188537597656,0.09932248294353485,0.7931494116783142
LS_02019,1,success,E:\LandSlide-Prediction\data\terrain\patches\LS_02019.tif,E:\LandSlide-Prediction\data\terrain\contours\LS_02019.png,394.42584228515625,285.0647277832031,564.19580078125,279.1310729980469,23.122323989868164,43.25975036621094,33.67687225341797,0.07668056339025497,0.9120052456855774
LS_02022,1,success,E:\LandSlide-Prediction\data\terrain\patches\LS_02022.tif,E:\LandSlide-Prediction\data\terrain\contours\LS_02022.png,366.7669372558594,283.8022766113281,514.0803833007812,230.27810668945312,20.755582809448242,35.01157760620117,30.387737274169922,-0.06799901276826859,0.7329298257827759
LS_02028,1,success,E:\LandSlide-Prediction\data\terrain\patches\LS_02028.tif,E:\LandSlide-Prediction\data\terrain\contours\LS_02028.png,409.7412109375,254.6072540283203,595.78369140625,341.17645263671875,26.329631805419922,44.184844970703125,37.367183685302734,-0.07792750000953674,0.8426772356033325
LS_02030,1,success,E:\LandSlide-Prediction\data\terrain\patches\LS_02030.tif,E:\LandSlide-Prediction\data\terrain\contours\LS_02030.png,376.5908203125,274.03253173828125,591.9181518554688,317.8856201171875,23.28238296508789,46.96055221557617,38.60717010498047,0.03752616047859192,0.7462511658668518
LS_02031,1,success,E:\LandSlide-Prediction\data\terrain\patches\LS_02031.tif,E:\LandSlide-Prediction\data\terrain\contours\LS_02031.png,389.09063720703125,256.4232482910156,597.5101318359375,341.0868835449219,25.33502960205078,50.28205108642578,36.60477066040039,-0.07625845074653625,1.0779777765274048
LS_02034,1,success,E:\LandSlide-Prediction\data\terrain\patches\LS_02034.tif,E:\LandSlide-Prediction\data\terrain\contours\LS_02034.png,533.8931884765625,291.8296813964844,812.2626953125,520.4329833984375,31.21355628967285,53.544334411621094,38.890480041503906,-0.003155738115310669,0.6811263561248779
LS_02036,1,success,E:\LandSlide-Prediction\data\terrain\patches\LS_02036.tif,E:\LandSlide-Prediction\data\terrain\contours\LS_02036.png,571.1348876953125,452.670166015625,702.1838989257812,249.51373291015625,17.601669311523438,37.330928802490234,29.52981185913086,0.06874574720859528,0.6300066113471985
LS_02037,1,success,E:\LandSlide-Prediction\data\terrain\patches\LS_02037.tif,E:\LandSlide-Prediction\data\terrain\contours\LS_02037.png,507.14019775390625,398.3568420410156,645.6798706054688,247.32302856445312,23.054927825927734,41.867427825927734,35.421871185302734,-0.0691949725151062,0.867638349533081
LS_02038,1,success,E:\LandSlide-Prediction\data\terrain\patches\LS_02038.tif,E:\LandSlide-Prediction\data\terrain\contours\LS_02038.png,390.2774658203125,246.8941192626953,604.6598510742188,357.7657470703125,27.28957176208496,49.29685974121094,38.4432373046875,0.09352275729179382,0.6722919344902039
LS_02039,1,success,E:\LandSlide-Prediction\data\terrain\patches\LS_02039.tif,E:\LandSlide-Prediction\data\terrain\contours\LS_02039.png,535.9420166015625,355.929443359375,680.031005859375,324.1015625,26.969741821289062,45.05047607421875,38.11786651611328,-0.10931025445461273,0.8581111431121826
LS_02040,1,success,E:\LandSlide-Prediction\data\terrain\patches\LS_02040.tif,E:\LandSlide-Prediction\data\terrain\contours\LS_02040.png,470.2928771972656,334.4828186035156,592.1923217773438,257.7095031738281,24.788286209106445,42.222389221191406,33.68339538574219,-0.011191010475158691,0.952993631362915
LS_02045,1,success,E:\LandSlide-Prediction\data\terrain\patches\LS_02045.tif,E:\LandSlide-Prediction\data\terrain\contours\LS_02045.png,436.1939697265625,255.4262237548828,613.233154296875,357.80694580078125,27.961685180664062,44.552406311035156,37.81468963623047,-0.07724390178918839,1.106370210647583
LS_02047,1,success,E:\LandSlide-Prediction\data\terrain\patches\LS_02047.tif,E:\LandSlide-Prediction\data\terrain\contours\LS_02047.png,337.53741455078125,237.31192016601562,487.4178466796875,250.10592651367188,20.94949722290039,39.24100112915039,34.32398223876953,0.020138025283813477,0.6518883109092712
LS_02050,1,success,E:\LandSlide-Prediction\data\terrain\patches\LS_02050.tif,E:\LandSlide-Prediction\data\terrain\contours\LS_02050.png,312.5816650390625,239.9178009033203,394.4959716796875,154.5781707763672,17.665164947509766,33.25873947143555,27.275348663330078,-0.02356795221567154,0.7413429021835327
LS_02053,1,success,E:\LandSlide-Prediction\data\terrain\patches\LS_02053.tif,E:\LandSlide-Prediction\data\terrain\contours\LS_02053.png,656.5430908203125,481.8756408691406,780.2611083984375,298.3854675292969,25.578248977661133,43.66584396362305,33.69557189941406,-0.05920623987913132,1.046702265739441
LS_02055,1,success,E:\LandSlide-Prediction\data\terrain\patches\LS_02055.tif,E:\LandSlide-Prediction\data\terrain\contours\LS_02055.png,815.2784423828125,746.1257934570312,875.2366333007812,129.11083984375,14.874917984008789,35.00115966796875,26.1954288482666,-0.049280501902103424,0.5945084691047668
LS_02056,1,success,E:\LandSlide-Prediction\data\terrain\patches\LS_02056.tif,E:\LandSlide-Prediction\data\terrain\contours\LS_02056.png,667.60400390625,511.16876220703125,834.6376953125,323.46893310546875,22.243606567382812,42.503570556640625,34.23533630371094,0.023251747712492943,0.8320891261100769
LS_02059,1,success,E:\LandSlide-Prediction\data\terrain\patches\LS_02059.tif,E:\LandSlide-Prediction\data\terrain\contours\LS_02059.png,628.7822265625,536.2614135742188,766.4352416992188,230.173828125,25.336549758911133,42.892154693603516,34.05192184448242,0.0529114231467247,1.1319094896316528
LS_02061,1,success,E:\LandSlide-Prediction\data\terrain\patches\LS_02061.tif,E:\LandSlide-Prediction\data\terrain\contours\LS_02061.png,744.24951171875,627.3186645507812,838.1260375976562,210.807373046875,21.674551010131836,36.32503890991211,31.949359893798828,-0.0459710955619812,0.8125900030136108
LS_02065,1,success,E:\LandSlide-Prediction\data\terrain\patches\LS_02065.tif,E:\LandSlide-Prediction\data\terrain\contours\LS_02065.png,635.8201904296875,516.3745727539062,782.0501098632812,265.675537109375,25.713943481445312,53.63059616088867,40.90617370605469,-0.023869328200817108,1.0585136413574219
LS_02067,1,success,E:\LandSlide-Prediction\data\terrain\patches\LS_02067.tif,E:\LandSlide-Prediction\data\terrain\contours\LS_02067.png,607.2018432617188,472.5992431640625,756.100830078125,283.5015869140625,27.189037322998047,44.67516326904297,36.18479537963867,-0.0854305773973465,1.1972135305404663
LS_02073,1,success,E:\LandSlide-Prediction\data\terrain\patches\LS_02073.tif,E:\LandSlide-Prediction\data\terrain\contours\LS_02073.png,586.8824462890625,496.5661315917969,737.8446655273438,241.27853393554688,23.529191970825195,47.32685470581055,39.337215423583984,-0.009906619787216187,0.9612013697624207
LS_02087,1,success,E:\LandSlide-Prediction\data\terrain\patches\LS_02087.tif,E:\LandSlide-Prediction\data\terrain\contours\LS_02087.png,429.79815673828125,376.618408203125,541.8760375976562,165.25762939453125,17.007431030273438,43.50851058959961,29.650184631347656,-0.02799125574529171,0.7984126806259155
LS_02088,1,success,E:\LandSlide-Prediction\data\terrain\patches\LS_02088.tif,E:\LandSlide-Prediction\data\terrain\contours\LS_02088.png,469.09332275390625,370.2558288574219,557.6658935546875,187.41006469726562,19.04873275756836,33.878116607666016,27.994239807128906,0.03324784338474274,0.7403467893600464
LS_02092,1,success,E:\LandSlide-Prediction\data\terrain\patches\LS_02092.tif,E:\LandSlide-Prediction\data\terrain\contours\LS_02092.png,457.6410217285156,287.6515197753906,681.7357788085938,394.0842590332031,29.296186447143555,48.42167282104492,38.62359619140625,0.006957389414310455,0.901088297367096
LS_02095,1,success,E:\LandSlide-Prediction\data\terrain\patches\LS_02095.tif,E:\LandSlide-Prediction\data\terrain\contours\LS_02095.png,276.1794738769531,227.0,390.2659606933594,163.26596069335938,18.259784698486328,42.77552795410156,33.88556671142578,-0.030519720166921616,0.7764946818351746
LS_02097,1,success,E:\LandSlide-Prediction\data\terrain\patches\LS_02097.tif,E:\LandSlide-Prediction\data\terrain\contours\LS_02097.png,502.08612060546875,324.7936706542969,646.8026123046875,322.0089416503906,26.526138305664062,46.54351043701172,37.06121826171875,-0.04051437973976135,0.9581753611564636
LS_02099,1,success,E:\LandSlide-Prediction\data\terrain\patches\LS_02099.tif,E:\LandSlide-Prediction\data\terrain\contours\LS_02099.png,294.54376220703125,227.0,401.02301025390625,174.02301025390625,18.176084518432617,40.17972183227539,31.477527618408203,-0.041211362928152084,0.7205063700675964
LS_02100,1,success,E:\LandSlide-Prediction\data\terrain\patches\LS_02100.tif,E:\LandSlide-Prediction\data\terrain\contours\LS_02100.png,894.453125,806.0158081054688,1015.59619140625,209.58038330078125,18.680265426635742,41.36038589477539,30.65054702758789,0.020574264228343964,0.7707573175430298
LS_02101,1,success,E:\LandSlide-Prediction\data\terrain\patches\LS_02101.tif,E:\LandSlide-Prediction\data\terrain\contours\LS_02101.png,835.140869140625,703.6201171875,1008.3333129882812,304.71319580078125,21.790369033813477,45.491058349609375,34.98999786376953,0.028281409293413162,0.7936883568763733
LS_02102,1,success,E:\LandSlide-Prediction\data\terrain\patches\LS_02102.tif,E:\LandSlide-Prediction\data\terrain\contours\LS_02102.png,874.4547119140625,785.0771484375,1032.1142578125,247.037109375,18.579181671142578,43.13134002685547,33.73870086669922,0.039695240557193756,0.6835567355155945
LS_02104,1,success,E:\LandSlide-Prediction\data\terrain\patches\LS_02104.tif,E:\LandSlide-Prediction\data\terrain\contours\LS_02104.png,825.263671875,683.52880859375,956.2528686523438,272.72406005859375,23.5478515625,42.21098327636719,32.46031188964844,-0.046029232442379,0.8065657615661621
LS_02108,1,success,E:\LandSlide-Prediction\data\terrain\patches\LS_02108.tif,E:\LandSlide-Prediction\data\terrain\contours\LS_02108.png,1205.01708984375,1053.9632568359375,1390.5618896484375,336.5986328125,25.171039581298828,44.50750732421875,35.63032531738281,0.12818437814712524,0.9006933569908142
LS_02109,1,success,E:\LandSlide-Prediction\data\terrain\patches\LS_02109.tif,E:\LandSlide-Prediction\data\terrain\contours\LS_02109.png,1257.98095703125,1112.0931396484375,1400.280029296875,288.1868896484375,23.118022918701172,40.53997802734375,34.285255432128906,-0.061529241502285004,0.8270071744918823
LS_02111,1,success,E:\LandSlide-Prediction\data\terrain\patches\LS_02111.tif,E:\LandSlide-Prediction\data\terrain\contours\LS_02111.png,925.093505859375,747.8211059570312,1086.4842529296875,338.66314697265625,22.665733337402344,43.42060470581055,33.40076446533203,-0.05322251468896866,0.7104135751724243
LS_02112,1,success,E:\LandSlide-Prediction\data\terrain\patches\LS_02112.tif,E:\LandSlide-Prediction\data\terrain\contours\LS_02112.png,778.1425170898438,632.5397338867188,957.1549072265625,324.61517333984375,21.01316261291504,38.54071807861328,27.323945999145508,0.04104263707995415,0.5552709698677063
LS_02113,1,success,E:\LandSlide-Prediction\data\terrain\patches\LS_02113.tif,E:\LandSlide-Prediction\data\terrain\contours\LS_02113.png,640.0237426757812,519.207763671875,800.6825561523438,281.47479248046875,27.569190979003906,48.815731048583984,39.181365966796875,0.029790569096803665,0.8828670978546143
LS_02114,1,success,E:\LandSlide-Prediction\data\terrain\patches\LS_02114.tif,E:\LandSlide-Prediction\data\terrain\contours\LS_02114.png,541.048828125,422.0389099121094,660.7915649414062,238.75265502929688,17.704879760742188,34.31483459472656,25.28475570678711,0.10550469905138016,0.6153104901313782
LS_02116,1,success,E:\LandSlide-Prediction\data\terrain\patches\LS_02116.tif,E:\LandSlide-Prediction\data\terrain\contours\LS_02116.png,696.8458251953125,535.2824096679688,792.6619262695312,257.3795166015625,19.803817749023438,40.67417526245117,29.447067260742188,0.02417120710015297,0.720548689365387
LS_02117,1,success,E:\LandSlide-Prediction\data\terrain\patches\LS_02117.tif,E:\LandSlide-Prediction\data\terrain\contours\LS_02117.png,546.2037963867188,458.8728332519531,645.0949096679688,186.22207641601562,20.704111099243164,44.107391357421875,33.01567459106445,0.0686759203672409,0.8193381428718567
LS_02122,1,success,E:\LandSlide-Prediction\data\terrain\patches\LS_02122.tif,E:\LandSlide-Prediction\data\terrain\contours\LS_02122.png,755.8286743164062,594.94384765625,886.5281982421875,291.5843505859375,25.391094207763672,45.59595489501953,34.066837310791016,0.0957980751991272,0.9353569746017456
LS_02123,1,success,E:\LandSlide-Prediction\data\terrain\patches\LS_02123.tif,E:\LandSlide-Prediction\data\terrain\contours\LS_02123.png,843.544189453125,723.4942626953125,950.8843994140625,227.39013671875,21.707069396972656,46.1433219909668,36.07280731201172,0.003154005855321884,0.9482905864715576
LS_02126,1,success,E:\LandSlide-Prediction\data\terrain\patches\LS_02126.tif,E:\LandSlide-Prediction\data\terrain\contours\LS_02126.png,1074.827392578125,937.4349365234375,1251.3160400390625,313.881103515625,22.858362197875977,51.684661865234375,37.91553497314453,-0.0011596325784921646,0.9190003871917725
LS_02128,1,success,E:\LandSlide-Prediction\data\terrain\patches\LS_02128.tif,E:\LandSlide-Prediction\data\terrain\contours\LS_02128.png,1042.76513671875,967.2772216796875,1132.4136962890625,165.136474609375,14.819137573242188,33.24118423461914,22.649063110351562,0.07743114233016968,0.6616877913475037
LS_02129,1,success,E:\LandSlide-Prediction\data\terrain\patches\LS_02129.tif,E:\LandSlide-Prediction\data\terrain\contours\LS_02129.png,1232.914306640625,1106.9188232421875,1316.22021484375,209.3013916015625,19.58546257019043,41.666053771972656,30.44735336303711,0.04865560680627823,0.8595781326293945
LS_02130,1,success,E:\LandSlide-Prediction\data\terrain\patches\LS_02130.tif,E:\LandSlide-Prediction\data\terrain\contours\LS_02130.png,1463.86376953125,1324.22802734375,1775.88037109375,451.65234375,29.004587173461914,54.59870529174805,44.524906158447266,-0.12319018691778183,1.1905218362808228
LS_02131,1,success,E:\LandSlide-Prediction\data\terrain\patches\LS_02131.tif,E:\LandSlide-Prediction\data\terrain\contours\LS_02131.png,1198.1041259765625,1057.536865234375,1334.241455078125,276.70458984375,20.40496063232422,52.54933547973633,32.930118560791016,-0.07813149690628052,0.7712568640708923
LS_02132,1,success,E:\LandSlide-Prediction\data\terrain\patches\LS_02132.tif,E:\LandSlide-Prediction\data\terrain\contours\LS_02132.png,1186.932861328125,961.9693603515625,1442.25048828125,480.2811279296875,30.665260314941406,62.832122802734375,50.856239318847656,-0.08769156038761139,1.2278063297271729
LS_02133,1,success,E:\LandSlide-Prediction\data\terrain\patches\LS_02133.tif,E:\LandSlide-Prediction\data\terrain\contours\LS_02133.png,1091.6900634765625,972.9630126953125,1214.4559326171875,241.492919921875,23.484798431396484,40.17325973510742,32.91630172729492,0.08642499893903732,0.9717503786087036
LS_02134,1,success,E:\LandSlide-Prediction\data\terrain\patches\LS_02134.tif,E:\LandSlide-Prediction\data\terrain\contours\LS_02134.png,1086.9195556640625,951.8602294921875,1197.242431640625,245.3822021484375,21.888389587402344,42.67195510864258,28.807729721069336,0.14456453919410706,0.6659277677536011
LS_02137,1,success,E:\LandSlide-Prediction\data\terrain\patches\LS_02137.tif,E:\LandSlide-Prediction\data\terrain\contours\LS_02137.png,1366.45068359375,1242.735107421875,1538.1876220703125,295.4525146484375,22.47437858581543,37.5518913269043,32.13335418701172,0.0986706018447876,0.5573148131370544
LS_02139,1,success,E:\LandSlide-Prediction\data\terrain\patches\LS_02139.tif,E:\LandSlide-Prediction\data\terrain\contours\LS_02139.png,360.3368225097656,280.7031555175781,445.6584167480469,164.95526123046875,13.877226829528809,29.999982833862305,21.846195220947266,0.07094497233629227,0.6757777333259583
LS_02143,1,success,E:\LandSlide-Prediction\data\terrain\patches\LS_02143.tif,E:\LandSlide-Prediction\data\terrain\contours\LS_02143.png,695.5132446289062,523.8602905273438,918.481689453125,394.62139892578125,27.93679428100586,48.19481658935547,41.98529815673828,-0.050836339592933655,1.0430612564086914
LS_02145,1,success,E:\LandSlide-Prediction\data\terrain\patches\LS_02145.tif,E:\LandSlide-Prediction\data\terrain\contours\LS_02145.png,676.844970703125,549.703857421875,870.059814453125,320.35595703125,23.207387924194336,51.82044982910156,32.478179931640625,0.032642826437950134,0.7369314432144165
LS_02147,1,success,E:\LandSlide-Prediction\data\terrain\patches\LS_02147.tif,E:\LandSlide-Prediction\data\terrain\contours\LS_02147.png,770.1778564453125,623.0890502929688,949.7676391601562,326.6785888671875,23.880104064941406,41.32471466064453,31.386423110961914,0.07083886861801147,0.7552387714385986
LS_02156,1,success,E:\LandSlide-Prediction\data\terrain\patches\LS_02156.tif,E:\LandSlide-Prediction\data\terrain\contours\LS_02156.png,670.7846069335938,514.8798828125,777.8837890625,263.00390625,26.36310577392578,49.02722930908203,41.86468505859375,-0.1527666300535202,0.8685869574546814
LS_02159,1,success,E:\LandSlide-Prediction\data\terrain\patches\LS_02159.tif,E:\LandSlide-Prediction\data\terrain\contours\LS_02159.png,673.50341796875,503.2898254394531,880.7547607421875,377.4649353027344,26.7012939453125,46.26902770996094,39.42290115356445,-0.04975179582834244,0.910094678401947
LS_02162,1,success,E:\LandSlide-Prediction\data\terrain\patches\LS_02162.tif,E:\LandSlide-Prediction\data\terrain\contours\LS_02162.png,450.896728515625,382.5992736816406,597.64306640625,215.04379272460938,17.327165603637695,42.362159729003906,29.72849464416504,0.022692793980240822,0.6047540307044983
LS_02168,1,success,E:\LandSlide-Prediction\data\terrain\patches\LS_02168.tif,E:\LandSlide-Prediction\data\terrain\contours\LS_02168.png,620.460693359375,471.29400634765625,712.3550415039062,241.06103515625,21.627971649169922,41.975399017333984,31.011402130126953,0.059816356748342514,0.7041723132133484
LS_02170,1,success,E:\LandSlide-Prediction\data\terrain\patches\LS_02170.tif,E:\LandSlide-Prediction\data\terrain\contours\LS_02170.png,466.9542541503906,382.81158447265625,593.8204345703125,211.00885009765625,17.214614868164062,30.669050216674805,24.59190559387207,0.04390578716993332,0.6074634790420532
LS_02173,1,success,E:\LandSlide-Prediction\data\terrain\patches\LS_02173.tif,E:\LandSlide-Prediction\data\terrain\contours\LS_02173.png,652.8936767578125,518.546630859375,829.5576782226562,311.01104736328125,23.3824405670166,47.335880279541016,36.067230224609375,-0.05262403190135956,0.8167142271995544
LS_02176,1,success,E:\LandSlide-Prediction\data\terrain\patches\LS_02176.tif,E:\LandSlide-Prediction\data\terrain\contours\LS_02176.png,640.9825439453125,537.3060302734375,714.9946899414062,177.68865966796875,23.0787353515625,44.75918960571289,36.26667022705078,-0.06105196103453636,0.7935945391654968
LS_02177,1,success,E:\LandSlide-Prediction\data\terrain\patches\LS_02177.tif,E:\LandSlide-Prediction\data\terrain\contours\LS_02177.png,383.0667724609375,328.8973693847656,461.81781005859375,132.92044067382812,17.867008209228516,32.33617401123047,27.623332977294922,0.0010452214628458023,0.726757824420929
LS_02181,1,success,E:\LandSlide-Prediction\data\terrain\patches\LS_02181.tif,E:\LandSlide-Prediction\data\terrain\contours\LS_02181.png,430.5195617675781,350.9142150878906,576.8447875976562,225.93057250976562,17.184303283691406,38.53697967529297,30.536415100097656,0.07755610346794128,0.514033854007721
LS_02183,1,success,E:\LandSlide-Prediction\data\terrain\patches\LS_02183.tif,E:\LandSlide-Prediction\data\terrain\contours\LS_02183.png,425.58892822265625,336.9606628417969,571.3723754882812,234.41171264648438,19.917144775390625,42.28667449951172,30.576963424682617,-0.032161299139261246,0.8973075151443481
LS_02185,1,success,E:\LandSlide-Prediction\data\terrain\patches\LS_02185.tif,E:\LandSlide-Prediction\data\terrain\contours\LS_02185.png,454.4084777832031,366.52728271484375,611.3802490234375,244.85296630859375,18.37821388244629,39.01416778564453,31.534671783447266,0.09729838371276855,0.479818195104599
LS_02188,1,success,E:\LandSlide-Prediction\data\terrain\patches\LS_02188.tif,E:\LandSlide-Prediction\data\terrain\contours\LS_02188.png,458.0563659667969,302.1865234375,599.2522583007812,297.06573486328125,29.557254791259766,47.42814636230469,39.60124969482422,-0.09491931647062302,1.0975908041000366
LS_02189,1,success,E:\LandSlide-Prediction\data\terrain\patches\LS_02189.tif,E:\LandSlide-Prediction\data\terrain\contours\LS_02189.png,578.3527221679688,443.33697509765625,759.3551635742188,316.0181884765625,26.188846588134766,47.44559097290039,38.12500762939453,-0.13869337737560272,1.1574293375015259
LS_02199,1,success,E:\LandSlide-Prediction\data\terrain\patches\LS_02199.tif,E:\LandSlide-Prediction\data\terrain\contours\LS_02199.png,409.4981689453125,305.611328125,509.4469909667969,203.83566284179688,18.822141647338867,36.134830474853516,28.238136291503906,0.016022086143493652,0.7184109687805176
LS_02207,1,success,E:\LandSlide-Prediction\data\terrain\patches\LS_02207.tif,E:\LandSlide-Prediction\data\terrain\contours\LS_02207.png,633.87744140625,524.676513671875,729.0477294921875,204.3712158203125,21.445133209228516,37.35209274291992,30.518096923828125,0.062246352434158325,0.9575376510620117
LS_02210,1,success,E:\LandSlide-Prediction\data\terrain\patches\LS_02210.tif,E:\LandSlide-Prediction\data\terrain\contours\LS_02210.png,640.3152465820312,531.8546142578125,735.0826416015625,203.22802734375,26.1358585357666,46.85968780517578,37.217041015625,0.08816885948181152,0.9161812663078308
LS_02213,1,success,E:\LandSlide-Prediction\data\terrain\patches\LS_02213.tif,E:\LandSlide-Prediction\data\terrain\contours\LS_02213.png,591.4597778320312,540.75,666.501953125,125.751953125,16.3475341796875,35.38679885864258,25.82295036315918,0.004283227026462555,0.8259512782096863
LS_02220,1,success,E:\LandSlide-Prediction\data\terrain\patches\LS_02220.tif,E:\LandSlide-Prediction\data\terrain\contours\LS_02220.png,432.79156494140625,390.7484130859375,503.9752197265625,113.226806640625,11.897050857543945,28.913387298583984,21.020957946777344,0.008135860785841942,0.571745753288269
LS_02221,1,success,E:\LandSlide-Prediction\data\terrain\patches\LS_02221.tif,E:\LandSlide-Prediction\data\terrain\contours\LS_02221.png,359.72509765625,281.6540832519531,458.9555358886719,177.30145263671875,15.14745044708252,29.73660659790039,21.721797943115234,0.018658168613910675,0.763240396976471
LS_02222,1,success,E:\LandSlide-Prediction\data\terrain\patches\LS_02222.tif,E:\LandSlide-Prediction\data\terrain\contours\LS_02222.png,282.51275634765625,227.0,415.0388488769531,188.03884887695312,16.443910598754883,39.89897918701172,30.789533615112305,0.043148577213287354,0.7253783345222473
LS_02230,1,success,E:\LandSlide-Prediction\data\terrain\patches\LS_02230.tif,E:\LandSlide-Prediction\data\terrain\contours\LS_02230.png,809.7069091796875,639.531005859375,931.13525390625,291.604248046875,22.429418563842773,50.82572937011719,35.747840881347656,0.026681676506996155,0.9021217823028564
LS_02233,1,success,E:\LandSlide-Prediction\data\terrain\patches\LS_02233.tif,E:\LandSlide-Prediction\data\terrain\contours\LS_02233.png,1010.1322631835938,885.9680786132812,1135.7366943359375,249.76861572265625,20.721479415893555,43.6241340637207,32.172279357910156,-0.026934511959552765,0.8826886415481567
LS_02234,1,success,E:\LandSlide-Prediction\data\terrain\patches\LS_02234.tif,E:\LandSlide-Prediction\data\terrain\contours\LS_02234.png,779.8643798828125,620.239990234375,933.5359497070312,313.29595947265625,21.184551239013672,36.04317092895508,26.911596298217773,-0.0982760339975357,0.6115841865539551
LS_02235,1,success,E:\LandSlide-Prediction\data\terrain\patches\LS_02235.tif,E:\LandSlide-Prediction\data\terrain\contours\LS_02235.png,972.3539428710938,805.1695556640625,1109.3558349609375,304.186279296875,22.737319946289062,44.849327087402344,34.129051208496094,-0.09816066920757294,0.6561475992202759
LS_02236,1,success,E:\LandSlide-Prediction\data\terrain\patches\LS_02236.tif,E:\LandSlide-Prediction\data\terrain\contours\LS_02236.png,508.2309875488281,397.85711669921875,605.1079711914062,207.2508544921875,16.631134033203125,32.3272819519043,23.680124282836914,-0.04327665641903877,0.65113365650177
LS_02237,1,success,E:\LandSlide-Prediction\data\terrain\patches\LS_02237.tif,E:\LandSlide-Prediction\data\terrain\contours\LS_02237.png,461.33709716796875,374.2314453125,582.1459350585938,207.91448974609375,21.935075759887695,46.6114501953125,33.85468673706055,0.06172332167625427,1.0334495306015015
LS_02241,1,success,E:\LandSlide-Prediction\data\terrain\patches\LS_02241.tif,E:\LandSlide-Prediction\data\terrain\contours\LS_02241.png,713.3851928710938,491.32330322265625,914.2031860351562,422.8798828125,32.3129768371582,47.450828552246094,39.712806701660156,-0.0888717770576477,1.0153167247772217
LS_02242,1,success,E:\LandSlide-Prediction\data\terrain\patches\LS_02242.tif,E:\LandSlide-Prediction\data\terrain\contours\LS_02242.png,615.2970581054688,460.019775390625,789.2286376953125,329.2088623046875,25.14315414428711,41.70664596557617,33.55957794189453,-0.08450502902269363,0.8320383429527283
LS_02244,1,success,E:\LandSlide-Prediction\data\terrain\patches\LS_02244.tif,E:\LandSlide-Prediction\data\terrain\contours\LS_02244.png,333.43719482421875,250.41873168945312,525.0411376953125,274.6224060058594,19.57324981689453,47.08056640625,34.14824676513672,-0.024340853095054626,0.7876859903335571
LS_02248,1,success,E:\LandSlide-Prediction\data\terrain\patches\LS_02248.tif,E:\LandSlide-Prediction\data\terrain\contours\LS_02248.png,357.1949768066406,233.57102966308594,505.6123046875,272.041259765625,21.664709091186523,37.86820983886719,30.15069580078125,-0.03868580609560013,0.6816607117652893
LS_02253,1,success,E:\LandSlide-Prediction\data\terrain\patches\LS_02253.tif,E:\LandSlide-Prediction\data\terrain\contours\LS_02253.png,535.71826171875,367.8878479003906,754.1696166992188,386.2817687988281,31.37894630432129,57.61342239379883,44.73373031616211,-0.012579292058944702,1.526853322982788
LS_02261,1,success,E:\LandSlide-Prediction\data\terrain\patches\LS_02261.tif,E:\LandSlide-Prediction\data\terrain\contours\LS_02261.png,628.7428588867188,482.8169250488281,743.6795654296875,260.8626403808594,17.319374084472656,34.65610885620117,23.688720703125,0.05164448171854019,0.6111588478088379
LS_02264,1,success,E:\LandSlide-Prediction\data\terrain\patches\LS_02264.tif,E:\LandSlide-Prediction\data\terrain\contours\LS_02264.png,384.0753173828125,284.2140197753906,552.5541381835938,268.3401184082031,21.977313995361328,44.03007125854492,35.07862854003906,-0.0015829019248485565,1.0706031322479248
LS_02265,1,success,E:\LandSlide-Prediction\data\terrain\patches\LS_02265.tif,E:\LandSlide-Prediction\data\terrain\contours\LS_02265.png,998.6373901367188,875.9633178710938,1127.164306640625,251.20098876953125,23.65383529663086,40.577205657958984,33.829200744628906,0.027959082275629044,0.9740552306175232
LS_02266,1,success,E:\LandSlide-Prediction\data\terrain\patches\LS_02266.tif,E:\LandSlide-Prediction\data\terrain\contours\LS_02266.png,1177.9383544921875,1106.866455078125,1242.490966796875,135.62451171875,13.782271385192871,30.458349227905273,19.932819366455078,-0.03083590418100357,0.5910561084747314
LS_02268,1,success,E:\LandSlide-Prediction\data\terrain\patches\LS_02268.tif,E:\LandSlide-Prediction\data\terrain\contours\LS_02268.png,992.5475463867188,817.4912719726562,1135.5125732421875,318.02130126953125,25.321773529052734,42.5798454284668,33.302398681640625,-0.06871195882558823,0.8848145604133606
LS_02269,1,success,E:\LandSlide-Prediction\data\terrain\patches\LS_02269.tif,E:\LandSlide-Prediction\data\terrain\contours\LS_02269.png,709.6881103515625,506.79876708984375,951.8594360351562,445.0606689453125,30.34684181213379,47.79063034057617,39.31026077270508,0.19469104707241058,1.0595948696136475
LS_02275,1,success,E:\LandSlide-Prediction\data\terrain\patches\LS_02275.tif,E:\LandSlide-Prediction\data\terrain\contours\LS_02275.png,806.439697265625,629.0460205078125,983.2144775390625,354.16845703125,28.979393005371094,49.127376556396484,39.273902893066406,-0.1259170025587082,0.9777255654335022
LS_02279,1,success,E:\LandSlide-Prediction\data\terrain\patches\LS_02279.tif,E:\LandSlide-Prediction\data\terrain\contours\LS_02279.png,560.373046875,418.72686767578125,699.5853271484375,280.85845947265625,26.372095108032227,40.602027893066406,35.30896759033203,0.0600203312933445,0.9197729825973511
LS_02286,1,success,E:\LandSlide-Prediction\data\terrain\patches\LS_02286.tif,E:\LandSlide-Prediction\data\terrain\contours\LS_02286.png,767.8480224609375,604.64111328125,963.001220703125,358.360107421875,32.34843063354492,44.95626449584961,39.03584289550781,0.02027183771133423,1.2114012241363525
LS_02289,1,success,E:\LandSlide-Prediction\data\terrain\patches\LS_02289.tif,E:\LandSlide-Prediction\data\terrain\contours\LS_02289.png,285.96685791015625,243.61244201660156,319.6651306152344,76.05268859863281,10.869100570678711,37.916439056396484,21.04047393798828,0.04679713770747185,0.7419606447219849
LS_02292,1,success,E:\LandSlide-Prediction\data\terrain\patches\LS_02292.tif,E:\LandSlide-Prediction\data\terrain\contours\LS_02292.png,525.6728515625,393.07666015625,670.3563842773438,277.27972412109375,23.265281677246094,38.772430419921875,31.828453063964844,0.04347760230302811,0.8331250548362732
LS_02299,1,success,E:\LandSlide-Prediction\data\terrain\patches\LS_02299.tif,E:\LandSlide-Prediction\data\terrain\contours\LS_02299.png,928.2862548828125,673.7949829101562,1188.779052734375,514.9840698242188,35.013648986816406,52.53617858886719,44.93004608154297,-0.08699895441532135,1.4504042863845825
LS_02304,1,success,E:\LandSlide-Prediction\data\terrain\patches\LS_02304.tif,E:\LandSlide-Prediction\data\terrain\contours\LS_02304.png,668.68017578125,497.895751953125,826.7990112304688,328.90325927734375,27.822195053100586,49.37513732910156,38.08372116088867,0.021304674446582794,1.0589290857315063
LS_02315,1,success,E:\LandSlide-Prediction\data\terrain\patches\LS_02315.tif,E:\LandSlide-Prediction\data\terrain\contours\LS_02315.png,287.3792724609375,261.5306396484375,346.0512390136719,84.52059936523438,11.016328811645508,37.653018951416016,18.67334747314453,0.017438888549804688,0.5996634364128113
LS_02316,1,success,E:\LandSlide-Prediction\data\terrain\patches\LS_02316.tif,E:\LandSlide-Prediction\data\terrain\contours\LS_02316.png,473.80908203125,355.6901550292969,577.4796142578125,221.78945922851562,24.3568172454834,39.31465530395508,33.5615234375,-0.09002501517534256,0.8955464959144592
LS_02318,1,success,E:\LandSlide-Prediction\data\terrain\patches\LS_02318.tif,E:\LandSlide-Prediction\data\terrain\contours\LS_02318.png,540.18408203125,401.89984130859375,669.445068359375,267.54522705078125,24.82889175415039,41.870819091796875,33.42132568359375,-0.03727944195270538,0.8501777648925781
LS_02320,1,success,E:\LandSlide-Prediction\data\terrain\patches\LS_02320.tif,E:\LandSlide-Prediction\data\terrain\contours\LS_02320.png,461.3269958496094,345.54266357421875,631.1615600585938,285.618896484375,20.391563415527344,44.29637145996094,30.206209182739258,-0.047601353377103806,0.8154232501983643
LS_02333,1,success,E:\LandSlide-Prediction\data\terrain\patches\LS_02333.tif,E:\LandSlide-Prediction\data\terrain\contours\LS_02333.png,865.7626953125,740.3533935546875,1035.744384765625,295.3909912109375,22.06278419494629,34.288116455078125,30.052570343017578,0.13346466422080994,0.8132383227348328
LS_02338,1,success,E:\LandSlide-Prediction\data\terrain\patches\LS_02338.tif,E:\LandSlide-Prediction\data\terrain\contours\LS_02338.png,544.984130859375,440.6777648925781,665.39306640625,224.71530151367188,21.53387451171875,40.79497528076172,31.685096740722656,0.0726713165640831,0.8142852783203125
LS_02344,1,success,E:\LandSlide-Prediction\data\terrain\patches\LS_02344.tif,E:\LandSlide-Prediction\data\terrain\contours\LS_02344.png,911.662353515625,686.8173828125,1087.8226318359375,401.0052490234375,27.129589080810547,48.983482360839844,37.522560119628906,0.09384843707084656,0.8876546621322632
LS_02347,1,success,E:\LandSlide-Prediction\data\terrain\patches\LS_02347.tif,E:\LandSlide-Prediction\data\terrain\contours\LS_02347.png,523.3589477539062,344.5457763671875,760.0368041992188,415.49102783203125,26.718338012695312,43.00335693359375,34.48711013793945,0.06544792652130127,0.904546856880188
LS_02351,1,success,E:\LandSlide-Prediction\data\terrain\patches\LS_02351.tif,E:\LandSlide-Prediction\data\terrain\contours\LS_02351.png,324.46173095703125,227.0,536.8900146484375,309.8900146484375,23.55997085571289,45.79762268066406,38.489593505859375,0.01791905052959919,0.6188812851905823
LS_02353,1,success,E:\LandSlide-Prediction\data\terrain\patches\LS_02353.tif,E:\LandSlide-Prediction\data\terrain\contours\LS_02353.png,349.17279052734375,246.8291778564453,525.0015869140625,278.17242431640625,21.91554069519043,45.62242126464844,34.36743927001953,0.04512228071689606,0.7214674353599548
LS_02355,1,success,E:\LandSlide-Prediction\data\terrain\patches\LS_02355.tif,E:\LandSlide-Prediction\data\terrain\contours\LS_02355.png,301.60638427734375,215.07272338867188,410.1782531738281,195.10552978515625,18.3011531829834,42.69234085083008,32.543033599853516,0.003240838646888733,0.7681587338447571
LS_02356,1,success,E:\LandSlide-Prediction\data\terrain\patches\LS_02356.tif,E:\LandSlide-Prediction\data\terrain\contours\LS_02356.png,300.29278564453125,206.540771484375,425.48883056640625,218.94805908203125,20.900665283203125,42.674583435058594,32.53385543823242,0.05844658985733986,0.993897020816803
LS_02362,1,success,E:\LandSlide-Prediction\data\terrain\patches\LS_02362.tif,E:\LandSlide-Prediction\data\terrain\contours\LS_02362.png,574.0478515625,414.5766906738281,677.6468505859375,263.0701599121094,23.844873428344727,51.474632263183594,36.60877227783203,-0.05814913287758827,0.9524324536323547
LS_02367,1,success,E:\LandSlide-Prediction\data\terrain\patches\LS_02367.tif,E:\LandSlide-Prediction\data\terrain\contours\LS_02367.png,354.87774658203125,242.74354553222656,481.2697448730469,238.5261993408203,19.21662712097168,35.749027252197266,27.56997299194336,-0.029267707839608192,0.7241947650909424
LS_02369,1,success,E:\LandSlide-Prediction\data\terrain\patches\LS_02369.tif,E:\LandSlide-Prediction\data\terrain\contours\LS_02369.png,591.705078125,462.0703430175781,713.5457763671875,251.47543334960938,23.871479034423828,40.61860656738281,33.43153381347656,-0.06397498399019241,0.9656289219856262
LS_02372,1,success,E:\LandSlide-Prediction\data\terrain\patches\LS_02372.tif,E:\LandSlide-Prediction\data\terrain\contours\LS_02372.png,390.1395568847656,266.594482421875,626.7061157226562,360.11163330078125,23.862293243408203,48.114044189453125,38.40060043334961,0.061464328318834305,1.0909960269927979
LS_02377,1,success,E:\LandSlide-Prediction\data\terrain\patches\LS_02377.tif,E:\LandSlide-Prediction\data\terrain\contours\LS_02377.png,247.28793334960938,156.55078125,407.3163757324219,250.76559448242188,19.427112579345703,37.05824279785156,30.309860229492188,0.039769697934389114,0.7227351069450378
LS_02379,1,success,E:\LandSlide-Prediction\data\terrain\patches\LS_02379.tif,E:\LandSlide-Prediction\data\terrain\contours\LS_02379.png,257.58673095703125,155.9094696044922,373.0005798339844,217.0911102294922,19.743114471435547,33.84129333496094,27.62324333190918,-0.04555017128586769,0.6521442532539368
LS_02381,1,success,E:\LandSlide-Prediction\data\terrain\patches\LS_02381.tif,E:\LandSlide-Prediction\data\terrain\contours\LS_02381.png,485.27142333984375,364.0674133300781,577.3305053710938,213.26309204101562,22.236997604370117,44.52735137939453,31.775062561035156,0.06111983209848404,0.8729641437530518
LS_02382,1,success,E:\LandSlide-Prediction\data\terrain\patches\LS_02382.tif,E:\LandSlide-Prediction\data\terrain\contours\LS_02382.png,219.67926025390625,143.2997589111328,417.04083251953125,273.7410888671875,19.829544067382812,47.59407424926758,35.41947555541992,0.081727996468544,0.9185661673545837
LS_02387,1,success,E:\LandSlide-Prediction\data\terrain\patches\LS_02387.tif,E:\LandSlide-Prediction\data\terrain\contours\LS_02387.png,325.1015930175781,212.0477752685547,424.05438232421875,212.00660705566406,18.086584091186523,37.28372573852539,28.106563568115234,-0.022625012323260307,0.7242565155029297
LS_02390,1,success,E:\LandSlide-Prediction\data\terrain\patches\LS_02390.tif,E:\LandSlide-Prediction\data\terrain\contours\LS_02390.png,324.5048828125,231.45236206054688,439.99322509765625,208.54086303710938,17.7835636138916,36.82151794433594,27.936193466186523,0.12541252374649048,0.6290008425712585
LS_02394,1,success,E:\LandSlide-Prediction\data\terrain\patches\LS_02394.tif,E:\LandSlide-Prediction\data\terrain\contours\LS_02394.png,823.5950317382812,721.0340576171875,1029.5706787109375,308.53662109375,20.038848876953125,49.02388000488281,38.672454833984375,-0.022620398551225662,0.7993530035018921
LS_02395,1,success,E:\LandSlide-Prediction\data\terrain\patches\LS_02395.tif,E:\LandSlide-Prediction\data\terrain\contours\LS_02395.png,844.7337646484375,716.0460815429688,1041.4276123046875,325.38153076171875,24.110614776611328,44.91415786743164,39.47813034057617,-0.026829443871974945,0.8203263282775879
LS_02396,1,success,E:\LandSlide-Prediction\data\terrain\patches\LS_02396.tif,E:\LandSlide-Prediction\data\terrain\contours\LS_02396.png,584.107666015625,480.0790100097656,804.6603393554688,324.5813293457031,24.920116424560547,49.409080505371094,34.57334899902344,0.05530640855431557,1.0406213998794556
LS_02397,1,success,E:\LandSlide-Prediction\data\terrain\patches\LS_02397.tif,E:\LandSlide-Prediction\data\terrain\contours\LS_02397.png,1155.3961181640625,1007.4854125976562,1303.2979736328125,295.81256103515625,22.022918701171875,43.003665924072266,33.70774841308594,-0.022363681346178055,0.6225655674934387
LS_02399,1,success,E:\LandSlide-Prediction\data\terrain\patches\LS_02399.tif,E:\LandSlide-Prediction\data\terrain\contours\LS_02399.png,731.6024169921875,596.296630859375,863.3894653320312,267.09283447265625,23.117509841918945,36.547489166259766,31.70564079284668,-0.02246016263961792,0.8943755030632019
LS_02401,1,success,E:\LandSlide-Prediction\data\terrain\patches\LS_02401.tif,E:\LandSlide-Prediction\data\terrain\contours\LS_02401.png,500.15032958984375,333.30426025390625,658.7261962890625,325.42193603515625,25.458141326904297,41.144596099853516,35.42586898803711,-0.05423474311828613,0.7506951689720154
LS_02402,1,success,E:\LandSlide-Prediction\data\terrain\patches\LS_02402.tif,E:\LandSlide-Prediction\data\terrain\contours\LS_02402.png,1227.1925048828125,1063.7655029296875,1319.295654296875,255.5301513671875,23.6845645904541,43.9138298034668,34.410308837890625,-0.08791469782590866,0.7955542802810669
LS_02404,1,success,E:\LandSlide-Prediction\data\terrain\patches\LS_02404.tif,E:\LandSlide-Prediction\data\terrain\contours\LS_02404.png,396.9471740722656,298.6000671386719,553.3432006835938,254.74313354492188,20.58545684814453,38.001529693603516,30.346860885620117,0.07799161970615387,0.6307118535041809
LS_02405,1,success,E:\LandSlide-Prediction\data\terrain\patches\LS_02405.tif,E:\LandSlide-Prediction\data\terrain\contours\LS_02405.png,460.1067199707031,365.14569091796875,560.4244384765625,195.27874755859375,21.48590850830078,39.70796203613281,31.874343872070312,-0.010092630982398987,0.8994002342224121
LS_02407,1,success,E:\LandSlide-Prediction\data\terrain\patches\LS_02407.tif,E:\LandSlide-Prediction\data\terrain\contours\LS_02407.png,505.5404052734375,404.76922607421875,586.9952392578125,182.22601318359375,15.656391143798828,28.514509201049805,23.988994598388672,0.03291354700922966,0.6389122605323792
LS_02410,1,success,E:\LandSlide-Prediction\data\terrain\patches\LS_02410.tif,E:\LandSlide-Prediction\data\terrain\contours\LS_02410.png,287.61785888671875,215.7735595703125,376.4172668457031,160.64370727539062,12.772603034973145,30.05268096923828,21.68645477294922,-0.04008399695158005,0.5291149020195007
LS_02412,1,success,E:\LandSlide-Prediction\data\terrain\patches\LS_02412.tif,E:\LandSlide-Prediction\data\terrain\contours\LS_02412.png,536.7186279296875,376.06011962890625,727.20361328125,351.14349365234375,27.796667098999023,51.191253662109375,40.55320739746094,-0.011343315243721008,1.1334599256515503
LS_02417,1,success,E:\LandSlide-Prediction\data\terrain\patches\LS_02417.tif,E:\LandSlide-Prediction\data\terrain\contours\LS_02417.png,257.825927734375,202.66343688964844,381.6014099121094,178.93797302246094,13.013472557067871,30.647565841674805,22.10352897644043,-0.0238974466919899,0.6049893498420715
LS_02419,1,success,E:\LandSlide-Prediction\data\terrain\patches\LS_02419.tif,E:\LandSlide-Prediction\data\terrain\contours\LS_02419.png,321.32861328125,9.887676239013672,479.9063415527344,470.0186767578125,27.399948120117188,86.11270904541016,34.91194152832031,0.013020731508731842,23.395193099975586
LS_02424,1,success,E:\LandSlide-Prediction\data\terrain\patches\LS_02424.tif,E:\LandSlide-Prediction\data\terrain\contours\LS_02424.png,474.6090087890625,298.23553466796875,656.9434814453125,358.70794677734375,25.46428680419922,40.152099609375,34.29539489746094,-0.08649736642837524,0.9234296679496765
LS_02426,1,success,E:\LandSlide-Prediction\data\terrain\patches\LS_02426.tif,E:\LandSlide-Prediction\data\terrain\contours\LS_02426.png,389.2740478515625,277.2402038574219,504.1990661621094,226.9588623046875,20.134510040283203,39.953460693359375,31.439971923828125,-0.03361765295267105,0.6910986304283142
LS_02427,1,success,E:\LandSlide-Prediction\data\terrain\patches\LS_02427.tif,E:\LandSlide-Prediction\data\terrain\contours\LS_02427.png,267.38397216796875,1.110641360282898,414.4715270996094,413.36090087890625,22.83418846130371,85.06970977783203,31.336069107055664,0.1079709380865097,18.24062156677246
LS_02432,1,success,E:\LandSlide-Prediction\data\terrain\patches\LS_02432.tif,E:\LandSlide-Prediction\data\terrain\contours\LS_02432.png,318.8457336425781,202.93751525878906,512.4553833007812,309.51788330078125,24.51593017578125,44.17778396606445,36.90074157714844,0.013109870254993439,1.0258368253707886
LS_02433,1,success,E:\LandSlide-Prediction\data\terrain\patches\LS_02433.tif,E:\LandSlide-Prediction\data\terrain\contours\LS_02433.png,466.6217956542969,323.5998840332031,646.197265625,322.5973815917969,25.822507858276367,46.58998107910156,34.29462432861328,-0.02157685160636902,1.041452169418335
LS_02435,1,success,E:\LandSlide-Prediction\data\terrain\patches\LS_02435.tif,E:\LandSlide-Prediction\data\terrain\contours\LS_02435.png,415.9780578613281,262.9769287109375,614.8980102539062,351.92108154296875,27.186853408813477,47.51205825805664,37.24970245361328,0.04810473322868347,0.9223884344100952
LS_02437,1,success,E:\LandSlide-Prediction\data\terrain\patches\LS_02437.tif,E:\LandSlide-Prediction\data\terrain\contours\LS_02437.png,403.3681945800781,289.775146484375,541.181640625,251.406494140625,22.21367073059082,37.7282829284668,31.42516326904297,0.019670289009809494,0.8590713739395142
LS_02440,1,success,E:\LandSlide-Prediction\data\terrain\patches\LS_02440.tif,E:\LandSlide-Prediction\data\terrain\contours\LS_02440.png,406.82421875,282.8624572753906,551.3319091796875,268.4694519042969,21.46500015258789,38.0655632019043,29.121793746948242,0.014373613521456718,0.7058491706848145
LS_02441,1,success,E:\LandSlide-Prediction\data\terrain\patches\LS_02441.tif,E:\LandSlide-Prediction\data\terrain\contours\LS_02441.png,415.14935302734375,272.4901428222656,571.926513671875,299.4363708496094,22.412616729736328,43.76473617553711,31.428295135498047,0.119930699467659,0.8275225758552551
LS_02444,1,success,E:\LandSlide-Prediction\data\terrain\patches\LS_02444.tif,E:\LandSlide-Prediction\data\terrain\contours\LS_02444.png,732.4114990234375,509.8563537597656,864.7593994140625,354.9030456542969,26.232954025268555,43.73468017578125,34.58663558959961,-0.02313041500747204,0.9315268993377686
LS_02450,1,success,E:\LandSlide-Prediction\data\terrain\patches\LS_02450.tif,E:\LandSlide-Prediction\data\terrain\contours\LS_02450.png,631.3038330078125,484.9124755859375,802.7942504882812,317.88177490234375,26.89153289794922,42.4561882019043,35.25880432128906,0.08019726723432541,0.9303969144821167
LS_02453,1,success,E:\LandSlide-Prediction\data\terrain\patches\LS_02453.tif,E:\LandSlide-Prediction\data\terrain\contours\LS_02453.png,545.9566650390625,386.4394226074219,810.3095703125,423.8701477050781,31.63578987121582,50.343265533447266,44.734310150146484,-0.03455613553524017,1.2973235845565796
LS_02454,1,success,E:\LandSlide-Prediction\data\terrain\patches\LS_02454.tif,E:\LandSlide-Prediction\data\terrain\contours\LS_02454.png,348.572509765625,286.02764892578125,410.72705078125,124.69940185546875,10.364049911499023,21.620485305786133,15.825611114501953,-0.0307222381234169,0.4648837745189667
LS_02463,1,success,E:\LandSlide-Prediction\data\terrain\patches\LS_02463.tif,E:\LandSlide-Prediction\data\terrain\contours\LS_02463.png,638.4193115234375,492.13653564453125,781.6932983398438,289.5567626953125,25.48410987854004,46.13397979736328,37.325477600097656,-0.04833884909749031,0.9205632209777832
LS_02467,1,success,E:\LandSlide-Prediction\data\terrain\patches\LS_02467.tif,E:\LandSlide-Prediction\data\terrain\contours\LS_02467.png,531.755126953125,402.1285705566406,634.7816162109375,232.65304565429688,19.76841926574707,36.22757339477539,31.57176399230957,0.032823242247104645,0.8680220246315002
LS_02469,1,success,E:\LandSlide-Prediction\data\terrain\patches\LS_02469.tif,E:\LandSlide-Prediction\data\terrain\contours\LS_02469.png,339.1546630859375,263.216064453125,415.2590637207031,152.04299926757812,18.936885833740234,35.9847526550293,29.871471405029297,0.01913856714963913,0.9623957276344299
LS_02470,1,success,E:\LandSlide-Prediction\data\terrain\patches\LS_02470.tif,E:\LandSlide-Prediction\data\terrain\contours\LS_02470.png,349.24884033203125,232.65521240234375,533.329345703125,300.67413330078125,25.801464080810547,43.922271728515625,34.15885925292969,0.06737510859966278,0.8402582406997681
LS_02471,1,success,E:\LandSlide-Prediction\data\terrain\patches\LS_02471.tif,E:\LandSlide-Prediction\data\terrain\contours\LS_02471.png,439.5309143066406,321.62603759765625,628.0869140625,306.46087646484375,23.2810115814209,42.8076057434082,34.96162414550781,-0.04497436806559563,0.8602240681648254
LS_02472,1,success,E:\LandSlide-Prediction\data\terrain\patches\LS_02472.tif,E:\LandSlide-Prediction\data\terrain\contours\LS_02472.png,368.51416015625,259.2062683105469,493.5727844238281,234.36651611328125,22.029253005981445,39.60662841796875,32.503089904785156,0.04005596414208412,1.1327754259109497
LS_02474,1,success,E:\LandSlide-Prediction\data\terrain\patches\LS_02474.tif,E:\LandSlide-Prediction\data\terrain\contours\LS_02474.png,857.929931640625,667.6056518554688,1053.37060546875,385.76495361328125,29.078147888183594,62.105690002441406,46.126609802246094,-0.10440970957279205,1.1090216636657715
LS_02476,1,success,E:\LandSlide-Prediction\data\terrain\patches\LS_02476.tif,E:\LandSlide-Prediction\data\terrain\contours\LS_02476.png,751.2314453125,546.47314453125,1015.594970703125,469.121826171875,32.800228118896484,60.76120376586914,43.614990234375,-0.0661831647157669,1.4180002212524414
LS_02480,1,success,E:\LandSlide-Prediction\data\terrain\patches\LS_02480.tif,E:\LandSlide-Prediction\data\terrain\contours\LS_02480.png,565.19580078125,423.573486328125,757.00390625,333.430419921875,28.12812042236328,50.21104049682617,38.884605407714844,-0.07517793774604797,1.334915280342102
LS_02482,1,success,E:\LandSlide-Prediction\data\terrain\patches\LS_02482.tif,E:\LandSlide-Prediction\data\terrain\contours\LS_02482.png,743.4578857421875,624.492431640625,979.2279663085938,354.73553466796875,26.664365768432617,46.240989685058594,36.48828125,0.11598572134971619,0.969694972038269
LS_02483,1,success,E:\LandSlide-Prediction\data\terrain\patches\LS_02483.tif,E:\LandSlide-Prediction\data\terrain\contours\LS_02483.png,595.666259765625,428.9991760253906,834.7223510742188,405.7231750488281,26.190290451049805,48.02423095703125,33.683929443359375,0.10897210985422134,0.7592417001724243
LS_02485,1,success,E:\LandSlide-Prediction\data\terrain\patches\LS_02485.tif,E:\LandSlide-Prediction\data\terrain\contours\LS_02485.png,917.844970703125,699.375,1102.4580078125,403.0830078125,30.58077621459961,50.098323822021484,38.745094299316406,0.016067132353782654,1.2765089273452759
LS_02490,1,success,E:\LandSlide-Prediction\data\terrain\patches\LS_02490.tif,E:\LandSlide-Prediction\data\terrain\contours\LS_02490.png,635.2816772460938,510.4247741699219,758.7752685546875,248.35049438476562,24.727705001831055,42.277069091796875,33.251739501953125,0.09515602141618729,0.9942474961280823
LS_02492,1,success,E:\LandSlide-Prediction\data\terrain\patches\LS_02492.tif,E:\LandSlide-Prediction\data\terrain\contours\LS_02492.png,890.70654296875,749.6475219726562,1177.3499755859375,427.70245361328125,26.66513442993164,55.92704772949219,37.659217834472656,0.20062923431396484,0.8699847459793091
LS_02500,1,success,E:\LandSlide-Prediction\data\terrain\patches\LS_02500.tif,E:\LandSlide-Prediction\data\terrain\contours\LS_02500.png,1083.854248046875,938.358642578125,1252.03173828125,313.673095703125,23.985092163085938,39.564823150634766,31.88904571533203,0.04688705503940582,0.9522777199745178
LS_02502,1,success,E:\LandSlide-Prediction\data\terrain\patches\LS_02502.tif,E:\LandSlide-Prediction\data\terrain\contours\LS_02502.png,470.26666259765625,319.6681823730469,664.703369140625,345.0351867675781,25.58744239807129,42.54859161376953,33.90440368652344,0.02429838851094246,0.970963180065155
LS_02503,1,success,E:\LandSlide-Prediction\data\terrain\patches\LS_02503.tif,E:\LandSlide-Prediction\data\terrain\contours\LS_02503.png,838.9812622070312,638.0250244140625,1042.9739990234375,404.948974609375,30.53923988342285,46.928653717041016,42.171974182128906,0.09995877742767334,1.0245771408081055
LS_02504,1,success,E:\LandSlide-Prediction\data\terrain\patches\LS_02504.tif,E:\LandSlide-Prediction\data\terrain\contours\LS_02504.png,1657.22802734375,1544.5325927734375,1759.067138671875,214.5345458984375,18.20009994506836,49.79672622680664,36.36396026611328,0.010625699535012245,0.7766461968421936
LS_02505,1,success,E:\LandSlide-Prediction\data\terrain\patches\LS_02505.tif,E:\LandSlide-Prediction\data\terrain\contours\LS_02505.png,1577.462890625,1486.3936767578125,1699.49169921875,213.0980224609375,19.889015197753906,47.20013427734375,36.98529052734375,-0.024621471762657166,0.8897109031677246
LS_02507,1,success,E:\LandSlide-Prediction\data\terrain\patches\LS_02507.tif,E:\LandSlide-Prediction\data\terrain\contours\LS_02507.png,1616.378173828125,1524.61962890625,1726.3656005859375,201.7459716796875,18.869224548339844,43.755149841308594,31.665912628173828,0.005349345505237579,0.7953343391418457
LS_02510,1,success,E:\LandSlide-Prediction\data\terrain\patches\LS_02510.tif,E:\LandSlide-Prediction\data\terrain\contours\LS_02510.png,1030.906982421875,939.70849609375,1150.3466796875,210.63818359375,17.980541229248047,44.2903938293457,31.53551483154297,-0.030489906668663025,0.7657229900360107
LS_02511,1,success,E:\LandSlide-Prediction\data\terrain\patches\LS_02511.tif,E:\LandSlide-Prediction\data\terrain\contours\LS_02511.png,1142.69580078125,1051.4554443359375,1246.1668701171875,194.71142578125,19.66288948059082,40.26456069946289,28.167797088623047,-0.011207804083824158,0.9385967254638672
LS_02513,1,success,E:\LandSlide-Prediction\data\terrain\patches\LS_02513.tif,E:\LandSlide-Prediction\data\terrain\contours\LS_02513.png,1242.9866943359375,1148.4466552734375,1348.88525390625,200.4385986328125,19.153060913085938,34.121543884277344,26.981502532958984,0.052774444222450256,0.7931125164031982
LS_02514,1,success,E:\LandSlide-Prediction\data\terrain\patches\LS_02514.tif,E:\LandSlide-Prediction\data\terrain\contours\LS_02514.png,1534.52001953125,1414.67041015625,1668.2103271484375,253.5399169921875,21.078813552856445,42.7756233215332,31.573123931884766,0.04091528058052063,0.8943114280700684
LS_02515,1,success,E:\LandSlide-Prediction\data\terrain\patches\LS_02515.tif,E:\LandSlide-Prediction\data\terrain\contours\LS_02515.png,1439.8583984375,1310.4742431640625,1566.256103515625,255.7818603515625,20.81635856628418,34.51832962036133,28.66676139831543,0.07352519780397415,0.7766422033309937
LS_02518,1,success,E:\LandSlide-Prediction\data\terrain\patches\LS_02518.tif,E:\LandSlide-Prediction\data\terrain\contours\LS_02518.png,1608.3955078125,1494.739501953125,1705.1292724609375,210.3897705078125,19.42340087890625,46.23058319091797,31.734886169433594,-0.053535230457782745,0.8459150195121765
LS_02523,1,success,E:\LandSlide-Prediction\data\terrain\patches\LS_02523.tif,E:\LandSlide-Prediction\data\terrain\contours\LS_02523.png,858.2327880859375,692.652587890625,1063.845947265625,371.193359375,27.245906829833984,46.678070068359375,39.85237121582031,-0.04073331877589226,1.2057605981826782
LS_02529,1,success,E:\LandSlide-Prediction\data\terrain\patches\LS_02529.tif,E:\LandSlide-Prediction\data\terrain\contours\LS_02529.png,681.366455078125,574.3712158203125,836.115478515625,261.7442626953125,21.415462493896484,43.37467956542969,31.860458374023438,0.081698939204216,0.7688493728637695
LS_02533,1,success,E:\LandSlide-Prediction\data\terrain\patches\LS_02533.tif,E:\LandSlide-Prediction\data\terrain\contours\LS_02533.png,1343.26953125,1144.133056640625,1609.315185546875,465.18212890625,31.896757125854492,70.34966278076172,56.13355255126953,0.008974552154541016,1.474937081336975
LS_02534,1,success,E:\LandSlide-Prediction\data\terrain\patches\LS_02534.tif,E:\LandSlide-Prediction\data\terrain\contours\LS_02534.png,973.4205322265625,712.9921264648438,1197.3521728515625,484.36004638671875,34.23102569580078,55.421539306640625,48.509490966796875,-0.08213430643081665,1.3095407485961914
LS_02535,1,success,E:\LandSlide-Prediction\data\terrain\patches\LS_02535.tif,E:\LandSlide-Prediction\data\terrain\contours\LS_02535.png,1007.0103149414062,831.1179809570312,1153.991943359375,322.87396240234375,26.867237091064453,41.215457916259766,36.89702606201172,0.022385604679584503,0.874447762966156
LS_02536,1,success,E:\LandSlide-Prediction\data\terrain\patches\LS_02536.tif,E:\LandSlide-Prediction\data\terrain\contours\LS_02536.png,1093.3052978515625,972.9287109375,1221.2352294921875,248.3065185546875,18.780672073364258,40.06599807739258,27.414339065551758,0.06492652744054794,0.586061954498291
LS_02537,1,success,E:\LandSlide-Prediction\data\terrain\patches\LS_02537.tif,E:\LandSlide-Prediction\data\terrain\contours\LS_02537.png,1010.265625,859.4032592773438,1163.46337890625,304.06011962890625,27.703929901123047,52.792633056640625,42.843101501464844,-0.01915069669485092,1.1817108392715454
LS_02540,1,success,E:\LandSlide-Prediction\data\terrain\patches\LS_02540.tif,E:\LandSlide-Prediction\data\terrain\contours\LS_02540.png,1261.43115234375,1060.0196533203125,1522.5404052734375,462.520751953125,29.869674682617188,61.52362823486328,49.200904846191406,-0.0650385320186615,1.1772961616516113
LS_02544,1,success,E:\LandSlide-Prediction\data\terrain\patches\LS_02544.tif,E:\LandSlide-Prediction\data\terrain\contours\LS_02544.png,1216.90771484375,994.7794189453125,1505.9686279296875,511.189208984375,35.58655548095703,55.96226119995117,45.82700729370117,-0.07466772943735123,1.2604756355285645
LS_02546,1,success,E:\LandSlide-Prediction\data\terrain\patches\LS_02546.tif,E:\LandSlide-Prediction\data\terrain\contours\LS_02546.png,1020.1738891601562,877.5597534179688,1210.396240234375,332.83648681640625,24.565113067626953,50.54338836669922,38.48743438720703,0.033104244619607925,0.7631921172142029
LS_02547,1,success,E:\LandSlide-Prediction\data\terrain\patches\LS_02547.tif,E:\LandSlide-Prediction\data\terrain\contours\LS_02547.png,487.82965087890625,411.4879455566406,621.5565795898438,210.06863403320312,19.963132858276367,41.043739318847656,27.650691986083984,-0.008609011769294739,0.8189312815666199
LS_02548,1,success,E:\LandSlide-Prediction\data\terrain\patches\LS_02548.tif,E:\LandSlide-Prediction\data\terrain\contours\LS_02548.png,718.414794921875,568.112548828125,893.4669189453125,325.3543701171875,24.70780372619629,41.41842269897461,34.33484649658203,0.05460161343216896,0.8425923585891724
LS_02551,1,success,E:\LandSlide-Prediction\data\terrain\patches\LS_02551.tif,E:\LandSlide-Prediction\data\terrain\contours\LS_02551.png,593.4990234375,505.00262451171875,679.5055541992188,174.5029296875,18.926576614379883,31.128067016601562,26.13161849975586,0.03588445112109184,0.7318317890167236
LS_02554,1,success,E:\LandSlide-Prediction\data\terrain\patches\LS_02554.tif,E:\LandSlide-Prediction\data\terrain\contours\LS_02554.png,955.7379760742188,748.8942260742188,1086.8118896484375,337.91766357421875,27.759342193603516,44.669429779052734,36.77751541137695,0.03295326232910156,1.0810621976852417
LS_02555,1,success,E:\LandSlide-Prediction\data\terrain\patches\LS_02555.tif,E:\LandSlide-Prediction\data\terrain\contours\LS_02555.png,655.6859130859375,456.5005798339844,908.66845703125,452.1678771972656,29.606494903564453,44.0252799987793,37.596778869628906,0.1334165334701538,0.9608404040336609
LS_02556,1,success,E:\LandSlide-Prediction\data\terrain\patches\LS_02556.tif,E:\LandSlide-Prediction\data\terrain\contours\LS_02556.png,592.2078857421875,443.9332275390625,835.4132080078125,391.47998046875,26.403709411621094,48.66603088378906,37.73637390136719,0.1621183156967163,0.921718418598175
LS_02565,1,success,E:\LandSlide-Prediction\data\terrain\patches\LS_02565.tif,E:\LandSlide-Prediction\data\terrain\contours\LS_02565.png,319.5898132324219,241.0346221923828,456.205078125,215.1704559326172,22.563255310058594,40.44115447998047,32.89314270019531,0.029975105077028275,0.8554617762565613
LS_02571,1,success,E:\LandSlide-Prediction\data\terrain\patches\LS_02571.tif,E:\LandSlide-Prediction\data\terrain\contours\LS_02571.png,900.61181640625,754.2716674804688,1064.1888427734375,309.91717529296875,26.5250244140625,40.70136642456055,35.04047393798828,0.10530873388051987,0.937673032283783
LS_02577,1,success,E:\LandSlide-Prediction\data\terrain\patches\LS_02577.tif,E:\LandSlide-Prediction\data\terrain\contours\LS_02577.png,529.7474365234375,371.4534912109375,693.8335571289062,322.38006591796875,25.269704818725586,45.75505828857422,35.85943603515625,0.02345963567495346,1.0759062767028809
LS_02580,1,success,E:\LandSlide-Prediction\data\terrain\patches\LS_02580.tif,E:\LandSlide-Prediction\data\terrain\contours\LS_02580.png,1183.95556640625,949.474609375,1359.030517578125,409.555908203125,31.675983428955078,52.698692321777344,42.81777572631836,0.023954644799232483,1.1947969198226929
LS_02591,1,success,E:\LandSlide-Prediction\data\terrain\patches\LS_02591.tif,E:\LandSlide-Prediction\data\terrain\contours\LS_02591.png,809.9921875,666.7410278320312,969.5869140625,302.84588623046875,28.250057220458984,46.4726676940918,39.81809997558594,0.13607484102249146,1.0847312211990356
LS_02592,1,success,E:\LandSlide-Prediction\data\terrain\patches\LS_02592.tif,E:\LandSlide-Prediction\data\terrain\contours\LS_02592.png,597.58447265625,486.0845947265625,732.6414184570312,246.55682373046875,24.517841339111328,42.58549118041992,33.93162536621094,0.16627322137355804,0.9408093094825745
LS_02601,1,success,E:\LandSlide-Prediction\data\terrain\patches\LS_02601.tif,E:\LandSlide-Prediction\data\terrain\contours\LS_02601.png,460.307861328125,386.33306884765625,539.8417358398438,153.5086669921875,18.90843963623047,38.73790740966797,26.972097396850586,0.10278099030256271,0.9098606109619141
LS_02602,1,success,E:\LandSlide-Prediction\data\terrain\patches\LS_02602.tif,E:\LandSlide-Prediction\data\terrain\contours\LS_02602.png,1205.6171875,1065.051513671875,1355.4017333984375,290.3502197265625,26.660266876220703,47.8310546875,39.9542236328125,0.11001554131507874,0.8790870308876038
LS_02605,1,success,E:\LandSlide-Prediction\data\terrain\patches\LS_02605.tif,E:\LandSlide-Prediction\data\terrain\contours\LS_02605.png,1067.462158203125,794.1824340820312,1279.387451171875,485.20501708984375,34.639862060546875,54.52531433105469,46.27831268310547,0.13512422144412994,1.2933248281478882
LS_02613,1,success,E:\LandSlide-Prediction\data\terrain\patches\LS_02613.tif,E:\LandSlide-Prediction\data\terrain\contours\LS_02613.png,897.7315673828125,723.5681762695312,1100.5203857421875,376.95220947265625,29.592788696289062,43.49031448364258,37.019493103027344,-0.09265848994255066,1.011059284210205
LS_02615,1,success,E:\LandSlide-Prediction\data\terrain\patches\LS_02615.tif,E:\LandSlide-Prediction\data\terrain\contours\LS_02615.png,908.4390869140625,702.5228881835938,1113.8773193359375,411.35443115234375,28.172046661376953,56.21859359741211,39.98979568481445,-0.046942900866270065,0.8936076760292053
LS_02620,1,success,E:\LandSlide-Prediction\data\terrain\patches\LS_02620.tif,E:\LandSlide-Prediction\data\terrain\contours\LS_02620.png,803.0283813476562,625.2415161132812,993.2216186523438,367.9801025390625,27.233726501464844,60.69443130493164,39.21038055419922,0.06454293429851532,0.9668008685112
LS_02621,1,success,E:\LandSlide-Prediction\data\terrain\patches\LS_02621.tif,E:\LandSlide-Prediction\data\terrain\contours\LS_02621.png,475.4219665527344,327.0434875488281,654.2696533203125,327.2261657714844,23.238096237182617,37.51356887817383,30.847627639770508,0.054826509207487106,0.7946739196777344
LS_02622,1,success,E:\LandSlide-Prediction\data\terrain\patches\LS_02622.tif,E:\LandSlide-Prediction\data\terrain\contours\LS_02622.png,272.4664611816406,202.1312255859375,442.6664123535156,240.53518676757812,16.943771362304688,40.36703109741211,28.093215942382812,0.03670944646000862,0.7377500534057617
LS_02623,1,success,E:\LandSlide-Prediction\data\terrain\patches\LS_02623.tif,E:\LandSlide-Prediction\data\terrain\contours\LS_02623.png,835.555908203125,693.1798095703125,986.9971923828125,293.8173828125,25.42584800720215,40.61960983276367,32.68657684326172,0.015238530933856964,0.9618363380432129
LS_02624,1,success,E:\LandSlide-Prediction\data\terrain\patches\LS_02624.tif,E:\LandSlide-Prediction\data\terrain\contours\LS_02624.png,450.76751708984375,316.971435546875,643.024658203125,326.05322265625,24.514034271240234,43.94670867919922,34.0042610168457,0.10171157866716385,0.9149692058563232
LS_02625,1,success,E:\LandSlide-Prediction\data\terrain\patches\LS_02625.tif,E:\LandSlide-Prediction\data\terrain\contours\LS_02625.png,454.1051330566406,346.5375061035156,579.668212890625,233.13070678710938,21.229106903076172,37.6568603515625,30.933929443359375,0.09230750799179077,0.6781776547431946
LS_02626,1,success,E:\LandSlide-Prediction\data\terrain\patches\LS_02626.tif,E:\LandSlide-Prediction\data\terrain\contours\LS_02626.png,549.5404052734375,386.3540954589844,720.7374267578125,334.3833312988281,24.775806427001953,38.965240478515625,34.08937072753906,0.06239437684416771,1.0833441019058228
LS_02627,1,success,E:\LandSlide-Prediction\data\terrain\patches\LS_02627.tif,E:\LandSlide-Prediction\data\terrain\contours\LS_02627.png,394.9021301269531,251.36489868164062,575.0513305664062,323.6864318847656,24.834793090820312,36.101844787597656,32.233882904052734,-0.030529702082276344,0.777658998966217
LS_02628,1,success,E:\LandSlide-Prediction\data\terrain\patches\LS_02628.tif,E:\LandSlide-Prediction\data\terrain\contours\LS_02628.png,608.0888671875,421.8287658691406,789.36669921875,367.5379333496094,25.207984924316406,40.2873649597168,33.01373291015625,-0.0038490500301122665,0.6832641363143921
LS_02630,1,success,E:\LandSlide-Prediction\data\terrain\patches\LS_02630.tif,E:\LandSlide-Prediction\data\terrain\contours\LS_02630.png,409.1365661621094,304.2445373535156,556.5626220703125,252.31808471679688,21.356115341186523,36.49781036376953,29.785503387451172,0.05557484179735184,0.9013232588768005
LS_02632,1,success,E:\LandSlide-Prediction\data\terrain\patches\LS_02632.tif,E:\LandSlide-Prediction\data\terrain\contours\LS_02632.png,542.778564453125,372.9734802246094,787.0577392578125,414.0842590332031,27.105480194091797,50.957027435302734,39.34408950805664,-0.032807186245918274,0.7509037852287292
LS_02633,1,success,E:\LandSlide-Prediction\data\terrain\patches\LS_02633.tif,E:\LandSlide-Prediction\data\terrain\contours\LS_02633.png,369.4527282714844,290.9541320800781,454.73162841796875,163.77749633789062,17.683643341064453,33.139015197753906,25.409446716308594,0.047919243574142456,0.6988378167152405
LS_02634,1,success,E:\LandSlide-Prediction\data\terrain\patches\LS_02634.tif,E:\LandSlide-Prediction\data\terrain\contours\LS_02634.png,1809.9979248046875,1623.11767578125,1969.2618408203125,346.1441650390625,25.654644012451172,59.527000427246094,49.49639892578125,-0.12386693805456161,1.1445220708847046
LS_02635,1,success,E:\LandSlide-Prediction\data\terrain\patches\LS_02635.tif,E:\LandSlide-Prediction\data\terrain\contours\LS_02635.png,1835.773193359375,1618.1375732421875,1962.310546875,344.1729736328125,26.20725440979004,52.82089614868164,36.28619384765625,-0.046292372047901154,0.9486003518104553
LS_02638,1,success,E:\LandSlide-Prediction\data\terrain\patches\LS_02638.tif,E:\LandSlide-Prediction\data\terrain\contours\LS_02638.png,1854.0126953125,1596.660400390625,2013.0509033203125,416.3905029296875,30.058595657348633,59.51961898803711,47.38724136352539,-0.14628228545188904,1.3897455930709839
LS_02642,1,success,E:\LandSlide-Prediction\data\terrain\patches\LS_02642.tif,E:\LandSlide-Prediction\data\terrain\contours\LS_02642.png,1933.673583984375,1714.737548828125,2049.904296875,335.166748046875,27.345317840576172,48.754554748535156,41.183372497558594,-0.11634811013936996,1.1677838563919067
LS_02644,1,success,E:\LandSlide-Prediction\data\terrain\patches\LS_02644.tif,E:\LandSlide-Prediction\data\terrain\contours\LS_02644.png,1741.853759765625,1575.12744140625,1969.415283203125,394.287841796875,30.41936683654785,46.353843688964844,39.25987243652344,-0.042790524661540985,1.2967418432235718
LS_02646,1,success,E:\LandSlide-Prediction\data\terrain\patches\LS_02646.tif,E:\LandSlide-Prediction\data\terrain\contours\LS_02646.png,1441.656982421875,1302.6561279296875,1533.7266845703125,231.070556640625,18.067903518676758,42.15316390991211,28.38656997680664,0.017151907086372375,0.7614530324935913
LS_02651,1,success,E:\LandSlide-Prediction\data\terrain\patches\LS_02651.tif,E:\LandSlide-Prediction\data\terrain\contours\LS_02651.png,1384.5316162109375,1244.4468994140625,1509.9537353515625,265.5068359375,24.094133377075195,43.36457061767578,35.25920104980469,0.013688132166862488,0.9106963276863098
LS_02656,1,success,E:\LandSlide-Prediction\data\terrain\patches\LS_02656.tif,E:\LandSlide-Prediction\data\terrain\contours\LS_02656.png,1535.315185546875,1353.748291015625,1667.7313232421875,313.9830322265625,22.050125122070312,49.76532745361328,36.989234924316406,-0.1064482107758522,1.0067065954208374
LS_02669,1,success,E:\LandSlide-Prediction\data\terrain\patches\LS_02669.tif,E:\LandSlide-Prediction\data\terrain\contours\LS_02669.png,953.342529296875,807.6076049804688,1136.37890625,328.77130126953125,25.1645450592041,49.22848129272461,38.85969924926758,-0.08522238582372665,0.6861559748649597
LS_02678,1,success,E:\LandSlide-Prediction\data\terrain\patches\LS_02678.tif,E:\LandSlide-Prediction\data\terrain\contours\LS_02678.png,1047.3218994140625,866.3780517578125,1276.346923828125,409.9688720703125,31.529890060424805,58.89146423339844,46.580379486083984,-0.017805755138397217,0.8923280835151672
LS_02685,1,success,E:\LandSlide-Prediction\data\terrain\patches\LS_02685.tif,E:\LandSlide-Prediction\data\terrain\contours\LS_02685.png,906.2299194335938,811.04833984375,1043.0228271484375,231.9744873046875,25.940704345703125,43.92900466918945,37.023406982421875,0.12573844194412231,1.1478193998336792
LS_02687,1,success,E:\LandSlide-Prediction\data\terrain\patches\LS_02687.tif,E:\LandSlide-Prediction\data\terrain\contours\LS_02687.png,1351.3685302734375,1219.971435546875,1489.447021484375,269.4755859375,24.87158203125,43.010948181152344,32.65978240966797,0.09433005750179291,0.986479640007019
LS_02688,1,success,E:\LandSlide-Prediction\data\terrain\patches\LS_02688.tif,E:\LandSlide-Prediction\data\terrain\contours\LS_02688.png,1501.0440673828125,1368.5234375,1596.0401611328125,227.5167236328125,19.325489044189453,44.06246566772461,30.705902099609375,0.03894153982400894,0.8983508348464966
LS_02689,1,success,E:\LandSlide-Prediction\data\terrain\patches\LS_02689.tif,E:\LandSlide-Prediction\data\terrain\contours\LS_02689.png,1405.9873046875,1230.092529296875,1632.6483154296875,402.5557861328125,30.246749877929688,51.92478942871094,46.402870178222656,0.09212680160999298,1.0062445402145386
LS_02691,1,success,E:\LandSlide-Prediction\data\terrain\patches\LS_02691.tif,E:\LandSlide-Prediction\data\terrain\contours\LS_02691.png,1134.205078125,1048.8031005859375,1257.1229248046875,208.31982421875,18.977169036865234,44.99100112915039,29.833660125732422,0.02318102866411209,0.8529635667800903
LS_02695,1,success,E:\LandSlide-Prediction\data\terrain\patches\LS_02695.tif,E:\LandSlide-Prediction\data\terrain\contours\LS_02695.png,1505.546875,1375.1044921875,1625.4796142578125,250.3751220703125,20.886898040771484,45.301231384277344,31.428508758544922,0.02915804833173752,0.9510196447372437
LS_02696,1,success,E:\LandSlide-Prediction\data\terrain\patches\LS_02696.tif,E:\LandSlide-Prediction\data\terrain\contours\LS_02696.png,1172.30615234375,1053.7669677734375,1317.0247802734375,263.2578125,21.40298843383789,60.54218673706055,39.49401092529297,0.15560859441757202,0.8099274635314941
LS_02701,1,success,E:\LandSlide-Prediction\data\terrain\patches\LS_02701.tif,E:\LandSlide-Prediction\data\terrain\contours\LS_02701.png,1252.058349609375,1098.0343017578125,1418.2696533203125,320.2353515625,31.262699127197266,57.51597595214844,44.176483154296875,0.056867845356464386,1.2410578727722168
LS_02704,1,success,E:\LandSlide-Prediction\data\terrain\patches\LS_02704.tif,E:\LandSlide-Prediction\data\terrain\contours\LS_02704.png,1456.630615234375,1271.8814697265625,1544.9010009765625,273.01953125,22.9224910736084,48.590152740478516,39.40544128417969,0.08176876604557037,1.0767887830734253
LS_02706,1,success,E:\LandSlide-Prediction\data\terrain\patches\LS_02706.tif,E:\LandSlide-Prediction\data\terrain\contours\LS_02706.png,1564.005615234375,1521.7464599609375,1616.0086669921875,94.26220703125,12.704362869262695,26.186729431152344,19.641544342041016,0.005553506314754486,0.5604915022850037
LS_02707,1,success,E:\LandSlide-Prediction\data\terrain\patches\LS_02707.tif,E:\LandSlide-Prediction\data\terrain\contours\LS_02707.png,1579.695556640625,1529.3944091796875,1636.44677734375,107.0523681640625,16.764881134033203,36.4189453125,28.719383239746094,0.02307479828596115,0.7250126004219055
LS_02710,1,success,E:\LandSlide-Prediction\data\terrain\patches\LS_02710.tif,E:\LandSlide-Prediction\data\terrain\contours\LS_02710.png,1748.297607421875,1641.4771728515625,1867.1365966796875,225.659423828125,20.015350341796875,35.495147705078125,27.689287185668945,0.02230965346097946,0.7483369708061218
LS_02712,1,success,E:\LandSlide-Prediction\data\terrain\patches\LS_02712.tif,E:\LandSlide-Prediction\data\terrain\contours\LS_02712.png,1566.712890625,1482.5975341796875,1634.7496337890625,152.152099609375,15.636232376098633,30.02052116394043,23.507278442382812,-0.023418478667736053,0.6109038591384888
LS_02713,1,success,E:\LandSlide-Prediction\data\terrain\patches\LS_02713.tif,E:\LandSlide-Prediction\data\terrain\contours\LS_02713.png,1629.683837890625,1546.6376953125,1778.2216796875,231.583984375,20.912353515625,43.88374710083008,30.004901885986328,0.04947187751531601,0.7363424301147461
LS_02715,1,success,E:\LandSlide-Prediction\data\terrain\patches\LS_02715.tif,E:\LandSlide-Prediction\data\terrain\contours\LS_02715.png,1586.7232666015625,1462.79150390625,1712.914794921875,250.123291015625,16.959041595458984,26.55957794189453,23.581645965576172,0.00840187817811966,0.48124897480010986
LS_02716,1,success,E:\LandSlide-Prediction\data\terrain\patches\LS_02716.tif,E:\LandSlide-Prediction\data\terrain\contours\LS_02716.png,1424.7762451171875,1290.267578125,1518.2535400390625,227.9859619140625,21.951505661010742,40.376792907714844,34.278663635253906,0.03912397474050522,0.9581584930419922
LS_02718,1,success,E:\LandSlide-Prediction\data\terrain\patches\LS_02718.tif,E:\LandSlide-Prediction\data\terrain\contours\LS_02718.png,1158.271240234375,1018.4080200195312,1244.31640625,225.90838623046875,16.706398010253906,32.7664909362793,26.40264129638672,0.031017616391181946,0.678463876247406
LS_02721,1,success,E:\LandSlide-Prediction\data\terrain\patches\LS_02721.tif,E:\LandSlide-Prediction\data\terrain\contours\LS_02721.png,1123.419921875,1023.1356201171875,1234.488037109375,211.3524169921875,17.806503295898438,35.97556686401367,26.0587158203125,0.05056232959032059,0.6730533242225647
LS_02729,1,success,E:\LandSlide-Prediction\data\terrain\patches\LS_02729.tif,E:\LandSlide-Prediction\data\terrain\contours\LS_02729.png,1586.771728515625,1435.732177734375,1752.6029052734375,316.8707275390625,24.8292236328125,53.311885833740234,41.90391540527344,0.091681569814682,0.8903525471687317
LS_02732,1,success,E:\LandSlide-Prediction\data\terrain\patches\LS_02732.tif,E:\LandSlide-Prediction\data\terrain\contours\LS_02732.png,1688.56640625,1619.74462890625,1792.18359375,172.43896484375,16.283645629882812,43.17880630493164,29.95303726196289,-0.010166406631469727,0.7143029570579529
LS_02735,1,success,E:\LandSlide-Prediction\data\terrain\patches\LS_02735.tif,E:\LandSlide-Prediction\data\terrain\contours\LS_02735.png,1457.7928466796875,1342.563720703125,1597.132080078125,254.568359375,19.113353729248047,49.934932708740234,34.45414733886719,-0.032754331827163696,0.617249071598053
LS_02736,1,success,E:\LandSlide-Prediction\data\terrain\patches\LS_02736.tif,E:\LandSlide-Prediction\data\terrain\contours\LS_02736.png,1453.8917236328125,1301.5986328125,1614.00537109375,312.40673828125,20.96034049987793,45.798744201660156,34.458282470703125,-0.008328601717948914,0.6760331988334656
LS_02740,1,success,E:\LandSlide-Prediction\data\terrain\patches\LS_02740.tif,E:\LandSlide-Prediction\data\terrain\contours\LS_02740.png,1341.495849609375,1229.1265869140625,1535.4158935546875,306.289306640625,22.329328536987305,50.71607971191406,37.512882232666016,0.08218077570199966,0.9082620143890381
LS_02745,1,success,E:\LandSlide-Prediction\data\terrain\patches\LS_02745.tif,E:\LandSlide-Prediction\data\terrain\contours\LS_02745.png,1181.877685546875,1042.2628173828125,1329.4720458984375,287.209228515625,20.45539093017578,50.81519317626953,39.762176513671875,0.012212969362735748,0.8152201175689697
LS_02747,1,success,E:\LandSlide-Prediction\data\terrain\patches\LS_02747.tif,E:\LandSlide-Prediction\data\terrain\contours\LS_02747.png,1484.91943359375,1298.1361083984375,1670.286865234375,372.1507568359375,26.37057876586914,65.54866027832031,48.814491271972656,0.018969543278217316,1.3934932947158813
LS_02750,1,success,E:\LandSlide-Prediction\data\terrain\patches\LS_02750.tif,E:\LandSlide-Prediction\data\terrain\contours\LS_02750.png,1582.9146728515625,1416.7216796875,1726.595947265625,309.874267578125,25.540260314941406,58.96143341064453,44.25982666015625,0.04349846392869949,1.24319326877594
LS_02751,1,success,E:\LandSlide-Prediction\data\terrain\patches\LS_02751.tif,E:\LandSlide-Prediction\data\terrain\contours\LS_02751.png,1604.218505859375,1546.5439453125,1690.39599609375,143.85205078125,12.472007751464844,31.22461700439453,20.593769073486328,0.018674150109291077,0.5807335376739502
LS_02752,1,success,E:\LandSlide-Prediction\data\terrain\patches\LS_02752.tif,E:\LandSlide-Prediction\data\terrain\contours\LS_02752.png,996.716796875,890.7327880859375,1116.6231689453125,225.890380859375,20.076343536376953,35.07694625854492,28.15953254699707,-0.0045370981097221375,0.8150495290756226
LS_02754,1,success,E:\LandSlide-Prediction\data\terrain\patches\LS_02754.tif,E:\LandSlide-Prediction\data\terrain\contours\LS_02754.png,1045.2276611328125,849.2778930664062,1245.2681884765625,395.99029541015625,29.974651336669922,53.37833786010742,43.42314147949219,-0.06548377871513367,1.0581692457199097
LS_02758,1,success,E:\LandSlide-Prediction\data\terrain\patches\LS_02758.tif,E:\LandSlide-Prediction\data\terrain\contours\LS_02758.png,870.7489013671875,785.5878295898438,1011.5135498046875,225.92572021484375,17.030067443847656,35.93600845336914,27.17583465576172,0.029309704899787903,0.791492760181427
LS_02759,1,success,E:\LandSlide-Prediction\data\terrain\patches\LS_02759.tif,E:\LandSlide-Prediction\data\terrain\contours\LS_02759.png,1008.454833984375,858.2666015625,1247.869140625,389.6025390625,27.40927505493164,51.41550064086914,43.63555908203125,-0.03125084936618805,1.0428704023361206
LS_02760,1,success,E:\LandSlide-Prediction\data\terrain\patches\LS_02760.tif,E:\LandSlide-Prediction\data\terrain\contours\LS_02760.png,616.0498657226562,471.35992431640625,781.9818115234375,310.62188720703125,20.94569969177246,38.14975357055664,29.235801696777344,-0.0035172514617443085,0.5923508405685425
LS_02762,1,success,E:\LandSlide-Prediction\data\terrain\patches\LS_02762.tif,E:\LandSlide-Prediction\data\terrain\contours\LS_02762.png,953.7825317382812,754.3408203125,1109.589111328125,355.248291015625,24.818607330322266,42.54679489135742,32.939048767089844,-0.046437159180641174,1.0303395986557007
LS_02764,1,success,E:\LandSlide-Prediction\data\terrain\patches\LS_02764.tif,E:\LandSlide-Prediction\data\terrain\contours\LS_02764.png,803.1480712890625,698.5016479492188,925.9417724609375,227.44012451171875,20.24745750427246,37.30542755126953,29.359960556030273,-0.021370820701122284,0.8135597109794617
LS_02765,1,success,E:\LandSlide-Prediction\data\terrain\patches\LS_02765.tif,E:\LandSlide-Prediction\data\terrain\contours\LS_02765.png,690.8798828125,575.5160522460938,828.1788940429688,252.662841796875,24.09466552734375,42.522361755371094,32.22355651855469,-0.030307196080684662,1.1252089738845825
LS_02766,1,success,E:\LandSlide-Prediction\data\terrain\patches\LS_02766.tif,E:\LandSlide-Prediction\data\terrain\contours\LS_02766.png,798.3716430664062,586.207763671875,955.89599609375,369.688232421875,25.04881477355957,40.05356979370117,33.10618591308594,-0.06918248534202576,0.8919334411621094
LS_02767,1,success,E:\LandSlide-Prediction\data\terrain\patches\LS_02767.tif,E:\LandSlide-Prediction\data\terrain\contours\LS_02767.png,592.4102172851562,507.7690124511719,759.8197021484375,252.05068969726562,21.519895553588867,39.55630111694336,30.991683959960938,0.08219283819198608,0.8696615695953369
LS_02768,1,success,E:\LandSlide-Prediction\data\terrain\patches\LS_02768.tif,E:\LandSlide-Prediction\data\terrain\contours\LS_02768.png,736.2020263671875,594.7709350585938,837.562255859375,242.79132080078125,19.863101959228516,43.867454528808594,31.140979766845703,0.004685722291469574,0.697772204875946
LS_02775,1,success,E:\LandSlide-Prediction\data\terrain\patches\LS_02775.tif,E:\LandSlide-Prediction\data\terrain\contours\LS_02775.png,533.3748779296875,398.8974304199219,689.8721313476562,290.9747009277344,24.830368041992188,43.028282165527344,33.26466369628906,-0.07269617170095444,1.0219929218292236
LS_02777,1,success,E:\LandSlide-Prediction\data\terrain\patches\LS_02777.tif,E:\LandSlide-Prediction\data\terrain\contours\LS_02777.png,646.1075439453125,469.2236633300781,876.5591430664062,407.3354797363281,31.89569854736328,60.99327087402344,45.956443786621094,-0.004940912127494812,1.1313163042068481
LS_02781,1,success,E:\LandSlide-Prediction\data\terrain\patches\LS_02781.tif,E:\LandSlide-Prediction\data\terrain\contours\LS_02781.png,603.05615234375,495.7776184082031,775.5814819335938,279.8038635253906,22.005393981933594,41.08336639404297,34.776241302490234,-0.04270985722541809,0.8781639933586121
LS_02785,1,success,E:\LandSlide-Prediction\data\terrain\patches\LS_02785.tif,E:\LandSlide-Prediction\data\terrain\contours\LS_02785.png,868.2560424804688,747.0698852539062,1026.7042236328125,279.63433837890625,19.731582641601562,43.64882278442383,29.756715774536133,0.05791224166750908,0.655776858329773
LS_02786,1,success,E:\LandSlide-Prediction\data\terrain\patches\LS_02786.tif,E:\LandSlide-Prediction\data\terrain\contours\LS_02786.png,659.52099609375,573.36767578125,776.893798828125,203.526123046875,17.248985290527344,36.408817291259766,26.43701934814453,0.00372159481048584,0.8259203433990479
LS_02792,1,success,E:\LandSlide-Prediction\data\terrain\patches\LS_02792.tif,E:\LandSlide-Prediction\data\terrain\contours\LS_02792.png,689.0028076171875,578.4177856445312,945.1986083984375,366.78082275390625,27.064498901367188,47.339195251464844,39.86548614501953,-0.030168794095516205,0.8357614278793335
LS_02793,1,success,E:\LandSlide-Prediction\data\terrain\patches\LS_02793.tif,E:\LandSlide-Prediction\data\terrain\contours\LS_02793.png,537.028076171875,406.0343017578125,648.1529541015625,242.11865234375,19.190475463867188,38.285316467285156,31.29973602294922,0.06903919577598572,0.6400415897369385
LS_02795,1,success,E:\LandSlide-Prediction\data\terrain\patches\LS_02795.tif,E:\LandSlide-Prediction\data\terrain\contours\LS_02795.png,418.2550048828125,350.7755432128906,550.12109375,199.34555053710938,20.187946319580078,38.52260971069336,31.822444915771484,0.05769529938697815,0.7751799821853638
LS_02796,1,success,E:\LandSlide-Prediction\data\terrain\patches\LS_02796.tif,E:\LandSlide-Prediction\data\terrain\contours\LS_02796.png,756.5420532226562,596.4155883789062,916.7041015625,320.28851318359375,24.60824966430664,43.00477981567383,36.96174621582031,-0.011698473244905472,0.7835415601730347
LS_02799,1,success,E:\LandSlide-Prediction\data\terrain\patches\LS_02799.tif,E:\LandSlide-Prediction\data\terrain\contours\LS_02799.png,891.348876953125,652.8224487304688,1022.71142578125,369.88897705078125,27.027992248535156,57.77726364135742,42.538002014160156,-0.13670258224010468,0.7481328845024109
LS_02800,1,success,E:\LandSlide-Prediction\data\terrain\patches\LS_02800.tif,E:\LandSlide-Prediction\data\terrain\contours\LS_02800.png,883.4595947265625,802.4282836914062,981.1351318359375,178.70684814453125,14.726568222045898,39.126922607421875,22.926006317138672,-0.018718324601650238,0.6925145983695984
LS_02801,1,success,E:\LandSlide-Prediction\data\terrain\patches\LS_02801.tif,E:\LandSlide-Prediction\data\terrain\contours\LS_02801.png,520.4383544921875,426.3337707519531,690.578857421875,264.2450866699219,23.315711975097656,52.428775787353516,36.694671630859375,0.013566035777330399,0.9671181440353394
LS_02811,1,success,E:\LandSlide-Prediction\data\terrain\patches\LS_02811.tif,E:\LandSlide-Prediction\data\terrain\contours\LS_02811.png,739.9985961914062,607.1253662109375,843.93603515625,236.8106689453125,26.00825309753418,55.916534423828125,39.58134460449219,0.0803682953119278,0.9138543009757996
LS_02812,1,success,E:\LandSlide-Prediction\data\terrain\patches\LS_02812.tif,E:\LandSlide-Prediction\data\terrain\contours\LS_02812.png,676.0269165039062,538.9113159179688,809.0662231445312,270.1549072265625,23.890350341796875,41.467018127441406,34.9674186706543,0.09244917333126068,0.9015532732009888
LS_02814,1,success,E:\LandSlide-Prediction\data\terrain\patches\LS_02814.tif,E:\LandSlide-Prediction\data\terrain\contours\LS_02814.png,553.0034790039062,450.8064880371094,656.1107788085938,205.30429077148438,22.739381790161133,46.867008209228516,34.18988800048828,-0.061105843633413315,0.9716440439224243
LS_02815,1,success,E:\LandSlide-Prediction\data\terrain\patches\LS_02815.tif,E:\LandSlide-Prediction\data\terrain\contours\LS_02815.png,426.55096435546875,338.8670349121094,499.26190185546875,160.39486694335938,14.168094635009766,31.989089965820312,24.268592834472656,0.07963790744543076,0.6447973847389221
LS_02818,1,success,E:\LandSlide-Prediction\data\terrain\patches\LS_02818.tif,E:\LandSlide-Prediction\data\terrain\contours\LS_02818.png,510.2815246582031,417.3643493652344,612.0242309570312,194.65988159179688,20.564849853515625,37.43323516845703,32.054534912109375,0.03880873695015907,0.8553875684738159
LS_02822,1,success,E:\LandSlide-Prediction\data\terrain\patches\LS_02822.tif,E:\LandSlide-Prediction\data\terrain\contours\LS_02822.png,716.7445068359375,608.791015625,836.2125854492188,227.42156982421875,20.563175201416016,48.099796295166016,33.78590393066406,0.04660157114267349,0.8369446992874146
LS_02823,1,success,E:\LandSlide-Prediction\data\terrain\patches\LS_02823.tif,E:\LandSlide-Prediction\data\terrain\contours\LS_02823.png,543.2548828125,430.8354797363281,789.5496215820312,358.7141418457031,25.052265167236328,53.59318161010742,38.94289016723633,-0.013621918857097626,0.990310549736023
LS_02826,1,success,E:\LandSlide-Prediction\data\terrain\patches\LS_02826.tif,E:\LandSlide-Prediction\data\terrain\contours\LS_02826.png,576.9940795898438,438.0306396484375,793.189453125,355.1588134765625,25.188188552856445,41.96400833129883,32.51948547363281,-0.07747232168912888,0.8802961707115173
LS_02827,1,success,E:\LandSlide-Prediction\data\terrain\patches\LS_02827.tif,E:\LandSlide-Prediction\data\terrain\contours\LS_02827.png,556.20068359375,440.51873779296875,656.5922241210938,216.073486328125,21.94034194946289,44.0538330078125,33.02960968017578,0.08856824040412903,0.8174216151237488
LS_02833,1,success,E:\LandSlide-Prediction\data\terrain\patches\LS_02833.tif,E:\LandSlide-Prediction\data\terrain\contours\LS_02833.png,709.9461669921875,613.6508178710938,823.8997802734375,210.24896240234375,19.370630264282227,45.81338882446289,29.069894790649414,0.10367898643016815,0.8751236200332642
LS_02836,1,success,E:\LandSlide-Prediction\data\terrain\patches\LS_02836.tif,E:\LandSlide-Prediction\data\terrain\contours\LS_02836.png,1004.3358154296875,270.4664001464844,1159.683837890625,889.2174072265625,32.48383331298828,87.89768981933594,84.46202087402344,-0.03160938620567322,38.50031280517578
LS_02837,1,success,E:\LandSlide-Prediction\data\terrain\patches\LS_02837.tif,E:\LandSlide-Prediction\data\terrain\contours\LS_02837.png,959.8556518554688,841.8985595703125,1069.3785400390625,227.47998046875,19.378692626953125,42.55567932128906,29.99104881286621,-0.02464410290122032,0.7288327813148499
LS_02840,1,success,E:\LandSlide-Prediction\data\terrain\patches\LS_02840.tif,E:\LandSlide-Prediction\data\terrain\contours\LS_02840.png,963.5086059570312,844.9805908203125,1221.8592529296875,376.878662109375,25.416889190673828,58.12432098388672,45.68360900878906,0.11626800894737244,0.7990654110908508
LS_02842,1,success,E:\LandSlide-Prediction\data\terrain\patches\LS_02842.tif,E:\LandSlide-Prediction\data\terrain\contours\LS_02842.png,831.755126953125,149.97242736816406,1154.353759765625,1004.38134765625,37.00186538696289,88.15585327148438,80.18649291992188,0.07135526090860367,42.998207092285156
LS_02845,1,success,E:\LandSlide-Prediction\data\terrain\patches\LS_02845.tif,E:\LandSlide-Prediction\data\terrain\contours\LS_02845.png,394.363525390625,322.5865478515625,568.4063720703125,245.81982421875,16.1014461517334,40.682708740234375,28.56379508972168,-0.04464224725961685,0.7471509575843811
LS_02847,1,success,E:\LandSlide-Prediction\data\terrain\patches\LS_02847.tif,E:\LandSlide-Prediction\data\terrain\contours\LS_02847.png,563.3304443359375,414.8489074707031,733.9013061523438,319.0523986816406,31.15213394165039,51.898719787597656,41.697959899902344,-0.0730389952659607,1.3474642038345337
LS_02850,1,success,E:\LandSlide-Prediction\data\terrain\patches\LS_02850.tif,E:\LandSlide-Prediction\data\terrain\contours\LS_02850.png,280.08441162109375,198.3377685546875,339.927001953125,141.5892333984375,18.366853713989258,31.71598243713379,26.521381378173828,-0.023564860224723816,0.7605898380279541
LS_02851,1,success,E:\LandSlide-Prediction\data\terrain\patches\LS_02851.tif,E:\LandSlide-Prediction\data\terrain\contours\LS_02851.png,427.4311218261719,335.32403564453125,566.1622924804688,230.8382568359375,18.7545166015625,42.419891357421875,32.48888397216797,0.05183850973844528,0.7366135120391846
LS_02852,1,success,E:\LandSlide-Prediction\data\terrain\patches\LS_02852.tif,E:\LandSlide-Prediction\data\terrain\contours\LS_02852.png,417.1682434082031,311.817138671875,583.29345703125,271.476318359375,23.725772857666016,42.60406494140625,37.43543243408203,0.1142662838101387,0.7697017192840576
LS_02853,1,success,E:\LandSlide-Prediction\data\terrain\patches\LS_02853.tif,E:\LandSlide-Prediction\data\terrain\contours\LS_02853.png,1293.69775390625,1226.0152587890625,1375.894287109375,149.8790283203125,16.12230682373047,31.272920608520508,24.543987274169922,0.025851376354694366,0.8467292785644531
LS_02860,1,success,E:\LandSlide-Prediction\data\terrain\patches\LS_02860.tif,E:\LandSlide-Prediction\data\terrain\contours\LS_02860.png,566.5426025390625,437.1830139160156,680.7105712890625,243.52755737304688,22.749736785888672,45.26311111450195,36.454437255859375,-0.049329519271850586,0.8692862391471863
LS_02864,1,success,E:\LandSlide-Prediction\data\terrain\patches\LS_02864.tif,E:\LandSlide-Prediction\data\terrain\contours\LS_02864.png,649.801513671875,519.783203125,796.1581420898438,276.37493896484375,23.936662673950195,42.7283935546875,33.244293212890625,0.09831814467906952,0.8304399251937866
LS_02866,1,success,E:\LandSlide-Prediction\data\terrain\patches\LS_02866.tif,E:\LandSlide-Prediction\data\terrain\contours\LS_02866.png,447.2707824707031,356.620849609375,639.0071411132812,282.38629150390625,20.455596923828125,40.95949172973633,32.057106018066406,0.04075818881392479,0.7807855606079102
LS_02867,1,success,E:\LandSlide-Prediction\data\terrain\patches\LS_02867.tif,E:\LandSlide-Prediction\data\terrain\contours\LS_02867.png,629.5680541992188,193.58778381347656,861.0650634765625,667.477294921875,30.01022720336914,86.57484436035156,41.627197265625,-2.136636972427368,8.617852210998535
LS_02873,1,success,E:\LandSlide-Prediction\data\terrain\patches\LS_02873.tif,E:\LandSlide-Prediction\data\terrain\contours\LS_02873.png,610.7835083007812,509.4930114746094,718.1411743164062,208.64816284179688,19.311426162719727,39.31861877441406,27.55542755126953,-0.027783047407865524,0.9429523348808289
LS_02881,1,success,E:\LandSlide-Prediction\data\terrain\patches\LS_02881.tif,E:\LandSlide-Prediction\data\terrain\contours\LS_02881.png,803.3107299804688,688.6478271484375,927.338623046875,238.6907958984375,21.479921340942383,54.560646057128906,32.650787353515625,0.07742190361022949,1.273966908454895
LS_02885,1,success,E:\LandSlide-Prediction\data\terrain\patches\LS_02885.tif,E:\LandSlide-Prediction\data\terrain\contours\LS_02885.png,776.232177734375,651.9007568359375,880.4918823242188,228.59112548828125,18.519664764404297,39.124576568603516,30.005464553833008,0.02418772503733635,0.7540743350982666
LS_02888,1,success,E:\LandSlide-Prediction\data\terrain\patches\LS_02888.tif,E:\LandSlide-Prediction\data\terrain\contours\LS_02888.png,879.2498779296875,710.7168579101562,1113.275390625,402.55853271484375,31.09292984008789,57.36702346801758,43.56371307373047,0.15240660309791565,1.0257809162139893
LS_02893,1,success,E:\LandSlide-Prediction\data\terrain\patches\LS_02893.tif,E:\LandSlide-Prediction\data\terrain\contours\LS_02893.png,1082.2960205078125,935.0217895507812,1217.6663818359375,282.64459228515625,23.594783782958984,58.24498748779297,36.91340637207031,-0.0023922324180603027,0.9866286516189575
LS_02895,1,success,E:\LandSlide-Prediction\data\terrain\patches\LS_02895.tif,E:\LandSlide-Prediction\data\terrain\contours\LS_02895.png,1003.6281127929688,856.4974975585938,1164.6519775390625,308.15447998046875,23.926891326904297,56.8122444152832,41.70459747314453,-0.020853403955698013,1.0739659070968628
LS_02898,1,success,E:\LandSlide-Prediction\data\terrain\patches\LS_02898.tif,E:\LandSlide-Prediction\data\terrain\contours\LS_02898.png,652.29736328125,501.2835693359375,865.6306762695312,364.34710693359375,26.39030647277832,47.46453094482422,37.10511779785156,0.02338647097349167,0.859969973564148
LS_02905,1,success,E:\LandSlide-Prediction\data\terrain\patches\LS_02905.tif,E:\LandSlide-Prediction\data\terrain\contours\LS_02905.png,860.5216064453125,690.9403076171875,1043.743896484375,352.8035888671875,25.560237884521484,46.229530334472656,39.37553405761719,0.05457981675863266,1.060531497001648
LS_02909,1,success,E:\LandSlide-Prediction\data\terrain\patches\LS_02909.tif,E:\LandSlide-Prediction\data\terrain\contours\LS_02909.png,493.41534423828125,364.76727294921875,599.12646484375,234.35919189453125,20.895082473754883,43.117393493652344,31.144624710083008,0.02188495546579361,0.7796648740768433
LS_02912,1,success,E:\LandSlide-Prediction\data\terrain\patches\LS_02912.tif,E:\LandSlide-Prediction\data\terrain\contours\LS_02912.png,921.6173706054688,805.001708984375,1020.2413330078125,215.2396240234375,18.994449615478516,40.064735412597656,27.535919189453125,0.10484584420919418,0.9636505246162415
LS_02913,1,success,E:\LandSlide-Prediction\data\terrain\patches\LS_02913.tif,E:\LandSlide-Prediction\data\terrain\contours\LS_02913.png,1066.279541015625,859.0950927734375,1226.404052734375,367.3089599609375,29.784189224243164,53.64482879638672,40.096656799316406,-0.017352595925331116,1.16129469871521
LS_02917,1,success,E:\LandSlide-Prediction\data\terrain\patches\LS_02917.tif,E:\LandSlide-Prediction\data\terrain\contours\LS_02917.png,1050.13623046875,913.8367309570312,1182.0650634765625,268.22833251953125,22.82683753967285,50.213600158691406,34.25447463989258,-0.010594218969345093,0.8829039335250854
LS_02920,1,success,E:\LandSlide-Prediction\data\terrain\patches\LS_02920.tif,E:\LandSlide-Prediction\data\terrain\contours\LS_02920.png,1449.88427734375,1357.202880859375,1618.6204833984375,261.4176025390625,18.946996688842773,49.5491943359375,32.36641311645508,-0.014152094721794128,0.898520290851593
LS_02922,1,success,E:\LandSlide-Prediction\data\terrain\patches\LS_02922.tif,E:\LandSlide-Prediction\data\terrain\contours\LS_02922.png,1701.791015625,1534.587890625,1856.3321533203125,321.7442626953125,24.62869644165039,55.33258819580078,39.7735595703125,-0.011844441294670105,0.8573198318481445
LS_02925,1,success,E:\LandSlide-Prediction\data\terrain\patches\LS_02925.tif,E:\LandSlide-Prediction\data\terrain\contours\LS_02925.png,1468.1883544921875,1339.7091064453125,1604.345458984375,264.6363525390625,20.292755126953125,48.748844146728516,37.04442596435547,0.0073980167508125305,0.811255931854248
LS_02929,1,success,E:\LandSlide-Prediction\data\terrain\patches\LS_02929.tif,E:\LandSlide-Prediction\data\terrain\contours\LS_02929.png,1327.076416015625,1276.9354248046875,1378.7939453125,101.8585205078125,10.209386825561523,29.1013240814209,17.436002731323242,-0.01034265011548996,0.6287958025932312
LS_02931,1,success,E:\LandSlide-Prediction\data\terrain\patches\LS_02931.tif,E:\LandSlide-Prediction\data\terrain\contours\LS_02931.png,1779.30810546875,1655.1695556640625,1916.49658203125,261.3270263671875,23.005788803100586,47.24467849731445,34.94876480102539,0.029546067118644714,0.8796115517616272
LS_02933,1,success,E:\LandSlide-Prediction\data\terrain\patches\LS_02933.tif,E:\LandSlide-Prediction\data\terrain\contours\LS_02933.png,1591.3155517578125,1529.2508544921875,1690.4927978515625,161.241943359375,12.057924270629883,29.697967529296875,19.481834411621094,-0.017341390252113342,0.5232104063034058
LS_02934,1,success,E:\LandSlide-Prediction\data\terrain\patches\LS_02934.tif,E:\LandSlide-Prediction\data\terrain\contours\LS_02934.png,1830.912353515625,1708.1488037109375,1941.3714599609375,233.22265625,15.477121353149414,31.835336685180664,23.965360641479492,-0.08608625829219818,0.5838978886604309
LS_02935,1,success,E:\LandSlide-Prediction\data\terrain\patches\LS_02935.tif,E:\LandSlide-Prediction\data\terrain\contours\LS_02935.png,1496.1461181640625,1384.1436767578125,1615.5367431640625,231.39306640625,19.004690170288086,39.50404357910156,28.298425674438477,-0.01449798047542572,0.7588822245597839
LS_02936,1,success,E:\LandSlide-Prediction\data\terrain\patches\LS_02936.tif,E:\LandSlide-Prediction\data\terrain\contours\LS_02936.png,782.7925415039062,688.9029541015625,918.8823852539062,229.97943115234375,27.90782356262207,50.12554931640625,38.11920928955078,-0.008195962756872177,1.1984500885009766
LS_02940,1,success,E:\LandSlide-Prediction\data\terrain\patches\LS_02940.tif,E:\LandSlide-Prediction\data\terrain\contours\LS_02940.png,864.0538330078125,721.9697265625,1090.2646484375,368.294921875,24.924062728881836,49.470298767089844,34.78373718261719,0.06334741413593292,0.8508061170578003
LS_02947,1,success,E:\LandSlide-Prediction\data\terrain\patches\LS_02947.tif,E:\LandSlide-Prediction\data\terrain\contours\LS_02947.png,837.6461791992188,728.0786743164062,1055.9505615234375,327.87188720703125,28.16179656982422,53.41659164428711,43.74433898925781,0.05481129139661789,1.100439429283142
LS_02951,1,success,E:\LandSlide-Prediction\data\terrain\patches\LS_02951.tif,E:\LandSlide-Prediction\data\terrain\contours\LS_02951.png,983.3753662109375,783.2779541015625,1156.392822265625,373.1148681640625,29.547130584716797,42.22648239135742,36.88242721557617,-0.017055876553058624,1.0181031227111816
LS_02952,1,success,E:\LandSlide-Prediction\data\terrain\patches\LS_02952.tif,E:\LandSlide-Prediction\data\terrain\contours\LS_02952.png,855.6365966796875,743.8596801757812,977.992431640625,234.13275146484375,20.627487182617188,36.83720779418945,28.638050079345703,0.03790776804089546,0.8558349013328552
LS_02954,1,success,E:\LandSlide-Prediction\data\terrain\patches\LS_02954.tif,E:\LandSlide-Prediction\data\terrain\contours\LS_02954.png,868.7378540039062,782.9645385742188,983.4002075195312,200.4356689453125,22.883621215820312,37.07166290283203,31.701736450195312,-0.048906005918979645,0.9331879019737244
LS_02955,1,success,E:\LandSlide-Prediction\data\terrain\patches\LS_02955.tif,E:\LandSlide-Prediction\data\terrain\contours\LS_02955.png,407.2571716308594,212.0490264892578,684.8424682617188,472.79345703125,31.591297149658203,52.35945129394531,40.08597946166992,-0.13426220417022705,0.9947215914726257
LS_02956,1,success,E:\LandSlide-Prediction\data\terrain\patches\LS_02956.tif,E:\LandSlide-Prediction\data\terrain\contours\LS_02956.png,994.3047485351562,883.7930908203125,1191.3096923828125,307.5166015625,26.47964096069336,43.647029876708984,37.124847412109375,0.04057879000902176,0.8610056638717651
LS_02957,1,success,E:\LandSlide-Prediction\data\terrain\patches\LS_02957.tif,E:\LandSlide-Prediction\data\terrain\contours\LS_02957.png,1199.645263671875,1151.7135009765625,1232.716552734375,81.0030517578125,13.43047046661377,28.52616310119629,20.89599609375,0.03615732491016388,0.7821040153503418
LS_02958,1,success,E:\LandSlide-Prediction\data\terrain\patches\LS_02958.tif,E:\LandSlide-Prediction\data\terrain\contours\LS_02958.png,1001.2188720703125,922.5916137695312,1176.004638671875,253.41302490234375,24.967975616455078,47.03624725341797,35.834922790527344,0.08774416893720627,1.1691372394561768
LS_02959,1,success,E:\LandSlide-Prediction\data\terrain\patches\LS_02959.tif,E:\LandSlide-Prediction\data\terrain\contours\LS_02959.png,1291.9547119140625,1184.1651611328125,1445.4930419921875,261.327880859375,22.050304412841797,45.397125244140625,32.97929000854492,-0.08899103105068207,0.8880715370178223
LS_02960,1,success,E:\LandSlide-Prediction\data\terrain\patches\LS_02960.tif,E:\LandSlide-Prediction\data\terrain\contours\LS_02960.png,1293.222412109375,1170.6202392578125,1393.21826171875,222.5980224609375,19.55725860595703,40.826080322265625,32.06024932861328,0.004432521760463715,0.8347526788711548
LS_02962,1,success,E:\LandSlide-Prediction\data\terrain\patches\LS_02962.tif,E:\LandSlide-Prediction\data\terrain\contours\LS_02962.png,1585.4052734375,1423.467529296875,1746.5794677734375,323.1119384765625,25.661930084228516,56.21367263793945,44.98387908935547,0.0684582069516182,0.9473486542701721
LS_02967,1,success,E:\LandSlide-Prediction\data\terrain\patches\LS_02967.tif,E:\LandSlide-Prediction\data\terrain\contours\LS_02967.png,1468.921630859375,1274.13330078125,1697.7327880859375,423.5994873046875,32.441184997558594,54.66563415527344,44.37273406982422,-0.12324178218841553,1.1981935501098633
LS_02975,1,success,E:\LandSlide-Prediction\data\terrain\patches\LS_02975.tif,E:\LandSlide-Prediction\data\terrain\contours\LS_02975.png,1630.9769287109375,1504.1563720703125,1739.6746826171875,235.518310546875,21.95983123779297,37.37602996826172,30.734256744384766,0.01852848380804062,0.8147141933441162
LS_02976,1,success,E:\LandSlide-Prediction\data\terrain\patches\LS_02976.tif,E:\LandSlide-Prediction\data\terrain\contours\LS_02976.png,1777.8699951171875,1649.816650390625,1867.8154296875,217.998779296875,20.944801330566406,44.07911682128906,34.994346618652344,0.03983797878026962,0.8148925304412842
LS_02978,1,success,E:\LandSlide-Prediction\data\terrain\patches\LS_02978.tif,E:\LandSlide-Prediction\data\terrain\contours\LS_02978.png,1983.9234619140625,1873.9158935546875,2164.277587890625,290.3616943359375,21.781593322753906,54.91413879394531,36.432769775390625,-0.053119219839572906,0.7986428141593933
LS_02981,1,success,E:\LandSlide-Prediction\data\terrain\patches\LS_02981.tif,E:\LandSlide-Prediction\data\terrain\contours\LS_02981.png,1694.78662109375,1551.6357421875,1793.660888671875,242.025146484375,19.12240219116211,49.24850082397461,38.759742736816406,0.02350626140832901,0.969398021697998
LS_02982,1,success,E:\LandSlide-Prediction\data\terrain\patches\LS_02982.tif,E:\LandSlide-Prediction\data\terrain\contours\LS_02982.png,1613.2889404296875,1468.7442626953125,1800.6131591796875,331.868896484375,26.64847183227539,56.51777267456055,46.85450744628906,0.020253337919712067,1.0495229959487915
LS_02986,1,success,E:\LandSlide-Prediction\data\terrain\patches\LS_02986.tif,E:\LandSlide-Prediction\data\terrain\contours\LS_02986.png,1551.460205078125,1406.2037353515625,1773.7235107421875,367.519775390625,29.13199806213379,55.69694137573242,45.757240295410156,0.04814508557319641,0.9830933213233948
LS_02987,1,success,E:\LandSlide-Prediction\data\terrain\patches\LS_02987.tif,E:\LandSlide-Prediction\data\terrain\contours\LS_02987.png,1550.098388671875,1443.2275390625,1642.7445068359375,199.5169677734375,18.286653518676758,40.9492301940918,31.3892822265625,0.024218812584877014,0.6491034030914307
LS_02988,1,success,E:\LandSlide-Prediction\data\terrain\patches\LS_02988.tif,E:\LandSlide-Prediction\data\terrain\contours\LS_02988.png,1684.582763671875,1609.9471435546875,1771.10888671875,161.1617431640625,15.891570091247559,35.526222229003906,28.283702850341797,-0.048619456589221954,0.6690346002578735
LS_02989,1,success,E:\LandSlide-Prediction\data\terrain\patches\LS_02989.tif,E:\LandSlide-Prediction\data\terrain\contours\LS_02989.png,353.77459716796875,314.6493225097656,433.2622985839844,118.61297607421875,9.752538681030273,29.26013946533203,20.620712280273438,0.020242372527718544,0.5010314583778381
LS_02990,1,success,E:\LandSlide-Prediction\data\terrain\patches\LS_02990.tif,E:\LandSlide-Prediction\data\terrain\contours\LS_02990.png,1113.441650390625,1039.4725341796875,1251.127197265625,211.6546630859375,22.88864517211914,41.490604400634766,33.43860626220703,0.030426226556301117,0.8220974206924438
LS_02991,1,success,E:\LandSlide-Prediction\data\terrain\patches\LS_02991.tif,E:\LandSlide-Prediction\data\terrain\contours\LS_02991.png,1784.27587890625,1587.9439697265625,1970.596923828125,382.6529541015625,29.437610626220703,66.2936782836914,50.196250915527344,-0.027538180351257324,1.3120025396347046
LS_02992,1,success,E:\LandSlide-Prediction\data\terrain\patches\LS_02992.tif,E:\LandSlide-Prediction\data\terrain\contours\LS_02992.png,1393.0450439453125,1305.7354736328125,1501.575927734375,195.8404541015625,14.344354629516602,29.57662582397461,20.30915069580078,0.013459570705890656,0.5390846729278564
LS_02993,1,success,E:\LandSlide-Prediction\data\terrain\patches\LS_02993.tif,E:\LandSlide-Prediction\data\terrain\contours\LS_02993.png,1967.08203125,1859.8497314453125,2109.5771484375,249.7274169921875,18.395633697509766,37.68369674682617,28.498279571533203,-0.015484116971492767,0.7987420558929443
LS_02994,1,success,E:\LandSlide-Prediction\data\terrain\patches\LS_02994.tif,E:\LandSlide-Prediction\data\terrain\contours\LS_02994.png,1130.8419189453125,1017.719482421875,1291.338134765625,273.61865234375,22.298805236816406,43.785587310791016,33.95055389404297,-0.019534055143594742,0.964163601398468
LS_02999,1,success,E:\LandSlide-Prediction\data\terrain\patches\LS_02999.tif,E:\LandSlide-Prediction\data\terrain\contours\LS_02999.png,909.2569580078125,815.2113037109375,1019.7214965820312,204.51019287109375,18.31485366821289,37.640201568603516,29.20613670349121,0.01979856938123703,0.8230346441268921
LS_03025,1,success,E:\LandSlide-Prediction\data\terrain\patches\LS_03025.tif,E:\LandSlide-Prediction\data\terrain\contours\LS_03025.png,968.0943603515625,868.351806640625,1120.8809814453125,252.5291748046875,17.593547821044922,36.23191833496094,29.146697998046875,-0.02453414723277092,0.7585622668266296
LS_03027,1,success,E:\LandSlide-Prediction\data\terrain\patches\LS_03027.tif,E:\LandSlide-Prediction\data\terrain\contours\LS_03027.png,1247.302490234375,1173.58251953125,1319.5426025390625,145.9600830078125,12.795758247375488,28.34771728515625,21.226438522338867,-0.032049380242824554,0.7416069507598877
LS_03033,1,success,E:\LandSlide-Prediction\data\terrain\patches\LS_03033.tif,E:\LandSlide-Prediction\data\terrain\contours\LS_03033.png,836.1761474609375,648.4166870117188,1009.0875854492188,360.6708984375,26.292495727539062,48.886497497558594,35.84862518310547,0.0349171981215477,0.942154586315155
LS_03035,1,success,E:\LandSlide-Prediction\data\terrain\patches\LS_03035.tif,E:\LandSlide-Prediction\data\terrain\contours\LS_03035.png,878.370849609375,747.89697265625,1064.1533203125,316.25634765625,24.952804565429688,45.95030975341797,33.006771087646484,0.078258216381073,0.9989277124404907
LS_03036,1,success,E:\LandSlide-Prediction\data\terrain\patches\LS_03036.tif,E:\LandSlide-Prediction\data\terrain\contours\LS_03036.png,936.31103515625,750.3988647460938,1189.8016357421875,439.40277099609375,30.554765701293945,49.29621887207031,41.55662536621094,0.0051284171640872955,1.3017200231552124
LS_03037,1,success,E:\LandSlide-Prediction\data\terrain\patches\LS_03037.tif,E:\LandSlide-Prediction\data\terrain\contours\LS_03037.png,1144.3905029296875,997.7692260742188,1328.672607421875,330.90338134765625,28.282445907592773,48.48966598510742,38.49236297607422,-0.08527323603630066,0.9109481573104858
LS_03040,1,success,E:\LandSlide-Prediction\data\terrain\patches\LS_03040.tif,E:\LandSlide-Prediction\data\terrain\contours\LS_03040.png,1335.607421875,1185.6971435546875,1517.68408203125,331.9869384765625,25.416894912719727,43.515987396240234,36.68687438964844,-0.0751485675573349,0.6979823708534241
LS_03041,1,success,E:\LandSlide-Prediction\data\terrain\patches\LS_03041.tif,E:\LandSlide-Prediction\data\terrain\contours\LS_03041.png,1132.198486328125,1037.413818359375,1289.46533203125,252.051513671875,19.02576446533203,35.3172607421875,28.435779571533203,0.012041747570037842,0.5718485116958618
LS_03044,1,success,E:\LandSlide-Prediction\data\terrain\patches\LS_03044.tif,E:\LandSlide-Prediction\data\terrain\contours\LS_03044.png,658.793212890625,574.6172485351562,807.1768798828125,232.55963134765625,18.16440200805664,44.6397590637207,31.97257423400879,0.18808679282665253,0.5065074563026428
LS_03048,1,success,E:\LandSlide-Prediction\data\terrain\patches\LS_03048.tif,E:\LandSlide-Prediction\data\terrain\contours\LS_03048.png,1005.910888671875,800.3615112304688,1256.3331298828125,455.97161865234375,30.368621826171875,55.00340270996094,41.5484733581543,0.14533495903015137,1.1763043403625488
LS_03051,1,success,E:\LandSlide-Prediction\data\terrain\patches\LS_03051.tif,E:\LandSlide-Prediction\data\terrain\contours\LS_03051.png,806.817626953125,584.5442504882812,969.9089965820312,385.36474609375,27.171539306640625,41.666160583496094,34.92262268066406,0.006455857306718826,1.0664724111557007
LS_03052,1,success,E:\LandSlide-Prediction\data\terrain\patches\LS_03052.tif,E:\LandSlide-Prediction\data\terrain\contours\LS_03052.png,175.07546997070312,128.2003631591797,295.18896484375,166.9886016845703,15.143967628479004,38.477508544921875,28.119606018066406,0.013828091323375702,0.6646247506141663
LS_03053,1,success,E:\LandSlide-Prediction\data\terrain\patches\LS_03053.tif,E:\LandSlide-Prediction\data\terrain\contours\LS_03053.png,272.11083984375,186.43374633789062,483.05401611328125,296.6202697753906,18.899967193603516,43.001644134521484,31.581932067871094,0.12351851910352707,0.6899864077568054
LS_03054,1,success,E:\LandSlide-Prediction\data\terrain\patches\LS_03054.tif,E:\LandSlide-Prediction\data\terrain\contours\LS_03054.png,731.5838012695312,568.3936767578125,848.7816772460938,280.38800048828125,22.743209838867188,42.841941833496094,33.18952178955078,-0.09292572736740112,0.8708855509757996
LS_03055,1,success,E:\LandSlide-Prediction\data\terrain\patches\LS_03055.tif,E:\LandSlide-Prediction\data\terrain\contours\LS_03055.png,306.48150634765625,214.6992645263672,436.25018310546875,221.55091857910156,18.083648681640625,37.21039581298828,27.102622985839844,0.022393185645341873,0.769332230091095
LS_03056,1,success,E:\LandSlide-Prediction\data\terrain\patches\LS_03056.tif,E:\LandSlide-Prediction\data\terrain\contours\LS_03056.png,1987.4508056640625,1901.20263671875,2085.7138671875,184.51123046875,20.35628890991211,46.664894104003906,36.55539321899414,-0.0274687260389328,0.8282709717750549
LS_03060,1,success,E:\LandSlide-Prediction\data\terrain\patches\LS_03060.tif,E:\LandSlide-Prediction\data\terrain\contours\LS_03060.png,1178.21875,1055.549072265625,1324.30810546875,268.759033203125,21.20745849609375,42.44487762451172,31.287710189819336,-0.03848971426486969,0.8320164084434509
LS_03065,1,success,E:\LandSlide-Prediction\data\terrain\patches\LS_03065.tif,E:\LandSlide-Prediction\data\terrain\contours\LS_03065.png,974.4180297851562,804.293701171875,1127.1256103515625,322.8319091796875,27.95414161682129,44.84023666381836,38.06285095214844,-0.03287182003259659,1.1108381748199463
LS_03084,1,success,E:\LandSlide-Prediction\data\terrain\patches\LS_03084.tif,E:\LandSlide-Prediction\data\terrain\contours\LS_03084.png,894.9229736328125,812.7320556640625,1001.0457763671875,188.313720703125,16.886838912963867,35.76789855957031,28.39456558227539,-0.026378020644187927,0.8251618146896362
LS_03087,1,success,E:\LandSlide-Prediction\data\terrain\patches\LS_03087.tif,E:\LandSlide-Prediction\data\terrain\contours\LS_03087.png,1266.2760009765625,1067.2850341796875,1355.9986572265625,288.713623046875,22.084228515625,45.84583282470703,39.050968170166016,-0.14395862817764282,0.8690861463546753
LS_03096,1,success,E:\LandSlide-Prediction\data\terrain\patches\LS_03096.tif,E:\LandSlide-Prediction\data\terrain\contours\LS_03096.png,781.669189453125,659.926025390625,892.335693359375,232.40966796875,22.402812957763672,41.604366302490234,30.537689208984375,0.022174078971147537,0.7168340682983398
LS_03107,1,success,E:\LandSlide-Prediction\data\terrain\patches\LS_03107.tif,E:\LandSlide-Prediction\data\terrain\contours\LS_03107.png,930.0064697265625,823.1311645507812,1018.9462890625,195.81512451171875,20.668415069580078,43.78693771362305,31.486215591430664,-0.016060039401054382,0.8232447504997253
LS_03111,1,success,E:\LandSlide-Prediction\data\terrain\patches\LS_03111.tif,E:\LandSlide-Prediction\data\terrain\contours\LS_03111.png,637.75927734375,468.9853210449219,827.847900390625,358.8625793457031,24.835012435913086,42.45370101928711,34.429786682128906,-0.03414493054151535,0.7111326456069946
LS_03139,1,success,E:\LandSlide-Prediction\data\terrain\patches\LS_03139.tif,E:\LandSlide-Prediction\data\terrain\contours\LS_03139.png,798.7206420898438,673.7931518554688,925.583984375,251.79083251953125,25.073841094970703,49.426307678222656,40.50498962402344,-0.19745585322380066,1.1609834432601929
LS_03142,1,success,E:\LandSlide-Prediction\data\terrain\patches\LS_03142.tif,E:\LandSlide-Prediction\data\terrain\contours\LS_03142.png,653.8469848632812,485.37823486328125,780.9008178710938,295.5225830078125,22.58526039123535,45.59553527832031,34.616539001464844,0.04095739126205444,0.816939115524292
LS_03144,1,success,E:\LandSlide-Prediction\data\terrain\patches\LS_03144.tif,E:\LandSlide-Prediction\data\terrain\contours\LS_03144.png,953.1557006835938,768.8786010742188,1187.5606689453125,418.68206787109375,30.82593536376953,56.158935546875,44.46175765991211,-0.0838315486907959,1.2122520208358765
LS_03162,1,success,E:\LandSlide-Prediction\data\terrain\patches\LS_03162.tif,E:\LandSlide-Prediction\data\terrain\contours\LS_03162.png,1067.794189453125,955.4132080078125,1204.5040283203125,249.0908203125,20.755706787109375,49.717185974121094,37.55122375488281,-0.0422842837870121,0.8394802808761597
LS_03168,1,success,E:\LandSlide-Prediction\data\terrain\patches\LS_03168.tif,E:\LandSlide-Prediction\data\terrain\contours\LS_03168.png,737.5516357421875,583.6859130859375,893.1598510742188,309.47393798828125,20.451763153076172,34.466312408447266,28.85502815246582,0.022088274359703064,0.7339000105857849
LS_03170,1,success,E:\LandSlide-Prediction\data\terrain\patches\LS_03170.tif,E:\LandSlide-Prediction\data\terrain\contours\LS_03170.png,833.48974609375,708.7537841796875,991.241455078125,282.4876708984375,22.013187408447266,41.363304138183594,31.436138153076172,-0.04719657823443413,0.9486386775970459
LS_03188,1,success,E:\LandSlide-Prediction\data\terrain\patches\LS_03188.tif,E:\LandSlide-Prediction\data\terrain\contours\LS_03188.png,691.366943359375,538.5862426757812,820.2938232421875,281.70758056640625,27.21059799194336,40.96828079223633,36.60394287109375,0.06435278803110123,0.9471728801727295
LS_03194,1,success,E:\LandSlide-Prediction\data\terrain\patches\LS_03194.tif,E:\LandSlide-Prediction\data\terrain\contours\LS_03194.png,978.8536376953125,820.1678466796875,1208.6737060546875,388.505859375,29.066295623779297,54.81980514526367,46.335899353027344,-0.02551964670419693,1.3061823844909668
LS_03200,1,success,E:\LandSlide-Prediction\data\terrain\patches\LS_03200.tif,E:\LandSlide-Prediction\data\terrain\contours\LS_03200.png,767.982177734375,633.624755859375,838.7943115234375,205.1695556640625,21.168758392333984,49.39714050292969,38.93745422363281,0.046415697783231735,1.0435352325439453
LS_03234,1,success,E:\LandSlide-Prediction\data\terrain\patches\LS_03234.tif,E:\LandSlide-Prediction\data\terrain\contours\LS_03234.png,1082.33984375,962.7031860351562,1217.3394775390625,254.63629150390625,18.833133697509766,29.31755828857422,24.2330265045166,-0.030923116952180862,0.5237038731575012
LS_03244,1,success,E:\LandSlide-Prediction\data\terrain\patches\LS_03244.tif,E:\LandSlide-Prediction\data\terrain\contours\LS_03244.png,1726.138671875,1535.191162109375,1818.5394287109375,283.3482666015625,23.948429107666016,62.54737854003906,45.169803619384766,-0.024250663816928864,1.159319281578064
LS_03246,1,success,E:\LandSlide-Prediction\data\terrain\patches\LS_03246.tif,E:\LandSlide-Prediction\data\terrain\contours\LS_03246.png,1969.851318359375,1874.571533203125,2096.277099609375,221.70556640625,22.235549926757812,47.2015495300293,36.44642639160156,-0.05898436903953552,0.8610485792160034
LS_03249,1,success,E:\LandSlide-Prediction\data\terrain\patches\LS_03249.tif,E:\LandSlide-Prediction\data\terrain\contours\LS_03249.png,1837.206298828125,1717.6251220703125,1997.80078125,280.1756591796875,22.15639877319336,46.860107421875,35.67500686645508,-0.04036666452884674,0.7287763953208923
LS_03257,1,success,E:\LandSlide-Prediction\data\terrain\patches\LS_03257.tif,E:\LandSlide-Prediction\data\terrain\contours\LS_03257.png,1321.72314453125,1280.236083984375,1376.3760986328125,96.1400146484375,13.985187530517578,34.14272689819336,22.666664123535156,-0.022313833236694336,0.8347422480583191
LS_03261,1,success,E:\LandSlide-Prediction\data\terrain\patches\LS_03261.tif,E:\LandSlide-Prediction\data\terrain\contours\LS_03261.png,592.999755859375,533.6024169921875,714.8131103515625,181.210693359375,16.68407440185547,37.802886962890625,25.72964859008789,0.09917163103818893,0.6981398463249207
LS_03267,1,success,E:\LandSlide-Prediction\data\terrain\patches\LS_03267.tif,E:\LandSlide-Prediction\data\terrain\contours\LS_03267.png,1398.9520263671875,1329.117431640625,1438.943115234375,109.82568359375,12.203950881958008,34.39454650878906,21.80915069580078,-0.0644659474492073,0.5855424404144287
LS_03268,1,success,E:\LandSlide-Prediction\data\terrain\patches\LS_03268.tif,E:\LandSlide-Prediction\data\terrain\contours\LS_03268.png,1133.096923828125,1011.8930053710938,1307.0255126953125,295.13250732421875,24.241622924804688,58.46894836425781,36.7056884765625,0.06154783442616463,1.2381606101989746
LS_03271,1,success,E:\LandSlide-Prediction\data\terrain\patches\LS_03271.tif,E:\LandSlide-Prediction\data\terrain\contours\LS_03271.png,1883.425048828125,1793.95703125,2005.9254150390625,211.9683837890625,18.927976608276367,47.18299102783203,37.22930908203125,-0.00820847600698471,0.6613132357597351
LS_03275,1,success,E:\LandSlide-Prediction\data\terrain\patches\LS_03275.tif,E:\LandSlide-Prediction\data\terrain\contours\LS_03275.png,1898.041015625,1760.5562744140625,2063.0263671875,302.4700927734375,25.861194610595703,47.229835510253906,41.93388366699219,0.012726917862892151,0.8822775483131409
LS_03276,1,success,E:\LandSlide-Prediction\data\terrain\patches\LS_03276.tif,E:\LandSlide-Prediction\data\terrain\contours\LS_03276.png,2038.110595703125,1929.9434814453125,2161.64501953125,231.7015380859375,20.73566436767578,52.944278717041016,40.32929992675781,-0.07508683949708939,0.8241271376609802
LS_03303,1,success,E:\LandSlide-Prediction\data\terrain\patches\LS_03303.tif,E:\LandSlide-Prediction\data\terrain\contours\LS_03303.png,1522.7099609375,1377.8709716796875,1732.6920166015625,354.821044921875,28.512310028076172,56.62348937988281,46.54339599609375,0.17038211226463318,1.0057480335235596
LS_03331,1,success,E:\LandSlide-Prediction\data\terrain\patches\LS_03331.tif,E:\LandSlide-Prediction\data\terrain\contours\LS_03331.png,1222.0447998046875,1134.25439453125,1415.0107421875,280.75634765625,20.543601989746094,49.806827545166016,38.60684585571289,0.025280773639678955,1.069993495941162
LS_03348,1,success,E:\LandSlide-Prediction\data\terrain\patches\LS_03348.tif,E:\LandSlide-Prediction\data\terrain\contours\LS_03348.png,1347.31005859375,1272.106201171875,1439.06103515625,166.954833984375,15.441082954406738,32.2106819152832,23.6605281829834,0.0438036173582077,0.6470587253570557
LS_03354,1,success,E:\LandSlide-Prediction\data\terrain\patches\LS_03354.tif,E:\LandSlide-Prediction\data\terrain\contours\LS_03354.png,1477.153076171875,1341.24169921875,1732.70654296875,391.46484375,28.563018798828125,53.39009475708008,43.90913772583008,0.169378399848938,1.119820237159729
LS_03361,1,success,E:\LandSlide-Prediction\data\terrain\patches\LS_03361.tif,E:\LandSlide-Prediction\data\terrain\contours\LS_03361.png,1886.306640625,1648.0367431640625,2004.673583984375,356.6368408203125,22.028181076049805,55.749759674072266,32.74855041503906,0.1437409520149231,0.8589816689491272
LS_03365,1,success,E:\LandSlide-Prediction\data\terrain\patches\LS_03365.tif,E:\LandSlide-Prediction\data\terrain\contours\LS_03365.png,505.1228942871094,391.4905700683594,613.253662109375,221.76309204101562,17.94335174560547,32.21302032470703,26.585010528564453,-0.06835196912288666,0.7539668679237366
LS_03371,1,success,E:\LandSlide-Prediction\data\terrain\patches\LS_03371.tif,E:\LandSlide-Prediction\data\terrain\contours\LS_03371.png,847.018310546875,762.6107788085938,959.3899536132812,196.7791748046875,16.431034088134766,37.01982879638672,24.56768226623535,0.031040217727422714,0.737878680229187
LS_03373,1,success,E:\LandSlide-Prediction\data\terrain\patches\LS_03373.tif,E:\LandSlide-Prediction\data\terrain\contours\LS_03373.png,638.70556640625,525.2897338867188,734.1106567382812,208.8209228515625,17.53652572631836,36.34056091308594,27.828895568847656,-0.02916382998228073,0.7663174271583557
LS_03389,1,success,E:\LandSlide-Prediction\data\terrain\patches\LS_03389.tif,E:\LandSlide-Prediction\data\terrain\contours\LS_03389.png,745.74365234375,604.8814697265625,885.48876953125,280.6072998046875,23.322338104248047,44.62991714477539,32.527828216552734,-0.11828602850437164,1.0081065893173218
LS_03390,1,success,E:\LandSlide-Prediction\data\terrain\patches\LS_03390.tif,E:\LandSlide-Prediction\data\terrain\contours\LS_03390.png,608.6015014648438,546.9943237304688,740.14990234375,193.15557861328125,20.822948455810547,43.248741149902344,31.999553680419922,-0.036270931363105774,0.9877777099609375
LS_03415,1,success,E:\LandSlide-Prediction\data\terrain\patches\LS_03415.tif,E:\LandSlide-Prediction\data\terrain\contours\LS_03415.png,871.40966796875,648.0335693359375,977.6640625,329.6304931640625,25.6602725982666,54.735713958740234,41.24382781982422,-0.10687008500099182,0.9057517647743225
LS_03430,1,success,E:\LandSlide-Prediction\data\terrain\patches\LS_03430.tif,E:\LandSlide-Prediction\data\terrain\contours\LS_03430.png,902.0316162109375,735.5853271484375,1076.3687744140625,340.783447265625,26.69023895263672,42.24722671508789,34.269012451171875,0.10099448263645172,1.0142794847488403
LS_03452,1,success,E:\LandSlide-Prediction\data\terrain\patches\LS_03452.tif,E:\LandSlide-Prediction\data\terrain\contours\LS_03452.png,476.7476806640625,374.6266174316406,624.379150390625,249.75253295898438,19.548900604248047,39.59843826293945,28.014606475830078,0.02154752053320408,0.8029336929321289
LS_03460,1,success,E:\LandSlide-Prediction\data\terrain\patches\LS_03460.tif,E:\LandSlide-Prediction\data\terrain\contours\LS_03460.png,357.4042053222656,290.4000549316406,443.1748962402344,152.77484130859375,13.830263137817383,31.517322540283203,23.89856719970703,0.010067971423268318,0.6937845945358276
LS_03466,1,success,E:\LandSlide-Prediction\data\terrain\patches\LS_03466.tif,E:\LandSlide-Prediction\data\terrain\contours\LS_03466.png,515.8887939453125,398.4064636230469,736.1697387695312,337.7632751464844,23.711734771728516,42.86801528930664,33.51435852050781,0.003756134305149317,0.9008759260177612
LS_03483,1,success,E:\LandSlide-Prediction\data\terrain\patches\LS_03483.tif,E:\LandSlide-Prediction\data\terrain\contours\LS_03483.png,437.9490051269531,351.31597900390625,576.6600952148438,225.3441162109375,20.078584671020508,44.20268249511719,31.87289047241211,0.09104695916175842,0.9189997911453247
LS_03495,1,success,E:\LandSlide-Prediction\data\terrain\patches\LS_03495.tif,E:\LandSlide-Prediction\data\terrain\contours\LS_03495.png,629.66943359375,560.106201171875,760.9961547851562,200.88995361328125,19.089519500732422,35.76347732543945,27.904277801513672,0.05969554930925369,0.8297711610794067
LS_03497,1,success,E:\LandSlide-Prediction\data\terrain\patches\LS_03497.tif,E:\LandSlide-Prediction\data\terrain\contours\LS_03497.png,758.1553344726562,558.35302734375,937.9081420898438,379.55511474609375,22.050565719604492,43.81501388549805,31.844602584838867,0.058067310601472855,0.8040099143981934
LS_03506,1,success,E:\LandSlide-Prediction\data\terrain\patches\LS_03506.tif,E:\LandSlide-Prediction\data\terrain\contours\LS_03506.png,542.9007568359375,422.919677734375,727.90380859375,304.984130859375,23.814353942871094,45.4664192199707,37.32417297363281,-0.009746666997671127,0.8977009654045105
LS_03517,1,success,E:\LandSlide-Prediction\data\terrain\patches\LS_03517.tif,E:\LandSlide-Prediction\data\terrain\contours\LS_03517.png,281.71148681640625,212.7594451904297,406.916015625,194.1565704345703,16.677762985229492,33.914794921875,27.188858032226562,-0.0002882368862628937,0.5925487875938416
LS_03519,1,success,E:\LandSlide-Prediction\data\terrain\patches\LS_03519.tif,E:\LandSlide-Prediction\data\terrain\contours\LS_03519.png,444.9664611816406,329.52313232421875,620.6193237304688,291.09619140625,20.769617080688477,46.79890441894531,32.7179069519043,-0.034694164991378784,1.0817943811416626
LS_03526,1,success,E:\LandSlide-Prediction\data\terrain\patches\LS_03526.tif,E:\LandSlide-Prediction\data\terrain\contours\LS_03526.png,324.72900390625,232.95053100585938,458.2999267578125,225.34939575195312,18.121864318847656,41.80624008178711,31.06276512145996,0.01372850313782692,0.8672212362289429
LS_03534,1,success,E:\LandSlide-Prediction\data\terrain\patches\LS_03534.tif,E:\LandSlide-Prediction\data\terrain\contours\LS_03534.png,712.453369140625,481.99981689453125,856.8359375,374.83612060546875,25.831748962402344,48.65145492553711,39.261878967285156,-0.00755685567855835,0.8464916944503784
LS_03541,1,success,E:\LandSlide-Prediction\data\terrain\patches\LS_03541.tif,E:\LandSlide-Prediction\data\terrain\contours\LS_03541.png,813.9595947265625,554.8096313476562,1148.4814453125,593.6718139648438,36.82319259643555,55.141910552978516,49.19976806640625,-0.026230163872241974,1.040926456451416
LS_03546,1,success,E:\LandSlide-Prediction\data\terrain\patches\LS_03546.tif,E:\LandSlide-Prediction\data\terrain\contours\LS_03546.png,518.0537719726562,405.0976257324219,628.3703002929688,223.27267456054688,21.488624572753906,34.96335220336914,30.021533966064453,-0.015627823770046234,0.9501495957374573
LS_03547,1,success,E:\LandSlide-Prediction\data\terrain\patches\LS_03547.tif,E:\LandSlide-Prediction\data\terrain\contours\LS_03547.png,414.13616943359375,290.31781005859375,569.12548828125,278.80767822265625,28.150123596191406,46.27532196044922,35.959503173828125,0.04016238451004028,0.9610180854797363
LS_03550,1,success,E:\LandSlide-Prediction\data\terrain\patches\LS_03550.tif,E:\LandSlide-Prediction\data\terrain\contours\LS_03550.png,874.1231689453125,700.935546875,1099.9842529296875,399.0487060546875,26.800168991088867,50.49482345581055,38.25462341308594,0.006978541612625122,0.808217465877533
LS_03557,1,success,E:\LandSlide-Prediction\data\terrain\patches\LS_03557.tif,E:\LandSlide-Prediction\data\terrain\contours\LS_03557.png,712.3717041015625,534.2653198242188,976.2891845703125,442.02386474609375,29.123519897460938,54.47953796386719,43.970848083496094,0.05757790803909302,1.206750750541687
LS_03563,1,success,E:\LandSlide-Prediction\data\terrain\patches\LS_03563.tif,E:\LandSlide-Prediction\data\terrain\contours\LS_03563.png,939.1039428710938,735.1002807617188,1078.06103515625,342.96075439453125,29.436870574951172,56.540626525878906,37.95416259765625,0.004839949309825897,1.2223767042160034
LS_03570,1,success,E:\LandSlide-Prediction\data\terrain\patches\LS_03570.tif,E:\LandSlide-Prediction\data\terrain\contours\LS_03570.png,717.119873046875,536.4946899414062,929.0120239257812,392.517333984375,29.4251651763916,53.1002311706543,38.390785217285156,0.16625595092773438,1.2455438375473022
LS_03595,1,success,E:\LandSlide-Prediction\data\terrain\patches\LS_03595.tif,E:\LandSlide-Prediction\data\terrain\contours\LS_03595.png,1016.2294921875,855.2714233398438,1095.0272216796875,239.75579833984375,23.80957794189453,48.70326232910156,35.764713287353516,-0.06314003467559814,0.9595355987548828
LS_03597,1,success,E:\LandSlide-Prediction\data\terrain\patches\LS_03597.tif,E:\LandSlide-Prediction\data\terrain\contours\LS_03597.png,811.5509643554688,710.41162109375,954.56298828125,244.1513671875,20.250267028808594,36.80055618286133,29.651817321777344,0.11642944067716599,0.867427408695221
LS_03602,1,success,E:\LandSlide-Prediction\data\terrain\patches\LS_03602.tif,E:\LandSlide-Prediction\data\terrain\contours\LS_03602.png,1061.8546142578125,812.8833618164062,1346.2176513671875,533.3342895507812,35.05915451049805,55.4683952331543,45.43912124633789,-0.04851872846484184,1.2577639818191528
LS_03606,1,success,E:\LandSlide-Prediction\data\terrain\patches\LS_03606.tif,E:\LandSlide-Prediction\data\terrain\contours\LS_03606.png,490.3896484375,392.5583190917969,593.7525634765625,201.19424438476562,21.486003875732422,38.67497253417969,32.14246368408203,-0.011723829433321953,0.808081865310669
LS_03625,1,success,E:\LandSlide-Prediction\data\terrain\patches\LS_03625.tif,E:\LandSlide-Prediction\data\terrain\contours\LS_03625.png,946.8226928710938,852.9794311523438,1156.58984375,303.61041259765625,20.47926902770996,40.81246566772461,34.601810455322266,0.045223966240882874,0.7455978393554688
LS_03626,1,success,E:\LandSlide-Prediction\data\terrain\patches\LS_03626.tif,E:\LandSlide-Prediction\data\terrain\contours\LS_03626.png,566.157958984375,450.6219482421875,694.6359252929688,244.01397705078125,20.788471221923828,40.9035758972168,32.983253479003906,-0.05273786187171936,0.8033741116523743
LS_03642,1,success,E:\LandSlide-Prediction\data\terrain\patches\LS_03642.tif,E:\LandSlide-Prediction\data\terrain\contours\LS_03642.png,681.1947021484375,560.1185302734375,786.9384155273438,226.81988525390625,20.759567260742188,42.80387878417969,34.02092742919922,0.07213938236236572,0.8983205556869507
LS_03653,1,success,E:\LandSlide-Prediction\data\terrain\patches\LS_03653.tif,E:\LandSlide-Prediction\data\terrain\contours\LS_03653.png,866.761962890625,746.1300659179688,986.4389038085938,240.308837890625,20.448566436767578,37.89377212524414,29.29650115966797,0.05922525003552437,0.8592689633369446
LS_03656,1,success,E:\LandSlide-Prediction\data\terrain\patches\LS_03656.tif,E:\LandSlide-Prediction\data\terrain\contours\LS_03656.png,533.3912353515625,387.9211120605469,695.34619140625,307.4250793457031,26.209247589111328,43.30575180053711,34.549407958984375,0.07671236991882324,0.898322343826294
LS_03662,1,success,E:\LandSlide-Prediction\data\terrain\patches\LS_03662.tif,E:\LandSlide-Prediction\data\terrain\contours\LS_03662.png,646.2020263671875,490.85894775390625,866.4317626953125,375.57281494140625,29.538589477539062,55.016048431396484,42.8306884765625,0.04360462725162506,1.1263903379440308
LS_03676,1,success,E:\LandSlide-Prediction\data\terrain\patches\LS_03676.tif,E:\LandSlide-Prediction\data\terrain\contours\LS_03676.png,642.2166748046875,488.47088623046875,779.2105712890625,290.73968505859375,27.138896942138672,53.93909454345703,39.16686248779297,0.09037132561206818,1.1149532794952393
LS_03680,1,success,E:\LandSlide-Prediction\data\terrain\patches\LS_03680.tif,E:\LandSlide-Prediction\data\terrain\contours\LS_03680.png,752.9437255859375,595.48779296875,913.7882690429688,318.30047607421875,30.652315139770508,53.05032730102539,42.4356803894043,0.14061734080314636,1.2412207126617432
LS_03683,1,success,E:\LandSlide-Prediction\data\terrain\patches\LS_03683.tif,E:\LandSlide-Prediction\data\terrain\contours\LS_03683.png,780.5183715820312,686.8264770507812,912.2386474609375,225.41217041015625,22.905029296875,44.03640365600586,34.835601806640625,0.10901352018117905,1.0309123992919922
LS_03699,1,success,E:\LandSlide-Prediction\data\terrain\patches\LS_03699.tif,E:\LandSlide-Prediction\data\terrain\contours\LS_03699.png,1021.7286376953125,871.705322265625,1224.733154296875,353.02783203125,28.837371826171875,51.98176956176758,40.516448974609375,0.13916023075580597,0.9898269772529602
LS_03707,1,success,E:\LandSlide-Prediction\data\terrain\patches\LS_03707.tif,E:\LandSlide-Prediction\data\terrain\contours\LS_03707.png,1066.35498046875,837.8943481445312,1229.2452392578125,391.35089111328125,32.691368103027344,51.773094177246094,42.21904754638672,-0.04389485716819763,1.0924209356307983
LS_03708,1,success,E:\LandSlide-Prediction\data\terrain\patches\LS_03708.tif,E:\LandSlide-Prediction\data\terrain\contours\LS_03708.png,1076.34326171875,958.4676513671875,1248.9534912109375,290.48583984375,22.908143997192383,40.815975189208984,32.97428512573242,0.09785373508930206,0.8170210719108582
LS_03717,1,success,E:\LandSlide-Prediction\data\terrain\patches\LS_03717.tif,E:\LandSlide-Prediction\data\terrain\contours\LS_03717.png,1240.199462890625,1127.7694091796875,1357.19873046875,229.4293212890625,25.100666046142578,45.53496170043945,38.91007995605469,-0.06590725481510162,1.075954556465149
LS_03728,1,success,E:\LandSlide-Prediction\data\terrain\patches\LS_03728.tif,E:\LandSlide-Prediction\data\terrain\contours\LS_03728.png,1187.63330078125,1024.1357421875,1309.95849609375,285.82275390625,27.826948165893555,51.08211135864258,40.36446762084961,0.0652628019452095,1.1005171537399292
LS_03733,1,success,E:\LandSlide-Prediction\data\terrain\patches\LS_03733.tif,E:\LandSlide-Prediction\data\terrain\contours\LS_03733.png,805.317626953125,647.3680419921875,1022.7589721679688,375.39093017578125,29.42259979248047,55.2365837097168,37.341644287109375,0.13492852449417114,1.0300407409667969
LS_03735,1,success,E:\LandSlide-Prediction\data\terrain\patches\LS_03735.tif,E:\LandSlide-Prediction\data\terrain\contours\LS_03735.png,545.5861206054688,418.7239685058594,700.0155029296875,281.2915344238281,22.02216911315918,36.31486892700195,29.933176040649414,-0.046384550631046295,0.7778841257095337
LS_03744,1,success,E:\LandSlide-Prediction\data\terrain\patches\LS_03744.tif,E:\LandSlide-Prediction\data\terrain\contours\LS_03744.png,975.5853271484375,803.9857788085938,1138.971435546875,334.98565673828125,27.723026275634766,51.279659271240234,37.415706634521484,-0.048731811344623566,1.1360466480255127
LS_03745,1,success,E:\LandSlide-Prediction\data\terrain\patches\LS_03745.tif,E:\LandSlide-Prediction\data\terrain\contours\LS_03745.png,378.97064208984375,319.5310974121094,485.1195373535156,165.58843994140625,13.009421348571777,32.70948791503906,21.82440185546875,0.006308898329734802,0.5031187534332275
LS_03775,1,success,E:\LandSlide-Prediction\data\terrain\patches\LS_03775.tif,E:\LandSlide-Prediction\data\terrain\contours\LS_03775.png,1122.026611328125,975.7362670898438,1229.22314453125,253.48687744140625,25.203189849853516,45.57946014404297,37.933937072753906,0.012502392753958702,1.1288961172103882
LS_03788,1,success,E:\LandSlide-Prediction\data\terrain\patches\LS_03788.tif,E:\LandSlide-Prediction\data\terrain\contours\LS_03788.png,1299.0545654296875,1236.02783203125,1368.6873779296875,132.6595458984375,18.781871795654297,38.192840576171875,29.14644432067871,0.04311122000217438,0.8023226261138916
LS_03792,1,success,E:\LandSlide-Prediction\data\terrain\patches\LS_03792.tif,E:\LandSlide-Prediction\data\terrain\contours\LS_03792.png,670.1213989257812,563.3706665039062,812.7720947265625,249.40142822265625,23.27066993713379,46.599754333496094,36.61457061767578,0.11735379695892334,0.7104435563087463
LS_03794,1,success,E:\LandSlide-Prediction\data\terrain\patches\LS_03794.tif,E:\LandSlide-Prediction\data\terrain\contours\LS_03794.png,745.7164306640625,645.936767578125,875.126953125,229.190185546875,20.409326553344727,42.996891021728516,31.26575469970703,0.007988642901182175,0.8731290102005005
LS_03795,1,success,E:\LandSlide-Prediction\data\terrain\patches\LS_03795.tif,E:\LandSlide-Prediction\data\terrain\contours\LS_03795.png,222.6251220703125,182.2142333984375,325.94134521484375,143.72711181640625,11.946815490722656,36.11301040649414,21.30907440185547,0.023249447345733643,0.7409160137176514
LS_03796,1,success,E:\LandSlide-Prediction\data\terrain\patches\LS_03796.tif,E:\LandSlide-Prediction\data\terrain\contours\LS_03796.png,286.57720947265625,209.7120819091797,389.9057312011719,180.1936492919922,15.914641380310059,37.260459899902344,26.676055908203125,0.019387193024158478,0.7029098272323608
LS_03799,1,success,E:\LandSlide-Prediction\data\terrain\patches\LS_03799.tif,E:\LandSlide-Prediction\data\terrain\contours\LS_03799.png,361.15167236328125,225.16339111328125,503.35205078125,278.18865966796875,20.742504119873047,44.18053436279297,33.60309600830078,-0.029285507276654243,0.7321911454200745
LS_03812,1,success,E:\LandSlide-Prediction\data\terrain\patches\LS_03812.tif,E:\LandSlide-Prediction\data\terrain\contours\LS_03812.png,1309.73291015625,1237.3262939453125,1390.120361328125,152.7940673828125,18.357879638671875,38.97271728515625,28.001182556152344,-0.010084137320518494,0.8491390347480774
LS_03826,1,success,E:\LandSlide-Prediction\data\terrain\patches\LS_03826.tif,E:\LandSlide-Prediction\data\terrain\contours\LS_03826.png,1175.594482421875,936.8562622070312,1335.00439453125,398.14813232421875,29.86362075805664,52.6742057800293,41.042152404785156,0.06468940526247025,1.0910924673080444
LS_03829,1,success,E:\LandSlide-Prediction\data\terrain\patches\LS_03829.tif,E:\LandSlide-Prediction\data\terrain\contours\LS_03829.png,773.3895874023438,560.265869140625,956.9016723632812,396.63580322265625,30.69778823852539,56.37220764160156,40.39679718017578,0.11871207505464554,1.2223262786865234
LS_03837,1,success,E:\LandSlide-Prediction\data\terrain\patches\LS_03837.tif,E:\LandSlide-Prediction\data\terrain\contours\LS_03837.png,1297.76953125,1210.720703125,1379.9542236328125,169.2335205078125,17.907241821289062,38.06010055541992,27.930023193359375,0.022441953420639038,1.0678428411483765
LS_03839,1,success,E:\LandSlide-Prediction\data\terrain\patches\LS_03839.tif,E:\LandSlide-Prediction\data\terrain\contours\LS_03839.png,1072.3612060546875,900.4539794921875,1257.551025390625,357.0970458984375,30.533061981201172,51.611812591552734,38.722572326660156,0.1308102011680603,1.2241857051849365
LS_03841,1,success,E:\LandSlide-Prediction\data\terrain\patches\LS_03841.tif,E:\LandSlide-Prediction\data\terrain\contours\LS_03841.png,578.9339599609375,424.19195556640625,734.9050903320312,310.713134765625,26.777814865112305,48.800594329833984,36.543243408203125,-0.007723243907094002,1.0533859729766846
LS_03857,1,success,E:\LandSlide-Prediction\data\terrain\patches\LS_03857.tif,E:\LandSlide-Prediction\data\terrain\contours\LS_03857.png,840.8154296875,647.878173828125,1061.69287109375,413.814697265625,30.137371063232422,42.16301345825195,36.39811706542969,0.07862868905067444,1.0112156867980957
LS_03860,1,success,E:\LandSlide-Prediction\data\terrain\patches\LS_03860.tif,E:\LandSlide-Prediction\data\terrain\contours\LS_03860.png,1321.2890625,1271.251708984375,1356.463134765625,85.21142578125,14.494973182678223,28.97823715209961,23.2520751953125,0.04094850271940231,0.8833675980567932
LS_03861,1,success,E:\LandSlide-Prediction\data\terrain\patches\LS_03861.tif,E:\LandSlide-Prediction\data\terrain\contours\LS_03861.png,804.8133544921875,618.1463623046875,1019.8975830078125,401.751220703125,30.399822235107422,43.08543014526367,37.12922286987305,0.10034070163965225,0.8717359304428101
LS_03869,1,success,E:\LandSlide-Prediction\data\terrain\patches\LS_03869.tif,E:\LandSlide-Prediction\data\terrain\contours\LS_03869.png,571.6453857421875,465.64984130859375,707.03515625,241.38531494140625,23.606048583984375,40.94709396362305,34.0023193359375,-0.024712152779102325,0.8471002578735352
LS_03884,1,success,E:\LandSlide-Prediction\data\terrain\patches\LS_03884.tif,E:\LandSlide-Prediction\data\terrain\contours\LS_03884.png,523.5996704101562,473.9286804199219,675.6265258789062,201.69784545898438,17.12116813659668,33.65229415893555,27.51842498779297,0.04361151158809662,0.7424432635307312
LS_03885,1,success,E:\LandSlide-Prediction\data\terrain\patches\LS_03885.tif,E:\LandSlide-Prediction\data\terrain\contours\LS_03885.png,819.6622314453125,646.5322875976562,1013.2386474609375,366.70635986328125,25.68100929260254,44.519134521484375,35.266517639160156,-0.03608562797307968,1.0181113481521606
LS_03887,1,success,E:\LandSlide-Prediction\data\terrain\patches\LS_03887.tif,E:\LandSlide-Prediction\data\terrain\contours\LS_03887.png,713.94287109375,516.6298217773438,845.0602416992188,328.430419921875,26.262401580810547,50.71866989135742,33.305091857910156,0.0029238909482955933,1.0425856113433838
LS_03894,1,success,E:\LandSlide-Prediction\data\terrain\patches\LS_03894.tif,E:\LandSlide-Prediction\data\terrain\contours\LS_03894.png,1048.63037109375,924.2390747070312,1131.3402099609375,207.10113525390625,22.603900909423828,50.889984130859375,34.91643142700195,-0.042793553322553635,1.1488009691238403
LS_03895,1,success,E:\LandSlide-Prediction\data\terrain\patches\LS_03895.tif,E:\LandSlide-Prediction\data\terrain\contours\LS_03895.png,793.8631591796875,637.5416259765625,959.3025512695312,321.76092529296875,24.636688232421875,47.441314697265625,34.983516693115234,-0.022448904812335968,1.0959020853042603
LS_03899,1,success,E:\LandSlide-Prediction\data\terrain\patches\LS_03899.tif,E:\LandSlide-Prediction\data\terrain\contours\LS_03899.png,905.3643798828125,761.6565551757812,1040.4539794921875,278.79742431640625,23.469785690307617,54.72056198120117,33.19169235229492,0.006661206483840942,1.0241011381149292
LS_03903,1,success,E:\LandSlide-Prediction\data\terrain\patches\LS_03903.tif,E:\LandSlide-Prediction\data\terrain\contours\LS_03903.png,547.991455078125,425.2918395996094,696.719970703125,271.4281311035156,23.412904739379883,40.913719177246094,32.71513366699219,0.01309872791171074,0.8546301126480103
LS_03907,1,success,E:\LandSlide-Prediction\data\terrain\patches\LS_03907.tif,E:\LandSlide-Prediction\data\terrain\contours\LS_03907.png,389.93536376953125,330.8365783691406,483.01934814453125,152.18276977539062,19.67119598388672,36.47163009643555,31.11918830871582,0.041800014674663544,0.7882652878761292
LS_03920,1,success,E:\LandSlide-Prediction\data\terrain\patches\LS_03920.tif,E:\LandSlide-Prediction\data\terrain\contours\LS_03920.png,423.57757568359375,355.70343017578125,542.1414794921875,186.43804931640625,22.236488342285156,36.64301681518555,31.799062728881836,0.07018649578094482,0.7607738971710205
LS_03924,1,success,E:\LandSlide-Prediction\data\terrain\patches\LS_03924.tif,E:\LandSlide-Prediction\data\terrain\contours\LS_03924.png,831.8020629882812,617.9197998046875,955.5623779296875,337.642578125,25.393510818481445,44.61989974975586,38.13326644897461,0.01753508672118187,0.9406954646110535
LS_03925,1,success,E:\LandSlide-Prediction\data\terrain\patches\LS_03925.tif,E:\LandSlide-Prediction\data\terrain\contours\LS_03925.png,975.481689453125,808.2193603515625,1092.0069580078125,283.78759765625,23.76148223876953,52.535945892333984,41.92222595214844,-0.043655116111040115,0.9138359427452087
LS_03932,1,success,E:\LandSlide-Prediction\data\terrain\patches\LS_03932.tif,E:\LandSlide-Prediction\data\terrain\contours\LS_03932.png,527.0877685546875,413.55908203125,667.81640625,254.25732421875,23.330482482910156,38.944374084472656,32.55356979370117,-0.009749609977006912,0.9594456553459167
LS_03933,1,success,E:\LandSlide-Prediction\data\terrain\patches\LS_03933.tif,E:\LandSlide-Prediction\data\terrain\contours\LS_03933.png,714.5919189453125,592.281494140625,869.7872924804688,277.50579833984375,19.06328010559082,40.26441955566406,28.88646125793457,-0.03657657280564308,0.7949067950248718
LS_03938,1,success,E:\LandSlide-Prediction\data\terrain\patches\LS_03938.tif,E:\LandSlide-Prediction\data\terrain\contours\LS_03938.png,865.2919311523438,707.0843505859375,1004.392822265625,297.3084716796875,22.262300491333008,45.572303771972656,33.21537780761719,-0.0053794533014297485,0.7941718101501465
LS_03943,1,success,E:\LandSlide-Prediction\data\terrain\patches\LS_03943.tif,E:\LandSlide-Prediction\data\terrain\contours\LS_03943.png,1070.034912109375,900.1489868164062,1184.8583984375,284.70941162109375,20.465946197509766,45.53577423095703,34.97218704223633,-0.000705469399690628,0.9768815636634827
LS_03946,1,success,E:\LandSlide-Prediction\data\terrain\patches\LS_03946.tif,E:\LandSlide-Prediction\data\terrain\contours\LS_03946.png,966.3599853515625,859.8341064453125,1061.8404541015625,202.00634765625,20.00103759765625,52.13193130493164,34.147705078125,0.028999626636505127,0.9797062873840332
LS_03947,1,success,E:\LandSlide-Prediction\data\terrain\patches\LS_03947.tif,E:\LandSlide-Prediction\data\terrain\contours\LS_03947.png,1010.2216796875,907.6188354492188,1099.8482666015625,192.22943115234375,17.43271827697754,33.77665328979492,24.868762969970703,0.036125533282756805,0.8227711915969849
LS_03948,1,success,E:\LandSlide-Prediction\data\terrain\patches\LS_03948.tif,E:\LandSlide-Prediction\data\terrain\contours\LS_03948.png,921.38232421875,859.7557373046875,1075.9986572265625,216.242919921875,20.14727783203125,37.22221755981445,29.355365753173828,0.07091813534498215,0.819193422794342
LS_03951,1,success,E:\LandSlide-Prediction\data\terrain\patches\LS_03951.tif,E:\LandSlide-Prediction\data\terrain\contours\LS_03951.png,911.9599609375,793.007568359375,1016.386962890625,223.37939453125,21.722652435302734,41.437313079833984,30.934173583984375,-0.10788595676422119,0.8845496773719788
LS_03962,1,success,E:\LandSlide-Prediction\data\terrain\patches\LS_03962.tif,E:\LandSlide-Prediction\data\terrain\contours\LS_03962.png,963.7886962890625,863.9885864257812,1050.83349609375,186.84490966796875,18.289154052734375,39.589473724365234,27.787776947021484,-0.045093562453985214,0.9123033881187439
LS_03966,1,success,E:\LandSlide-Prediction\data\terrain\patches\LS_03966.tif,E:\LandSlide-Prediction\data\terrain\contours\LS_03966.png,1145.7330322265625,914.1626586914062,1288.50341796875,374.34075927734375,27.215940475463867,50.448272705078125,40.350196838378906,-0.08052243292331696,0.8756464123725891
LS_03968,1,success,E:\LandSlide-Prediction\data\terrain\patches\LS_03968.tif,E:\LandSlide-Prediction\data\terrain\contours\LS_03968.png,483.67156982421875,410.00860595703125,596.21484375,186.20623779296875,20.903074264526367,38.5248908996582,30.89225196838379,0.07217469811439514,0.8925713896751404
LS_03983,1,success,E:\LandSlide-Prediction\data\terrain\patches\LS_03983.tif,E:\LandSlide-Prediction\data\terrain\contours\LS_03983.png,578.92578125,507.535400390625,717.9320068359375,210.3966064453125,20.830581665039062,36.81675338745117,30.719144821166992,0.037239715456962585,0.9503732919692993
LS_03986,1,success,E:\LandSlide-Prediction\data\terrain\patches\LS_03986.tif,E:\LandSlide-Prediction\data\terrain\contours\LS_03986.png,422.99432373046875,363.1358337402344,547.5283203125,184.39248657226562,19.85772705078125,36.381248474121094,30.04914665222168,-0.026534784585237503,0.8406638503074646
LS_03991,1,success,E:\LandSlide-Prediction\data\terrain\patches\LS_03991.tif,E:\LandSlide-Prediction\data\terrain\contours\LS_03991.png,594.84765625,507.39300537109375,732.4771118164062,225.0841064453125,17.551557540893555,32.631858825683594,26.036556243896484,-0.07572606205940247,0.8124315738677979
LS_03996,1,success,E:\LandSlide-Prediction\data\terrain\patches\LS_03996.tif,E:\LandSlide-Prediction\data\terrain\contours\LS_03996.png,754.9542236328125,631.027587890625,944.7371215820312,313.70953369140625,25.53261375427246,47.78786087036133,35.300071716308594,-0.05633435770869255,1.0572199821472168
LS_03997,1,success,E:\LandSlide-Prediction\data\terrain\patches\LS_03997.tif,E:\LandSlide-Prediction\data\terrain\contours\LS_03997.png,462.02294921875,375.6937561035156,557.8889770507812,182.19522094726562,19.74966812133789,45.07328796386719,32.72719955444336,0.025560416281223297,0.9537274241447449
LS_03998,1,success,E:\LandSlide-Prediction\data\terrain\patches\LS_03998.tif,E:\LandSlide-Prediction\data\terrain\contours\LS_03998.png,966.26611328125,802.25048828125,1177.8270263671875,375.5765380859375,31.325302124023438,52.629676818847656,45.09368896484375,0.04645263031125069,1.3749312162399292
LS_04023,1,success,E:\LandSlide-Prediction\data\terrain\patches\LS_04023.tif,E:\LandSlide-Prediction\data\terrain\contours\LS_04023.png,689.789794921875,595.5440673828125,756.1260986328125,160.58203125,18.841856002807617,35.464500427246094,27.453548431396484,-0.09302698820829391,0.9268629550933838
LS_04027,1,success,E:\LandSlide-Prediction\data\terrain\patches\LS_04027.tif,E:\LandSlide-Prediction\data\terrain\contours\LS_04027.png,975.6927490234375,939.9469604492188,1062.4908447265625,122.54388427734375,11.656282424926758,29.998376846313477,19.708086013793945,-0.018720507621765137,0.714931309223175
LS_04030,1,success,E:\LandSlide-Prediction\data\terrain\patches\LS_04030.tif,E:\LandSlide-Prediction\data\terrain\contours\LS_04030.png,1021.8235473632812,903.6304321289062,1156.9814453125,253.35101318359375,21.261859893798828,48.987579345703125,32.173126220703125,-0.036834001541137695,0.9255338311195374
LS_04041,1,success,E:\LandSlide-Prediction\data\terrain\patches\LS_04041.tif,E:\LandSlide-Prediction\data\terrain\contours\LS_04041.png,841.2735595703125,765.9474487304688,977.6356201171875,211.68817138671875,18.045249938964844,37.385135650634766,29.917089462280273,0.010376978665590286,0.5726966261863708
LS_04046,1,success,E:\LandSlide-Prediction\data\terrain\patches\LS_04046.tif,E:\LandSlide-Prediction\data\terrain\contours\LS_04046.png,693.4788818359375,570.5888671875,846.466552734375,275.877685546875,22.360231399536133,42.50352096557617,35.60395812988281,-0.09072563052177429,0.7919526696205139
LS_04054,1,success,E:\LandSlide-Prediction\data\terrain\patches\LS_04054.tif,E:\LandSlide-Prediction\data\terrain\contours\LS_04054.png,726.9243774414062,575.579345703125,868.0383911132812,292.45904541015625,21.77633285522461,38.49651336669922,29.360240936279297,0.009206771850585938,0.7395136952400208
LS_04063,1,success,E:\LandSlide-Prediction\data\terrain\patches\LS_04063.tif,E:\LandSlide-Prediction\data\terrain\contours\LS_04063.png,986.3934326171875,874.689208984375,1149.43701171875,274.747802734375,21.334320068359375,51.91907501220703,38.07032012939453,0.10705433785915375,0.8100986480712891
LS_04073,1,success,E:\LandSlide-Prediction\data\terrain\patches\LS_04073.tif,E:\LandSlide-Prediction\data\terrain\contours\LS_04073.png,986.4161987304688,803.5966796875,1197.241455078125,393.644775390625,29.575197219848633,48.828338623046875,39.99596405029297,0.060501955449581146,1.0551199913024902
LS_04074,1,success,E:\LandSlide-Prediction\data\terrain\patches\LS_04074.tif,E:\LandSlide-Prediction\data\terrain\contours\LS_04074.png,1892.361572265625,1802.5244140625,1954.7603759765625,152.2359619140625,18.29666519165039,36.543235778808594,29.448381423950195,-0.007795453071594238,0.7763459086418152
LS_04076,1,success,E:\LandSlide-Prediction\data\terrain\patches\LS_04076.tif,E:\LandSlide-Prediction\data\terrain\contours\LS_04076.png,1987.973388671875,1908.47265625,2061.794189453125,153.321533203125,13.995993614196777,28.59722328186035,22.18729019165039,0.0016077682375907898,0.5428629517555237
LS_04077,1,success,E:\LandSlide-Prediction\data\terrain\patches\LS_04077.tif,E:\LandSlide-Prediction\data\terrain\contours\LS_04077.png,1321.6536865234375,1247.5916748046875,1455.5306396484375,207.93896484375,18.64852523803711,44.19234848022461,29.3004150390625,0.09801021218299866,0.8948443531990051
LS_04078,1,success,E:\LandSlide-Prediction\data\terrain\patches\LS_04078.tif,E:\LandSlide-Prediction\data\terrain\contours\LS_04078.png,1408.1943359375,1324.5548095703125,1489.98876953125,165.4339599609375,18.097061157226562,36.85614013671875,29.05274200439453,0.014909744262695312,0.8585435748100281
LS_04079,1,success,E:\LandSlide-Prediction\data\terrain\patches\LS_04079.tif,E:\LandSlide-Prediction\data\terrain\contours\LS_04079.png,1176.665283203125,1048.7679443359375,1305.3326416015625,256.564697265625,18.524044036865234,43.4601936340332,31.929183959960938,-0.06481362879276276,0.708316445350647
LS_04080,1,success,E:\LandSlide-Prediction\data\terrain\patches\LS_04080.tif,E:\LandSlide-Prediction\data\terrain\contours\LS_04080.png,1975.0577392578125,1852.274658203125,2129.388671875,277.114013671875,20.245813369750977,40.373687744140625,29.23366928100586,-0.022792130708694458,0.6218785643577576
LS_04082,1,success,E:\LandSlide-Prediction\data\terrain\patches\LS_04082.tif,E:\LandSlide-Prediction\data\terrain\contours\LS_04082.png,1121.653076171875,993.3995361328125,1195.476806640625,202.0772705078125,22.04873275756836,40.86552047729492,34.484310150146484,0.09650780260562897,0.9425930976867676
LS_04087,1,success,E:\LandSlide-Prediction\data\terrain\patches\LS_04087.tif,E:\LandSlide-Prediction\data\terrain\contours\LS_04087.png,1596.4061279296875,1368.72265625,1795.427978515625,426.705322265625,33.144775390625,55.137733459472656,45.78150939941406,-0.09801791608333588,1.2060739994049072
LS_04091,1,success,E:\LandSlide-Prediction\data\terrain\patches\LS_04091.tif,E:\LandSlide-Prediction\data\terrain\contours\LS_04091.png,1316.132080078125,1210.724853515625,1498.2642822265625,287.5394287109375,20.391399383544922,43.93056106567383,31.115196228027344,0.06095609813928604,0.7408429980278015
LS_04096,1,success,E:\LandSlide-Prediction\data\terrain\patches\LS_04096.tif,E:\LandSlide-Prediction\data\terrain\contours\LS_04096.png,1902.679443359375,1774.32568359375,1985.656982421875,211.331298828125,19.588485717773438,49.46856689453125,36.03470993041992,0.03835371881723404,0.8438147306442261
LS_04097,1,success,E:\LandSlide-Prediction\data\terrain\patches\LS_04097.tif,E:\LandSlide-Prediction\data\terrain\contours\LS_04097.png,1873.802001953125,1701.2593994140625,2013.26611328125,312.0067138671875,22.448667526245117,55.961517333984375,43.44374084472656,-0.0521407425403595,0.7763931155204773
LS_04104,1,success,E:\LandSlide-Prediction\data\terrain\patches\LS_04104.tif,E:\LandSlide-Prediction\data\terrain\contours\LS_04104.png,2098.888671875,1973.15283203125,2182.40869140625,209.255859375,17.33515739440918,42.34865188598633,30.735139846801758,0.005368784070014954,0.7477167844772339
LS_04105,1,success,E:\LandSlide-Prediction\data\terrain\patches\LS_04105.tif,E:\LandSlide-Prediction\data\terrain\contours\LS_04105.png,1910.488037109375,1732.2681884765625,2179.948486328125,447.6802978515625,30.509151458740234,59.72832107543945,45.16789245605469,0.1990250051021576,1.2161446809768677
LS_04106,1,success,E:\LandSlide-Prediction\data\terrain\patches\LS_04106.tif,E:\LandSlide-Prediction\data\terrain\contours\LS_04106.png,1976.0018310546875,1685.3609619140625,2213.074951171875,527.7139892578125,36.58417510986328,66.80482482910156,56.81646728515625,-0.01794975996017456,1.3975046873092651
LS_04118,1,success,E:\LandSlide-Prediction\data\terrain\patches\LS_04118.tif,E:\LandSlide-Prediction\data\terrain\contours\LS_04118.png,2273.980224609375,2074.082763671875,2381.24169921875,307.158935546875,29.676908493041992,57.888362884521484,46.682498931884766,0.11022455990314484,1.3714486360549927
LS_04120,1,success,E:\LandSlide-Prediction\data\terrain\patches\LS_04120.tif,E:\LandSlide-Prediction\data\terrain\contours\LS_04120.png,2190.826171875,1907.0491943359375,2353.38720703125,446.3380126953125,33.06672668457031,61.98772048950195,54.374656677246094,0.10485412180423737,1.4391955137252808
LS_04128,1,success,E:\LandSlide-Prediction\data\terrain\patches\LS_04128.tif,E:\LandSlide-Prediction\data\terrain\contours\LS_04128.png,2207.830078125,2078.4404296875,2332.196533203125,253.756103515625,20.09635353088379,45.901588439941406,37.05384826660156,-0.023694977164268494,0.8748511075973511
LS_04130,1,success,E:\LandSlide-Prediction\data\terrain\patches\LS_04130.tif,E:\LandSlide-Prediction\data\terrain\contours\LS_04130.png,1669.436279296875,1568.82568359375,1764.297119140625,195.471435546875,16.21338653564453,48.98003005981445,28.284290313720703,-0.02272897958755493,0.8037357330322266
LS_04132,1,success,E:\LandSlide-Prediction\data\terrain\patches\LS_04132.tif,E:\LandSlide-Prediction\data\terrain\contours\LS_04132.png,1888.1131591796875,1800.2176513671875,2019.1873779296875,218.9697265625,18.459247589111328,48.49405288696289,26.97357177734375,0.008336864411830902,0.7469923496246338
LS_04138,1,success,E:\LandSlide-Prediction\data\terrain\patches\LS_04138.tif,E:\LandSlide-Prediction\data\terrain\contours\LS_04138.png,1450.35107421875,1284.660888671875,1651.6148681640625,366.9539794921875,27.577167510986328,59.612342834472656,43.326690673828125,-0.08993085473775864,0.8686460256576538
LS_04140,1,success,E:\LandSlide-Prediction\data\terrain\patches\LS_04140.tif,E:\LandSlide-Prediction\data\terrain\contours\LS_04140.png,2293.3642578125,2194.018310546875,2375.182861328125,181.16455078125,16.59457778930664,42.334930419921875,27.135696411132812,-0.04638713598251343,0.7257953882217407
LS_04144,1,success,E:\LandSlide-Prediction\data\terrain\patches\LS_04144.tif,E:\LandSlide-Prediction\data\terrain\contours\LS_04144.png,2050.17626953125,1905.2725830078125,2169.30908203125,264.0364990234375,20.19327735900879,44.54496765136719,34.48232650756836,-0.08761626482009888,0.8572826385498047
LS_04146,1,success,E:\LandSlide-Prediction\data\terrain\patches\LS_04146.tif,E:\LandSlide-Prediction\data\terrain\contours\LS_04146.png,1995.867919921875,1955.5684814453125,2029.938720703125,74.3702392578125,10.62063980102539,25.577077865600586,17.632705688476562,0.05000092834234238,0.5811389088630676
LS_04147,1,success,E:\LandSlide-Prediction\data\terrain\patches\LS_04147.tif,E:\LandSlide-Prediction\data\terrain\contours\LS_04147.png,1779.3243408203125,1560.7484130859375,1875.5711669921875,314.82275390625,18.35598373413086,59.70955276489258,33.26387023925781,-0.0613265261054039,0.9376041889190674
LS_04148,1,success,E:\LandSlide-Prediction\data\terrain\patches\LS_04148.tif,E:\LandSlide-Prediction\data\terrain\contours\LS_04148.png,2004.2598876953125,1896.4359130859375,2096.866943359375,200.4310302734375,17.959890365600586,38.52254104614258,31.032806396484375,-0.010212436318397522,0.6389136910438538
LS_04149,1,success,E:\LandSlide-Prediction\data\terrain\patches\LS_04149.tif,E:\LandSlide-Prediction\data\terrain\contours\LS_04149.png,1231.75439453125,1124.18212890625,1351.003173828125,226.821044921875,20.95771026611328,44.477989196777344,34.565223693847656,-0.07567436993122101,0.9686287641525269
LS_04150,1,success,E:\LandSlide-Prediction\data\terrain\patches\LS_04150.tif,E:\LandSlide-Prediction\data\terrain\contours\LS_04150.png,1373.784912109375,1261.1585693359375,1443.3609619140625,182.202392578125,14.4537935256958,32.28984451293945,23.44649887084961,-0.028971709311008453,0.713275134563446
LS_04158,1,success,E:\LandSlide-Prediction\data\terrain\patches\LS_04158.tif,E:\LandSlide-Prediction\data\terrain\contours\LS_04158.png,1869.2720947265625,1745.4727783203125,2046.1083984375,300.6356201171875,20.801271438598633,41.57638931274414,33.31513977050781,-0.07394815236330032,0.771660327911377
LS_04162,1,success,E:\LandSlide-Prediction\data\terrain\patches\LS_04162.tif,E:\LandSlide-Prediction\data\terrain\contours\LS_04162.png,679.838134765625,550.109375,790.57080078125,240.46142578125,22.102460861206055,41.92241668701172,31.655311584472656,-0.021453946828842163,1.0062819719314575
LS_04170,1,success,E:\LandSlide-Prediction\data\terrain\patches\LS_04170.tif,E:\LandSlide-Prediction\data\terrain\contours\LS_04170.png,1118.5074462890625,1011.2278442382812,1240.025146484375,228.79730224609375,19.59723663330078,35.415653228759766,28.153230667114258,0.034118738025426865,0.7646581530570984
LS_04174,1,success,E:\LandSlide-Prediction\data\terrain\patches\LS_04174.tif,E:\LandSlide-Prediction\data\terrain\contours\LS_04174.png,911.0540161132812,745.856689453125,1168.6092529296875,422.7525634765625,24.779983520507812,51.1792106628418,39.81230926513672,0.07919096946716309,0.9319140911102295
LS_04176,1,success,E:\LandSlide-Prediction\data\terrain\patches\LS_04176.tif,E:\LandSlide-Prediction\data\terrain\contours\LS_04176.png,1250.43994140625,1120.3756103515625,1323.4339599609375,203.058349609375,18.854141235351562,40.65269470214844,31.4232177734375,-0.08190029114484787,0.5791772603988647
LS_04178,1,success,E:\LandSlide-Prediction\data\terrain\patches\LS_04178.tif,E:\LandSlide-Prediction\data\terrain\contours\LS_04178.png,1069.7193603515625,879.9893188476562,1295.156005859375,415.16668701171875,28.464710235595703,60.688419342041016,44.683345794677734,-0.1128438413143158,0.9286267161369324
LS_04180,1,success,E:\LandSlide-Prediction\data\terrain\patches\LS_04180.tif,E:\LandSlide-Prediction\data\terrain\contours\LS_04180.png,1190.52294921875,1064.1842041015625,1367.2132568359375,303.029052734375,22.764415740966797,49.36117172241211,39.03346252441406,-0.038151152431964874,0.9837015271186829
LS_04182,1,success,E:\LandSlide-Prediction\data\terrain\patches\LS_04182.tif,E:\LandSlide-Prediction\data\terrain\contours\LS_04182.png,962.7909545898438,876.6514282226562,1037.76953125,161.11810302734375,22.013015747070312,43.573211669921875,31.86980438232422,-0.01856943964958191,0.8771215081214905
LS_04184,1,success,E:\LandSlide-Prediction\data\terrain\patches\LS_04184.tif,E:\LandSlide-Prediction\data\terrain\contours\LS_04184.png,770.3902587890625,731.7437133789062,844.7352294921875,112.99151611328125,12.66015338897705,32.02897262573242,19.825719833374023,0.049235500395298004,0.6492902636528015
LS_04185,1,success,E:\LandSlide-Prediction\data\terrain\patches\LS_04185.tif,E:\LandSlide-Prediction\data\terrain\contours\LS_04185.png,984.7734375,870.6646728515625,1054.5889892578125,183.92431640625,18.74940299987793,43.18342590332031,28.797069549560547,-0.037078410387039185,0.7773212194442749
LS_04188,1,success,E:\LandSlide-Prediction\data\terrain\patches\LS_04188.tif,E:\LandSlide-Prediction\data\terrain\contours\LS_04188.png,872.0283203125,790.939208984375,974.4403076171875,183.5010986328125,18.055227279663086,34.573631286621094,26.053123474121094,0.03007284179329872,0.8951539397239685
LS_04190,1,success,E:\LandSlide-Prediction\data\terrain\patches\LS_04190.tif,E:\LandSlide-Prediction\data\terrain\contours\LS_04190.png,831.844482421875,682.05419921875,951.0643920898438,269.01019287109375,22.212453842163086,35.335594177246094,30.227256774902344,0.08093756437301636,0.9397180676460266
LS_04191,1,success,E:\LandSlide-Prediction\data\terrain\patches\LS_04191.tif,E:\LandSlide-Prediction\data\terrain\contours\LS_04191.png,698.8426513671875,609.0362548828125,892.7631225585938,283.72686767578125,28.067951202392578,46.19532775878906,38.60431671142578,0.0056513212621212006,1.030582070350647
LS_04194,1,success,E:\LandSlide-Prediction\data\terrain\patches\LS_04194.tif,E:\LandSlide-Prediction\data\terrain\contours\LS_04194.png,958.2012939453125,853.5761108398438,1044.2125244140625,190.63641357421875,18.432636260986328,35.61021041870117,29.568862915039062,0.01794518157839775,0.7344048619270325
LS_04195,1,success,E:\LandSlide-Prediction\data\terrain\patches\LS_04195.tif,E:\LandSlide-Prediction\data\terrain\contours\LS_04195.png,1002.1500244140625,881.53173828125,1177.1279296875,295.59619140625,22.676620483398438,40.00828170776367,31.61185073852539,0.008732113987207413,0.7597633600234985
LS_04202,1,success,E:\LandSlide-Prediction\data\terrain\patches\LS_04202.tif,E:\LandSlide-Prediction\data\terrain\contours\LS_04202.png,970.1481323242188,855.3060302734375,1154.0816650390625,298.775634765625,20.06689453125,43.244102478027344,29.586257934570312,-0.07428945600986481,0.8776929378509521
LS_04211,1,success,E:\LandSlide-Prediction\data\terrain\patches\LS_04211.tif,E:\LandSlide-Prediction\data\terrain\contours\LS_04211.png,895.6673583984375,704.7432861328125,1061.6688232421875,356.925537109375,24.984737396240234,37.55796432495117,32.01063537597656,-0.09342198818922043,0.827478289604187
LS_04215,1,success,E:\LandSlide-Prediction\data\terrain\patches\LS_04215.tif,E:\LandSlide-Prediction\data\terrain\contours\LS_04215.png,583.17919921875,494.0978088378906,755.4605712890625,261.3627624511719,21.181570053100586,42.06615447998047,34.24040222167969,0.031352728605270386,0.7935171723365784
LS_04217,1,success,E:\LandSlide-Prediction\data\terrain\patches\LS_04217.tif,E:\LandSlide-Prediction\data\terrain\contours\LS_04217.png,751.6580810546875,595.4805297851562,946.6510009765625,351.17047119140625,25.59946060180664,42.21543884277344,35.044822692871094,-0.10397355258464813,0.9596548080444336
LS_04220,1,success,E:\LandSlide-Prediction\data\terrain\patches\LS_04220.tif,E:\LandSlide-Prediction\data\terrain\contours\LS_04220.png,582.9601440429688,525.6927490234375,723.495361328125,197.8026123046875,17.003448486328125,35.791053771972656,25.981298446655273,0.07908329367637634,0.6436445116996765
LS_04222,1,success,E:\LandSlide-Prediction\data\terrain\patches\LS_04222.tif,E:\LandSlide-Prediction\data\terrain\contours\LS_04222.png,429.89715576171875,305.7384338378906,565.4157104492188,259.6772766113281,23.462839126586914,43.236412048339844,32.6043701171875,0.012412628158926964,0.8803303241729736
LS_04224,1,success,E:\LandSlide-Prediction\data\terrain\patches\LS_04224.tif,E:\LandSlide-Prediction\data\terrain\contours\LS_04224.png,704.6814575195312,517.2372436523438,902.5211181640625,385.28387451171875,28.107234954833984,42.64023971557617,34.95952606201172,-0.01295492798089981,0.9414145350456238
NEG00000,0,success,E:\LandSlide-Prediction\data\terrain\patches\NEG00000.tif,E:\LandSlide-Prediction\data\terrain\contours\NEG00000.png,249.12759399414062,206.0889434814453,298.3123474121094,92.22340393066406,10.575109481811523,26.121356964111328,17.5789794921875,0.001872374676167965,0.5711153745651245
NEG00001,0,success,E:\LandSlide-Prediction\data\terrain\patches\NEG00001.tif,E:\LandSlide-Prediction\data\terrain\contours\NEG00001.png,328.8966064453125,259.0344543457031,402.115234375,143.08078002929688,18.518579483032227,41.06684494018555,28.711536407470703,-0.04696975275874138,0.7388315796852112
NEG00002,0,success,E:\LandSlide-Prediction\data\terrain\patches\NEG00002.tif,E:\LandSlide-Prediction\data\terrain\contours\NEG00002.png,1077.3612060546875,1001.2088012695312,1185.5067138671875,184.29791259765625,19.581880569458008,42.159908294677734,29.763397216796875,0.03667357191443443,0.727408230304718
NEG00003,0,success,E:\LandSlide-Prediction\data\terrain\patches\NEG00003.tif,E:\LandSlide-Prediction\data\terrain\contours\NEG00003.png,172.49070739746094,161.16603088378906,194.02438354492188,32.85835266113281,5.704535484313965,16.0775203704834,10.930803298950195,-0.0018112193793058395,0.45238733291625977
NEG00004,0,success,E:\LandSlide-Prediction\data\terrain\patches\NEG00004.tif,E:\LandSlide-Prediction\data\terrain\contours\NEG00004.png,97.33126831054688,42.64485549926758,136.11370849609375,93.46885681152344,10.785299301147461,25.000972747802734,17.33987045288086,-0.019982874393463135,0.5228881239891052
NEG00005,0,success,E:\LandSlide-Prediction\data\terrain\patches\NEG00005.tif,E:\LandSlide-Prediction\data\terrain\contours\NEG00005.png,144.99365234375,98.68494415283203,181.71604919433594,83.0311050415039,10.636180877685547,24.738359451293945,17.523374557495117,0.015325427055358887,0.521258533000946
NEG00006,0,success,E:\LandSlide-Prediction\data\terrain\patches\NEG00006.tif,E:\LandSlide-Prediction\data\terrain\contours\NEG00006.png,324.8537292480469,287.58502197265625,390.3155517578125,102.73052978515625,12.326740264892578,35.85490036010742,24.020938873291016,-0.053288139402866364,0.5575487613677979
NEG00007,0,success,E:\LandSlide-Prediction\data\terrain\patches\NEG00007.tif,E:\LandSlide-Prediction\data\terrain\contours\NEG00007.png,576.9501342773438,532.8657836914062,664.4108276367188,131.5450439453125,13.28633975982666,28.90424919128418,23.360519409179688,0.02226126566529274,0.7632541060447693
NEG00008,0,success,E:\LandSlide-Prediction\data\terrain\patches\NEG00008.tif,E:\LandSlide-Prediction\data\terrain\contours\NEG00008.png,136.85350036621094,111.0,197.12368774414062,86.12368774414062,10.965656280517578,39.40298843383789,27.89870834350586,0.04300893098115921,0.7021874785423279
NEG00009,0,success,E:\LandSlide-Prediction\data\terrain\patches\NEG00009.tif,E:\LandSlide-Prediction\data\terrain\contours\NEG00009.png,297.80694580078125,190.8411865234375,404.3591613769531,213.51797485351562,16.482994079589844,32.265201568603516,23.536333084106445,0.008467104285955429,0.737213671207428
NEG00010,0,success,E:\LandSlide-Prediction\data\terrain\patches\NEG00010.tif,E:\LandSlide-Prediction\data\terrain\contours\NEG00010.png,415.1158447265625,323.46392822265625,538.4625854492188,214.9986572265625,19.403823852539062,38.63766098022461,29.242061614990234,-0.011586979031562805,0.797003984451294
NEG00011,0,success,E:\LandSlide-Prediction\data\terrain\patches\NEG00011.tif,E:\LandSlide-Prediction\data\terrain\contours\NEG00011.png,1223.520263671875,1148.055419921875,1337.583740234375,189.5283203125,21.774059295654297,40.663665771484375,32.96369934082031,0.0002532079815864563,0.960974395275116
NEG00012,0,success,E:\LandSlide-Prediction\data\terrain\patches\NEG00012.tif,E:\LandSlide-Prediction\data\terrain\contours\NEG00012.png,210.9410858154297,141.62306213378906,261.3951416015625,119.77207946777344,15.274943351745605,36.111942291259766,26.84516143798828,-0.014645006507635117,0.8288082480430603
NEG00013,0,success,E:\LandSlide-Prediction\data\terrain\patches\NEG00013.tif,E:\LandSlide-Prediction\data\terrain\contours\NEG00013.png,392.91033935546875,345.6883544921875,451.2941589355469,105.60580444335938,8.389497756958008,36.147361755371094,16.903409957885742,0.013129016384482384,0.5454800128936768
NEG00014,0,success,E:\LandSlide-Prediction\data\terrain\patches\NEG00014.tif,E:\LandSlide-Prediction\data\terrain\contours\NEG00014.png,304.8608093261719,239.556396484375,352.5437316894531,112.98733520507812,13.005658149719238,35.27806091308594,20.501708984375,0.005693908780813217,0.6731358170509338
NEG00015,0,success,E:\LandSlide-Prediction\data\terrain\patches\NEG00015.tif,E:\LandSlide-Prediction\data\terrain\contours\NEG00015.png,731.146240234375,630.2979125976562,868.828857421875,238.53094482421875,21.191139221191406,38.173954010009766,31.62985610961914,0.08857247233390808,0.7438305616378784
NEG00016,0,success,E:\LandSlide-Prediction\data\terrain\patches\NEG00016.tif,E:\LandSlide-Prediction\data\terrain\contours\NEG00016.png,741.16357421875,571.489501953125,880.093505859375,308.60400390625,25.246522903442383,38.76839065551758,32.126014709472656,-0.009121108800172806,0.6608436703681946
NEG00017,0,success,E:\LandSlide-Prediction\data\terrain\patches\NEG00017.tif,E:\LandSlide-Prediction\data\terrain\contours\NEG00017.png,397.9869384765625,299.1850280761719,502.9555969238281,203.77056884765625,21.538209915161133,38.469879150390625,30.423709869384766,-0.06451878696680069,0.7278689742088318
NEG00018,0,success,E:\LandSlide-Prediction\data\terrain\patches\NEG00018.tif,E:\LandSlide-Prediction\data\terrain\contours\NEG00018.png,154.72021484375,106.05604553222656,216.24574279785156,110.189697265625,11.148109436035156,25.914512634277344,17.95652961730957,0.06644050776958466,0.5766902565956116
NEG00019,0,success,E:\LandSlide-Prediction\data\terrain\patches\NEG00019.tif,E:\LandSlide-Prediction\data\terrain\contours\NEG00019.png,624.011962890625,595.107666015625,666.7666625976562,71.65899658203125,10.949254989624023,30.381601333618164,18.3237361907959,0.024767901748418808,0.6665434837341309
NEG00020,0,success,E:\LandSlide-Prediction\data\terrain\patches\NEG00020.tif,E:\LandSlide-Prediction\data\terrain\contours\NEG00020.png,851.580322265625,779.2550048828125,896.09130859375,116.8363037109375,15.3185453414917,39.26592254638672,26.745201110839844,-0.025151856243610382,0.7330833077430725
NEG00021,0,success,E:\LandSlide-Prediction\data\terrain\patches\NEG00021.tif,E:\LandSlide-Prediction\data\terrain\contours\NEG00021.png,987.960205078125,912.9932861328125,1122.521484375,209.5281982421875,14.617668151855469,37.52326583862305,22.878421783447266,0.03578035905957222,0.6678870320320129
NEG00022,0,success,E:\LandSlide-Prediction\data\terrain\patches\NEG00022.tif,E:\LandSlide-Prediction\data\terrain\contours\NEG00022.png,920.560791015625,786.8446655273438,1012.9439086914062,226.0992431640625,20.38493537902832,42.561031341552734,29.879146575927734,-0.0314105860888958,1.0151286125183105
NEG00023,0,success,E:\LandSlide-Prediction\data\terrain\patches\NEG00023.tif,E:\LandSlide-Prediction\data\terrain\contours\NEG00023.png,77.61968994140625,68.78301239013672,102.76862335205078,33.98561096191406,3.537989377975464,18.837554931640625,6.134183406829834,0.0037652933970093727,0.23901858925819397
NEG00024,0,success,E:\LandSlide-Prediction\data\terrain\patches\NEG00024.tif,E:\LandSlide-Prediction\data\terrain\contours\NEG00024.png,245.62814331054688,197.12538146972656,283.68536376953125,86.55998229980469,12.240706443786621,34.31666564941406,21.348703384399414,0.013444213196635246,0.7286316156387329
NEG00025,0,success,E:\LandSlide-Prediction\data\terrain\patches\NEG00025.tif,E:\LandSlide-Prediction\data\terrain\contours\NEG00025.png,137.70370483398438,119.26847839355469,159.22787475585938,39.95939636230469,7.21663761138916,21.97132682800293,12.27076530456543,-0.03249520808458328,0.4495953619480133
NEG00026,0,success,E:\LandSlide-Prediction\data\terrain\patches\NEG00026.tif,E:\LandSlide-Prediction\data\terrain\contours\NEG00026.png,1345.58935546875,1303.76904296875,1423.042236328125,119.273193359375,10.768741607666016,32.388221740722656,16.765281677246094,-0.011074468493461609,0.6502793431282043
NEG00027,0,success,E:\LandSlide-Prediction\data\terrain\patches\NEG00027.tif,E:\LandSlide-Prediction\data\terrain\contours\NEG00027.png,655.393798828125,597.1021118164062,737.4901123046875,140.38800048828125,15.367795944213867,34.67966079711914,24.10773468017578,-0.006128501147031784,0.6754672527313232
NEG00028,0,success,E:\LandSlide-Prediction\data\terrain\patches\NEG00028.tif,E:\LandSlide-Prediction\data\terrain\contours\NEG00028.png,98.01637268066406,84.01978302001953,125.29434204101562,41.274559020996094,6.907522678375244,20.846311569213867,11.800556182861328,0.01566177047789097,0.3790667951107025
NEG00029,0,success,E:\LandSlide-Prediction\data\terrain\patches\NEG00029.tif,E:\LandSlide-Prediction\data\terrain\contours\NEG00029.png,90.8496322631836,58.86078643798828,126.40724182128906,67.54645538330078,9.636895179748535,28.982484817504883,17.505435943603516,-0.0066618244163692,0.566017210483551
NEG00030,0,success,E:\LandSlide-Prediction\data\terrain\patches\NEG00030.tif,E:\LandSlide-Prediction\data\terrain\contours\NEG00030.png,1013.7412109375,896.4503784179688,1102.5657958984375,206.11541748046875,19.276782989501953,36.647769927978516,28.259647369384766,0.008724674582481384,0.9084926247596741
NEG00031,0,success,E:\LandSlide-Prediction\data\terrain\patches\NEG00031.tif,E:\LandSlide-Prediction\data\terrain\contours\NEG00031.png,45.56439208984375,24.79291343688965,76.65705871582031,51.86414337158203,6.5953264236450195,19.28952407836914,12.701083183288574,0.002965669147670269,0.5320694446563721
NEG00032,0,success,E:\LandSlide-Prediction\data\terrain\patches\NEG00032.tif,E:\LandSlide-Prediction\data\terrain\contours\NEG00032.png,1340.1480712890625,1298.66796875,1399.0821533203125,100.4141845703125,9.425823211669922,25.9034423828125,15.09263801574707,0.019033417105674744,0.5189719200134277
NEG00033,0,success,E:\LandSlide-Prediction\data\terrain\patches\NEG00033.tif,E:\LandSlide-Prediction\data\terrain\contours\NEG00033.png,442.61248779296875,372.1666259765625,493.45684814453125,121.29022216796875,14.433100700378418,32.55496597290039,22.645553588867188,-0.014021484181284904,0.6867416501045227
NEG00034,0,success,E:\LandSlide-Prediction\data\terrain\patches\NEG00034.tif,E:\LandSlide-Prediction\data\terrain\contours\NEG00034.png,148.85296630859375,105.13167572021484,273.6911926269531,168.55950927734375,14.799314498901367,46.19206237792969,31.89870834350586,0.012269629165530205,0.6325758099555969
NEG00035,0,success,E:\LandSlide-Prediction\data\terrain\patches\NEG00035.tif,E:\LandSlide-Prediction\data\terrain\contours\NEG00035.png,798.7042846679688,683.1871337890625,895.4532470703125,212.26611328125,18.629528045654297,38.08122634887695,27.910701751708984,0.056739043444395065,0.7675374150276184
NEG00036,0,success,E:\LandSlide-Prediction\data\terrain\patches\NEG00036.tif,E:\LandSlide-Prediction\data\terrain\contours\NEG00036.png,168.77725219726562,136.6336669921875,279.7801513671875,143.146484375,9.294748306274414,36.82813262939453,20.28541374206543,0.021108638495206833,0.5602395534515381
NEG00037,0,success,E:\LandSlide-Prediction\data\terrain\patches\NEG00037.tif,E:\LandSlide-Prediction\data\terrain\contours\NEG00037.png,247.41476440429688,229.80870056152344,295.49835205078125,65.68965148925781,7.690693378448486,24.17433738708496,16.03619384765625,0.05588166043162346,0.5150527358055115
NEG00038,0,success,E:\LandSlide-Prediction\data\terrain\patches\NEG00038.tif,E:\LandSlide-Prediction\data\terrain\contours\NEG00038.png,860.4359741210938,771.7788696289062,987.4332275390625,215.65435791015625,16.15521240234375,31.556377410888672,23.0482234954834,0.0431363619863987,0.7635841369628906
NEG00039,0,success,E:\LandSlide-Prediction\data\terrain\patches\NEG00039.tif,E:\LandSlide-Prediction\data\terrain\contours\NEG00039.png,99.0511245727539,79.51068878173828,136.26858520507812,56.757896423339844,7.463654518127441,21.564189910888672,13.821392059326172,-0.015598909929394722,0.49515655636787415
NEG00040,0,success,E:\LandSlide-Prediction\data\terrain\patches\NEG00040.tif,E:\LandSlide-Prediction\data\terrain\contours\NEG00040.png,56.842594146728516,19.692279815673828,137.37890625,117.68663024902344,10.93290901184082,34.78986358642578,23.95325469970703,-0.02054813876748085,0.5257807970046997
NEG00041,0,success,E:\LandSlide-Prediction\data\terrain\patches\NEG00041.tif,E:\LandSlide-Prediction\data\terrain\contours\NEG00041.png,922.1395874023438,797.1405639648438,1054.7662353515625,257.62567138671875,21.51154327392578,34.96989822387695,29.951189041137695,-0.043796174228191376,0.7626243233680725
NEG00042,0,success,E:\LandSlide-Prediction\data\terrain\patches\NEG00042.tif,E:\LandSlide-Prediction\data\terrain\contours\NEG00042.png,157.19113159179688,152.5,166.15582275390625,13.65582275390625,2.0950870513916016,8.618090629577637,5.025254249572754,0.005331236869096756,0.16057609021663666
NEG00043,0,success,E:\LandSlide-Prediction\data\terrain\patches\NEG00043.tif,E:\LandSlide-Prediction\data\terrain\contours\NEG00043.png,386.7519226074219,205.17376708984375,492.217041015625,287.04327392578125,23.9715633392334,45.034061431884766,34.32855987548828,-0.12160266935825348,0.7735564112663269
NEG00044,0,success,E:\LandSlide-Prediction\data\terrain\patches\NEG00044.tif,E:\LandSlide-Prediction\data\terrain\contours\NEG00044.png,145.78103637695312,86.0893783569336,221.58798217773438,135.49859619140625,13.970076560974121,29.232730865478516,21.37102508544922,0.024543611332774162,0.7303304076194763
NEG00045,0,success,E:\LandSlide-Prediction\data\terrain\patches\NEG00045.tif,E:\LandSlide-Prediction\data\terrain\contours\NEG00045.png,240.78204345703125,227.0,319.84735107421875,92.84735107421875,8.106443405151367,51.63459777832031,26.45975112915039,-0.02492418885231018,0.8041833639144897
NEG00046,0,success,E:\LandSlide-Prediction\data\terrain\patches\NEG00046.tif,E:\LandSlide-Prediction\data\terrain\contours\NEG00046.png,149.18365478515625,140.26809692382812,161.26686096191406,20.998764038085938,4.019936561584473,14.37818431854248,8.061763763427734,0.0077139101922512054,0.37233683466911316
NEG00047,0,success,E:\LandSlide-Prediction\data\terrain\patches\NEG00047.tif,E:\LandSlide-Prediction\data\terrain\contours\NEG00047.png,712.88427734375,671.9725341796875,778.4220581054688,106.44952392578125,16.867923736572266,41.72071075439453,25.878366470336914,-0.034332163631916046,0.8811637759208679
NEG00048,0,success,E:\LandSlide-Prediction\data\terrain\patches\NEG00048.tif,E:\LandSlide-Prediction\data\terrain\contours\NEG00048.png,59.654136657714844,46.78643035888672,104.38005828857422,57.5936279296875,6.014119625091553,27.988330841064453,13.353678703308105,0.013955061323940754,0.4637145698070526
NEG00049,0,success,E:\LandSlide-Prediction\data\terrain\patches\NEG00049.tif,E:\LandSlide-Prediction\data\terrain\contours\NEG00049.png,87.60594177246094,83.20057678222656,104.4032974243164,21.202720642089844,1.8353365659713745,14.026408195495605,5.392483711242676,0.0018007904291152954,0.19520699977874756
NEG00050,0,success,E:\LandSlide-Prediction\data\terrain\patches\NEG00050.tif,E:\LandSlide-Prediction\data\terrain\contours\NEG00050.png,231.44320678710938,198.216064453125,331.2506103515625,133.0345458984375,10.634233474731445,32.62885665893555,24.158409118652344,-0.009097632020711899,0.46866580843925476
NEG00051,0,success,E:\LandSlide-Prediction\data\terrain\patches\NEG00051.tif,E:\LandSlide-Prediction\data\terrain\contours\NEG00051.png,106.87834167480469,102.02216339111328,118.83512115478516,16.812957763671875,2.6592135429382324,9.178089141845703,5.369582176208496,-0.0004556886851787567,0.23090817034244537
NEG00052,0,success,E:\LandSlide-Prediction\data\terrain\patches\NEG00052.tif,E:\LandSlide-Prediction\data\terrain\contours\NEG00052.png,506.7344665527344,478.3288269042969,556.0499877929688,77.72116088867188,11.815903663635254,28.77006721496582,20.32560920715332,-0.011097142472863197,0.7539075016975403
NEG00053,0,success,E:\LandSlide-Prediction\data\terrain\patches\NEG00053.tif,E:\LandSlide-Prediction\data\terrain\contours\NEG00053.png,1483.00048828125,1347.534912109375,1632.3812255859375,284.8463134765625,22.45071029663086,43.08545684814453,32.86382293701172,-0.029858142137527466,0.9345652461051941
NEG00054,0,success,E:\LandSlide-Prediction\data\terrain\patches\NEG00054.tif,E:\LandSlide-Prediction\data\terrain\contours\NEG00054.png,230.77920532226562,188.8323211669922,286.0769348144531,97.24461364746094,12.794086456298828,31.797595977783203,20.485572814941406,0.0209362655878067,0.65827876329422
NEG00055,0,success,E:\LandSlide-Prediction\data\terrain\patches\NEG00055.tif,E:\LandSlide-Prediction\data\terrain\contours\NEG00055.png,1273.843994140625,1187.171875,1319.3363037109375,132.1644287109375,15.98347282409668,34.106258392333984,25.13128662109375,-0.03573320060968399,0.7861577272415161
NEG00056,0,success,E:\LandSlide-Prediction\data\terrain\patches\NEG00056.tif,E:\LandSlide-Prediction\data\terrain\contours\NEG00056.png,164.3101806640625,45.76499557495117,298.6314392089844,252.86643981933594,21.938169479370117,40.61458206176758,31.873512268066406,0.001376904547214508,0.8684766888618469
NEG00057,0,success,E:\LandSlide-Prediction\data\terrain\patches\NEG00057.tif,E:\LandSlide-Prediction\data\terrain\contours\NEG00057.png,121.90982818603516,111.30896759033203,131.73167419433594,20.422706604003906,4.332218647003174,13.800599098205566,7.98673677444458,0.0015040263533592224,0.31359076499938965
NEG00058,0,success,E:\LandSlide-Prediction\data\terrain\patches\NEG00058.tif,E:\LandSlide-Prediction\data\terrain\contours\NEG00058.png,217.0064697265625,195.3994598388672,236.90574645996094,41.50628662109375,7.5894598960876465,20.938156127929688,13.673334121704102,0.0025694668292999268,0.5724328756332397
NEG00059,0,success,E:\LandSlide-Prediction\data\terrain\patches\NEG00059.tif,E:\LandSlide-Prediction\data\terrain\contours\NEG00059.png,121.36213684082031,68.6363296508789,172.22706604003906,103.59073638916016,12.593286514282227,28.85181427001953,19.725114822387695,-0.03841991722583771,0.6545264720916748
NEG00060,0,success,E:\LandSlide-Prediction\data\terrain\patches\NEG00060.tif,E:\LandSlide-Prediction\data\terrain\contours\NEG00060.png,126.94358825683594,89.61389923095703,193.595947265625,103.98204803466797,13.605966567993164,29.60454559326172,21.95313262939453,-0.00808928906917572,0.632195770740509
NEG00061,0,success,E:\LandSlide-Prediction\data\terrain\patches\NEG00061.tif,E:\LandSlide-Prediction\data\terrain\contours\NEG00061.png,234.31797790527344,222.96653747558594,256.67315673828125,33.70661926269531,5.778559684753418,19.036701202392578,10.984794616699219,-0.012285775505006313,0.44443610310554504
NEG00062,0,success,E:\LandSlide-Prediction\data\terrain\patches\NEG00062.tif,E:\LandSlide-Prediction\data\terrain\contours\NEG00062.png,295.2674865722656,264.40252685546875,330.1841735839844,65.78164672851562,10.091703414916992,24.95541763305664,16.014955520629883,0.05769509822130203,0.5519062876701355
NEG00063,0,success,E:\LandSlide-Prediction\data\terrain\patches\NEG00063.tif,E:\LandSlide-Prediction\data\terrain\contours\NEG00063.png,1521.9068603515625,1444.49609375,1633.7674560546875,189.2713623046875,12.809115409851074,35.4182014465332,18.732696533203125,-0.04565364867448807,0.48450297117233276
NEG00064,0,success,E:\LandSlide-Prediction\data\terrain\patches\NEG00064.tif,E:\LandSlide-Prediction\data\terrain\contours\NEG00064.png,162.87936401367188,85.7010726928711,239.4669952392578,153.76593017578125,20.62975311279297,36.0355339050293,28.340946197509766,0.03034122847020626,0.8808014988899231
NEG00065,0,success,E:\LandSlide-Prediction\data\terrain\patches\NEG00065.tif,E:\LandSlide-Prediction\data\terrain\contours\NEG00065.png,1125.2735595703125,1083.05859375,1152.5257568359375,69.4671630859375,9.537933349609375,21.390291213989258,15.883135795593262,-0.04553092271089554,0.48757168650627136
NEG00066,0,success,E:\LandSlide-Prediction\data\terrain\patches\NEG00066.tif,E:\LandSlide-Prediction\data\terrain\contours\NEG00066.png,251.3397979736328,228.36997985839844,317.0771789550781,88.70719909667969,6.936620712280273,26.6323184967041,13.500813484191895,0.03249477595090866,0.4115058481693268
NEG00067,0,success,E:\LandSlide-Prediction\data\terrain\patches\NEG00067.tif,E:\LandSlide-Prediction\data\terrain\contours\NEG00067.png,405.7236328125,364.4682312011719,496.02227783203125,131.55404663085938,12.195878028869629,33.28311538696289,26.259319305419922,0.011348893865942955,0.525255560874939
NEG00068,0,success,E:\LandSlide-Prediction\data\terrain\patches\NEG00068.tif,E:\LandSlide-Prediction\data\terrain\contours\NEG00068.png,94.29792022705078,81.9368896484375,113.66746520996094,31.730575561523438,5.745726585388184,19.59185791015625,10.364187240600586,-0.0015835883095860481,0.3897707164287567
NEG00069,0,success,E:\LandSlide-Prediction\data\terrain\patches\NEG00069.tif,E:\LandSlide-Prediction\data\terrain\contours\NEG00069.png,46.01240539550781,33.0891227722168,80.81304168701172,47.72391891479492,6.9322509765625,22.96942710876465,13.223084449768066,0.022641591727733612,0.4896499216556549
NEG00070,0,success,E:\LandSlide-Prediction\data\terrain\patches\NEG00070.tif,E:\LandSlide-Prediction\data\terrain\contours\NEG00070.png,547.366455078125,486.781005859375,616.857421875,130.076416015625,16.287233352661133,31.699968338012695,25.882503509521484,-0.11362569034099579,0.717329204082489
NEG00071,0,success,E:\LandSlide-Prediction\data\terrain\patches\NEG00071.tif,E:\LandSlide-Prediction\data\terrain\contours\NEG00071.png,262.59429931640625,238.2268829345703,310.13043212890625,71.90354919433594,8.559106826782227,20.154293060302734,14.410587310791016,0.007578924298286438,0.6083770990371704
NEG00072,0,success,E:\LandSlide-Prediction\data\terrain\patches\NEG00072.tif,E:\LandSlide-Prediction\data\terrain\contours\NEG00072.png,1324.939697265625,1075.2130126953125,1485.4443359375,410.2313232421875,26.977954864501953,51.40868377685547,42.02426528930664,0.011010855436325073,1.0117539167404175
NEG00073,0,success,E:\LandSlide-Prediction\data\terrain\patches\NEG00073.tif,E:\LandSlide-Prediction\data\terrain\contours\NEG00073.png,1444.94140625,1269.95947265625,1600.9813232421875,331.0218505859375,25.666030883789062,42.95292663574219,35.10104751586914,0.1154785081744194,1.0472700595855713
NEG00074,0,success,E:\LandSlide-Prediction\data\terrain\patches\NEG00074.tif,E:\LandSlide-Prediction\data\terrain\contours\NEG00074.png,1781.5863037109375,1649.154296875,1894.8248291015625,245.6705322265625,19.105712890625,43.987945556640625,32.79521942138672,-0.06651535630226135,0.669231653213501
NEG00075,0,success,E:\LandSlide-Prediction\data\terrain\patches\NEG00075.tif,E:\LandSlide-Prediction\data\terrain\contours\NEG00075.png,925.844482421875,850.3645629882812,1004.1798706054688,153.8153076171875,15.56920337677002,36.67941665649414,23.977737426757812,0.003680762369185686,0.8455400466918945
NEG00076,0,success,E:\LandSlide-Prediction\data\terrain\patches\NEG00076.tif,E:\LandSlide-Prediction\data\terrain\contours\NEG00076.png,88.64411163330078,81.36249542236328,100.44680786132812,19.084312438964844,2.978184700012207,11.352815628051758,6.535763263702393,0.0009320694953203201,0.23509450256824493
NEG00077,0,success,E:\LandSlide-Prediction\data\terrain\patches\NEG00077.tif,E:\LandSlide-Prediction\data\terrain\contours\NEG00077.png,508.0475158691406,341.6258544921875,619.1177368164062,277.49188232421875,24.06304168701172,47.7169303894043,34.7706298828125,0.059075724333524704,1.0182284116744995
NEG00078,0,success,E:\LandSlide-Prediction\data\terrain\patches\NEG00078.tif,E:\LandSlide-Prediction\data\terrain\contours\NEG00078.png,177.00747680664062,85.38811492919922,282.977783203125,197.58966064453125,19.023378372192383,39.578975677490234,28.202354431152344,-0.0019786516204476357,0.8495550155639648
NEG00079,0,success,E:\LandSlide-Prediction\data\terrain\patches\NEG00079.tif,E:\LandSlide-Prediction\data\terrain\contours\NEG00079.png,515.8793334960938,486.6125183105469,571.2404174804688,84.62789916992188,13.532153129577637,29.176733016967773,22.430389404296875,0.03340437263250351,0.7418422102928162
NEG00080,0,success,E:\LandSlide-Prediction\data\terrain\patches\NEG00080.tif,E:\LandSlide-Prediction\data\terrain\contours\NEG00080.png,82.07152557373047,47.855411529541016,142.85557556152344,95.00016784667969,11.327812194824219,32.1833381652832,19.232940673828125,-0.02448996901512146,0.5673770904541016
NEG00081,0,success,E:\LandSlide-Prediction\data\terrain\patches\NEG00081.tif,E:\LandSlide-Prediction\data\terrain\contours\NEG00081.png,247.81947326660156,217.99041748046875,294.83282470703125,76.8424072265625,12.855182647705078,28.79856300354004,22.213333129882812,0.06015988066792488,0.7895498871803284
NEG00082,0,success,E:\LandSlide-Prediction\data\terrain\patches\NEG00082.tif,E:\LandSlide-Prediction\data\terrain\contours\NEG00082.png,163.23855590820312,131.16842651367188,228.48721313476562,97.31878662109375,8.807769775390625,31.552562713623047,18.12987518310547,-0.00760433916002512,0.4306735396385193
NEG00083,0,success,E:\LandSlide-Prediction\data\terrain\patches\NEG00083.tif,E:\LandSlide-Prediction\data\terrain\contours\NEG00083.png,367.8435974121094,247.94500732421875,473.739990234375,225.79498291015625,17.789352416992188,44.611087799072266,31.596988677978516,-0.06322330236434937,0.7658582925796509
NEG00084,0,success,E:\LandSlide-Prediction\data\terrain\patches\NEG00084.tif,E:\LandSlide-Prediction\data\terrain\contours\NEG00084.png,1628.880859375,1483.7747802734375,1701.9061279296875,218.13134765625,17.346036911010742,39.26443099975586,28.16608238220215,-0.0009731054306030273,0.6626519560813904
NEG00085,0,success,E:\LandSlide-Prediction\data\terrain\patches\NEG00085.tif,E:\LandSlide-Prediction\data\terrain\contours\NEG00085.png,523.1129150390625,482.12823486328125,610.2026977539062,128.074462890625,13.6309175491333,35.34015655517578,23.87128448486328,-0.005252119153738022,0.9260574579238892
NEG00086,0,success,E:\LandSlide-Prediction\data\terrain\patches\NEG00086.tif,E:\LandSlide-Prediction\data\terrain\contours\NEG00086.png,103.23329162597656,86.57977294921875,138.6310577392578,52.05128479003906,5.897988319396973,16.365022659301758,11.433765411376953,0.013508599251508713,0.30792251229286194
NEG00087,0,success,E:\LandSlide-Prediction\data\terrain\patches\NEG00087.tif,E:\LandSlide-Prediction\data\terrain\contours\NEG00087.png,1372.847412109375,1273.377197265625,1426.999267578125,153.6220703125,16.45566177368164,43.06990432739258,28.916561126708984,-0.023195914924144745,0.7774094939231873
NEG00088,0,success,E:\LandSlide-Prediction\data\terrain\patches\NEG00088.tif,E:\LandSlide-Prediction\data\terrain\contours\NEG00088.png,164.8309326171875,147.5757598876953,211.65272521972656,64.07696533203125,7.422934055328369,31.45752716064453,17.818830490112305,-0.0076058004051446915,0.5728846788406372
NEG00089,0,success,E:\LandSlide-Prediction\data\terrain\patches\NEG00089.tif,E:\LandSlide-Prediction\data\terrain\contours\NEG00089.png,124.91165161132812,117.76980590820312,144.21829223632812,26.448486328125,3.7256898880004883,13.493939399719238,7.161235332489014,-0.0029285233467817307,0.311562180519104
NEG00090,0,success,E:\LandSlide-Prediction\data\terrain\patches\NEG00090.tif,E:\LandSlide-Prediction\data\terrain\contours\NEG00090.png,1269.72802734375,1240.099365234375,1309.7740478515625,69.6746826171875,10.67677116394043,27.616886138916016,18.970033645629883,-0.00017892569303512573,0.7332426309585571
NEG00091,0,success,E:\LandSlide-Prediction\data\terrain\patches\NEG00091.tif,E:\LandSlide-Prediction\data\terrain\contours\NEG00091.png,523.5947265625,488.3374328613281,623.1122436523438,134.77481079101562,9.317829132080078,28.38127899169922,19.616676330566406,0.012747755274176598,0.45305418968200684
NEG00092,0,success,E:\LandSlide-Prediction\data\terrain\patches\NEG00092.tif,E:\LandSlide-Prediction\data\terrain\contours\NEG00092.png,257.67529296875,237.1761474609375,302.4489440917969,65.27279663085938,9.378873825073242,28.002071380615234,19.463594436645508,0.0072824121452867985,0.5929625034332275
NEG00093,0,success,E:\LandSlide-Prediction\data\terrain\patches\NEG00093.tif,E:\LandSlide-Prediction\data\terrain\contours\NEG00093.png,1381.9857177734375,1334.5687255859375,1467.9423828125,133.3736572265625,15.597403526306152,31.090900421142578,24.55634307861328,0.03373992443084717,0.6539108157157898
NEG00094,0,success,E:\LandSlide-Prediction\data\terrain\patches\NEG00094.tif,E:\LandSlide-Prediction\data\terrain\contours\NEG00094.png,281.24383544921875,260.3996887207031,342.3841247558594,81.98443603515625,6.096797943115234,23.818174362182617,12.954219818115234,0.01867666468024254,0.3949233591556549
NEG00095,0,success,E:\LandSlide-Prediction\data\terrain\patches\NEG00095.tif,E:\LandSlide-Prediction\data\terrain\contours\NEG00095.png,1952.363037109375,1907.4586181640625,1986.4007568359375,78.942138671875,12.93012809753418,27.220809936523438,21.031078338623047,0.04627355933189392,0.7340427041053772
NEG00096,0,success,E:\LandSlide-Prediction\data\terrain\patches\NEG00096.tif,E:\LandSlide-Prediction\data\terrain\contours\NEG00096.png,1074.2828369140625,980.922607421875,1182.8094482421875,201.8868408203125,18.01852035522461,38.254798889160156,26.72985076904297,0.015354271978139877,0.9115612506866455
NEG00097,0,success,E:\LandSlide-Prediction\data\terrain\patches\NEG00097.tif,E:\LandSlide-Prediction\data\terrain\contours\NEG00097.png,404.873046875,311.1242980957031,546.91455078125,235.79025268554688,21.391008377075195,41.2575798034668,31.15050506591797,0.005332671105861664,0.8631631135940552
NEG00098,0,success,E:\LandSlide-Prediction\data\terrain\patches\NEG00098.tif,E:\LandSlide-Prediction\data\terrain\contours\NEG00098.png,579.5469360351562,450.74658203125,786.2227783203125,335.4761962890625,29.442276000976562,52.981109619140625,43.97684860229492,0.04849591851234436,0.9599737524986267
NEG00099,0,success,E:\LandSlide-Prediction\data\terrain\patches\NEG00099.tif,E:\LandSlide-Prediction\data\terrain\contours\NEG00099.png,1546.379638671875,1465.8065185546875,1601.831298828125,136.0247802734375,14.491918563842773,38.573158264160156,24.600322723388672,0.02535371482372284,0.7530525922775269
NEG00100,0,success,E:\LandSlide-Prediction\data\terrain\patches\NEG00100.tif,E:\LandSlide-Prediction\data\terrain\contours\NEG00100.png,80.80752563476562,57.735931396484375,132.77622985839844,75.04029846191406,7.925619602203369,20.60460662841797,13.986177444458008,0.004111180081963539,0.40586599707603455
NEG00101,0,success,E:\LandSlide-Prediction\data\terrain\patches\NEG00101.tif,E:\LandSlide-Prediction\data\terrain\contours\NEG00101.png,148.29275512695312,36.92151641845703,235.29298400878906,198.3714599609375,21.855525970458984,80.50054931640625,59.78826141357422,0.7928662896156311,7.1589460372924805
NEG00102,0,success,E:\LandSlide-Prediction\data\terrain\patches\NEG00102.tif,E:\LandSlide-Prediction\data\terrain\contours\NEG00102.png,602.074462890625,456.3789367675781,680.798828125,224.41989135742188,19.742450714111328,33.71822738647461,28.39621925354004,-0.012068541720509529,0.6936537623405457
NEG00103,0,success,E:\LandSlide-Prediction\data\terrain\patches\NEG00103.tif,E:\LandSlide-Prediction\data\terrain\contours\NEG00103.png,1608.8984375,1559.0494384765625,1650.669189453125,91.6197509765625,13.367278099060059,36.75215530395508,23.089580535888672,-0.04670301824808121,0.7646925449371338
NEG00104,0,success,E:\LandSlide-Prediction\data\terrain\patches\NEG00104.tif,E:\LandSlide-Prediction\data\terrain\contours\NEG00104.png,112.50505065917969,104.13352966308594,122.48828125,18.354751586914062,3.67873215675354,10.540694236755371,6.4323554039001465,-0.00045329448767006397,0.270423024892807
NEG00105,0,success,E:\LandSlide-Prediction\data\terrain\patches\NEG00105.tif,E:\LandSlide-Prediction\data\terrain\contours\NEG00105.png,420.6362609863281,321.5087890625,527.2510986328125,205.7423095703125,17.50323486328125,35.18083953857422,28.084278106689453,0.0024584904313087463,0.6520823836326599
NEG00106,0,success,E:\LandSlide-Prediction\data\terrain\patches\NEG00106.tif,E:\LandSlide-Prediction\data\terrain\contours\NEG00106.png,1137.486328125,1103.8492431640625,1206.2725830078125,102.42333984375,12.99778938293457,35.49310302734375,22.298233032226562,0.03357953578233719,0.6649214625358582
NEG00107,0,success,E:\LandSlide-Prediction\data\terrain\patches\NEG00107.tif,E:\LandSlide-Prediction\data\terrain\contours\NEG00107.png,795.904052734375,699.2241821289062,940.0521240234375,240.82794189453125,16.041561126708984,31.28008270263672,24.481319427490234,-0.03745083510875702,0.7357460856437683
NEG00108,0,success,E:\LandSlide-Prediction\data\terrain\patches\NEG00108.tif,E:\LandSlide-Prediction\data\terrain\contours\NEG00108.png,22.089637756347656,5.634620666503906,40.55476760864258,34.92014694213867,7.060579776763916,23.15631675720215,12.3515625,-0.013694830238819122,0.5421120524406433
NEG00109,0,success,E:\LandSlide-Prediction\data\terrain\patches\NEG00109.tif,E:\LandSlide-Prediction\data\terrain\contours\NEG00109.png,103.60140991210938,93.34534454345703,111.5684585571289,18.223114013671875,2.9267449378967285,8.161909103393555,5.0127387046813965,-0.0001769866794347763,0.21181327104568481
NEG00110,0,success,E:\LandSlide-Prediction\data\terrain\patches\NEG00110.tif,E:\LandSlide-Prediction\data\terrain\contours\NEG00110.png,85.39134216308594,65.70458984375,143.55223083496094,77.84764099121094,8.14013957977295,26.908327102661133,17.967517852783203,0.027299873530864716,0.45255032181739807
NEG00111,0,success,E:\LandSlide-Prediction\data\terrain\patches\NEG00111.tif,E:\LandSlide-Prediction\data\terrain\contours\NEG00111.png,572.6070556640625,513.160400390625,662.1539306640625,148.9935302734375,19.110382080078125,40.2725830078125,27.11612319946289,0.004117801785469055,0.7302589416503906
NEG00112,0,success,E:\LandSlide-Prediction\data\terrain\patches\NEG00112.tif,E:\LandSlide-Prediction\data\terrain\contours\NEG00112.png,762.9547729492188,681.9765014648438,854.86767578125,172.89117431640625,16.357433319091797,30.666950225830078,24.379655838012695,0.056147195398807526,0.6736957430839539
NEG00113,0,success,E:\LandSlide-Prediction\data\terrain\patches\NEG00113.tif,E:\LandSlide-Prediction\data\terrain\contours\NEG00113.png,482.9337158203125,439.14080810546875,583.7980346679688,144.6572265625,12.45602798461914,27.16012191772461,21.372711181640625,-0.005394600331783295,0.76529860496521
NEG00114,0,success,E:\LandSlide-Prediction\data\terrain\patches\NEG00114.tif,E:\LandSlide-Prediction\data\terrain\contours\NEG00114.png,1138.64892578125,1085.0155029296875,1215.9993896484375,130.98388671875,12.243338584899902,29.42137908935547,19.249420166015625,0.02416033297777176,0.5462396740913391
NEG00115,0,success,E:\LandSlide-Prediction\data\terrain\patches\NEG00115.tif,E:\LandSlide-Prediction\data\terrain\contours\NEG00115.png,424.173828125,297.09735107421875,513.3819580078125,216.28460693359375,21.85700035095215,40.267066955566406,31.164085388183594,0.1350497603416443,0.8868902921676636
NEG00116,0,success,E:\LandSlide-Prediction\data\terrain\patches\NEG00116.tif,E:\LandSlide-Prediction\data\terrain\contours\NEG00116.png,250.40573120117188,213.68553161621094,339.10498046875,125.41944885253906,13.690655708312988,35.750709533691406,23.530214309692383,0.02796034887433052,0.8143954873085022
NEG00117,0,success,E:\LandSlide-Prediction\data\terrain\patches\NEG00117.tif,E:\LandSlide-Prediction\data\terrain\contours\NEG00117.png,174.5030517578125,159.29580688476562,194.36526489257812,35.0694580078125,5.209695339202881,15.330681800842285,8.971948623657227,0.009096333757042885,0.30767837166786194
NEG00118,0,success,E:\LandSlide-Prediction\data\terrain\patches\NEG00118.tif,E:\LandSlide-Prediction\data\terrain\contours\NEG00118.png,312.61151123046875,278.9563903808594,401.4898376464844,122.533447265625,12.10389232635498,31.711111068725586,21.200542449951172,0.0074133481830358505,0.6458601951599121
NEG00119,0,success,E:\LandSlide-Prediction\data\terrain\patches\NEG00119.tif,E:\LandSlide-Prediction\data\terrain\contours\NEG00119.png,1867.6533203125,1791.0819091796875,1996.23046875,205.1485595703125,14.96888256072998,29.165985107421875,23.340801239013672,-0.0001246333122253418,0.5823003053665161
NEG00120,0,success,E:\LandSlide-Prediction\data\terrain\patches\NEG00120.tif,E:\LandSlide-Prediction\data\terrain\contours\NEG00120.png,232.63026428222656,227.0,324.4942932128906,97.49429321289062,4.430662631988525,35.06707000732422,23.969051361083984,0.030039532110095024,0.4718635380268097
NEG00121,0,success,E:\LandSlide-Prediction\data\terrain\patches\NEG00121.tif,E:\LandSlide-Prediction\data\terrain\contours\NEG00121.png,1844.734375,1816.172607421875,1865.9609375,49.788330078125,8.213902473449707,23.30375862121582,14.319074630737305,0.002475053071975708,0.5798794627189636
NEG00122,0,success,E:\LandSlide-Prediction\data\terrain\patches\NEG00122.tif,E:\LandSlide-Prediction\data\terrain\contours\NEG00122.png,407.9166259765625,384.02911376953125,433.4690856933594,49.439971923828125,8.17860221862793,21.775928497314453,13.828773498535156,-0.02164478600025177,0.42967405915260315
NEG00123,0,success,E:\LandSlide-Prediction\data\terrain\patches\NEG00123.tif,E:\LandSlide-Prediction\data\terrain\contours\NEG00123.png,1096.33203125,1062.7764892578125,1132.5633544921875,69.786865234375,10.887711524963379,28.234249114990234,18.16660499572754,-0.002072364091873169,0.601027250289917
NEG00124,0,success,E:\LandSlide-Prediction\data\terrain\patches\NEG00124.tif,E:\LandSlide-Prediction\data\terrain\contours\NEG00124.png,245.36532592773438,195.8509063720703,311.51739501953125,115.66648864746094,11.132086753845215,29.994850158691406,19.950870513916016,-0.004801959730684757,0.5222741961479187
NEG00125,0,success,E:\LandSlide-Prediction\data\terrain\patches\NEG00125.tif,E:\LandSlide-Prediction\data\terrain\contours\NEG00125.png,1032.392578125,911.7830810546875,1088.7919921875,177.0089111328125,14.138504028320312,41.41529083251953,24.02688980102539,0.04892096668481827,0.7934409379959106
NEG00126,0,success,E:\LandSlide-Prediction\data\terrain\patches\NEG00126.tif,E:\LandSlide-Prediction\data\terrain\contours\NEG00126.png,636.367431640625,422.9211730957031,874.1597900390625,451.2386169433594,31.809764862060547,60.3496208190918,51.56983184814453,-0.10381777584552765,1.1527477502822876
NEG00127,0,success,E:\LandSlide-Prediction\data\terrain\patches\NEG00127.tif,E:\LandSlide-Prediction\data\terrain\contours\NEG00127.png,347.89166259765625,290.8538513183594,431.44793701171875,140.59408569335938,15.366715431213379,27.69019889831543,22.035213470458984,-0.03673829138278961,0.7225536108016968
NEG00128,0,success,E:\LandSlide-Prediction\data\terrain\patches\NEG00128.tif,E:\LandSlide-Prediction\data\terrain\contours\NEG00128.png,1179.5135498046875,852.6718139648438,1310.14892578125,457.47711181640625,29.535661697387695,61.53865051269531,48.30615997314453,-0.04934306442737579,1.1273313760757446
NEG00129,0,success,E:\LandSlide-Prediction\data\terrain\patches\NEG00129.tif,E:\LandSlide-Prediction\data\terrain\contours\NEG00129.png,117.33842468261719,105.91813659667969,139.18441772460938,33.26628112792969,3.9448153972625732,16.971906661987305,7.380220413208008,-0.0002269390970468521,0.2997785210609436
NEG00130,0,success,E:\LandSlide-Prediction\data\terrain\patches\NEG00130.tif,E:\LandSlide-Prediction\data\terrain\contours\NEG00130.png,141.5758056640625,90.33721160888672,273.9562683105469,183.61904907226562,18.777128219604492,34.60934829711914,28.00616455078125,-0.02136024460196495,0.6273224353790283
NEG00131,0,success,E:\LandSlide-Prediction\data\terrain\patches\NEG00131.tif,E:\LandSlide-Prediction\data\terrain\contours\NEG00131.png,82.3233413696289,78.75850677490234,92.30215454101562,13.543647766113281,1.3454554080963135,8.665142059326172,2.231447219848633,0.0014443048276007175,0.10639083385467529
NEG00132,0,success,E:\LandSlide-Prediction\data\terrain\patches\NEG00132.tif,E:\LandSlide-Prediction\data\terrain\contours\NEG00132.png,505.7545166015625,482.55645751953125,580.0260620117188,97.4696044921875,9.795586585998535,37.286712646484375,23.382110595703125,-0.015707427635788918,0.6667080521583557
NEG00133,0,success,E:\LandSlide-Prediction\data\terrain\patches\NEG00133.tif,E:\LandSlide-Prediction\data\terrain\contours\NEG00133.png,193.28646850585938,93.72830963134766,276.06695556640625,182.33865356445312,21.43175506591797,40.215919494628906,32.472381591796875,-0.06002608686685562,0.6833964586257935
NEG00134,0,success,E:\LandSlide-Prediction\data\terrain\patches\NEG00134.tif,E:\LandSlide-Prediction\data\terrain\contours\NEG00134.png,91.69747924804688,26.519075393676758,152.127197265625,125.60812377929688,12.975987434387207,29.185171127319336,21.892112731933594,-0.03872617334127426,0.595180869102478
NEG00135,0,success,E:\LandSlide-Prediction\data\terrain\patches\NEG00135.tif,E:\LandSlide-Prediction\data\terrain\contours\NEG00135.png,257.68524169921875,227.0,343.96331787109375,116.96331787109375,13.251628875732422,38.22116470336914,31.049327850341797,0.048752009868621826,0.6552676558494568
NEG00136,0,success,E:\LandSlide-Prediction\data\terrain\patches\NEG00136.tif,E:\LandSlide-Prediction\data\terrain\contours\NEG00136.png,213.18844604492188,180.3393096923828,270.3671875,90.02787780761719,11.464947700500488,31.62783432006836,24.294845581054688,0.07842569798231125,0.5448737144470215
NEG00137,0,success,E:\LandSlide-Prediction\data\terrain\patches\NEG00137.tif,E:\LandSlide-Prediction\data\terrain\contours\NEG00137.png,332.9864196777344,287.2347106933594,368.0448913574219,80.8101806640625,11.549274444580078,30.254789352416992,19.672060012817383,-0.013308580964803696,0.5319557785987854
NEG00138,0,success,E:\LandSlide-Prediction\data\terrain\patches\NEG00138.tif,E:\LandSlide-Prediction\data\terrain\contours\NEG00138.png,163.47975158691406,126.8266830444336,259.7197265625,132.89303588867188,13.034356117248535,37.25469207763672,28.492408752441406,-0.0024374015629291534,0.69452965259552
NEG00139,0,success,E:\LandSlide-Prediction\data\terrain\patches\NEG00139.tif,E:\LandSlide-Prediction\data\terrain\contours\NEG00139.png,790.4764404296875,734.3206787109375,881.095703125,146.7750244140625,13.212383270263672,38.97445297241211,25.968360900878906,-0.04862475022673607,0.6286873817443848
NEG00140,0,success,E:\LandSlide-Prediction\data\terrain\patches\NEG00140.tif,E:\LandSlide-Prediction\data\terrain\contours\NEG00140.png,1170.0604248046875,1067.8099365234375,1360.7337646484375,292.923828125,21.736778259277344,47.28356170654297,38.06032943725586,0.08245353400707245,0.7801142930984497
NEG00141,0,success,E:\LandSlide-Prediction\data\terrain\patches\NEG00141.tif,E:\LandSlide-Prediction\data\terrain\contours\NEG00141.png,120.21261596679688,112.76856994628906,130.1589813232422,17.390411376953125,2.780529022216797,10.870710372924805,5.531391143798828,-0.0081047173589468,0.23564961552619934
NEG00142,0,success,E:\LandSlide-Prediction\data\terrain\patches\NEG00142.tif,E:\LandSlide-Prediction\data\terrain\contours\NEG00142.png,190.01116943359375,166.44192504882812,291.2099609375,124.76803588867188,7.972000598907471,34.83567810058594,18.379329681396484,0.03417135402560234,0.44429028034210205
NEG00143,0,success,E:\LandSlide-Prediction\data\terrain\patches\NEG00143.tif,E:\LandSlide-Prediction\data\terrain\contours\NEG00143.png,167.7590789794922,153.11590576171875,184.6923370361328,31.576431274414062,4.350269317626953,11.369738578796387,7.530463218688965,-0.012104609981179237,0.317303329706192
NEG00144,0,success,E:\LandSlide-Prediction\data\terrain\patches\NEG00144.tif,E:\LandSlide-Prediction\data\terrain\contours\NEG00144.png,1661.62841796875,1598.0211181640625,1710.9072265625,112.8861083984375,13.922178268432617,42.083526611328125,21.854534149169922,-0.03415641188621521,0.7232491970062256
NEG00145,0,success,E:\LandSlide-Prediction\data\terrain\patches\NEG00145.tif,E:\LandSlide-Prediction\data\terrain\contours\NEG00145.png,1115.588623046875,1011.389404296875,1246.5416259765625,235.1522216796875,25.743764877319336,43.40502166748047,36.73834991455078,-0.043068766593933105,0.8302661776542664
NEG00146,0,success,E:\LandSlide-Prediction\data\terrain\patches\NEG00146.tif,E:\LandSlide-Prediction\data\terrain\contours\NEG00146.png,65.25611877441406,55.389198303222656,97.31266784667969,41.92346954345703,4.503345966339111,26.538509368896484,8.595748901367188,0.0029494930058717728,0.27352285385131836
NEG00147,0,success,E:\LandSlide-Prediction\data\terrain\patches\NEG00147.tif,E:\LandSlide-Prediction\data\terrain\contours\NEG00147.png,143.02044677734375,126.9474868774414,174.6063232421875,47.658836364746094,5.460453987121582,17.823963165283203,10.859764099121094,-0.033152610063552856,0.345203697681427
NEG00148,0,success,E:\LandSlide-Prediction\data\terrain\patches\NEG00148.tif,E:\LandSlide-Prediction\data\terrain\contours\NEG00148.png,358.99639892578125,261.8789367675781,473.2619323730469,211.38299560546875,16.680343627929688,35.938194274902344,26.509815216064453,-0.0333985760807991,0.7393342852592468
NEG00149,0,success,E:\LandSlide-Prediction\data\terrain\patches\NEG00149.tif,E:\LandSlide-Prediction\data\terrain\contours\NEG00149.png,272.919189453125,231.3087158203125,330.1638488769531,98.85513305664062,9.233173370361328,32.08186340332031,15.209705352783203,-0.0032716207206249237,0.49217504262924194
NEG00150,0,success,E:\LandSlide-Prediction\data\terrain\patches\NEG00150.tif,E:\LandSlide-Prediction\data\terrain\contours\NEG00150.png,92.70130920410156,51.59571838378906,182.35850524902344,130.76278686523438,16.199007034301758,41.69414138793945,27.60641860961914,0.02638060413300991,0.6386808156967163
NEG00151,0,success,E:\LandSlide-Prediction\data\terrain\patches\NEG00151.tif,E:\LandSlide-Prediction\data\terrain\contours\NEG00151.png,1470.467041015625,1409.380615234375,1500.114013671875,90.7333984375,10.02961254119873,37.30591583251953,16.377376556396484,-0.01639663428068161,0.45186546444892883
NEG00152,0,success,E:\LandSlide-Prediction\data\terrain\patches\NEG00152.tif,E:\LandSlide-Prediction\data\terrain\contours\NEG00152.png,388.44891357421875,356.9972839355469,412.50177001953125,55.504486083984375,7.5943284034729,18.464569091796875,12.025100708007812,-0.01105424016714096,0.3281629979610443
NEG00153,0,success,E:\LandSlide-Prediction\data\terrain\patches\NEG00153.tif,E:\LandSlide-Prediction\data\terrain\contours\NEG00153.png,1073.4176025390625,1000.0125122070312,1177.51025390625,177.49774169921875,19.275598526000977,38.2304801940918,31.707134246826172,-0.0009381361305713654,0.7986454963684082
NEG00154,0,success,E:\LandSlide-Prediction\data\terrain\patches\NEG00154.tif,E:\LandSlide-Prediction\data\terrain\contours\NEG00154.png,122.08248138427734,115.28773498535156,133.31214904785156,18.0244140625,2.9773194789886475,9.30295467376709,5.52123498916626,0.01262823399156332,0.28155577182769775
NEG00155,0,success,E:\LandSlide-Prediction\data\terrain\patches\NEG00155.tif,E:\LandSlide-Prediction\data\terrain\contours\NEG00155.png,234.25994873046875,137.098388671875,337.9061279296875,200.8077392578125,23.42774772644043,38.47854995727539,31.688262939453125,-0.05886731296777725,0.7951897978782654
NEG00156,0,success,E:\LandSlide-Prediction\data\terrain\patches\NEG00156.tif,E:\LandSlide-Prediction\data\terrain\contours\NEG00156.png,208.6954803466797,205.04676818847656,219.08441162109375,14.037643432617188,1.6303825378417969,10.873620986938477,3.579953670501709,-0.0005706660449504852,0.18548902869224548
NEG00157,0,success,E:\LandSlide-Prediction\data\terrain\patches\NEG00157.tif,E:\LandSlide-Prediction\data\terrain\contours\NEG00157.png,305.8558044433594,238.55995178222656,364.98358154296875,126.42362976074219,14.984389305114746,31.33275032043457,23.8868408203125,-0.009229056537151337,0.673823893070221
NEG00158,0,success,E:\LandSlide-Prediction\data\terrain\patches\NEG00158.tif,E:\LandSlide-Prediction\data\terrain\contours\NEG00158.png,176.07464599609375,145.55630493164062,236.42591857910156,90.86961364746094,12.321501731872559,31.789466857910156,21.521480560302734,0.018954578787088394,0.5865908861160278
NEG00159,0,success,E:\LandSlide-Prediction\data\terrain\patches\NEG00159.tif,E:\LandSlide-Prediction\data\terrain\contours\NEG00159.png,204.75271606445312,131.43011474609375,311.5237121582031,180.09359741210938,14.568120956420898,34.94882583618164,22.609542846679688,-0.00955197587609291,0.6762476563453674
NEG00160,0,success,E:\LandSlide-Prediction\data\terrain\patches\NEG00160.tif,E:\LandSlide-Prediction\data\terrain\contours\NEG00160.png,76.41172790527344,45.97529983520508,135.90756225585938,89.93226623535156,15.280923843383789,35.545021057128906,26.7191219329834,0.02665792405605316,0.932608425617218
NEG00161,0,success,E:\LandSlide-Prediction\data\terrain\patches\NEG00161.tif,E:\LandSlide-Prediction\data\terrain\contours\NEG00161.png,95.3522720336914,95.0,102.0066909790039,7.006690979003906,0.38528698682785034,4.531311511993408,1.4672493934631348,0.004783961456269026,0.046851981431245804
NEG00162,0,success,E:\LandSlide-Prediction\data\terrain\patches\NEG00162.tif,E:\LandSlide-Prediction\data\terrain\contours\NEG00162.png,249.2176055908203,227.0,325.6087341308594,98.60873413085938,12.33178997039795,31.86930274963379,24.86436653137207,0.06257481873035431,0.5661699771881104
NEG00163,0,success,E:\LandSlide-Prediction\data\terrain\patches\NEG00163.tif,E:\LandSlide-Prediction\data\terrain\contours\NEG00163.png,377.16522216796875,333.2448425292969,484.93475341796875,151.68991088867188,11.499031066894531,35.271785736083984,22.509227752685547,-0.02822447195649147,0.6527158617973328
NEG00164,0,success,E:\LandSlide-Prediction\data\terrain\patches\NEG00164.tif,E:\LandSlide-Prediction\data\terrain\contours\NEG00164.png,1011.3447265625,977.7131958007812,1062.7564697265625,85.04327392578125,16.226364135742188,37.59046173095703,25.83447265625,0.0041778311133384705,1.092525601387024
NEG00165,0,success,E:\LandSlide-Prediction\data\terrain\patches\NEG00165.tif,E:\LandSlide-Prediction\data\terrain\contours\NEG00165.png,620.1575317382812,514.5875854492188,791.9637451171875,277.37615966796875,20.437435150146484,43.50936508178711,30.00400161743164,0.03791815787553787,0.6845254898071289
NEG00166,0,success,E:\LandSlide-Prediction\data\terrain\patches\NEG00166.tif,E:\LandSlide-Prediction\data\terrain\contours\NEG00166.png,1874.61669921875,1803.73486328125,1914.1552734375,110.42041015625,14.612040519714355,30.549644470214844,23.07034683227539,0.0392242968082428,0.8458524346351624
NEG00167,0,success,E:\LandSlide-Prediction\data\terrain\patches\NEG00167.tif,E:\LandSlide-Prediction\data\terrain\contours\NEG00167.png,163.20567321777344,48.30659484863281,312.40618896484375,264.099609375,22.675373077392578,43.73332977294922,35.16042709350586,-0.03733969107270241,0.8633562922477722
NEG00168,0,success,E:\LandSlide-Prediction\data\terrain\patches\NEG00168.tif,E:\LandSlide-Prediction\data\terrain\contours\NEG00168.png,773.1244506835938,672.339599609375,886.4632568359375,214.1236572265625,17.306346893310547,39.28366470336914,26.763774871826172,0.09274415671825409,0.7729649543762207
NEG00169,0,success,E:\LandSlide-Prediction\data\terrain\patches\NEG00169.tif,E:\LandSlide-Prediction\data\terrain\contours\NEG00169.png,241.96945190429688,204.37786865234375,287.4775085449219,83.09963989257812,13.629232406616211,33.535823822021484,22.8981990814209,-0.008273910731077194,0.7585620284080505
NEG00170,0,success,E:\LandSlide-Prediction\data\terrain\patches\NEG00170.tif,E:\LandSlide-Prediction\data\terrain\contours\NEG00170.png,1648.5989990234375,1563.8624267578125,1804.3594970703125,240.4970703125,20.02783203125,49.31702423095703,34.48652267456055,0.053038641810417175,0.8514347672462463
NEG00171,0,success,E:\LandSlide-Prediction\data\terrain\patches\NEG00171.tif,E:\LandSlide-Prediction\data\terrain\contours\NEG00171.png,349.93896484375,267.644287109375,433.6629943847656,166.01870727539062,19.28959846496582,35.88859939575195,28.134883880615234,-0.04894997179508209,0.6906713247299194
NEG00172,0,success,E:\LandSlide-Prediction\data\terrain\patches\NEG00172.tif,E:\LandSlide-Prediction\data\terrain\contours\NEG00172.png,1298.620361328125,1170.8131103515625,1380.0826416015625,209.26953125,17.095613479614258,62.72536849975586,23.34957504272461,-0.08403050154447556,0.7692381739616394
NEG00173,0,success,E:\LandSlide-Prediction\data\terrain\patches\NEG00173.tif,E:\LandSlide-Prediction\data\terrain\contours\NEG00173.png,1303.173095703125,1145.014892578125,1584.056640625,439.041748046875,28.568702697753906,67.99687194824219,54.40301513671875,0.03792490065097809,1.0677378177642822
NEG00174,0,success,E:\LandSlide-Prediction\data\terrain\patches\NEG00174.tif,E:\LandSlide-Prediction\data\terrain\contours\NEG00174.png,131.40872192382812,75.06092834472656,222.79920959472656,147.73828125,17.33317756652832,36.74549865722656,27.417919158935547,-0.019336281344294548,0.6884242296218872
NEG00175,0,success,E:\LandSlide-Prediction\data\terrain\patches\NEG00175.tif,E:\LandSlide-Prediction\data\terrain\contours\NEG00175.png,466.2081298828125,325.3025817871094,608.728759765625,283.4261779785156,23.92007827758789,42.91767883300781,33.543819427490234,0.039023347198963165,0.9520667791366577
NEG00176,0,success,E:\LandSlide-Prediction\data\terrain\patches\NEG00176.tif,E:\LandSlide-Prediction\data\terrain\contours\NEG00176.png,1070.16748046875,899.6370239257812,1208.7490234375,309.11199951171875,23.634479522705078,34.53620529174805,30.29150390625,0.07532927393913269,0.8355400562286377
NEG00177,0,success,E:\LandSlide-Prediction\data\terrain\patches\NEG00177.tif,E:\LandSlide-Prediction\data\terrain\contours\NEG00177.png,253.406005859375,204.31723022460938,334.0711364746094,129.75390625,13.157093048095703,32.53885269165039,22.63995933532715,-0.013240674510598183,0.5994101166725159
NEG00178,0,success,E:\LandSlide-Prediction\data\terrain\patches\NEG00178.tif,E:\LandSlide-Prediction\data\terrain\contours\NEG00178.png,1065.3883056640625,1015.53466796875,1143.447021484375,127.912353515625,12.080321311950684,29.489391326904297,19.915313720703125,0.020362187176942825,0.5178235769271851
NEG00179,0,success,E:\LandSlide-Prediction\data\terrain\patches\NEG00179.tif,E:\LandSlide-Prediction\data\terrain\contours\NEG00179.png,944.7211303710938,789.188720703125,1059.1514892578125,269.9627685546875,21.323715209960938,43.58458709716797,32.9183349609375,-0.023640111088752747,0.7943539619445801
NEG00180,0,success,E:\LandSlide-Prediction\data\terrain\patches\NEG00180.tif,E:\LandSlide-Prediction\data\terrain\contours\NEG00180.png,1532.5589599609375,1483.103759765625,1589.4671630859375,106.3634033203125,10.03792953491211,21.349031448364258,14.567983627319336,0.004354730248451233,0.3547183573246002
NEG00181,0,success,E:\LandSlide-Prediction\data\terrain\patches\NEG00181.tif,E:\LandSlide-Prediction\data\terrain\contours\NEG00181.png,170.81256103515625,49.65768814086914,272.8731384277344,223.2154541015625,27.616579055786133,50.727325439453125,39.85393524169922,-0.002475511282682419,0.8967438340187073
NEG00182,0,success,E:\LandSlide-Prediction\data\terrain\patches\NEG00182.tif,E:\LandSlide-Prediction\data\terrain\contours\NEG00182.png,109.52845001220703,72.83804321289062,153.21279907226562,80.374755859375,11.226354598999023,29.10545539855957,19.998836517333984,-0.021204814314842224,0.5255536437034607
NEG00183,0,success,E:\LandSlide-Prediction\data\terrain\patches\NEG00183.tif,E:\LandSlide-Prediction\data\terrain\contours\NEG00183.png,188.7684783935547,143.16307067871094,238.83921813964844,95.6761474609375,14.119365692138672,30.798362731933594,23.521045684814453,0.094997838139534,0.7161130309104919
NEG00184,0,success,E:\LandSlide-Prediction\data\terrain\patches\NEG00184.tif,E:\LandSlide-Prediction\data\terrain\contours\NEG00184.png,617.663818359375,545.261474609375,690.956787109375,145.6953125,16.782434463500977,33.23796081542969,26.813945770263672,-0.0026954561471939087,0.7890186905860901
NEG00185,0,success,E:\LandSlide-Prediction\data\terrain\patches\NEG00185.tif,E:\LandSlide-Prediction\data\terrain\contours\NEG00185.png,764.5999755859375,701.7930908203125,830.154052734375,128.3609619140625,17.32971954345703,36.8775520324707,28.213333129882812,0.009838107973337173,0.8188064098358154
NEG00186,0,success,E:\LandSlide-Prediction\data\terrain\patches\NEG00186.tif,E:\LandSlide-Prediction\data\terrain\contours\NEG00186.png,1193.9359130859375,1141.4974365234375,1280.495849609375,138.9984130859375,14.331955909729004,29.388813018798828,21.24457550048828,0.04454367607831955,0.5901559591293335
NEG00187,0,success,E:\LandSlide-Prediction\data\terrain\patches\NEG00187.tif,E:\LandSlide-Prediction\data\terrain\contours\NEG00187.png,105.63719177246094,36.67420959472656,234.13258361816406,197.4583740234375,19.714021682739258,42.0187873840332,32.70258331298828,0.05368051677942276,0.8187863826751709
NEG00188,0,success,E:\LandSlide-Prediction\data\terrain\patches\NEG00188.tif,E:\LandSlide-Prediction\data\terrain\contours\NEG00188.png,441.0296936035156,329.7708435058594,626.1304321289062,296.3595886230469,19.58511734008789,45.104400634765625,31.607383728027344,0.01989080011844635,0.6875720024108887
NEG00189,0,success,E:\LandSlide-Prediction\data\terrain\patches\NEG00189.tif,E:\LandSlide-Prediction\data\terrain\contours\NEG00189.png,193.47561645507812,178.4037628173828,219.39834594726562,40.99458312988281,5.137550354003906,16.657188415527344,10.11246109008789,0.003981714136898518,0.3307989835739136
NEG00190,0,success,E:\LandSlide-Prediction\data\terrain\patches\NEG00190.tif,E:\LandSlide-Prediction\data\terrain\contours\NEG00190.png,156.3363494873047,112.8344955444336,232.0912628173828,119.25676727294922,11.977362632751465,32.346397399902344,20.98775863647461,-0.0014038356021046638,0.5732457637786865
NEG00191,0,success,E:\LandSlide-Prediction\data\terrain\patches\NEG00191.tif,E:\LandSlide-Prediction\data\terrain\contours\NEG00191.png,1274.927490234375,1204.7247314453125,1403.7076416015625,198.98291015625,14.074851989746094,45.683834075927734,26.824918746948242,-0.03711993992328644,0.6874956488609314
NEG00192,0,success,E:\LandSlide-Prediction\data\terrain\patches\NEG00192.tif,E:\LandSlide-Prediction\data\terrain\contours\NEG00192.png,138.62155151367188,91.61905670166016,212.40863037109375,120.7895736694336,11.594380378723145,39.60591506958008,21.506237030029297,0.01960041932761669,0.6263505220413208
NEG00193,0,success,E:\LandSlide-Prediction\data\terrain\patches\NEG00193.tif,E:\LandSlide-Prediction\data\terrain\contours\NEG00193.png,64.5583267211914,19.25021743774414,210.29566955566406,191.0454559326172,16.862585067749023,38.45222854614258,29.654233932495117,0.03914427012205124,0.6603172421455383
NEG00194,0,success,E:\LandSlide-Prediction\data\terrain\patches\NEG00194.tif,E:\LandSlide-Prediction\data\terrain\contours\NEG00194.png,412.32373046875,213.5961151123047,592.879150390625,379.28302001953125,26.939496994018555,67.07573699951172,47.91607666015625,0.00165480375289917,1.2753041982650757
NEG00195,0,success,E:\LandSlide-Prediction\data\terrain\patches\NEG00195.tif,E:\LandSlide-Prediction\data\terrain\contours\NEG00195.png,1715.306884765625,1646.254638671875,1866.162109375,219.907470703125,13.566972732543945,37.48732376098633,23.008319854736328,0.05198540538549423,0.45582515001296997
NEG00196,0,success,E:\LandSlide-Prediction\data\terrain\patches\NEG00196.tif,E:\LandSlide-Prediction\data\terrain\contours\NEG00196.png,195.79803466796875,122.39099884033203,284.5281982421875,162.13720703125,16.06403350830078,32.49625015258789,24.405715942382812,-0.0012118229642510414,0.6798345446586609
NEG00197,0,success,E:\LandSlide-Prediction\data\terrain\patches\NEG00197.tif,E:\LandSlide-Prediction\data\terrain\contours\NEG00197.png,523.3560180664062,481.978515625,551.3330688476562,69.35455322265625,11.446171760559082,35.086212158203125,18.84618377685547,-0.014265086501836777,0.7090326547622681
NEG00198,0,success,E:\LandSlide-Prediction\data\terrain\patches\NEG00198.tif,E:\LandSlide-Prediction\data\terrain\contours\NEG00198.png,176.84913635253906,80.68138885498047,273.872314453125,193.19091796875,18.24899673461914,46.809051513671875,29.465980529785156,-0.0032117366790771484,0.8948004841804504
NEG00199,0,success,E:\LandSlide-Prediction\data\terrain\patches\NEG00199.tif,E:\LandSlide-Prediction\data\terrain\contours\NEG00199.png,238.4942626953125,171.26922607421875,352.4247741699219,181.15554809570312,15.671699523925781,31.78801918029785,25.014423370361328,0.01219475269317627,0.566365122795105
NEG00200,0,success,E:\LandSlide-Prediction\data\terrain\patches\NEG00200.tif,E:\LandSlide-Prediction\data\terrain\contours\NEG00200.png,240.91943359375,163.33592224121094,389.4042663574219,226.06834411621094,17.727413177490234,36.912960052490234,28.943599700927734,-0.021538063883781433,0.7765868306159973
NEG00201,0,success,E:\LandSlide-Prediction\data\terrain\patches\NEG00201.tif,E:\LandSlide-Prediction\data\terrain\contours\NEG00201.png,429.43389892578125,383.4963073730469,495.1526184082031,111.65631103515625,14.41093635559082,39.48733139038086,27.44601058959961,0.08797051012516022,0.677635669708252
NEG00202,0,success,E:\LandSlide-Prediction\data\terrain\patches\NEG00202.tif,E:\LandSlide-Prediction\data\terrain\contours\NEG00202.png,230.3557586669922,130.07675170898438,293.77301025390625,163.69625854492188,15.308067321777344,36.68529510498047,25.480316162109375,-0.05489872395992279,0.5839637517929077
NEG00203,0,success,E:\LandSlide-Prediction\data\terrain\patches\NEG00203.tif,E:\LandSlide-Prediction\data\terrain\contours\NEG00203.png,127.36482238769531,51.743343353271484,168.0068817138672,116.26353454589844,14.58908462524414,35.706180572509766,27.77227210998535,-0.03844708576798439,0.7688113451004028
NEG00204,0,success,E:\LandSlide-Prediction\data\terrain\patches\NEG00204.tif,E:\LandSlide-Prediction\data\terrain\contours\NEG00204.png,643.4069213867188,545.3797607421875,734.3235473632812,188.94378662109375,17.500709533691406,35.491432189941406,26.7860107421875,-0.010272316634654999,0.7547827363014221
NEG00205,0,success,E:\LandSlide-Prediction\data\terrain\patches\NEG00205.tif,E:\LandSlide-Prediction\data\terrain\contours\NEG00205.png,360.20391845703125,318.5814514160156,421.75970458984375,103.17825317382812,11.310647964477539,36.826656341552734,21.141403198242188,-0.01792394556105137,0.7258393168449402
NEG00206,0,success,E:\LandSlide-Prediction\data\terrain\patches\NEG00206.tif,E:\LandSlide-Prediction\data\terrain\contours\NEG00206.png,36.78447723388672,13.442171096801758,60.134037017822266,46.691864013671875,7.968475818634033,21.936614990234375,13.88310432434082,-0.0035348674282431602,0.522881269454956
NEG00207,0,success,E:\LandSlide-Prediction\data\terrain\patches\NEG00207.tif,E:\LandSlide-Prediction\data\terrain\contours\NEG00207.png,1881.84033203125,1787.9788818359375,2003.8092041015625,215.830322265625,18.278392791748047,34.3365364074707,27.232311248779297,0.059809327125549316,0.7357386946678162
NEG00208,0,success,E:\LandSlide-Prediction\data\terrain\patches\NEG00208.tif,E:\LandSlide-Prediction\data\terrain\contours\NEG00208.png,366.0899658203125,289.7402038574219,430.02056884765625,140.28036499023438,18.662593841552734,34.83578109741211,28.54409408569336,-0.008942373096942902,0.7933670878410339
NEG00209,0,success,E:\LandSlide-Prediction\data\terrain\patches\NEG00209.tif,E:\LandSlide-Prediction\data\terrain\contours\NEG00209.png,832.8280639648438,707.1188354492188,965.765380859375,258.64654541015625,18.908445358276367,36.73933410644531,26.167190551757812,-0.007828690111637115,0.7270859479904175
NEG00210,0,success,E:\LandSlide-Prediction\data\terrain\patches\NEG00210.tif,E:\LandSlide-Prediction\data\terrain\contours\NEG00210.png,281.958251953125,162.64254760742188,506.9947204589844,344.3521728515625,20.937219619750977,43.83848571777344,28.538915634155273,0.05122286081314087,0.6792939305305481
NEG00211,0,success,E:\LandSlide-Prediction\data\terrain\patches\NEG00211.tif,E:\LandSlide-Prediction\data\terrain\contours\NEG00211.png,1357.9295654296875,1297.0347900390625,1408.4368896484375,111.402099609375,10.15383529663086,22.036518096923828,16.83896255493164,-0.026478305459022522,0.440590500831604
NEG00212,0,success,E:\LandSlide-Prediction\data\terrain\patches\NEG00212.tif,E:\LandSlide-Prediction\data\terrain\contours\NEG00212.png,918.4209594726562,822.970703125,970.9028930664062,147.93218994140625,15.126680374145508,39.43477249145508,24.79041290283203,-0.024615421891212463,0.7646288871765137
NEG00213,0,success,E:\LandSlide-Prediction\data\terrain\patches\NEG00213.tif,E:\LandSlide-Prediction\data\terrain\contours\NEG00213.png,816.2659912109375,780.1190185546875,909.952880859375,129.8338623046875,11.097890853881836,25.233503341674805,21.590591430664062,0.034081943333148956,0.4880560636520386
NEG00214,0,success,E:\LandSlide-Prediction\data\terrain\patches\NEG00214.tif,E:\LandSlide-Prediction\data\terrain\contours\NEG00214.png,82.82249450683594,23.471694946289062,100.57787322998047,77.1061782836914,10.261542320251465,66.17517852783203,40.121498107910156,0.015814926475286484,3.363609552383423
NEG00215,0,success,E:\LandSlide-Prediction\data\terrain\patches\NEG00215.tif,E:\LandSlide-Prediction\data\terrain\contours\NEG00215.png,181.232421875,99.66851806640625,242.52963256835938,142.86111450195312,18.184221267700195,36.89330291748047,28.110336303710938,-0.07836270332336426,0.6845534443855286
NEG00216,0,success,E:\LandSlide-Prediction\data\terrain\patches\NEG00216.tif,E:\LandSlide-Prediction\data\terrain\contours\NEG00216.png,105.9731216430664,87.59133911132812,186.09991455078125,98.50857543945312,10.158529281616211,31.897199630737305,18.88650894165039,-0.0022729355841875076,0.6173205375671387
NEG00217,0,success,E:\LandSlide-Prediction\data\terrain\patches\NEG00217.tif,E:\LandSlide-Prediction\data\terrain\contours\NEG00217.png,228.14833068847656,197.1312713623047,290.01092529296875,92.87965393066406,10.679658889770508,30.35860824584961,18.46033477783203,0.013534944504499435,0.5805672407150269
NEG00218,0,success,E:\LandSlide-Prediction\data\terrain\patches\NEG00218.tif,E:\LandSlide-Prediction\data\terrain\contours\NEG00218.png,1249.1151123046875,1210.079833984375,1300.7735595703125,90.6937255859375,12.489729881286621,32.88685989379883,21.31352996826172,0.04482711851596832,0.7330821752548218
NEG00219,0,success,E:\LandSlide-Prediction\data\terrain\patches\NEG00219.tif,E:\LandSlide-Prediction\data\terrain\contours\NEG00219.png,679.7532348632812,587.679443359375,785.9938354492188,198.31439208984375,17.28538703918457,32.691314697265625,25.296846389770508,-0.03815974295139313,0.780164361000061
NEG00220,0,success,E:\LandSlide-Prediction\data\terrain\patches\NEG00220.tif,E:\LandSlide-Prediction\data\terrain\contours\NEG00220.png,1309.888427734375,1223.17822265625,1376.49169921875,153.3134765625,14.128801345825195,28.228878021240234,20.84307289123535,-0.008884824812412262,0.6378291249275208
NEG00221,0,success,E:\LandSlide-Prediction\data\terrain\patches\NEG00221.tif,E:\LandSlide-Prediction\data\terrain\contours\NEG00221.png,1024.803955078125,953.0030517578125,1084.29150390625,131.2884521484375,16.429689407348633,39.45871353149414,25.75533103942871,0.0010069049894809723,1.0107181072235107
NEG00222,0,success,E:\LandSlide-Prediction\data\terrain\patches\NEG00222.tif,E:\LandSlide-Prediction\data\terrain\contours\NEG00222.png,221.05587768554688,182.02197265625,255.95411682128906,73.93214416503906,9.388980865478516,24.927471160888672,16.495662689208984,-0.01341965887695551,0.5291444659233093
NEG00223,0,success,E:\LandSlide-Prediction\data\terrain\patches\NEG00223.tif,E:\LandSlide-Prediction\data\terrain\contours\NEG00223.png,469.16107177734375,427.0,568.164794921875,141.164794921875,12.371438980102539,30.421886444091797,20.84457778930664,0.050136663019657135,0.5352755188941956
NEG00224,0,success,E:\LandSlide-Prediction\data\terrain\patches\NEG00224.tif,E:\LandSlide-Prediction\data\terrain\contours\NEG00224.png,228.99339294433594,141.99510192871094,316.8088073730469,174.81370544433594,13.851346969604492,31.881675720214844,21.151517868041992,-0.04014462232589722,0.583595871925354
NEG00225,0,success,E:\LandSlide-Prediction\data\terrain\patches\NEG00225.tif,E:\LandSlide-Prediction\data\terrain\contours\NEG00225.png,508.9752197265625,485.1224060058594,538.6309814453125,53.508575439453125,12.14640998840332,29.823286056518555,19.935501098632812,-0.008904784917831421,0.8596714735031128
NEG00226,0,success,E:\LandSlide-Prediction\data\terrain\patches\NEG00226.tif,E:\LandSlide-Prediction\data\terrain\contours\NEG00226.png,133.22116088867188,37.83766555786133,213.5653533935547,175.72769165039062,17.09210968017578,37.19695281982422,25.714107513427734,0.06763966381549835,0.740882396697998
NEG00227,0,success,E:\LandSlide-Prediction\data\terrain\patches\NEG00227.tif,E:\LandSlide-Prediction\data\terrain\contours\NEG00227.png,208.68820190429688,157.0512237548828,290.791015625,133.7397918701172,17.40541648864746,34.129241943359375,27.243528366088867,0.05981677025556564,0.8087207078933716
NEG00228,0,success,E:\LandSlide-Prediction\data\terrain\patches\NEG00228.tif,E:\LandSlide-Prediction\data\terrain\contours\NEG00228.png,445.680908203125,431.62762451171875,461.5848388671875,29.95721435546875,5.304934501647949,21.412490844726562,10.038448333740234,-0.0029870495200157166,0.34974607825279236
NEG00229,0,success,E:\LandSlide-Prediction\data\terrain\patches\NEG00229.tif,E:\LandSlide-Prediction\data\terrain\contours\NEG00229.png,117.59583282470703,45.07121658325195,200.71067810058594,155.63946533203125,16.60701560974121,37.96080017089844,27.540510177612305,-0.0045083314180374146,0.8152698874473572
NEG00230,0,success,E:\LandSlide-Prediction\data\terrain\patches\NEG00230.tif,E:\LandSlide-Prediction\data\terrain\contours\NEG00230.png,2465.83154296875,2367.399169921875,2519.6650390625,152.265869140625,17.466781616210938,38.028629302978516,29.03443145751953,-0.07895205914974213,0.6308489441871643
NEG00231,0,success,E:\LandSlide-Prediction\data\terrain\patches\NEG00231.tif,E:\LandSlide-Prediction\data\terrain\contours\NEG00231.png,1250.1224365234375,1190.6866455078125,1338.47509765625,147.7884521484375,16.94013023376465,35.3236083984375,26.003990173339844,-0.04870966076850891,0.9747559428215027
NEG00232,0,success,E:\LandSlide-Prediction\data\terrain\patches\NEG00232.tif,E:\LandSlide-Prediction\data\terrain\contours\NEG00232.png,209.02996826171875,136.72657775878906,323.31695556640625,186.5903778076172,17.634967803955078,34.32136154174805,27.860185623168945,-0.006676573306322098,0.7247527241706848
NEG00233,0,success,E:\LandSlide-Prediction\data\terrain\patches\NEG00233.tif,E:\LandSlide-Prediction\data\terrain\contours\NEG00233.png,1325.0999755859375,1230.4979248046875,1404.4522705078125,173.954345703125,15.963406562805176,33.5927619934082,24.85021209716797,-0.0070057883858680725,0.6444467306137085
NEG00234,0,success,E:\LandSlide-Prediction\data\terrain\patches\NEG00234.tif,E:\LandSlide-Prediction\data\terrain\contours\NEG00234.png,1400.111572265625,1185.5123291015625,1581.3773193359375,395.864990234375,30.772441864013672,51.78425598144531,41.78208923339844,0.025267302989959717,1.2861955165863037
NEG00235,0,success,E:\LandSlide-Prediction\data\terrain\patches\NEG00235.tif,E:\LandSlide-Prediction\data\terrain\contours\NEG00235.png,101.51762390136719,89.29471588134766,125.90933990478516,36.6146240234375,4.468900203704834,11.181965827941895,7.870090484619141,0.011308505199849606,0.28601503372192383
NEG00236,0,success,E:\LandSlide-Prediction\data\terrain\patches\NEG00236.tif,E:\LandSlide-Prediction\data\terrain\contours\NEG00236.png,137.52264404296875,123.41617584228516,152.4967803955078,29.080604553222656,4.875890254974365,18.91624641418457,8.27037239074707,0.0011438503861427307,0.34696686267852783
NEG00237,0,success,E:\LandSlide-Prediction\data\terrain\patches\NEG00237.tif,E:\LandSlide-Prediction\data\terrain\contours\NEG00237.png,455.66265869140625,411.0284729003906,571.7843017578125,160.75582885742188,15.061389923095703,32.56717300415039,29.392345428466797,0.07919950038194656,0.4175878167152405
NEG00238,0,success,E:\LandSlide-Prediction\data\terrain\patches\NEG00238.tif,E:\LandSlide-Prediction\data\terrain\contours\NEG00238.png,22.967376708984375,9.647528648376465,38.52772903442383,28.880199432373047,5.844287395477295,22.238981246948242,10.318317413330078,-0.008203469216823578,0.43469369411468506
NEG00239,0,success,E:\LandSlide-Prediction\data\terrain\patches\NEG00239.tif,E:\LandSlide-Prediction\data\terrain\contours\NEG00239.png,1300.290771484375,1193.0802001953125,1450.8465576171875,257.766357421875,19.814136505126953,39.44147491455078,28.360000610351562,0.01896030455827713,0.9232770204544067
NEG00240,0,success,E:\LandSlide-Prediction\data\terrain\patches\NEG00240.tif,E:\LandSlide-Prediction\data\terrain\contours\NEG00240.png,248.22335815429688,227.0,393.3424987792969,166.34249877929688,9.112655639648438,43.90809631347656,31.637798309326172,-0.05058533698320389,0.5919614434242249
NEG00241,0,success,E:\LandSlide-Prediction\data\terrain\patches\NEG00241.tif,E:\LandSlide-Prediction\data\terrain\contours\NEG00241.png,283.25103759765625,225.36138916015625,353.01580810546875,127.6544189453125,16.725284576416016,34.741615295410156,26.769723892211914,0.00212271511554718,0.7237954139709473
NEG00242,0,success,E:\LandSlide-Prediction\data\terrain\patches\NEG00242.tif,E:\LandSlide-Prediction\data\terrain\contours\NEG00242.png,526.4180908203125,508.51947021484375,556.0017700195312,47.4822998046875,10.840474128723145,31.682388305664062,19.273269653320312,-0.0003213807940483093,0.7690274715423584
NEG00243,0,success,E:\LandSlide-Prediction\data\terrain\patches\NEG00243.tif,E:\LandSlide-Prediction\data\terrain\contours\NEG00243.png,212.6700439453125,204.39349365234375,245.0874786376953,40.69398498535156,3.076702117919922,16.709901809692383,6.620423316955566,0.0055943746119737625,0.28120535612106323
NEG00244,0,success,E:\LandSlide-Prediction\data\terrain\patches\NEG00244.tif,E:\LandSlide-Prediction\data\terrain\contours\NEG00244.png,102.86851501464844,84.57079315185547,142.0608367919922,57.49004364013672,9.124887466430664,32.96346664428711,16.73308563232422,-0.01254825759679079,0.6466359496116638
NEG00245,0,success,E:\LandSlide-Prediction\data\terrain\patches\NEG00245.tif,E:\LandSlide-Prediction\data\terrain\contours\NEG00245.png,284.32427978515625,251.02610778808594,333.25701904296875,82.23091125488281,7.44727087020874,26.118927001953125,12.924287796020508,0.002112298272550106,0.4050784707069397
NEG00246,0,success,E:\LandSlide-Prediction\data\terrain\patches\NEG00246.tif,E:\LandSlide-Prediction\data\terrain\contours\NEG00246.png,227.0,227.0,227.0,0.0,0.0,0.0,0.0,0.0,0.0
NEG00247,0,success,E:\LandSlide-Prediction\data\terrain\patches\NEG00247.tif,E:\LandSlide-Prediction\data\terrain\contours\NEG00247.png,673.7177734375,531.1248779296875,811.9686889648438,280.84381103515625,29.20142936706543,48.41560363769531,39.18020248413086,-0.11416026949882507,0.9250640273094177
NEG00248,0,success,E:\LandSlide-Prediction\data\terrain\patches\NEG00248.tif,E:\LandSlide-Prediction\data\terrain\contours\NEG00248.png,312.47064208984375,249.3934326171875,393.2630615234375,143.86962890625,17.558143615722656,43.201416015625,26.69550132751465,-0.012326609343290329,0.8840914368629456
NEG00249,0,success,E:\LandSlide-Prediction\data\terrain\patches\NEG00249.tif,E:\LandSlide-Prediction\data\terrain\contours\NEG00249.png,419.49200439453125,403.2704162597656,437.6581115722656,34.3876953125,5.402281284332275,13.545512199401855,9.445576667785645,-0.004821097478270531,0.3062219023704529
NEG00250,0,success,E:\LandSlide-Prediction\data\terrain\patches\NEG00250.tif,E:\LandSlide-Prediction\data\terrain\contours\NEG00250.png,102.04046630859375,45.657203674316406,224.15760803222656,178.50039672851562,14.236211776733398,35.910091400146484,24.587810516357422,0.058735333383083344,0.7009823322296143
NEG00251,0,success,E:\LandSlide-Prediction\data\terrain\patches\NEG00251.tif,E:\LandSlide-Prediction\data\terrain\contours\NEG00251.png,181.96835327148438,163.66004943847656,209.85983276367188,46.19978332519531,7.561512470245361,18.92449378967285,12.692760467529297,0.010777447372674942,0.4528515338897705
NEG00252,0,success,E:\LandSlide-Prediction\data\terrain\patches\NEG00252.tif,E:\LandSlide-Prediction\data\terrain\contours\NEG00252.png,217.50845336914062,104.0047836303711,330.7330322265625,226.72824096679688,21.515060424804688,45.74647521972656,34.475425720214844,-0.07735543698072433,0.7203537821769714
NEG00253,0,success,E:\LandSlide-Prediction\data\terrain\patches\NEG00253.tif,E:\LandSlide-Prediction\data\terrain\contours\NEG00253.png,135.6455078125,126.21114349365234,143.35462951660156,17.14348602294922,3.1534838676452637,10.16033935546875,5.750422477722168,0.0009517320431768894,0.2155843824148178
NEG00254,0,success,E:\LandSlide-Prediction\data\terrain\patches\NEG00254.tif,E:\LandSlide-Prediction\data\terrain\contours\NEG00254.png,549.504150390625,467.071533203125,608.0208740234375,140.9493408203125,18.438180923461914,35.73069381713867,28.881793975830078,-0.08444497734308243,0.7545528411865234
NEG00255,0,success,E:\LandSlide-Prediction\data\terrain\patches\NEG00255.tif,E:\LandSlide-Prediction\data\terrain\contours\NEG00255.png,443.9969482421875,425.3514099121094,479.2452697753906,53.89385986328125,5.996888160705566,17.912681579589844,10.731287002563477,0.010965429246425629,0.3599272668361664
NEG00256,0,success,E:\LandSlide-Prediction\data\terrain\patches\NEG00256.tif,E:\LandSlide-Prediction\data\terrain\contours\NEG00256.png,352.90802001953125,259.7724609375,518.8950805664062,259.12261962890625,19.910036087036133,38.653011322021484,32.36162185668945,-0.061524152755737305,0.6472176909446716
NEG00257,0,success,E:\LandSlide-Prediction\data\terrain\patches\NEG00257.tif,E:\LandSlide-Prediction\data\terrain\contours\NEG00257.png,391.4167175292969,345.40594482421875,425.2270202636719,79.82107543945312,9.260769844055176,24.36427116394043,15.651765823364258,-0.020353000611066818,0.5384092330932617
NEG00258,0,success,E:\LandSlide-Prediction\data\terrain\patches\NEG00258.tif,E:\LandSlide-Prediction\data\terrain\contours\NEG00258.png,76.29582214355469,66.90967559814453,91.53541564941406,24.62574005126953,4.033353328704834,12.95757007598877,7.581083297729492,-0.0015805866569280624,0.3256072998046875
NEG00259,0,success,E:\LandSlide-Prediction\data\terrain\patches\NEG00259.tif,E:\LandSlide-Prediction\data\terrain\contours\NEG00259.png,158.324951171875,137.00515747070312,199.90005493164062,62.8948974609375,8.922313690185547,22.902677536010742,14.846376419067383,0.025982936844229698,0.49286094307899475
NEG00260,0,success,E:\LandSlide-Prediction\data\terrain\patches\NEG00260.tif,E:\LandSlide-Prediction\data\terrain\contours\NEG00260.png,794.0739135742188,762.416015625,846.4801635742188,84.06414794921875,7.377836227416992,26.2376651763916,13.000415802001953,-0.014195721596479416,0.46696069836616516
NEG00261,0,success,E:\LandSlide-Prediction\data\terrain\patches\NEG00261.tif,E:\LandSlide-Prediction\data\terrain\contours\NEG00261.png,123.96159362792969,117.38165283203125,131.67578125,14.29412841796875,2.692746162414551,10.508809089660645,4.960639953613281,0.0023821312934160233,0.26640385389328003
NEG00262,0,success,E:\LandSlide-Prediction\data\terrain\patches\NEG00262.tif,E:\LandSlide-Prediction\data\terrain\contours\NEG00262.png,111.29804992675781,102.99483489990234,120.29766082763672,17.302825927734375,2.878995418548584,7.789170265197754,4.973222732543945,-0.00395073089748621,0.19219167530536652
NEG00263,0,success,E:\LandSlide-Prediction\data\terrain\patches\NEG00263.tif,E:\LandSlide-Prediction\data\terrain\contours\NEG00263.png,1756.4505615234375,1623.23486328125,1914.3944091796875,291.1595458984375,21.683475494384766,42.52291488647461,32.789031982421875,0.05664631724357605,0.7878494262695312
NEG00264,0,success,E:\LandSlide-Prediction\data\terrain\patches\NEG00264.tif,E:\LandSlide-Prediction\data\terrain\contours\NEG00264.png,147.8340606689453,43.43119812011719,233.55740356445312,190.12620544433594,18.617185592651367,39.305999755859375,29.197460174560547,-0.012347832322120667,0.8047130703926086
NEG00265,0,success,E:\LandSlide-Prediction\data\terrain\patches\NEG00265.tif,E:\LandSlide-Prediction\data\terrain\contours\NEG00265.png,75.79802703857422,45.18244552612305,129.89842224121094,84.71597290039062,11.92959976196289,37.15691375732422,24.760271072387695,-0.007009342312812805,0.8097257018089294
NEG00266,0,success,E:\LandSlide-Prediction\data\terrain\patches\NEG00266.tif,E:\LandSlide-Prediction\data\terrain\contours\NEG00266.png,419.3699645996094,281.5079345703125,556.8302001953125,275.322265625,23.53128433227539,47.27054977416992,34.819923400878906,-0.025489524006843567,1.06270170211792
NEG00267,0,success,E:\LandSlide-Prediction\data\terrain\patches\NEG00267.tif,E:\LandSlide-Prediction\data\terrain\contours\NEG00267.png,230.88729858398438,227.0,297.09100341796875,70.09100341796875,3.6663899421691895,32.170921325683594,17.25648307800293,0.05817452445626259,0.30359137058258057
NEG00268,0,success,E:\LandSlide-Prediction\data\terrain\patches\NEG00268.tif,E:\LandSlide-Prediction\data\terrain\contours\NEG00268.png,431.8995361328125,427.0,457.74365234375,30.74365234375,4.091742038726807,36.496604919433594,10.914018630981445,0.0005863495171070099,0.4494597315788269
NEG00269,0,success,E:\LandSlide-Prediction\data\terrain\patches\NEG00269.tif,E:\LandSlide-Prediction\data\terrain\contours\NEG00269.png,139.21401977539062,55.815208435058594,260.8262634277344,205.01104736328125,20.761531829833984,44.5112419128418,33.106773376464844,-0.06968212127685547,1.159962773323059
NEG00270,0,success,E:\LandSlide-Prediction\data\terrain\patches\NEG00270.tif,E:\LandSlide-Prediction\data\terrain\contours\NEG00270.png,220.89077758789062,184.8743896484375,291.6285095214844,106.75411987304688,10.003440856933594,23.887550354003906,17.67613983154297,0.004653201438486576,0.5056458711624146
NEG00271,0,success,E:\LandSlide-Prediction\data\terrain\patches\NEG00271.tif,E:\LandSlide-Prediction\data\terrain\contours\NEG00271.png,104.5256576538086,83.90960693359375,156.80258178710938,72.89297485351562,9.968809127807617,27.439006805419922,17.418834686279297,0.06235520914196968,0.5387871861457825
NEG00272,0,success,E:\LandSlide-Prediction\data\terrain\patches\NEG00272.tif,E:\LandSlide-Prediction\data\terrain\contours\NEG00272.png,201.30804443359375,164.58982849121094,243.3865203857422,78.79669189453125,10.213589668273926,22.179832458496094,15.984699249267578,0.005542906932532787,0.6225818395614624
NEG00273,0,success,E:\LandSlide-Prediction\data\terrain\patches\NEG00273.tif,E:\LandSlide-Prediction\data\terrain\contours\NEG00273.png,199.43878173828125,168.00070190429688,263.4219665527344,95.4212646484375,9.946832656860352,28.914703369140625,17.249042510986328,0.008795136585831642,0.45769667625427246
NEG00274,0,success,E:\LandSlide-Prediction\data\terrain\patches\NEG00274.tif,E:\LandSlide-Prediction\data\terrain\contours\NEG00274.png,69.55213928222656,53.605567932128906,85.16507720947266,31.55950927734375,5.428844451904297,16.80782127380371,9.676985740661621,-0.01017092540860176,0.45018401741981506
NEG00275,0,success,E:\LandSlide-Prediction\data\terrain\patches\NEG00275.tif,E:\LandSlide-Prediction\data\terrain\contours\NEG00275.png,268.72479248046875,168.52761840820312,404.36663818359375,235.83901977539062,23.201351165771484,43.3297119140625,33.59686279296875,-0.057077713310718536,0.8401333093643188
NEG00276,0,success,E:\LandSlide-Prediction\data\terrain\patches\NEG00276.tif,E:\LandSlide-Prediction\data\terrain\contours\NEG00276.png,54.979949951171875,24.92081069946289,90.4073257446289,65.48651123046875,9.710789680480957,24.502145767211914,15.389982223510742,-0.024684591218829155,0.5186068415641785
NEG00277,0,success,E:\LandSlide-Prediction\data\terrain\patches\NEG00277.tif,E:\LandSlide-Prediction\data\terrain\contours\NEG00277.png,251.23989868164062,169.6324920654297,389.48590087890625,219.85340881347656,21.360065460205078,42.35678482055664,33.14733123779297,0.0374046191573143,1.0043338537216187
NEG00278,0,success,E:\LandSlide-Prediction\data\terrain\patches\NEG00278.tif,E:\LandSlide-Prediction\data\terrain\contours\NEG00278.png,1208.8770751953125,1169.5322265625,1237.3909912109375,67.8587646484375,7.7473955154418945,27.678997039794922,12.932861328125,-0.02899722009897232,0.44186633825302124
NEG00279,0,success,E:\LandSlide-Prediction\data\terrain\patches\NEG00279.tif,E:\LandSlide-Prediction\data\terrain\contours\NEG00279.png,897.5928955078125,790.393798828125,1038.4559326171875,248.0621337890625,18.734418869018555,43.63642501831055,26.804914474487305,0.08306555449962616,0.7142430543899536
NEG00280,0,success,E:\LandSlide-Prediction\data\terrain\patches\NEG00280.tif,E:\LandSlide-Prediction\data\terrain\contours\NEG00280.png,221.428466796875,96.20954895019531,345.52532958984375,249.31578063964844,22.373023986816406,41.92243957519531,34.02796173095703,0.039030272513628006,0.8054433465003967
NEG00281,0,success,E:\LandSlide-Prediction\data\terrain\patches\NEG00281.tif,E:\LandSlide-Prediction\data\terrain\contours\NEG00281.png,771.8859252929688,636.251953125,934.8863525390625,298.6343994140625,21.829410552978516,48.64443588256836,34.20454406738281,0.02566256746649742,0.8266262412071228
NEG00282,0,success,E:\LandSlide-Prediction\data\terrain\patches\NEG00282.tif,E:\LandSlide-Prediction\data\terrain\contours\NEG00282.png,157.11456298828125,141.81605529785156,181.1525115966797,39.336456298828125,6.1118340492248535,19.493362426757812,11.579439163208008,-0.016249973326921463,0.5247786045074463
NEG00283,0,success,E:\LandSlide-Prediction\data\terrain\patches\NEG00283.tif,E:\LandSlide-Prediction\data\terrain\contours\NEG00283.png,490.3486328125,460.9678039550781,523.4398803710938,62.472076416015625,9.225818634033203,25.65566635131836,15.795799255371094,-0.013767947442829609,0.6343281865119934
NEG00284,0,success,E:\LandSlide-Prediction\data\terrain\patches\NEG00284.tif,E:\LandSlide-Prediction\data\terrain\contours\NEG00284.png,98.05049896240234,87.91143798828125,116.44646453857422,28.53502655029297,5.6193647384643555,21.57166862487793,9.862239837646484,0.0065769110806286335,0.4411671757698059
NEG00285,0,success,E:\LandSlide-Prediction\data\terrain\patches\NEG00285.tif,E:\LandSlide-Prediction\data\terrain\contours\NEG00285.png,1139.71923828125,1022.8250122070312,1274.2353515625,251.41033935546875,24.42334747314453,57.152565002441406,45.737491607666016,-0.04424155503511429,1.0695016384124756
NEG00286,0,success,E:\LandSlide-Prediction\data\terrain\patches\NEG00286.tif,E:\LandSlide-Prediction\data\terrain\contours\NEG00286.png,169.96026611328125,157.6607666015625,197.97682189941406,40.31605529785156,6.402994632720947,28.227861404418945,16.876270294189453,-0.013237682171165943,0.5448951721191406
NEG00287,0,success,E:\LandSlide-Prediction\data\terrain\patches\NEG00287.tif,E:\LandSlide-Prediction\data\terrain\contours\NEG00287.png,45.15397644042969,26.268646240234375,67.0110092163086,40.74236297607422,6.093156814575195,21.654672622680664,10.755352020263672,-0.0036406090948730707,0.49605682492256165
NEG00288,0,success,E:\LandSlide-Prediction\data\terrain\patches\NEG00288.tif,E:\LandSlide-Prediction\data\terrain\contours\NEG00288.png,129.90521240234375,89.63250732421875,216.1927947998047,126.56028747558594,13.37453842163086,30.335107803344727,23.865249633789062,0.05973921716213226,0.5483067631721497
NEG00289,0,success,E:\LandSlide-Prediction\data\terrain\patches\NEG00289.tif,E:\LandSlide-Prediction\data\terrain\contours\NEG00289.png,293.1842041015625,213.87457275390625,495.7680969238281,281.8935241699219,20.006587982177734,40.42027282714844,30.275264739990234,0.06706574559211731,0.6484560370445251
NEG00290,0,success,E:\LandSlide-Prediction\data\terrain\patches\NEG00290.tif,E:\LandSlide-Prediction\data\terrain\contours\NEG00290.png,33.366455078125,16.66988754272461,115.06584930419922,98.39596557617188,8.675629615783691,30.027334213256836,20.015363693237305,0.06549984961748123,0.3968088924884796
NEG00291,0,success,E:\LandSlide-Prediction\data\terrain\patches\NEG00291.tif,E:\LandSlide-Prediction\data\terrain\contours\NEG00291.png,588.1288452148438,546.7125244140625,675.4208984375,128.7083740234375,11.230531692504883,31.197071075439453,22.24009895324707,0.06861861795186996,0.47725585103034973
NEG00292,0,success,E:\LandSlide-Prediction\data\terrain\patches\NEG00292.tif,E:\LandSlide-Prediction\data\terrain\contours\NEG00292.png,105.00735473632812,99.7614517211914,114.35920715332031,14.597755432128906,2.536111831665039,8.385622024536133,5.023799419403076,-0.008946117013692856,0.19615860283374786
NEG00293,0,success,E:\LandSlide-Prediction\data\terrain\patches\NEG00293.tif,E:\LandSlide-Prediction\data\terrain\contours\NEG00293.png,329.5397033691406,238.1322021484375,456.9953308105469,218.86312866210938,19.003009796142578,38.971073150634766,28.19080352783203,-0.01240056473761797,0.7779620289802551
NEG00294,0,success,E:\LandSlide-Prediction\data\terrain\patches\NEG00294.tif,E:\LandSlide-Prediction\data\terrain\contours\NEG00294.png,121.11944580078125,97.85515594482422,159.1940155029297,61.33885955810547,7.916697025299072,25.946277618408203,14.556404113769531,-0.007552738301455975,0.5483106374740601
NEG00295,0,success,E:\LandSlide-Prediction\data\terrain\patches\NEG00295.tif,E:\LandSlide-Prediction\data\terrain\contours\NEG00295.png,184.99205017089844,163.04530334472656,232.56884765625,69.52354431152344,10.126575469970703,30.02875518798828,22.32107162475586,0.05915180221199989,0.5707201957702637
NEG00296,0,success,E:\LandSlide-Prediction\data\terrain\patches\NEG00296.tif,E:\LandSlide-Prediction\data\terrain\contours\NEG00296.png,106.3060302734375,65.75407409667969,153.72998046875,87.97590637207031,12.669723510742188,31.81096649169922,22.697948455810547,-0.04608379676938057,0.7713072896003723
NEG00297,0,success,E:\LandSlide-Prediction\data\terrain\patches\NEG00297.tif,E:\LandSlide-Prediction\data\terrain\contours\NEG00297.png,493.8717041015625,453.222412109375,594.231201171875,141.0087890625,14.49307918548584,34.953609466552734,25.64877700805664,-0.03200734406709671,0.710200846195221
NEG00298,0,success,E:\LandSlide-Prediction\data\terrain\patches\NEG00298.tif,E:\LandSlide-Prediction\data\terrain\contours\NEG00298.png,139.91873168945312,130.2145538330078,156.5562744140625,26.341720581054688,2.002046585083008,16.705005645751953,7.330227851867676,0.0019941458012908697,0.27653050422668457
NEG00299,0,success,E:\LandSlide-Prediction\data\terrain\patches\NEG00299.tif,E:\LandSlide-Prediction\data\terrain\contours\NEG00299.png,413.2808837890625,350.10009765625,523.1827392578125,173.0826416015625,15.25062370300293,34.732025146484375,26.013683319091797,-0.06299019604921341,0.7629370093345642
NEG00300,0,success,E:\LandSlide-Prediction\data\terrain\patches\NEG00300.tif,E:\LandSlide-Prediction\data\terrain\contours\NEG00300.png,1181.754638671875,1043.1976318359375,1240.9674072265625,197.769775390625,19.71442985534668,43.496604919433594,32.49838638305664,-0.06705385446548462,0.7646486163139343
NEG00301,0,success,E:\LandSlide-Prediction\data\terrain\patches\NEG00301.tif,E:\LandSlide-Prediction\data\terrain\contours\NEG00301.png,400.68524169921875,293.3091125488281,524.7523193359375,231.44320678710938,21.503372192382812,32.95170211791992,28.912673950195312,0.07487764209508896,0.7193422913551331
NEG00302,0,success,E:\LandSlide-Prediction\data\terrain\patches\NEG00302.tif,E:\LandSlide-Prediction\data\terrain\contours\NEG00302.png,207.98626708984375,178.74745178222656,272.17626953125,93.42881774902344,6.880093574523926,31.547340393066406,11.33662223815918,0.005696970038115978,0.4860036075115204
NEG00303,0,success,E:\LandSlide-Prediction\data\terrain\patches\NEG00303.tif,E:\LandSlide-Prediction\data\terrain\contours\NEG00303.png,284.7501220703125,254.19512939453125,337.0402526855469,82.84512329101562,8.599433898925781,25.47624969482422,15.079546928405762,0.0592011883854866,0.4438873827457428
NEG00304,0,success,E:\LandSlide-Prediction\data\terrain\patches\NEG00304.tif,E:\LandSlide-Prediction\data\terrain\contours\NEG00304.png,246.89627075195312,166.0721435546875,310.5776062011719,144.50546264648438,16.08576202392578,34.51136779785156,26.04296875,-0.050052668899297714,0.6447637677192688
NEG00305,0,success,E:\LandSlide-Prediction\data\terrain\patches\NEG00305.tif,E:\LandSlide-Prediction\data\terrain\contours\NEG00305.png,1397.692626953125,1369.496826171875,1466.2091064453125,96.7122802734375,10.230210304260254,25.179584503173828,16.65545654296875,-0.006191939115524292,0.6282199025154114
NEG00306,0,success,E:\LandSlide-Prediction\data\terrain\patches\NEG00306.tif,E:\LandSlide-Prediction\data\terrain\contours\NEG00306.png,215.27188110351562,196.69699096679688,237.66981506347656,40.97282409667969,7.104962348937988,24.626646041870117,13.153287887573242,-0.03456997498869896,0.4928605556488037
NEG00307,0,success,E:\LandSlide-Prediction\data\terrain\patches\NEG00307.tif,E:\LandSlide-Prediction\data\terrain\contours\NEG00307.png,99.76638793945312,81.46758270263672,141.87257385253906,60.404991149902344,7.172823429107666,23.543163299560547,13.376940727233887,-0.02557244896888733,0.4266376495361328
NEG00308,0,success,E:\LandSlide-Prediction\data\terrain\patches\NEG00308.tif,E:\LandSlide-Prediction\data\terrain\contours\NEG00308.png,2019.935546875,1898.986572265625,2092.16015625,193.173583984375,18.40156364440918,36.69015121459961,27.107206344604492,-0.06334443390369415,0.6564969420433044
NEG00309,0,success,E:\LandSlide-Prediction\data\terrain\patches\NEG00309.tif,E:\LandSlide-Prediction\data\terrain\contours\NEG00309.png,129.7630615234375,111.69746398925781,144.615966796875,32.91850280761719,4.388216018676758,13.271509170532227,8.043039321899414,-0.01004169974476099,0.31380558013916016
NEG00310,0,success,E:\LandSlide-Prediction\data\terrain\patches\NEG00310.tif,E:\LandSlide-Prediction\data\terrain\contours\NEG00310.png,236.64007568359375,200.91226196289062,302.2173767089844,101.30511474609375,13.377246856689453,34.124393463134766,22.241809844970703,0.02501314878463745,0.8450509905815125
NEG00311,0,success,E:\LandSlide-Prediction\data\terrain\patches\NEG00311.tif,E:\LandSlide-Prediction\data\terrain\contours\NEG00311.png,102.9697036743164,52.238704681396484,294.8719787597656,242.63327026367188,17.5814151763916,43.63218688964844,27.91050148010254,0.06498432159423828,0.6113874316215515
NEG00312,0,success,E:\LandSlide-Prediction\data\terrain\patches\NEG00312.tif,E:\LandSlide-Prediction\data\terrain\contours\NEG00312.png,520.3947143554688,462.25970458984375,557.0220336914062,94.7623291015625,12.416879653930664,30.82759666442871,20.541791915893555,-0.026636382564902306,0.6935204863548279
NEG00313,0,success,E:\LandSlide-Prediction\data\terrain\patches\NEG00313.tif,E:\LandSlide-Prediction\data\terrain\contours\NEG00313.png,678.5895385742188,621.2604370117188,739.2059936523438,117.945556640625,15.626663208007812,33.37049102783203,28.633291244506836,0.039369355887174606,0.7543145418167114
NEG00314,0,success,E:\LandSlide-Prediction\data\terrain\patches\NEG00314.tif,E:\LandSlide-Prediction\data\terrain\contours\NEG00314.png,225.26333618164062,216.9610595703125,236.1099853515625,19.14892578125,3.1380016803741455,16.68178367614746,6.474847793579102,0.005032842978835106,0.26428669691085815
NEG00315,0,success,E:\LandSlide-Prediction\data\terrain\patches\NEG00315.tif,E:\LandSlide-Prediction\data\terrain\contours\NEG00315.png,136.09498596191406,127.1370620727539,147.57638549804688,20.43932342529297,2.8263649940490723,9.782669067382812,4.9714250564575195,0.007111372426152229,0.20157162845134735
NEG00316,0,success,E:\LandSlide-Prediction\data\terrain\patches\NEG00316.tif,E:\LandSlide-Prediction\data\terrain\contours\NEG00316.png,141.88784790039062,132.8760986328125,157.15968322753906,24.283584594726562,4.564981937408447,17.672935485839844,9.25285816192627,0.0023953840136528015,0.37100476026535034
NEG00317,0,success,E:\LandSlide-Prediction\data\terrain\patches\NEG00317.tif,E:\LandSlide-Prediction\data\terrain\contours\NEG00317.png,158.63461303710938,115.99928283691406,209.99949645996094,94.00021362304688,12.053997993469238,37.76934814453125,20.930984497070312,-0.01483919844031334,0.7061393857002258
NEG00318,0,success,E:\LandSlide-Prediction\data\terrain\patches\NEG00318.tif,E:\LandSlide-Prediction\data\terrain\contours\NEG00318.png,577.0409545898438,534.7205810546875,652.56787109375,117.8472900390625,15.10102653503418,37.01615524291992,23.51593780517578,0.07464245706796646,0.836385190486908
NEG00319,0,success,E:\LandSlide-Prediction\data\terrain\patches\NEG00319.tif,E:\LandSlide-Prediction\data\terrain\contours\NEG00319.png,733.8626708984375,693.1721801757812,811.1793823242188,118.0072021484375,17.93262481689453,41.820003509521484,31.748367309570312,0.0658382773399353,0.9363056421279907
NEG00320,0,success,E:\LandSlide-Prediction\data\terrain\patches\NEG00320.tif,E:\LandSlide-Prediction\data\terrain\contours\NEG00320.png,807.3809814453125,745.5723266601562,875.2194213867188,129.6470947265625,14.506141662597656,30.38422203063965,22.92342758178711,0.015044018626213074,0.6728718876838684
NEG00321,0,success,E:\LandSlide-Prediction\data\terrain\patches\NEG00321.tif,E:\LandSlide-Prediction\data\terrain\contours\NEG00321.png,487.9077453613281,395.0457458496094,572.5511474609375,177.50540161132812,17.35157012939453,36.26276779174805,23.27663230895996,0.03212689608335495,0.7236297130584717
NEG00322,0,success,E:\LandSlide-Prediction\data\terrain\patches\NEG00322.tif,E:\LandSlide-Prediction\data\terrain\contours\NEG00322.png,175.4473876953125,139.01527404785156,249.04901123046875,110.03373718261719,14.33033275604248,36.102394104003906,23.04424476623535,-0.03257982060313225,0.7735970616340637
NEG00323,0,success,E:\LandSlide-Prediction\data\terrain\patches\NEG00323.tif,E:\LandSlide-Prediction\data\terrain\contours\NEG00323.png,72.0067138671875,30.731979370117188,166.19578552246094,135.46380615234375,17.017593383789062,40.27610397338867,28.590572357177734,0.042586199939250946,0.7447941303253174
NEG00324,0,success,E:\LandSlide-Prediction\data\terrain\patches\NEG00324.tif,E:\LandSlide-Prediction\data\terrain\contours\NEG00324.png,481.2444763183594,395.28546142578125,597.3670654296875,202.08160400390625,16.668842315673828,30.209136962890625,25.409700393676758,0.017064157873392105,0.5812130570411682
NEG00325,0,success,E:\LandSlide-Prediction\data\terrain\patches\NEG00325.tif,E:\LandSlide-Prediction\data\terrain\contours\NEG00325.png,871.89697265625,757.8834838867188,934.1647338867188,176.28125,13.680405616760254,33.03113555908203,21.514432907104492,0.03725419566035271,0.6598556041717529
NEG00326,0,success,E:\LandSlide-Prediction\data\terrain\patches\NEG00326.tif,E:\LandSlide-Prediction\data\terrain\contours\NEG00326.png,133.39178466796875,112.87091827392578,167.9697265625,55.09880828857422,8.125693321228027,21.418458938598633,14.715274810791016,0.014853148721158504,0.497923880815506
NEG00327,0,success,E:\LandSlide-Prediction\data\terrain\patches\NEG00327.tif,E:\LandSlide-Prediction\data\terrain\contours\NEG00327.png,88.42338562011719,26.262393951416016,231.6204071044922,205.35801696777344,18.576213836669922,44.706687927246094,34.782691955566406,0.017642870545387268,0.656242311000824
NEG00328,0,success,E:\LandSlide-Prediction\data\terrain\patches\NEG00328.tif,E:\LandSlide-Prediction\data\terrain\contours\NEG00328.png,208.23745727539062,137.80783081054688,255.51046752929688,117.70263671875,14.696630477905273,36.643611907958984,26.31113624572754,-0.07107008993625641,0.5381167531013489
NEG00329,0,success,E:\LandSlide-Prediction\data\terrain\patches\NEG00329.tif,E:\LandSlide-Prediction\data\terrain\contours\NEG00329.png,214.40240478515625,185.5760955810547,259.17486572265625,73.59877014160156,7.86500358581543,28.932037353515625,15.992707252502441,-0.00469992496073246,0.45210257172584534
NEG00330,0,success,E:\LandSlide-Prediction\data\terrain\patches\NEG00330.tif,E:\LandSlide-Prediction\data\terrain\contours\NEG00330.png,39.22338104248047,21.591428756713867,94.05830383300781,72.46687316894531,9.279184341430664,29.613956451416016,22.763141632080078,-0.02277519181370735,0.524186909198761
NEG00331,0,success,E:\LandSlide-Prediction\data\terrain\patches\NEG00331.tif,E:\LandSlide-Prediction\data\terrain\contours\NEG00331.png,86.8995590209961,74.42689514160156,98.54832458496094,24.121429443359375,4.943912506103516,20.231800079345703,11.354503631591797,0.0012848852202296257,0.3511875569820404
NEG00332,0,success,E:\LandSlide-Prediction\data\terrain\patches\NEG00332.tif,E:\LandSlide-Prediction\data\terrain\contours\NEG00332.png,311.242919921875,269.18231201171875,362.9349670410156,93.75265502929688,11.044185638427734,26.225481033325195,18.12082290649414,-0.016583528369665146,0.5371293425559998
NEG00333,0,success,E:\LandSlide-Prediction\data\terrain\patches\NEG00333.tif,E:\LandSlide-Prediction\data\terrain\contours\NEG00333.png,269.41314697265625,210.7231903076172,330.95819091796875,120.23500061035156,14.894018173217773,29.37203598022461,24.122709274291992,-0.007859790697693825,0.8146847486495972
NEG00334,0,success,E:\LandSlide-Prediction\data\terrain\patches\NEG00334.tif,E:\LandSlide-Prediction\data\terrain\contours\NEG00334.png,100.87881469726562,65.61863708496094,190.26913452148438,124.65049743652344,8.679173469543457,28.2110652923584,17.070510864257812,-0.0061519332230091095,0.412191241979599
NEG00335,0,success,E:\LandSlide-Prediction\data\terrain\patches\NEG00335.tif,E:\LandSlide-Prediction\data\terrain\contours\NEG00335.png,235.73220825195312,192.38461303710938,285.4108581542969,93.0262451171875,12.170148849487305,26.07247543334961,19.797698974609375,0.009695774875581264,0.6100645065307617
NEG00336,0,success,E:\LandSlide-Prediction\data\terrain\patches\NEG00336.tif,E:\LandSlide-Prediction\data\terrain\contours\NEG00336.png,771.4857177734375,598.1957397460938,934.7117919921875,336.51605224609375,24.686264038085938,39.58464431762695,33.7920036315918,-0.020245634019374847,0.8317540884017944
NEG00337,0,success,E:\LandSlide-Prediction\data\terrain\patches\NEG00337.tif,E:\LandSlide-Prediction\data\terrain\contours\NEG00337.png,762.2681274414062,662.954345703125,862.6347045898438,199.68035888671875,18.92457389831543,35.7943115234375,27.396102905273438,-0.032278675585985184,0.7543381452560425
NEG00338,0,success,E:\LandSlide-Prediction\data\terrain\patches\NEG00338.tif,E:\LandSlide-Prediction\data\terrain\contours\NEG00338.png,1388.296142578125,1301.15966796875,1460.65234375,159.49267578125,12.871967315673828,36.15660095214844,21.685150146484375,0.04896077513694763,0.6467625498771667
NEG00339,0,success,E:\LandSlide-Prediction\data\terrain\patches\NEG00339.tif,E:\LandSlide-Prediction\data\terrain\contours\NEG00339.png,104.95758819580078,69.32048034667969,242.16856384277344,172.84808349609375,13.71315860748291,53.48996353149414,29.642274856567383,0.05727757513523102,0.694831907749176
NEG00340,0,success,E:\LandSlide-Prediction\data\terrain\patches\NEG00340.tif,E:\LandSlide-Prediction\data\terrain\contours\NEG00340.png,68.64521789550781,48.321659088134766,87.40676879882812,39.08510971069336,5.943355560302734,18.19430923461914,11.169515609741211,-0.002520926296710968,0.45809656381607056
NEG00341,0,success,E:\LandSlide-Prediction\data\terrain\patches\NEG00341.tif,E:\LandSlide-Prediction\data\terrain\contours\NEG00341.png,259.5791015625,194.4024200439453,370.260986328125,175.8585662841797,16.218170166015625,31.922618865966797,25.15082550048828,-0.00556851364672184,0.5738385319709778
NEG00342,0,success,E:\LandSlide-Prediction\data\terrain\patches\NEG00342.tif,E:\LandSlide-Prediction\data\terrain\contours\NEG00342.png,1608.05078125,1482.652587890625,1778.0758056640625,295.4232177734375,20.85016441345215,50.13656997680664,35.003746032714844,-0.03137420862913132,0.7557475566864014
NEG00343,0,success,E:\LandSlide-Prediction\data\terrain\patches\NEG00343.tif,E:\LandSlide-Prediction\data\terrain\contours\NEG00343.png,193.10623168945312,175.5260467529297,219.60093688964844,44.07489013671875,7.327925682067871,24.092126846313477,12.905900955200195,0.01018792949616909,0.483828604221344
NEG00344,0,success,E:\LandSlide-Prediction\data\terrain\patches\NEG00344.tif,E:\LandSlide-Prediction\data\terrain\contours\NEG00344.png,294.3480224609375,181.67645263671875,363.0471496582031,181.37069702148438,19.309680938720703,41.94804382324219,30.477323532104492,-0.08221006393432617,0.7832050919532776
NEG00345,0,success,E:\LandSlide-Prediction\data\terrain\patches\NEG00345.tif,E:\LandSlide-Prediction\data\terrain\contours\NEG00345.png,1237.440185546875,1058.8966064453125,1349.621826171875,290.7252197265625,22.642362594604492,52.885902404785156,36.87155532836914,-0.05543389916419983,1.1675498485565186
NEG00346,0,success,E:\LandSlide-Prediction\data\terrain\patches\NEG00346.tif,E:\LandSlide-Prediction\data\terrain\contours\NEG00346.png,524.6152954101562,398.2867126464844,633.91162109375,235.62490844726562,21.4476375579834,39.83797073364258,29.96717071533203,-0.029841184616088867,0.8828375935554504
NEG00347,0,success,E:\LandSlide-Prediction\data\terrain\patches\NEG00347.tif,E:\LandSlide-Prediction\data\terrain\contours\NEG00347.png,519.342041015625,500.4486083984375,546.7598266601562,46.31121826171875,9.693864822387695,24.001142501831055,17.278017044067383,0.023122087121009827,0.7166272401809692
NEG00348,0,success,E:\LandSlide-Prediction\data\terrain\patches\NEG00348.tif,E:\LandSlide-Prediction\data\terrain\contours\NEG00348.png,1677.7362060546875,1603.3232421875,1836.37890625,233.0556640625,16.997541427612305,38.11745071411133,24.688777923583984,-0.023282885551452637,0.7140049338340759
NEG00349,0,success,E:\LandSlide-Prediction\data\terrain\patches\NEG00349.tif,E:\LandSlide-Prediction\data\terrain\contours\NEG00349.png,631.5284423828125,556.3949584960938,694.1216430664062,137.7266845703125,12.738872528076172,35.87858963012695,21.367259979248047,-0.016554411500692368,0.608444333076477
NEG00350,0,success,E:\LandSlide-Prediction\data\terrain\patches\NEG00350.tif,E:\LandSlide-Prediction\data\terrain\contours\NEG00350.png,513.0599365234375,431.70050048828125,618.3556518554688,186.6551513671875,16.313522338867188,35.68984603881836,25.463834762573242,0.058409079909324646,0.7432567477226257
NEG00351,0,success,E:\LandSlide-Prediction\data\terrain\patches\NEG00351.tif,E:\LandSlide-Prediction\data\terrain\contours\NEG00351.png,563.9454345703125,492.7464904785156,613.6419067382812,120.89541625976562,12.349461555480957,24.295988082885742,18.255172729492188,0.002201404422521591,0.4726133644580841
NEG00352,0,success,E:\LandSlide-Prediction\data\terrain\patches\NEG00352.tif,E:\LandSlide-Prediction\data\terrain\contours\NEG00352.png,374.656494140625,268.8910827636719,511.4281921386719,242.537109375,20.582990646362305,34.17655563354492,27.71011734008789,-0.056938596069812775,0.7416516542434692
NEG00353,0,success,E:\LandSlide-Prediction\data\terrain\patches\NEG00353.tif,E:\LandSlide-Prediction\data\terrain\contours\NEG00353.png,145.52549743652344,70.5892333984375,204.24826049804688,133.65902709960938,15.240287780761719,41.308311462402344,24.064781188964844,-0.01756739616394043,0.7611600756645203
NEG00354,0,success,E:\LandSlide-Prediction\data\terrain\patches\NEG00354.tif,E:\LandSlide-Prediction\data\terrain\contours\NEG00354.png,413.16619873046875,322.8526306152344,582.5514526367188,259.6988220214844,17.13724708557129,37.37889099121094,26.821720123291016,0.06028208136558533,0.5793936252593994
NEG00355,0,success,E:\LandSlide-Prediction\data\terrain\patches\NEG00355.tif,E:\LandSlide-Prediction\data\terrain\contours\NEG00355.png,223.0263671875,111.85631561279297,360.6533203125,248.7969970703125,19.500144958496094,44.0845947265625,33.39799499511719,-0.0260925255715847,0.5758730173110962
NEG00356,0,success,E:\LandSlide-Prediction\data\terrain\patches\NEG00356.tif,E:\LandSlide-Prediction\data\terrain\contours\NEG00356.png,72.77226257324219,58.54635238647461,124.06941223144531,65.52305603027344,6.575270652770996,29.070178985595703,11.571718215942383,0.022904373705387115,0.36037564277648926
NEG00357,0,success,E:\LandSlide-Prediction\data\terrain\patches\NEG00357.tif,E:\LandSlide-Prediction\data\terrain\contours\NEG00357.png,145.22491455078125,130.49594116210938,162.53143310546875,32.035491943359375,4.68165922164917,12.879172325134277,7.898233890533447,0.01442236639559269,0.35193389654159546
NEG00358,0,success,E:\LandSlide-Prediction\data\terrain\patches\NEG00358.tif,E:\LandSlide-Prediction\data\terrain\contours\NEG00358.png,804.7495727539062,750.5723876953125,896.8578491210938,146.28546142578125,15.539936065673828,34.85917663574219,25.2126407623291,0.04434965178370476,0.7113099694252014
NEG00359,0,success,E:\LandSlide-Prediction\data\terrain\patches\NEG00359.tif,E:\LandSlide-Prediction\data\terrain\contours\NEG00359.png,347.1136779785156,335.60382080078125,367.7708435058594,32.167022705078125,4.679770469665527,18.96465301513672,9.028480529785156,0.00301448255777359,0.29967132210731506
NEG00360,0,success,E:\LandSlide-Prediction\data\terrain\patches\NEG00360.tif,E:\LandSlide-Prediction\data\terrain\contours\NEG00360.png,87.42977905273438,78.61026763916016,99.0577392578125,20.447471618652344,2.752271890640259,9.715710639953613,4.997152328491211,0.0020921481773257256,0.19163690507411957
NEG00361,0,success,E:\LandSlide-Prediction\data\terrain\patches\NEG00361.tif,E:\LandSlide-Prediction\data\terrain\contours\NEG00361.png,305.35650634765625,276.3917541503906,341.4080505371094,65.01629638671875,10.194215774536133,44.394405364990234,19.522693634033203,-0.06491991132497787,0.617732584476471
NEG00362,0,success,E:\LandSlide-Prediction\data\terrain\patches\NEG00362.tif,E:\LandSlide-Prediction\data\terrain\contours\NEG00362.png,525.7980346679688,492.42266845703125,583.483642578125,91.06097412109375,11.418024063110352,30.520753860473633,18.41739273071289,-0.04878425598144531,0.6179215908050537
NEG00363,0,success,E:\LandSlide-Prediction\data\terrain\patches\NEG00363.tif,E:\LandSlide-Prediction\data\terrain\contours\NEG00363.png,852.76416015625,700.4649047851562,977.5739135742188,277.1090087890625,23.254413604736328,44.27149963378906,33.39384841918945,0.02630460262298584,0.792593777179718
NEG00364,0,success,E:\LandSlide-Prediction\data\terrain\patches\NEG00364.tif,E:\LandSlide-Prediction\data\terrain\contours\NEG00364.png,252.56533813476562,212.1119384765625,313.67333984375,101.5614013671875,15.033472061157227,36.32088851928711,23.845535278320312,-0.012072920799255371,0.9212167263031006
NEG00365,0,success,E:\LandSlide-Prediction\data\terrain\patches\NEG00365.tif,E:\LandSlide-Prediction\data\terrain\contours\NEG00365.png,762.1806030273438,717.6890258789062,823.6774291992188,105.9884033203125,15.401442527770996,33.85913848876953,25.43084144592285,-0.03355419263243675,0.8567512631416321
NEG00366,0,success,E:\LandSlide-Prediction\data\terrain\patches\NEG00366.tif,E:\LandSlide-Prediction\data\terrain\contours\NEG00366.png,80.11428833007812,64.54973602294922,112.60020446777344,48.05046844482422,5.928948879241943,19.41181755065918,10.77704906463623,0.016964342445135117,0.383037805557251
NEG00367,0,success,E:\LandSlide-Prediction\data\terrain\patches\NEG00367.tif,E:\LandSlide-Prediction\data\terrain\contours\NEG00367.png,855.6051025390625,774.7470092773438,965.1776733398438,190.4306640625,16.80008316040039,32.34418869018555,23.107009887695312,0.05710235983133316,0.6808094382286072
NEG00368,0,success,E:\LandSlide-Prediction\data\terrain\patches\NEG00368.tif,E:\LandSlide-Prediction\data\terrain\contours\NEG00368.png,1877.66259765625,1662.498291015625,2010.6126708984375,348.1143798828125,31.268836975097656,47.33687210083008,41.19820785522461,-0.024135500192642212,1.020575761795044
NEG00369,0,success,E:\LandSlide-Prediction\data\terrain\patches\NEG00369.tif,E:\LandSlide-Prediction\data\terrain\contours\NEG00369.png,1010.5791015625,882.9488525390625,1169.3602294921875,286.411376953125,21.94666862487793,34.735836029052734,29.252153396606445,-0.05895797908306122,0.6473636627197266
NEG00370,0,success,E:\LandSlide-Prediction\data\terrain\patches\NEG00370.tif,E:\LandSlide-Prediction\data\terrain\contours\NEG00370.png,1043.1611328125,1004.1541748046875,1101.145263671875,96.9910888671875,14.663497924804688,29.603046417236328,23.158222198486328,0.0048532262444496155,0.6741176843643188
NEG00371,0,success,E:\LandSlide-Prediction\data\terrain\patches\NEG00371.tif,E:\LandSlide-Prediction\data\terrain\contours\NEG00371.png,369.94854736328125,265.2190856933594,478.7732849121094,213.55419921875,20.309385299682617,36.178340911865234,28.73019027709961,-0.01826997473835945,0.8764339685440063
NEG00372,0,success,E:\LandSlide-Prediction\data\terrain\patches\NEG00372.tif,E:\LandSlide-Prediction\data\terrain\contours\NEG00372.png,131.626708984375,116.7491683959961,142.0726318359375,25.323463439941406,3.519351005554199,10.446252822875977,6.032450199127197,-0.0018382375128567219,0.2370625138282776
NEG00373,0,success,E:\LandSlide-Prediction\data\terrain\patches\NEG00373.tif,E:\LandSlide-Prediction\data\terrain\contours\NEG00373.png,1272.21533203125,1222.589111328125,1301.28271484375,78.693603515625,9.427777290344238,23.657358169555664,16.702960968017578,-0.010896116495132446,0.5944355726242065
NEG00374,0,success,E:\LandSlide-Prediction\data\terrain\patches\NEG00374.tif,E:\LandSlide-Prediction\data\terrain\contours\NEG00374.png,208.3175811767578,134.84153747558594,291.6188659667969,156.77732849121094,15.798120498657227,33.378318786621094,23.926349639892578,0.01836506277322769,0.7298098206520081
NEG00375,0,success,E:\LandSlide-Prediction\data\terrain\patches\NEG00375.tif,E:\LandSlide-Prediction\data\terrain\contours\NEG00375.png,196.62977600097656,149.81005859375,257.9626159667969,108.15255737304688,15.110404968261719,42.55460739135742,25.9090518951416,-0.004234852269291878,0.8834084272384644
NEG00376,0,success,E:\LandSlide-Prediction\data\terrain\patches\NEG00376.tif,E:\LandSlide-Prediction\data\terrain\contours\NEG00376.png,762.9093017578125,699.6456298828125,844.1879272460938,144.54229736328125,13.36090087890625,28.035383224487305,20.618934631347656,-0.05927719548344612,0.6026804447174072
NEG00377,0,success,E:\LandSlide-Prediction\data\terrain\patches\NEG00377.tif,E:\LandSlide-Prediction\data\terrain\contours\NEG00377.png,533.4705810546875,446.80877685546875,653.9935913085938,207.184814453125,18.128204345703125,39.88949966430664,26.778446197509766,-0.03949572890996933,0.7965443730354309
NEG00378,0,success,E:\LandSlide-Prediction\data\terrain\patches\NEG00378.tif,E:\LandSlide-Prediction\data\terrain\contours\NEG00378.png,192.6713104248047,131.0086669921875,280.1242370605469,149.11557006835938,16.761659622192383,34.24055099487305,24.930877685546875,0.06643716990947723,0.6466591358184814
NEG00379,0,success,E:\LandSlide-Prediction\data\terrain\patches\NEG00379.tif,E:\LandSlide-Prediction\data\terrain\contours\NEG00379.png,260.5674743652344,160.85635375976562,351.0638732910156,190.20751953125,22.88585090637207,50.71070861816406,34.71896743774414,-0.05724549666047096,0.9015557169914246
NEG00380,0,success,E:\LandSlide-Prediction\data\terrain\patches\NEG00380.tif,E:\LandSlide-Prediction\data\terrain\contours\NEG00380.png,1168.3739013671875,1094.7384033203125,1251.9183349609375,157.179931640625,15.567112922668457,40.74870300292969,23.25787925720215,-0.07512318342924118,0.6486544609069824
NEG00381,0,success,E:\LandSlide-Prediction\data\terrain\patches\NEG00381.tif,E:\LandSlide-Prediction\data\terrain\contours\NEG00381.png,572.718017578125,536.5718994140625,622.64013671875,86.0682373046875,10.399198532104492,25.95921516418457,16.316604614257812,-0.004469964653253555,0.6427628993988037
NEG00382,0,success,E:\LandSlide-Prediction\data\terrain\patches\NEG00382.tif,E:\LandSlide-Prediction\data\terrain\contours\NEG00382.png,13.311145782470703,2.9836995601654053,28.7197208404541,25.736021041870117,5.454287528991699,16.825468063354492,9.666755676269531,0.01363186351954937,0.3833874464035034
NEG00383,0,success,E:\LandSlide-Prediction\data\terrain\patches\NEG00383.tif,E:\LandSlide-Prediction\data\terrain\contours\NEG00383.png,362.7891845703125,209.63368225097656,501.98297119140625,292.34930419921875,22.596012115478516,38.08588409423828,31.442035675048828,-0.09436780214309692,0.6964480876922607
NEG00384,0,success,E:\LandSlide-Prediction\data\terrain\patches\NEG00384.tif,E:\LandSlide-Prediction\data\terrain\contours\NEG00384.png,208.03562927246094,117.32620239257812,295.09222412109375,177.76602172851562,16.952991485595703,42.71123504638672,29.447376251220703,0.009297586977481842,0.6940165758132935
NEG00385,0,success,E:\LandSlide-Prediction\data\terrain\patches\NEG00385.tif,E:\LandSlide-Prediction\data\terrain\contours\NEG00385.png,1136.7454833984375,1095.8873291015625,1247.42724609375,151.5399169921875,16.285184860229492,37.21642303466797,28.00533103942871,0.027583695948123932,0.8461979031562805
NEG00386,0,success,E:\LandSlide-Prediction\data\terrain\patches\NEG00386.tif,E:\LandSlide-Prediction\data\terrain\contours\NEG00386.png,139.18258666992188,78.16085052490234,210.1577606201172,131.99691772460938,16.114559173583984,33.199493408203125,24.89658546447754,-0.06626835465431213,0.61238694190979
NEG00387,0,success,E:\LandSlide-Prediction\data\terrain\patches\NEG00387.tif,E:\LandSlide-Prediction\data\terrain\contours\NEG00387.png,2000.007080078125,1855.92431640625,2118.244140625,262.31982421875,23.329254150390625,44.80743408203125,35.6442985534668,0.06769423186779022,0.9390712380409241
NEG00388,0,success,E:\LandSlide-Prediction\data\terrain\patches\NEG00388.tif,E:\LandSlide-Prediction\data\terrain\contours\NEG00388.png,154.79930114746094,123.17340087890625,258.316162109375,135.14276123046875,7.120461463928223,31.115352630615234,12.561870574951172,0.008523914031684399,0.3215004503726959
NEG00389,0,success,E:\LandSlide-Prediction\data\terrain\patches\NEG00389.tif,E:\LandSlide-Prediction\data\terrain\contours\NEG00389.png,292.045654296875,259.95037841796875,380.5229187011719,120.57254028320312,8.473889350891113,32.17404556274414,22.845050811767578,0.012659037485718727,0.4737303853034973
NEG00390,0,success,E:\LandSlide-Prediction\data\terrain\patches\NEG00390.tif,E:\LandSlide-Prediction\data\terrain\contours\NEG00390.png,187.9146270751953,130.14361572265625,230.7821502685547,100.63853454589844,16.670228958129883,31.56947135925293,25.39324188232422,-0.040460310876369476,0.7930066585540771
NEG00391,0,success,E:\LandSlide-Prediction\data\terrain\patches\NEG00391.tif,E:\LandSlide-Prediction\data\terrain\contours\NEG00391.png,155.0248260498047,147.8889617919922,166.2687530517578,18.379791259765625,3.2083899974823,11.9299955368042,7.395232200622559,0.0037176357582211494,0.24638953804969788
NEG00392,0,success,E:\LandSlide-Prediction\data\terrain\patches\NEG00392.tif,E:\LandSlide-Prediction\data\terrain\contours\NEG00392.png,111.53547668457031,102.52610778808594,136.2589569091797,33.73284912109375,3.5250556468963623,13.008793830871582,6.398046493530273,0.0066780028864741325,0.25690698623657227
NEG00393,0,success,E:\LandSlide-Prediction\data\terrain\patches\NEG00393.tif,E:\LandSlide-Prediction\data\terrain\contours\NEG00393.png,372.10357666015625,269.40179443359375,441.0478820800781,171.64608764648438,18.019010543823242,42.81035232543945,29.98455047607422,-0.030213922262191772,0.8234445452690125
NEG00394,0,success,E:\LandSlide-Prediction\data\terrain\patches\NEG00394.tif,E:\LandSlide-Prediction\data\terrain\contours\NEG00394.png,113.27651977539062,71.2108154296875,173.70623779296875,102.49542236328125,13.061208724975586,28.351146697998047,21.60491371154785,-0.013491727411746979,0.6801660060882568
NEG00395,0,success,E:\LandSlide-Prediction\data\terrain\patches\NEG00395.tif,E:\LandSlide-Prediction\data\terrain\contours\NEG00395.png,125.42251586914062,116.36198425292969,136.3273468017578,19.965362548828125,3.8476901054382324,11.485011100769043,7.387223243713379,0.016009215265512466,0.3081968128681183
NEG00396,0,success,E:\LandSlide-Prediction\data\terrain\patches\NEG00396.tif,E:\LandSlide-Prediction\data\terrain\contours\NEG00396.png,86.19207763671875,58.338993072509766,123.79408264160156,65.45509338378906,9.885826110839844,23.799280166625977,17.763824462890625,-0.019650472328066826,0.5309605002403259
NEG00397,0,success,E:\LandSlide-Prediction\data\terrain\patches\NEG00397.tif,E:\LandSlide-Prediction\data\terrain\contours\NEG00397.png,55.86195373535156,35.832847595214844,91.2968978881836,55.46405029296875,7.989319324493408,26.748748779296875,15.581735610961914,-0.009433375671505928,0.5339062213897705
NEG00398,0,success,E:\LandSlide-Prediction\data\terrain\patches\NEG00398.tif,E:\LandSlide-Prediction\data\terrain\contours\NEG00398.png,260.0453796386719,226.3951873779297,298.1504821777344,71.75529479980469,12.527307510375977,30.85776138305664,19.853923797607422,-0.01797950640320778,0.7701444625854492
NEG00399,0,success,E:\LandSlide-Prediction\data\terrain\patches\NEG00399.tif,E:\LandSlide-Prediction\data\terrain\contours\NEG00399.png,1553.267822265625,1484.543212890625,1614.8563232421875,130.3131103515625,9.794490814208984,33.54711151123047,17.210262298583984,0.03836379200220108,0.46195098757743835
NEG00400,0,success,E:\LandSlide-Prediction\data\terrain\patches\NEG00400.tif,E:\LandSlide-Prediction\data\terrain\contours\NEG00400.png,138.09140014648438,113.12803649902344,176.61892700195312,63.49089050292969,7.029617786407471,24.98761749267578,14.345185279846191,-0.02696746401488781,0.4274366796016693
NEG00401,0,success,E:\LandSlide-Prediction\data\terrain\patches\NEG00401.tif,E:\LandSlide-Prediction\data\terrain\contours\NEG00401.png,1088.100830078125,1016.5714721679688,1132.7357177734375,116.16424560546875,12.977622032165527,42.652076721191406,21.520870208740234,-0.0053160302340984344,0.6959748268127441
NEG00402,0,success,E:\LandSlide-Prediction\data\terrain\patches\NEG00402.tif,E:\LandSlide-Prediction\data\terrain\contours\NEG00402.png,421.31787109375,341.8338623046875,545.1141357421875,203.2802734375,19.679466247558594,42.129722595214844,31.26222801208496,-0.07238872349262238,0.8287493586540222
NEG00403,0,success,E:\LandSlide-Prediction\data\terrain\patches\NEG00403.tif,E:\LandSlide-Prediction\data\terrain\contours\NEG00403.png,85.209716796875,74.67298126220703,117.3412094116211,42.66822814941406,5.707762241363525,24.064722061157227,11.920738220214844,0.005509981885552406,0.39439600706100464
NEG00404,0,success,E:\LandSlide-Prediction\data\terrain\patches\NEG00404.tif,E:\LandSlide-Prediction\data\terrain\contours\NEG00404.png,106.22049713134766,74.0158462524414,166.49098205566406,92.47513580322266,12.01034164428711,30.90569305419922,19.294618606567383,0.008640289306640625,0.711491048336029
NEG00405,0,success,E:\LandSlide-Prediction\data\terrain\patches\NEG00405.tif,E:\LandSlide-Prediction\data\terrain\contours\NEG00405.png,115.17231750488281,89.08354187011719,156.24691772460938,67.16337585449219,8.621004104614258,21.11745834350586,14.243940353393555,0.005478125065565109,0.5063507556915283
NEG00406,0,success,E:\LandSlide-Prediction\data\terrain\patches\NEG00406.tif,E:\LandSlide-Prediction\data\terrain\contours\NEG00406.png,130.79010009765625,29.80314826965332,249.84811401367188,220.0449676513672,17.84377670288086,38.87582015991211,28.95034408569336,0.011549809947609901,0.6688618063926697
NEG00407,0,success,E:\LandSlide-Prediction\data\terrain\patches\NEG00407.tif,E:\LandSlide-Prediction\data\terrain\contours\NEG00407.png,1437.63720703125,1325.705078125,1560.41259765625,234.70751953125,16.706111907958984,33.55332565307617,26.551288604736328,0.06065274775028229,0.5981159806251526
NEG00408,0,success,E:\LandSlide-Prediction\data\terrain\patches\NEG00408.tif,E:\LandSlide-Prediction\data\terrain\contours\NEG00408.png,612.998779296875,567.6983032226562,706.9614868164062,139.26318359375,11.060111045837402,26.80168342590332,19.767749786376953,0.013926893472671509,0.5101416110992432
NEG00409,0,success,E:\LandSlide-Prediction\data\terrain\patches\NEG00409.tif,E:\LandSlide-Prediction\data\terrain\contours\NEG00409.png,461.14080810546875,446.8788757324219,495.6761474609375,48.797271728515625,7.781365871429443,26.20877456665039,14.690802574157715,-0.01582685112953186,0.6565231680870056
NEG00410,0,success,E:\LandSlide-Prediction\data\terrain\patches\NEG00410.tif,E:\LandSlide-Prediction\data\terrain\contours\NEG00410.png,227.73712158203125,167.02847290039062,342.2212829589844,175.19281005859375,16.383411407470703,35.251609802246094,28.629030227661133,-0.04364944249391556,0.648711621761322
NEG00411,0,success,E:\LandSlide-Prediction\data\terrain\patches\NEG00411.tif,E:\LandSlide-Prediction\data\terrain\contours\NEG00411.png,530.39306640625,472.9783630371094,608.3108520507812,135.33248901367188,13.991804122924805,28.5012264251709,21.720672607421875,0.021640056744217873,0.6082350611686707
NEG00412,0,success,E:\LandSlide-Prediction\data\terrain\patches\NEG00412.tif,E:\LandSlide-Prediction\data\terrain\contours\NEG00412.png,77.1742172241211,67.0,87.0381851196289,20.038185119628906,3.9871981143951416,17.628768920898438,11.847442626953125,0.002827427349984646,0.3576885461807251
NEG00413,0,success,E:\LandSlide-Prediction\data\terrain\patches\NEG00413.tif,E:\LandSlide-Prediction\data\terrain\contours\NEG00413.png,146.44564819335938,144.44610595703125,156.0411834716797,11.595077514648438,1.103856086730957,10.689285278320312,3.182060956954956,-0.0013071252033114433,0.13786861300468445
NEG00414,0,success,E:\LandSlide-Prediction\data\terrain\patches\NEG00414.tif,E:\LandSlide-Prediction\data\terrain\contours\NEG00414.png,154.15631103515625,107.29484558105469,234.2428741455078,126.94802856445312,16.343238830566406,34.9679069519043,26.334815979003906,0.019491013139486313,0.855813205242157
NEG00415,0,success,E:\LandSlide-Prediction\data\terrain\patches\NEG00415.tif,E:\LandSlide-Prediction\data\terrain\contours\NEG00415.png,158.73439025878906,111.07209777832031,326.60137939453125,215.52928161621094,14.039230346679688,48.76814651489258,28.06629180908203,0.08725188672542572,0.4436797797679901
NEG00416,0,success,E:\LandSlide-Prediction\data\terrain\patches\NEG00416.tif,E:\LandSlide-Prediction\data\terrain\contours\NEG00416.png,449.2218017578125,378.3800964355469,523.7136840820312,145.33358764648438,15.17880630493164,29.58924102783203,24.631153106689453,0.052744168788194656,0.6567632555961609
NEG00417,0,success,E:\LandSlide-Prediction\data\terrain\patches\NEG00417.tif,E:\LandSlide-Prediction\data\terrain\contours\NEG00417.png,175.08692932128906,127.96549224853516,255.73597717285156,127.7704849243164,11.107219696044922,30.400081634521484,20.93482208251953,0.04528499394655228,0.6698179244995117
NEG00418,0,success,E:\LandSlide-Prediction\data\terrain\patches\NEG00418.tif,E:\LandSlide-Prediction\data\terrain\contours\NEG00418.png,161.53199768066406,145.94940185546875,172.083984375,26.13458251953125,4.379250526428223,15.56505298614502,7.736551761627197,-0.01285280380398035,0.4064386785030365
NEG00419,0,success,E:\LandSlide-Prediction\data\terrain\patches\NEG00419.tif,E:\LandSlide-Prediction\data\terrain\contours\NEG00419.png,187.59556579589844,161.2932891845703,262.5062255859375,101.21293640136719,10.073053359985352,30.761377334594727,21.976581573486328,-0.03481106460094452,0.6351534128189087
NEG00420,0,success,E:\LandSlide-Prediction\data\terrain\patches\NEG00420.tif,E:\LandSlide-Prediction\data\terrain\contours\NEG00420.png,164.72125244140625,152.04725646972656,172.55271911621094,20.505462646484375,3.5637047290802,13.921700477600098,6.97575044631958,0.004982607439160347,0.38301217555999756
NEG00421,0,success,E:\LandSlide-Prediction\data\terrain\patches\NEG00421.tif,E:\LandSlide-Prediction\data\terrain\contours\NEG00421.png,73.69126892089844,63.58391189575195,88.24661254882812,24.662700653076172,4.217637062072754,12.861289978027344,7.876484394073486,0.004763459321111441,0.3070950508117676
NEG00422,0,success,E:\LandSlide-Prediction\data\terrain\patches\NEG00422.tif,E:\LandSlide-Prediction\data\terrain\contours\NEG00422.png,1144.614013671875,1092.53466796875,1188.9493408203125,96.4146728515625,12.367555618286133,34.35877227783203,21.444068908691406,0.02089317888021469,0.663547158241272
NEG00423,0,success,E:\LandSlide-Prediction\data\terrain\patches\NEG00423.tif,E:\LandSlide-Prediction\data\terrain\contours\NEG00423.png,226.41030883789062,200.46725463867188,309.0245361328125,108.55728149414062,11.301132202148438,27.867042541503906,22.225116729736328,-0.02935926616191864,0.5660675168037415
NEG00424,0,success,E:\LandSlide-Prediction\data\terrain\patches\NEG00424.tif,E:\LandSlide-Prediction\data\terrain\contours\NEG00424.png,159.16336059570312,141.1204376220703,191.85589599609375,50.73545837402344,7.680332660675049,25.86130714416504,16.47909927368164,0.034995295107364655,0.5009650588035583
NEG00425,0,success,E:\LandSlide-Prediction\data\terrain\patches\NEG00425.tif,E:\LandSlide-Prediction\data\terrain\contours\NEG00425.png,206.48846435546875,164.09027099609375,288.8497619628906,124.75949096679688,11.300528526306152,33.3368034362793,20.22657585144043,-0.023623572662472725,0.535391628742218
NEG00426,0,success,E:\LandSlide-Prediction\data\terrain\patches\NEG00426.tif,E:\LandSlide-Prediction\data\terrain\contours\NEG00426.png,102.36921691894531,95.09716796875,110.4310073852539,15.333839416503906,2.7519288063049316,9.224438667297363,5.104183197021484,-0.004322892054915428,0.22080053389072418
NEG00427,0,success,E:\LandSlide-Prediction\data\terrain\patches\NEG00427.tif,E:\LandSlide-Prediction\data\terrain\contours\NEG00427.png,369.68853759765625,222.44882202148438,468.32012939453125,245.87130737304688,21.828168869018555,42.549896240234375,29.855377197265625,-0.030247887596488,0.6784578561782837
NEG00428,0,success,E:\LandSlide-Prediction\data\terrain\patches\NEG00428.tif,E:\LandSlide-Prediction\data\terrain\contours\NEG00428.png,300.1564636230469,280.84197998046875,330.286865234375,49.44488525390625,8.000688552856445,20.619421005249023,13.956218719482422,-0.025955015793442726,0.5491915941238403
NEG00429,0,success,E:\LandSlide-Prediction\data\terrain\patches\NEG00429.tif,E:\LandSlide-Prediction\data\terrain\contours\NEG00429.png,533.3310546875,489.95947265625,588.3321533203125,98.3726806640625,16.233394622802734,34.33271026611328,26.535625457763672,-0.03269166499376297,0.7583670020103455
NEG00430,0,success,E:\LandSlide-Prediction\data\terrain\patches\NEG00430.tif,E:\LandSlide-Prediction\data\terrain\contours\NEG00430.png,124.00794982910156,116.48033142089844,132.91444396972656,16.434112548828125,2.1665170192718506,5.368563652038574,3.4487242698669434,0.009207189083099365,0.12237031757831573
NEG00431,0,success,E:\LandSlide-Prediction\data\terrain\patches\NEG00431.tif,E:\LandSlide-Prediction\data\terrain\contours\NEG00431.png,54.750247955322266,26.25811767578125,119.46382904052734,93.2057113647461,9.128097534179688,28.166763305664062,19.139549255371094,0.023464344441890717,0.4367122948169708
NEG00432,0,success,E:\LandSlide-Prediction\data\terrain\patches\NEG00432.tif,E:\LandSlide-Prediction\data\terrain\contours\NEG00432.png,485.2291259765625,463.5,511.95513916015625,48.45513916015625,8.121271133422852,29.15249252319336,15.998333930969238,-0.0136953704059124,0.7224826216697693
NEG00433,0,success,E:\LandSlide-Prediction\data\terrain\patches\NEG00433.tif,E:\LandSlide-Prediction\data\terrain\contours\NEG00433.png,136.52346801757812,72.8773422241211,210.547607421875,137.67025756835938,13.95909595489502,36.18922424316406,22.697200775146484,-0.021821502596139908,0.7629457116127014
NEG00434,0,success,E:\LandSlide-Prediction\data\terrain\patches\NEG00434.tif,E:\LandSlide-Prediction\data\terrain\contours\NEG00434.png,299.0777282714844,254.3593292236328,384.89788818359375,130.53855895996094,14.738879203796387,35.41168212890625,27.906007766723633,-0.0507233664393425,0.7499569654464722
NEG00435,0,success,E:\LandSlide-Prediction\data\terrain\patches\NEG00435.tif,E:\LandSlide-Prediction\data\terrain\contours\NEG00435.png,576.9161376953125,519.2998046875,687.8553466796875,168.5555419921875,14.0582275390625,28.512187957763672,21.100296020507812,0.06622252613306046,0.5720930695533752
NEG00436,0,success,E:\LandSlide-Prediction\data\terrain\patches\NEG00436.tif,E:\LandSlide-Prediction\data\terrain\contours\NEG00436.png,849.586669921875,713.3316650390625,918.3880004882812,205.05633544921875,18.07143783569336,37.49624252319336,31.945716857910156,-0.06933683156967163,0.7253973484039307
NEG00437,0,success,E:\LandSlide-Prediction\data\terrain\patches\NEG00437.tif,E:\LandSlide-Prediction\data\terrain\contours\NEG00437.png,106.06891632080078,88.90802764892578,158.03155517578125,69.12352752685547,7.943430423736572,28.350149154663086,22.878999710083008,0.008469032123684883,0.5188785791397095
NEG00438,0,success,E:\LandSlide-Prediction\data\terrain\patches\NEG00438.tif,E:\LandSlide-Prediction\data\terrain\contours\NEG00438.png,97.43829345703125,61.77708053588867,185.0733642578125,123.29627990722656,10.162667274475098,28.246248245239258,19.63126564025879,-0.01042148843407631,0.482050359249115
NEG00439,0,success,E:\LandSlide-Prediction\data\terrain\patches\NEG00439.tif,E:\LandSlide-Prediction\data\terrain\contours\NEG00439.png,138.6168670654297,106.75643920898438,165.51158142089844,58.75514221191406,9.813730239868164,25.00495147705078,16.620878219604492,-0.02898874506354332,0.5777797102928162
NEG00440,0,success,E:\LandSlide-Prediction\data\terrain\patches\NEG00440.tif,E:\LandSlide-Prediction\data\terrain\contours\NEG00440.png,1297.240478515625,1291.6275634765625,1324.320068359375,32.6925048828125,3.8803319931030273,19.077394485473633,10.404749870300293,0.002428308129310608,0.331544429063797
NEG00441,0,success,E:\LandSlide-Prediction\data\terrain\patches\NEG00441.tif,E:\LandSlide-Prediction\data\terrain\contours\NEG00441.png,330.6282958984375,265.5340881347656,371.0879211425781,105.5538330078125,10.938919067382812,33.54806900024414,19.43529510498047,-0.015244930982589722,0.6641481518745422
NEG00442,0,success,E:\LandSlide-Prediction\data\terrain\patches\NEG00442.tif,E:\LandSlide-Prediction\data\terrain\contours\NEG00442.png,113.78600311279297,29.541162490844727,255.85145568847656,226.31028747558594,18.45094108581543,49.931365966796875,33.51404571533203,-0.03769472986459732,0.7835527062416077
NEG00443,0,success,E:\LandSlide-Prediction\data\terrain\patches\NEG00443.tif,E:\LandSlide-Prediction\data\terrain\contours\NEG00443.png,973.8104858398438,898.126220703125,1045.7188720703125,147.5926513671875,13.184221267700195,39.50027084350586,21.338008880615234,0.01184568926692009,0.7595474123954773
NEG00444,0,success,E:\LandSlide-Prediction\data\terrain\patches\NEG00444.tif,E:\LandSlide-Prediction\data\terrain\contours\NEG00444.png,301.9373779296875,227.0,464.5352783203125,237.5352783203125,18.383451461791992,38.47153854370117,29.116249084472656,0.05589575693011284,0.6706317663192749
NEG00445,0,success,E:\LandSlide-Prediction\data\terrain\patches\NEG00445.tif,E:\LandSlide-Prediction\data\terrain\contours\NEG00445.png,231.61257934570312,212.64175415039062,261.6690673828125,49.027313232421875,8.293242454528809,23.10970115661621,14.837956428527832,0.0074178967624902725,0.5656363368034363
NEG00446,0,success,E:\LandSlide-Prediction\data\terrain\patches\NEG00446.tif,E:\LandSlide-Prediction\data\terrain\contours\NEG00446.png,454.33465576171875,427.0,528.8472290039062,101.84722900390625,13.47465705871582,40.700645446777344,27.573787689208984,0.0018870532512664795,0.7793071269989014
NEG00447,0,success,E:\LandSlide-Prediction\data\terrain\patches\NEG00447.tif,E:\LandSlide-Prediction\data\terrain\contours\NEG00447.png,107.23225402832031,96.11881256103516,122.5279541015625,26.409141540527344,5.185214042663574,13.578619956970215,9.088911056518555,0.011080356314778328,0.3229856491088867
NEG00448,0,success,E:\LandSlide-Prediction\data\terrain\patches\NEG00448.tif,E:\LandSlide-Prediction\data\terrain\contours\NEG00448.png,1226.7708740234375,1178.524658203125,1278.5506591796875,100.0260009765625,11.290496826171875,34.36325454711914,18.731231689453125,-0.013531431555747986,0.6450487375259399
NEG00449,0,success,E:\LandSlide-Prediction\data\terrain\patches\NEG00449.tif,E:\LandSlide-Prediction\data\terrain\contours\NEG00449.png,114.60189056396484,107.87154388427734,125.43962097167969,17.568077087402344,3.3999533653259277,11.390604972839355,6.426224231719971,-0.0004615350626409054,0.27838143706321716
NEG00450,0,success,E:\LandSlide-Prediction\data\terrain\patches\NEG00450.tif,E:\LandSlide-Prediction\data\terrain\contours\NEG00450.png,388.6009826660156,292.5391540527344,471.693603515625,179.15444946289062,17.74286651611328,38.87241744995117,24.79989242553711,-0.04614069312810898,0.7839873433113098
NEG00451,0,success,E:\LandSlide-Prediction\data\terrain\patches\NEG00451.tif,E:\LandSlide-Prediction\data\terrain\contours\NEG00451.png,330.88262939453125,289.6446228027344,352.51495361328125,62.870330810546875,8.731019020080566,21.658042907714844,15.16517448425293,-0.002292642369866371,0.5170661211013794
NEG00452,0,success,E:\LandSlide-Prediction\data\terrain\patches\NEG00452.tif,E:\LandSlide-Prediction\data\terrain\contours\NEG00452.png,704.5017700195312,634.08203125,785.91845703125,151.83642578125,13.020532608032227,30.31966209411621,19.786846160888672,0.05515778437256813,0.7315813302993774
NEG00453,0,success,E:\LandSlide-Prediction\data\terrain\patches\NEG00453.tif,E:\LandSlide-Prediction\data\terrain\contours\NEG00453.png,1555.5126953125,1486.762939453125,1629.4481201171875,142.6851806640625,13.067669868469238,31.258962631225586,20.548625946044922,0.03476244956254959,0.6642529964447021
NEG00454,0,success,E:\LandSlide-Prediction\data\terrain\patches\NEG00454.tif,E:\LandSlide-Prediction\data\terrain\contours\NEG00454.png,682.1353759765625,609.8279418945312,765.70263671875,155.87469482421875,18.106277465820312,38.4016227722168,29.017669677734375,-0.11737453937530518,0.9175261855125427
NEG00455,0,success,E:\LandSlide-Prediction\data\terrain\patches\NEG00455.tif,E:\LandSlide-Prediction\data\terrain\contours\NEG00455.png,1040.934814453125,922.9384765625,1116.5303955078125,193.5919189453125,18.499462127685547,49.59367370605469,35.97773742675781,-0.05614899471402168,0.9626296758651733
NEG00456,0,success,E:\LandSlide-Prediction\data\terrain\patches\NEG00456.tif,E:\LandSlide-Prediction\data\terrain\contours\NEG00456.png,1411.628662109375,1317.65673828125,1545.213623046875,227.556884765625,23.480754852294922,42.7752571105957,34.966156005859375,-0.0026642531156539917,1.1010431051254272
NEG00457,0,success,E:\LandSlide-Prediction\data\terrain\patches\NEG00457.tif,E:\LandSlide-Prediction\data\terrain\contours\NEG00457.png,113.82832336425781,38.29619216918945,191.3721923828125,153.0760040283203,15.956437110900879,32.30520248413086,24.055667877197266,-0.012516770511865616,0.7055965065956116
NEG00458,0,success,E:\LandSlide-Prediction\data\terrain\patches\NEG00458.tif,E:\LandSlide-Prediction\data\terrain\contours\NEG00458.png,290.00006103515625,240.67172241210938,361.3211669921875,120.64944458007812,13.724090576171875,30.45079803466797,21.39696502685547,-0.014742659404873848,0.794049084186554
NEG00459,0,success,E:\LandSlide-Prediction\data\terrain\patches\NEG00459.tif,E:\LandSlide-Prediction\data\terrain\contours\NEG00459.png,821.0751953125,764.1434326171875,885.7023315429688,121.55889892578125,10.934320449829102,40.333778381347656,17.16432762145996,0.06725747883319855,0.48742175102233887
NEG00460,0,success,E:\LandSlide-Prediction\data\terrain\patches\NEG00460.tif,E:\LandSlide-Prediction\data\terrain\contours\NEG00460.png,175.47776794433594,167.4261932373047,215.9228057861328,48.496612548828125,5.868921279907227,24.71282958984375,11.254684448242188,0.04289838299155235,0.3812427222728729
NEG00461,0,success,E:\LandSlide-Prediction\data\terrain\patches\NEG00461.tif,E:\LandSlide-Prediction\data\terrain\contours\NEG00461.png,1093.494384765625,972.2923583984375,1201.712646484375,229.4202880859375,22.64568519592285,37.58143615722656,30.744293212890625,0.03320590406656265,0.7229888439178467
NEG00462,0,success,E:\LandSlide-Prediction\data\terrain\patches\NEG00462.tif,E:\LandSlide-Prediction\data\terrain\contours\NEG00462.png,87.44182586669922,71.51307678222656,122.34637451171875,50.83329772949219,7.505810737609863,23.687828063964844,12.342391014099121,0.011605417355895042,0.5468279123306274
NEG00463,0,success,E:\LandSlide-Prediction\data\terrain\patches\NEG00463.tif,E:\LandSlide-Prediction\data\terrain\contours\NEG00463.png,158.7025604248047,114.88164520263672,221.93252563476562,107.0508804321289,10.765031814575195,26.576278686523438,20.350383758544922,-0.014452904462814331,0.592825710773468
NEG00464,0,success,E:\LandSlide-Prediction\data\terrain\patches\NEG00464.tif,E:\LandSlide-Prediction\data\terrain\contours\NEG00464.png,697.6873779296875,542.5712890625,871.1630249023438,328.59173583984375,23.90452003479004,55.317710876464844,32.79391098022461,-0.07683780789375305,1.0022730827331543
NEG00465,0,success,E:\LandSlide-Prediction\data\terrain\patches\NEG00465.tif,E:\LandSlide-Prediction\data\terrain\contours\NEG00465.png,60.68056106567383,27.161067962646484,127.75357055664062,100.59249877929688,11.310863494873047,29.746763229370117,23.780197143554688,-0.04472259059548378,0.604418933391571
NEG00466,0,success,E:\LandSlide-Prediction\data\terrain\patches\NEG00466.tif,E:\LandSlide-Prediction\data\terrain\contours\NEG00466.png,5.578019142150879,0.17185534536838531,24.24659538269043,24.074739456176758,3.6995747089385986,16.669416427612305,8.290863990783691,0.014618108980357647,0.2887435555458069
NEG00467,0,success,E:\LandSlide-Prediction\data\terrain\patches\NEG00467.tif,E:\LandSlide-Prediction\data\terrain\contours\NEG00467.png,357.66644287109375,343.3627624511719,376.8873596191406,33.52459716796875,4.8606486320495605,15.229936599731445,9.259980201721191,0.0021705608814954758,0.3585053086280823
NEG00468,0,success,E:\LandSlide-Prediction\data\terrain\patches\NEG00468.tif,E:\LandSlide-Prediction\data\terrain\contours\NEG00468.png,549.716796875,514.886962890625,580.8781127929688,65.99114990234375,11.594657897949219,27.346097946166992,19.546703338623047,0.003594502806663513,0.7379846572875977
NEG00469,0,success,E:\LandSlide-Prediction\data\terrain\patches\NEG00469.tif,E:\LandSlide-Prediction\data\terrain\contours\NEG00469.png,719.1029052734375,625.872314453125,804.7151489257812,178.84283447265625,15.313563346862793,37.52202606201172,24.404165267944336,0.022262006998062134,0.7557471394538879
NEG00470,0,success,E:\LandSlide-Prediction\data\terrain\patches\NEG00470.tif,E:\LandSlide-Prediction\data\terrain\contours\NEG00470.png,184.70217895507812,85.87225341796875,267.63873291015625,181.7664794921875,19.946041107177734,38.46934127807617,31.975366592407227,-0.012933678925037384,0.7904067635536194
NEG00471,0,success,E:\LandSlide-Prediction\data\terrain\patches\NEG00471.tif,E:\LandSlide-Prediction\data\terrain\contours\NEG00471.png,783.4950561523438,726.2002563476562,838.7760620117188,112.5758056640625,13.312657356262207,27.73280143737793,19.77754020690918,0.02771925926208496,0.6701144576072693
NEG00472,0,success,E:\LandSlide-Prediction\data\terrain\patches\NEG00472.tif,E:\LandSlide-Prediction\data\terrain\contours\NEG00472.png,285.1544189453125,190.5283966064453,364.1976318359375,173.6692352294922,19.554162979125977,38.46150207519531,31.03816795349121,0.01741454005241394,0.6878090500831604
NEG00473,0,success,E:\LandSlide-Prediction\data\terrain\patches\NEG00473.tif,E:\LandSlide-Prediction\data\terrain\contours\NEG00473.png,67.80197143554688,50.53957748413086,128.28195190429688,77.74237060546875,8.484647750854492,31.270503997802734,19.754608154296875,0.03156460449099541,0.5356518030166626
NEG00474,0,success,E:\LandSlide-Prediction\data\terrain\patches\NEG00474.tif,E:\LandSlide-Prediction\data\terrain\contours\NEG00474.png,301.1044921875,212.6984405517578,378.9636535644531,166.2652130126953,13.814825057983398,29.18724822998047,23.511369705200195,-0.010071314871311188,0.6574723124504089
NEG00475,0,success,E:\LandSlide-Prediction\data\terrain\patches\NEG00475.tif,E:\LandSlide-Prediction\data\terrain\contours\NEG00475.png,1764.27978515625,1706.022705078125,1848.01123046875,141.988525390625,14.103397369384766,29.15911102294922,22.25201416015625,-0.01888410747051239,0.6530184149742126
NEG00476,0,success,E:\LandSlide-Prediction\data\terrain\patches\NEG00476.tif,E:\LandSlide-Prediction\data\terrain\contours\NEG00476.png,1384.0133056640625,1345.190185546875,1453.3060302734375,108.1158447265625,12.564535140991211,27.928424835205078,20.350399017333984,0.045248277485370636,0.715714156627655
NEG00477,0,success,E:\LandSlide-Prediction\data\terrain\patches\NEG00477.tif,E:\LandSlide-Prediction\data\terrain\contours\NEG00477.png,2087.76318359375,2011.282958984375,2189.177001953125,177.89404296875,16.55074691772461,29.628774642944336,23.428421020507812,0.08176314830780029,0.6637358665466309
NEG00478,0,success,E:\LandSlide-Prediction\data\terrain\patches\NEG00478.tif,E:\LandSlide-Prediction\data\terrain\contours\NEG00478.png,976.8277587890625,843.223876953125,1139.15087890625,295.927001953125,24.478546142578125,41.613731384277344,34.226661682128906,-0.04617531970143318,0.9558097124099731
NEG00479,0,success,E:\LandSlide-Prediction\data\terrain\patches\NEG00479.tif,E:\LandSlide-Prediction\data\terrain\contours\NEG00479.png,136.75494384765625,92.68350219726562,200.03643798828125,107.35293579101562,12.496926307678223,33.68794250488281,25.150951385498047,-0.025399653241038322,0.7331385612487793
NEG00480,0,success,E:\LandSlide-Prediction\data\terrain\patches\NEG00480.tif,E:\LandSlide-Prediction\data\terrain\contours\NEG00480.png,266.0235900878906,230.04591369628906,327.9783020019531,97.93238830566406,10.167348861694336,30.08618927001953,21.611949920654297,0.011019306257367134,0.5362085103988647
NEG00481,0,success,E:\LandSlide-Prediction\data\terrain\patches\NEG00481.tif,E:\LandSlide-Prediction\data\terrain\contours\NEG00481.png,1931.7716064453125,1798.60888671875,2078.232666015625,279.623779296875,23.078685760498047,50.52707290649414,36.08006286621094,0.011252537369728088,0.9691159129142761
NEG00482,0,success,E:\LandSlide-Prediction\data\terrain\patches\NEG00482.tif,E:\LandSlide-Prediction\data\terrain\contours\NEG00482.png,884.907470703125,828.6981201171875,970.8137817382812,142.11566162109375,11.338119506835938,36.00014114379883,18.578067779541016,-0.045505449175834656,0.6334487199783325
NEG00483,0,success,E:\LandSlide-Prediction\data\terrain\patches\NEG00483.tif,E:\LandSlide-Prediction\data\terrain\contours\NEG00483.png,1911.441650390625,1865.1727294921875,1981.970947265625,116.7982177734375,13.344019889831543,33.444801330566406,23.897815704345703,0.012519866228103638,0.6429715752601624
NEG00484,0,success,E:\LandSlide-Prediction\data\terrain\patches\NEG00484.tif,E:\LandSlide-Prediction\data\terrain\contours\NEG00484.png,1516.44677734375,1419.8023681640625,1622.5858154296875,202.783447265625,17.971141815185547,36.548919677734375,28.462635040283203,-0.046501293778419495,0.6833390593528748
NEG00485,0,success,E:\LandSlide-Prediction\data\terrain\patches\NEG00485.tif,E:\LandSlide-Prediction\data\terrain\contours\NEG00485.png,202.32467651367188,123.92665100097656,281.9456787109375,158.01902770996094,17.06829071044922,37.60466766357422,29.414104461669922,-0.033760443329811096,0.6498279571533203
NEG00486,0,success,E:\LandSlide-Prediction\data\terrain\patches\NEG00486.tif,E:\LandSlide-Prediction\data\terrain\contours\NEG00486.png,86.29046630859375,32.13974380493164,200.12960815429688,167.9898681640625,18.680191040039062,40.775943756103516,30.11559295654297,0.039574988186359406,0.8593957424163818
NEG00487,0,success,E:\LandSlide-Prediction\data\terrain\patches\NEG00487.tif,E:\LandSlide-Prediction\data\terrain\contours\NEG00487.png,251.04574584960938,213.17141723632812,329.6727294921875,116.50131225585938,10.793107986450195,38.5999870300293,21.16663360595703,0.039009299129247665,0.5000451803207397
NEG00488,0,success,E:\LandSlide-Prediction\data\terrain\patches\NEG00488.tif,E:\LandSlide-Prediction\data\terrain\contours\NEG00488.png,166.71340942382812,152.4881591796875,196.67459106445312,44.186431884765625,5.090664386749268,15.510122299194336,9.21805191040039,0.01666371524333954,0.29566606879234314
NEG00489,0,success,E:\LandSlide-Prediction\data\terrain\patches\NEG00489.tif,E:\LandSlide-Prediction\data\terrain\contours\NEG00489.png,87.15841674804688,78.31919860839844,101.8704605102539,23.55126190185547,4.9444756507873535,17.8758544921875,9.475346565246582,-0.004116255324333906,0.41735905408859253
NEG00490,0,success,E:\LandSlide-Prediction\data\terrain\patches\NEG00490.tif,E:\LandSlide-Prediction\data\terrain\contours\NEG00490.png,1139.659912109375,975.5193481445312,1285.75439453125,310.23504638671875,20.58554458618164,34.401580810546875,27.9829044342041,0.09410108625888824,0.6559605002403259
NEG00491,0,success,E:\LandSlide-Prediction\data\terrain\patches\NEG00491.tif,E:\LandSlide-Prediction\data\terrain\contours\NEG00491.png,1294.13525390625,1179.458740234375,1397.8876953125,218.428955078125,20.587493896484375,49.76220703125,32.38380432128906,0.022951409220695496,1.1916166543960571
NEG00492,0,success,E:\LandSlide-Prediction\data\terrain\patches\NEG00492.tif,E:\LandSlide-Prediction\data\terrain\contours\NEG00492.png,1730.09814453125,1626.8369140625,1881.326416015625,254.489501953125,16.35009002685547,36.4494514465332,25.542861938476562,-0.0029043853282928467,0.6596584320068359
NEG00493,0,success,E:\LandSlide-Prediction\data\terrain\patches\NEG00493.tif,E:\LandSlide-Prediction\data\terrain\contours\NEG00493.png,47.64387893676758,24.504772186279297,83.65824890136719,59.15347671508789,8.855273246765137,23.35599136352539,15.658943176269531,0.03357037156820297,0.4781714379787445
NEG00494,0,success,E:\LandSlide-Prediction\data\terrain\patches\NEG00494.tif,E:\LandSlide-Prediction\data\terrain\contours\NEG00494.png,217.16253662109375,95.90726470947266,299.8462829589844,203.93902587890625,20.328468322753906,37.993892669677734,32.95257568359375,-0.031195057556033134,0.7281694412231445
NEG00495,0,success,E:\LandSlide-Prediction\data\terrain\patches\NEG00495.tif,E:\LandSlide-Prediction\data\terrain\contours\NEG00495.png,591.7854614257812,482.6902160644531,700.875244140625,218.18502807617188,21.31879425048828,38.193817138671875,29.85038185119629,0.04758680611848831,0.8534789681434631
NEG00496,0,success,E:\LandSlide-Prediction\data\terrain\patches\NEG00496.tif,E:\LandSlide-Prediction\data\terrain\contours\NEG00496.png,1480.7833251953125,1378.709228515625,1623.9376220703125,245.2283935546875,19.75193977355957,36.4344367980957,28.998483657836914,-0.02316475659608841,0.8010932803153992
NEG00497,0,success,E:\LandSlide-Prediction\data\terrain\patches\NEG00497.tif,E:\LandSlide-Prediction\data\terrain\contours\NEG00497.png,439.4693298339844,392.8197021484375,489.4905090332031,96.67080688476562,15.168750762939453,36.035396575927734,25.23944854736328,0.053923700004816055,0.8035030364990234
NEG00498,0,success,E:\LandSlide-Prediction\data\terrain\patches\NEG00498.tif,E:\LandSlide-Prediction\data\terrain\contours\NEG00498.png,165.09378051757812,92.58236694335938,280.9183654785156,188.33599853515625,21.113182067871094,39.28678512573242,32.67624282836914,0.003960920497775078,0.8597801923751831
NEG00499,0,success,E:\LandSlide-Prediction\data\terrain\patches\NEG00499.tif,E:\LandSlide-Prediction\data\terrain\contours\NEG00499.png,102.52120971679688,82.7884292602539,168.1990203857422,85.41059112548828,9.409021377563477,34.550254821777344,23.80689811706543,-0.005521925166249275,0.4651957154273987
NEG00500,0,success,E:\LandSlide-Prediction\data\terrain\patches\NEG00500.tif,E:\LandSlide-Prediction\data\terrain\contours\NEG00500.png,114.73246765136719,102.39372253417969,146.2167510986328,43.823028564453125,6.018086910247803,23.28995132446289,14.423882484436035,-0.00693292822688818,0.4131985008716583
NEG00501,0,success,E:\LandSlide-Prediction\data\terrain\patches\NEG00501.tif,E:\LandSlide-Prediction\data\terrain\contours\NEG00501.png,299.4517822265625,267.57379150390625,374.11041259765625,106.53662109375,8.94447135925293,21.856159210205078,15.123875617980957,0.004937801510095596,0.40656834840774536
NEG00502,0,success,E:\LandSlide-Prediction\data\terrain\patches\NEG00502.tif,E:\LandSlide-Prediction\data\terrain\contours\NEG00502.png,180.05462646484375,139.3531036376953,236.0263671875,96.67326354980469,13.360764503479004,28.305618286132812,21.050561904907227,-0.0508066788315773,0.49825701117515564
NEG00503,0,success,E:\LandSlide-Prediction\data\terrain\patches\NEG00503.tif,E:\LandSlide-Prediction\data\terrain\contours\NEG00503.png,1917.704833984375,1859.921630859375,1986.6981201171875,126.7764892578125,10.812347412109375,17.90519142150879,15.109029769897461,-0.014927580952644348,0.382891446352005
NEG00504,0,success,E:\LandSlide-Prediction\data\terrain\patches\NEG00504.tif,E:\LandSlide-Prediction\data\terrain\contours\NEG00504.png,189.7821044921875,74.95291900634766,320.3272705078125,245.37435913085938,20.409027099609375,41.50007247924805,31.81180191040039,-0.008278876543045044,0.6279858946800232
NEG00505,0,success,E:\LandSlide-Prediction\data\terrain\patches\NEG00505.tif,E:\LandSlide-Prediction\data\terrain\contours\NEG00505.png,105.93675231933594,88.18539428710938,119.46038055419922,31.274986267089844,3.8358073234558105,12.31865119934082,7.094697952270508,-0.005927678197622299,0.23706409335136414
NEG00506,0,success,E:\LandSlide-Prediction\data\terrain\patches\NEG00506.tif,E:\LandSlide-Prediction\data\terrain\contours\NEG00506.png,543.5851440429688,445.5678405761719,652.7567138671875,207.18887329101562,18.62921905517578,32.938907623291016,26.04096221923828,0.060561567544937134,0.7576716542243958
NEG00507,0,success,E:\LandSlide-Prediction\data\terrain\patches\NEG00507.tif,E:\LandSlide-Prediction\data\terrain\contours\NEG00507.png,260.6495361328125,251.8446044921875,271.76751708984375,19.92291259765625,3.3319129943847656,9.631451606750488,6.205986976623535,0.005025466904044151,0.26806485652923584
NEG00508,0,success,E:\LandSlide-Prediction\data\terrain\patches\NEG00508.tif,E:\LandSlide-Prediction\data\terrain\contours\NEG00508.png,1375.107421875,1299.2164306640625,1484.226806640625,185.0103759765625,18.220897674560547,38.94982147216797,27.641029357910156,0.03731950372457504,0.7989766001701355
NEG00509,0,success,E:\LandSlide-Prediction\data\terrain\patches\NEG00509.tif,E:\LandSlide-Prediction\data\terrain\contours\NEG00509.png,1010.6732788085938,884.7180786132812,1163.9359130859375,279.21783447265625,21.381610870361328,52.460670471191406,36.36276626586914,-0.03196066990494728,1.087889552116394
NEG00510,0,success,E:\LandSlide-Prediction\data\terrain\patches\NEG00510.tif,E:\LandSlide-Prediction\data\terrain\contours\NEG00510.png,146.83013916015625,136.15013122558594,163.73655700683594,27.58642578125,4.926677227020264,20.478744506835938,10.442008972167969,0.016344822943210602,0.41995567083358765
NEG00511,0,success,E:\LandSlide-Prediction\data\terrain\patches\NEG00511.tif,E:\LandSlide-Prediction\data\terrain\contours\NEG00511.png,196.28817749023438,160.62818908691406,256.4461364746094,95.81794738769531,9.759175300598145,31.024213790893555,17.9612979888916,-0.028738053515553474,0.6349205374717712
NEG00512,0,success,E:\LandSlide-Prediction\data\terrain\patches\NEG00512.tif,E:\LandSlide-Prediction\data\terrain\contours\NEG00512.png,79.45570373535156,30.198217391967773,145.56983947753906,115.37162017822266,13.779987335205078,37.31820297241211,24.695350646972656,0.0026974044740200043,0.6523914933204651
NEG00513,0,success,E:\LandSlide-Prediction\data\terrain\patches\NEG00513.tif,E:\LandSlide-Prediction\data\terrain\contours\NEG00513.png,162.71131896972656,138.15652465820312,214.6103973388672,76.45387268066406,11.503610610961914,29.829477310180664,20.227659225463867,0.029422814026474953,0.628261387348175
NEG00514,0,success,E:\LandSlide-Prediction\data\terrain\patches\NEG00514.tif,E:\LandSlide-Prediction\data\terrain\contours\NEG00514.png,1003.6026611328125,944.052978515625,1095.762939453125,151.7099609375,11.445098876953125,31.4771785736084,17.961566925048828,0.0026822760701179504,0.6228667497634888
NEG00515,0,success,E:\LandSlide-Prediction\data\terrain\patches\NEG00515.tif,E:\LandSlide-Prediction\data\terrain\contours\NEG00515.png,583.9840698242188,553.9057006835938,648.0396118164062,94.1339111328125,10.403074264526367,24.13472557067871,17.92416763305664,-0.020517583936452866,0.5257594585418701
NEG00516,0,success,E:\LandSlide-Prediction\data\terrain\patches\NEG00516.tif,E:\LandSlide-Prediction\data\terrain\contours\NEG00516.png,725.1668090820312,666.7238159179688,828.764892578125,162.04107666015625,14.87601089477539,33.05339050292969,22.5025577545166,0.03687797859311104,0.670599102973938
NEG00517,0,success,E:\LandSlide-Prediction\data\terrain\patches\NEG00517.tif,E:\LandSlide-Prediction\data\terrain\contours\NEG00517.png,370.69482421875,317.09368896484375,472.6639404296875,155.57025146484375,15.89594554901123,34.27595138549805,26.077808380126953,-0.05050104856491089,0.7554038166999817
NEG00518,0,success,E:\LandSlide-Prediction\data\terrain\patches\NEG00518.tif,E:\LandSlide-Prediction\data\terrain\contours\NEG00518.png,263.6523742675781,236.8458709716797,386.2266540527344,149.3807830810547,11.70893383026123,36.354896545410156,24.544769287109375,0.033522918820381165,0.583010733127594
NEG00519,0,success,E:\LandSlide-Prediction\data\terrain\patches\NEG00519.tif,E:\LandSlide-Prediction\data\terrain\contours\NEG00519.png,731.8942260742188,626.7094116210938,871.4243774414062,244.7149658203125,22.996681213378906,48.820152282714844,34.538238525390625,-0.07148079574108124,0.9289390444755554
NEG00520,0,success,E:\LandSlide-Prediction\data\terrain\patches\NEG00520.tif,E:\LandSlide-Prediction\data\terrain\contours\NEG00520.png,770.8124389648438,655.8388671875,887.251708984375,231.412841796875,19.15056610107422,35.61750793457031,28.21697235107422,0.0582655593752861,0.70624178647995
NEG00521,0,success,E:\LandSlide-Prediction\data\terrain\patches\NEG00521.tif,E:\LandSlide-Prediction\data\terrain\contours\NEG00521.png,1288.393310546875,1217.1295166015625,1337.624755859375,120.4952392578125,15.346485137939453,36.788448333740234,24.12820053100586,0.0029418915510177612,0.7551154494285583
NEG00522,0,success,E:\LandSlide-Prediction\data\terrain\patches\NEG00522.tif,E:\LandSlide-Prediction\data\terrain\contours\NEG00522.png,267.12677001953125,237.5535125732422,354.7940979003906,117.24058532714844,7.900083541870117,34.239768981933594,17.45028305053711,0.01264810748398304,0.5755842328071594
NEG00523,0,success,E:\LandSlide-Prediction\data\terrain\patches\NEG00523.tif,E:\LandSlide-Prediction\data\terrain\contours\NEG00523.png,1142.905517578125,967.25927734375,1389.412841796875,422.153564453125,28.304031372070312,50.11377716064453,37.508270263671875,0.08236384391784668,0.9437905550003052
NEG00524,0,success,E:\LandSlide-Prediction\data\terrain\patches\NEG00524.tif,E:\LandSlide-Prediction\data\terrain\contours\NEG00524.png,1240.5400390625,1170.379150390625,1327.3717041015625,156.9925537109375,17.492603302001953,32.798072814941406,26.252506256103516,0.005723729729652405,0.7502958178520203
NEG00525,0,success,E:\LandSlide-Prediction\data\terrain\patches\NEG00525.tif,E:\LandSlide-Prediction\data\terrain\contours\NEG00525.png,30.61449432373047,16.43523406982422,56.552207946777344,40.116973876953125,6.798977851867676,20.27495765686035,12.441106796264648,-0.012257123365998268,0.3965461850166321
NEG00526,0,success,E:\LandSlide-Prediction\data\terrain\patches\NEG00526.tif,E:\LandSlide-Prediction\data\terrain\contours\NEG00526.png,1874.40576171875,1811.171142578125,1910.63134765625,99.460205078125,9.457012176513672,32.19912338256836,19.20233154296875,0.0007415935397148132,0.56911700963974
NEG00527,0,success,E:\LandSlide-Prediction\data\terrain\patches\NEG00527.tif,E:\LandSlide-Prediction\data\terrain\contours\NEG00527.png,31.648775100708008,23.479272842407227,50.12421417236328,26.644941329956055,3.692429542541504,10.616192817687988,7.032055854797363,0.0011731480481103063,0.2886458933353424
NEG00528,0,success,E:\LandSlide-Prediction\data\terrain\patches\NEG00528.tif,E:\LandSlide-Prediction\data\terrain\contours\NEG00528.png,191.64047241210938,117.49065399169922,311.8127136230469,194.32205200195312,16.1284122467041,38.489437103271484,27.23505210876465,0.05965401977300644,0.8681625127792358
NEG00529,0,success,E:\LandSlide-Prediction\data\terrain\patches\NEG00529.tif,E:\LandSlide-Prediction\data\terrain\contours\NEG00529.png,1703.74951171875,1602.4560546875,1804.63427734375,202.17822265625,16.728099822998047,34.47749328613281,24.237564086914062,0.06351874768733978,0.6534328460693359
NEG00530,0,success,E:\LandSlide-Prediction\data\terrain\patches\NEG00530.tif,E:\LandSlide-Prediction\data\terrain\contours\NEG00530.png,222.83255004882812,161.18389892578125,297.7642822265625,136.58038330078125,13.07393741607666,25.124542236328125,19.634292602539062,0.050405651330947876,0.5595996379852295
NEG00531,0,success,E:\LandSlide-Prediction\data\terrain\patches\NEG00531.tif,E:\LandSlide-Prediction\data\terrain\contours\NEG00531.png,1447.2008056640625,1389.2694091796875,1515.1829833984375,125.91357421875,15.626811981201172,34.751708984375,23.02174186706543,-0.02329622209072113,0.7414212226867676
NEG00532,0,success,E:\LandSlide-Prediction\data\terrain\patches\NEG00532.tif,E:\LandSlide-Prediction\data\terrain\contours\NEG00532.png,117.83895874023438,108.154052734375,134.06336975097656,25.909317016601562,3.281911849975586,14.541704177856445,6.6480302810668945,0.0019362125312909484,0.2981415092945099
NEG00533,0,success,E:\LandSlide-Prediction\data\terrain\patches\NEG00533.tif,E:\LandSlide-Prediction\data\terrain\contours\NEG00533.png,323.37469482421875,289.63043212890625,369.66339111328125,80.032958984375,8.571565628051758,29.885408401489258,14.666936874389648,0.021601993590593338,0.4497040808200836
NEG00534,0,success,E:\LandSlide-Prediction\data\terrain\patches\NEG00534.tif,E:\LandSlide-Prediction\data\terrain\contours\NEG00534.png,139.59561157226562,133.59930419921875,149.51052856445312,15.911224365234375,2.7561492919921875,11.316883087158203,5.8664870262146,0.015150978229939938,0.23815056681632996
NEG00535,0,success,E:\LandSlide-Prediction\data\terrain\patches\NEG00535.tif,E:\LandSlide-Prediction\data\terrain\contours\NEG00535.png,608.8299560546875,533.2153930664062,706.1181640625,172.90277099609375,19.367095947265625,34.93898391723633,27.72469711303711,0.06306090205907822,0.876620352268219
NEG00536,0,success,E:\LandSlide-Prediction\data\terrain\patches\NEG00536.tif,E:\LandSlide-Prediction\data\terrain\contours\NEG00536.png,316.1541442871094,270.8638610839844,440.1796569824219,169.3157958984375,14.824884414672852,35.59484100341797,23.58363914489746,-0.018414171412587166,0.7698622941970825
NEG00537,0,success,E:\LandSlide-Prediction\data\terrain\patches\NEG00537.tif,E:\LandSlide-Prediction\data\terrain\contours\NEG00537.png,812.424560546875,752.7775268554688,929.20166015625,176.42413330078125,17.184528350830078,34.51175308227539,27.657306671142578,0.015078116208314896,0.9637731909751892
NEG00538,0,success,E:\LandSlide-Prediction\data\terrain\patches\NEG00538.tif,E:\LandSlide-Prediction\data\terrain\contours\NEG00538.png,120.71158599853516,108.56261444091797,131.46884155273438,22.906227111816406,4.045063018798828,12.00451374053955,7.640667915344238,0.0013606497086584568,0.2860848903656006
NEG00539,0,success,E:\LandSlide-Prediction\data\terrain\patches\NEG00539.tif,E:\LandSlide-Prediction\data\terrain\contours\NEG00539.png,506.71844482421875,487.9171447753906,523.19287109375,35.275726318359375,7.967116355895996,19.841224670410156,13.72610092163086,-0.0032416917383670807,0.5235801339149475
NEG00540,0,success,E:\LandSlide-Prediction\data\terrain\patches\NEG00540.tif,E:\LandSlide-Prediction\data\terrain\contours\NEG00540.png,213.8438720703125,170.64572143554688,294.8450012207031,124.19927978515625,14.768552780151367,40.092098236083984,23.721534729003906,-0.037947893142700195,0.6603540182113647
NEG00541,0,success,E:\LandSlide-Prediction\data\terrain\patches\NEG00541.tif,E:\LandSlide-Prediction\data\terrain\contours\NEG00541.png,999.6629028320312,778.5143432617188,1103.6685791015625,325.15423583984375,30.161155700683594,61.85950469970703,47.30039596557617,-0.09896281361579895,1.2125869989395142
NEG00542,0,success,E:\LandSlide-Prediction\data\terrain\patches\NEG00542.tif,E:\LandSlide-Prediction\data\terrain\contours\NEG00542.png,125.91302490234375,114.47373962402344,136.61404418945312,22.140304565429688,2.848961114883423,7.440615653991699,4.80023193359375,-0.011396879330277443,0.1691647619009018
NEG00543,0,success,E:\LandSlide-Prediction\data\terrain\patches\NEG00543.tif,E:\LandSlide-Prediction\data\terrain\contours\NEG00543.png,100.2354736328125,95.20988464355469,113.00614166259766,17.79625701904297,3.0748708248138428,15.245816230773926,7.273824691772461,-0.0017751436680555344,0.3163096308708191
NEG00544,0,success,E:\LandSlide-Prediction\data\terrain\patches\NEG00544.tif,E:\LandSlide-Prediction\data\terrain\contours\NEG00544.png,1441.163818359375,1326.1351318359375,1574.7093505859375,248.57421875,20.19266128540039,43.67637252807617,28.440555572509766,-0.013137668371200562,0.8513182401657104
NEG00545,0,success,E:\LandSlide-Prediction\data\terrain\patches\NEG00545.tif,E:\LandSlide-Prediction\data\terrain\contours\NEG00545.png,126.44303131103516,83.70933532714844,187.08103942871094,103.3717041015625,12.19100284576416,31.445348739624023,23.447593688964844,-0.06336751580238342,0.5199085474014282
NEG00546,0,success,E:\LandSlide-Prediction\data\terrain\patches\NEG00546.tif,E:\LandSlide-Prediction\data\terrain\contours\NEG00546.png,1876.884521484375,1844.083251953125,1912.1907958984375,68.1075439453125,10.270218849182129,28.596357345581055,17.535221099853516,-0.0094313845038414,0.7167467474937439
NEG00547,0,success,E:\LandSlide-Prediction\data\terrain\patches\NEG00547.tif,E:\LandSlide-Prediction\data\terrain\contours\NEG00547.png,251.24856567382812,134.73928833007812,321.3446044921875,186.60531616210938,15.710341453552246,36.56046676635742,27.47946548461914,-0.024716675281524658,0.7692351341247559
NEG00548,0,success,E:\LandSlide-Prediction\data\terrain\patches\NEG00548.tif,E:\LandSlide-Prediction\data\terrain\contours\NEG00548.png,576.9647827148438,552.483642578125,613.492919921875,61.00927734375,11.42497730255127,29.837060928344727,18.441551208496094,0.0045688338577747345,0.775493860244751
NEG00549,0,success,E:\LandSlide-Prediction\data\terrain\patches\NEG00549.tif,E:\LandSlide-Prediction\data\terrain\contours\NEG00549.png,1173.072998046875,1031.9442138671875,1296.81689453125,264.8726806640625,24.034706115722656,57.27511978149414,36.21471405029297,-0.014499224722385406,1.2003202438354492
NEG00550,0,success,E:\LandSlide-Prediction\data\terrain\patches\NEG00550.tif,E:\LandSlide-Prediction\data\terrain\contours\NEG00550.png,92.72831726074219,64.45608520507812,135.9743194580078,71.51823425292969,7.578760147094727,22.586240768432617,15.767677307128906,-0.029098505154252052,0.38567760586738586
NEG00551,0,success,E:\LandSlide-Prediction\data\terrain\patches\NEG00551.tif,E:\LandSlide-Prediction\data\terrain\contours\NEG00551.png,320.2205505371094,261.5159606933594,371.40594482421875,109.88998413085938,10.685118675231934,31.26325225830078,18.744335174560547,-0.0680399239063263,0.4219196140766144
NEG00552,0,success,E:\LandSlide-Prediction\data\terrain\patches\NEG00552.tif,E:\LandSlide-Prediction\data\terrain\contours\NEG00552.png,1247.43701171875,1142.1900634765625,1345.486083984375,203.2960205078125,18.268287658691406,41.42634582519531,27.183975219726562,0.04977864772081375,0.8833062052726746
NEG00553,0,success,E:\LandSlide-Prediction\data\terrain\patches\NEG00553.tif,E:\LandSlide-Prediction\data\terrain\contours\NEG00553.png,282.49310302734375,232.6231231689453,321.349853515625,88.72673034667969,12.319697380065918,28.194944381713867,20.031932830810547,-0.03730214014649391,0.7352797985076904
NEG00554,0,success,E:\LandSlide-Prediction\data\terrain\patches\NEG00554.tif,E:\LandSlide-Prediction\data\terrain\contours\NEG00554.png,139.41912841796875,53.484649658203125,196.375244140625,142.89059448242188,11.832040786743164,33.18478012084961,21.472782135009766,0.02851448394358158,0.5157460570335388
NEG00555,0,success,E:\LandSlide-Prediction\data\terrain\patches\NEG00555.tif,E:\LandSlide-Prediction\data\terrain\contours\NEG00555.png,1006.484375,870.2999267578125,1103.913818359375,233.6138916015625,24.87869644165039,42.27167892456055,35.58617401123047,-0.016275499016046524,1.0097744464874268
NEG00556,0,success,E:\LandSlide-Prediction\data\terrain\patches\NEG00556.tif,E:\LandSlide-Prediction\data\terrain\contours\NEG00556.png,131.5140380859375,121.5602798461914,161.50701904296875,39.946739196777344,3.0092906951904297,14.810192108154297,5.162436485290527,-0.005412429571151733,0.21733994781970978
NEG00557,0,success,E:\LandSlide-Prediction\data\terrain\patches\NEG00557.tif,E:\LandSlide-Prediction\data\terrain\contours\NEG00557.png,396.092529296875,295.427978515625,577.92529296875,282.497314453125,22.25942039489746,50.69302749633789,33.76234817504883,0.0010874196887016296,0.883086621761322
NEG00558,0,success,E:\LandSlide-Prediction\data\terrain\patches\NEG00558.tif,E:\LandSlide-Prediction\data\terrain\contours\NEG00558.png,215.05992126464844,165.34666442871094,284.6238708496094,119.27720642089844,13.199813842773438,34.22089385986328,21.246803283691406,-0.006975566036999226,0.7738469243049622
NEG00559,0,success,E:\LandSlide-Prediction\data\terrain\patches\NEG00559.tif,E:\LandSlide-Prediction\data\terrain\contours\NEG00559.png,792.290283203125,737.0570678710938,878.9588012695312,141.9017333984375,13.467116355895996,30.970436096191406,22.62774658203125,0.006428487598896027,0.7675172090530396
NEG00560,0,success,E:\LandSlide-Prediction\data\terrain\patches\NEG00560.tif,E:\LandSlide-Prediction\data\terrain\contours\NEG00560.png,106.75192260742188,61.341064453125,153.06820678710938,91.72714233398438,11.380624771118164,28.932706832885742,20.43844223022461,-0.011565441265702248,0.6177597045898438
NEG00561,0,success,E:\LandSlide-Prediction\data\terrain\patches\NEG00561.tif,E:\LandSlide-Prediction\data\terrain\contours\NEG00561.png,199.17881774902344,105.63199615478516,298.65570068359375,193.02371215820312,20.67849349975586,41.10528564453125,30.734521865844727,-0.02493032068014145,0.8424710631370544
NEG00562,0,success,E:\LandSlide-Prediction\data\terrain\patches\NEG00562.tif,E:\LandSlide-Prediction\data\terrain\contours\NEG00562.png,404.6599426269531,286.3416748046875,532.5999145507812,246.25823974609375,22.06882095336914,37.56802749633789,30.973682403564453,0.01766739785671234,0.7258897423744202
NEG00563,0,success,E:\LandSlide-Prediction\data\terrain\patches\NEG00563.tif,E:\LandSlide-Prediction\data\terrain\contours\NEG00563.png,1031.2459716796875,923.7687377929688,1142.958251953125,219.18951416015625,20.24686050415039,35.549049377441406,28.99563217163086,0.005075056105852127,0.8048198819160461
NEG00564,0,success,E:\LandSlide-Prediction\data\terrain\patches\NEG00564.tif,E:\LandSlide-Prediction\data\terrain\contours\NEG00564.png,111.8106918334961,95.49847412109375,124.2240219116211,28.725547790527344,5.569531440734863,14.195545196533203,9.260753631591797,-0.002760572824627161,0.32666584849357605
NEG00565,0,success,E:\LandSlide-Prediction\data\terrain\patches\NEG00565.tif,E:\LandSlide-Prediction\data\terrain\contours\NEG00565.png,757.76416015625,551.3466796875,1040.585205078125,489.238525390625,32.79606628417969,62.6044921875,52.277565002441406,0.06877636909484863,1.0607240200042725
NEG00566,0,success,E:\LandSlide-Prediction\data\terrain\patches\NEG00566.tif,E:\LandSlide-Prediction\data\terrain\contours\NEG00566.png,191.92947387695312,156.9612579345703,263.65997314453125,106.69871520996094,12.526449203491211,27.7227725982666,20.66645050048828,-0.005810093134641647,0.6818467974662781
NEG00567,0,success,E:\LandSlide-Prediction\data\terrain\patches\NEG00567.tif,E:\LandSlide-Prediction\data\terrain\contours\NEG00567.png,61.05510330200195,27.05702018737793,102.73406219482422,75.67704010009766,9.804784774780273,23.963504791259766,16.485736846923828,-0.006028652191162109,0.5179092288017273
NEG00568,0,success,E:\LandSlide-Prediction\data\terrain\patches\NEG00568.tif,E:\LandSlide-Prediction\data\terrain\contours\NEG00568.png,383.139892578125,271.92523193359375,493.2486572265625,221.32342529296875,19.683494567871094,36.38161849975586,26.412508010864258,0.007848544046282768,0.678649365901947
NEG00569,0,success,E:\LandSlide-Prediction\data\terrain\patches\NEG00569.tif,E:\LandSlide-Prediction\data\terrain\contours\NEG00569.png,331.7966613769531,244.16111755371094,487.13153076171875,242.9704132080078,20.316268920898438,35.92140197753906,29.976863861083984,0.05157184228301048,0.8605121374130249
NEG00570,0,success,E:\LandSlide-Prediction\data\terrain\patches\NEG00570.tif,E:\LandSlide-Prediction\data\terrain\contours\NEG00570.png,829.678466796875,776.4120483398438,883.8510131835938,107.43896484375,10.671575546264648,32.53622055053711,20.5900936126709,-0.00976991280913353,0.6577507853507996
NEG00571,0,success,E:\LandSlide-Prediction\data\terrain\patches\NEG00571.tif,E:\LandSlide-Prediction\data\terrain\contours\NEG00571.png,404.2320556640625,245.3731689453125,516.8934936523438,271.52032470703125,26.329679489135742,49.8615608215332,41.823280334472656,-0.026948165148496628,1.0244094133377075
NEG00572,0,success,E:\LandSlide-Prediction\data\terrain\patches\NEG00572.tif,E:\LandSlide-Prediction\data\terrain\contours\NEG00572.png,354.492431640625,205.1133270263672,484.9836730957031,279.870361328125,24.008544921875,43.273460388183594,34.480308532714844,-0.01319151371717453,0.8123326301574707
NEG00573,0,success,E:\LandSlide-Prediction\data\terrain\patches\NEG00573.tif,E:\LandSlide-Prediction\data\terrain\contours\NEG00573.png,130.63941955566406,30.522554397583008,166.62998962402344,136.10743713378906,12.072135925292969,73.83052825927734,49.1650390625,0.006912620738148689,5.03323221206665
NEG00574,0,success,E:\LandSlide-Prediction\data\terrain\patches\NEG00574.tif,E:\LandSlide-Prediction\data\terrain\contours\NEG00574.png,74.78848266601562,61.45948028564453,88.56488037109375,27.10540008544922,6.3193159103393555,18.320146560668945,12.686156272888184,0.009121005423367023,0.5370238423347473
NEG00575,0,success,E:\LandSlide-Prediction\data\terrain\patches\NEG00575.tif,E:\LandSlide-Prediction\data\terrain\contours\NEG00575.png,455.533935546875,432.5,496.6671142578125,64.1671142578125,9.088531494140625,23.589200973510742,16.2347412109375,0.002819327637553215,0.6198101043701172
NEG00576,0,success,E:\LandSlide-Prediction\data\terrain\patches\NEG00576.tif,E:\LandSlide-Prediction\data\terrain\contours\NEG00576.png,657.3787841796875,616.1424560546875,712.6005249023438,96.45806884765625,12.00021743774414,28.622264862060547,19.343402862548828,-0.025635380297899246,0.606987714767456
NEG00577,0,success,E:\LandSlide-Prediction\data\terrain\patches\NEG00577.tif,E:\LandSlide-Prediction\data\terrain\contours\NEG00577.png,166.52725219726562,91.71015167236328,279.592529296875,187.88238525390625,17.898832321166992,31.836885452270508,27.06864356994629,0.012873724102973938,0.7909512519836426
NEG00578,0,success,E:\LandSlide-Prediction\data\terrain\patches\NEG00578.tif,E:\LandSlide-Prediction\data\terrain\contours\NEG00578.png,421.30841064453125,376.0572814941406,492.4140319824219,116.35675048828125,14.216646194458008,28.291248321533203,21.935937881469727,0.03366190940141678,0.707951545715332
NEG00579,0,success,E:\LandSlide-Prediction\data\terrain\patches\NEG00579.tif,E:\LandSlide-Prediction\data\terrain\contours\NEG00579.png,134.33255004882812,128.09524536132812,141.8339080810547,13.738662719726562,2.2044012546539307,10.835741996765137,4.6229352951049805,0.0012205298990011215,0.2181498408317566
NEG00580,0,success,E:\LandSlide-Prediction\data\terrain\patches\NEG00580.tif,E:\LandSlide-Prediction\data\terrain\contours\NEG00580.png,134.0944366455078,116.34568786621094,177.57504272460938,61.22935485839844,8.048008918762207,29.75044822692871,17.16301918029785,-0.01799282431602478,0.42660143971443176
NEG00581,0,success,E:\LandSlide-Prediction\data\terrain\patches\NEG00581.tif,E:\LandSlide-Prediction\data\terrain\contours\NEG00581.png,197.7755126953125,161.3596649169922,235.09500122070312,73.73533630371094,9.536112785339355,25.073965072631836,16.122146606445312,0.010492904111742973,0.5600543022155762
NEG00582,0,success,E:\LandSlide-Prediction\data\terrain\patches\NEG00582.tif,E:\LandSlide-Prediction\data\terrain\contours\NEG00582.png,84.36054229736328,60.963932037353516,167.6851043701172,106.72117614746094,8.415153503417969,27.316577911376953,20.687780380249023,0.01870078220963478,0.5042590498924255
NEG00583,0,success,E:\LandSlide-Prediction\data\terrain\patches\NEG00583.tif,E:\LandSlide-Prediction\data\terrain\contours\NEG00583.png,176.95233154296875,137.90347290039062,288.7303466796875,150.82687377929688,11.315706253051758,35.10900115966797,21.861370086669922,-0.03652346506714821,0.7394366264343262
NEG00584,0,success,E:\LandSlide-Prediction\data\terrain\patches\NEG00584.tif,E:\LandSlide-Prediction\data\terrain\contours\NEG00584.png,229.0652313232422,192.64942932128906,321.2630615234375,128.61363220214844,13.65938949584961,45.98179244995117,24.031661987304688,0.04695744439959526,0.563676655292511
NEG00585,0,success,E:\LandSlide-Prediction\data\terrain\patches\NEG00585.tif,E:\LandSlide-Prediction\data\terrain\contours\NEG00585.png,385.1838684082031,332.4668273925781,521.4890747070312,189.02224731445312,17.228391647338867,40.73450469970703,29.616943359375,0.005982827395200729,0.6276074647903442
NEG00586,0,success,E:\LandSlide-Prediction\data\terrain\patches\NEG00586.tif,E:\LandSlide-Prediction\data\terrain\contours\NEG00586.png,1223.11767578125,1136.755126953125,1292.6058349609375,155.8507080078125,15.539688110351562,31.582683563232422,22.39556312561035,0.026801660656929016,0.6118395924568176
NEG00587,0,success,E:\LandSlide-Prediction\data\terrain\patches\NEG00587.tif,E:\LandSlide-Prediction\data\terrain\contours\NEG00587.png,149.38873291015625,132.76527404785156,168.8411407470703,36.07586669921875,4.4857940673828125,14.509650230407715,7.989664554595947,-0.004215234890580177,0.30119746923446655
NEG00588,0,success,E:\LandSlide-Prediction\data\terrain\patches\NEG00588.tif,E:\LandSlide-Prediction\data\terrain\contours\NEG00588.png,1347.0516357421875,1302.6632080078125,1417.8546142578125,115.19140625,11.944576263427734,26.51030158996582,18.74601173400879,-0.00243261456489563,0.727222740650177
NEG00589,0,success,E:\LandSlide-Prediction\data\terrain\patches\NEG00589.tif,E:\LandSlide-Prediction\data\terrain\contours\NEG00589.png,93.12307739257812,61.918758392333984,185.9109649658203,123.99220275878906,12.547080039978027,29.292428970336914,22.136384963989258,0.0441959947347641,0.5835781097412109
NEG00590,0,success,E:\LandSlide-Prediction\data\terrain\patches\NEG00590.tif,E:\LandSlide-Prediction\data\terrain\contours\NEG00590.png,710.41748046875,615.0422973632812,841.851318359375,226.80902099609375,21.765525817871094,35.45686340332031,30.40426254272461,0.09087936580181122,0.7296782732009888
NEG00591,0,success,E:\LandSlide-Prediction\data\terrain\patches\NEG00591.tif,E:\LandSlide-Prediction\data\terrain\contours\NEG00591.png,117.18180847167969,88.11936950683594,145.77757263183594,57.658203125,9.619617462158203,21.542247772216797,15.951688766479492,0.036432571709156036,0.4919275939464569
NEG00592,0,success,E:\LandSlide-Prediction\data\terrain\patches\NEG00592.tif,E:\LandSlide-Prediction\data\terrain\contours\NEG00592.png,146.0556640625,126.08898162841797,175.93170166015625,49.84272003173828,6.129827976226807,17.969249725341797,10.718074798583984,-0.013491304591298103,0.36406609416007996
NEG00593,0,success,E:\LandSlide-Prediction\data\terrain\patches\NEG00593.tif,E:\LandSlide-Prediction\data\terrain\contours\NEG00593.png,262.28509521484375,134.4556427001953,447.1953430175781,312.73968505859375,24.487289428710938,51.889984130859375,43.485984802246094,0.17843343317508698,0.7113503813743591
NEG00594,0,success,E:\LandSlide-Prediction\data\terrain\patches\NEG00594.tif,E:\LandSlide-Prediction\data\terrain\contours\NEG00594.png,104.40719604492188,26.814090728759766,253.25384521484375,226.43975830078125,20.926746368408203,43.481285095214844,31.81635093688965,0.0423080250620842,0.8624908924102783
NEG00595,0,success,E:\LandSlide-Prediction\data\terrain\patches\NEG00595.tif,E:\LandSlide-Prediction\data\terrain\contours\NEG00595.png,164.56968688964844,132.7430419921875,192.61444091796875,59.87139892578125,9.187398910522461,21.760833740234375,15.026138305664062,-0.0034186262637376785,0.6612880825996399
NEG00596,0,success,E:\LandSlide-Prediction\data\terrain\patches\NEG00596.tif,E:\LandSlide-Prediction\data\terrain\contours\NEG00596.png,21.5639705657959,8.5,49.61069869995117,41.11069869995117,6.060445785522461,24.87389373779297,11.583845138549805,0.007100689224898815,0.4534667730331421
NEG00597,0,success,E:\LandSlide-Prediction\data\terrain\patches\NEG00597.tif,E:\LandSlide-Prediction\data\terrain\contours\NEG00597.png,656.544189453125,578.0416870117188,762.6372680664062,184.5955810546875,17.095399856567383,36.34231185913086,26.99529457092285,0.07522644102573395,0.7132580280303955
NEG00598,0,success,E:\LandSlide-Prediction\data\terrain\patches\NEG00598.tif,E:\LandSlide-Prediction\data\terrain\contours\NEG00598.png,156.4107666015625,59.79887390136719,235.2987823486328,175.49990844726562,19.847484588623047,45.18290328979492,33.21842956542969,0.014788299798965454,1.0344479084014893
NEG00599,0,success,E:\LandSlide-Prediction\data\terrain\patches\NEG00599.tif,E:\LandSlide-Prediction\data\terrain\contours\NEG00599.png,8.155929565429688,2.4109737873077393,29.087831497192383,26.676856994628906,4.024538993835449,18.66650390625,9.851624488830566,0.010569121688604355,0.32322782278060913
NEG00600,0,success,E:\LandSlide-Prediction\data\terrain\patches\NEG00600.tif,E:\LandSlide-Prediction\data\terrain\contours\NEG00600.png,1211.021240234375,1131.186279296875,1249.041748046875,117.85546875,10.89535903930664,37.076873779296875,22.30785369873047,0.014705367386341095,0.6965152025222778
NEG00601,0,success,E:\LandSlide-Prediction\data\terrain\patches\NEG00601.tif,E:\LandSlide-Prediction\data\terrain\contours\NEG00601.png,127.26432800292969,95.39102935791016,185.4606170654297,90.06958770751953,13.800527572631836,30.653528213500977,23.859146118164062,-0.03062152862548828,0.7329916954040527
NEG00602,0,success,E:\LandSlide-Prediction\data\terrain\patches\NEG00602.tif,E:\LandSlide-Prediction\data\terrain\contours\NEG00602.png,310.6457214355469,250.1781463623047,361.93463134765625,111.75648498535156,16.06153106689453,34.508277893066406,25.98643684387207,-0.03479482978582382,0.7751365900039673
NEG00603,0,success,E:\LandSlide-Prediction\data\terrain\patches\NEG00603.tif,E:\LandSlide-Prediction\data\terrain\contours\NEG00603.png,295.591552734375,275.85870361328125,317.8607482910156,42.002044677734375,6.245480060577393,20.93124771118164,12.23332405090332,0.009696701541543007,0.5069741010665894
NEG00604,0,success,E:\LandSlide-Prediction\data\terrain\patches\NEG00604.tif,E:\LandSlide-Prediction\data\terrain\contours\NEG00604.png,121.83373260498047,71.3511734008789,245.28196716308594,173.9307861328125,17.554054260253906,45.39712142944336,27.422775268554688,-0.03517057001590729,0.7473577260971069
NEG00605,0,success,E:\LandSlide-Prediction\data\terrain\patches\NEG00605.tif,E:\LandSlide-Prediction\data\terrain\contours\NEG00605.png,128.71844482421875,68.0218276977539,205.2853546142578,137.26351928710938,17.75322723388672,37.62234115600586,27.33538818359375,0.0026997607201337814,0.9244125485420227
NEG00606,0,success,E:\LandSlide-Prediction\data\terrain\patches\NEG00606.tif,E:\LandSlide-Prediction\data\terrain\contours\NEG00606.png,407.492919921875,357.3450927734375,547.5237426757812,190.17864990234375,13.62247371673584,37.51761245727539,29.472209930419922,-0.040111444890499115,0.7903746962547302
NEG00607,0,success,E:\LandSlide-Prediction\data\terrain\patches\NEG00607.tif,E:\LandSlide-Prediction\data\terrain\contours\NEG00607.png,442.1239929199219,426.7264709472656,510.61273193359375,83.88626098632812,6.669352054595947,25.566404342651367,11.760514259338379,0.00760086253285408,0.3549114465713501
NEG00608,0,success,E:\LandSlide-Prediction\data\terrain\patches\NEG00608.tif,E:\LandSlide-Prediction\data\terrain\contours\NEG00608.png,902.695556640625,793.0870361328125,978.2894897460938,185.20245361328125,16.46137809753418,32.77183532714844,25.04946517944336,0.003481268882751465,0.6627141237258911
NEG00609,0,success,E:\LandSlide-Prediction\data\terrain\patches\NEG00609.tif,E:\LandSlide-Prediction\data\terrain\contours\NEG00609.png,144.80682373046875,127.34042358398438,183.150634765625,55.810211181640625,5.583035469055176,18.080629348754883,9.991533279418945,0.0223294198513031,0.3675634562969208
NEG00610,0,success,E:\LandSlide-Prediction\data\terrain\patches\NEG00610.tif,E:\LandSlide-Prediction\data\terrain\contours\NEG00610.png,213.2735595703125,197.50064086914062,236.14312744140625,38.642486572265625,7.363645553588867,30.230112075805664,13.85302448272705,-0.01198375690728426,0.5121358036994934
NEG00611,0,success,E:\LandSlide-Prediction\data\terrain\patches\NEG00611.tif,E:\LandSlide-Prediction\data\terrain\contours\NEG00611.png,402.736572265625,381.60894775390625,456.9140930175781,75.30514526367188,9.969128608703613,31.368370056152344,19.182422637939453,0.019425159320235252,0.5402089357376099
NEG00612,0,success,E:\LandSlide-Prediction\data\terrain\patches\NEG00612.tif,E:\LandSlide-Prediction\data\terrain\contours\NEG00612.png,212.61996459960938,140.53158569335938,252.5039520263672,111.97236633300781,14.164505004882812,38.35955810546875,24.022014617919922,-0.00026305578649044037,0.6562142968177795
NEG00613,0,success,E:\LandSlide-Prediction\data\terrain\patches\NEG00613.tif,E:\LandSlide-Prediction\data\terrain\contours\NEG00613.png,167.06317138671875,158.2490997314453,182.62242126464844,24.373321533203125,5.069025039672852,18.891660690307617,9.82542896270752,0.019520573318004608,0.42761725187301636
NEG00614,0,success,E:\LandSlide-Prediction\data\terrain\patches\NEG00614.tif,E:\LandSlide-Prediction\data\terrain\contours\NEG00614.png,524.612548828125,502.6844177246094,556.892333984375,54.207916259765625,11.116313934326172,33.79413604736328,19.935989379882812,-0.007793117314577103,0.8314414024353027
NEG00615,0,success,E:\LandSlide-Prediction\data\terrain\patches\NEG00615.tif,E:\LandSlide-Prediction\data\terrain\contours\NEG00615.png,543.3938598632812,481.3256530761719,622.6954956054688,141.36984252929688,16.98176383972168,35.043922424316406,26.345067977905273,-0.06832191348075867,0.8445401191711426
NEG00616,0,success,E:\LandSlide-Prediction\data\terrain\patches\NEG00616.tif,E:\LandSlide-Prediction\data\terrain\contours\NEG00616.png,1485.2158203125,1370.0618896484375,1553.205078125,183.1431884765625,17.818838119506836,42.50632858276367,30.62701416015625,-0.110030397772789,0.8060122132301331
NEG00617,0,success,E:\LandSlide-Prediction\data\terrain\patches\NEG00617.tif,E:\LandSlide-Prediction\data\terrain\contours\NEG00617.png,26.437423706054688,18.183433532714844,44.563053131103516,26.379619598388672,5.10165548324585,21.943824768066406,9.81306266784668,-0.002270321361720562,0.5170223116874695
NEG00618,0,success,E:\LandSlide-Prediction\data\terrain\patches\NEG00618.tif,E:\LandSlide-Prediction\data\terrain\contours\NEG00618.png,108.11593627929688,39.3557243347168,146.30007934570312,106.94435119628906,12.704609870910645,30.683530807495117,21.884414672851562,-0.04001619666814804,0.6301153302192688
NEG00619,0,success,E:\LandSlide-Prediction\data\terrain\patches\NEG00619.tif,E:\LandSlide-Prediction\data\terrain\contours\NEG00619.png,1515.59130859375,1425.14111328125,1595.722900390625,170.581787109375,19.480148315429688,40.46746063232422,30.975563049316406,-0.009583629667758942,0.9324796199798584
NEG00620,0,success,E:\LandSlide-Prediction\data\terrain\patches\NEG00620.tif,E:\LandSlide-Prediction\data\terrain\contours\NEG00620.png,137.38140869140625,77.26929473876953,246.5662078857422,169.29690551757812,21.571943283081055,49.91350173950195,35.4233512878418,0.005161244422197342,1.1958152055740356
NEG00621,0,success,E:\LandSlide-Prediction\data\terrain\patches\NEG00621.tif,E:\LandSlide-Prediction\data\terrain\contours\NEG00621.png,135.25238037109375,125.1087417602539,148.6856231689453,23.576881408691406,4.493764877319336,14.575498580932617,8.946429252624512,0.01785731315612793,0.3152359127998352
NEG00622,0,success,E:\LandSlide-Prediction\data\terrain\patches\NEG00622.tif,E:\LandSlide-Prediction\data\terrain\contours\NEG00622.png,233.90838623046875,181.95941162109375,282.7843322753906,100.82492065429688,13.839433670043945,34.52915573120117,22.230655670166016,0.04042427986860275,0.80489581823349
NEG00623,0,success,E:\LandSlide-Prediction\data\terrain\patches\NEG00623.tif,E:\LandSlide-Prediction\data\terrain\contours\NEG00623.png,153.6713409423828,129.4980010986328,236.01258850097656,106.51458740234375,9.947099685668945,38.937889099121094,25.40970230102539,0.056256476789712906,0.5161111950874329
NEG00624,0,success,E:\LandSlide-Prediction\data\terrain\patches\NEG00624.tif,E:\LandSlide-Prediction\data\terrain\contours\NEG00624.png,165.89158630371094,155.28207397460938,178.61563110351562,23.33355712890625,3.788707971572876,12.058982849121094,6.940237045288086,0.02337713912129402,0.25458624958992004
NEG00625,0,success,E:\LandSlide-Prediction\data\terrain\patches\NEG00625.tif,E:\LandSlide-Prediction\data\terrain\contours\NEG00625.png,390.88568115234375,337.4971923828125,459.81561279296875,122.31842041015625,13.158683776855469,32.27212905883789,22.679561614990234,0.016780246049165726,0.6712175011634827
NEG00626,0,success,E:\LandSlide-Prediction\data\terrain\patches\NEG00626.tif,E:\LandSlide-Prediction\data\terrain\contours\NEG00626.png,899.1376953125,805.2192993164062,1002.2843627929688,197.0650634765625,19.542118072509766,37.86479568481445,28.648929595947266,0.04708400368690491,0.9623109102249146
NEG00627,0,success,E:\LandSlide-Prediction\data\terrain\patches\NEG00627.tif,E:\LandSlide-Prediction\data\terrain\contours\NEG00627.png,715.2811889648438,593.5026245117188,808.5111083984375,215.00848388671875,21.728273391723633,44.19291305541992,34.84669494628906,-0.08499104529619217,0.9690083265304565
NEG00628,0,success,E:\LandSlide-Prediction\data\terrain\patches\NEG00628.tif,E:\LandSlide-Prediction\data\terrain\contours\NEG00628.png,148.49224853515625,134.32089233398438,195.6124267578125,61.291534423828125,5.377100467681885,22.557538986206055,9.90380859375,0.01414951216429472,0.2887890338897705
NEG00629,0,success,E:\LandSlide-Prediction\data\terrain\patches\NEG00629.tif,E:\LandSlide-Prediction\data\terrain\contours\NEG00629.png,63.22126007080078,32.02946472167969,144.87705993652344,112.84759521484375,12.50054931640625,31.385578155517578,23.382408142089844,0.0316879078745842,0.5808541774749756
NEG00630,0,success,E:\LandSlide-Prediction\data\terrain\patches\NEG00630.tif,E:\LandSlide-Prediction\data\terrain\contours\NEG00630.png,433.2366027832031,277.86114501953125,650.4857788085938,372.6246337890625,25.797807693481445,54.17255783081055,43.61925506591797,0.03720758855342865,0.8365669250488281
NEG00631,0,success,E:\LandSlide-Prediction\data\terrain\patches\NEG00631.tif,E:\LandSlide-Prediction\data\terrain\contours\NEG00631.png,1233.830078125,1171.346435546875,1292.828125,121.481689453125,11.797613143920898,28.502168655395508,17.831893920898438,0.027407526969909668,0.6124944090843201
NEG00632,0,success,E:\LandSlide-Prediction\data\terrain\patches\NEG00632.tif,E:\LandSlide-Prediction\data\terrain\contours\NEG00632.png,238.922607421875,111.60960388183594,384.637939453125,273.0283203125,25.588407516479492,42.48683166503906,35.79252624511719,-0.10104978084564209,0.9199883937835693
NEG00633,0,success,E:\LandSlide-Prediction\data\terrain\patches\NEG00633.tif,E:\LandSlide-Prediction\data\terrain\contours\NEG00633.png,892.422607421875,814.3731689453125,1054.8863525390625,240.51318359375,25.49549102783203,52.22087478637695,37.50737762451172,0.01391998678445816,1.1161015033721924
NEG00634,0,success,E:\LandSlide-Prediction\data\terrain\patches\NEG00634.tif,E:\LandSlide-Prediction\data\terrain\contours\NEG00634.png,156.75735473632812,133.62167358398438,186.1895751953125,52.567901611328125,9.612222671508789,24.945293426513672,15.649797439575195,0.0061721280217170715,0.5834531188011169
NEG00635,0,success,E:\LandSlide-Prediction\data\terrain\patches\NEG00635.tif,E:\LandSlide-Prediction\data\terrain\contours\NEG00635.png,165.591064453125,160.6396942138672,177.68661499023438,17.046920776367188,1.9171793460845947,7.912179470062256,4.029074668884277,6.149988621473312e-05,0.11524219065904617
NEG00636,0,success,E:\LandSlide-Prediction\data\terrain\patches\NEG00636.tif,E:\LandSlide-Prediction\data\terrain\contours\NEG00636.png,1804.1043701171875,1702.8780517578125,1846.6319580078125,143.75390625,13.51156997680664,40.20207214355469,29.404499053955078,0.0778653621673584,0.7304324507713318
NEG00637,0,success,E:\LandSlide-Prediction\data\terrain\patches\NEG00637.tif,E:\LandSlide-Prediction\data\terrain\contours\NEG00637.png,485.7056579589844,449.6514892578125,519.8180541992188,70.16656494140625,12.030340194702148,30.4547061920166,19.68121910095215,-0.02975587360560894,0.7730691432952881
NEG00638,0,success,E:\LandSlide-Prediction\data\terrain\patches\NEG00638.tif,E:\LandSlide-Prediction\data\terrain\contours\NEG00638.png,1814.713134765625,1724.369140625,1896.0894775390625,171.7203369140625,19.110549926757812,44.957313537597656,31.36298179626465,-0.02933887392282486,0.8432027101516724
NEG00639,0,success,E:\LandSlide-Prediction\data\terrain\patches\NEG00639.tif,E:\LandSlide-Prediction\data\terrain\contours\NEG00639.png,541.4024658203125,507.0288391113281,573.1412353515625,66.11239624023438,10.279359817504883,25.728904724121094,18.350507736206055,0.04929747432470322,0.6299188733100891
NEG00640,0,success,E:\LandSlide-Prediction\data\terrain\patches\NEG00640.tif,E:\LandSlide-Prediction\data\terrain\contours\NEG00640.png,1516.010009765625,1320.576416015625,1604.77294921875,284.196533203125,20.717506408691406,45.761775970458984,31.904010772705078,0.002125568687915802,0.9424043297767639
NEG00641,0,success,E:\LandSlide-Prediction\data\terrain\patches\NEG00641.tif,E:\LandSlide-Prediction\data\terrain\contours\NEG00641.png,1147.3182373046875,1093.8297119140625,1215.3101806640625,121.48046875,16.470001220703125,34.87599563598633,27.393091201782227,0.08936727046966553,0.7626578211784363
NEG00642,0,success,E:\LandSlide-Prediction\data\terrain\patches\NEG00642.tif,E:\LandSlide-Prediction\data\terrain\contours\NEG00642.png,80.7115478515625,68.90564727783203,90.73702239990234,21.831375122070312,3.8795390129089355,21.516794204711914,7.93977689743042,-0.004466019570827484,0.32481279969215393
NEG00643,0,success,E:\LandSlide-Prediction\data\terrain\patches\NEG00643.tif,E:\LandSlide-Prediction\data\terrain\contours\NEG00643.png,192.30706787109375,167.8850860595703,234.94039916992188,67.05531311035156,8.671051025390625,23.764362335205078,16.19900894165039,-0.0590665303170681,0.4982294738292694
NEG00644,0,success,E:\LandSlide-Prediction\data\terrain\patches\NEG00644.tif,E:\LandSlide-Prediction\data\terrain\contours\NEG00644.png,22.9307861328125,16.329307556152344,37.05527877807617,20.725971221923828,4.02793025970459,13.076973915100098,8.493846893310547,-0.0019740331918001175,0.323149710893631
NEG00645,0,success,E:\LandSlide-Prediction\data\terrain\patches\NEG00645.tif,E:\LandSlide-Prediction\data\terrain\contours\NEG00645.png,421.7769470214844,393.1464538574219,471.04583740234375,77.89938354492188,7.73361873626709,20.19989776611328,13.360443115234375,-0.006611427292227745,0.43497779965400696
NEG00646,0,success,E:\LandSlide-Prediction\data\terrain\patches\NEG00646.tif,E:\LandSlide-Prediction\data\terrain\contours\NEG00646.png,124.47373962402344,94.11119079589844,219.04202270507812,124.93083190917969,12.171945571899414,32.77431106567383,22.375694274902344,-0.01841604709625244,0.6797786951065063
NEG00647,0,success,E:\LandSlide-Prediction\data\terrain\patches\NEG00647.tif,E:\LandSlide-Prediction\data\terrain\contours\NEG00647.png,1210.201416015625,1125.3125,1338.3087158203125,212.9962158203125,22.514328002929688,39.1325798034668,32.63343811035156,-0.013617821037769318,0.9240411520004272
NEG00648,0,success,E:\LandSlide-Prediction\data\terrain\patches\NEG00648.tif,E:\LandSlide-Prediction\data\terrain\contours\NEG00648.png,870.770263671875,753.0877685546875,989.9673461914062,236.87957763671875,23.84101676940918,53.82672882080078,36.86387634277344,-0.10659316182136536,0.8761898279190063
NEG00649,0,success,E:\LandSlide-Prediction\data\terrain\patches\NEG00649.tif,E:\LandSlide-Prediction\data\terrain\contours\NEG00649.png,189.68350219726562,124.24486541748047,310.224365234375,185.9794921875,15.35092544555664,35.04051971435547,23.61012077331543,0.006505414843559265,0.6260977387428284
NEG00650,0,success,E:\LandSlide-Prediction\data\terrain\patches\NEG00650.tif,E:\LandSlide-Prediction\data\terrain\contours\NEG00650.png,1034.608642578125,821.25048828125,1242.596435546875,421.345947265625,32.11492919921875,56.64133071899414,45.58671569824219,-0.09474194049835205,1.054094910621643
NEG00651,0,success,E:\LandSlide-Prediction\data\terrain\patches\NEG00651.tif,E:\LandSlide-Prediction\data\terrain\contours\NEG00651.png,44.4864387512207,22.84556770324707,84.69668579101562,61.85111999511719,9.106720924377441,29.537851333618164,20.274921417236328,-0.022666459903120995,0.4852009117603302
NEG00652,0,success,E:\LandSlide-Prediction\data\terrain\patches\NEG00652.tif,E:\LandSlide-Prediction\data\terrain\contours\NEG00652.png,528.2337646484375,497.7151794433594,557.2986450195312,59.583465576171875,10.572444915771484,26.643442153930664,17.4949893951416,-0.040097225457429886,0.7201656699180603
NEG00653,0,success,E:\LandSlide-Prediction\data\terrain\patches\NEG00653.tif,E:\LandSlide-Prediction\data\terrain\contours\NEG00653.png,254.67156982421875,232.2637176513672,294.3649597167969,62.10124206542969,5.643084526062012,21.471757888793945,9.220232009887695,-0.008056587539613247,0.3453375995159149
NEG00654,0,success,E:\LandSlide-Prediction\data\terrain\patches\NEG00654.tif,E:\LandSlide-Prediction\data\terrain\contours\NEG00654.png,767.141845703125,684.1609497070312,849.3953857421875,165.23443603515625,20.14818572998047,35.0252571105957,28.077465057373047,0.019728422164916992,0.7043009996414185
NEG00655,0,success,E:\LandSlide-Prediction\data\terrain\patches\NEG00655.tif,E:\LandSlide-Prediction\data\terrain\contours\NEG00655.png,1208.3935546875,1183.6739501953125,1229.864501953125,46.1905517578125,8.370095252990723,25.163991928100586,14.094558715820312,0.015560805797576904,0.6137760877609253
NEG00656,0,success,E:\LandSlide-Prediction\data\terrain\patches\NEG00656.tif,E:\LandSlide-Prediction\data\terrain\contours\NEG00656.png,142.17758178710938,117.38002014160156,212.95013427734375,95.57011413574219,10.926998138427734,39.43537139892578,19.680919647216797,0.08200211822986603,0.5915108323097229
NEG00657,0,success,E:\LandSlide-Prediction\data\terrain\patches\NEG00657.tif,E:\LandSlide-Prediction\data\terrain\contours\NEG00657.png,179.87255859375,121.55980682373047,251.7220916748047,130.16229248046875,16.783784866333008,34.71842956542969,26.45323944091797,0.02919628843665123,0.6624934077262878
NEG00658,0,success,E:\LandSlide-Prediction\data\terrain\patches\NEG00658.tif,E:\LandSlide-Prediction\data\terrain\contours\NEG00658.png,80.99481964111328,73.1880874633789,114.10928344726562,40.92119598388672,3.8425512313842773,20.260475158691406,7.442930221557617,0.02825375646352768,0.2935476303100586
NEG00659,0,success,E:\LandSlide-Prediction\data\terrain\patches\NEG00659.tif,E:\LandSlide-Prediction\data\terrain\contours\NEG00659.png,91.55036163330078,80.0,101.32716369628906,21.327163696289062,1.4422070980072021,11.750556945800781,3.1543283462524414,-0.006628456525504589,0.16731667518615723
NEG00660,0,success,E:\LandSlide-Prediction\data\terrain\patches\NEG00660.tif,E:\LandSlide-Prediction\data\terrain\contours\NEG00660.png,622.8594970703125,563.726318359375,694.6852416992188,130.95892333984375,16.68225860595703,35.70428466796875,27.447223663330078,-0.04310198128223419,0.8127660155296326
NEG00661,0,success,E:\LandSlide-Prediction\data\terrain\patches\NEG00661.tif,E:\LandSlide-Prediction\data\terrain\contours\NEG00661.png,222.56732177734375,80.97676086425781,291.83380126953125,210.85704040527344,21.951473236083984,44.16344451904297,34.13988494873047,-0.0003473535180091858,0.9402739405632019
NEG00662,0,success,E:\LandSlide-Prediction\data\terrain\patches\NEG00662.tif,E:\LandSlide-Prediction\data\terrain\contours\NEG00662.png,1048.97119140625,978.8914184570312,1124.427734375,145.53631591796875,12.427730560302734,29.915010452270508,18.333282470703125,0.025606825947761536,0.6634933948516846
NEG00663,0,success,E:\LandSlide-Prediction\data\terrain\patches\NEG00663.tif,E:\LandSlide-Prediction\data\terrain\contours\NEG00663.png,571.1810302734375,476.2411804199219,667.82861328125,191.58743286132812,24.053226470947266,43.71940231323242,34.61595916748047,0.022816933691501617,1.0668299198150635
NEG00664,0,success,E:\LandSlide-Prediction\data\terrain\patches\NEG00664.tif,E:\LandSlide-Prediction\data\terrain\contours\NEG00664.png,1269.03857421875,955.580322265625,1448.3837890625,492.803466796875,31.350753784179688,65.92545318603516,51.31867980957031,-0.13941580057144165,1.235530972480774
NEG00665,0,success,E:\LandSlide-Prediction\data\terrain\patches\NEG00665.tif,E:\LandSlide-Prediction\data\terrain\contours\NEG00665.png,114.6466064453125,53.65338897705078,190.17835998535156,136.52496337890625,15.174363136291504,32.7949333190918,23.493955612182617,0.04416634514927864,0.7736914157867432
NEG00666,0,success,E:\LandSlide-Prediction\data\terrain\patches\NEG00666.tif,E:\LandSlide-Prediction\data\terrain\contours\NEG00666.png,198.03451538085938,120.83979797363281,262.15838623046875,141.31858825683594,19.35912322998047,42.34972381591797,29.382095336914062,-0.04946069419384003,0.7576341032981873
NEG00667,0,success,E:\LandSlide-Prediction\data\terrain\patches\NEG00667.tif,E:\LandSlide-Prediction\data\terrain\contours\NEG00667.png,337.7971496582031,285.087890625,416.87451171875,131.78662109375,14.189990997314453,32.983394622802734,22.154632568359375,0.05642925947904587,0.7815752625465393
NEG00668,0,success,E:\LandSlide-Prediction\data\terrain\patches\NEG00668.tif,E:\LandSlide-Prediction\data\terrain\contours\NEG00668.png,69.1855239868164,33.22838592529297,116.12041473388672,82.89202880859375,11.010455131530762,26.951337814331055,19.765335083007812,7.848814129829407e-05,0.5885619521141052
NEG00669,0,success,E:\LandSlide-Prediction\data\terrain\patches\NEG00669.tif,E:\LandSlide-Prediction\data\terrain\contours\NEG00669.png,116.97550964355469,106.54792022705078,161.7799530029297,55.232032775878906,4.150347709655762,27.859390258789062,7.454618453979492,0.018328852951526642,0.31795454025268555
NEG00670,0,success,E:\LandSlide-Prediction\data\terrain\patches\NEG00670.tif,E:\LandSlide-Prediction\data\terrain\contours\NEG00670.png,1037.314453125,975.7667236328125,1099.939208984375,124.1724853515625,13.391743659973145,33.21961212158203,22.749954223632812,-0.02195211872458458,0.7002230882644653
NEG00671,0,success,E:\LandSlide-Prediction\data\terrain\patches\NEG00671.tif,E:\LandSlide-Prediction\data\terrain\contours\NEG00671.png,293.7400817871094,239.53030395507812,330.03851318359375,90.50820922851562,9.947807312011719,29.638551712036133,18.393871307373047,0.02066345140337944,0.6429730653762817
NEG00672,0,success,E:\LandSlide-Prediction\data\terrain\patches\NEG00672.tif,E:\LandSlide-Prediction\data\terrain\contours\NEG00672.png,153.1785888671875,124.59828186035156,233.63796997070312,109.03968811035156,11.131767272949219,38.334171295166016,20.954050064086914,0.02133292704820633,0.6657537221908569
NEG00673,0,success,E:\LandSlide-Prediction\data\terrain\patches\NEG00673.tif,E:\LandSlide-Prediction\data\terrain\contours\NEG00673.png,1237.368896484375,1179.701171875,1285.0140380859375,105.3128662109375,11.674580574035645,26.02959632873535,17.73098373413086,-0.009440489113330841,0.6203956007957458
NEG00674,0,success,E:\LandSlide-Prediction\data\terrain\patches\NEG00674.tif,E:\LandSlide-Prediction\data\terrain\contours\NEG00674.png,180.12789916992188,142.05908203125,265.8591613769531,123.80007934570312,13.161999702453613,34.322059631347656,23.448322296142578,-0.04995301738381386,0.6233187913894653
NEG00675,0,success,E:\LandSlide-Prediction\data\terrain\patches\NEG00675.tif,E:\LandSlide-Prediction\data\terrain\contours\NEG00675.png,175.5244140625,131.39663696289062,292.6820068359375,161.28536987304688,13.547475814819336,35.568756103515625,28.51248550415039,-0.04044098034501076,0.6407803297042847
NEG00676,0,success,E:\LandSlide-Prediction\data\terrain\patches\NEG00676.tif,E:\LandSlide-Prediction\data\terrain\contours\NEG00676.png,1259.678955078125,1176.21923828125,1333.8602294921875,157.6409912109375,15.574028015136719,34.93671417236328,24.44287872314453,0.005950853228569031,0.7974488139152527
NEG00677,0,success,E:\LandSlide-Prediction\data\terrain\patches\NEG00677.tif,E:\LandSlide-Prediction\data\terrain\contours\NEG00677.png,144.47808837890625,134.88525390625,155.15440368652344,20.269149780273438,4.073396682739258,19.479816436767578,7.6204938888549805,-0.0019779661670327187,0.41494032740592957
NEG00678,0,success,E:\LandSlide-Prediction\data\terrain\patches\NEG00678.tif,E:\LandSlide-Prediction\data\terrain\contours\NEG00678.png,161.74766540527344,118.33650207519531,230.24386596679688,111.90736389160156,15.35909652709961,39.21330261230469,27.278362274169922,-0.04681948572397232,0.8649147152900696
NEG00679,0,success,E:\LandSlide-Prediction\data\terrain\patches\NEG00679.tif,E:\LandSlide-Prediction\data\terrain\contours\NEG00679.png,430.03167724609375,409.50946044921875,491.8514709472656,82.34201049804688,8.439062118530273,27.230127334594727,15.633049011230469,0.030911443755030632,0.4767026901245117
NEG00680,0,success,E:\LandSlide-Prediction\data\terrain\patches\NEG00680.tif,E:\LandSlide-Prediction\data\terrain\contours\NEG00680.png,1619.5841064453125,1558.6619873046875,1686.1728515625,127.5108642578125,11.459331512451172,25.057701110839844,19.45262908935547,-0.006124407052993774,0.4512752294540405
NEG00681,0,success,E:\LandSlide-Prediction\data\terrain\patches\NEG00681.tif,E:\LandSlide-Prediction\data\terrain\contours\NEG00681.png,1248.154541015625,1183.9632568359375,1315.93798828125,131.9747314453125,13.193083763122559,30.18147087097168,20.42216682434082,-0.0403180792927742,0.5653387904167175
NEG00682,0,success,E:\LandSlide-Prediction\data\terrain\patches\NEG00682.tif,E:\LandSlide-Prediction\data\terrain\contours\NEG00682.png,1030.2513427734375,917.9285278320312,1181.0941162109375,263.16558837890625,18.817426681518555,37.67355728149414,26.768712997436523,0.0018073394894599915,0.7898406386375427
NEG00683,0,success,E:\LandSlide-Prediction\data\terrain\patches\NEG00683.tif,E:\LandSlide-Prediction\data\terrain\contours\NEG00683.png,83.99811553955078,61.486446380615234,137.76882934570312,76.28237915039062,10.65736198425293,37.17274856567383,21.236034393310547,0.040425144135951996,0.5122706294059753
NEG00684,0,success,E:\LandSlide-Prediction\data\terrain\patches\NEG00684.tif,E:\LandSlide-Prediction\data\terrain\contours\NEG00684.png,243.56719970703125,179.6847686767578,323.1502380371094,143.46546936035156,13.981229782104492,26.765005111694336,21.290828704833984,0.017712220549583435,0.5962085127830505
NEG00685,0,success,E:\LandSlide-Prediction\data\terrain\patches\NEG00685.tif,E:\LandSlide-Prediction\data\terrain\contours\NEG00685.png,845.36474609375,759.749755859375,979.9673461914062,220.21759033203125,19.07331085205078,35.50232696533203,29.751949310302734,0.017199203372001648,0.6528491973876953
NEG00686,0,success,E:\LandSlide-Prediction\data\terrain\patches\NEG00686.tif,E:\LandSlide-Prediction\data\terrain\contours\NEG00686.png,1106.0845947265625,1037.413818359375,1153.5263671875,116.112548828125,13.407144546508789,33.75525665283203,20.25101089477539,0.011414594948291779,0.7296415567398071
NEG00687,0,success,E:\LandSlide-Prediction\data\terrain\patches\NEG00687.tif,E:\LandSlide-Prediction\data\terrain\contours\NEG00687.png,579.11962890625,486.1475524902344,716.6913452148438,230.54379272460938,18.98173713684082,53.41748046875,33.27912139892578,-0.0014228448271751404,0.8028537034988403
NEG00688,0,success,E:\LandSlide-Prediction\data\terrain\patches\NEG00688.tif,E:\LandSlide-Prediction\data\terrain\contours\NEG00688.png,533.7337646484375,512.1599731445312,570.8309936523438,58.6710205078125,10.872615814208984,32.26505661010742,19.464801788330078,-0.018530026078224182,0.770606279373169
NEG00689,0,success,E:\LandSlide-Prediction\data\terrain\patches\NEG00689.tif,E:\LandSlide-Prediction\data\terrain\contours\NEG00689.png,1313.37841796875,1218.140625,1401.9139404296875,183.7733154296875,12.728229522705078,28.37698745727539,16.485130310058594,0.02434440702199936,0.527807891368866
NEG00690,0,success,E:\LandSlide-Prediction\data\terrain\patches\NEG00690.tif,E:\LandSlide-Prediction\data\terrain\contours\NEG00690.png,415.0286560058594,385.7234802246094,465.3909912109375,79.66751098632812,12.247450828552246,27.08670997619629,19.963428497314453,0.004055647179484367,0.6528117060661316
NEG00691,0,success,E:\LandSlide-Prediction\data\terrain\patches\NEG00691.tif,E:\LandSlide-Prediction\data\terrain\contours\NEG00691.png,1743.448974609375,1652.84423828125,1910.89501953125,258.05078125,16.751121520996094,39.894378662109375,29.35344886779785,0.04427065700292587,0.764726996421814
NEG00692,0,success,E:\LandSlide-Prediction\data\terrain\patches\NEG00692.tif,E:\LandSlide-Prediction\data\terrain\contours\NEG00692.png,47.48435974121094,23.520816802978516,97.54045104980469,74.01963806152344,8.56467056274414,27.844058990478516,15.824113845825195,0.001424076035618782,0.5133814811706543
NEG00693,0,success,E:\LandSlide-Prediction\data\terrain\patches\NEG00693.tif,E:\LandSlide-Prediction\data\terrain\contours\NEG00693.png,9.450664520263672,1.0,25.212594985961914,24.212594985961914,4.058412075042725,18.95870018005371,8.546276092529297,-0.005230064503848553,0.32359686493873596
NEG00694,0,success,E:\LandSlide-Prediction\data\terrain\patches\NEG00694.tif,E:\LandSlide-Prediction\data\terrain\contours\NEG00694.png,164.53976440429688,157.79177856445312,171.6284942626953,13.836715698242188,2.225700855255127,7.9184136390686035,4.190840721130371,-0.005311382003128529,0.16497808694839478
NEG00695,0,success,E:\LandSlide-Prediction\data\terrain\patches\NEG00695.tif,E:\LandSlide-Prediction\data\terrain\contours\NEG00695.png,1060.066650390625,1037.9449462890625,1113.2520751953125,75.30712890625,9.336372375488281,29.879722595214844,16.146909713745117,0.011239849030971527,0.6299876570701599
NEG00696,0,success,E:\LandSlide-Prediction\data\terrain\patches\NEG00696.tif,E:\LandSlide-Prediction\data\terrain\contours\NEG00696.png,1079.019775390625,1013.44580078125,1127.3868408203125,113.9410400390625,11.90345573425293,27.706588745117188,19.0711669921875,0.004464969038963318,0.6981268525123596
NEG00697,0,success,E:\LandSlide-Prediction\data\terrain\patches\NEG00697.tif,E:\LandSlide-Prediction\data\terrain\contours\NEG00697.png,535.1298828125,501.7856140136719,572.3571166992188,70.57150268554688,13.530791282653809,29.47721290588379,22.38909149169922,-0.014134412631392479,0.8784077167510986
NEG00698,0,success,E:\LandSlide-Prediction\data\terrain\patches\NEG00698.tif,E:\LandSlide-Prediction\data\terrain\contours\NEG00698.png,258.8691711425781,240.16494750976562,274.9909973144531,34.8260498046875,5.015162467956543,14.504261016845703,8.286941528320312,-0.018314015120267868,0.34670060873031616
NEG00699,0,success,E:\LandSlide-Prediction\data\terrain\patches\NEG00699.tif,E:\LandSlide-Prediction\data\terrain\contours\NEG00699.png,90.4564208984375,48.80063247680664,179.5798797607422,130.7792510986328,16.766376495361328,35.98013687133789,27.290199279785156,0.010385755449533463,0.723561704158783
NEG00700,0,success,E:\LandSlide-Prediction\data\terrain\patches\NEG00700.tif,E:\LandSlide-Prediction\data\terrain\contours\NEG00700.png,734.9644775390625,623.2518310546875,824.7847290039062,201.53289794921875,19.5550537109375,34.0693359375,28.011001586914062,0.02738732099533081,0.7648181915283203
NEG00701,0,success,E:\LandSlide-Prediction\data\terrain\patches\NEG00701.tif,E:\LandSlide-Prediction\data\terrain\contours\NEG00701.png,87.49311828613281,66.54911804199219,163.3917694091797,96.8426513671875,9.759190559387207,27.307382583618164,19.870468139648438,0.029683206230401993,0.43847155570983887
NEG00702,0,success,E:\LandSlide-Prediction\data\terrain\patches\NEG00702.tif,E:\LandSlide-Prediction\data\terrain\contours\NEG00702.png,182.74447631835938,146.7860107421875,230.39662170410156,83.61061096191406,10.957226753234863,27.897785186767578,19.786727905273438,-1.7005950212478638e-06,0.5356541275978088
NEG00703,0,success,E:\LandSlide-Prediction\data\terrain\patches\NEG00703.tif,E:\LandSlide-Prediction\data\terrain\contours\NEG00703.png,76.34056091308594,58.075199127197266,109.51445770263672,51.43925857543945,8.365856170654297,23.923830032348633,15.346721649169922,0.002789001911878586,0.5438354015350342
NEG00704,0,success,E:\LandSlide-Prediction\data\terrain\patches\NEG00704.tif,E:\LandSlide-Prediction\data\terrain\contours\NEG00704.png,100.85968017578125,81.52201080322266,123.77787017822266,42.255859375,6.088220596313477,18.169225692749023,11.110550880432129,-0.016989951953291893,0.36866074800491333
NEG00705,0,success,E:\LandSlide-Prediction\data\terrain\patches\NEG00705.tif,E:\LandSlide-Prediction\data\terrain\contours\NEG00705.png,1094.3521728515625,969.4841918945312,1266.6474609375,297.16326904296875,21.754806518554688,51.08346176147461,36.488304138183594,-0.007750391960144043,0.7433596253395081
NEG00706,0,success,E:\LandSlide-Prediction\data\terrain\patches\NEG00706.tif,E:\LandSlide-Prediction\data\terrain\contours\NEG00706.png,784.2012329101562,666.1517944335938,862.3927612304688,196.240966796875,20.87651252746582,41.19289779663086,30.419837951660156,-0.0032735615968704224,0.7017809152603149
NEG00707,0,success,E:\LandSlide-Prediction\data\terrain\patches\NEG00707.tif,E:\LandSlide-Prediction\data\terrain\contours\NEG00707.png,113.8885498046875,95.01044464111328,150.42555236816406,55.41510772705078,5.263347625732422,21.05604362487793,11.132038116455078,-0.009054231457412243,0.338615357875824
NEG00708,0,success,E:\LandSlide-Prediction\data\terrain\patches\NEG00708.tif,E:\LandSlide-Prediction\data\terrain\contours\NEG00708.png,117.19221496582031,102.35392761230469,189.8009796142578,87.44705200195312,8.088533401489258,30.883176803588867,21.113643646240234,0.020667288452386856,0.49073493480682373
NEG00709,0,success,E:\LandSlide-Prediction\data\terrain\patches\NEG00709.tif,E:\LandSlide-Prediction\data\terrain\contours\NEG00709.png,286.0286865234375,191.79161071777344,363.1011047363281,171.3094940185547,18.227951049804688,37.64961624145508,29.481971740722656,-0.02866923063993454,0.7392851710319519
NEG00710,0,success,E:\LandSlide-Prediction\data\terrain\patches\NEG00710.tif,E:\LandSlide-Prediction\data\terrain\contours\NEG00710.png,28.73720359802246,18.604978561401367,42.56227111816406,23.957292556762695,4.479351997375488,15.822425842285156,8.379366874694824,0.006674111355096102,0.38564684987068176
NEG00711,0,success,E:\LandSlide-Prediction\data\terrain\patches\NEG00711.tif,E:\LandSlide-Prediction\data\terrain\contours\NEG00711.png,75.3873291015625,61.30467987060547,108.14905548095703,46.84437561035156,5.3586812019348145,16.819150924682617,9.60106086730957,0.005495958961546421,0.3484039008617401
NEG00712,0,success,E:\LandSlide-Prediction\data\terrain\patches\NEG00712.tif,E:\LandSlide-Prediction\data\terrain\contours\NEG00712.png,594.9281005859375,522.5668334960938,667.1249389648438,144.55810546875,18.338123321533203,39.07715606689453,29.755043029785156,-0.02922840416431427,0.8745533227920532
NEG00713,0,success,E:\LandSlide-Prediction\data\terrain\patches\NEG00713.tif,E:\LandSlide-Prediction\data\terrain\contours\NEG00713.png,875.4342041015625,745.4486083984375,1023.2913818359375,277.8427734375,23.471454620361328,35.59772872924805,30.43054962158203,0.11473328620195389,0.7212474942207336
NEG00714,0,success,E:\LandSlide-Prediction\data\terrain\patches\NEG00714.tif,E:\LandSlide-Prediction\data\terrain\contours\NEG00714.png,193.2697296142578,119.28614807128906,255.2318878173828,135.94573974609375,14.353303909301758,37.172054290771484,25.794551849365234,-0.07080378383398056,0.6771297454833984
NEG00715,0,success,E:\LandSlide-Prediction\data\terrain\patches\NEG00715.tif,E:\LandSlide-Prediction\data\terrain\contours\NEG00715.png,409.478515625,280.2900085449219,542.2147827148438,261.9247741699219,20.580123901367188,35.357242584228516,29.65113067626953,-0.025367191061377525,0.7273327708244324
NEG00716,0,success,E:\LandSlide-Prediction\data\terrain\patches\NEG00716.tif,E:\LandSlide-Prediction\data\terrain\contours\NEG00716.png,85.83920288085938,35.983665466308594,170.79263305664062,134.8089599609375,18.117467880249023,43.981319427490234,27.320205688476562,0.04499174281954765,0.9895585179328918
NEG00717,0,success,E:\LandSlide-Prediction\data\terrain\patches\NEG00717.tif,E:\LandSlide-Prediction\data\terrain\contours\NEG00717.png,197.58761596679688,173.0429229736328,245.072509765625,72.02958679199219,9.275009155273438,35.779720306396484,17.766923904418945,0.019697774201631546,0.7382815480232239
NEG00718,0,success,E:\LandSlide-Prediction\data\terrain\patches\NEG00718.tif,E:\LandSlide-Prediction\data\terrain\contours\NEG00718.png,238.90493774414062,161.63780212402344,306.6090087890625,144.97120666503906,16.979787826538086,32.93656921386719,26.083633422851562,-0.04867903143167496,0.6746764183044434
NEG00719,0,success,E:\LandSlide-Prediction\data\terrain\patches\NEG00719.tif,E:\LandSlide-Prediction\data\terrain\contours\NEG00719.png,469.70501708984375,444.9184265136719,504.01226806640625,59.093841552734375,11.358663558959961,27.13666343688965,17.994369506835938,-0.007920123636722565,0.7107138633728027
NEG00720,0,success,E:\LandSlide-Prediction\data\terrain\patches\NEG00720.tif,E:\LandSlide-Prediction\data\terrain\contours\NEG00720.png,537.45068359375,457.6414489746094,644.6361694335938,186.99472045898438,14.515164375305176,28.384746551513672,21.910783767700195,0.015901917591691017,0.5139852166175842
NEG00721,0,success,E:\LandSlide-Prediction\data\terrain\patches\NEG00721.tif,E:\LandSlide-Prediction\data\terrain\contours\NEG00721.png,52.23760223388672,43.82783889770508,65.13141632080078,21.303577423095703,2.8515491485595703,12.200197219848633,5.478796005249023,0.0022323266603052616,0.19213494658470154
NEG00722,0,success,E:\LandSlide-Prediction\data\terrain\patches\NEG00722.tif,E:\LandSlide-Prediction\data\terrain\contours\NEG00722.png,38.748046875,20.026809692382812,127.91954040527344,107.89273071289062,8.035340309143066,31.404767990112305,21.936864852905273,0.04957488551735878,0.38917455077171326
NEG00723,0,success,E:\LandSlide-Prediction\data\terrain\patches\NEG00723.tif,E:\LandSlide-Prediction\data\terrain\contours\NEG00723.png,140.33421325683594,134.61776733398438,146.202392578125,11.584625244140625,1.9957762956619263,7.7362895011901855,3.6639561653137207,-0.0005297847092151642,0.14516852796077728
NEG00724,0,success,E:\LandSlide-Prediction\data\terrain\patches\NEG00724.tif,E:\LandSlide-Prediction\data\terrain\contours\NEG00724.png,137.77413940429688,129.43370056152344,150.57261657714844,21.138916015625,4.1590256690979,12.711465835571289,8.242097854614258,0.013716925866901875,0.303924560546875
NEG00725,0,success,E:\LandSlide-Prediction\data\terrain\patches\NEG00725.tif,E:\LandSlide-Prediction\data\terrain\contours\NEG00725.png,125.22421264648438,57.7742919921875,223.62229919433594,165.84800720214844,15.332500457763672,30.796464920043945,24.242733001708984,0.020687304437160492,0.6524443626403809
NEG00726,0,success,E:\LandSlide-Prediction\data\terrain\patches\NEG00726.tif,E:\LandSlide-Prediction\data\terrain\contours\NEG00726.png,27.73193359375,20.38907241821289,39.473480224609375,19.084407806396484,4.238681316375732,19.21807289123535,7.855332374572754,-0.0012163729406893253,0.41991060972213745
NEG00727,0,success,E:\LandSlide-Prediction\data\terrain\patches\NEG00727.tif,E:\LandSlide-Prediction\data\terrain\contours\NEG00727.png,158.1683807373047,84.27657318115234,316.96221923828125,232.68563842773438,18.753799438476562,41.15184020996094,32.78412628173828,0.010775752365589142,0.8386206030845642
NEG00728,0,success,E:\LandSlide-Prediction\data\terrain\patches\NEG00728.tif,E:\LandSlide-Prediction\data\terrain\contours\NEG00728.png,453.11602783203125,263.95721435546875,633.0245971679688,369.0673828125,27.531150817871094,42.372581481933594,34.40892791748047,0.08820322155952454,0.7669029831886292
NEG00729,0,success,E:\LandSlide-Prediction\data\terrain\patches\NEG00729.tif,E:\LandSlide-Prediction\data\terrain\contours\NEG00729.png,330.6502685546875,253.71298217773438,526.3674926757812,272.6545104980469,20.631580352783203,52.59661865234375,38.46898651123047,0.03809685260057449,1.2084054946899414
NEG00730,0,success,E:\LandSlide-Prediction\data\terrain\patches\NEG00730.tif,E:\LandSlide-Prediction\data\terrain\contours\NEG00730.png,168.06280517578125,100.49311065673828,223.4577178955078,122.96460723876953,16.213836669921875,36.63956069946289,26.44541358947754,0.03502287343144417,0.8967537879943848
NEG00731,0,success,E:\LandSlide-Prediction\data\terrain\patches\NEG00731.tif,E:\LandSlide-Prediction\data\terrain\contours\NEG00731.png,162.2574462890625,98.3301010131836,262.5289306640625,164.19882202148438,17.70694351196289,39.618534088134766,31.277790069580078,-0.02728908509016037,0.7054570317268372
NEG00732,0,success,E:\LandSlide-Prediction\data\terrain\patches\NEG00732.tif,E:\LandSlide-Prediction\data\terrain\contours\NEG00732.png,39.707427978515625,26.926746368408203,81.64666748046875,54.71992111206055,7.7234721183776855,28.223712921142578,14.62302017211914,0.04900951310992241,0.5265134572982788
NEG00733,0,success,E:\LandSlide-Prediction\data\terrain\patches\NEG00733.tif,E:\LandSlide-Prediction\data\terrain\contours\NEG00733.png,126.29434204101562,115.07672882080078,156.0372314453125,40.96050262451172,5.202450752258301,22.304914474487305,9.697844505310059,0.03525576740503311,0.42650681734085083
NEG00734,0,success,E:\LandSlide-Prediction\data\terrain\patches\NEG00734.tif,E:\LandSlide-Prediction\data\terrain\contours\NEG00734.png,1889.5538330078125,1862.647705078125,1916.2305908203125,53.5828857421875,7.716818809509277,20.61322593688965,12.268232345581055,0.013731986284255981,0.45156919956207275
NEG00735,0,success,E:\LandSlide-Prediction\data\terrain\patches\NEG00735.tif,E:\LandSlide-Prediction\data\terrain\contours\NEG00735.png,667.1287231445312,651.000732421875,735.8513793945312,84.85064697265625,7.970119476318359,35.21883010864258,18.504173278808594,0.031487103551626205,0.4976552426815033
NEG00736,0,success,E:\LandSlide-Prediction\data\terrain\patches\NEG00736.tif,E:\LandSlide-Prediction\data\terrain\contours\NEG00736.png,166.84140014648438,129.43988037109375,192.47496032714844,63.03507995605469,6.458819389343262,20.98077964782715,11.559743881225586,0.030575688928365707,0.35899582505226135
NEG00737,0,success,E:\LandSlide-Prediction\data\terrain\patches\NEG00737.tif,E:\LandSlide-Prediction\data\terrain\contours\NEG00737.png,251.78704833984375,222.15133666992188,298.1588439941406,76.00750732421875,8.690505027770996,26.49735450744629,15.553455352783203,0.001039925031363964,0.6036593914031982
NEG00738,0,success,E:\LandSlide-Prediction\data\terrain\patches\NEG00738.tif,E:\LandSlide-Prediction\data\terrain\contours\NEG00738.png,165.33746337890625,151.43276977539062,184.25579833984375,32.823028564453125,4.712847709655762,13.422481536865234,7.838923454284668,-0.0035903677344322205,0.2877262532711029
NEG00739,0,success,E:\LandSlide-Prediction\data\terrain\patches\NEG00739.tif,E:\LandSlide-Prediction\data\terrain\contours\NEG00739.png,119.89613342285156,104.97383880615234,149.9366455078125,44.962806701660156,5.535036087036133,21.000865936279297,10.295875549316406,-0.009791393764317036,0.35253381729125977
NEG00740,0,success,E:\LandSlide-Prediction\data\terrain\patches\NEG00740.tif,E:\LandSlide-Prediction\data\terrain\contours\NEG00740.png,242.7862091064453,229.56039428710938,285.08306884765625,55.522674560546875,5.034083366394043,17.45499038696289,8.440545082092285,0.008173489011824131,0.3674241006374359
NEG00741,0,success,E:\LandSlide-Prediction\data\terrain\patches\NEG00741.tif,E:\LandSlide-Prediction\data\terrain\contours\NEG00741.png,119.47714233398438,112.47160339355469,129.27516174316406,16.803558349609375,2.9451520442962646,10.942496299743652,6.159976959228516,0.0075569008477032185,0.23299473524093628
NEG00742,0,success,E:\LandSlide-Prediction\data\terrain\patches\NEG00742.tif,E:\LandSlide-Prediction\data\terrain\contours\NEG00742.png,164.69590759277344,151.60446166992188,193.88804626464844,42.28358459472656,5.25768518447876,25.587783813476562,10.864480972290039,0.002970455214381218,0.3780660927295685
NEG00743,0,success,E:\LandSlide-Prediction\data\terrain\patches\NEG00743.tif,E:\LandSlide-Prediction\data\terrain\contours\NEG00743.png,27.532695770263672,22.290271759033203,44.76278305053711,22.472511291503906,3.224058151245117,13.93154525756836,7.4484405517578125,0.016441555693745613,0.2548680603504181
NEG00744,0,success,E:\LandSlide-Prediction\data\terrain\patches\NEG00744.tif,E:\LandSlide-Prediction\data\terrain\contours\NEG00744.png,91.00271606445312,61.840518951416016,126.89279174804688,65.05227661132812,11.148072242736816,30.888105392456055,19.570362091064453,-0.011861121281981468,0.6592748165130615
NEG00745,0,success,E:\LandSlide-Prediction\data\terrain\patches\NEG00745.tif,E:\LandSlide-Prediction\data\terrain\contours\NEG00745.png,617.690673828125,411.476318359375,809.5010375976562,398.02471923828125,31.815940856933594,56.74042892456055,45.83361053466797,-0.06500615924596786,1.2891185283660889
NEG00746,0,success,E:\LandSlide-Prediction\data\terrain\patches\NEG00746.tif,E:\LandSlide-Prediction\data\terrain\contours\NEG00746.png,144.47222900390625,91.74485778808594,211.83969116210938,120.09483337402344,17.512420654296875,33.35439682006836,26.853759765625,0.053507037460803986,0.9799171090126038
NEG00747,0,success,E:\LandSlide-Prediction\data\terrain\patches\NEG00747.tif,E:\LandSlide-Prediction\data\terrain\contours\NEG00747.png,583.8550415039062,503.84405517578125,646.9093017578125,143.06524658203125,13.12191104888916,38.39635467529297,21.106300354003906,-0.018770966678857803,0.7295131683349609
NEG00748,0,success,E:\LandSlide-Prediction\data\terrain\patches\NEG00748.tif,E:\LandSlide-Prediction\data\terrain\contours\NEG00748.png,292.7674560546875,145.70057678222656,363.1195373535156,217.41896057128906,12.241472244262695,39.092803955078125,26.116870880126953,-0.01759180799126625,0.5084006786346436
NEG00749,0,success,E:\LandSlide-Prediction\data\terrain\patches\NEG00749.tif,E:\LandSlide-Prediction\data\terrain\contours\NEG00749.png,798.1068115234375,710.2163696289062,903.396240234375,193.17987060546875,18.107196807861328,40.3255615234375,27.1783504486084,0.059068094938993454,0.819494366645813
NEG00750,0,success,E:\LandSlide-Prediction\data\terrain\patches\NEG00750.tif,E:\LandSlide-Prediction\data\terrain\contours\NEG00750.png,206.8756103515625,54.5260124206543,274.5109558105469,219.9849395751953,18.102901458740234,49.47666931152344,35.24626922607422,-0.09432733803987503,0.6771159768104553
NEG00751,0,success,E:\LandSlide-Prediction\data\terrain\patches\NEG00751.tif,E:\LandSlide-Prediction\data\terrain\contours\NEG00751.png,398.64239501953125,244.13629150390625,580.1090698242188,335.9727783203125,23.13965606689453,47.664154052734375,31.84018898010254,0.12918610870838165,0.6453898549079895
NEG00752,0,success,E:\LandSlide-Prediction\data\terrain\patches\NEG00752.tif,E:\LandSlide-Prediction\data\terrain\contours\NEG00752.png,26.555824279785156,16.94681739807129,48.34876251220703,31.401945114135742,5.2834038734436035,17.078886032104492,9.726024627685547,-0.0014851908199489117,0.3910820782184601
NEG00753,0,success,E:\LandSlide-Prediction\data\terrain\patches\NEG00753.tif,E:\LandSlide-Prediction\data\terrain\contours\NEG00753.png,367.6523742675781,285.0650329589844,491.797607421875,206.73257446289062,17.217397689819336,37.30944061279297,29.423051834106445,0.0032881908118724823,0.6240758299827576
NEG00754,0,success,E:\LandSlide-Prediction\data\terrain\patches\NEG00754.tif,E:\LandSlide-Prediction\data\terrain\contours\NEG00754.png,429.82977294921875,323.523193359375,587.78564453125,264.262451171875,19.043376922607422,49.68014907836914,30.18726348876953,0.1425366997718811,0.4990695118904114
NEG00755,0,success,E:\LandSlide-Prediction\data\terrain\patches\NEG00755.tif,E:\LandSlide-Prediction\data\terrain\contours\NEG00755.png,795.7169189453125,750.2747802734375,927.3729858398438,177.09820556640625,16.041797637939453,32.00684356689453,25.912246704101562,0.022293806076049805,0.7547670602798462
NEG00756,0,success,E:\LandSlide-Prediction\data\terrain\patches\NEG00756.tif,E:\LandSlide-Prediction\data\terrain\contours\NEG00756.png,159.91290283203125,146.27685546875,183.056396484375,36.779541015625,4.685193061828613,12.540668487548828,8.010540008544922,0.002185317687690258,0.251560240983963
NEG00757,0,success,E:\LandSlide-Prediction\data\terrain\patches\NEG00757.tif,E:\LandSlide-Prediction\data\terrain\contours\NEG00757.png,434.999267578125,356.2765808105469,544.6268920898438,188.35031127929688,16.824676513671875,32.635658264160156,27.073612213134766,0.02034342847764492,0.6066997051239014
NEG00758,0,success,E:\LandSlide-Prediction\data\terrain\patches\NEG00758.tif,E:\LandSlide-Prediction\data\terrain\contours\NEG00758.png,87.6877212524414,77.51367950439453,105.16426849365234,27.650588989257812,3.6086831092834473,12.797128677368164,6.697207450866699,0.0010311007499694824,0.26790669560432434
NEG00759,0,success,E:\LandSlide-Prediction\data\terrain\patches\NEG00759.tif,E:\LandSlide-Prediction\data\terrain\contours\NEG00759.png,278.3428649902344,197.22048950195312,402.628173828125,205.40768432617188,17.133962631225586,44.653865814208984,31.980316162109375,-0.04324376583099365,0.6341581344604492
NEG00760,0,success,E:\LandSlide-Prediction\data\terrain\patches\NEG00760.tif,E:\LandSlide-Prediction\data\terrain\contours\NEG00760.png,87.66400146484375,76.74945068359375,106.34941864013672,29.59996795654297,4.241537570953369,13.364776611328125,8.817001342773438,0.006840566173195839,0.31519898772239685
NEG00761,0,success,E:\LandSlide-Prediction\data\terrain\patches\NEG00761.tif,E:\LandSlide-Prediction\data\terrain\contours\NEG00761.png,922.6966552734375,831.2218627929688,1024.71875,193.49688720703125,14.74856185913086,22.82200050354004,18.0791072845459,0.06280288100242615,0.42367517948150635
NEG00762,0,success,E:\LandSlide-Prediction\data\terrain\patches\NEG00762.tif,E:\LandSlide-Prediction\data\terrain\contours\NEG00762.png,1611.1767578125,1502.9527587890625,1744.8687744140625,241.916015625,19.571043014526367,42.39991760253906,31.448413848876953,0.04533172398805618,0.8440245985984802
NEG00763,0,success,E:\LandSlide-Prediction\data\terrain\patches\NEG00763.tif,E:\LandSlide-Prediction\data\terrain\contours\NEG00763.png,87.08409881591797,49.889163970947266,158.57594299316406,108.68678283691406,10.293224334716797,29.465301513671875,18.59442138671875,0.0022546332329511642,0.5077128410339355
NEG00764,0,success,E:\LandSlide-Prediction\data\terrain\patches\NEG00764.tif,E:\LandSlide-Prediction\data\terrain\contours\NEG00764.png,379.70684814453125,304.23651123046875,482.89996337890625,178.6634521484375,16.28681182861328,32.66316223144531,24.726680755615234,0.051258645951747894,0.6297487616539001
NEG00765,0,success,E:\LandSlide-Prediction\data\terrain\patches\NEG00765.tif,E:\LandSlide-Prediction\data\terrain\contours\NEG00765.png,318.6907958984375,241.07020568847656,426.8820495605469,185.8118438720703,18.503406524658203,34.8538818359375,27.14066505432129,-0.0037763752043247223,0.7563128471374512
NEG00766,0,success,E:\LandSlide-Prediction\data\terrain\patches\NEG00766.tif,E:\LandSlide-Prediction\data\terrain\contours\NEG00766.png,1125.5345458984375,1060.329345703125,1210.6947021484375,150.3653564453125,14.714197158813477,36.510353088378906,22.180622100830078,0.05116935074329376,0.7224586606025696
NEG00767,0,success,E:\LandSlide-Prediction\data\terrain\patches\NEG00767.tif,E:\LandSlide-Prediction\data\terrain\contours\NEG00767.png,1421.8043212890625,1395.8521728515625,1462.115478515625,66.2633056640625,11.204421043395996,29.927011489868164,20.00583839416504,-0.020449891686439514,0.637612521648407
NEG00768,0,success,E:\LandSlide-Prediction\data\terrain\patches\NEG00768.tif,E:\LandSlide-Prediction\data\terrain\contours\NEG00768.png,98.00942993164062,63.75130081176758,169.51364135742188,105.76234436035156,11.81337833404541,30.344152450561523,20.854219436645508,0.011048685759305954,0.6555113196372986
NEG00769,0,success,E:\LandSlide-Prediction\data\terrain\patches\NEG00769.tif,E:\LandSlide-Prediction\data\terrain\contours\NEG00769.png,434.96630859375,400.3625183105469,490.94384765625,90.58132934570312,12.046048164367676,32.3355712890625,21.899478912353516,0.00999232567846775,0.46481087803840637
NEG00770,0,success,E:\LandSlide-Prediction\data\terrain\patches\NEG00770.tif,E:\LandSlide-Prediction\data\terrain\contours\NEG00770.png,136.78665161132812,128.52285766601562,148.76071166992188,20.23785400390625,2.9263663291931152,9.399643898010254,6.22130012512207,0.005827300250530243,0.19648152589797974
NEG00771,0,success,E:\LandSlide-Prediction\data\terrain\patches\NEG00771.tif,E:\LandSlide-Prediction\data\terrain\contours\NEG00771.png,1082.101806640625,986.2999877929688,1180.8819580078125,194.58197021484375,14.235225677490234,32.303558349609375,20.075267791748047,0.026502832770347595,0.5633203983306885
NEG00772,0,success,E:\LandSlide-Prediction\data\terrain\patches\NEG00772.tif,E:\LandSlide-Prediction\data\terrain\contours\NEG00772.png,137.12765502929688,121.32966613769531,162.4827117919922,41.153045654296875,6.016738414764404,22.075984954833984,10.649526596069336,-0.010778864845633507,0.42990031838417053
NEG00773,0,success,E:\LandSlide-Prediction\data\terrain\patches\NEG00773.tif,E:\LandSlide-Prediction\data\terrain\contours\NEG00773.png,633.9119873046875,540.5659790039062,731.964599609375,191.39862060546875,14.666619300842285,33.27212905883789,18.864442825317383,0.0711188018321991,0.42795661091804504
NEG00774,0,success,E:\LandSlide-Prediction\data\terrain\patches\NEG00774.tif,E:\LandSlide-Prediction\data\terrain\contours\NEG00774.png,1469.700927734375,1386.2174072265625,1627.1783447265625,240.9609375,17.538782119750977,39.27482986450195,28.105518341064453,0.017264746129512787,0.6882802844047546
NEG00775,0,success,E:\LandSlide-Prediction\data\terrain\patches\NEG00775.tif,E:\LandSlide-Prediction\data\terrain\contours\NEG00775.png,164.96649169921875,47.71645736694336,345.7401428222656,298.023681640625,22.393369674682617,50.49488067626953,41.06437683105469,0.03761313110589981,1.05699622631073
NEG00776,0,success,E:\LandSlide-Prediction\data\terrain\patches\NEG00776.tif,E:\LandSlide-Prediction\data\terrain\contours\NEG00776.png,1032.27734375,891.7750244140625,1116.3887939453125,224.61376953125,16.623746871948242,45.6431999206543,30.500377655029297,0.03746828809380531,0.7790108919143677
NEG00777,0,success,E:\LandSlide-Prediction\data\terrain\patches\NEG00777.tif,E:\LandSlide-Prediction\data\terrain\contours\NEG00777.png,147.691650390625,113.89165496826172,196.76791381835938,82.87625885009766,8.90174674987793,23.897098541259766,16.69833755493164,-0.0001820465549826622,0.4299948215484619
NEG00778,0,success,E:\LandSlide-Prediction\data\terrain\patches\NEG00778.tif,E:\LandSlide-Prediction\data\terrain\contours\NEG00778.png,406.85797119140625,349.9478454589844,564.245361328125,214.29751586914062,14.267934799194336,35.40496826171875,25.734058380126953,0.03400489315390587,0.5784487724304199
NEG00779,0,success,E:\LandSlide-Prediction\data\terrain\patches\NEG00779.tif,E:\LandSlide-Prediction\data\terrain\contours\NEG00779.png,33.37749481201172,14.5,60.548282623291016,46.048282623291016,7.324127197265625,19.844358444213867,13.041060447692871,-0.009324541315436363,0.5057504773139954
NEG00780,0,success,E:\LandSlide-Prediction\data\terrain\patches\NEG00780.tif,E:\LandSlide-Prediction\data\terrain\contours\NEG00780.png,1246.6383056640625,1133.5089111328125,1347.5933837890625,214.08447265625,20.999303817749023,35.02363586425781,29.098957061767578,0.10849358886480331,0.8818901181221008
NEG00781,0,success,E:\LandSlide-Prediction\data\terrain\patches\NEG00781.tif,E:\LandSlide-Prediction\data\terrain\contours\NEG00781.png,107.73749542236328,96.45315551757812,125.64519500732422,29.192039489746094,4.769358158111572,14.234707832336426,8.51919937133789,-0.0034680794924497604,0.32194390892982483
NEG00782,0,success,E:\LandSlide-Prediction\data\terrain\patches\NEG00782.tif,E:\LandSlide-Prediction\data\terrain\contours\NEG00782.png,379.29290771484375,326.2797546386719,463.4953918457031,137.21563720703125,14.172994613647461,35.48123550415039,26.557113647460938,-0.09283880889415741,0.7282091975212097
NEG00783,0,success,E:\LandSlide-Prediction\data\terrain\patches\NEG00783.tif,E:\LandSlide-Prediction\data\terrain\contours\NEG00783.png,201.29246520996094,165.29238891601562,251.42483520507812,86.1324462890625,9.809906959533691,27.861047744750977,15.391239166259766,0.039102159440517426,0.5664408206939697
NEG00784,0,success,E:\LandSlide-Prediction\data\terrain\patches\NEG00784.tif,E:\LandSlide-Prediction\data\terrain\contours\NEG00784.png,110.24346923828125,99.86980438232422,136.55555725097656,36.685752868652344,3.2068228721618652,14.2966890335083,5.951828956604004,0.01293804869055748,0.16299404203891754
NEG00785,0,success,E:\LandSlide-Prediction\data\terrain\patches\NEG00785.tif,E:\LandSlide-Prediction\data\terrain\contours\NEG00785.png,1427.3056640625,1337.9881591796875,1531.4329833984375,193.44482421875,18.470245361328125,35.72256088256836,26.734153747558594,0.04977778345346451,0.8451458215713501
NEG00786,0,success,E:\LandSlide-Prediction\data\terrain\patches\NEG00786.tif,E:\LandSlide-Prediction\data\terrain\contours\NEG00786.png,247.269287109375,159.13697814941406,364.356689453125,205.21971130371094,17.507122039794922,37.18597412109375,24.680744171142578,0.04788137972354889,0.7450577616691589
NEG00787,0,success,E:\LandSlide-Prediction\data\terrain\patches\NEG00787.tif,E:\LandSlide-Prediction\data\terrain\contours\NEG00787.png,16.26042366027832,3.522665023803711,50.02848815917969,46.505821228027344,6.612828254699707,27.23261833190918,12.559913635253906,0.015798494219779968,0.46948012709617615
NEG00788,0,success,E:\LandSlide-Prediction\data\terrain\patches\NEG00788.tif,E:\LandSlide-Prediction\data\terrain\contours\NEG00788.png,1109.099365234375,1078.7061767578125,1169.5098876953125,90.8037109375,11.00863265991211,26.14198112487793,17.920528411865234,-0.003338135778903961,0.5468565225601196
NEG00789,0,success,E:\LandSlide-Prediction\data\terrain\patches\NEG00789.tif,E:\LandSlide-Prediction\data\terrain\contours\NEG00789.png,674.764404296875,573.4114379882812,758.4829711914062,185.071533203125,17.56005859375,48.52476119995117,26.80596923828125,-0.007560841739177704,0.771604597568512
NEG00790,0,success,E:\LandSlide-Prediction\data\terrain\patches\NEG00790.tif,E:\LandSlide-Prediction\data\terrain\contours\NEG00790.png,131.27377319335938,123.42234802246094,140.5104217529297,17.08807373046875,3.125898838043213,11.798527717590332,6.14188289642334,-0.0016450975090265274,0.32688891887664795
NEG00791,0,success,E:\LandSlide-Prediction\data\terrain\patches\NEG00791.tif,E:\LandSlide-Prediction\data\terrain\contours\NEG00791.png,997.6155395507812,897.8482055664062,1056.06591796875,158.21771240234375,17.534950256347656,34.03799819946289,24.01195526123047,0.040593985468149185,0.7311652898788452
NEG00792,0,success,E:\LandSlide-Prediction\data\terrain\patches\NEG00792.tif,E:\LandSlide-Prediction\data\terrain\contours\NEG00792.png,1705.97705078125,1553.5736083984375,1859.3905029296875,305.81689453125,22.980716705322266,46.858455657958984,35.44695281982422,0.02680092304944992,0.9588260650634766
NEG00793,0,success,E:\LandSlide-Prediction\data\terrain\patches\NEG00793.tif,E:\LandSlide-Prediction\data\terrain\contours\NEG00793.png,55.54351806640625,46.32774353027344,82.35436248779297,36.02661895751953,3.953465223312378,13.257256507873535,8.59982967376709,-0.00608059111982584,0.2957715392112732
NEG00794,0,success,E:\LandSlide-Prediction\data\terrain\patches\NEG00794.tif,E:\LandSlide-Prediction\data\terrain\contours\NEG00794.png,580.3804931640625,544.6994018554688,677.5453491210938,132.845947265625,11.892955780029297,33.6641731262207,19.562551498413086,-0.01851971447467804,0.6639206409454346
NEG00795,0,success,E:\LandSlide-Prediction\data\terrain\patches\NEG00795.tif,E:\LandSlide-Prediction\data\terrain\contours\NEG00795.png,224.17013549804688,159.29598999023438,304.13720703125,144.84121704101562,14.415283203125,30.962024688720703,23.92607879638672,-0.002377089112997055,0.6369450092315674
NEG00796,0,success,E:\LandSlide-Prediction\data\terrain\patches\NEG00796.tif,E:\LandSlide-Prediction\data\terrain\contours\NEG00796.png,1685.80517578125,1459.19189453125,1835.344482421875,376.152587890625,28.916345596313477,62.15861129760742,46.094058990478516,-0.09050434082746506,1.0759527683258057
NEG00797,0,success,E:\LandSlide-Prediction\data\terrain\patches\NEG00797.tif,E:\LandSlide-Prediction\data\terrain\contours\NEG00797.png,1376.7208251953125,1301.82373046875,1419.4771728515625,117.6534423828125,14.549403190612793,30.805011749267578,23.304889678955078,-0.027945764362812042,0.7798379063606262
NEG00798,0,success,E:\LandSlide-Prediction\data\terrain\patches\NEG00798.tif,E:\LandSlide-Prediction\data\terrain\contours\NEG00798.png,1738.286865234375,1568.4564208984375,1909.4921875,341.0357666015625,28.517147064208984,49.65892028808594,37.876014709472656,-0.022857964038848877,0.9206393361091614
NEG00799,0,success,E:\LandSlide-Prediction\data\terrain\patches\NEG00799.tif,E:\LandSlide-Prediction\data\terrain\contours\NEG00799.png,1190.94775390625,1161.0841064453125,1217.01806640625,55.9339599609375,9.957595825195312,22.40980339050293,16.371307373046875,-0.0031152740120887756,0.6757767796516418
NEG00800,0,success,E:\LandSlide-Prediction\data\terrain\patches\NEG00800.tif,E:\LandSlide-Prediction\data\terrain\contours\NEG00800.png,433.7468566894531,427.0,483.15216064453125,56.15216064453125,3.4855759143829346,23.74603271484375,14.395143508911133,0.011752884835004807,0.3120329678058624
NEG00801,0,success,E:\LandSlide-Prediction\data\terrain\patches\NEG00801.tif,E:\LandSlide-Prediction\data\terrain\contours\NEG00801.png,1486.004638671875,1353.896240234375,1589.5205078125,235.624267578125,21.215614318847656,46.180091857910156,34.35143280029297,-0.005054660141468048,0.7922302484512329
NEG00802,0,success,E:\LandSlide-Prediction\data\terrain\patches\NEG00802.tif,E:\LandSlide-Prediction\data\terrain\contours\NEG00802.png,492.7989196777344,422.2542419433594,582.1228637695312,159.86862182617188,12.514175415039062,28.0975399017334,19.18740463256836,0.022643618285655975,0.6099498867988586
NEG00803,0,success,E:\LandSlide-Prediction\data\terrain\patches\NEG00803.tif,E:\LandSlide-Prediction\data\terrain\contours\NEG00803.png,38.643898010253906,19.471071243286133,137.35208129882812,117.88101196289062,9.588533401489258,32.84915542602539,18.063810348510742,0.028381429612636566,0.5410642623901367
NEG00804,0,success,E:\LandSlide-Prediction\data\terrain\patches\NEG00804.tif,E:\LandSlide-Prediction\data\terrain\contours\NEG00804.png,568.2611083984375,494.5491638183594,628.98291015625,134.43374633789062,16.812179565429688,31.79831886291504,24.200695037841797,-0.03736738860607147,0.6003331542015076
NEG00805,0,success,E:\LandSlide-Prediction\data\terrain\patches\NEG00805.tif,E:\LandSlide-Prediction\data\terrain\contours\NEG00805.png,313.442138671875,240.25637817382812,392.43475341796875,152.17837524414062,16.725135803222656,34.54837417602539,26.15604591369629,-0.010321056470274925,0.844345211982727
NEG00806,0,success,E:\LandSlide-Prediction\data\terrain\patches\NEG00806.tif,E:\LandSlide-Prediction\data\terrain\contours\NEG00806.png,160.73052978515625,140.60691833496094,224.5104522705078,83.90353393554688,6.959358215332031,25.048946380615234,13.558065414428711,0.019952932372689247,0.3565405607223511
NEG00807,0,success,E:\LandSlide-Prediction\data\terrain\patches\NEG00807.tif,E:\LandSlide-Prediction\data\terrain\contours\NEG00807.png,1133.491455078125,958.2871704101562,1256.037841796875,297.75067138671875,30.538652420043945,50.86716842651367,40.72114562988281,-0.15150606632232666,0.9183427691459656
NEG00808,0,success,E:\LandSlide-Prediction\data\terrain\patches\NEG00808.tif,E:\LandSlide-Prediction\data\terrain\contours\NEG00808.png,1249.605224609375,1217.708740234375,1332.7376708984375,115.0289306640625,10.670400619506836,23.000341415405273,17.559207916259766,0.00013040006160736084,0.5452466607093811
NEG00809,0,success,E:\LandSlide-Prediction\data\terrain\patches\NEG00809.tif,E:\LandSlide-Prediction\data\terrain\contours\NEG00809.png,112.43766784667969,88.07986450195312,163.40663146972656,75.32676696777344,8.525535583496094,25.20281219482422,15.972549438476562,-0.000768633559346199,0.4876425266265869
NEG00810,0,success,E:\LandSlide-Prediction\data\terrain\patches\NEG00810.tif,E:\LandSlide-Prediction\data\terrain\contours\NEG00810.png,296.4515686035156,240.80856323242188,380.4100341796875,139.60147094726562,15.49179744720459,37.761356353759766,25.697223663330078,-0.04421328008174896,0.8713736534118652
NEG00811,0,success,E:\LandSlide-Prediction\data\terrain\patches\NEG00811.tif,E:\LandSlide-Prediction\data\terrain\contours\NEG00811.png,647.8487548828125,582.709716796875,733.8004150390625,151.0906982421875,15.189491271972656,27.863624572753906,21.93890380859375,-0.018162623047828674,0.718471884727478
NEG00812,0,success,E:\LandSlide-Prediction\data\terrain\patches\NEG00812.tif,E:\LandSlide-Prediction\data\terrain\contours\NEG00812.png,1003.320068359375,951.7266845703125,1100.6239013671875,148.897216796875,14.391765594482422,34.17323684692383,22.05573844909668,0.0319368876516819,0.7514860033988953
NEG00813,0,success,E:\LandSlide-Prediction\data\terrain\patches\NEG00813.tif,E:\LandSlide-Prediction\data\terrain\contours\NEG00813.png,135.32615661621094,86.82964324951172,214.203125,127.37348175048828,15.561795234680176,31.641603469848633,25.03815460205078,-0.014250710606575012,0.5942779183387756
NEG00814,0,success,E:\LandSlide-Prediction\data\terrain\patches\NEG00814.tif,E:\LandSlide-Prediction\data\terrain\contours\NEG00814.png,954.429443359375,804.884765625,1072.0675048828125,267.1827392578125,25.959856033325195,44.18246078491211,37.283470153808594,0.030839305371046066,0.9528286457061768
NEG00815,0,success,E:\LandSlide-Prediction\data\terrain\patches\NEG00815.tif,E:\LandSlide-Prediction\data\terrain\contours\NEG00815.png,238.58358764648438,229.82040405273438,262.5022888183594,32.681884765625,4.4762420654296875,19.467487335205078,8.745696067810059,0.010066194459795952,0.33075475692749023
NEG00816,0,success,E:\LandSlide-Prediction\data\terrain\patches\NEG00816.tif,E:\LandSlide-Prediction\data\terrain\contours\NEG00816.png,529.9574584960938,508.256103515625,550.3236083984375,42.0675048828125,10.742542266845703,25.498069763183594,18.644336700439453,-0.01667940989136696,0.7876768112182617
NEG00817,0,success,E:\LandSlide-Prediction\data\terrain\patches\NEG00817.tif,E:\LandSlide-Prediction\data\terrain\contours\NEG00817.png,537.0753173828125,494.64593505859375,616.8277587890625,122.18182373046875,13.346385955810547,32.41822052001953,24.049964904785156,-0.016231341287493706,0.6609197854995728
NEG00818,0,success,E:\LandSlide-Prediction\data\terrain\patches\NEG00818.tif,E:\LandSlide-Prediction\data\terrain\contours\NEG00818.png,309.6153869628906,250.88336181640625,431.7513732910156,180.86801147460938,12.426164627075195,35.0573844909668,19.91075897216797,-0.008415551856160164,0.669142484664917
NEG00819,0,success,E:\LandSlide-Prediction\data\terrain\patches\NEG00819.tif,E:\LandSlide-Prediction\data\terrain\contours\NEG00819.png,342.8203125,243.7794952392578,506.0915222167969,262.31201171875,16.547988891601562,37.35623550415039,25.216032028198242,-0.009739560075104237,0.6504744291305542
NEG00820,0,success,E:\LandSlide-Prediction\data\terrain\patches\NEG00820.tif,E:\LandSlide-Prediction\data\terrain\contours\NEG00820.png,499.83648681640625,340.04461669921875,662.421630859375,322.37701416015625,22.09540557861328,36.85068893432617,29.468852996826172,-0.013010721653699875,0.7235186696052551
NEG00821,0,success,E:\LandSlide-Prediction\data\terrain\patches\NEG00821.tif,E:\LandSlide-Prediction\data\terrain\contours\NEG00821.png,132.3868408203125,122.5,141.94908142089844,19.449081420898438,3.901448965072632,14.314330101013184,7.659029006958008,-0.0035540107637643814,0.290357768535614
NEG00822,0,success,E:\LandSlide-Prediction\data\terrain\patches\NEG00822.tif,E:\LandSlide-Prediction\data\terrain\contours\NEG00822.png,105.61228942871094,97.18876647949219,119.12346649169922,21.93470001220703,3.092611312866211,11.925750732421875,5.6605424880981445,0.0030516479164361954,0.18815140426158905
NEG00823,0,success,E:\LandSlide-Prediction\data\terrain\patches\NEG00823.tif,E:\LandSlide-Prediction\data\terrain\contours\NEG00823.png,97.46778869628906,84.17865753173828,146.38687133789062,62.208213806152344,5.9332966804504395,28.6871337890625,16.671829223632812,0.049704715609550476,0.3106827437877655
NEG00824,0,success,E:\LandSlide-Prediction\data\terrain\patches\NEG00824.tif,E:\LandSlide-Prediction\data\terrain\contours\NEG00824.png,255.09365844726562,248.478515625,298.0937194824219,49.615203857421875,4.280303478240967,31.323997497558594,14.684623718261719,-0.014588186517357826,0.5082576870918274
NEG00825,0,success,E:\LandSlide-Prediction\data\terrain\patches\NEG00825.tif,E:\LandSlide-Prediction\data\terrain\contours\NEG00825.png,1711.7708740234375,1599.760986328125,1842.142578125,242.381591796875,19.2857666015625,42.48919677734375,32.94022750854492,-0.015588067471981049,0.9576287865638733
NEG00826,0,success,E:\LandSlide-Prediction\data\terrain\patches\NEG00826.tif,E:\LandSlide-Prediction\data\terrain\contours\NEG00826.png,1171.827880859375,973.711181640625,1309.06640625,335.355224609375,28.487972259521484,49.58012008666992,39.16917419433594,-0.06873485445976257,0.990399181842804
NEG00827,0,success,E:\LandSlide-Prediction\data\terrain\patches\NEG00827.tif,E:\LandSlide-Prediction\data\terrain\contours\NEG00827.png,496.9200439453125,462.91033935546875,539.1367797851562,76.2264404296875,12.968584060668945,33.64995574951172,21.807594299316406,-0.009277937933802605,0.8226406574249268
NEG00828,0,success,E:\LandSlide-Prediction\data\terrain\patches\NEG00828.tif,E:\LandSlide-Prediction\data\terrain\contours\NEG00828.png,1206.885498046875,858.8428344726562,1361.9859619140625,503.14312744140625,33.796409606933594,58.29375076293945,51.40333557128906,-0.16695880889892578,1.0444140434265137
NEG00829,0,success,E:\LandSlide-Prediction\data\terrain\patches\NEG00829.tif,E:\LandSlide-Prediction\data\terrain\contours\NEG00829.png,144.82366943359375,49.170997619628906,295.97747802734375,246.80648803710938,22.690811157226562,41.79684829711914,36.0794563293457,0.0479063019156456,0.7092357277870178
NEG00830,0,success,E:\LandSlide-Prediction\data\terrain\patches\NEG00830.tif,E:\LandSlide-Prediction\data\terrain\contours\NEG00830.png,63.681522369384766,50.722049713134766,77.12654113769531,26.404491424560547,3.731873035430908,10.936842918395996,6.923968315124512,-0.0005799508653581142,0.26135098934173584
NEG00831,0,success,E:\LandSlide-Prediction\data\terrain\patches\NEG00831.tif,E:\LandSlide-Prediction\data\terrain\contours\NEG00831.png,1207.244873046875,1106.8125,1292.2939453125,185.4814453125,18.253108978271484,35.44760513305664,27.146156311035156,-0.013509109616279602,0.9225397706031799
NEG00832,0,success,E:\LandSlide-Prediction\data\terrain\patches\NEG00832.tif,E:\LandSlide-Prediction\data\terrain\contours\NEG00832.png,288.8399963378906,253.5412139892578,354.2453918457031,100.70417785644531,16.460969924926758,38.24456787109375,32.066795349121094,0.10988226532936096,0.8111287951469421
NEG00833,0,success,E:\LandSlide-Prediction\data\terrain\patches\NEG00833.tif,E:\LandSlide-Prediction\data\terrain\contours\NEG00833.png,100.99418640136719,93.37364196777344,110.17924499511719,16.80560302734375,2.826910972595215,8.743090629577637,5.190258026123047,0.0030747614800930023,0.2074671983718872
NEG00834,0,success,E:\LandSlide-Prediction\data\terrain\patches\NEG00834.tif,E:\LandSlide-Prediction\data\terrain\contours\NEG00834.png,96.4915771484375,80.14400482177734,125.02763366699219,44.883628845214844,7.926142692565918,26.570430755615234,15.111677169799805,-0.0027977731078863144,0.5138634443283081
NEG00835,0,success,E:\LandSlide-Prediction\data\terrain\patches\NEG00835.tif,E:\LandSlide-Prediction\data\terrain\contours\NEG00835.png,240.27053833007812,185.68983459472656,285.20477294921875,99.51493835449219,13.497583389282227,37.118648529052734,19.734710693359375,-0.02320956066250801,0.6412991285324097
NEG00836,0,success,E:\LandSlide-Prediction\data\terrain\patches\NEG00836.tif,E:\LandSlide-Prediction\data\terrain\contours\NEG00836.png,704.4146728515625,649.1668701171875,749.9176635742188,100.75079345703125,11.79585075378418,24.75303077697754,18.445167541503906,0.0027778372168540955,0.6889612078666687
NEG00837,0,success,E:\LandSlide-Prediction\data\terrain\patches\NEG00837.tif,E:\LandSlide-Prediction\data\terrain\contours\NEG00837.png,1881.221435546875,1844.2554931640625,1955.0325927734375,110.777099609375,11.749204635620117,26.36446189880371,17.90381622314453,-0.013559706509113312,0.5477475523948669
NEG00838,0,success,E:\LandSlide-Prediction\data\terrain\patches\NEG00838.tif,E:\LandSlide-Prediction\data\terrain\contours\NEG00838.png,758.9251708984375,704.32080078125,805.93896484375,101.6181640625,11.128032684326172,29.873275756835938,19.952119827270508,0.01779002696275711,0.6845288276672363
NEG00839,0,success,E:\LandSlide-Prediction\data\terrain\patches\NEG00839.tif,E:\LandSlide-Prediction\data\terrain\contours\NEG00839.png,201.1863250732422,163.3255157470703,265.7101745605469,102.38465881347656,13.994003295898438,35.426509857177734,27.92758560180664,0.005583113059401512,0.6951872706413269
NEG00840,0,success,E:\LandSlide-Prediction\data\terrain\patches\NEG00840.tif,E:\LandSlide-Prediction\data\terrain\contours\NEG00840.png,195.1466827392578,84.5578384399414,288.3343200683594,203.7764892578125,20.63970184326172,38.36655807495117,30.189167022705078,0.004606293514370918,0.8948199152946472
NEG00841,0,success,E:\LandSlide-Prediction\data\terrain\patches\NEG00841.tif,E:\LandSlide-Prediction\data\terrain\contours\NEG00841.png,694.1822509765625,594.9509887695312,806.0524291992188,211.1014404296875,24.44597625732422,48.169612884521484,37.3748779296875,0.06086468696594238,1.1271624565124512
NEG00842,0,success,E:\LandSlide-Prediction\data\terrain\patches\NEG00842.tif,E:\LandSlide-Prediction\data\terrain\contours\NEG00842.png,197.95941162109375,167.88331604003906,247.2849578857422,79.40164184570312,7.707277297973633,28.534420013427734,14.01344108581543,0.020042791962623596,0.4400603473186493
NEG00843,0,success,E:\LandSlide-Prediction\data\terrain\patches\NEG00843.tif,E:\LandSlide-Prediction\data\terrain\contours\NEG00843.png,121.83311462402344,42.52778244018555,245.17578125,202.6479949951172,15.678812026977539,42.24665832519531,28.085506439208984,-0.03165155649185181,0.6610065698623657
NEG00844,0,success,E:\LandSlide-Prediction\data\terrain\patches\NEG00844.tif,E:\LandSlide-Prediction\data\terrain\contours\NEG00844.png,280.38531494140625,237.3507843017578,335.67425537109375,98.32347106933594,13.307075500488281,32.821224212646484,21.915802001953125,0.06026352569460869,0.8321459889411926
NEG00845,0,success,E:\LandSlide-Prediction\data\terrain\patches\NEG00845.tif,E:\LandSlide-Prediction\data\terrain\contours\NEG00845.png,129.03390502929688,117.5054702758789,174.77252197265625,57.267051696777344,5.680176258087158,23.124839782714844,11.782369613647461,0.00024915440008044243,0.38428443670272827
NEG00846,0,success,E:\LandSlide-Prediction\data\terrain\patches\NEG00846.tif,E:\LandSlide-Prediction\data\terrain\contours\NEG00846.png,155.16946411132812,146.1577606201172,170.8429412841797,24.6851806640625,2.7171754837036133,10.481618881225586,6.39219856262207,-0.004857397638261318,0.19398494064807892
NEG00847,0,success,E:\LandSlide-Prediction\data\terrain\patches\NEG00847.tif,E:\LandSlide-Prediction\data\terrain\contours\NEG00847.png,1518.4140625,1339.0926513671875,1706.595947265625,367.5032958984375,28.05063247680664,53.8941650390625,40.903770446777344,0.05968552827835083,1.1928973197937012
NEG00848,0,success,E:\LandSlide-Prediction\data\terrain\patches\NEG00848.tif,E:\LandSlide-Prediction\data\terrain\contours\NEG00848.png,49.23652648925781,32.03639602661133,95.21405029296875,63.17765426635742,7.938849925994873,27.351652145385742,15.21275520324707,0.024141870439052582,0.45554718375205994
NEG00849,0,success,E:\LandSlide-Prediction\data\terrain\patches\NEG00849.tif,E:\LandSlide-Prediction\data\terrain\contours\NEG00849.png,218.5233154296875,143.7616729736328,289.98052978515625,146.21885681152344,17.07852554321289,40.958560943603516,28.558834075927734,0.02635248936712742,1.056998372077942
NEG00850,0,success,E:\LandSlide-Prediction\data\terrain\patches\NEG00850.tif,E:\LandSlide-Prediction\data\terrain\contours\NEG00850.png,258.7222900390625,219.1371307373047,309.326171875,90.18904113769531,11.279796600341797,28.580684661865234,19.311979293823242,0.003389975056052208,0.6721735596656799
NEG00851,0,success,E:\LandSlide-Prediction\data\terrain\patches\NEG00851.tif,E:\LandSlide-Prediction\data\terrain\contours\NEG00851.png,47.563602447509766,19.692298889160156,139.7786102294922,120.08631134033203,10.489582061767578,35.83356475830078,22.754261016845703,0.04610997438430786,0.5055675506591797
NEG00852,0,success,E:\LandSlide-Prediction\data\terrain\patches\NEG00852.tif,E:\LandSlide-Prediction\data\terrain\contours\NEG00852.png,147.8195343017578,83.2308349609375,192.3550262451172,109.12419128417969,16.07662582397461,32.99167251586914,27.0987606048584,-0.07054366916418076,0.7886950969696045
NEG00853,0,success,E:\LandSlide-Prediction\data\terrain\patches\NEG00853.tif,E:\LandSlide-Prediction\data\terrain\contours\NEG00853.png,299.29742431640625,186.6995086669922,451.2715148925781,264.572021484375,19.68427085876465,36.933509826660156,29.66286277770996,-0.030883224681019783,0.6796631217002869
NEG00854,0,success,E:\LandSlide-Prediction\data\terrain\patches\NEG00854.tif,E:\LandSlide-Prediction\data\terrain\contours\NEG00854.png,138.90272521972656,43.7677116394043,231.28448486328125,187.5167694091797,17.316938400268555,41.31465148925781,29.799089431762695,-0.007579975761473179,0.8141003847122192
NEG00855,0,success,E:\LandSlide-Prediction\data\terrain\patches\NEG00855.tif,E:\LandSlide-Prediction\data\terrain\contours\NEG00855.png,185.96728515625,171.04208374023438,199.50254821777344,28.460464477539062,4.331284999847412,12.44993782043457,7.137226581573486,-0.002720275893807411,0.252533882856369
NEG00856,0,success,E:\LandSlide-Prediction\data\terrain\patches\NEG00856.tif,E:\LandSlide-Prediction\data\terrain\contours\NEG00856.png,576.5621337890625,508.8871765136719,715.3148193359375,206.42764282226562,20.376708984375,49.043617248535156,34.70050048828125,-0.052722323685884476,0.8804669976234436
NEG00857,0,success,E:\LandSlide-Prediction\data\terrain\patches\NEG00857.tif,E:\LandSlide-Prediction\data\terrain\contours\NEG00857.png,121.619873046875,59.854339599609375,186.3229522705078,126.46861267089844,19.496593475341797,38.39320373535156,29.229385375976562,0.09145937860012054,0.8214172124862671
NEG00858,0,success,E:\LandSlide-Prediction\data\terrain\patches\NEG00858.tif,E:\LandSlide-Prediction\data\terrain\contours\NEG00858.png,91.74522399902344,81.55265808105469,109.42012023925781,27.867462158203125,3.73663330078125,15.873353958129883,8.322729110717773,0.007708782330155373,0.34088727831840515
NEG00859,0,success,E:\LandSlide-Prediction\data\terrain\patches\NEG00859.tif,E:\LandSlide-Prediction\data\terrain\contours\NEG00859.png,1415.122314453125,1380.90673828125,1479.9940185546875,99.0872802734375,13.203046798706055,29.98082733154297,21.840524673461914,-0.00033848732709884644,0.6355648636817932
NEG00860,0,success,E:\LandSlide-Prediction\data\terrain\patches\NEG00860.tif,E:\LandSlide-Prediction\data\terrain\contours\NEG00860.png,349.1746826171875,310.6019592285156,392.7708435058594,82.16888427734375,11.642892837524414,29.807998657226562,18.768402099609375,-0.02400846779346466,0.7000553607940674
NEG00861,0,success,E:\LandSlide-Prediction\data\terrain\patches\NEG00861.tif,E:\LandSlide-Prediction\data\terrain\contours\NEG00861.png,244.27413940429688,231.45281982421875,255.9287109375,24.47589111328125,5.501578330993652,15.448660850524902,10.21331787109375,0.002003212459385395,0.4421308636665344
NEG00862,0,success,E:\LandSlide-Prediction\data\terrain\patches\NEG00862.tif,E:\LandSlide-Prediction\data\terrain\contours\NEG00862.png,363.5908203125,298.0787048339844,454.0819396972656,156.00323486328125,16.95905303955078,38.4879035949707,25.424198150634766,-0.06370696425437927,0.874938428401947
NEG00863,0,success,E:\LandSlide-Prediction\data\terrain\patches\NEG00863.tif,E:\LandSlide-Prediction\data\terrain\contours\NEG00863.png,138.84674072265625,120.23637390136719,162.93612670898438,42.69975280761719,4.894980430603027,18.120450973510742,8.554668426513672,-0.00536287110298872,0.29226216673851013
NEG00864,0,success,E:\LandSlide-Prediction\data\terrain\patches\NEG00864.tif,E:\LandSlide-Prediction\data\terrain\contours\NEG00864.png,117.02839660644531,111.05317687988281,125.18450164794922,14.131324768066406,2.1986100673675537,7.558390140533447,4.402501583099365,0.0020029274746775627,0.18125426769256592
NEG00865,0,success,E:\LandSlide-Prediction\data\terrain\patches\NEG00865.tif,E:\LandSlide-Prediction\data\terrain\contours\NEG00865.png,1263.573974609375,1237.9224853515625,1314.34619140625,76.4237060546875,12.043426513671875,27.790618896484375,21.571815490722656,0.03523203730583191,0.6670485138893127
NEG00866,0,success,E:\LandSlide-Prediction\data\terrain\patches\NEG00866.tif,E:\LandSlide-Prediction\data\terrain\contours\NEG00866.png,1764.5299072265625,1646.25732421875,1894.5089111328125,248.2515869140625,17.505603790283203,46.46226501464844,32.055931091308594,0.026047751307487488,0.9220687747001648
NEG00867,0,success,E:\LandSlide-Prediction\data\terrain\patches\NEG00867.tif,E:\LandSlide-Prediction\data\terrain\contours\NEG00867.png,111.42645263671875,106.77714538574219,117.87421417236328,11.097068786621094,2.6266541481018066,9.901248931884766,5.105717182159424,4.1219405829906464e-05,0.2198747992515564
NEG00868,0,success,E:\LandSlide-Prediction\data\terrain\patches\NEG00868.tif,E:\LandSlide-Prediction\data\terrain\contours\NEG00868.png,292.80084228515625,224.2645263671875,383.7686767578125,159.504150390625,15.28524398803711,33.5885009765625,24.499237060546875,0.021113920956850052,0.6603980660438538
NEG00869,0,success,E:\LandSlide-Prediction\data\terrain\patches\NEG00869.tif,E:\LandSlide-Prediction\data\terrain\contours\NEG00869.png,119.4166259765625,95.0,161.1671600341797,66.16716003417969,9.953620910644531,31.314481735229492,19.982601165771484,0.0146587323397398,0.584962010383606
NEG00870,0,success,E:\LandSlide-Prediction\data\terrain\patches\NEG00870.tif,E:\LandSlide-Prediction\data\terrain\contours\NEG00870.png,1431.070556640625,1394.4354248046875,1479.576416015625,85.1409912109375,10.67634105682373,38.57362365722656,19.178787231445312,-0.00602220743894577,0.670440137386322
NEG00871,0,success,E:\LandSlide-Prediction\data\terrain\patches\NEG00871.tif,E:\LandSlide-Prediction\data\terrain\contours\NEG00871.png,156.2935791015625,144.13113403320312,168.4671173095703,24.335983276367188,4.376381874084473,16.13924789428711,8.587736129760742,-0.012241903692483902,0.35015445947647095
NEG00872,0,success,E:\LandSlide-Prediction\data\terrain\patches\NEG00872.tif,E:\LandSlide-Prediction\data\terrain\contours\NEG00872.png,102.45867919921875,93.2109603881836,116.30951690673828,23.098556518554688,4.580099105834961,17.468358993530273,9.991151809692383,0.02581717073917389,0.44318896532058716
NEG00873,0,success,E:\LandSlide-Prediction\data\terrain\patches\NEG00873.tif,E:\LandSlide-Prediction\data\terrain\contours\NEG00873.png,187.19143676757812,89.41082000732422,281.1025695800781,191.69174194335938,23.715011596679688,41.345306396484375,35.286643981933594,-0.08639176934957504,0.8677412867546082
NEG00874,0,success,E:\LandSlide-Prediction\data\terrain\patches\NEG00874.tif,E:\LandSlide-Prediction\data\terrain\contours\NEG00874.png,1163.53564453125,1161.0,1206.73876953125,45.73876953125,2.0616979598999023,20.701913833618164,11.627017974853516,-0.007793068885803223,0.3254612684249878
NEG00875,0,success,E:\LandSlide-Prediction\data\terrain\patches\NEG00875.tif,E:\LandSlide-Prediction\data\terrain\contours\NEG00875.png,245.828369140625,183.02500915527344,300.0933837890625,117.06837463378906,12.078985214233398,30.410762786865234,21.162490844726562,-0.016708236187696457,0.7022895216941833
NEG00876,0,success,E:\LandSlide-Prediction\data\terrain\patches\NEG00876.tif,E:\LandSlide-Prediction\data\terrain\contours\NEG00876.png,502.929931640625,474.3656921386719,576.138427734375,101.77273559570312,13.895851135253906,31.48557472229004,22.82033920288086,0.026767874136567116,0.7847896218299866
NEG00877,0,success,E:\LandSlide-Prediction\data\terrain\patches\NEG00877.tif,E:\LandSlide-Prediction\data\terrain\contours\NEG00877.png,152.2393798828125,140.6364288330078,162.4462890625,21.809860229492188,3.4052696228027344,10.870112419128418,6.394489288330078,-0.0016164230182766914,0.21239721775054932
NEG00878,0,success,E:\LandSlide-Prediction\data\terrain\patches\NEG00878.tif,E:\LandSlide-Prediction\data\terrain\contours\NEG00878.png,1222.0916748046875,1115.0865478515625,1303.1796875,188.0931396484375,23.34821891784668,36.2626838684082,31.082059860229492,-0.08996860682964325,0.7440645098686218
NEG00879,0,success,E:\LandSlide-Prediction\data\terrain\patches\NEG00879.tif,E:\LandSlide-Prediction\data\terrain\contours\NEG00879.png,344.487060546875,167.5848846435547,578.5621337890625,410.97723388671875,30.517925262451172,55.12066650390625,41.7790412902832,0.004643697291612625,0.9862843155860901
NEG00880,0,success,E:\LandSlide-Prediction\data\terrain\patches\NEG00880.tif,E:\LandSlide-Prediction\data\terrain\contours\NEG00880.png,571.6408081054688,530.7218017578125,621.0206298828125,90.298828125,11.092890739440918,26.765655517578125,18.129539489746094,0.044820837676525116,0.647888720035553
NEG00881,0,success,E:\LandSlide-Prediction\data\terrain\patches\NEG00881.tif,E:\LandSlide-Prediction\data\terrain\contours\NEG00881.png,60.32060241699219,42.05500793457031,92.3304443359375,50.27543640136719,7.193387985229492,22.784921646118164,14.512794494628906,0.007964475080370903,0.3824540078639984
NEG00882,0,success,E:\LandSlide-Prediction\data\terrain\patches\NEG00882.tif,E:\LandSlide-Prediction\data\terrain\contours\NEG00882.png,147.92367553710938,142.87286376953125,163.40411376953125,20.53125,2.2800238132476807,11.50133228302002,5.594499111175537,0.006748193874955177,0.183097243309021
NEG00883,0,success,E:\LandSlide-Prediction\data\terrain\patches\NEG00883.tif,E:\LandSlide-Prediction\data\terrain\contours\NEG00883.png,1367.176513671875,1341.4560546875,1408.2620849609375,66.8060302734375,6.847310543060303,20.551258087158203,12.25706958770752,-0.003738008439540863,0.45079943537712097
NEG00884,0,success,E:\LandSlide-Prediction\data\terrain\patches\NEG00884.tif,E:\LandSlide-Prediction\data\terrain\contours\NEG00884.png,201.8764190673828,179.56988525390625,268.3221435546875,88.75225830078125,7.788178443908691,31.127073287963867,15.923070907592773,0.04465668275952339,0.4724963307380676
NEG00885,0,success,E:\LandSlide-Prediction\data\terrain\patches\NEG00885.tif,E:\LandSlide-Prediction\data\terrain\contours\NEG00885.png,64.15425872802734,30.568683624267578,148.15982055664062,117.59114074707031,11.853057861328125,27.49235725402832,21.188674926757812,0.01436323020607233,0.4546791613101959
NEG00886,0,success,E:\LandSlide-Prediction\data\terrain\patches\NEG00886.tif,E:\LandSlide-Prediction\data\terrain\contours\NEG00886.png,133.45310974121094,72.488525390625,242.45787048339844,169.96934509277344,15.135590553283691,34.34193801879883,24.098888397216797,-0.007308054715394974,0.5654212832450867
NEG00887,0,success,E:\LandSlide-Prediction\data\terrain\patches\NEG00887.tif,E:\LandSlide-Prediction\data\terrain\contours\NEG00887.png,553.923583984375,437.4761657714844,690.4255981445312,252.94943237304688,19.282169342041016,38.08439636230469,29.24673843383789,0.07427378743886948,0.5687479376792908
NEG00888,0,success,E:\LandSlide-Prediction\data\terrain\patches\NEG00888.tif,E:\LandSlide-Prediction\data\terrain\contours\NEG00888.png,287.963134765625,162.9610595703125,372.7349548339844,209.77389526367188,19.239425659179688,39.4246940612793,32.04399490356445,-0.029490787535905838,0.6977072358131409
NEG00889,0,success,E:\LandSlide-Prediction\data\terrain\patches\NEG00889.tif,E:\LandSlide-Prediction\data\terrain\contours\NEG00889.png,1477.532958984375,1382.354248046875,1579.0206298828125,196.6663818359375,15.334760665893555,37.184444427490234,23.783981323242188,0.12298110127449036,0.6941441297531128
NEG00890,0,success,E:\LandSlide-Prediction\data\terrain\patches\NEG00890.tif,E:\LandSlide-Prediction\data\terrain\contours\NEG00890.png,196.95065307617188,153.4073486328125,231.96603393554688,78.55868530273438,10.361159324645996,27.598691940307617,16.98196029663086,0.001963600516319275,0.6014565229415894
NEG00891,0,success,E:\LandSlide-Prediction\data\terrain\patches\NEG00891.tif,E:\LandSlide-Prediction\data\terrain\contours\NEG00891.png,276.2800598144531,242.5750274658203,320.0337219238281,77.45869445800781,6.967278480529785,20.986473083496094,12.247167587280273,0.008042384870350361,0.4371626079082489
NEG00892,0,success,E:\LandSlide-Prediction\data\terrain\patches\NEG00892.tif,E:\LandSlide-Prediction\data\terrain\contours\NEG00892.png,36.1704216003418,17.46122932434082,84.59005737304688,67.12882995605469,8.166187286376953,24.303621292114258,14.8353271484375,0.00694911228492856,0.5351876020431519
NEG00893,0,success,E:\LandSlide-Prediction\data\terrain\patches\NEG00893.tif,E:\LandSlide-Prediction\data\terrain\contours\NEG00893.png,260.40802001953125,151.47994995117188,307.7393493652344,156.2593994140625,15.095495223999023,34.02766418457031,25.465139389038086,0.01485218945890665,0.7368089556694031
NEG00894,0,success,E:\LandSlide-Prediction\data\terrain\patches\NEG00894.tif,E:\LandSlide-Prediction\data\terrain\contours\NEG00894.png,106.92925262451172,102.2484359741211,115.39225769042969,13.143821716308594,2.2317934036254883,7.05966854095459,3.895167112350464,-0.001828846987336874,0.15878672897815704
NEG00895,0,success,E:\LandSlide-Prediction\data\terrain\patches\NEG00895.tif,E:\LandSlide-Prediction\data\terrain\contours\NEG00895.png,32.59905242919922,16.562589645385742,102.17033386230469,85.60774230957031,7.868196487426758,35.639312744140625,16.186965942382812,-0.00018817000091075897,0.5953415632247925
NEG00896,0,success,E:\LandSlide-Prediction\data\terrain\patches\NEG00896.tif,E:\LandSlide-Prediction\data\terrain\contours\NEG00896.png,475.0334777832031,402.7735290527344,541.669677734375,138.89614868164062,15.053641319274902,29.125028610229492,22.3348331451416,0.02899078093469143,0.683508574962616
NEG00897,0,success,E:\LandSlide-Prediction\data\terrain\patches\NEG00897.tif,E:\LandSlide-Prediction\data\terrain\contours\NEG00897.png,47.986263275146484,28.285572052001953,82.85648345947266,54.5709114074707,9.322972297668457,24.0728759765625,16.21123504638672,0.022129490971565247,0.5080170035362244
NEG00898,0,success,E:\LandSlide-Prediction\data\terrain\patches\NEG00898.tif,E:\LandSlide-Prediction\data\terrain\contours\NEG00898.png,145.2714080810547,125.004150390625,167.32139587402344,42.31724548339844,7.540955543518066,25.524795532226562,13.632164001464844,-0.00945198256522417,0.5485819578170776
NEG00899,0,success,E:\LandSlide-Prediction\data\terrain\patches\NEG00899.tif,E:\LandSlide-Prediction\data\terrain\contours\NEG00899.png,1595.76025390625,1506.328857421875,1679.368408203125,173.03955078125,14.729837417602539,24.622236251831055,19.737762451171875,0.004740491509437561,0.578406035900116
NEG00900,0,success,E:\LandSlide-Prediction\data\terrain\patches\NEG00900.tif,E:\LandSlide-Prediction\data\terrain\contours\NEG00900.png,126.9188003540039,116.5880126953125,143.24273681640625,26.65472412109375,3.716078996658325,16.84453582763672,6.909963130950928,0.005343902390450239,0.270210325717926
NEG00901,0,success,E:\LandSlide-Prediction\data\terrain\patches\NEG00901.tif,E:\LandSlide-Prediction\data\terrain\contours\NEG00901.png,606.8394775390625,569.2635498046875,689.7787475585938,120.51519775390625,11.56751823425293,32.09868621826172,20.408424377441406,0.02790854498744011,0.6526165008544922
NEG00902,0,success,E:\LandSlide-Prediction\data\terrain\patches\NEG00902.tif,E:\LandSlide-Prediction\data\terrain\contours\NEG00902.png,421.69354248046875,337.5439453125,487.7416076660156,150.19766235351562,16.46322250366211,39.1258430480957,28.098526000976562,0.004242273047566414,0.8080621957778931
NEG00903,0,success,E:\LandSlide-Prediction\data\terrain\patches\NEG00903.tif,E:\LandSlide-Prediction\data\terrain\contours\NEG00903.png,379.50048828125,250.69644165039062,513.2846069335938,262.5881652832031,21.01775360107422,38.03494644165039,32.04430389404297,0.002948167733848095,0.7080546021461487
NEG00904,0,success,E:\LandSlide-Prediction\data\terrain\patches\NEG00904.tif,E:\LandSlide-Prediction\data\terrain\contours\NEG00904.png,48.67611312866211,24.171106338500977,92.13043975830078,67.95933532714844,8.768150329589844,22.921911239624023,16.455646514892578,0.003607839345932007,0.5040852427482605
NEG00905,0,success,E:\LandSlide-Prediction\data\terrain\patches\NEG00905.tif,E:\LandSlide-Prediction\data\terrain\contours\NEG00905.png,1237.7547607421875,1050.978759765625,1435.7711181640625,384.7923583984375,24.75802993774414,56.3239631652832,36.62861633300781,-0.027948327362537384,1.057223916053772
NEG00906,0,success,E:\LandSlide-Prediction\data\terrain\patches\NEG00906.tif,E:\LandSlide-Prediction\data\terrain\contours\NEG00906.png,226.48516845703125,209.0894012451172,257.1985168457031,48.10911560058594,8.757904052734375,23.44281578063965,14.9371976852417,0.01741049997508526,0.5567375421524048
NEG00907,0,success,E:\LandSlide-Prediction\data\terrain\patches\NEG00907.tif,E:\LandSlide-Prediction\data\terrain\contours\NEG00907.png,124.36578369140625,41.218353271484375,187.44943237304688,146.2310791015625,21.49321937561035,40.113616943359375,32.65620422363281,0.00023179128766059875,0.8676130175590515
NEG00908,0,success,E:\LandSlide-Prediction\data\terrain\patches\NEG00908.tif,E:\LandSlide-Prediction\data\terrain\contours\NEG00908.png,221.30776977539062,204.46389770507812,255.0974578857422,50.63356018066406,9.248180389404297,26.419837951660156,16.541893005371094,0.02783660590648651,0.6310678124427795
NEG00909,0,success,E:\LandSlide-Prediction\data\terrain\patches\NEG00909.tif,E:\LandSlide-Prediction\data\terrain\contours\NEG00909.png,168.43397521972656,140.0,211.15158081054688,71.15158081054688,7.937840938568115,22.148609161376953,17.696136474609375,0.0014441302046179771,0.40352490544319153
NEG00910,0,success,E:\LandSlide-Prediction\data\terrain\patches\NEG00910.tif,E:\LandSlide-Prediction\data\terrain\contours\NEG00910.png,84.89985656738281,74.01302337646484,132.5775146484375,58.564491271972656,5.076009750366211,18.650774002075195,10.303525924682617,-0.002369943540543318,0.31433919072151184
NEG00911,0,success,E:\LandSlide-Prediction\data\terrain\patches\NEG00911.tif,E:\LandSlide-Prediction\data\terrain\contours\NEG00911.png,149.72903442382812,133.67660522460938,199.4561767578125,65.77957153320312,5.628582954406738,28.852848052978516,10.911062240600586,-0.01379079557955265,0.40937191247940063
NEG00912,0,success,E:\LandSlide-Prediction\data\terrain\patches\NEG00912.tif,E:\LandSlide-Prediction\data\terrain\contours\NEG00912.png,581.1446533203125,558.189697265625,621.8590698242188,63.66937255859375,7.814411640167236,21.55035400390625,14.958232879638672,0.012199953198432922,0.43098676204681396
NEG00913,0,success,E:\LandSlide-Prediction\data\terrain\patches\NEG00913.tif,E:\LandSlide-Prediction\data\terrain\contours\NEG00913.png,153.5983123779297,134.51541137695312,184.5256805419922,50.01026916503906,5.926386833190918,22.690570831298828,10.813081741333008,-0.007440556772053242,0.40791675448417664
NEG00914,0,success,E:\LandSlide-Prediction\data\terrain\patches\NEG00914.tif,E:\LandSlide-Prediction\data\terrain\contours\NEG00914.png,477.1446533203125,449.9789123535156,532.3014526367188,82.32254028320312,12.236775398254395,32.10912322998047,21.193199157714844,0.007399413734674454,0.9535127282142639
NEG00915,0,success,E:\LandSlide-Prediction\data\terrain\patches\NEG00915.tif,E:\LandSlide-Prediction\data\terrain\contours\NEG00915.png,1479.1842041015625,1366.686767578125,1553.707763671875,187.02099609375,14.106476783752441,57.577247619628906,20.25430679321289,0.0034802258014678955,0.8019898533821106
NEG00916,0,success,E:\LandSlide-Prediction\data\terrain\patches\NEG00916.tif,E:\LandSlide-Prediction\data\terrain\contours\NEG00916.png,172.9668426513672,112.04745483398438,210.49557495117188,98.4481201171875,10.414351463317871,29.01266098022461,16.999313354492188,-0.017189854755997658,0.6334551572799683
NEG00917,0,success,E:\LandSlide-Prediction\data\terrain\patches\NEG00917.tif,E:\LandSlide-Prediction\data\terrain\contours\NEG00917.png,1320.4161376953125,1293.6597900390625,1355.305419921875,61.6456298828125,9.736698150634766,34.85881042480469,18.159194946289062,-0.0278102308511734,0.4730428457260132
NEG00918,0,success,E:\LandSlide-Prediction\data\terrain\patches\NEG00918.tif,E:\LandSlide-Prediction\data\terrain\contours\NEG00918.png,283.3159484863281,245.52049255371094,353.1654052734375,107.64491271972656,14.98131275177002,29.56934928894043,23.388246536254883,-0.019345954060554504,0.7345026731491089
NEG00919,0,success,E:\LandSlide-Prediction\data\terrain\patches\NEG00919.tif,E:\LandSlide-Prediction\data\terrain\contours\NEG00919.png,1218.0572509765625,1092.1983642578125,1340.49365234375,248.2952880859375,17.15618133544922,31.44818115234375,23.292924880981445,0.02536274492740631,0.48571842908859253
NEG00920,0,success,E:\LandSlide-Prediction\data\terrain\patches\NEG00920.tif,E:\LandSlide-Prediction\data\terrain\contours\NEG00920.png,236.87619018554688,199.4231719970703,347.9175109863281,148.4943389892578,12.919212341308594,30.389497756958008,22.528160095214844,0.04843456298112869,0.7209643125534058
NEG00921,0,success,E:\LandSlide-Prediction\data\terrain\patches\NEG00921.tif,E:\LandSlide-Prediction\data\terrain\contours\NEG00921.png,151.53506469726562,87.5928955078125,179.44569396972656,91.85279846191406,7.609604835510254,72.14437103271484,8.978404998779297,-0.4636300504207611,2.2779734134674072
NEG00922,0,success,E:\LandSlide-Prediction\data\terrain\patches\NEG00922.tif,E:\LandSlide-Prediction\data\terrain\contours\NEG00922.png,42.06150436401367,22.000925064086914,69.85088348388672,47.84996032714844,7.459428310394287,24.104822158813477,14.31269645690918,0.01415501069277525,0.5852039456367493
NEG00923,0,success,E:\LandSlide-Prediction\data\terrain\patches\NEG00923.tif,E:\LandSlide-Prediction\data\terrain\contours\NEG00923.png,116.84251403808594,108.06314086914062,127.33951568603516,19.27637481689453,3.750065326690674,11.267921447753906,6.668785572052002,-0.001596206333488226,0.25743788480758667
NEG00924,0,success,E:\LandSlide-Prediction\data\terrain\patches\NEG00924.tif,E:\LandSlide-Prediction\data\terrain\contours\NEG00924.png,494.5778503417969,342.710693359375,610.2608032226562,267.55010986328125,27.459003448486328,53.40934753417969,37.19862747192383,-0.09211119264364243,1.0774576663970947
NEG00925,0,success,E:\LandSlide-Prediction\data\terrain\patches\NEG00925.tif,E:\LandSlide-Prediction\data\terrain\contours\NEG00925.png,710.3035888671875,689.7861328125,789.0997924804688,99.31365966796875,8.335596084594727,28.579774856567383,19.247772216796875,0.03400428220629692,0.5268321633338928
NEG00926,0,success,E:\LandSlide-Prediction\data\terrain\patches\NEG00926.tif,E:\LandSlide-Prediction\data\terrain\contours\NEG00926.png,299.75457763671875,228.03961181640625,359.78753662109375,131.7479248046875,13.67599105834961,32.57478332519531,22.488910675048828,-0.019855113700032234,0.6669622659683228
NEG00927,0,success,E:\LandSlide-Prediction\data\terrain\patches\NEG00927.tif,E:\LandSlide-Prediction\data\terrain\contours\NEG00927.png,1984.077880859375,1856.220458984375,2065.40283203125,209.182373046875,21.500144958496094,46.69902420043945,36.182586669921875,-0.022414423525333405,0.999983012676239
NEG00928,0,success,E:\LandSlide-Prediction\data\terrain\patches\NEG00928.tif,E:\LandSlide-Prediction\data\terrain\contours\NEG00928.png,1582.519287109375,1470.447509765625,1669.4737548828125,199.0262451171875,22.341262817382812,43.00987243652344,36.13560485839844,-0.019894272089004517,0.8263542652130127
NEG00929,0,success,E:\LandSlide-Prediction\data\terrain\patches\NEG00929.tif,E:\LandSlide-Prediction\data\terrain\contours\NEG00929.png,701.0771484375,627.9212646484375,799.1060180664062,171.18475341796875,20.149839401245117,34.650726318359375,28.74734878540039,0.13296249508857727,0.9056321978569031
NEG00930,0,success,E:\LandSlide-Prediction\data\terrain\patches\NEG00930.tif,E:\LandSlide-Prediction\data\terrain\contours\NEG00930.png,1001.9910888671875,887.67138671875,1120.9017333984375,233.2303466796875,23.389333724975586,41.22785568237305,31.232322692871094,-0.06408332288265228,1.0686641931533813
NEG00931,0,success,E:\LandSlide-Prediction\data\terrain\patches\NEG00931.tif,E:\LandSlide-Prediction\data\terrain\contours\NEG00931.png,156.23098754882812,129.39779663085938,208.81797790527344,79.42018127441406,10.964910507202148,33.68935775756836,20.533248901367188,0.0045838505029678345,0.6302677392959595
NEG00932,0,success,E:\LandSlide-Prediction\data\terrain\patches\NEG00932.tif,E:\LandSlide-Prediction\data\terrain\contours\NEG00932.png,1446.846923828125,1309.257080078125,1576.4385986328125,267.1815185546875,22.147607803344727,40.814754486083984,31.914390563964844,-0.028799183666706085,0.8628023862838745
NEG00933,0,success,E:\LandSlide-Prediction\data\terrain\patches\NEG00933.tif,E:\LandSlide-Prediction\data\terrain\contours\NEG00933.png,1650.2708740234375,1495.8214111328125,1788.52587890625,292.7044677734375,25.412431716918945,45.32349395751953,33.509002685546875,-0.03312738984823227,1.1405611038208008
NEG00934,0,success,E:\LandSlide-Prediction\data\terrain\patches\NEG00934.tif,E:\LandSlide-Prediction\data\terrain\contours\NEG00934.png,161.34457397460938,155.25360107421875,179.09588623046875,23.84228515625,3.605163097381592,20.625385284423828,6.4389848709106445,0.029017925262451172,0.2559932768344879
NEG00935,0,success,E:\LandSlide-Prediction\data\terrain\patches\NEG00935.tif,E:\LandSlide-Prediction\data\terrain\contours\NEG00935.png,206.55178833007812,159.60440063476562,269.4578552246094,109.85345458984375,13.732940673828125,32.9161262512207,25.092079162597656,-0.03687470778822899,0.7095112204551697
NEG00936,0,success,E:\LandSlide-Prediction\data\terrain\patches\NEG00936.tif,E:\LandSlide-Prediction\data\terrain\contours\NEG00936.png,304.09259033203125,214.96295166015625,418.60113525390625,203.63818359375,14.15575122833252,31.09357452392578,20.652835845947266,-0.0015641730278730392,0.4782421886920929
NEG00937,0,success,E:\LandSlide-Prediction\data\terrain\patches\NEG00937.tif,E:\LandSlide-Prediction\data\terrain\contours\NEG00937.png,1294.91943359375,1228.3377685546875,1370.9979248046875,142.66015625,14.649682998657227,41.55802917480469,22.11475372314453,-0.011650614440441132,0.7672767639160156
NEG00938,0,success,E:\LandSlide-Prediction\data\terrain\patches\NEG00938.tif,E:\LandSlide-Prediction\data\terrain\contours\NEG00938.png,1983.228515625,1903.8892822265625,2032.480224609375,128.5909423828125,11.826269149780273,24.7127628326416,19.16912078857422,0.04994363337755203,0.5508781671524048
NEG00939,0,success,E:\LandSlide-Prediction\data\terrain\patches\NEG00939.tif,E:\LandSlide-Prediction\data\terrain\contours\NEG00939.png,45.239349365234375,26.45081329345703,71.4065933227539,44.955780029296875,8.482821464538574,25.53409767150879,14.982646942138672,-0.0037739109247922897,0.511231541633606
NEG00940,0,success,E:\LandSlide-Prediction\data\terrain\patches\NEG00940.tif,E:\LandSlide-Prediction\data\terrain\contours\NEG00940.png,240.69796752929688,102.81383514404297,342.45782470703125,239.64398193359375,20.454986572265625,40.68752670288086,32.2137451171875,-0.024320656433701515,0.730755090713501
NEG00941,0,success,E:\LandSlide-Prediction\data\terrain\patches\NEG00941.tif,E:\LandSlide-Prediction\data\terrain\contours\NEG00941.png,208.19476318359375,130.69537353515625,285.7239990234375,155.02862548828125,15.623466491699219,37.55435562133789,23.9964599609375,0.04481034353375435,0.7496393918991089
NEG00942,0,success,E:\LandSlide-Prediction\data\terrain\patches\NEG00942.tif,E:\LandSlide-Prediction\data\terrain\contours\NEG00942.png,1831.0875244140625,1639.4451904296875,1982.7353515625,343.2901611328125,21.402278900146484,40.831443786621094,30.408924102783203,-0.0364125519990921,0.6466521620750427
NEG00943,0,success,E:\LandSlide-Prediction\data\terrain\patches\NEG00943.tif,E:\LandSlide-Prediction\data\terrain\contours\NEG00943.png,46.69010925292969,21.0,115.01961517333984,94.01961517333984,14.14622688293457,35.60432815551758,27.344314575195312,-0.052338600158691406,0.8862141966819763
NEG00944,0,success,E:\LandSlide-Prediction\data\terrain\patches\NEG00944.tif,E:\LandSlide-Prediction\data\terrain\contours\NEG00944.png,1469.6036376953125,1384.2095947265625,1598.909912109375,214.7003173828125,18.193199157714844,36.6785774230957,28.290206909179688,0.05367572605609894,0.6895860433578491
NEG00945,0,success,E:\LandSlide-Prediction\data\terrain\patches\NEG00945.tif,E:\LandSlide-Prediction\data\terrain\contours\NEG00945.png,1006.4395751953125,803.700439453125,1149.7047119140625,346.0042724609375,26.465862274169922,42.42894744873047,36.742759704589844,-0.05028367415070534,0.7779802680015564
NEG00946,0,success,E:\LandSlide-Prediction\data\terrain\patches\NEG00946.tif,E:\LandSlide-Prediction\data\terrain\contours\NEG00946.png,1284.89453125,1232.9454345703125,1392.281982421875,159.3365478515625,16.469058990478516,36.27250289916992,25.777751922607422,0.07628050446510315,0.845665693283081
NEG00947,0,success,E:\LandSlide-Prediction\data\terrain\patches\NEG00947.tif,E:\LandSlide-Prediction\data\terrain\contours\NEG00947.png,162.77911376953125,132.26039123535156,205.9425506591797,73.68215942382812,8.272025108337402,21.156814575195312,13.175140380859375,0.006029414013028145,0.4863918721675873
NEG00948,0,success,E:\LandSlide-Prediction\data\terrain\patches\NEG00948.tif,E:\LandSlide-Prediction\data\terrain\contours\NEG00948.png,293.3630676269531,269.57879638671875,392.0794982910156,122.50070190429688,10.051676750183105,40.379547119140625,19.556808471679688,0.018272578716278076,0.6326765418052673
NEG00949,0,success,E:\LandSlide-Prediction\data\terrain\patches\NEG00949.tif,E:\LandSlide-Prediction\data\terrain\contours\NEG00949.png,678.9368896484375,612.1558837890625,811.3229370117188,199.16705322265625,16.273263931274414,35.36952590942383,26.52225685119629,0.052119895815849304,0.7967892289161682
NEG00950,0,success,E:\LandSlide-Prediction\data\terrain\patches\NEG00950.tif,E:\LandSlide-Prediction\data\terrain\contours\NEG00950.png,199.29843139648438,185.25511169433594,213.1959686279297,27.94085693359375,6.122654914855957,16.173583984375,11.731084823608398,0.01710810512304306,0.4265731871128082
NEG00951,0,success,E:\LandSlide-Prediction\data\terrain\patches\NEG00951.tif,E:\LandSlide-Prediction\data\terrain\contours\NEG00951.png,1354.748291015625,1318.16064453125,1395.8721923828125,77.7115478515625,8.938587188720703,20.760814666748047,14.181800842285156,0.02863040566444397,0.41811850666999817
NEG00952,0,success,E:\LandSlide-Prediction\data\terrain\patches\NEG00952.tif,E:\LandSlide-Prediction\data\terrain\contours\NEG00952.png,749.2520751953125,446.4651794433594,1045.7357177734375,599.2705078125,40.71636962890625,60.75782012939453,54.6007080078125,0.018460873514413834,1.3522374629974365
NEG00953,0,success,E:\LandSlide-Prediction\data\terrain\patches\NEG00953.tif,E:\LandSlide-Prediction\data\terrain\contours\NEG00953.png,228.69798278808594,193.43756103515625,307.896484375,114.45892333984375,13.030560493469238,33.01142501831055,21.81966781616211,-0.017812427133321762,0.7494305372238159
NEG00954,0,success,E:\LandSlide-Prediction\data\terrain\patches\NEG00954.tif,E:\LandSlide-Prediction\data\terrain\contours\NEG00954.png,275.09527587890625,228.50698852539062,349.91796875,121.41098022460938,14.150150299072266,37.4352912902832,23.643220901489258,-0.016684414818882942,0.8445891737937927
NEG00955,0,success,E:\LandSlide-Prediction\data\terrain\patches\NEG00955.tif,E:\LandSlide-Prediction\data\terrain\contours\NEG00955.png,708.7701416015625,631.2001953125,842.3616943359375,211.1614990234375,20.345481872558594,42.80293655395508,31.611839294433594,-0.03787790611386299,0.7922644019126892
NEG00956,0,success,E:\LandSlide-Prediction\data\terrain\patches\NEG00956.tif,E:\LandSlide-Prediction\data\terrain\contours\NEG00956.png,98.80952453613281,52.09646987915039,182.63731384277344,130.5408477783203,16.69426727294922,44.94940948486328,30.549610137939453,0.030315112322568893,1.07090163230896
NEG00957,0,success,E:\LandSlide-Prediction\data\terrain\patches\NEG00957.tif,E:\LandSlide-Prediction\data\terrain\contours\NEG00957.png,127.53565216064453,74.32905578613281,232.41323852539062,158.0841827392578,17.786251068115234,41.804264068603516,29.205612182617188,-0.07175663858652115,0.8921557068824768
NEG00958,0,success,E:\LandSlide-Prediction\data\terrain\patches\NEG00958.tif,E:\LandSlide-Prediction\data\terrain\contours\NEG00958.png,106.16520690917969,90.14934539794922,132.53250122070312,42.383155822753906,5.187129974365234,19.937664031982422,9.689674377441406,-0.015355621464550495,0.3050107955932617
NEG00959,0,success,E:\LandSlide-Prediction\data\terrain\patches\NEG00959.tif,E:\LandSlide-Prediction\data\terrain\contours\NEG00959.png,178.80514526367188,124.0905532836914,296.65594482421875,172.56539916992188,16.433225631713867,36.48795700073242,25.392419815063477,0.0648583173751831,0.5784705877304077
NEG00960,0,success,E:\LandSlide-Prediction\data\terrain\patches\NEG00960.tif,E:\LandSlide-Prediction\data\terrain\contours\NEG00960.png,216.8297576904297,208.40782165527344,224.71633911132812,16.308517456054688,2.660123348236084,10.579463005065918,5.445988655090332,-0.008242129348218441,0.3096868693828583
NEG00961,0,success,E:\LandSlide-Prediction\data\terrain\patches\NEG00961.tif,E:\LandSlide-Prediction\data\terrain\contours\NEG00961.png,706.826416015625,627.2714233398438,773.807861328125,146.53643798828125,14.139524459838867,36.55296325683594,23.676143646240234,-0.017491504549980164,0.706522524356842
NEG00962,0,success,E:\LandSlide-Prediction\data\terrain\patches\NEG00962.tif,E:\LandSlide-Prediction\data\terrain\contours\NEG00962.png,1259.387451171875,1155.7567138671875,1389.1142578125,233.3575439453125,22.784887313842773,43.54484558105469,33.83564758300781,-0.016048625111579895,0.9402741193771362
NEG00963,0,success,E:\LandSlide-Prediction\data\terrain\patches\NEG00963.tif,E:\LandSlide-Prediction\data\terrain\contours\NEG00963.png,88.78956604003906,61.99380111694336,125.60436248779297,63.61056137084961,8.026987075805664,23.84890365600586,15.120054244995117,0.0006262524984776974,0.4742950201034546
NEG00964,0,success,E:\LandSlide-Prediction\data\terrain\patches\NEG00964.tif,E:\LandSlide-Prediction\data\terrain\contours\NEG00964.png,126.83012390136719,106.6058120727539,138.78070068359375,32.174888610839844,4.242411136627197,14.811259269714355,8.255596160888672,-0.003945079632103443,0.27715080976486206
NEG00965,0,success,E:\LandSlide-Prediction\data\terrain\patches\NEG00965.tif,E:\LandSlide-Prediction\data\terrain\contours\NEG00965.png,1411.8074951171875,1369.5823974609375,1457.933349609375,88.3509521484375,12.17398452758789,29.522930145263672,18.43976593017578,-0.036161139607429504,0.5673854947090149
NEG00966,0,success,E:\LandSlide-Prediction\data\terrain\patches\NEG00966.tif,E:\LandSlide-Prediction\data\terrain\contours\NEG00966.png,220.85214233398438,144.53530883789062,336.25213623046875,191.71682739257812,17.929229736328125,36.85298538208008,28.227190017700195,0.006157238036394119,0.6778818368911743
NEG00967,0,success,E:\LandSlide-Prediction\data\terrain\patches\NEG00967.tif,E:\LandSlide-Prediction\data\terrain\contours\NEG00967.png,223.13308715820312,189.1214599609375,295.6842346191406,106.56277465820312,11.862363815307617,25.967418670654297,20.18639373779297,-0.04701827093958855,0.5448174476623535
NEG00968,0,success,E:\LandSlide-Prediction\data\terrain\patches\NEG00968.tif,E:\LandSlide-Prediction\data\terrain\contours\NEG00968.png,300.737060546875,228.35581970214844,367.89459228515625,139.5387725830078,14.232361793518066,30.851604461669922,23.11564826965332,-0.043476954102516174,0.7004103660583496
NEG00969,0,success,E:\LandSlide-Prediction\data\terrain\patches\NEG00969.tif,E:\LandSlide-Prediction\data\terrain\contours\NEG00969.png,28.003700256347656,10.480052947998047,51.936954498291016,41.45690155029297,8.338945388793945,24.579477310180664,14.185976028442383,0.011091314256191254,0.6072816848754883
NEG00970,0,success,E:\LandSlide-Prediction\data\terrain\patches\NEG00970.tif,E:\LandSlide-Prediction\data\terrain\contours\NEG00970.png,1098.1573486328125,1042.045654296875,1156.805419921875,114.759765625,13.764103889465332,39.8215446472168,24.915246963500977,0.006742589175701141,0.8000913262367249
NEG00971,0,success,E:\LandSlide-Prediction\data\terrain\patches\NEG00971.tif,E:\LandSlide-Prediction\data\terrain\contours\NEG00971.png,119.27169799804688,114.262939453125,128.72157287597656,14.458633422851562,2.2157466411590576,11.722774505615234,4.770962715148926,-0.0015085297636687756,0.2542794644832611
NEG00972,0,success,E:\LandSlide-Prediction\data\terrain\patches\NEG00972.tif,E:\LandSlide-Prediction\data\terrain\contours\NEG00972.png,185.6549530029297,171.62733459472656,219.67544555664062,48.04811096191406,4.070368766784668,21.086050033569336,7.635200023651123,0.008691825903952122,0.2672164738178253
NEG00973,0,success,E:\LandSlide-Prediction\data\terrain\patches\NEG00973.tif,E:\LandSlide-Prediction\data\terrain\contours\NEG00973.png,227.0,227.0,227.0,0.0,0.0,0.0,0.0,0.0,0.0
NEG00974,0,success,E:\LandSlide-Prediction\data\terrain\patches\NEG00974.tif,E:\LandSlide-Prediction\data\terrain\contours\NEG00974.png,174.5684814453125,145.41819763183594,226.660400390625,81.24220275878906,11.93752384185791,32.407989501953125,25.508731842041016,-0.04501323401927948,0.5857704877853394
NEG00975,0,success,E:\LandSlide-Prediction\data\terrain\patches\NEG00975.tif,E:\LandSlide-Prediction\data\terrain\contours\NEG00975.png,109.0404052734375,90.4457778930664,139.15467834472656,48.708900451660156,4.939115524291992,11.989128112792969,8.151971817016602,-0.0006558687891811132,0.270683616399765
NEG00976,0,success,E:\LandSlide-Prediction\data\terrain\patches\NEG00976.tif,E:\LandSlide-Prediction\data\terrain\contours\NEG00976.png,123.7148208618164,105.87432098388672,183.19874572753906,77.32442474365234,5.654152870178223,25.83428382873535,16.801982879638672,-0.006590184289962053,0.3759424388408661
NEG00977,0,success,E:\LandSlide-Prediction\data\terrain\patches\NEG00977.tif,E:\LandSlide-Prediction\data\terrain\contours\NEG00977.png,43.95832824707031,22.293977737426758,83.89871215820312,61.604736328125,7.217959880828857,21.551061630249023,12.17608642578125,0.01706695929169655,0.3654729127883911
NEG00978,0,success,E:\LandSlide-Prediction\data\terrain\patches\NEG00978.tif,E:\LandSlide-Prediction\data\terrain\contours\NEG00978.png,365.2064208984375,347.30010986328125,396.45916748046875,49.1590576171875,7.468469619750977,23.529560089111328,12.77275562286377,0.004681451246142387,0.4837852120399475
NEG00979,0,success,E:\LandSlide-Prediction\data\terrain\patches\NEG00979.tif,E:\LandSlide-Prediction\data\terrain\contours\NEG00979.png,60.79924774169922,50.27488708496094,77.71211242675781,27.437225341796875,3.8740921020507812,19.37228012084961,7.487565994262695,0.0018510930240154266,0.29473111033439636
NEG00980,0,success,E:\LandSlide-Prediction\data\terrain\patches\NEG00980.tif,E:\LandSlide-Prediction\data\terrain\contours\NEG00980.png,857.845458984375,780.9281616210938,977.2281494140625,196.29998779296875,13.152484893798828,36.589508056640625,24.434036254882812,-0.04220159724354744,0.5919464826583862
NEG00981,0,success,E:\LandSlide-Prediction\data\terrain\patches\NEG00981.tif,E:\LandSlide-Prediction\data\terrain\contours\NEG00981.png,1183.787109375,1138.2738037109375,1244.907470703125,106.6336669921875,12.613251686096191,28.971643447875977,19.475492477416992,0.021903716027736664,0.6583009362220764
NEG00982,0,success,E:\LandSlide-Prediction\data\terrain\patches\NEG00982.tif,E:\LandSlide-Prediction\data\terrain\contours\NEG00982.png,109.80259704589844,99.52749633789062,119.85798645019531,20.330490112304688,3.6214425563812256,12.676573753356934,6.535005569458008,-0.008704200387001038,0.2443610280752182
NEG00983,0,success,E:\LandSlide-Prediction\data\terrain\patches\NEG00983.tif,E:\LandSlide-Prediction\data\terrain\contours\NEG00983.png,69.37945556640625,61.339542388916016,85.90238189697266,24.56283950805664,3.9250385761260986,11.922778129577637,7.212882995605469,0.007399491500109434,0.26466724276542664
NEG00984,0,success,E:\LandSlide-Prediction\data\terrain\patches\NEG00984.tif,E:\LandSlide-Prediction\data\terrain\contours\NEG00984.png,743.6729736328125,622.88330078125,837.8018798828125,214.9185791015625,20.79798126220703,47.53809356689453,35.25859832763672,-0.05899108201265335,1.0557876825332642
NEG00985,0,success,E:\LandSlide-Prediction\data\terrain\patches\NEG00985.tif,E:\LandSlide-Prediction\data\terrain\contours\NEG00985.png,760.6959838867188,692.5989379882812,871.9190063476562,179.320068359375,14.710101127624512,33.23763656616211,23.319454193115234,0.029853541404008865,0.6551502346992493
NEG00986,0,success,E:\LandSlide-Prediction\data\terrain\patches\NEG00986.tif,E:\LandSlide-Prediction\data\terrain\contours\NEG00986.png,1592.712646484375,1403.6800537109375,1760.9344482421875,357.25439453125,29.39248275756836,47.954345703125,40.63978576660156,0.1348365694284439,0.8936890363693237
NEG00987,0,success,E:\LandSlide-Prediction\data\terrain\patches\NEG00987.tif,E:\LandSlide-Prediction\data\terrain\contours\NEG00987.png,121.2958984375,74.08944702148438,240.0122528076172,165.9228057861328,13.323711395263672,30.37552261352539,23.924942016601562,0.017423339188098907,0.6200278401374817
NEG00988,0,success,E:\LandSlide-Prediction\data\terrain\patches\NEG00988.tif,E:\LandSlide-Prediction\data\terrain\contours\NEG00988.png,332.0333251953125,202.42788696289062,500.9523620605469,298.52447509765625,22.891246795654297,40.057804107666016,31.006099700927734,0.06088578328490257,0.7071553468704224
NEG00989,0,success,E:\LandSlide-Prediction\data\terrain\patches\NEG00989.tif,E:\LandSlide-Prediction\data\terrain\contours\NEG00989.png,449.83355712890625,377.8223876953125,558.519287109375,180.6968994140625,16.258586883544922,33.30971145629883,23.58087921142578,0.04584156349301338,0.6316602826118469
NEG00990,0,success,E:\LandSlide-Prediction\data\terrain\patches\NEG00990.tif,E:\LandSlide-Prediction\data\terrain\contours\NEG00990.png,271.9101257324219,260.3778991699219,294.28094482421875,33.903045654296875,4.335658073425293,14.95519733428955,8.38603401184082,-0.00355537049472332,0.3203476071357727
NEG00991,0,success,E:\LandSlide-Prediction\data\terrain\patches\NEG00991.tif,E:\LandSlide-Prediction\data\terrain\contours\NEG00991.png,83.76008605957031,14.216212272644043,99.41177368164062,85.19556427001953,10.191009521484375,69.37095642089844,29.26611328125,-0.0016833236441016197,4.026174545288086
NEG00992,0,success,E:\LandSlide-Prediction\data\terrain\patches\NEG00992.tif,E:\LandSlide-Prediction\data\terrain\contours\NEG00992.png,115.12521362304688,109.47380065917969,124.3393783569336,14.865577697753906,3.301316022872925,14.787627220153809,6.586597442626953,0.009869696572422981,0.25625601410865784
NEG00993,0,success,E:\LandSlide-Prediction\data\terrain\patches\NEG00993.tif,E:\LandSlide-Prediction\data\terrain\contours\NEG00993.png,2134.80322265625,2112.162841796875,2149.299560546875,37.13671875,6.471612930297852,18.548473358154297,12.678115844726562,-0.005625277757644653,0.40497276186943054
NEG00994,0,success,E:\LandSlide-Prediction\data\terrain\patches\NEG00994.tif,E:\LandSlide-Prediction\data\terrain\contours\NEG00994.png,2081.224609375,1877.8677978515625,2151.40771484375,273.5399169921875,17.842823028564453,54.26103973388672,33.09751892089844,-0.10721029341220856,0.6370329856872559
NEG00995,0,success,E:\LandSlide-Prediction\data\terrain\patches\NEG00995.tif,E:\LandSlide-Prediction\data\terrain\contours\NEG00995.png,1398.214599609375,1218.127197265625,1598.887939453125,380.7607421875,29.048933029174805,53.31903076171875,46.25997543334961,-0.13434720039367676,1.2421376705169678
NEG00996,0,success,E:\LandSlide-Prediction\data\terrain\patches\NEG00996.tif,E:\LandSlide-Prediction\data\terrain\contours\NEG00996.png,594.5458984375,553.2906494140625,653.0187377929688,99.72808837890625,11.059459686279297,29.77484130859375,18.06557846069336,0.06987616419792175,0.47562411427497864
NEG00997,0,success,E:\LandSlide-Prediction\data\terrain\patches\NEG00997.tif,E:\LandSlide-Prediction\data\terrain\contours\NEG00997.png,903.95849609375,815.3714599609375,998.5218505859375,183.150390625,15.256020545959473,25.069000244140625,20.626447677612305,0.047579191625118256,0.5312963128089905
NEG00998,0,success,E:\LandSlide-Prediction\data\terrain\patches\NEG00998.tif,E:\LandSlide-Prediction\data\terrain\contours\NEG00998.png,743.6446533203125,599.8402709960938,889.161376953125,289.32110595703125,22.668426513671875,39.35370635986328,32.69081497192383,-0.059345901012420654,0.776088535785675
NEG00999,0,success,E:\LandSlide-Prediction\data\terrain\patches\NEG00999.tif,E:\LandSlide-Prediction\data\terrain\contours\NEG00999.png,29.423553466796875,16.0,69.77690124511719,53.77690124511719,6.29502534866333,30.951810836791992,13.42631721496582,0.021446775645017624,0.4695509970188141
NEG01000,0,success,E:\LandSlide-Prediction\data\terrain\patches\NEG01000.tif,E:\LandSlide-Prediction\data\terrain\contours\NEG01000.png,256.74700927734375,196.11228942871094,289.1144714355469,93.00218200683594,10.305070877075195,20.46778106689453,17.14375877380371,-0.041582874953746796,0.4199277460575104
NEG01001,0,success,E:\LandSlide-Prediction\data\terrain\patches\NEG01001.tif,E:\LandSlide-Prediction\data\terrain\contours\NEG01001.png,168.05731201171875,157.08804321289062,179.22802734375,22.139984130859375,2.8112311363220215,12.830015182495117,5.495469093322754,-0.0015389621257781982,0.21620984375476837
NEG01002,0,success,E:\LandSlide-Prediction\data\terrain\patches\NEG01002.tif,E:\LandSlide-Prediction\data\terrain\contours\NEG01002.png,408.3936462402344,392.6855773925781,434.4920959472656,41.8065185546875,6.799952030181885,18.828998565673828,11.993617057800293,-0.012702127918601036,0.4345623850822449
NEG01003,0,success,E:\LandSlide-Prediction\data\terrain\patches\NEG01003.tif,E:\LandSlide-Prediction\data\terrain\contours\NEG01003.png,475.46319580078125,427.0,566.4498901367188,139.44989013671875,16.449716567993164,35.04682540893555,27.78607940673828,0.038920313119888306,0.7288041114807129
NEG01004,0,success,E:\LandSlide-Prediction\data\terrain\patches\NEG01004.tif,E:\LandSlide-Prediction\data\terrain\contours\NEG01004.png,614.4913330078125,516.5569458007812,692.850830078125,176.29388427734375,16.751941680908203,32.81132125854492,24.94594955444336,-0.04970128834247589,0.857759416103363
NEG01005,0,success,E:\LandSlide-Prediction\data\terrain\patches\NEG01005.tif,E:\LandSlide-Prediction\data\terrain\contours\NEG01005.png,1958.3790283203125,1873.1217041015625,2024.45556640625,151.3338623046875,12.576822280883789,28.970027923583984,19.99309539794922,-0.04108443111181259,0.6512926816940308
NEG01006,0,success,E:\LandSlide-Prediction\data\terrain\patches\NEG01006.tif,E:\LandSlide-Prediction\data\terrain\contours\NEG01006.png,140.74954223632812,107.88140869140625,231.8563232421875,123.97491455078125,12.67231559753418,28.597637176513672,21.19207763671875,0.008471731096506119,0.6078301072120667
NEG01007,0,success,E:\LandSlide-Prediction\data\terrain\patches\NEG01007.tif,E:\LandSlide-Prediction\data\terrain\contours\NEG01007.png,131.7027587890625,76.26980590820312,220.91624450683594,144.6464385986328,13.905686378479004,35.37704086303711,25.42089080810547,-0.0004846900701522827,0.6072558760643005
NEG01008,0,success,E:\LandSlide-Prediction\data\terrain\patches\NEG01008.tif,E:\LandSlide-Prediction\data\terrain\contours\NEG01008.png,153.78472900390625,147.24179077148438,166.13755798339844,18.895767211914062,2.962873935699463,10.371674537658691,5.368106842041016,0.004392730072140694,0.24814555048942566
NEG01009,0,success,E:\LandSlide-Prediction\data\terrain\patches\NEG01009.tif,E:\LandSlide-Prediction\data\terrain\contours\NEG01009.png,1041.54296875,833.3998413085938,1218.19482421875,384.79498291015625,26.840993881225586,53.24244689941406,45.73335266113281,0.0763753280043602,0.806309163570404
NEG01010,0,success,E:\LandSlide-Prediction\data\terrain\patches\NEG01010.tif,E:\LandSlide-Prediction\data\terrain\contours\NEG01010.png,526.5454711914062,442.2353210449219,617.9603881835938,175.72506713867188,16.993518829345703,35.11989212036133,27.74749183654785,-0.01673557050526142,0.5637115836143494
NEG01011,0,success,E:\LandSlide-Prediction\data\terrain\patches\NEG01011.tif,E:\LandSlide-Prediction\data\terrain\contours\NEG01011.png,202.10157775878906,177.09759521484375,248.60507202148438,71.50747680664062,6.977745056152344,21.97780418395996,13.758920669555664,0.02116110920906067,0.3666052222251892
NEG01012,0,success,E:\LandSlide-Prediction\data\terrain\patches\NEG01012.tif,E:\LandSlide-Prediction\data\terrain\contours\NEG01012.png,133.9862518310547,125.2452621459961,168.4233856201172,43.178123474121094,3.8819305896759033,17.460329055786133,6.971374034881592,-0.0039457641541957855,0.23807474970817566
NEG01013,0,success,E:\LandSlide-Prediction\data\terrain\patches\NEG01013.tif,E:\LandSlide-Prediction\data\terrain\contours\NEG01013.png,117.6156234741211,108.03825378417969,128.54652404785156,20.508270263671875,3.7408742904663086,10.58172607421875,6.652807235717773,0.0019729146733880043,0.2451106160879135
NEG01014,0,success,E:\LandSlide-Prediction\data\terrain\patches\NEG01014.tif,E:\LandSlide-Prediction\data\terrain\contours\NEG01014.png,226.30470275878906,209.781005859375,294.22900390625,84.447998046875,6.3826904296875,29.18718910217285,13.469040870666504,0.0018221624195575714,0.30731093883514404
NEG01015,0,success,E:\LandSlide-Prediction\data\terrain\patches\NEG01015.tif,E:\LandSlide-Prediction\data\terrain\contours\NEG01015.png,181.93099975585938,173.86709594726562,189.406982421875,15.539886474609375,1.9355629682540894,5.500932693481445,3.440094470977783,0.004234990105032921,0.13990545272827148
NEG01016,0,success,E:\LandSlide-Prediction\data\terrain\patches\NEG01016.tif,E:\LandSlide-Prediction\data\terrain\contours\NEG01016.png,176.19708251953125,166.20062255859375,195.12344360351562,28.922821044921875,4.374627113342285,13.114510536193848,7.815763473510742,0.015431142412126064,0.320858359336853
NEG01017,0,success,E:\LandSlide-Prediction\data\terrain\patches\NEG01017.tif,E:\LandSlide-Prediction\data\terrain\contours\NEG01017.png,86.14349365234375,55.73869705200195,196.67840576171875,140.93971252441406,14.578258514404297,40.80377960205078,25.583833694458008,0.040840573608875275,0.7016080021858215
NEG01018,0,success,E:\LandSlide-Prediction\data\terrain\patches\NEG01018.tif,E:\LandSlide-Prediction\data\terrain\contours\NEG01018.png,1334.869384765625,1291.298583984375,1385.8380126953125,94.5394287109375,13.656904220581055,32.790611267089844,23.010475158691406,0.011802174150943756,0.654640793800354
NEG01019,0,success,E:\LandSlide-Prediction\data\terrain\patches\NEG01019.tif,E:\LandSlide-Prediction\data\terrain\contours\NEG01019.png,44.54615020751953,22.258020401000977,72.60710144042969,50.349082946777344,8.429197311401367,23.016098022460938,15.050941467285156,-0.006202897988259792,0.4827832281589508
NEG01020,0,success,E:\LandSlide-Prediction\data\terrain\patches\NEG01020.tif,E:\LandSlide-Prediction\data\terrain\contours\NEG01020.png,153.7552490234375,116.0655517578125,204.3564910888672,88.29093933105469,11.58953857421875,28.801393508911133,22.75433349609375,0.01433433685451746,0.5875602960586548
NEG01021,0,success,E:\LandSlide-Prediction\data\terrain\patches\NEG01021.tif,E:\LandSlide-Prediction\data\terrain\contours\NEG01021.png,771.247802734375,609.435791015625,863.6751098632812,254.23931884765625,25.26542854309082,49.53313064575195,40.47942352294922,-0.09102168679237366,0.9160434007644653
NEG01022,0,success,E:\LandSlide-Prediction\data\terrain\patches\NEG01022.tif,E:\LandSlide-Prediction\data\terrain\contours\NEG01022.png,570.877685546875,513.04443359375,691.6553955078125,178.6109619140625,13.675359725952148,34.92660140991211,23.451099395751953,0.016633693128824234,0.6421440243721008
NEG01023,0,success,E:\LandSlide-Prediction\data\terrain\patches\NEG01023.tif,E:\LandSlide-Prediction\data\terrain\contours\NEG01023.png,834.6997680664062,730.5263061523438,1003.123046875,272.59674072265625,20.23453140258789,44.8784294128418,30.804412841796875,-0.06528469920158386,0.8311604857444763
NEG01024,0,success,E:\LandSlide-Prediction\data\terrain\patches\NEG01024.tif,E:\LandSlide-Prediction\data\terrain\contours\NEG01024.png,159.25448608398438,69.6944580078125,245.3042449951172,175.6097869873047,15.670113563537598,49.6948127746582,29.743728637695312,-0.062949538230896,0.6985507607460022
NEG01025,0,success,E:\LandSlide-Prediction\data\terrain\patches\NEG01025.tif,E:\LandSlide-Prediction\data\terrain\contours\NEG01025.png,795.9456787109375,729.4440307617188,862.4246826171875,132.98065185546875,10.73265266418457,32.76051330566406,16.679737091064453,0.01815987005829811,0.5583914518356323
NEG01026,0,success,E:\LandSlide-Prediction\data\terrain\patches\NEG01026.tif,E:\LandSlide-Prediction\data\terrain\contours\NEG01026.png,157.05584716796875,124.28385925292969,227.13543701171875,102.85157775878906,10.59292984008789,26.59877586364746,19.829416275024414,-0.0021494105458259583,0.6235517263412476
NEG01027,0,success,E:\LandSlide-Prediction\data\terrain\patches\NEG01027.tif,E:\LandSlide-Prediction\data\terrain\contours\NEG01027.png,523.24072265625,497.739013671875,570.4154052734375,72.6763916015625,13.524423599243164,30.70852279663086,22.16766357421875,0.009303171187639236,0.8680691719055176
NEG01028,0,success,E:\LandSlide-Prediction\data\terrain\patches\NEG01028.tif,E:\LandSlide-Prediction\data\terrain\contours\NEG01028.png,106.22129821777344,54.98013687133789,204.39186096191406,149.41172790527344,12.701168060302734,30.18842315673828,22.862712860107422,0.007327565923333168,0.565652072429657
NEG01029,0,success,E:\LandSlide-Prediction\data\terrain\patches\NEG01029.tif,E:\LandSlide-Prediction\data\terrain\contours\NEG01029.png,91.0994873046875,78.55879974365234,121.65058898925781,43.09178924560547,7.60137939453125,23.347047805786133,13.958410263061523,-0.017938286066055298,0.5291286110877991
NEG01030,0,success,E:\LandSlide-Prediction\data\terrain\patches\NEG01030.tif,E:\LandSlide-Prediction\data\terrain\contours\NEG01030.png,293.2613525390625,226.00030517578125,363.6807861328125,137.68048095703125,15.702796936035156,45.33488082885742,29.404172897338867,-0.06402093172073364,0.7698224782943726
NEG01031,0,success,E:\LandSlide-Prediction\data\terrain\patches\NEG01031.tif,E:\LandSlide-Prediction\data\terrain\contours\NEG01031.png,428.2767639160156,325.7235107421875,529.8274536132812,204.10394287109375,19.299840927124023,36.02788543701172,29.568416595458984,-0.03785547986626625,0.9770144820213318
NEG01032,0,success,E:\LandSlide-Prediction\data\terrain\patches\NEG01032.tif,E:\LandSlide-Prediction\data\terrain\contours\NEG01032.png,305.97320556640625,279.768798828125,375.59661865234375,95.82781982421875,7.852421283721924,24.578266143798828,17.176517486572266,0.003844455350190401,0.45015251636505127
NEG01033,0,success,E:\LandSlide-Prediction\data\terrain\patches\NEG01033.tif,E:\LandSlide-Prediction\data\terrain\contours\NEG01033.png,93.24861145019531,89.55101776123047,107.76932525634766,18.218307495117188,2.2304112911224365,11.495068550109863,5.624924659729004,0.007156417239457369,0.20797958970069885
NEG01034,0,success,E:\LandSlide-Prediction\data\terrain\patches\NEG01034.tif,E:\LandSlide-Prediction\data\terrain\contours\NEG01034.png,140.123046875,119.84291076660156,274.58758544921875,154.7446746826172,8.218533515930176,43.982582092285156,27.139039993286133,-0.017872288823127747,0.579100489616394
NEG01035,0,success,E:\LandSlide-Prediction\data\terrain\patches\NEG01035.tif,E:\LandSlide-Prediction\data\terrain\contours\NEG01035.png,97.88209533691406,81.93212127685547,114.29802703857422,32.36590576171875,4.798096179962158,15.399084091186523,9.34984016418457,0.0071409922093153,0.31985753774642944
NEG01036,0,success,E:\LandSlide-Prediction\data\terrain\patches\NEG01036.tif,E:\LandSlide-Prediction\data\terrain\contours\NEG01036.png,41.69384002685547,27.374713897705078,73.18668365478516,45.81196975708008,7.528980255126953,19.779701232910156,12.511253356933594,-0.006249567493796349,0.50836580991745
NEG01037,0,success,E:\LandSlide-Prediction\data\terrain\patches\NEG01037.tif,E:\LandSlide-Prediction\data\terrain\contours\NEG01037.png,117.02566528320312,90.95868682861328,137.1220245361328,46.16333770751953,6.236762046813965,33.56285095214844,10.886791229248047,0.007585081271827221,0.7206328511238098
NEG01038,0,success,E:\LandSlide-Prediction\data\terrain\patches\NEG01038.tif,E:\LandSlide-Prediction\data\terrain\contours\NEG01038.png,267.14569091796875,183.711181640625,335.119873046875,151.40869140625,18.69861602783203,39.77668380737305,29.559280395507812,0.055212266743183136,0.8351173400878906
NEG01039,0,success,E:\LandSlide-Prediction\data\terrain\patches\NEG01039.tif,E:\LandSlide-Prediction\data\terrain\contours\NEG01039.png,147.794677734375,105.0852279663086,229.07919311523438,123.99396514892578,16.435932159423828,35.31285858154297,28.1934814453125,0.019816000014543533,0.7698023915290833
NEG01040,0,success,E:\LandSlide-Prediction\data\terrain\patches\NEG01040.tif,E:\LandSlide-Prediction\data\terrain\contours\NEG01040.png,430.76416015625,294.04888916015625,663.8294677734375,369.78057861328125,25.813827514648438,56.27766036987305,43.38656234741211,-0.029081916436553,0.877953052520752
NEG01041,0,success,E:\LandSlide-Prediction\data\terrain\patches\NEG01041.tif,E:\LandSlide-Prediction\data\terrain\contours\NEG01041.png,2000.8740234375,1873.5040283203125,2107.148681640625,233.6446533203125,21.398235321044922,41.14006423950195,33.40127944946289,0.02823542058467865,0.6876394748687744
NEG01042,0,success,E:\LandSlide-Prediction\data\terrain\patches\NEG01042.tif,E:\LandSlide-Prediction\data\terrain\contours\NEG01042.png,623.8513793945312,587.4159545898438,671.9786376953125,84.56268310546875,10.332961082458496,21.59650993347168,15.926706314086914,0.022457659244537354,0.6213513612747192
NEG01043,0,success,E:\LandSlide-Prediction\data\terrain\patches\NEG01043.tif,E:\LandSlide-Prediction\data\terrain\contours\NEG01043.png,267.9913330078125,250.3761749267578,286.0266418457031,35.65046691894531,4.773304462432861,14.464929580688477,7.734230041503906,0.009975362569093704,0.30744943022727966
NEG01044,0,success,E:\LandSlide-Prediction\data\terrain\patches\NEG01044.tif,E:\LandSlide-Prediction\data\terrain\contours\NEG01044.png,104.31295776367188,33.75295639038086,189.2855224609375,155.53256225585938,19.399147033691406,37.87208557128906,29.958452224731445,0.04812169820070267,0.7259112596511841
NEG01045,0,success,E:\LandSlide-Prediction\data\terrain\patches\NEG01045.tif,E:\LandSlide-Prediction\data\terrain\contours\NEG01045.png,213.96347045898438,198.80308532714844,235.25161743164062,36.44853210449219,7.183748245239258,21.29405975341797,13.1541748046875,-0.007057639304548502,0.5499385595321655
NEG01046,0,success,E:\LandSlide-Prediction\data\terrain\patches\NEG01046.tif,E:\LandSlide-Prediction\data\terrain\contours\NEG01046.png,71.58358764648438,57.54005813598633,126.9762954711914,69.43623352050781,6.322260856628418,19.22651481628418,14.02822494506836,-0.002341208513826132,0.37980324029922485
NEG01047,0,success,E:\LandSlide-Prediction\data\terrain\patches\NEG01047.tif,E:\LandSlide-Prediction\data\terrain\contours\NEG01047.png,492.42523193359375,467.5,551.0200805664062,83.52008056640625,10.933818817138672,44.77949142456055,24.400630950927734,0.007867399603128433,0.7211277484893799
NEG01048,0,success,E:\LandSlide-Prediction\data\terrain\patches\NEG01048.tif,E:\LandSlide-Prediction\data\terrain\contours\NEG01048.png,888.7305297851562,756.3768310546875,991.9133911132812,235.53656005859375,18.251129150390625,38.01216125488281,28.281776428222656,-0.06434738636016846,0.7602466940879822
NEG01049,0,success,E:\LandSlide-Prediction\data\terrain\patches\NEG01049.tif,E:\LandSlide-Prediction\data\terrain\contours\NEG01049.png,49.39068603515625,25.279170989990234,107.85797882080078,82.57881164550781,10.725393295288086,30.011856079101562,21.043781280517578,0.03781970962882042,0.5533487796783447
NEG01050,0,success,E:\LandSlide-Prediction\data\terrain\patches\NEG01050.tif,E:\LandSlide-Prediction\data\terrain\contours\NEG01050.png,1613.0460205078125,1521.335205078125,1722.6153564453125,201.2801513671875,14.247963905334473,27.463233947753906,18.15220069885254,0.06019052863121033,0.38298100233078003
NEG01051,0,success,E:\LandSlide-Prediction\data\terrain\patches\NEG01051.tif,E:\LandSlide-Prediction\data\terrain\contours\NEG01051.png,94.65625,65.62853240966797,184.5414276123047,118.91289520263672,10.162239074707031,35.604251861572266,27.034656524658203,0.08392145484685898,0.35959863662719727
NEG01052,0,success,E:\LandSlide-Prediction\data\terrain\patches\NEG01052.tif,E:\LandSlide-Prediction\data\terrain\contours\NEG01052.png,558.407470703125,519.01611328125,633.01416015625,113.998046875,13.560903549194336,29.95847511291504,22.840900421142578,-0.06114852428436279,0.7182472348213196
NEG01053,0,success,E:\LandSlide-Prediction\data\terrain\patches\NEG01053.tif,E:\LandSlide-Prediction\data\terrain\contours\NEG01053.png,1258.202392578125,1241.187744140625,1353.3218994140625,112.1341552734375,11.445074081420898,36.565670013427734,21.43923568725586,0.03085961937904358,0.7587105631828308
NEG01054,0,success,E:\LandSlide-Prediction\data\terrain\patches\NEG01054.tif,E:\LandSlide-Prediction\data\terrain\contours\NEG01054.png,538.041015625,517.9485473632812,563.1105346679688,45.1619873046875,10.568140029907227,29.249866485595703,18.03574562072754,0.025674156844615936,0.7583041787147522
NEG01055,0,success,E:\LandSlide-Prediction\data\terrain\patches\NEG01055.tif,E:\LandSlide-Prediction\data\terrain\contours\NEG01055.png,179.18934631347656,129.20167541503906,214.4163818359375,85.21470642089844,14.619988441467285,37.24713897705078,25.578704833984375,0.013879894278943539,0.7860425710678101
NEG01056,0,success,E:\LandSlide-Prediction\data\terrain\patches\NEG01056.tif,E:\LandSlide-Prediction\data\terrain\contours\NEG01056.png,143.81463623046875,124.81716918945312,228.16439819335938,103.34722900390625,10.559064865112305,33.78940200805664,24.376911163330078,0.04269220679998398,0.5368462204933167
NEG01057,0,success,E:\LandSlide-Prediction\data\terrain\patches\NEG01057.tif,E:\LandSlide-Prediction\data\terrain\contours\NEG01057.png,120.01536560058594,112.80089569091797,131.2366485595703,18.435752868652344,2.4623546600341797,11.10680103302002,4.716900825500488,0.0015522711910307407,0.18890658020973206
NEG01058,0,success,E:\LandSlide-Prediction\data\terrain\patches\NEG01058.tif,E:\LandSlide-Prediction\data\terrain\contours\NEG01058.png,270.5339050292969,240.23651123046875,394.70831298828125,154.4718017578125,9.743234634399414,34.64883804321289,19.91232681274414,-0.004778696224093437,0.5174545645713806
NEG01059,0,success,E:\LandSlide-Prediction\data\terrain\patches\NEG01059.tif,E:\LandSlide-Prediction\data\terrain\contours\NEG01059.png,1894.453369140625,1856.0782470703125,1926.7017822265625,70.62353515625,11.992597579956055,29.644412994384766,20.678966522216797,0.024741418659687042,0.6997137665748596
NEG01060,0,success,E:\LandSlide-Prediction\data\terrain\patches\NEG01060.tif,E:\LandSlide-Prediction\data\terrain\contours\NEG01060.png,1401.5206298828125,1172.5010986328125,1703.408203125,530.9071044921875,35.846370697021484,58.817283630371094,46.667388916015625,0.014080002903938293,1.2974292039871216
NEG01061,0,success,E:\LandSlide-Prediction\data\terrain\patches\NEG01061.tif,E:\LandSlide-Prediction\data\terrain\contours\NEG01061.png,193.22637939453125,138.56863403320312,245.62672424316406,107.05809020996094,12.98180866241455,32.136966705322266,23.12969207763672,0.04188103973865509,0.5106837153434753
NEG01062,0,success,E:\LandSlide-Prediction\data\terrain\patches\NEG01062.tif,E:\LandSlide-Prediction\data\terrain\contours\NEG01062.png,91.04832458496094,84.8219223022461,99.92838287353516,15.106460571289062,2.30612850189209,8.516183853149414,4.608325004577637,-0.005921612028032541,0.1784060299396515
NEG01063,0,success,E:\LandSlide-Prediction\data\terrain\patches\NEG01063.tif,E:\LandSlide-Prediction\data\terrain\contours\NEG01063.png,339.1525573730469,236.49246215820312,399.110595703125,162.61813354492188,13.632198333740234,32.94973373413086,23.929664611816406,-0.009100783616304398,0.718438446521759
NEG01064,0,success,E:\LandSlide-Prediction\data\terrain\patches\NEG01064.tif,E:\LandSlide-Prediction\data\terrain\contours\NEG01064.png,1277.411376953125,1207.3350830078125,1350.64013671875,143.3050537109375,13.414721488952637,44.69672393798828,23.193021774291992,0.0313950777053833,0.6927486062049866
NEG01065,0,success,E:\LandSlide-Prediction\data\terrain\patches\NEG01065.tif,E:\LandSlide-Prediction\data\terrain\contours\NEG01065.png,1142.154296875,1101.282470703125,1200.753173828125,99.470703125,12.83039665222168,32.457393646240234,22.09018325805664,-0.035819195210933685,0.6995980739593506
NEG01066,0,success,E:\LandSlide-Prediction\data\terrain\patches\NEG01066.tif,E:\LandSlide-Prediction\data\terrain\contours\NEG01066.png,1659.063232421875,1595.1385498046875,1731.961181640625,136.8226318359375,13.043469429016113,26.896596908569336,20.170101165771484,-0.017244063317775726,0.6745157241821289
NEG01067,0,success,E:\LandSlide-Prediction\data\terrain\patches\NEG01067.tif,E:\LandSlide-Prediction\data\terrain\contours\NEG01067.png,1344.152587890625,1289.091064453125,1480.223388671875,191.13232421875,13.634925842285156,36.54410171508789,25.420555114746094,-0.024981051683425903,0.6475841403007507
NEG01068,0,success,E:\LandSlide-Prediction\data\terrain\patches\NEG01068.tif,E:\LandSlide-Prediction\data\terrain\contours\NEG01068.png,169.1778564453125,150.20811462402344,198.29393005371094,48.0858154296875,4.470641136169434,16.39751625061035,7.618621349334717,0.007763766683638096,0.2649242877960205
NEG01069,0,success,E:\LandSlide-Prediction\data\terrain\patches\NEG01069.tif,E:\LandSlide-Prediction\data\terrain\contours\NEG01069.png,585.0101318359375,532.91748046875,645.812255859375,112.894775390625,14.36638069152832,33.18086242675781,24.429445266723633,-0.026186402887105942,0.7978679537773132
NEG01070,0,success,E:\LandSlide-Prediction\data\terrain\patches\NEG01070.tif,E:\LandSlide-Prediction\data\terrain\contours\NEG01070.png,520.360595703125,469.9474182128906,579.9989013671875,110.05148315429688,14.37779712677002,30.30655860900879,24.210046768188477,0.022103112190961838,0.709209144115448
NEG01071,0,success,E:\LandSlide-Prediction\data\terrain\patches\NEG01071.tif,E:\LandSlide-Prediction\data\terrain\contours\NEG01071.png,50.051536560058594,21.207555770874023,125.78229522705078,104.57473754882812,13.20622444152832,33.051734924316406,23.397199630737305,0.07321829348802567,0.707310140132904
NEG01072,0,success,E:\LandSlide-Prediction\data\terrain\patches\NEG01072.tif,E:\LandSlide-Prediction\data\terrain\contours\NEG01072.png,314.1749572753906,261.7736511230469,353.58984375,91.81619262695312,9.347492218017578,32.386444091796875,14.880477905273438,-0.026491858065128326,0.5332227945327759
NEG01073,0,success,E:\LandSlide-Prediction\data\terrain\patches\NEG01073.tif,E:\LandSlide-Prediction\data\terrain\contours\NEG01073.png,90.35847473144531,84.71733856201172,104.60646057128906,19.889122009277344,2.5914270877838135,11.050566673278809,5.963103294372559,0.0016887807287275791,0.20629841089248657
NEG01074,0,success,E:\LandSlide-Prediction\data\terrain\patches\NEG01074.tif,E:\LandSlide-Prediction\data\terrain\contours\NEG01074.png,267.56634521484375,242.7006072998047,308.00994873046875,65.30934143066406,8.314842224121094,24.285696029663086,15.174498558044434,-0.028280850499868393,0.5375632047653198
NEG01075,0,success,E:\LandSlide-Prediction\data\terrain\patches\NEG01075.tif,E:\LandSlide-Prediction\data\terrain\contours\NEG01075.png,571.9326171875,544.3340454101562,621.455078125,77.12103271484375,12.432112693786621,31.8924560546875,21.804473876953125,0.018517881631851196,0.7499640583992004
NEG01076,0,success,E:\LandSlide-Prediction\data\terrain\patches\NEG01076.tif,E:\LandSlide-Prediction\data\terrain\contours\NEG01076.png,1174.769775390625,1133.787109375,1241.60302734375,107.81591796875,13.693946838378906,30.183837890625,21.30217933654785,0.05357029289007187,0.7184937596321106
NEG01077,0,success,E:\LandSlide-Prediction\data\terrain\patches\NEG01077.tif,E:\LandSlide-Prediction\data\terrain\contours\NEG01077.png,482.47088623046875,453.3243103027344,508.9994812011719,55.6751708984375,9.864490509033203,24.230846405029297,16.104389190673828,-0.017527470365166664,0.5871062278747559
NEG01078,0,success,E:\LandSlide-Prediction\data\terrain\patches\NEG01078.tif,E:\LandSlide-Prediction\data\terrain\contours\NEG01078.png,1249.638427734375,1137.4398193359375,1323.3570556640625,185.917236328125,16.831274032592773,47.253143310546875,27.216472625732422,0.01728082448244095,0.8456955552101135
NEG01079,0,success,E:\LandSlide-Prediction\data\terrain\patches\NEG01079.tif,E:\LandSlide-Prediction\data\terrain\contours\NEG01079.png,362.9888610839844,316.8780517578125,414.4687805175781,97.59072875976562,9.117352485656738,26.578866958618164,17.00769805908203,-0.010347908362746239,0.5431246757507324
NEG01080,0,success,E:\LandSlide-Prediction\data\terrain\patches\NEG01080.tif,E:\LandSlide-Prediction\data\terrain\contours\NEG01080.png,328.1084899902344,282.4170837402344,419.8719482421875,137.45486450195312,14.845375061035156,34.51259994506836,27.136091232299805,-0.08663570135831833,0.6373717188835144
NEG01081,0,success,E:\LandSlide-Prediction\data\terrain\patches\NEG01081.tif,E:\LandSlide-Prediction\data\terrain\contours\NEG01081.png,1265.46240234375,1180.318115234375,1319.0633544921875,138.7452392578125,14.818254470825195,35.76995849609375,25.569293975830078,-0.016011521220207214,0.8669934868812561
NEG01082,0,success,E:\LandSlide-Prediction\data\terrain\patches\NEG01082.tif,E:\LandSlide-Prediction\data\terrain\contours\NEG01082.png,1211.678466796875,1137.6954345703125,1257.04150390625,119.3460693359375,11.188980102539062,23.361736297607422,18.019180297851562,0.009298451244831085,0.5110331177711487
NEG01083,0,success,E:\LandSlide-Prediction\data\terrain\patches\NEG01083.tif,E:\LandSlide-Prediction\data\terrain\contours\NEG01083.png,117.64263916015625,73.97213745117188,184.94654846191406,110.97441101074219,11.883068084716797,24.75008201599121,18.760009765625,-0.00044623948633670807,0.6067482233047485
NEG01084,0,success,E:\LandSlide-Prediction\data\terrain\patches\NEG01084.tif,E:\LandSlide-Prediction\data\terrain\contours\NEG01084.png,188.28929138183594,129.849365234375,289.6545104980469,159.80514526367188,14.767181396484375,35.24545669555664,24.284814834594727,0.04037720337510109,0.557322084903717
NEG01085,0,success,E:\LandSlide-Prediction\data\terrain\patches\NEG01085.tif,E:\LandSlide-Prediction\data\terrain\contours\NEG01085.png,1139.634033203125,1078.806640625,1227.855712890625,149.049072265625,14.554388046264648,33.482032775878906,23.38762664794922,0.0527418777346611,0.6662652492523193
NEG01086,0,success,E:\LandSlide-Prediction\data\terrain\patches\NEG01086.tif,E:\LandSlide-Prediction\data\terrain\contours\NEG01086.png,97.83415222167969,51.834503173828125,190.4385528564453,138.6040496826172,16.030611038208008,46.48126220703125,28.129226684570312,0.045090802013874054,0.8887830376625061
NEG01087,0,success,E:\LandSlide-Prediction\data\terrain\patches\NEG01087.tif,E:\LandSlide-Prediction\data\terrain\contours\NEG01087.png,256.17041015625,238.22926330566406,295.5839538574219,57.35469055175781,7.534576416015625,29.644193649291992,13.466560363769531,-0.02535490319132805,0.5082890391349792
NEG01088,0,success,E:\LandSlide-Prediction\data\terrain\patches\NEG01088.tif,E:\LandSlide-Prediction\data\terrain\contours\NEG01088.png,119.32892608642578,104.25736999511719,147.37823486328125,43.12086486816406,7.024021148681641,20.505416870117188,13.499585151672363,0.02381770685315132,0.3905069828033447
NEG01089,0,success,E:\LandSlide-Prediction\data\terrain\patches\NEG01089.tif,E:\LandSlide-Prediction\data\terrain\contours\NEG01089.png,582.6633911132812,467.4078369140625,634.9841918945312,167.57635498046875,17.260770797729492,38.04179000854492,28.87856674194336,0.00272381491959095,0.8705428838729858
NEG01090,0,success,E:\LandSlide-Prediction\data\terrain\patches\NEG01090.tif,E:\LandSlide-Prediction\data\terrain\contours\NEG01090.png,46.86936569213867,26.30919647216797,89.99007415771484,63.680877685546875,10.457752227783203,34.92863082885742,21.011465072631836,-0.018004214391112328,0.6658123731613159
NEG01091,0,success,E:\LandSlide-Prediction\data\terrain\patches\NEG01091.tif,E:\LandSlide-Prediction\data\terrain\contours\NEG01091.png,102.14020538330078,86.58185577392578,122.78401947021484,36.20216369628906,6.3093061447143555,17.81700897216797,12.415470123291016,-0.023073900490999222,0.35472115874290466
NEG01092,0,success,E:\LandSlide-Prediction\data\terrain\patches\NEG01092.tif,E:\LandSlide-Prediction\data\terrain\contours\NEG01092.png,1545.7005615234375,1401.5093994140625,1668.3759765625,266.8665771484375,25.36777114868164,48.632179260253906,36.88916778564453,0.03610292077064514,1.0373361110687256
NEG01093,0,success,E:\LandSlide-Prediction\data\terrain\patches\NEG01093.tif,E:\LandSlide-Prediction\data\terrain\contours\NEG01093.png,444.7332763671875,308.9883728027344,561.151123046875,252.16275024414062,19.879934310913086,35.87068557739258,28.236286163330078,0.08536574989557266,0.6968404650688171
NEG01094,0,success,E:\LandSlide-Prediction\data\terrain\patches\NEG01094.tif,E:\LandSlide-Prediction\data\terrain\contours\NEG01094.png,75.84648895263672,65.16029357910156,90.01756286621094,24.857269287109375,4.525132656097412,16.353055953979492,8.733404159545898,0.006457699462771416,0.31496796011924744
NEG01095,0,success,E:\LandSlide-Prediction\data\terrain\patches\NEG01095.tif,E:\LandSlide-Prediction\data\terrain\contours\NEG01095.png,113.94027709960938,91.57263946533203,138.19639587402344,46.623756408691406,6.883278846740723,18.84971809387207,11.433743476867676,0.015719978138804436,0.4374191462993622
NEG01096,0,success,E:\LandSlide-Prediction\data\terrain\patches\NEG01096.tif,E:\LandSlide-Prediction\data\terrain\contours\NEG01096.png,124.35301971435547,108.79289245605469,136.0395965576172,27.2467041015625,3.886019706726074,9.977514266967773,6.618955612182617,-0.01036105677485466,0.23671942949295044
NEG01097,0,success,E:\LandSlide-Prediction\data\terrain\patches\NEG01097.tif,E:\LandSlide-Prediction\data\terrain\contours\NEG01097.png,287.2259826660156,264.4305725097656,354.8648681640625,90.43429565429688,9.345802307128906,28.13182258605957,17.263309478759766,0.04534152150154114,0.5919238924980164
NEG01098,0,success,E:\LandSlide-Prediction\data\terrain\patches\NEG01098.tif,E:\LandSlide-Prediction\data\terrain\contours\NEG01098.png,46.22853469848633,23.771392822265625,104.7348403930664,80.96344757080078,9.067529678344727,27.113460540771484,17.186872482299805,0.017627371475100517,0.5603721141815186
NEG01099,0,success,E:\LandSlide-Prediction\data\terrain\patches\NEG01099.tif,E:\LandSlide-Prediction\data\terrain\contours\NEG01099.png,820.1126098632812,757.9778442382812,945.9679565429688,187.9901123046875,17.882457733154297,33.98052978515625,27.51983642578125,0.022125188261270523,0.8910660743713379
NEG01100,0,success,E:\LandSlide-Prediction\data\terrain\patches\NEG01100.tif,E:\LandSlide-Prediction\data\terrain\contours\NEG01100.png,76.48471069335938,17.71782112121582,145.597900390625,127.88008117675781,13.621194839477539,39.716712951660156,26.613399505615234,0.043307431042194366,0.6321520805358887
NEG01101,0,success,E:\LandSlide-Prediction\data\terrain\patches\NEG01101.tif,E:\LandSlide-Prediction\data\terrain\contours\NEG01101.png,1283.800048828125,1216.751953125,1384.755126953125,168.003173828125,13.749368667602539,33.27735900878906,21.589942932128906,0.04521449655294418,0.5662546157836914
NEG01102,0,success,E:\LandSlide-Prediction\data\terrain\patches\NEG01102.tif,E:\LandSlide-Prediction\data\terrain\contours\NEG01102.png,753.25146484375,665.2633056640625,814.1574096679688,148.89410400390625,12.799132347106934,30.384408950805664,20.596858978271484,-0.03362325206398964,0.6487200260162354
NEG01103,0,success,E:\LandSlide-Prediction\data\terrain\patches\NEG01103.tif,E:\LandSlide-Prediction\data\terrain\contours\NEG01103.png,104.84614562988281,28.046842575073242,182.49151611328125,154.44467163085938,14.35140609741211,28.830524444580078,22.29039764404297,-0.012328699231147766,0.6409185528755188
NEG01104,0,success,E:\LandSlide-Prediction\data\terrain\patches\NEG01104.tif,E:\LandSlide-Prediction\data\terrain\contours\NEG01104.png,496.09747314453125,458.06402587890625,571.7608032226562,113.69677734375,13.019938468933105,32.99532699584961,23.469011306762695,-0.04934172332286835,0.7680456638336182
NEG01105,0,success,E:\LandSlide-Prediction\data\terrain\patches\NEG01105.tif,E:\LandSlide-Prediction\data\terrain\contours\NEG01105.png,128.75775146484375,117.98457336425781,157.60528564453125,39.62071228027344,3.6125361919403076,18.113245010375977,7.000581741333008,-0.01581718400120735,0.2194512039422989
NEG01106,0,success,E:\LandSlide-Prediction\data\terrain\patches\NEG01106.tif,E:\LandSlide-Prediction\data\terrain\contours\NEG01106.png,564.2598266601562,520.5825805664062,622.5451049804688,101.9625244140625,16.82906723022461,30.73922348022461,25.11174774169922,0.007452085614204407,0.8410366177558899
NEG01107,0,success,E:\LandSlide-Prediction\data\terrain\patches\NEG01107.tif,E:\LandSlide-Prediction\data\terrain\contours\NEG01107.png,646.4244384765625,444.155517578125,822.8925170898438,378.73699951171875,29.632749557495117,52.7078857421875,40.92839813232422,-0.007726050913333893,1.1022274494171143
NEG01108,0,success,E:\LandSlide-Prediction\data\terrain\patches\NEG01108.tif,E:\LandSlide-Prediction\data\terrain\contours\NEG01108.png,471.3540344238281,449.6379699707031,504.0118408203125,54.373870849609375,5.767185211181641,17.614990234375,9.961212158203125,-0.012255357578396797,0.3494151830673218
NEG01109,0,success,E:\LandSlide-Prediction\data\terrain\patches\NEG01109.tif,E:\LandSlide-Prediction\data\terrain\contours\NEG01109.png,470.3376770019531,435.7397766113281,544.67626953125,108.93649291992188,7.744812965393066,27.859149932861328,13.576091766357422,-0.00185479037463665,0.49105432629585266
NEG01110,0,success,E:\LandSlide-Prediction\data\terrain\patches\NEG01110.tif,E:\LandSlide-Prediction\data\terrain\contours\NEG01110.png,171.01768493652344,102.52680206298828,276.5913391113281,174.06454467773438,18.816980361938477,40.058223724365234,28.608638763427734,0.03176651895046234,0.7049648761749268
NEG01111,0,success,E:\LandSlide-Prediction\data\terrain\patches\NEG01111.tif,E:\LandSlide-Prediction\data\terrain\contours\NEG01111.png,145.4327392578125,103.99423217773438,225.43719482421875,121.44296264648438,17.152576446533203,35.056297302246094,26.866413116455078,1.2814998626708984e-06,0.6026896834373474
NEG01112,0,success,E:\LandSlide-Prediction\data\terrain\patches\NEG01112.tif,E:\LandSlide-Prediction\data\terrain\contours\NEG01112.png,149.74368286132812,87.69309997558594,224.07740783691406,136.38430786132812,14.089794158935547,38.238712310791016,23.75033187866211,0.07565008848905563,0.7569952607154846
NEG01113,0,success,E:\LandSlide-Prediction\data\terrain\patches\NEG01113.tif,E:\LandSlide-Prediction\data\terrain\contours\NEG01113.png,67.14016723632812,52.0,113.41838836669922,61.41838836669922,9.370748519897461,26.998485565185547,18.783519744873047,0.002206830307841301,0.6824246048927307
NEG01114,0,success,E:\LandSlide-Prediction\data\terrain\patches\NEG01114.tif,E:\LandSlide-Prediction\data\terrain\contours\NEG01114.png,190.9707489013672,180.14402770996094,209.8658447265625,29.721817016601562,6.382201194763184,22.670623779296875,12.671318054199219,0.011362822726368904,0.4823050796985626
NEG01115,0,success,E:\LandSlide-Prediction\data\terrain\patches\NEG01115.tif,E:\LandSlide-Prediction\data\terrain\contours\NEG01115.png,127.13925170898438,96.84261322021484,187.38363647460938,90.54102325439453,11.495189666748047,29.98240089416504,23.820737838745117,-0.013036541640758514,0.5759750008583069
NEG01116,0,success,E:\LandSlide-Prediction\data\terrain\patches\NEG01116.tif,E:\LandSlide-Prediction\data\terrain\contours\NEG01116.png,539.6385498046875,395.2505187988281,698.998046875,303.7475280761719,23.012582778930664,35.028785705566406,30.2062931060791,0.07646522670984268,0.6439651250839233
NEG01117,0,success,E:\LandSlide-Prediction\data\terrain\patches\NEG01117.tif,E:\LandSlide-Prediction\data\terrain\contours\NEG01117.png,961.073974609375,864.7001342773438,1079.4727783203125,214.77264404296875,18.07883071899414,45.22669219970703,30.570293426513672,-0.004095032811164856,0.7576383948326111
NEG01118,0,success,E:\LandSlide-Prediction\data\terrain\patches\NEG01118.tif,E:\LandSlide-Prediction\data\terrain\contours\NEG01118.png,178.26397705078125,103.9351806640625,233.17018127441406,129.23500061035156,15.178146362304688,36.280147552490234,27.452442169189453,0.011472786776721478,0.7636318206787109
NEG01119,0,success,E:\LandSlide-Prediction\data\terrain\patches\NEG01119.tif,E:\LandSlide-Prediction\data\terrain\contours\NEG01119.png,1877.874267578125,1786.6744384765625,1919.4237060546875,132.749267578125,13.413002014160156,52.56732177734375,27.429813385009766,-0.08001093566417694,0.7517218589782715
NEG01120,0,success,E:\LandSlide-Prediction\data\terrain\patches\NEG01120.tif,E:\LandSlide-Prediction\data\terrain\contours\NEG01120.png,33.648773193359375,23.955110549926758,52.17184829711914,28.216737747192383,5.909664154052734,18.533348083496094,10.500293731689453,-0.006138236727565527,0.45590636134147644
NEG01121,0,success,E:\LandSlide-Prediction\data\terrain\patches\NEG01121.tif,E:\LandSlide-Prediction\data\terrain\contours\NEG01121.png,487.781494140625,387.930908203125,567.6515502929688,179.72064208984375,17.171783447265625,35.20710754394531,25.056751251220703,0.08258673548698425,0.7779854536056519
NEG01122,0,success,E:\LandSlide-Prediction\data\terrain\patches\NEG01122.tif,E:\LandSlide-Prediction\data\terrain\contours\NEG01122.png,112.66397094726562,81.3587875366211,189.35508728027344,107.99629974365234,15.630666732788086,32.390342712402344,25.903409957885742,0.030205996707081795,0.6745679974555969
NEG01123,0,success,E:\LandSlide-Prediction\data\terrain\patches\NEG01123.tif,E:\LandSlide-Prediction\data\terrain\contours\NEG01123.png,573.5545654296875,471.6976318359375,681.8272094726562,210.12957763671875,18.917205810546875,33.25425720214844,26.826210021972656,-0.0006479378789663315,0.6849705576896667
NEG01124,0,success,E:\LandSlide-Prediction\data\terrain\patches\NEG01124.tif,E:\LandSlide-Prediction\data\terrain\contours\NEG01124.png,1041.705078125,928.7146606445312,1155.040771484375,226.32611083984375,18.696502685546875,42.9493408203125,27.290674209594727,-0.053020767867565155,0.8730168342590332
NEG01125,0,success,E:\LandSlide-Prediction\data\terrain\patches\NEG01125.tif,E:\LandSlide-Prediction\data\terrain\contours\NEG01125.png,1214.6513671875,1096.1309814453125,1346.67578125,250.5447998046875,18.98935890197754,35.39890670776367,29.554115295410156,0.052563391625881195,0.8415108919143677
NEG01126,0,success,E:\LandSlide-Prediction\data\terrain\patches\NEG01126.tif,E:\LandSlide-Prediction\data\terrain\contours\NEG01126.png,227.91505432128906,207.58535766601562,253.01113891601562,45.42578125,7.723668575286865,25.551254272460938,12.849422454833984,0.0001517459750175476,0.555734395980835
NEG01127,0,success,E:\LandSlide-Prediction\data\terrain\patches\NEG01127.tif,E:\LandSlide-Prediction\data\terrain\contours\NEG01127.png,77.59182739257812,56.762115478515625,126.76016235351562,69.998046875,8.995071411132812,21.317644119262695,15.338872909545898,-0.007371137849986553,0.4604319930076599
NEG01128,0,success,E:\LandSlide-Prediction\data\terrain\patches\NEG01128.tif,E:\LandSlide-Prediction\data\terrain\contours\NEG01128.png,229.93585205078125,214.6863250732422,243.58187866210938,28.895553588867188,4.326398849487305,15.96343994140625,8.544332504272461,-0.012233950197696686,0.3764978051185608
NEG01129,0,success,E:\LandSlide-Prediction\data\terrain\patches\NEG01129.tif,E:\LandSlide-Prediction\data\terrain\contours\NEG01129.png,94.44628143310547,89.40081024169922,113.48085021972656,24.080039978027344,2.3719160556793213,20.380207061767578,5.122929573059082,0.018062524497509003,0.2342689335346222
NEG01130,0,success,E:\LandSlide-Prediction\data\terrain\patches\NEG01130.tif,E:\LandSlide-Prediction\data\terrain\contours\NEG01130.png,667.583740234375,594.4359741210938,780.2459716796875,185.80999755859375,15.853261947631836,37.581050872802734,27.443538665771484,0.07174180448055267,0.7204449772834778
NEG01131,0,success,E:\LandSlide-Prediction\data\terrain\patches\NEG01131.tif,E:\LandSlide-Prediction\data\terrain\contours\NEG01131.png,1851.4798583984375,1818.080810546875,1885.0491943359375,66.9683837890625,11.10310173034668,34.50387954711914,22.72766876220703,-0.01422816514968872,0.8092809319496155
NEG01132,0,success,E:\LandSlide-Prediction\data\terrain\patches\NEG01132.tif,E:\LandSlide-Prediction\data\terrain\contours\NEG01132.png,243.50509643554688,153.19602966308594,298.1451416015625,144.94911193847656,16.101573944091797,42.9693603515625,27.873851776123047,-0.030232999473810196,0.8873432278633118
NEG01133,0,success,E:\LandSlide-Prediction\data\terrain\patches\NEG01133.tif,E:\LandSlide-Prediction\data\terrain\contours\NEG01133.png,567.5819091796875,532.6848754882812,655.4193725585938,122.7344970703125,15.840231895446777,32.65969467163086,27.093109130859375,0.03068603202700615,0.6907132267951965
NEG01134,0,success,E:\LandSlide-Prediction\data\terrain\patches\NEG01134.tif,E:\LandSlide-Prediction\data\terrain\contours\NEG01134.png,155.10516357421875,141.1512908935547,173.65814208984375,32.50685119628906,4.593482971191406,16.90518569946289,7.809954643249512,-0.0015760036185383797,0.2966689169406891
NEG01135,0,success,E:\LandSlide-Prediction\data\terrain\patches\NEG01135.tif,E:\LandSlide-Prediction\data\terrain\contours\NEG01135.png,59.72944641113281,28.070554733276367,178.17086791992188,150.10031127929688,14.321800231933594,44.17780303955078,23.704261779785156,0.0009094458073377609,0.7600462436676025
NEG01136,0,success,E:\LandSlide-Prediction\data\terrain\patches\NEG01136.tif,E:\LandSlide-Prediction\data\terrain\contours\NEG01136.png,328.1562805175781,150.15982055664062,539.5479736328125,389.3881530761719,28.266494750976562,51.52115249633789,40.7628173828125,0.026080969721078873,1.0800005197525024
NEG01137,0,success,E:\LandSlide-Prediction\data\terrain\patches\NEG01137.tif,E:\LandSlide-Prediction\data\terrain\contours\NEG01137.png,149.37319946289062,138.7715301513672,202.7449951171875,63.97346496582031,7.012763023376465,33.4654541015625,20.213624954223633,-0.002901011146605015,0.5655893087387085
NEG01138,0,success,E:\LandSlide-Prediction\data\terrain\patches\NEG01138.tif,E:\LandSlide-Prediction\data\terrain\contours\NEG01138.png,164.90884399414062,159.08335876464844,172.82925415039062,13.745895385742188,1.5821053981781006,6.69568395614624,2.756345748901367,0.004871811717748642,0.1313246637582779
NEG01139,0,success,E:\LandSlide-Prediction\data\terrain\patches\NEG01139.tif,E:\LandSlide-Prediction\data\terrain\contours\NEG01139.png,96.45220947265625,95.2848892211914,101.50435638427734,6.2194671630859375,0.7559676766395569,6.63913106918335,2.4505529403686523,-0.00011941930279135704,0.10713452845811844
NEG01140,0,success,E:\LandSlide-Prediction\data\terrain\patches\NEG01140.tif,E:\LandSlide-Prediction\data\terrain\contours\NEG01140.png,1415.2767333984375,1307.1085205078125,1501.9617919921875,194.853271484375,20.329299926757812,45.67115783691406,32.979095458984375,0.003213055431842804,0.890727162361145
NEG01141,0,success,E:\LandSlide-Prediction\data\terrain\patches\NEG01141.tif,E:\LandSlide-Prediction\data\terrain\contours\NEG01141.png,579.9052734375,502.3978576660156,656.9644165039062,154.56655883789062,17.20990753173828,31.31536102294922,24.745792388916016,-0.01282145082950592,0.7985316514968872
NEG01142,0,success,E:\LandSlide-Prediction\data\terrain\patches\NEG01142.tif,E:\LandSlide-Prediction\data\terrain\contours\NEG01142.png,1974.556884765625,1904.2381591796875,2002.7410888671875,98.5029296875,12.51350212097168,49.59375,25.590795516967773,-0.08670459687709808,0.7356204986572266
NEG01143,0,success,E:\LandSlide-Prediction\data\terrain\patches\NEG01143.tif,E:\LandSlide-Prediction\data\terrain\contours\NEG01143.png,456.7840576171875,353.6844177246094,532.8959350585938,179.21151733398438,18.7222843170166,45.19713592529297,28.509765625,-0.06531179696321487,0.6810494661331177
NEG01144,0,success,E:\LandSlide-Prediction\data\terrain\patches\NEG01144.tif,E:\LandSlide-Prediction\data\terrain\contours\NEG01144.png,318.7935485839844,177.7037811279297,558.0348510742188,380.3310546875,27.982952117919922,47.0377197265625,41.566219329833984,-0.009516207501292229,0.623023271560669
NEG01145,0,success,E:\LandSlide-Prediction\data\terrain\patches\NEG01145.tif,E:\LandSlide-Prediction\data\terrain\contours\NEG01145.png,216.60025024414062,131.7769775390625,260.79339599609375,129.01641845703125,13.972684860229492,38.90255355834961,22.235149383544922,-0.027015037834644318,0.683185338973999
NEG01146,0,success,E:\LandSlide-Prediction\data\terrain\patches\NEG01146.tif,E:\LandSlide-Prediction\data\terrain\contours\NEG01146.png,660.1360473632812,445.64385986328125,778.602294921875,332.95843505859375,27.371082305908203,46.65504837036133,37.63188934326172,-0.04207681119441986,1.02835214138031
NEG01147,0,success,E:\LandSlide-Prediction\data\terrain\patches\NEG01147.tif,E:\LandSlide-Prediction\data\terrain\contours\NEG01147.png,253.10269165039062,215.8190460205078,292.278564453125,76.45951843261719,11.288763046264648,30.402034759521484,20.459125518798828,0.019447289407253265,0.6335551142692566
NEG01148,0,success,E:\LandSlide-Prediction\data\terrain\patches\NEG01148.tif,E:\LandSlide-Prediction\data\terrain\contours\NEG01148.png,77.56709289550781,58.52537155151367,103.57118225097656,45.04581069946289,9.752649307250977,30.744285583496094,17.62639617919922,-0.0005067875608801842,0.7010455131530762
NEG01149,0,success,E:\LandSlide-Prediction\data\terrain\patches\NEG01149.tif,E:\LandSlide-Prediction\data\terrain\contours\NEG01149.png,12.549053192138672,2.207767963409424,36.16719055175781,33.95942306518555,5.768990516662598,19.922285079956055,12.905835151672363,0.018032921478152275,0.3990780711174011
NEG01150,0,success,E:\LandSlide-Prediction\data\terrain\patches\NEG01150.tif,E:\LandSlide-Prediction\data\terrain\contours\NEG01150.png,35.98581314086914,19.115333557128906,102.28986358642578,83.17453002929688,9.082220077514648,34.65897750854492,20.069433212280273,0.03217383474111557,0.6189174056053162
NEG01151,0,success,E:\LandSlide-Prediction\data\terrain\patches\NEG01151.tif,E:\LandSlide-Prediction\data\terrain\contours\NEG01151.png,109.48236083984375,98.66932678222656,119.52847290039062,20.859146118164062,3.703251838684082,10.235305786132812,6.816193580627441,-0.0058997380547225475,0.24877198040485382
NEG01152,0,success,E:\LandSlide-Prediction\data\terrain\patches\NEG01152.tif,E:\LandSlide-Prediction\data\terrain\contours\NEG01152.png,912.2509765625,834.1708984375,987.8465576171875,153.6756591796875,16.850439071655273,36.39082717895508,24.952547073364258,-0.032649096101522446,0.6858776807785034
NEG01153,0,success,E:\LandSlide-Prediction\data\terrain\patches\NEG01153.tif,E:\LandSlide-Prediction\data\terrain\contours\NEG01153.png,791.51171875,724.2164916992188,850.8822631835938,126.665771484375,18.3226318359375,37.090030670166016,27.783954620361328,-0.009958736598491669,0.894986629486084
NEG01154,0,success,E:\LandSlide-Prediction\data\terrain\patches\NEG01154.tif,E:\LandSlide-Prediction\data\terrain\contours\NEG01154.png,1738.8360595703125,1702.843505859375,1829.476318359375,126.6328125,11.531087875366211,26.774221420288086,19.04106903076172,0.0196416974067688,0.4451053738594055
NEG01155,0,success,E:\LandSlide-Prediction\data\terrain\patches\NEG01155.tif,E:\LandSlide-Prediction\data\terrain\contours\NEG01155.png,1392.267822265625,1342.265869140625,1436.2037353515625,93.9378662109375,12.181367874145508,28.198999404907227,21.142356872558594,0.011013142764568329,0.7962945699691772
NEG01156,0,success,E:\LandSlide-Prediction\data\terrain\patches\NEG01156.tif,E:\LandSlide-Prediction\data\terrain\contours\NEG01156.png,1113.321533203125,993.2559204101562,1253.55859375,260.30267333984375,20.414947509765625,33.19310760498047,26.761089324951172,0.04477980360388756,0.6295361518859863
NEG01157,0,success,E:\LandSlide-Prediction\data\terrain\patches\NEG01157.tif,E:\LandSlide-Prediction\data\terrain\contours\NEG01157.png,936.11669921875,847.9435424804688,1028.707275390625,180.76373291015625,19.72633171081543,41.880104064941406,29.293962478637695,0.013803228735923767,0.9756446480751038
NEG01158,0,success,E:\LandSlide-Prediction\data\terrain\patches\NEG01158.tif,E:\LandSlide-Prediction\data\terrain\contours\NEG01158.png,1858.56640625,1818.6810302734375,1883.2978515625,64.6168212890625,7.436327934265137,24.40673828125,13.074981689453125,0.026012472808361053,0.45798349380493164
NEG01159,0,success,E:\LandSlide-Prediction\data\terrain\patches\NEG01159.tif,E:\LandSlide-Prediction\data\terrain\contours\NEG01159.png,1524.364501953125,1414.41943359375,1673.88037109375,259.4609375,21.460309982299805,46.77071762084961,31.436756134033203,-0.05066879838705063,0.8959224820137024
NEG01160,0,success,E:\LandSlide-Prediction\data\terrain\patches\NEG01160.tif,E:\LandSlide-Prediction\data\terrain\contours\NEG01160.png,136.71737670898438,108.92400360107422,241.2779998779297,132.35400390625,10.055068969726562,39.12139129638672,25.489551544189453,-0.041726093739271164,0.5353136658668518
NEG01161,0,success,E:\LandSlide-Prediction\data\terrain\patches\NEG01161.tif,E:\LandSlide-Prediction\data\terrain\contours\NEG01161.png,191.11903381347656,110.45306396484375,338.4310607910156,227.97799682617188,16.366107940673828,29.836463928222656,25.375322341918945,-0.0140463225543499,0.5435813665390015
NEG01162,0,success,E:\LandSlide-Prediction\data\terrain\patches\NEG01162.tif,E:\LandSlide-Prediction\data\terrain\contours\NEG01162.png,1120.52197265625,1077.08935546875,1184.499755859375,107.410400390625,12.077180862426758,28.694377899169922,20.87917709350586,-0.04255002737045288,0.6789962649345398
NEG01163,0,success,E:\LandSlide-Prediction\data\terrain\patches\NEG01163.tif,E:\LandSlide-Prediction\data\terrain\contours\NEG01163.png,229.294677734375,180.9525604248047,286.9003601074219,105.94779968261719,11.605279922485352,29.574464797973633,20.64143943786621,-0.033509064465761185,0.6246680021286011
NEG01164,0,success,E:\LandSlide-Prediction\data\terrain\patches\NEG01164.tif,E:\LandSlide-Prediction\data\terrain\contours\NEG01164.png,90.96745300292969,67.41962432861328,127.02021026611328,59.6005859375,7.229995250701904,25.408340454101562,12.99744987487793,-0.002170708030462265,0.534588634967804
NEG01165,0,success,E:\LandSlide-Prediction\data\terrain\patches\NEG01165.tif,E:\LandSlide-Prediction\data\terrain\contours\NEG01165.png,143.90097045898438,127.51080322265625,163.17404174804688,35.663238525390625,5.227083206176758,19.755474090576172,9.380075454711914,-0.004942803643643856,0.32067200541496277
NEG01166,0,success,E:\LandSlide-Prediction\data\terrain\patches\NEG01166.tif,E:\LandSlide-Prediction\data\terrain\contours\NEG01166.png,809.251220703125,705.0552368164062,976.5661010742188,271.5108642578125,25.904705047607422,47.4067268371582,34.688133239746094,0.05052490532398224,0.9984742999076843
NEG01167,0,success,E:\LandSlide-Prediction\data\terrain\patches\NEG01167.tif,E:\LandSlide-Prediction\data\terrain\contours\NEG01167.png,205.41073608398438,53.347721099853516,302.79541015625,249.44769287109375,25.71206283569336,79.99227142333984,65.89420318603516,-0.015614796429872513,7.224452495574951
NEG01168,0,success,E:\LandSlide-Prediction\data\terrain\patches\NEG01168.tif,E:\LandSlide-Prediction\data\terrain\contours\NEG01168.png,1060.626953125,976.5081176757812,1170.25341796875,193.74530029296875,16.603199005126953,45.43754577636719,28.122371673583984,-0.013592477887868881,0.9220221042633057
NEG01169,0,success,E:\LandSlide-Prediction\data\terrain\patches\NEG01169.tif,E:\LandSlide-Prediction\data\terrain\contours\NEG01169.png,531.651123046875,363.7744140625,689.2716064453125,325.4971923828125,25.537639617919922,54.496646881103516,37.607215881347656,0.10066119581460953,1.0753540992736816
NEG01170,0,success,E:\LandSlide-Prediction\data\terrain\patches\NEG01170.tif,E:\LandSlide-Prediction\data\terrain\contours\NEG01170.png,90.78396606445312,57.02006530761719,191.28065490722656,134.26058959960938,14.204830169677734,32.833526611328125,24.858081817626953,0.017808716744184494,0.538902223110199
NEG01171,0,success,E:\LandSlide-Prediction\data\terrain\patches\NEG01171.tif,E:\LandSlide-Prediction\data\terrain\contours\NEG01171.png,314.84564208984375,235.0369110107422,559.1835327148438,324.1466064453125,19.735881805419922,45.483734130859375,35.012939453125,-0.012405801564455032,0.5904362797737122
NEG01172,0,success,E:\LandSlide-Prediction\data\terrain\patches\NEG01172.tif,E:\LandSlide-Prediction\data\terrain\contours\NEG01172.png,368.75445556640625,342.9989929199219,420.6579284667969,77.658935546875,8.079736709594727,27.148433685302734,16.434913635253906,0.017423907294869423,0.47693300247192383
NEG01173,0,success,E:\LandSlide-Prediction\data\terrain\patches\NEG01173.tif,E:\LandSlide-Prediction\data\terrain\contours\NEG01173.png,139.01815795898438,123.49330139160156,160.8568572998047,37.363555908203125,4.553327560424805,17.424549102783203,8.4224271774292,0.002957684453576803,0.3218522071838379
NEG01174,0,success,E:\LandSlide-Prediction\data\terrain\patches\NEG01174.tif,E:\LandSlide-Prediction\data\terrain\contours\NEG01174.png,170.43885803222656,112.91844177246094,218.1416778564453,105.22323608398438,14.695030212402344,35.422000885009766,24.025875091552734,0.0005558021366596222,0.7286627888679504
NEG01175,0,success,E:\LandSlide-Prediction\data\terrain\patches\NEG01175.tif,E:\LandSlide-Prediction\data\terrain\contours\NEG01175.png,196.3919677734375,125.30670928955078,287.9228820800781,162.61618041992188,18.522674560546875,34.7462158203125,28.772281646728516,-0.0442771315574646,0.6869148015975952
NEG01176,0,success,E:\LandSlide-Prediction\data\terrain\patches\NEG01176.tif,E:\LandSlide-Prediction\data\terrain\contours\NEG01176.png,345.5493469238281,299.7344055175781,401.01690673828125,101.28250122070312,12.617494583129883,28.821317672729492,20.723539352416992,-0.027583960443735123,0.5872481465339661
NEG01177,0,success,E:\LandSlide-Prediction\data\terrain\patches\NEG01177.tif,E:\LandSlide-Prediction\data\terrain\contours\NEG01177.png,547.2399291992188,455.83966064453125,699.3729248046875,243.53326416015625,22.12520980834961,44.96773147583008,32.950538635253906,-0.01786108687520027,0.7693234086036682
NEG01178,0,success,E:\LandSlide-Prediction\data\terrain\patches\NEG01178.tif,E:\LandSlide-Prediction\data\terrain\contours\NEG01178.png,235.50839233398438,166.1809844970703,307.7035217285156,141.5225372314453,18.3729190826416,40.60197448730469,28.27776336669922,-0.009464617818593979,0.9298999905586243
NEG01179,0,success,E:\LandSlide-Prediction\data\terrain\patches\NEG01179.tif,E:\LandSlide-Prediction\data\terrain\contours\NEG01179.png,2225.75244140625,2066.8388671875,2355.01171875,288.1728515625,23.445188522338867,42.76896286010742,35.55944061279297,-0.035461828112602234,0.792705237865448
NEG01180,0,success,E:\LandSlide-Prediction\data\terrain\patches\NEG01180.tif,E:\LandSlide-Prediction\data\terrain\contours\NEG01180.png,500.64776611328125,455.5690612792969,575.5753173828125,120.00625610351562,12.707271575927734,29.815710067749023,23.534343719482422,-0.035199470818042755,0.5519694089889526
NEG01181,0,success,E:\LandSlide-Prediction\data\terrain\patches\NEG01181.tif,E:\LandSlide-Prediction\data\terrain\contours\NEG01181.png,138.6002197265625,85.45228576660156,210.2722930908203,124.82000732421875,15.831805229187012,34.829200744628906,25.708526611328125,0.029276130720973015,0.6798983216285706
NEG01182,0,success,E:\LandSlide-Prediction\data\terrain\patches\NEG01182.tif,E:\LandSlide-Prediction\data\terrain\contours\NEG01182.png,242.1649169921875,219.17376708984375,278.5055847167969,59.331817626953125,10.90517807006836,30.683582305908203,18.86547088623047,0.013599039986729622,0.772321343421936
NEG01183,0,success,E:\LandSlide-Prediction\data\terrain\patches\NEG01183.tif,E:\LandSlide-Prediction\data\terrain\contours\NEG01183.png,471.87078857421875,361.5072326660156,692.7169189453125,331.2096862792969,20.84521484375,40.241416931152344,33.484344482421875,0.017695890739560127,0.6859684586524963
NEG01184,0,success,E:\LandSlide-Prediction\data\terrain\patches\NEG01184.tif,E:\LandSlide-Prediction\data\terrain\contours\NEG01184.png,467.958984375,452.8371276855469,495.9068298339844,43.0697021484375,8.58505630493164,21.83342170715332,14.376880645751953,0.03126539662480354,0.595560610294342
NEG01185,0,success,E:\LandSlide-Prediction\data\terrain\patches\NEG01185.tif,E:\LandSlide-Prediction\data\terrain\contours\NEG01185.png,133.62271118164062,112.0,177.7961883544922,65.79618835449219,6.916373252868652,24.469730377197266,14.185611724853516,0.003697541542351246,0.4612554907798767
NEG01186,0,success,E:\LandSlide-Prediction\data\terrain\patches\NEG01186.tif,E:\LandSlide-Prediction\data\terrain\contours\NEG01186.png,84.23762512207031,72.5,96.45175170898438,23.951751708984375,4.570623397827148,16.303667068481445,10.994186401367188,0.004261460155248642,0.3061992824077606
NEG01187,0,success,E:\LandSlide-Prediction\data\terrain\patches\NEG01187.tif,E:\LandSlide-Prediction\data\terrain\contours\NEG01187.png,1232.67529296875,1192.7174072265625,1284.417724609375,91.7003173828125,10.345233917236328,28.361303329467773,16.924285888671875,0.014155499637126923,0.5750013589859009
NEG01188,0,success,E:\LandSlide-Prediction\data\terrain\patches\NEG01188.tif,E:\LandSlide-Prediction\data\terrain\contours\NEG01188.png,254.37039184570312,223.84207153320312,315.7235107421875,91.88143920898438,12.472112655639648,28.423341751098633,20.709049224853516,0.008689138107001781,0.7727270722389221
NEG01189,0,success,E:\LandSlide-Prediction\data\terrain\patches\NEG01189.tif,E:\LandSlide-Prediction\data\terrain\contours\NEG01189.png,119.85210418701172,110.94171905517578,126.73818969726562,15.796470642089844,3.1852424144744873,11.615485191345215,5.436121940612793,-0.0015480541624128819,0.30788862705230713
NEG01190,0,success,E:\LandSlide-Prediction\data\terrain\patches\NEG01190.tif,E:\LandSlide-Prediction\data\terrain\contours\NEG01190.png,53.606468200683594,32.13397979736328,145.84783935546875,113.71385955810547,10.69043254852295,38.966426849365234,22.254653930664062,0.019204147160053253,0.6654289364814758
NEG01191,0,success,E:\LandSlide-Prediction\data\terrain\patches\NEG01191.tif,E:\LandSlide-Prediction\data\terrain\contours\NEG01191.png,83.6198959350586,80.79804992675781,89.6956787109375,8.897628784179688,1.896440029144287,9.643477439880371,4.085731506347656,0.008736676536500454,0.1978706419467926
NEG01192,0,success,E:\LandSlide-Prediction\data\terrain\patches\NEG01192.tif,E:\LandSlide-Prediction\data\terrain\contours\NEG01192.png,115.69912719726562,107.3936538696289,142.7633819580078,35.369728088378906,3.573317050933838,25.89568328857422,6.672677993774414,0.01169809140264988,0.30207857489585876
NEG01193,0,success,E:\LandSlide-Prediction\data\terrain\patches\NEG01193.tif,E:\LandSlide-Prediction\data\terrain\contours\NEG01193.png,937.154541015625,667.4796752929688,1098.014404296875,430.53472900390625,33.30413818359375,56.57303237915039,48.30238723754883,-0.037009645253419876,1.2720004320144653
NEG01194,0,success,E:\LandSlide-Prediction\data\terrain\patches\NEG01194.tif,E:\LandSlide-Prediction\data\terrain\contours\NEG01194.png,272.39764404296875,240.0673370361328,327.784912109375,87.71757507324219,10.525796890258789,24.370586395263672,17.780929565429688,-0.022444788366556168,0.6700479984283447
NEG01195,0,success,E:\LandSlide-Prediction\data\terrain\patches\NEG01195.tif,E:\LandSlide-Prediction\data\terrain\contours\NEG01195.png,1168.406982421875,973.51904296875,1378.324951171875,404.805908203125,31.02484893798828,49.130279541015625,38.768592834472656,-0.034682825207710266,1.0634514093399048
NEG01196,0,success,E:\LandSlide-Prediction\data\terrain\patches\NEG01196.tif,E:\LandSlide-Prediction\data\terrain\contours\NEG01196.png,54.610984802246094,23.92102813720703,129.65585327148438,105.73482513427734,12.138057708740234,31.45252799987793,23.629150390625,-0.029637925326824188,0.5182273983955383
NEG01197,0,success,E:\LandSlide-Prediction\data\terrain\patches\NEG01197.tif,E:\LandSlide-Prediction\data\terrain\contours\NEG01197.png,765.1260375976562,632.4820556640625,889.4580078125,256.9759521484375,24.950477600097656,47.850250244140625,35.695613861083984,-0.05576495826244354,0.9140439033508301
NEG01198,0,success,E:\LandSlide-Prediction\data\terrain\patches\NEG01198.tif,E:\LandSlide-Prediction\data\terrain\contours\NEG01198.png,177.87939453125,127.00717163085938,222.6259765625,95.61880493164062,13.246635437011719,33.77362060546875,22.00137710571289,0.025521613657474518,0.9423172473907471
NEG01199,0,success,E:\LandSlide-Prediction\data\terrain\patches\NEG01199.tif,E:\LandSlide-Prediction\data\terrain\contours\NEG01199.png,421.2127990722656,391.7422180175781,454.92254638671875,63.180328369140625,8.443232536315918,22.419424057006836,15.637822151184082,0.004479076713323593,0.42555078864097595
NEG01200,0,success,E:\LandSlide-Prediction\data\terrain\patches\NEG01200.tif,E:\LandSlide-Prediction\data\terrain\contours\NEG01200.png,496.36187744140625,449.4490051269531,608.4404296875,158.99142456054688,17.389556884765625,39.07184600830078,29.687618255615234,0.04337336868047714,0.9705303311347961
NEG01201,0,success,E:\LandSlide-Prediction\data\terrain\patches\NEG01201.tif,E:\LandSlide-Prediction\data\terrain\contours\NEG01201.png,1452.987060546875,1399.74755859375,1511.3714599609375,111.6239013671875,14.741535186767578,33.214759826660156,23.024410247802734,0.018914811313152313,0.7951914072036743
NEG01202,0,success,E:\LandSlide-Prediction\data\terrain\patches\NEG01202.tif,E:\LandSlide-Prediction\data\terrain\contours\NEG01202.png,176.62005615234375,154.04005432128906,234.17909240722656,80.1390380859375,8.936683654785156,25.089021682739258,18.061840057373047,0.01795487105846405,0.4164060950279236
NEG01203,0,success,E:\LandSlide-Prediction\data\terrain\patches\NEG01203.tif,E:\LandSlide-Prediction\data\terrain\contours\NEG01203.png,61.65369415283203,20.52358627319336,105.9519271850586,85.4283447265625,14.378171920776367,27.80474090576172,22.27804946899414,0.04732409119606018,0.5847939252853394
NEG01204,0,success,E:\LandSlide-Prediction\data\terrain\patches\NEG01204.tif,E:\LandSlide-Prediction\data\terrain\contours\NEG01204.png,1957.8729248046875,1918.7327880859375,2015.234619140625,96.5018310546875,11.295170783996582,30.75763702392578,17.876874923706055,-0.014830708503723145,0.7441660761833191
NEG01205,0,success,E:\LandSlide-Prediction\data\terrain\patches\NEG01205.tif,E:\LandSlide-Prediction\data\terrain\contours\NEG01205.png,218.92919921875,181.08326721191406,265.6755676269531,84.59230041503906,12.7845458984375,29.856441497802734,20.445575714111328,-0.03321123868227005,0.7979623675346375
NEG01206,0,success,E:\LandSlide-Prediction\data\terrain\patches\NEG01206.tif,E:\LandSlide-Prediction\data\terrain\contours\NEG01206.png,790.4425659179688,671.51025390625,907.9434204101562,236.43316650390625,20.154937744140625,36.890079498291016,27.984067916870117,0.09191223978996277,0.8085948824882507
NEG01207,0,success,E:\LandSlide-Prediction\data\terrain\patches\NEG01207.tif,E:\LandSlide-Prediction\data\terrain\contours\NEG01207.png,1264.9676513671875,1113.4949951171875,1495.2406005859375,381.74560546875,27.067604064941406,62.152565002441406,52.91645050048828,0.012732043862342834,1.0743522644042969
NEG01208,0,success,E:\LandSlide-Prediction\data\terrain\patches\NEG01208.tif,E:\LandSlide-Prediction\data\terrain\contours\NEG01208.png,410.5093994140625,303.129638671875,500.4332275390625,197.3035888671875,21.077106475830078,37.50621032714844,29.284122467041016,0.021051082760095596,0.8638192415237427
NEG01209,0,success,E:\LandSlide-Prediction\data\terrain\patches\NEG01209.tif,E:\LandSlide-Prediction\data\terrain\contours\NEG01209.png,234.35589599609375,194.51759338378906,265.2074890136719,70.68989562988281,7.789512634277344,21.891693115234375,13.189208984375,0.0011637192219495773,0.4869115948677063
NEG01210,0,success,E:\LandSlide-Prediction\data\terrain\patches\NEG01210.tif,E:\LandSlide-Prediction\data\terrain\contours\NEG01210.png,145.7154541015625,121.43283081054688,195.37843322753906,73.94560241699219,10.630500793457031,23.68058967590332,18.426239013671875,-0.029279332607984543,0.5635606050491333
NEG01211,0,success,E:\LandSlide-Prediction\data\terrain\patches\NEG01211.tif,E:\LandSlide-Prediction\data\terrain\contours\NEG01211.png,338.4039306640625,265.0019836425781,401.4201354980469,136.41815185546875,16.070274353027344,38.560279846191406,27.07807159423828,-0.06610234081745148,0.7304975390434265
NEG01212,0,success,E:\LandSlide-Prediction\data\terrain\patches\NEG01212.tif,E:\LandSlide-Prediction\data\terrain\contours\NEG01212.png,40.882232666015625,25.311399459838867,74.64793395996094,49.33653259277344,7.128306865692139,21.69098663330078,13.730972290039062,0.04392567276954651,0.4568724036216736
NEG01213,0,success,E:\LandSlide-Prediction\data\terrain\patches\NEG01213.tif,E:\LandSlide-Prediction\data\terrain\contours\NEG01213.png,224.30612182617188,193.98167419433594,297.4412536621094,103.45957946777344,12.1312255859375,31.615175247192383,20.983657836914062,0.0378507524728775,0.6253381371498108
NEG01214,0,success,E:\LandSlide-Prediction\data\terrain\patches\NEG01214.tif,E:\LandSlide-Prediction\data\terrain\contours\NEG01214.png,357.05181884765625,190.60426330566406,588.3013305664062,397.69708251953125,28.512676239013672,53.54121398925781,39.7696418762207,0.037459149956703186,0.8754580616950989
NEG01215,0,success,E:\LandSlide-Prediction\data\terrain\patches\NEG01215.tif,E:\LandSlide-Prediction\data\terrain\contours\NEG01215.png,1055.868896484375,1006.6903686523438,1133.726318359375,127.03594970703125,13.124228477478027,31.72575569152832,23.394489288330078,0.01510079950094223,0.7037340998649597
NEG01216,0,success,E:\LandSlide-Prediction\data\terrain\patches\NEG01216.tif,E:\LandSlide-Prediction\data\terrain\contours\NEG01216.png,113.95726013183594,104.69510650634766,127.1004638671875,22.405357360839844,3.3514857292175293,9.33739185333252,6.196362495422363,0.011649329215288162,0.24944068491458893
NEG01217,0,success,E:\LandSlide-Prediction\data\terrain\patches\NEG01217.tif,E:\LandSlide-Prediction\data\terrain\contours\NEG01217.png,45.64509963989258,25.358736038208008,59.76813507080078,34.409400939941406,5.0559234619140625,18.50347900390625,9.464679718017578,-0.0008337537292391062,0.34535807371139526
NEG01218,0,success,E:\LandSlide-Prediction\data\terrain\patches\NEG01218.tif,E:\LandSlide-Prediction\data\terrain\contours\NEG01218.png,283.865966796875,257.9397888183594,322.7814636230469,64.8416748046875,8.826610565185547,21.266679763793945,14.91314697265625,-0.009791646152734756,0.5538088083267212
NEG01219,0,success,E:\LandSlide-Prediction\data\terrain\patches\NEG01219.tif,E:\LandSlide-Prediction\data\terrain\contours\NEG01219.png,533.9367065429688,510.65838623046875,582.8389282226562,72.1805419921875,9.960709571838379,27.306034088134766,17.224567413330078,0.010040283203125,0.755730390548706
NEG01220,0,success,E:\LandSlide-Prediction\data\terrain\patches\NEG01220.tif,E:\LandSlide-Prediction\data\terrain\contours\NEG01220.png,1387.73828125,1351.2984619140625,1415.03173828125,63.7332763671875,11.1845121383667,28.824769973754883,19.521699905395508,-0.01333056390285492,0.642065703868866
NEG01221,0,success,E:\LandSlide-Prediction\data\terrain\patches\NEG01221.tif,E:\LandSlide-Prediction\data\terrain\contours\NEG01221.png,578.1806640625,438.5321960449219,800.26904296875,361.7368469238281,28.83260154724121,53.451133728027344,40.14009475708008,-0.10016630589962006,1.0772262811660767
NEG01222,0,success,E:\LandSlide-Prediction\data\terrain\patches\NEG01222.tif,E:\LandSlide-Prediction\data\terrain\contours\NEG01222.png,186.12948608398438,100.16654968261719,245.01100158691406,144.84445190429688,13.624330520629883,28.614473342895508,21.482376098632812,-0.05337030440568924,0.546693742275238
NEG01223,0,success,E:\LandSlide-Prediction\data\terrain\patches\NEG01223.tif,E:\LandSlide-Prediction\data\terrain\contours\NEG01223.png,432.6258239746094,285.97247314453125,545.9696655273438,259.9971923828125,19.097240447998047,33.64970779418945,28.579540252685547,-0.00611085444688797,0.5888703465461731
NEG01224,0,success,E:\LandSlide-Prediction\data\terrain\patches\NEG01224.tif,E:\LandSlide-Prediction\data\terrain\contours\NEG01224.png,365.5791320800781,334.43951416015625,450.710693359375,116.27117919921875,11.321907043457031,31.384687423706055,19.86102867126465,0.0147735346108675,0.668107807636261
NEG01225,0,success,E:\LandSlide-Prediction\data\terrain\patches\NEG01225.tif,E:\LandSlide-Prediction\data\terrain\contours\NEG01225.png,162.6748504638672,158.5,172.95166015625,14.45166015625,2.280428886413574,10.655384063720703,5.043075084686279,0.006014247424900532,0.23155519366264343
NEG01226,0,success,E:\LandSlide-Prediction\data\terrain\patches\NEG01226.tif,E:\LandSlide-Prediction\data\terrain\contours\NEG01226.png,310.4299011230469,267.859130859375,420.3330383300781,152.47390747070312,10.781725883483887,31.376815795898438,21.695053100585938,-0.029719457030296326,0.5805377960205078
NEG01227,0,success,E:\LandSlide-Prediction\data\terrain\patches\NEG01227.tif,E:\LandSlide-Prediction\data\terrain\contours\NEG01227.png,190.6282958984375,154.50953674316406,253.7932586669922,99.28372192382812,9.47321891784668,28.505014419555664,17.85481071472168,-0.026302028447389603,0.5716894268989563
NEG01228,0,success,E:\LandSlide-Prediction\data\terrain\patches\NEG01228.tif,E:\LandSlide-Prediction\data\terrain\contours\NEG01228.png,84.51029968261719,59.9378662109375,130.1806640625,70.2427978515625,9.487846374511719,25.46705436706543,17.931529998779297,-0.004592405632138252,0.4816226065158844
NEG01229,0,success,E:\LandSlide-Prediction\data\terrain\patches\NEG01229.tif,E:\LandSlide-Prediction\data\terrain\contours\NEG01229.png,1359.70751953125,1338.66259765625,1411.1734619140625,72.5108642578125,10.888106346130371,24.30081558227539,18.351837158203125,-0.016297094523906708,0.6851127743721008
NEG01230,0,success,E:\LandSlide-Prediction\data\terrain\patches\NEG01230.tif,E:\LandSlide-Prediction\data\terrain\contours\NEG01230.png,19.05211639404297,2.4092047214508057,34.90184020996094,32.49263381958008,8.564027786254883,22.418624877929688,14.961095809936523,0.0008711046539247036,0.6318264007568359
NEG01231,0,success,E:\LandSlide-Prediction\data\terrain\patches\NEG01231.tif,E:\LandSlide-Prediction\data\terrain\contours\NEG01231.png,945.1775512695312,850.2163696289062,1055.461669921875,205.24530029296875,17.9967041015625,30.298431396484375,24.530033111572266,0.015697479248046875,0.7520879507064819
NEG01232,0,success,E:\LandSlide-Prediction\data\terrain\patches\NEG01232.tif,E:\LandSlide-Prediction\data\terrain\contours\NEG01232.png,113.93663024902344,104.8608169555664,122.85802459716797,17.997207641601562,2.0765345096588135,6.954494476318359,3.65254545211792,0.003420202061533928,0.15719005465507507
NEG01233,0,success,E:\LandSlide-Prediction\data\terrain\patches\NEG01233.tif,E:\LandSlide-Prediction\data\terrain\contours\NEG01233.png,53.55528259277344,30.25502586364746,91.73141479492188,61.47638702392578,9.626808166503906,28.31317901611328,17.384624481201172,0.010489190928637981,0.7555614113807678
NEG01234,0,success,E:\LandSlide-Prediction\data\terrain\patches\NEG01234.tif,E:\LandSlide-Prediction\data\terrain\contours\NEG01234.png,100.794189453125,95.0788345336914,112.89952850341797,17.820693969726562,2.9433393478393555,12.322760581970215,5.565540790557861,0.007263814564794302,0.2791716158390045
NEG01235,0,success,E:\LandSlide-Prediction\data\terrain\patches\NEG01235.tif,E:\LandSlide-Prediction\data\terrain\contours\NEG01235.png,1203.7423095703125,1074.7911376953125,1353.8009033203125,279.009765625,24.078521728515625,44.05889129638672,36.098690032958984,0.035997532308101654,0.8308608531951904
NEG01236,0,success,E:\LandSlide-Prediction\data\terrain\patches\NEG01236.tif,E:\LandSlide-Prediction\data\terrain\contours\NEG01236.png,33.85802459716797,17.878173828125,65.5716323852539,47.693458557128906,7.342768669128418,26.056570053100586,13.737796783447266,0.018177930265665054,0.4319843649864197
NEG01237,0,success,E:\LandSlide-Prediction\data\terrain\patches\NEG01237.tif,E:\LandSlide-Prediction\data\terrain\contours\NEG01237.png,81.7772445678711,78.77046966552734,93.73760223388672,14.967132568359375,1.5856266021728516,8.954081535339355,3.3816866874694824,0.0018115121638402343,0.10780253261327744
NEG01238,0,success,E:\LandSlide-Prediction\data\terrain\patches\NEG01238.tif,E:\LandSlide-Prediction\data\terrain\contours\NEG01238.png,1414.7994384765625,1345.7039794921875,1469.30126953125,123.5972900390625,12.167756080627441,31.730512619018555,20.28537368774414,-0.0008798688650131226,0.5628789067268372
NEG01239,0,success,E:\LandSlide-Prediction\data\terrain\patches\NEG01239.tif,E:\LandSlide-Prediction\data\terrain\contours\NEG01239.png,640.1021728515625,589.0885009765625,699.28466796875,110.1961669921875,13.806089401245117,32.42940139770508,22.26327133178711,0.027044173330068588,0.8209906816482544
NEG01240,0,success,E:\LandSlide-Prediction\data\terrain\patches\NEG01240.tif,E:\LandSlide-Prediction\data\terrain\contours\NEG01240.png,525.0059814453125,481.22247314453125,574.343505859375,93.12103271484375,10.686445236206055,28.27460479736328,18.13702964782715,0.02530554309487343,0.7376134395599365
NEG01241,0,success,E:\LandSlide-Prediction\data\terrain\patches\NEG01241.tif,E:\LandSlide-Prediction\data\terrain\contours\NEG01241.png,325.8672790527344,227.0,471.0581970214844,244.05819702148438,18.719745635986328,39.543643951416016,26.679950714111328,0.08690968155860901,0.6965091824531555
NEG01242,0,success,E:\LandSlide-Prediction\data\terrain\patches\NEG01242.tif,E:\LandSlide-Prediction\data\terrain\contours\NEG01242.png,1168.587158203125,1144.3067626953125,1208.6693115234375,64.362548828125,6.739182949066162,29.368446350097656,17.907184600830078,5.963444709777832e-05,0.6417346596717834
NEG01243,0,success,E:\LandSlide-Prediction\data\terrain\patches\NEG01243.tif,E:\LandSlide-Prediction\data\terrain\contours\NEG01243.png,168.76344299316406,163.651611328125,179.02413940429688,15.372528076171875,2.6678426265716553,13.149919509887695,5.771758079528809,0.004290682263672352,0.2513803243637085
NEG01244,0,success,E:\LandSlide-Prediction\data\terrain\patches\NEG01244.tif,E:\LandSlide-Prediction\data\terrain\contours\NEG01244.png,802.668212890625,735.4737548828125,887.6716918945312,152.19793701171875,19.224384307861328,40.21403121948242,29.39954376220703,0.04597863182425499,0.8841760158538818
NEG01245,0,success,E:\LandSlide-Prediction\data\terrain\patches\NEG01245.tif,E:\LandSlide-Prediction\data\terrain\contours\NEG01245.png,197.62136840820312,161.6629638671875,247.73556518554688,86.07260131835938,11.435312271118164,25.78433609008789,18.86894989013672,-0.055198222398757935,0.5679959654808044
NEG01246,0,success,E:\LandSlide-Prediction\data\terrain\patches\NEG01246.tif,E:\LandSlide-Prediction\data\terrain\contours\NEG01246.png,554.0699462890625,439.27520751953125,661.6487426757812,222.37353515625,21.015377044677734,39.80476379394531,31.576082229614258,0.026764770969748497,0.926755428314209
NEG01247,0,success,E:\LandSlide-Prediction\data\terrain\patches\NEG01247.tif,E:\LandSlide-Prediction\data\terrain\contours\NEG01247.png,189.1072998046875,162.9647674560547,245.45724487304688,82.49247741699219,7.778936386108398,26.435333251953125,16.966169357299805,0.06015266850590706,0.3317737579345703
NEG01248,0,success,E:\LandSlide-Prediction\data\terrain\patches\NEG01248.tif,E:\LandSlide-Prediction\data\terrain\contours\NEG01248.png,174.92605590820312,157.48326110839844,216.27342224121094,58.7901611328125,7.110380172729492,32.95500564575195,15.073126792907715,0.01838998682796955,0.5190401673316956
NEG01249,0,success,E:\LandSlide-Prediction\data\terrain\patches\NEG01249.tif,E:\LandSlide-Prediction\data\terrain\contours\NEG01249.png,328.87274169921875,267.0966796875,373.9230041503906,106.82632446289062,13.113874435424805,29.896440505981445,21.01226043701172,-0.03357929363846779,0.6748494505882263
NEG01250,0,success,E:\LandSlide-Prediction\data\terrain\patches\NEG01250.tif,E:\LandSlide-Prediction\data\terrain\contours\NEG01250.png,192.71649169921875,136.4927215576172,248.5718536376953,112.07913208007812,14.95103645324707,30.62576675415039,23.578266143798828,0.02354758232831955,0.7320672273635864
NEG01251,0,success,E:\LandSlide-Prediction\data\terrain\patches\NEG01251.tif,E:\LandSlide-Prediction\data\terrain\contours\NEG01251.png,800.585205078125,737.4871826171875,896.6956176757812,159.20843505859375,12.360624313354492,28.771333694458008,21.053634643554688,0.015647530555725098,0.42438799142837524
NEG01252,0,success,E:\LandSlide-Prediction\data\terrain\patches\NEG01252.tif,E:\LandSlide-Prediction\data\terrain\contours\NEG01252.png,140.99005126953125,125.69307708740234,185.87425231933594,60.181175231933594,5.700216293334961,28.40097427368164,14.313528060913086,-0.009233919903635979,0.49982160329818726
NEG01253,0,success,E:\LandSlide-Prediction\data\terrain\patches\NEG01253.tif,E:\LandSlide-Prediction\data\terrain\contours\NEG01253.png,1002.5814819335938,902.6380004882812,1168.72119140625,266.08319091796875,19.621353149414062,42.34832763671875,30.095542907714844,-0.026875410228967667,0.6889391541481018
NEG01254,0,success,E:\LandSlide-Prediction\data\terrain\patches\NEG01254.tif,E:\LandSlide-Prediction\data\terrain\contours\NEG01254.png,126.44271850585938,68.97359466552734,213.70684814453125,144.73324584960938,13.838018417358398,36.145503997802734,24.17153549194336,-0.0017815399914979935,0.6622610688209534
NEG01255,0,success,E:\LandSlide-Prediction\data\terrain\patches\NEG01255.tif,E:\LandSlide-Prediction\data\terrain\contours\NEG01255.png,840.0768432617188,712.211181640625,973.6661376953125,261.4549560546875,20.592456817626953,58.04755401611328,37.584938049316406,0.05360177904367447,1.3687927722930908
NEG01256,0,success,E:\LandSlide-Prediction\data\terrain\patches\NEG01256.tif,E:\LandSlide-Prediction\data\terrain\contours\NEG01256.png,1458.37353515625,1351.9783935546875,1543.0469970703125,191.068603515625,22.94554328918457,44.83108139038086,32.790283203125,-0.03758029639720917,0.8796126246452332
NEG01257,0,success,E:\LandSlide-Prediction\data\terrain\patches\NEG01257.tif,E:\LandSlide-Prediction\data\terrain\contours\NEG01257.png,563.8038330078125,493.0133056640625,611.7794799804688,118.76617431640625,15.906843185424805,36.927677154541016,25.4268798828125,-0.021925780922174454,0.8703534603118896
NEG01258,0,success,E:\LandSlide-Prediction\data\terrain\patches\NEG01258.tif,E:\LandSlide-Prediction\data\terrain\contours\NEG01258.png,2076.5341796875,1986.7578125,2146.57470703125,159.81689453125,15.184831619262695,32.649105072021484,23.678245544433594,0.008354611694812775,0.8376652002334595
NEG01259,0,success,E:\LandSlide-Prediction\data\terrain\patches\NEG01259.tif,E:\LandSlide-Prediction\data\terrain\contours\NEG01259.png,871.655517578125,809.7815551757812,982.41455078125,172.63299560546875,14.515274047851562,33.088260650634766,25.954517364501953,0.058433447033166885,0.7232679724693298
NEG01260,0,success,E:\LandSlide-Prediction\data\terrain\patches\NEG01260.tif,E:\LandSlide-Prediction\data\terrain\contours\NEG01260.png,273.3555603027344,256.88885498046875,314.75048828125,57.86163330078125,5.049727916717529,17.19021224975586,9.841911315917969,-0.008131839334964752,0.31864920258522034
NEG01261,0,success,E:\LandSlide-Prediction\data\terrain\patches\NEG01261.tif,E:\LandSlide-Prediction\data\terrain\contours\NEG01261.png,1135.569580078125,990.3473510742188,1321.107177734375,330.75982666015625,29.06870460510254,57.61231994628906,45.93282699584961,-0.04529324918985367,1.4902980327606201
NEG01262,0,success,E:\LandSlide-Prediction\data\terrain\patches\NEG01262.tif,E:\LandSlide-Prediction\data\terrain\contours\NEG01262.png,226.53353881835938,182.2264862060547,282.13177490234375,99.90528869628906,16.169618606567383,33.287109375,25.33683967590332,-0.007768051698803902,0.695766031742096
NEG01263,0,success,E:\LandSlide-Prediction\data\terrain\patches\NEG01263.tif,E:\LandSlide-Prediction\data\terrain\contours\NEG01263.png,207.27618408203125,154.57814025878906,319.07635498046875,164.4982147216797,15.999161720275879,37.96242904663086,27.8509521484375,-0.006944224238395691,0.8074218034744263
NEG01264,0,success,E:\LandSlide-Prediction\data\terrain\patches\NEG01264.tif,E:\LandSlide-Prediction\data\terrain\contours\NEG01264.png,754.470458984375,541.2218627929688,970.0538330078125,428.83197021484375,30.76009178161621,51.93354034423828,39.980430603027344,-0.1377863883972168,0.8505628705024719
NEG01265,0,success,E:\LandSlide-Prediction\data\terrain\patches\NEG01265.tif,E:\LandSlide-Prediction\data\terrain\contours\NEG01265.png,333.2862548828125,198.73641967773438,453.0859680175781,254.34954833984375,21.993331909179688,36.86166763305664,30.242284774780273,-0.06677617132663727,0.8301271200180054
NEG01266,0,success,E:\LandSlide-Prediction\data\terrain\patches\NEG01266.tif,E:\LandSlide-Prediction\data\terrain\contours\NEG01266.png,248.4542694091797,239.11827087402344,308.0015563964844,68.88328552246094,5.664887428283691,33.63737487792969,11.06103515625,0.009163515642285347,0.44905319809913635
NEG01267,0,success,E:\LandSlide-Prediction\data\terrain\patches\NEG01267.tif,E:\LandSlide-Prediction\data\terrain\contours\NEG01267.png,203.677001953125,123.87370300292969,370.47784423828125,246.60414123535156,21.190792083740234,58.08679962158203,37.58983612060547,0.0179993137717247,0.7443251013755798
NEG01268,0,success,E:\LandSlide-Prediction\data\terrain\patches\NEG01268.tif,E:\LandSlide-Prediction\data\terrain\contours\NEG01268.png,50.554405212402344,28.471792221069336,103.3152084350586,74.84341430664062,9.407623291015625,30.65492820739746,16.265493392944336,-0.032259657979011536,0.588224470615387
NEG01269,0,success,E:\LandSlide-Prediction\data\terrain\patches\NEG01269.tif,E:\LandSlide-Prediction\data\terrain\contours\NEG01269.png,673.9468994140625,629.9473876953125,719.587646484375,89.6402587890625,9.415828704833984,32.985679626464844,18.71551513671875,0.0248415544629097,0.5972944498062134
NEG01270,0,success,E:\LandSlide-Prediction\data\terrain\patches\NEG01270.tif,E:\LandSlide-Prediction\data\terrain\contours\NEG01270.png,449.8178405761719,355.72015380859375,540.897216796875,185.17706298828125,17.990549087524414,38.657073974609375,29.913440704345703,0.004995241761207581,0.6608092188835144
NEG01271,0,success,E:\LandSlide-Prediction\data\terrain\patches\NEG01271.tif,E:\LandSlide-Prediction\data\terrain\contours\NEG01271.png,1256.94287109375,1134.6119384765625,1378.1290283203125,243.51708984375,27.07793617248535,46.20345687866211,37.19176483154297,0.004751153290271759,1.100307822227478
NEG01272,0,success,E:\LandSlide-Prediction\data\terrain\patches\NEG01272.tif,E:\LandSlide-Prediction\data\terrain\contours\NEG01272.png,167.19931030273438,70.31449890136719,228.55050659179688,158.2360076904297,16.093894958496094,43.58441925048828,29.83203887939453,-0.051932286471128464,0.6795483827590942
NEG01273,0,success,E:\LandSlide-Prediction\data\terrain\patches\NEG01273.tif,E:\LandSlide-Prediction\data\terrain\contours\NEG01273.png,542.818359375,494.4197692871094,596.96826171875,102.54849243164062,14.717940330505371,38.037261962890625,26.209280014038086,-0.009670496918261051,1.0299758911132812
NEG01274,0,success,E:\LandSlide-Prediction\data\terrain\patches\NEG01274.tif,E:\LandSlide-Prediction\data\terrain\contours\NEG01274.png,167.57904052734375,98.11432647705078,255.29025268554688,157.17593383789062,18.473241806030273,40.048126220703125,29.151077270507812,0.02657124027609825,0.8427061438560486
NEG01275,0,success,E:\LandSlide-Prediction\data\terrain\patches\NEG01275.tif,E:\LandSlide-Prediction\data\terrain\contours\NEG01275.png,1410.546142578125,1369.73388671875,1465.7947998046875,96.0609130859375,10.415383338928223,22.72450828552246,16.119544982910156,0.014177590608596802,0.5988341569900513
NEG01276,0,success,E:\LandSlide-Prediction\data\terrain\patches\NEG01276.tif,E:\LandSlide-Prediction\data\terrain\contours\NEG01276.png,750.8128662109375,660.162353515625,826.8099365234375,166.6475830078125,13.541955947875977,37.80143356323242,19.82614517211914,0.042424947023391724,0.48135027289390564
NEG01277,0,success,E:\LandSlide-Prediction\data\terrain\patches\NEG01277.tif,E:\LandSlide-Prediction\data\terrain\contours\NEG01277.png,210.7723388671875,135.16123962402344,265.9764404296875,130.81520080566406,12.811297416687012,30.37747573852539,19.849628448486328,0.036330174654722214,0.60418301820755
NEG01278,0,success,E:\LandSlide-Prediction\data\terrain\patches\NEG01278.tif,E:\LandSlide-Prediction\data\terrain\contours\NEG01278.png,159.81512451171875,111.59522247314453,216.7832489013672,105.18802642822266,12.342952728271484,31.81282615661621,21.536945343017578,0.026869483292102814,0.6137869358062744
NEG01279,0,success,E:\LandSlide-Prediction\data\terrain\patches\NEG01279.tif,E:\LandSlide-Prediction\data\terrain\contours\NEG01279.png,139.47119140625,90.59781646728516,314.96575927734375,224.36795043945312,18.413524627685547,49.02460479736328,35.79754638671875,0.07071887701749802,0.7661606073379517
NEG01280,0,success,E:\LandSlide-Prediction\data\terrain\patches\NEG01280.tif,E:\LandSlide-Prediction\data\terrain\contours\NEG01280.png,323.31976318359375,283.5432434082031,360.6851806640625,77.14193725585938,10.206960678100586,26.711362838745117,18.652008056640625,0.055835798382759094,0.527951180934906
NEG01281,0,success,E:\LandSlide-Prediction\data\terrain\patches\NEG01281.tif,E:\LandSlide-Prediction\data\terrain\contours\NEG01281.png,238.97021484375,195.02410888671875,287.477783203125,92.45367431640625,12.688940048217773,29.57939338684082,21.781452178955078,0.022149257361888885,0.6880180835723877
NEG01282,0,success,E:\LandSlide-Prediction\data\terrain\patches\NEG01282.tif,E:\LandSlide-Prediction\data\terrain\contours\NEG01282.png,1026.7431640625,955.8358154296875,1095.2615966796875,139.42578125,16.964008331298828,36.42390060424805,25.469127655029297,-0.010721355676651001,0.7046278119087219
NEG01283,0,success,E:\LandSlide-Prediction\data\terrain\patches\NEG01283.tif,E:\LandSlide-Prediction\data\terrain\contours\NEG01283.png,127.01724243164062,67.27803039550781,251.28677368164062,184.0087432861328,16.473220825195312,42.59354019165039,29.13630485534668,-0.02898743376135826,0.6782480478286743
NEG01284,0,success,E:\LandSlide-Prediction\data\terrain\patches\NEG01284.tif,E:\LandSlide-Prediction\data\terrain\contours\NEG01284.png,130.02598571777344,108.01869201660156,162.33934020996094,54.320648193359375,10.13142204284668,28.376495361328125,19.240259170532227,0.038832761347293854,0.5921770334243774
NEG01285,0,success,E:\LandSlide-Prediction\data\terrain\patches\NEG01285.tif,E:\LandSlide-Prediction\data\terrain\contours\NEG01285.png,1750.1126708984375,1684.5576171875,1824.2216796875,139.6640625,17.803504943847656,39.23521423339844,28.17854881286621,0.005565114319324493,1.0446109771728516
NEG01286,0,success,E:\LandSlide-Prediction\data\terrain\patches\NEG01286.tif,E:\LandSlide-Prediction\data\terrain\contours\NEG01286.png,166.8790283203125,118.27794647216797,267.6297607421875,149.351806640625,17.149456024169922,38.043846130371094,30.382225036621094,0.03957393392920494,0.6846345067024231
NEG01287,0,success,E:\LandSlide-Prediction\data\terrain\patches\NEG01287.tif,E:\LandSlide-Prediction\data\terrain\contours\NEG01287.png,1668.653564453125,1564.0596923828125,1790.5115966796875,226.451904296875,19.579803466796875,39.02837371826172,30.418655395507812,-0.011346646584570408,0.934755265712738
NEG01288,0,success,E:\LandSlide-Prediction\data\terrain\patches\NEG01288.tif,E:\LandSlide-Prediction\data\terrain\contours\NEG01288.png,233.62081909179688,193.2245635986328,317.4866943359375,124.26213073730469,12.370141983032227,31.722471237182617,23.168865203857422,-0.04114851355552673,0.6485612988471985
NEG01289,0,success,E:\LandSlide-Prediction\data\terrain\patches\NEG01289.tif,E:\LandSlide-Prediction\data\terrain\contours\NEG01289.png,475.850830078125,446.2096862792969,547.9275512695312,101.71786499023438,13.709480285644531,38.00919723510742,21.433605194091797,-0.0017427466809749603,0.8110251426696777
NEG01290,0,success,E:\LandSlide-Prediction\data\terrain\patches\NEG01290.tif,E:\LandSlide-Prediction\data\terrain\contours\NEG01290.png,153.31297302246094,146.70703125,165.93743896484375,19.23040771484375,2.227635383605957,9.386375427246094,4.398247718811035,-0.0030751340091228485,0.20649826526641846
NEG01291,0,success,E:\LandSlide-Prediction\data\terrain\patches\NEG01291.tif,E:\LandSlide-Prediction\data\terrain\contours\NEG01291.png,1236.134765625,1190.0,1303.485595703125,113.485595703125,13.866216659545898,27.027671813964844,21.196571350097656,0.02971711754798889,0.7169181108474731
NEG01292,0,success,E:\LandSlide-Prediction\data\terrain\patches\NEG01292.tif,E:\LandSlide-Prediction\data\terrain\contours\NEG01292.png,647.6893310546875,560.1842651367188,699.5460205078125,139.36175537109375,14.938966751098633,31.939714431762695,24.335895538330078,-0.03455093502998352,0.8030162453651428
NEG01293,0,success,E:\LandSlide-Prediction\data\terrain\patches\NEG01293.tif,E:\LandSlide-Prediction\data\terrain\contours\NEG01293.png,168.5222625732422,159.9086456298828,178.76011657714844,18.851470947265625,2.583461284637451,11.612348556518555,4.924382209777832,0.0017511388286948204,0.22434666752815247
NEG01294,0,success,E:\LandSlide-Prediction\data\terrain\patches\NEG01294.tif,E:\LandSlide-Prediction\data\terrain\contours\NEG01294.png,375.5476989746094,293.15020751953125,474.5797424316406,181.42953491210938,16.294984817504883,39.39502716064453,28.3702392578125,-0.03621761128306389,0.7384096384048462
NEG01295,0,success,E:\LandSlide-Prediction\data\terrain\patches\NEG01295.tif,E:\LandSlide-Prediction\data\terrain\contours\NEG01295.png,295.93597412109375,165.5040283203125,450.69671630859375,285.19268798828125,24.2017822265625,41.28242111206055,33.75518035888672,0.11028998345136642,0.9006138443946838
NEG01296,0,success,E:\LandSlide-Prediction\data\terrain\patches\NEG01296.tif,E:\LandSlide-Prediction\data\terrain\contours\NEG01296.png,203.22802734375,118.7503662109375,279.7958679199219,161.04550170898438,19.350757598876953,38.695613861083984,32.285888671875,-0.027523580938577652,0.8060927987098694
NEG01297,0,success,E:\LandSlide-Prediction\data\terrain\patches\NEG01297.tif,E:\LandSlide-Prediction\data\terrain\contours\NEG01297.png,224.6232147216797,153.89157104492188,309.6485900878906,155.75701904296875,15.185991287231445,44.053470611572266,30.06905746459961,-0.04065769910812378,0.8005198240280151
NEG01298,0,success,E:\LandSlide-Prediction\data\terrain\patches\NEG01298.tif,E:\LandSlide-Prediction\data\terrain\contours\NEG01298.png,90.41541290283203,80.06317901611328,108.42098999023438,28.357810974121094,5.641725540161133,17.74051284790039,10.341558456420898,-0.005338933318853378,0.5280390381813049
NEG01299,0,success,E:\LandSlide-Prediction\data\terrain\patches\NEG01299.tif,E:\LandSlide-Prediction\data\terrain\contours\NEG01299.png,97.41336059570312,84.50759887695312,130.7457733154297,46.23817443847656,4.522112846374512,16.4021053314209,9.006990432739258,-0.001507781445980072,0.29980820417404175
NEG01300,0,success,E:\LandSlide-Prediction\data\terrain\patches\NEG01300.tif,E:\LandSlide-Prediction\data\terrain\contours\NEG01300.png,1127.267333984375,1075.9459228515625,1186.38037109375,110.4344482421875,14.816022872924805,34.74279022216797,23.439205169677734,0.02686247229576111,0.7397124171257019
NEG01301,0,success,E:\LandSlide-Prediction\data\terrain\patches\NEG01301.tif,E:\LandSlide-Prediction\data\terrain\contours\NEG01301.png,533.2618408203125,393.80059814453125,671.67578125,277.87518310546875,25.209531784057617,39.4552116394043,34.52741241455078,-0.021860353648662567,0.8645281195640564
NEG01302,0,success,E:\LandSlide-Prediction\data\terrain\patches\NEG01302.tif,E:\LandSlide-Prediction\data\terrain\contours\NEG01302.png,79.6845474243164,26.74105453491211,165.9824981689453,139.24143981933594,13.85047721862793,26.746551513671875,21.734712600708008,-0.0021141618490219116,0.5602578520774841
NEG01303,0,success,E:\LandSlide-Prediction\data\terrain\patches\NEG01303.tif,E:\LandSlide-Prediction\data\terrain\contours\NEG01303.png,836.4224853515625,762.3892211914062,920.3007202148438,157.9114990234375,18.089872360229492,38.090187072753906,27.600698471069336,0.05093027278780937,0.9769415855407715
NEG01304,0,success,E:\LandSlide-Prediction\data\terrain\patches\NEG01304.tif,E:\LandSlide-Prediction\data\terrain\contours\NEG01304.png,939.3772583007812,875.1575317382812,1079.4127197265625,204.25518798828125,17.908485412597656,31.492891311645508,26.50977325439453,0.077323779463768,0.7642768621444702
NEG01305,0,success,E:\LandSlide-Prediction\data\terrain\patches\NEG01305.tif,E:\LandSlide-Prediction\data\terrain\contours\NEG01305.png,399.81671142578125,270.78704833984375,510.1744689941406,239.38742065429688,18.333942413330078,31.9643611907959,26.86792755126953,0.035936277359724045,0.6574785113334656
NEG01306,0,success,E:\LandSlide-Prediction\data\terrain\patches\NEG01306.tif,E:\LandSlide-Prediction\data\terrain\contours\NEG01306.png,1028.931640625,920.659423828125,1241.193603515625,320.5341796875,22.858314514160156,62.17177963256836,44.27220153808594,-0.09070496261119843,1.2742009162902832
NEG01307,0,success,E:\LandSlide-Prediction\data\terrain\patches\NEG01307.tif,E:\LandSlide-Prediction\data\terrain\contours\NEG01307.png,304.32928466796875,251.55674743652344,375.36456298828125,123.80781555175781,18.094877243041992,35.24323272705078,27.491409301757812,0.015003453940153122,0.9646516442298889
NEG01308,0,success,E:\LandSlide-Prediction\data\terrain\patches\NEG01308.tif,E:\LandSlide-Prediction\data\terrain\contours\NEG01308.png,222.47653198242188,191.27003479003906,269.6601257324219,78.39009094238281,10.894566535949707,27.38081932067871,19.672618865966797,-0.004640759900212288,0.6778702139854431
NEG01309,0,success,E:\LandSlide-Prediction\data\terrain\patches\NEG01309.tif,E:\LandSlide-Prediction\data\terrain\contours\NEG01309.png,269.4921875,211.60763549804688,385.1631164550781,173.55548095703125,11.590563774108887,31.88722801208496,20.29608154296875,0.054130084812641144,0.43166443705558777
NEG01310,0,success,E:\LandSlide-Prediction\data\terrain\patches\NEG01310.tif,E:\LandSlide-Prediction\data\terrain\contours\NEG01310.png,238.73858642578125,164.56272888183594,366.6799621582031,202.1172332763672,17.573055267333984,31.983572006225586,25.76944923400879,0.053756583482027054,0.5018681883811951
NEG01311,0,success,E:\LandSlide-Prediction\data\terrain\patches\NEG01311.tif,E:\LandSlide-Prediction\data\terrain\contours\NEG01311.png,1489.4033203125,1413.1883544921875,1624.00048828125,210.8121337890625,15.006367683410645,38.17972946166992,23.83737564086914,0.06099291890859604,0.6305489540100098
NEG01312,0,success,E:\LandSlide-Prediction\data\terrain\patches\NEG01312.tif,E:\LandSlide-Prediction\data\terrain\contours\NEG01312.png,2001.68017578125,1952.7860107421875,2056.649658203125,103.8636474609375,12.043888092041016,25.661985397338867,18.968473434448242,-0.029111891984939575,0.6408562064170837
NEG01313,0,success,E:\LandSlide-Prediction\data\terrain\patches\NEG01313.tif,E:\LandSlide-Prediction\data\terrain\contours\NEG01313.png,1723.65283203125,1472.3292236328125,1815.9649658203125,343.6357421875,27.144824981689453,59.566890716552734,44.86327362060547,-0.08784293383359909,1.20200777053833
NEG01314,0,success,E:\LandSlide-Prediction\data\terrain\patches\NEG01314.tif,E:\LandSlide-Prediction\data\terrain\contours\NEG01314.png,889.438720703125,804.6488037109375,977.3504028320312,172.70159912109375,17.827632904052734,37.668304443359375,27.33085823059082,-0.04832278564572334,0.7670106887817383
NEG01315,0,success,E:\LandSlide-Prediction\data\terrain\patches\NEG01315.tif,E:\LandSlide-Prediction\data\terrain\contours\NEG01315.png,665.902587890625,644.5573120117188,777.3495483398438,132.792236328125,8.691913604736328,29.536205291748047,20.173362731933594,0.019390389323234558,0.44635093212127686
NEG01316,0,success,E:\LandSlide-Prediction\data\terrain\patches\NEG01316.tif,E:\LandSlide-Prediction\data\terrain\contours\NEG01316.png,546.5,467.738525390625,642.3360595703125,174.5975341796875,17.248069763183594,32.262020111083984,25.253032684326172,-0.010044868104159832,0.7626444101333618
NEG01317,0,success,E:\LandSlide-Prediction\data\terrain\patches\NEG01317.tif,E:\LandSlide-Prediction\data\terrain\contours\NEG01317.png,148.11085510253906,110.17488861083984,253.42108154296875,143.24618530273438,13.583918571472168,37.4826774597168,29.056285858154297,0.07677686214447021,0.4525533616542816
NEG01318,0,success,E:\LandSlide-Prediction\data\terrain\patches\NEG01318.tif,E:\LandSlide-Prediction\data\terrain\contours\NEG01318.png,216.2508544921875,210.3408966064453,231.55445861816406,21.21356201171875,3.6640825271606445,15.20071792602539,8.10432243347168,0.011992658488452435,0.29774460196495056
NEG01319,0,success,E:\LandSlide-Prediction\data\terrain\patches\NEG01319.tif,E:\LandSlide-Prediction\data\terrain\contours\NEG01319.png,206.2001953125,60.1332893371582,299.19390869140625,239.0606231689453,21.013145446777344,43.45270919799805,36.57050323486328,-0.027624795213341713,0.6584441065788269
NEG01320,0,success,E:\LandSlide-Prediction\data\terrain\patches\NEG01320.tif,E:\LandSlide-Prediction\data\terrain\contours\NEG01320.png,1521.6121826171875,1413.04345703125,1651.92724609375,238.8837890625,19.547584533691406,45.53725814819336,32.02406692504883,0.10169466584920883,0.7303025722503662
NEG01321,0,success,E:\LandSlide-Prediction\data\terrain\patches\NEG01321.tif,E:\LandSlide-Prediction\data\terrain\contours\NEG01321.png,639.1837158203125,569.0558471679688,705.9968872070312,136.9410400390625,13.320449829101562,31.417259216308594,21.957889556884766,0.0063173808157444,0.6681257486343384
NEG01322,0,success,E:\LandSlide-Prediction\data\terrain\patches\NEG01322.tif,E:\LandSlide-Prediction\data\terrain\contours\NEG01322.png,555.2667236328125,516.474365234375,592.4214477539062,75.94708251953125,14.17769718170166,29.129426956176758,21.77016830444336,0.05357253551483154,0.7452430725097656
NEG01323,0,success,E:\LandSlide-Prediction\data\terrain\patches\NEG01323.tif,E:\LandSlide-Prediction\data\terrain\contours\NEG01323.png,199.99002075195312,164.08316040039062,266.2452697753906,102.162109375,12.689638137817383,36.51450729370117,23.924787521362305,0.020191188901662827,0.5850382447242737
NEG01324,0,success,E:\LandSlide-Prediction\data\terrain\patches\NEG01324.tif,E:\LandSlide-Prediction\data\terrain\contours\NEG01324.png,1069.419189453125,938.7945556640625,1258.4847412109375,319.690185546875,23.158443450927734,49.95817947387695,32.460975646972656,0.07074867188930511,0.9118361473083496
NEG01325,0,success,E:\LandSlide-Prediction\data\terrain\patches\NEG01325.tif,E:\LandSlide-Prediction\data\terrain\contours\NEG01325.png,101.52862548828125,37.1156120300293,188.97840881347656,151.86279296875,15.486790657043457,30.11809730529785,23.800382614135742,0.005196134559810162,0.5760533213615417
NEG01326,0,success,E:\LandSlide-Prediction\data\terrain\patches\NEG01326.tif,E:\LandSlide-Prediction\data\terrain\contours\NEG01326.png,1085.294921875,985.5118408203125,1173.0408935546875,187.529052734375,18.055789947509766,39.91509246826172,32.74577713012695,-0.0031840577721595764,0.6837319135665894
NEG01327,0,success,E:\LandSlide-Prediction\data\terrain\patches\NEG01327.tif,E:\LandSlide-Prediction\data\terrain\contours\NEG01327.png,115.03974914550781,107.23030853271484,131.0396728515625,23.809364318847656,2.7048208713531494,11.820779800415039,5.570163726806641,0.01193196140229702,0.20302462577819824
NEG01328,0,success,E:\LandSlide-Prediction\data\terrain\patches\NEG01328.tif,E:\LandSlide-Prediction\data\terrain\contours\NEG01328.png,83.32608032226562,41.01513671875,188.29254150390625,147.27740478515625,14.540067672729492,48.124114990234375,27.237712860107422,-0.017681021243333817,0.7424030303955078
NEG01329,0,success,E:\LandSlide-Prediction\data\terrain\patches\NEG01329.tif,E:\LandSlide-Prediction\data\terrain\contours\NEG01329.png,683.0119018554688,524.9376831054688,875.7665405273438,350.828857421875,24.764850616455078,53.030670166015625,37.86431121826172,-0.022173523902893066,0.9793180823326111
NEG01330,0,success,E:\LandSlide-Prediction\data\terrain\patches\NEG01330.tif,E:\LandSlide-Prediction\data\terrain\contours\NEG01330.png,59.20356750488281,26.239830017089844,113.42977905273438,87.18994903564453,10.284797668457031,33.16606521606445,16.647438049316406,0.005444316193461418,0.5849548578262329
NEG01331,0,success,E:\LandSlide-Prediction\data\terrain\patches\NEG01331.tif,E:\LandSlide-Prediction\data\terrain\contours\NEG01331.png,94.58345794677734,74.25666046142578,144.3980712890625,70.14141082763672,9.999650001525879,30.274269104003906,18.89975357055664,-0.011521052569150925,0.613107442855835
NEG01332,0,success,E:\LandSlide-Prediction\data\terrain\patches\NEG01332.tif,E:\LandSlide-Prediction\data\terrain\contours\NEG01332.png,622.6649169921875,585.8041381835938,663.2733154296875,77.46917724609375,9.3457670211792,23.11791229248047,15.617081642150879,-0.0225234292447567,0.49042606353759766
NEG01333,0,success,E:\LandSlide-Prediction\data\terrain\patches\NEG01333.tif,E:\LandSlide-Prediction\data\terrain\contours\NEG01333.png,114.93460083007812,90.12161254882812,162.32119750976562,72.1995849609375,10.314223289489746,26.94075584411621,17.6727352142334,0.02074933797121048,0.6507181525230408
NEG01334,0,success,E:\LandSlide-Prediction\data\terrain\patches\NEG01334.tif,E:\LandSlide-Prediction\data\terrain\contours\NEG01334.png,271.1457824707031,147.57858276367188,387.2970275878906,239.71844482421875,19.208332061767578,37.8046760559082,28.406457901000977,0.042288124561309814,0.6334580779075623
NEG01335,0,success,E:\LandSlide-Prediction\data\terrain\patches\NEG01335.tif,E:\LandSlide-Prediction\data\terrain\contours\NEG01335.png,1426.4754638671875,1347.9581298828125,1509.5751953125,161.6170654296875,14.4636812210083,27.048870086669922,21.947967529296875,-0.00810910016298294,0.6134000420570374
NEG01336,0,success,E:\LandSlide-Prediction\data\terrain\patches\NEG01336.tif,E:\LandSlide-Prediction\data\terrain\contours\NEG01336.png,350.777587890625,252.61106872558594,411.66998291015625,159.0589141845703,16.933429718017578,38.57735061645508,24.633956909179688,-0.04844478517770767,0.7998747825622559
NEG01337,0,success,E:\LandSlide-Prediction\data\terrain\patches\NEG01337.tif,E:\LandSlide-Prediction\data\terrain\contours\NEG01337.png,625.67333984375,587.0499877929688,738.239990234375,151.19000244140625,12.282005310058594,39.16297912597656,24.27716064453125,0.049530189484357834,0.7023118734359741
NEG01338,0,success,E:\LandSlide-Prediction\data\terrain\patches\NEG01338.tif,E:\LandSlide-Prediction\data\terrain\contours\NEG01338.png,444.0740966796875,375.564208984375,506.6701965332031,131.10598754882812,11.409051895141602,29.490234375,19.67157745361328,0.0038851238787174225,0.721249520778656
NEG01339,0,success,E:\LandSlide-Prediction\data\terrain\patches\NEG01339.tif,E:\LandSlide-Prediction\data\terrain\contours\NEG01339.png,109.32038879394531,39.784610748291016,201.40269470214844,161.6180877685547,11.52617073059082,39.3382568359375,21.85399055480957,0.008472859859466553,0.6187347769737244
NEG01340,0,success,E:\LandSlide-Prediction\data\terrain\patches\NEG01340.tif,E:\LandSlide-Prediction\data\terrain\contours\NEG01340.png,655.946044921875,544.153564453125,754.7610473632812,210.60748291015625,17.52096939086914,34.55470657348633,24.270450592041016,0.06340823322534561,0.6798267364501953
NEG01341,0,success,E:\LandSlide-Prediction\data\terrain\patches\NEG01341.tif,E:\LandSlide-Prediction\data\terrain\contours\NEG01341.png,164.43328857421875,38.80122756958008,303.66552734375,264.8642883300781,21.219554901123047,42.70431900024414,29.725318908691406,-0.032697729766368866,0.5963959693908691
NEG01342,0,success,E:\LandSlide-Prediction\data\terrain\patches\NEG01342.tif,E:\LandSlide-Prediction\data\terrain\contours\NEG01342.png,114.98055267333984,90.21060943603516,182.84249877929688,92.63188934326172,9.928279876708984,34.49224090576172,17.02018165588379,0.009890022687613964,0.6052364110946655
NEG01343,0,success,E:\LandSlide-Prediction\data\terrain\patches\NEG01343.tif,E:\LandSlide-Prediction\data\terrain\contours\NEG01343.png,1633.038330078125,1564.6134033203125,1688.944091796875,124.3306884765625,15.201085090637207,43.3117561340332,25.93330192565918,-0.02475680410861969,0.8541626930236816
NEG01344,0,success,E:\LandSlide-Prediction\data\terrain\patches\NEG01344.tif,E:\LandSlide-Prediction\data\terrain\contours\NEG01344.png,138.27337646484375,124.82423400878906,193.70034790039062,68.87611389160156,6.249187469482422,26.28492546081543,14.167719841003418,0.022701416164636612,0.4079952538013458
NEG01345,0,success,E:\LandSlide-Prediction\data\terrain\patches\NEG01345.tif,E:\LandSlide-Prediction\data\terrain\contours\NEG01345.png,1873.6630859375,1702.769287109375,1990.9417724609375,288.1724853515625,23.103506088256836,46.58417892456055,33.436241149902344,-0.0819583386182785,0.63289475440979
NEG01346,0,success,E:\LandSlide-Prediction\data\terrain\patches\NEG01346.tif,E:\LandSlide-Prediction\data\terrain\contours\NEG01346.png,118.25459289550781,113.63934326171875,126.96638488769531,13.327041625976562,2.3625550270080566,9.548203468322754,4.5996904373168945,-0.0025505847297608852,0.23642650246620178
NEG01347,0,success,E:\LandSlide-Prediction\data\terrain\patches\NEG01347.tif,E:\LandSlide-Prediction\data\terrain\contours\NEG01347.png,428.8434143066406,303.1614074707031,561.9886474609375,258.8272399902344,20.328983306884766,31.847806930541992,27.58643341064453,0.007921505719423294,0.520142138004303
NEG01348,0,success,E:\LandSlide-Prediction\data\terrain\patches\NEG01348.tif,E:\LandSlide-Prediction\data\terrain\contours\NEG01348.png,183.42543029785156,90.01100158691406,305.662841796875,215.65184020996094,17.648591995239258,34.040103912353516,26.74226188659668,0.02602466009557247,0.7362902164459229
NEG01349,0,success,E:\LandSlide-Prediction\data\terrain\patches\NEG01349.tif,E:\LandSlide-Prediction\data\terrain\contours\NEG01349.png,25.96139144897461,8.481528282165527,70.627197265625,62.145668029785156,10.00445556640625,31.612070083618164,20.689102172851562,0.001484997570514679,0.6048919558525085
NEG01350,0,success,E:\LandSlide-Prediction\data\terrain\patches\NEG01350.tif,E:\LandSlide-Prediction\data\terrain\contours\NEG01350.png,1368.912841796875,1311.52392578125,1428.3642578125,116.84033203125,15.58551025390625,39.543270111083984,25.19696807861328,-0.07483696192502975,0.7147497534751892
NEG01351,0,success,E:\LandSlide-Prediction\data\terrain\patches\NEG01351.tif,E:\LandSlide-Prediction\data\terrain\contours\NEG01351.png,1365.49853515625,1123.76806640625,1618.599853515625,494.831787109375,35.552494049072266,51.618133544921875,45.39087677001953,0.10985608398914337,1.292754888534546
NEG01352,0,success,E:\LandSlide-Prediction\data\terrain\patches\NEG01352.tif,E:\LandSlide-Prediction\data\terrain\contours\NEG01352.png,237.5194091796875,150.6133270263672,310.5215759277344,159.9082489013672,19.025928497314453,38.67713928222656,27.869497299194336,-0.09371168911457062,0.7863746285438538
NEG01353,0,success,E:\LandSlide-Prediction\data\terrain\patches\NEG01353.tif,E:\LandSlide-Prediction\data\terrain\contours\NEG01353.png,255.55104064941406,200.65541076660156,389.138427734375,188.48301696777344,19.373722076416016,37.171566009521484,30.922687530517578,0.060090869665145874,0.7856066823005676
NEG01354,0,success,E:\LandSlide-Prediction\data\terrain\patches\NEG01354.tif,E:\LandSlide-Prediction\data\terrain\contours\NEG01354.png,1967.0592041015625,1887.5478515625,2040.710693359375,153.162841796875,16.028017044067383,40.49664306640625,29.245376586914062,-0.06436523795127869,0.7417311072349548
NEG01355,0,success,E:\LandSlide-Prediction\data\terrain\patches\NEG01355.tif,E:\LandSlide-Prediction\data\terrain\contours\NEG01355.png,1576.289794921875,1489.6644287109375,1690.3050537109375,200.640625,13.1008882522583,32.59549331665039,23.416706085205078,0.0030227452516555786,0.6136766076087952
NEG01356,0,success,E:\LandSlide-Prediction\data\terrain\patches\NEG01356.tif,E:\LandSlide-Prediction\data\terrain\contours\NEG01356.png,451.2060241699219,412.72039794921875,504.7894287109375,92.06903076171875,10.775671005249023,26.138072967529297,19.1416015625,0.03763847053050995,0.537792980670929
NEG01357,0,success,E:\LandSlide-Prediction\data\terrain\patches\NEG01357.tif,E:\LandSlide-Prediction\data\terrain\contours\NEG01357.png,20.96128273010254,14.782203674316406,41.97428512573242,27.192081451416016,3.8818752765655518,21.103395462036133,9.197954177856445,-0.011310404166579247,0.3357316255569458
NEG01358,0,success,E:\LandSlide-Prediction\data\terrain\patches\NEG01358.tif,E:\LandSlide-Prediction\data\terrain\contours\NEG01358.png,1180.1529541015625,1012.1403198242188,1244.5191650390625,232.37884521484375,20.995269775390625,52.56043243408203,43.05889892578125,-0.1888570636510849,0.8243223428726196
NEG01359,0,success,E:\LandSlide-Prediction\data\terrain\patches\NEG01359.tif,E:\LandSlide-Prediction\data\terrain\contours\NEG01359.png,124.46874237060547,110.11441040039062,169.28573608398438,59.17132568359375,5.997591018676758,24.906888961791992,12.152095794677734,0.0051409476436674595,0.37737542390823364
NEG01360,0,success,E:\LandSlide-Prediction\data\terrain\patches\NEG01360.tif,E:\LandSlide-Prediction\data\terrain\contours\NEG01360.png,448.5145263671875,381.85174560546875,552.1035766601562,170.2518310546875,15.487903594970703,36.05158615112305,25.93109130859375,0.010327715426683426,0.6068280935287476
NEG01361,0,success,E:\LandSlide-Prediction\data\terrain\patches\NEG01361.tif,E:\LandSlide-Prediction\data\terrain\contours\NEG01361.png,1563.6876220703125,1495.11083984375,1626.874755859375,131.763916015625,13.63572883605957,29.265798568725586,20.740211486816406,-0.036027707159519196,0.6123510003089905
NEG01362,0,success,E:\LandSlide-Prediction\data\terrain\patches\NEG01362.tif,E:\LandSlide-Prediction\data\terrain\contours\NEG01362.png,103.23905944824219,93.41395568847656,132.65631103515625,39.24235534667969,4.48507022857666,16.979156494140625,8.025599479675293,0.013735374435782433,0.3398556411266327
NEG01363,0,success,E:\LandSlide-Prediction\data\terrain\patches\NEG01363.tif,E:\LandSlide-Prediction\data\terrain\contours\NEG01363.png,763.4005737304688,646.4320068359375,909.9539794921875,263.52197265625,21.506271362304688,34.291263580322266,29.170732498168945,0.06610235571861267,0.8169851303100586
NEG01364,0,success,E:\LandSlide-Prediction\data\terrain\patches\NEG01364.tif,E:\LandSlide-Prediction\data\terrain\contours\NEG01364.png,124.78762817382812,109.95668029785156,135.60101318359375,25.644332885742188,3.491992950439453,11.030774116516113,6.726217746734619,-0.005333706736564636,0.2519296705722809
NEG01365,0,success,E:\LandSlide-Prediction\data\terrain\patches\NEG01365.tif,E:\LandSlide-Prediction\data\terrain\contours\NEG01365.png,588.410400390625,504.22576904296875,646.9030151367188,142.67724609375,18.230112075805664,29.557573318481445,25.806636810302734,-0.01042940467596054,0.6415078639984131
NEG01366,0,success,E:\LandSlide-Prediction\data\terrain\patches\NEG01366.tif,E:\LandSlide-Prediction\data\terrain\contours\NEG01366.png,231.03021240234375,194.34571838378906,316.39129638671875,122.04557800292969,12.708560943603516,34.21053695678711,23.73450469970703,0.017901558429002762,0.6787163019180298
NEG01367,0,success,E:\LandSlide-Prediction\data\terrain\patches\NEG01367.tif,E:\LandSlide-Prediction\data\terrain\contours\NEG01367.png,459.6849060058594,441.5,533.20556640625,91.70556640625,11.206652641296387,39.20634078979492,21.909626007080078,0.03762143850326538,0.8730456233024597
NEG01368,0,success,E:\LandSlide-Prediction\data\terrain\patches\NEG01368.tif,E:\LandSlide-Prediction\data\terrain\contours\NEG01368.png,530.0250854492188,507.2426452636719,605.1123046875,97.86965942382812,11.789224624633789,33.092777252197266,22.78022003173828,0.0769466683268547,0.6886152029037476
NEG01369,0,success,E:\LandSlide-Prediction\data\terrain\patches\NEG01369.tif,E:\LandSlide-Prediction\data\terrain\contours\NEG01369.png,52.231597900390625,21.979909896850586,101.76738739013672,79.7874755859375,9.007131576538086,22.612815856933594,15.485949516296387,-0.013994142413139343,0.5676764249801636
NEG01370,0,success,E:\LandSlide-Prediction\data\terrain\patches\NEG01370.tif,E:\LandSlide-Prediction\data\terrain\contours\NEG01370.png,85.00225067138672,76.66704559326172,92.53840637207031,15.871360778808594,2.618497371673584,8.718672752380371,4.921456813812256,0.008727256208658218,0.17522506415843964
NEG01371,0,success,E:\LandSlide-Prediction\data\terrain\patches\NEG01371.tif,E:\LandSlide-Prediction\data\terrain\contours\NEG01371.png,347.4998474121094,267.708984375,419.7283630371094,152.01937866210938,15.661083221435547,37.89152908325195,25.17377471923828,-0.07264944165945053,0.587458610534668
NEG01372,0,success,E:\LandSlide-Prediction\data\terrain\patches\NEG01372.tif,E:\LandSlide-Prediction\data\terrain\contours\NEG01372.png,210.01959228515625,132.9290008544922,288.918701171875,155.9897003173828,17.314453125,37.322181701660156,27.060951232910156,0.024985581636428833,0.8547214269638062
NEG01373,0,success,E:\LandSlide-Prediction\data\terrain\patches\NEG01373.tif,E:\LandSlide-Prediction\data\terrain\contours\NEG01373.png,285.5903625488281,244.90243530273438,356.46331787109375,111.56088256835938,12.783248901367188,35.831634521484375,24.629531860351562,-0.040510885417461395,0.7105850577354431
NEG01374,0,success,E:\LandSlide-Prediction\data\terrain\patches\NEG01374.tif,E:\LandSlide-Prediction\data\terrain\contours\NEG01374.png,1224.28271484375,1161.0,1311.341796875,150.341796875,16.575239181518555,46.13063430786133,32.467002868652344,-0.04807351529598236,0.9195144176483154
NEG01375,0,success,E:\LandSlide-Prediction\data\terrain\patches\NEG01375.tif,E:\LandSlide-Prediction\data\terrain\contours\NEG01375.png,1072.0479736328125,859.060302734375,1325.3616943359375,466.3013916015625,33.74607467651367,52.53770446777344,43.987396240234375,-0.02254398912191391,0.9294730424880981
NEG01376,0,success,E:\LandSlide-Prediction\data\terrain\patches\NEG01376.tif,E:\LandSlide-Prediction\data\terrain\contours\NEG01376.png,104.78947448730469,56.911502838134766,164.94143676757812,108.02993774414062,13.186843872070312,31.8551025390625,24.54762077331543,0.007848519831895828,0.7330029606819153
NEG01377,0,success,E:\LandSlide-Prediction\data\terrain\patches\NEG01377.tif,E:\LandSlide-Prediction\data\terrain\contours\NEG01377.png,461.35076904296875,402.5756530761719,578.4920043945312,175.91635131835938,14.86386775970459,38.2103157043457,27.1778564453125,0.007017040625214577,0.5859599709510803
NEG01378,0,success,E:\LandSlide-Prediction\data\terrain\patches\NEG01378.tif,E:\LandSlide-Prediction\data\terrain\contours\NEG01378.png,634.3021240234375,605.1912231445312,692.7410278320312,87.5498046875,11.01572322845459,34.357540130615234,19.950244903564453,0.031219109892845154,0.622269868850708
NEG01379,0,success,E:\LandSlide-Prediction\data\terrain\patches\NEG01379.tif,E:\LandSlide-Prediction\data\terrain\contours\NEG01379.png,480.0578308105469,439.0,558.1624145507812,119.16241455078125,12.490407943725586,36.02339172363281,26.326080322265625,0.03704534471035004,0.6908146142959595
NEG01380,0,success,E:\LandSlide-Prediction\data\terrain\patches\NEG01380.tif,E:\LandSlide-Prediction\data\terrain\contours\NEG01380.png,69.738037109375,52.730926513671875,86.93467712402344,34.20375061035156,6.109764575958252,16.468921661376953,10.557417869567871,0.0033516143448650837,0.39183375239372253
NEG01381,0,success,E:\LandSlide-Prediction\data\terrain\patches\NEG01381.tif,E:\LandSlide-Prediction\data\terrain\contours\NEG01381.png,273.5664978027344,244.39022827148438,363.6684265136719,119.2781982421875,10.352370262145996,34.142311096191406,21.71319580078125,0.06401021778583527,0.45844560861587524
NEG01382,0,success,E:\LandSlide-Prediction\data\terrain\patches\NEG01382.tif,E:\LandSlide-Prediction\data\terrain\contours\NEG01382.png,35.56036376953125,16.478885650634766,74.82946014404297,58.3505744934082,8.942869186401367,26.040536880493164,17.696928024291992,-0.015512727200984955,0.48579567670822144
NEG01383,0,success,E:\LandSlide-Prediction\data\terrain\patches\NEG01383.tif,E:\LandSlide-Prediction\data\terrain\contours\NEG01383.png,80.49392700195312,68.0,95.73466491699219,27.734664916992188,5.592998027801514,20.258100509643555,12.240815162658691,-0.006117276381701231,0.37731698155403137
NEG01384,0,success,E:\LandSlide-Prediction\data\terrain\patches\NEG01384.tif,E:\LandSlide-Prediction\data\terrain\contours\NEG01384.png,886.8302001953125,838.8944091796875,920.7425537109375,81.84814453125,13.223730087280273,33.084983825683594,22.775360107421875,0.05899070203304291,0.9831795692443848
NEG01385,0,success,E:\LandSlide-Prediction\data\terrain\patches\NEG01385.tif,E:\LandSlide-Prediction\data\terrain\contours\NEG01385.png,1725.9033203125,1635.456787109375,1816.9132080078125,181.4564208984375,13.986898422241211,35.94783401489258,21.950597763061523,-0.04058185964822769,0.5935327410697937
NEG01386,0,success,E:\LandSlide-Prediction\data\terrain\patches\NEG01386.tif,E:\LandSlide-Prediction\data\terrain\contours\NEG01386.png,252.775634765625,248.5,295.59002685546875,47.09002685546875,2.8659424781799316,20.714431762695312,10.962909698486328,0.008624119684100151,0.3492235243320465
NEG01387,0,success,E:\LandSlide-Prediction\data\terrain\patches\NEG01387.tif,E:\LandSlide-Prediction\data\terrain\contours\NEG01387.png,117.79693603515625,107.6579360961914,129.2509765625,21.593040466308594,2.257460117340088,6.987391948699951,3.6059744358062744,-0.003970815800130367,0.13769973814487457
NEG01388,0,success,E:\LandSlide-Prediction\data\terrain\patches\NEG01388.tif,E:\LandSlide-Prediction\data\terrain\contours\NEG01388.png,103.77116394042969,97.02985382080078,111.52091979980469,14.491065979003906,2.876493453979492,9.744417190551758,5.628512382507324,0.003992523066699505,0.1998554766178131
NEG01389,0,success,E:\LandSlide-Prediction\data\terrain\patches\NEG01389.tif,E:\LandSlide-Prediction\data\terrain\contours\NEG01389.png,175.717041015625,170.02081298828125,183.90830993652344,13.887496948242188,2.2297844886779785,7.650747299194336,4.327108383178711,0.007595561444759369,0.15635447204113007
NEG01390,0,success,E:\LandSlide-Prediction\data\terrain\patches\NEG01390.tif,E:\LandSlide-Prediction\data\terrain\contours\NEG01390.png,295.706787109375,194.00091552734375,412.32537841796875,218.324462890625,20.980260848999023,39.14149475097656,30.644166946411133,0.05027762055397034,0.7551712989807129
NEG01391,0,success,E:\LandSlide-Prediction\data\terrain\patches\NEG01391.tif,E:\LandSlide-Prediction\data\terrain\contours\NEG01391.png,1977.57861328125,1882.0347900390625,2074.713134765625,192.6783447265625,13.410579681396484,31.688705444335938,21.47045135498047,0.029870010912418365,0.6038186550140381
NEG01392,0,success,E:\LandSlide-Prediction\data\terrain\patches\NEG01392.tif,E:\LandSlide-Prediction\data\terrain\contours\NEG01392.png,612.8029174804688,541.016845703125,718.7402954101562,177.72344970703125,18.385059356689453,32.781639099121094,27.604036331176758,0.02113521844148636,0.6958640217781067
NEG01393,0,success,E:\LandSlide-Prediction\data\terrain\patches\NEG01393.tif,E:\LandSlide-Prediction\data\terrain\contours\NEG01393.png,133.5480194091797,71.00826263427734,225.04556274414062,154.03729248046875,13.551582336425781,32.410118103027344,21.314062118530273,0.033274777233600616,0.5634452700614929
NEG01394,0,success,E:\LandSlide-Prediction\data\terrain\patches\NEG01394.tif,E:\LandSlide-Prediction\data\terrain\contours\NEG01394.png,179.85443115234375,161.1540985107422,240.25588989257812,79.10179138183594,8.437925338745117,31.47758674621582,16.10218620300293,0.049688905477523804,0.47401532530784607
NEG01395,0,success,E:\LandSlide-Prediction\data\terrain\patches\NEG01395.tif,E:\LandSlide-Prediction\data\terrain\contours\NEG01395.png,105.50920104980469,65.22370910644531,169.2053680419922,103.98165893554688,13.249895095825195,43.7027702331543,22.34047508239746,-0.004145320504903793,0.7608587741851807
NEG01396,0,success,E:\LandSlide-Prediction\data\terrain\patches\NEG01396.tif,E:\LandSlide-Prediction\data\terrain\contours\NEG01396.png,236.88275146484375,223.7770538330078,261.78436279296875,38.00730895996094,4.9547600746154785,20.39219856262207,10.308882713317871,0.028062649071216583,0.34077513217926025
NEG01397,0,success,E:\LandSlide-Prediction\data\terrain\patches\NEG01397.tif,E:\LandSlide-Prediction\data\terrain\contours\NEG01397.png,1199.67041015625,1091.942138671875,1273.745849609375,181.8037109375,17.456819534301758,33.5261116027832,26.1072998046875,0.013359792530536652,0.8538141250610352
NEG01398,0,success,E:\LandSlide-Prediction\data\terrain\patches\NEG01398.tif,E:\LandSlide-Prediction\data\terrain\contours\NEG01398.png,1181.706787109375,1061.0423583984375,1316.4375,255.3951416015625,19.764122009277344,39.52079772949219,31.077232360839844,0.07110120356082916,0.8022351861000061
NEG01399,0,success,E:\LandSlide-Prediction\data\terrain\patches\NEG01399.tif,E:\LandSlide-Prediction\data\terrain\contours\NEG01399.png,1761.87353515625,1700.864013671875,1819.4691162109375,118.6051025390625,12.605949401855469,30.006385803222656,17.959518432617188,4.6566128730773926e-05,0.5902944207191467
NEG01400,0,success,E:\LandSlide-Prediction\data\terrain\patches\NEG01400.tif,E:\LandSlide-Prediction\data\terrain\contours\NEG01400.png,277.8619384765625,125.38521575927734,483.0686340332031,357.68341064453125,27.43244171142578,50.67091369628906,40.60433578491211,0.12211184203624725,0.7882550358772278
NEG01401,0,success,E:\LandSlide-Prediction\data\terrain\patches\NEG01401.tif,E:\LandSlide-Prediction\data\terrain\contours\NEG01401.png,149.3397216796875,135.04598999023438,185.71414184570312,50.66815185546875,4.617225170135498,18.889259338378906,8.029844284057617,-0.0069097792729735374,0.39640453457832336
NEG01402,0,success,E:\LandSlide-Prediction\data\terrain\patches\NEG01402.tif,E:\LandSlide-Prediction\data\terrain\contours\NEG01402.png,376.0938720703125,291.6289367675781,515.1323852539062,223.50344848632812,19.978208541870117,36.13286209106445,28.15421485900879,0.024067768827080727,0.8613002300262451
NEG01403,0,success,E:\LandSlide-Prediction\data\terrain\patches\NEG01403.tif,E:\LandSlide-Prediction\data\terrain\contours\NEG01403.png,842.02392578125,786.61181640625,944.8656616210938,158.25384521484375,18.921588897705078,38.23695373535156,31.4721622467041,-0.025615178048610687,0.9374925494194031
NEG01404,0,success,E:\LandSlide-Prediction\data\terrain\patches\NEG01404.tif,E:\LandSlide-Prediction\data\terrain\contours\NEG01404.png,1346.7919921875,1301.4810791015625,1397.52392578125,96.0428466796875,11.10269546508789,24.73871612548828,17.59009552001953,0.04051666706800461,0.5733597278594971
NEG01405,0,success,E:\LandSlide-Prediction\data\terrain\patches\NEG01405.tif,E:\LandSlide-Prediction\data\terrain\contours\NEG01405.png,595.9921875,536.8154907226562,674.2565307617188,137.4410400390625,12.41776180267334,35.314945220947266,21.090970993041992,0.003301728516817093,0.7986213564872742
NEG01406,0,success,E:\LandSlide-Prediction\data\terrain\patches\NEG01406.tif,E:\LandSlide-Prediction\data\terrain\contours\NEG01406.png,1346.7760009765625,1189.4742431640625,1487.607666015625,298.1334228515625,26.12982177734375,42.15391159057617,35.04615783691406,-0.0890994668006897,0.9000042080879211
NEG01407,0,success,E:\LandSlide-Prediction\data\terrain\patches\NEG01407.tif,E:\LandSlide-Prediction\data\terrain\contours\NEG01407.png,234.27395629882812,187.87184143066406,300.29290771484375,112.42106628417969,11.713715553283691,27.225873947143555,19.815608978271484,-0.002239599823951721,0.5333893895149231
NEG01408,0,success,E:\LandSlide-Prediction\data\terrain\patches\NEG01408.tif,E:\LandSlide-Prediction\data\terrain\contours\NEG01408.png,85.65147399902344,76.69982147216797,101.45855712890625,24.75873565673828,5.499715805053711,18.65531349182129,9.962371826171875,-0.003010692074894905,0.4480871856212616
NEG01409,0,success,E:\LandSlide-Prediction\data\terrain\patches\NEG01409.tif,E:\LandSlide-Prediction\data\terrain\contours\NEG01409.png,224.704833984375,213.44931030273438,248.7784423828125,35.329132080078125,5.008718490600586,16.833276748657227,11.486322402954102,0.0052281394600868225,0.37829598784446716
NEG01410,0,success,E:\LandSlide-Prediction\data\terrain\patches\NEG01410.tif,E:\LandSlide-Prediction\data\terrain\contours\NEG01410.png,1020.4297485351562,908.4376220703125,1083.8486328125,175.4110107421875,18.360687255859375,32.86541748046875,27.888029098510742,0.014661770313978195,0.8940646052360535
NEG01411,0,success,E:\LandSlide-Prediction\data\terrain\patches\NEG01411.tif,E:\LandSlide-Prediction\data\terrain\contours\NEG01411.png,1000.19775390625,955.2587890625,1066.7115478515625,111.4527587890625,13.009271621704102,32.065372467041016,20.91134262084961,0.03368045762181282,0.8152060508728027
NEG01412,0,success,E:\LandSlide-Prediction\data\terrain\patches\NEG01412.tif,E:\LandSlide-Prediction\data\terrain\contours\NEG01412.png,662.402099609375,580.4459228515625,752.0992431640625,171.6533203125,17.715347290039062,32.79176330566406,27.288501739501953,-0.03553323447704315,0.7215537428855896
NEG01413,0,success,E:\LandSlide-Prediction\data\terrain\patches\NEG01413.tif,E:\LandSlide-Prediction\data\terrain\contours\NEG01413.png,376.01239013671875,360.8583679199219,399.90069580078125,39.042327880859375,4.256968021392822,14.87967586517334,7.3004655838012695,-0.02175101637840271,0.2953849136829376
NEG01414,0,success,E:\LandSlide-Prediction\data\terrain\patches\NEG01414.tif,E:\LandSlide-Prediction\data\terrain\contours\NEG01414.png,242.82754516601562,221.1472930908203,268.1878356933594,47.04054260253906,5.915844440460205,17.174646377563477,9.95028305053711,0.007129043340682983,0.3924574553966522
NEG01415,0,success,E:\LandSlide-Prediction\data\terrain\patches\NEG01415.tif,E:\LandSlide-Prediction\data\terrain\contours\NEG01415.png,1456.090576171875,1408.427978515625,1612.6700439453125,204.2420654296875,14.630563735961914,33.3465690612793,27.116260528564453,0.03285834938287735,0.6429458856582642
NEG01416,0,success,E:\LandSlide-Prediction\data\terrain\patches\NEG01416.tif,E:\LandSlide-Prediction\data\terrain\contours\NEG01416.png,1072.958251953125,978.4133911132812,1155.841796875,177.42840576171875,17.487895965576172,47.70830535888672,32.35205078125,0.03517463430762291,0.9952635765075684
NEG01417,0,success,E:\LandSlide-Prediction\data\terrain\patches\NEG01417.tif,E:\LandSlide-Prediction\data\terrain\contours\NEG01417.png,151.75498962402344,82.86650848388672,226.11419677734375,143.2476806640625,17.20733070373535,34.72482681274414,26.859512329101562,-0.01131228357553482,0.8432667851448059
NEG01418,0,success,E:\LandSlide-Prediction\data\terrain\patches\NEG01418.tif,E:\LandSlide-Prediction\data\terrain\contours\NEG01418.png,428.7286071777344,385.48516845703125,548.37744140625,162.89227294921875,16.105667114257812,33.64088821411133,26.969749450683594,0.08002946525812149,0.4936877489089966
NEG01419,0,success,E:\LandSlide-Prediction\data\terrain\patches\NEG01419.tif,E:\LandSlide-Prediction\data\terrain\contours\NEG01419.png,4.525323867797852,0.9400485157966614,30.5540828704834,29.61403465270996,2.7990212440490723,22.904518127441406,8.558332443237305,0.0026554036885499954,0.23063619434833527
NEG01420,0,success,E:\LandSlide-Prediction\data\terrain\patches\NEG01420.tif,E:\LandSlide-Prediction\data\terrain\contours\NEG01420.png,257.0918273925781,229.12681579589844,327.125,97.99818420410156,7.803955078125,24.598058700561523,16.58981704711914,0.009509848430752754,0.35483860969543457
NEG01421,0,success,E:\LandSlide-Prediction\data\terrain\patches\NEG01421.tif,E:\LandSlide-Prediction\data\terrain\contours\NEG01421.png,294.24591064453125,201.9159393310547,431.2559509277344,229.3400115966797,20.12106704711914,40.16630172729492,29.506004333496094,0.07339662313461304,0.7067863345146179
NEG01422,0,success,E:\LandSlide-Prediction\data\terrain\patches\NEG01422.tif,E:\LandSlide-Prediction\data\terrain\contours\NEG01422.png,1284.996826171875,1254.985595703125,1325.3394775390625,70.3538818359375,13.945045471191406,40.54002380371094,29.09414291381836,0.013693057000637054,1.0259461402893066
NEG01423,0,success,E:\LandSlide-Prediction\data\terrain\patches\NEG01423.tif,E:\LandSlide-Prediction\data\terrain\contours\NEG01423.png,38.07256317138672,17.478418350219727,70.09676361083984,52.61834716796875,6.659380912780762,21.527475357055664,11.848287582397461,0.007165301591157913,0.3951021432876587
NEG01424,0,success,E:\LandSlide-Prediction\data\terrain\patches\NEG01424.tif,E:\LandSlide-Prediction\data\terrain\contours\NEG01424.png,73.81398010253906,37.69547653198242,121.44677734375,83.75129699707031,11.840336799621582,36.40677261352539,22.35584259033203,0.02530841901898384,0.6865779161453247
NEG01425,0,success,E:\LandSlide-Prediction\data\terrain\patches\NEG01425.tif,E:\LandSlide-Prediction\data\terrain\contours\NEG01425.png,210.0797882080078,178.82652282714844,275.7685852050781,96.94206237792969,9.360147476196289,29.614233016967773,22.1500186920166,-0.01795099303126335,0.4888439178466797
NEG01426,0,success,E:\LandSlide-Prediction\data\terrain\patches\NEG01426.tif,E:\LandSlide-Prediction\data\terrain\contours\NEG01426.png,1371.81982421875,1261.1265869140625,1471.3006591796875,210.174072265625,22.675880432128906,41.0731201171875,31.464406967163086,-0.056241050362586975,0.847665548324585
NEG01427,0,success,E:\LandSlide-Prediction\data\terrain\patches\NEG01427.tif,E:\LandSlide-Prediction\data\terrain\contours\NEG01427.png,453.23187255859375,375.2523498535156,628.49658203125,253.24423217773438,13.058837890625,51.78976821899414,21.055553436279297,0.07802081108093262,0.6299254298210144
NEG01428,0,success,E:\LandSlide-Prediction\data\terrain\patches\NEG01428.tif,E:\LandSlide-Prediction\data\terrain\contours\NEG01428.png,352.9599609375,310.69598388671875,381.3050537109375,70.60906982421875,7.665026664733887,20.800125122070312,13.374349594116211,-0.010414302349090576,0.4594947099685669
NEG01429,0,success,E:\LandSlide-Prediction\data\terrain\patches\NEG01429.tif,E:\LandSlide-Prediction\data\terrain\contours\NEG01429.png,308.8421325683594,266.4451904296875,339.577880859375,73.1326904296875,8.590538024902344,22.65236473083496,15.487238883972168,0.025568490847945213,0.5212736129760742
NEG01430,0,success,E:\LandSlide-Prediction\data\terrain\patches\NEG01430.tif,E:\LandSlide-Prediction\data\terrain\contours\NEG01430.png,146.8179931640625,142.30169677734375,153.02114868164062,10.719451904296875,1.6776175498962402,8.11230182647705,3.105572462081909,0.006712735630571842,0.14575158059597015
NEG01431,0,success,E:\LandSlide-Prediction\data\terrain\patches\NEG01431.tif,E:\LandSlide-Prediction\data\terrain\contours\NEG01431.png,1000.17041015625,944.68408203125,1078.186279296875,133.502197265625,17.831268310546875,33.850830078125,27.204639434814453,0.03012264147400856,0.7907872200012207
NEG01432,0,success,E:\LandSlide-Prediction\data\terrain\patches\NEG01432.tif,E:\LandSlide-Prediction\data\terrain\contours\NEG01432.png,92.95024871826172,78.28660583496094,111.60482025146484,33.318214416503906,5.908661365509033,16.64067840576172,9.775504112243652,-0.009962212294340134,0.3728589713573456
NEG01433,0,success,E:\LandSlide-Prediction\data\terrain\patches\NEG01433.tif,E:\LandSlide-Prediction\data\terrain\contours\NEG01433.png,1181.998779296875,1142.1756591796875,1254.3065185546875,112.130859375,12.855470657348633,32.276641845703125,21.443431854248047,0.0313001349568367,0.6261699795722961
NEG01434,0,success,E:\LandSlide-Prediction\data\terrain\patches\NEG01434.tif,E:\LandSlide-Prediction\data\terrain\contours\NEG01434.png,829.6315307617188,743.726318359375,915.3440551757812,171.61773681640625,14.013049125671387,31.49894905090332,21.94375991821289,-0.03860028460621834,0.668368399143219
NEG01435,0,success,E:\LandSlide-Prediction\data\terrain\patches\NEG01435.tif,E:\LandSlide-Prediction\data\terrain\contours\NEG01435.png,68.55713653564453,39.33467483520508,128.69549560546875,89.36082458496094,8.555025100708008,22.808820724487305,13.300253868103027,-0.004564795643091202,0.4450739920139313
NEG01436,0,success,E:\LandSlide-Prediction\data\terrain\patches\NEG01436.tif,E:\LandSlide-Prediction\data\terrain\contours\NEG01436.png,1163.676025390625,1080.59375,1252.8807373046875,172.2869873046875,20.999465942382812,40.343170166015625,31.873287200927734,-0.00324886292219162,0.9710221886634827
NEG01437,0,success,E:\LandSlide-Prediction\data\terrain\patches\NEG01437.tif,E:\LandSlide-Prediction\data\terrain\contours\NEG01437.png,1516.8154296875,1473.9620361328125,1561.975830078125,88.0137939453125,12.561199188232422,38.530399322509766,21.642778396606445,-0.03258346766233444,0.6959931254386902
NEG01438,0,success,E:\LandSlide-Prediction\data\terrain\patches\NEG01438.tif,E:\LandSlide-Prediction\data\terrain\contours\NEG01438.png,70.80596923828125,49.79815673828125,134.5284423828125,84.73028564453125,7.8229756355285645,37.02585983276367,16.399839401245117,0.024194784462451935,0.5547325015068054
NEG01439,0,success,E:\LandSlide-Prediction\data\terrain\patches\NEG01439.tif,E:\LandSlide-Prediction\data\terrain\contours\NEG01439.png,145.55062866210938,100.93399810791016,219.04562377929688,118.11162567138672,12.943595886230469,42.037559509277344,24.436079025268555,-0.004647986963391304,0.710337221622467
NEG01440,0,success,E:\LandSlide-Prediction\data\terrain\patches\NEG01440.tif,E:\LandSlide-Prediction\data\terrain\contours\NEG01440.png,261.2687683105469,194.50111389160156,417.3634033203125,222.86228942871094,16.76540184020996,34.01628494262695,27.242950439453125,-0.03571262210607529,0.5496647357940674
NEG01441,0,success,E:\LandSlide-Prediction\data\terrain\patches\NEG01441.tif,E:\LandSlide-Prediction\data\terrain\contours\NEG01441.png,1030.659423828125,949.0000610351562,1128.655029296875,179.65496826171875,16.410451889038086,32.396514892578125,24.584980010986328,-0.033656902611255646,0.8345596790313721
NEG01442,0,success,E:\LandSlide-Prediction\data\terrain\patches\NEG01442.tif,E:\LandSlide-Prediction\data\terrain\contours\NEG01442.png,80.08832550048828,35.95166015625,99.16336059570312,63.211700439453125,7.633547782897949,57.3859748840332,31.47090721130371,0.002512776991352439,2.2000603675842285
NEG01443,0,success,E:\LandSlide-Prediction\data\terrain\patches\NEG01443.tif,E:\LandSlide-Prediction\data\terrain\contours\NEG01443.png,1270.350830078125,1218.9117431640625,1345.275634765625,126.3638916015625,15.00265884399414,35.67053985595703,24.38182830810547,0.02619391679763794,0.8296657800674438
NEG01444,0,success,E:\LandSlide-Prediction\data\terrain\patches\NEG01444.tif,E:\LandSlide-Prediction\data\terrain\contours\NEG01444.png,554.7867431640625,382.43341064453125,735.6202392578125,353.18682861328125,27.38945770263672,41.268943786621094,34.39588928222656,-0.08745832741260529,0.8201133012771606
NEG01445,0,success,E:\LandSlide-Prediction\data\terrain\patches\NEG01445.tif,E:\LandSlide-Prediction\data\terrain\contours\NEG01445.png,164.39486694335938,154.2329559326172,188.56419372558594,34.33123779296875,3.768040657043457,16.51253318786621,7.142834663391113,-0.002707730047404766,0.29013189673423767
NEG01446,0,success,E:\LandSlide-Prediction\data\terrain\patches\NEG01446.tif,E:\LandSlide-Prediction\data\terrain\contours\NEG01446.png,490.38262939453125,445.02093505859375,563.54931640625,118.52838134765625,14.329240798950195,40.607357025146484,25.96695327758789,-0.004389207810163498,0.7547886967658997
NEG01447,0,success,E:\LandSlide-Prediction\data\terrain\patches\NEG01447.tif,E:\LandSlide-Prediction\data\terrain\contours\NEG01447.png,87.23133850097656,76.96578979492188,109.42295837402344,32.45716857910156,4.187611103057861,23.083078384399414,9.917146682739258,-0.011761562898755074,0.3680245280265808
NEG01448,0,success,E:\LandSlide-Prediction\data\terrain\patches\NEG01448.tif,E:\LandSlide-Prediction\data\terrain\contours\NEG01448.png,251.4580535888672,216.01766967773438,308.1560974121094,92.138427734375,10.778557777404785,32.330726623535156,21.908527374267578,-0.016910504549741745,0.5551360845565796
NEG01449,0,success,E:\LandSlide-Prediction\data\terrain\patches\NEG01449.tif,E:\LandSlide-Prediction\data\terrain\contours\NEG01449.png,1141.4818115234375,994.7684326171875,1270.88134765625,276.1129150390625,19.920013427734375,38.045082092285156,27.931777954101562,0.09876061230897903,0.611914873123169
NEG01450,0,success,E:\LandSlide-Prediction\data\terrain\patches\NEG01450.tif,E:\LandSlide-Prediction\data\terrain\contours\NEG01450.png,504.5965881347656,435.2445983886719,614.5639038085938,179.31930541992188,15.180105209350586,35.23175048828125,23.48822021484375,0.05531887710094452,0.6909758448600769
NEG01451,0,success,E:\LandSlide-Prediction\data\terrain\patches\NEG01451.tif,E:\LandSlide-Prediction\data\terrain\contours\NEG01451.png,150.881103515625,50.755958557128906,252.8252716064453,202.06930541992188,18.211227416992188,35.648616790771484,27.364856719970703,0.03586336970329285,0.7784079313278198
NEG01452,0,success,E:\LandSlide-Prediction\data\terrain\patches\NEG01452.tif,E:\LandSlide-Prediction\data\terrain\contours\NEG01452.png,708.056396484375,604.5052490234375,915.4542236328125,310.948974609375,18.031959533691406,59.3932991027832,25.816898345947266,-0.07954008877277374,0.9765686392784119
NEG01453,0,success,E:\LandSlide-Prediction\data\terrain\patches\NEG01453.tif,E:\LandSlide-Prediction\data\terrain\contours\NEG01453.png,119.87068176269531,111.22689819335938,134.73948669433594,23.512588500976562,3.440735340118408,10.015381813049316,5.798738479614258,0.0035074297338724136,0.19767935574054718
NEG01454,0,success,E:\LandSlide-Prediction\data\terrain\patches\NEG01454.tif,E:\LandSlide-Prediction\data\terrain\contours\NEG01454.png,1119.560302734375,1083.719970703125,1179.147216796875,95.42724609375,8.719522476196289,22.205978393554688,13.839302062988281,0.01626306027173996,0.44561347365379333
NEG01455,0,success,E:\LandSlide-Prediction\data\terrain\patches\NEG01455.tif,E:\LandSlide-Prediction\data\terrain\contours\NEG01455.png,149.87872314453125,131.80340576171875,193.880126953125,62.07672119140625,8.310523986816406,23.197162628173828,17.12761878967285,-0.01086133811622858,0.45153921842575073
NEG01456,0,success,E:\LandSlide-Prediction\data\terrain\patches\NEG01456.tif,E:\LandSlide-Prediction\data\terrain\contours\NEG01456.png,127.97496795654297,119.5296859741211,138.5904083251953,19.06072235107422,2.640575408935547,7.914824485778809,4.982086658477783,0.0033522779121994972,0.19709664583206177
NEG01457,0,success,E:\LandSlide-Prediction\data\terrain\patches\NEG01457.tif,E:\LandSlide-Prediction\data\terrain\contours\NEG01457.png,95.13114166259766,81.0555419921875,161.8778076171875,80.822265625,6.171474456787109,31.493122100830078,10.48727035522461,0.0011823587119579315,0.44934147596359253
NEG01458,0,success,E:\LandSlide-Prediction\data\terrain\patches\NEG01458.tif,E:\LandSlide-Prediction\data\terrain\contours\NEG01458.png,1137.575927734375,1054.5235595703125,1223.49609375,168.9725341796875,14.950774192810059,27.633983612060547,20.85381317138672,0.04585582762956619,0.6062629818916321
NEG01459,0,success,E:\LandSlide-Prediction\data\terrain\patches\NEG01459.tif,E:\LandSlide-Prediction\data\terrain\contours\NEG01459.png,153.49774169921875,105.03437042236328,217.28970336914062,112.25533294677734,16.14048957824707,36.7162971496582,28.59799575805664,0.060562606900930405,0.7180162668228149
NEG01460,0,success,E:\LandSlide-Prediction\data\terrain\patches\NEG01460.tif,E:\LandSlide-Prediction\data\terrain\contours\NEG01460.png,158.65760803222656,120.56815338134766,224.8950958251953,104.32694244384766,10.569572448730469,31.237184524536133,22.70738410949707,0.0011748583056032658,0.5549920797348022
NEG01461,0,success,E:\LandSlide-Prediction\data\terrain\patches\NEG01461.tif,E:\LandSlide-Prediction\data\terrain\contours\NEG01461.png,797.8865966796875,729.6937866210938,886.2941284179688,156.600341796875,15.47116756439209,31.127626419067383,24.093664169311523,-0.019073080271482468,0.7454935312271118
NEG01462,0,success,E:\LandSlide-Prediction\data\terrain\patches\NEG01462.tif,E:\LandSlide-Prediction\data\terrain\contours\NEG01462.png,133.48049926757812,123.8613510131836,146.05584716796875,22.194496154785156,4.396323204040527,14.269797325134277,8.324331283569336,0.008666765876114368,0.3612561523914337
NEG01463,0,success,E:\LandSlide-Prediction\data\terrain\patches\NEG01463.tif,E:\LandSlide-Prediction\data\terrain\contours\NEG01463.png,1070.550048828125,978.9746704101562,1143.44091796875,164.46624755859375,16.68136215209961,36.34071731567383,26.212844848632812,-0.03890547528862953,0.6590924859046936
NEG01464,0,success,E:\LandSlide-Prediction\data\terrain\patches\NEG01464.tif,E:\LandSlide-Prediction\data\terrain\contours\NEG01464.png,149.85836791992188,140.15975952148438,163.98110961914062,23.82135009765625,3.2547695636749268,12.498620986938477,5.65455436706543,0.008264177478849888,0.26123136281967163
NEG01465,0,success,E:\LandSlide-Prediction\data\terrain\patches\NEG01465.tif,E:\LandSlide-Prediction\data\terrain\contours\NEG01465.png,87.95326232910156,37.16436767578125,228.8817138671875,191.71734619140625,15.334259986877441,46.67030715942383,29.668262481689453,0.03781207650899887,0.6256445646286011
NEG01466,0,success,E:\LandSlide-Prediction\data\terrain\patches\NEG01466.tif,E:\LandSlide-Prediction\data\terrain\contours\NEG01466.png,331.815673828125,178.6538848876953,382.3441467285156,203.6902618408203,17.62295150756836,50.19745635986328,33.11412811279297,-0.042490702122449875,0.8642280697822571
NEG01467,0,success,E:\LandSlide-Prediction\data\terrain\patches\NEG01467.tif,E:\LandSlide-Prediction\data\terrain\contours\NEG01467.png,1048.4833984375,948.8212890625,1110.03564453125,161.21435546875,14.051891326904297,30.961484909057617,23.604480743408203,-0.040822144597768784,0.5815895795822144
NEG01468,0,success,E:\LandSlide-Prediction\data\terrain\patches\NEG01468.tif,E:\LandSlide-Prediction\data\terrain\contours\NEG01468.png,160.19876098632812,62.46177291870117,227.096923828125,164.63514709472656,16.121707916259766,34.544132232666016,27.365829467773438,-0.04753996804356575,0.7047418355941772
NEG01469,0,success,E:\LandSlide-Prediction\data\terrain\patches\NEG01469.tif,E:\LandSlide-Prediction\data\terrain\contours\NEG01469.png,1542.782958984375,1415.017333984375,1660.0997314453125,245.0823974609375,22.241971969604492,37.604148864746094,31.367916107177734,0.035836853086948395,0.9459303617477417
NEG01470,0,success,E:\LandSlide-Prediction\data\terrain\patches\NEG01470.tif,E:\LandSlide-Prediction\data\terrain\contours\NEG01470.png,313.292724609375,207.6198272705078,427.5606384277344,219.94081115722656,18.609636306762695,34.281986236572266,27.57091522216797,0.009228840470314026,0.6347150802612305
NEG01471,0,success,E:\LandSlide-Prediction\data\terrain\patches\NEG01471.tif,E:\LandSlide-Prediction\data\terrain\contours\NEG01471.png,1397.6177978515625,1315.5693359375,1504.6666259765625,189.0972900390625,19.625652313232422,36.68906784057617,28.135486602783203,0.0547739714384079,0.8321782946586609
NEG01472,0,success,E:\LandSlide-Prediction\data\terrain\patches\NEG01472.tif,E:\LandSlide-Prediction\data\terrain\contours\NEG01472.png,1080.375732421875,980.708740234375,1231.1837158203125,250.4749755859375,22.78815460205078,44.11790466308594,33.84237289428711,0.0551379956305027,1.0605188608169556
NEG01473,0,success,E:\LandSlide-Prediction\data\terrain\patches\NEG01473.tif,E:\LandSlide-Prediction\data\terrain\contours\NEG01473.png,1029.3717041015625,907.7191772460938,1164.8203125,257.10113525390625,24.369787216186523,49.658321380615234,33.21417236328125,-0.048045750707387924,1.1728646755218506
NEG01474,0,success,E:\LandSlide-Prediction\data\terrain\patches\NEG01474.tif,E:\LandSlide-Prediction\data\terrain\contours\NEG01474.png,184.02862548828125,150.45645141601562,276.7626037597656,126.30615234375,12.708321571350098,33.35003662109375,21.985828399658203,0.01930798403918743,0.6854684948921204
NEG01475,0,success,E:\LandSlide-Prediction\data\terrain\patches\NEG01475.tif,E:\LandSlide-Prediction\data\terrain\contours\NEG01475.png,275.9212341308594,265.6496276855469,323.6421203613281,57.99249267578125,4.704319000244141,26.6375789642334,12.03796672821045,-0.003923485055565834,0.38037267327308655
NEG01476,0,success,E:\LandSlide-Prediction\data\terrain\patches\NEG01476.tif,E:\LandSlide-Prediction\data\terrain\contours\NEG01476.png,12.860952377319336,2.4161014556884766,32.11747360229492,29.701372146606445,6.0111284255981445,16.254613876342773,10.93768310546875,-0.0022883908823132515,0.41861262917518616
NEG01477,0,success,E:\LandSlide-Prediction\data\terrain\patches\NEG01477.tif,E:\LandSlide-Prediction\data\terrain\contours\NEG01477.png,262.0163269042969,225.67202758789062,342.2781066894531,116.6060791015625,9.443492889404297,25.590517044067383,16.052764892578125,0.006056239828467369,0.4562010169029236
NEG01478,0,success,E:\LandSlide-Prediction\data\terrain\patches\NEG01478.tif,E:\LandSlide-Prediction\data\terrain\contours\NEG01478.png,1946.2021484375,1853.1248779296875,2015.1175537109375,161.99267578125,15.00313949584961,39.292701721191406,25.959918975830078,-0.01376526802778244,0.7512954473495483
NEG01479,0,success,E:\LandSlide-Prediction\data\terrain\patches\NEG01479.tif,E:\LandSlide-Prediction\data\terrain\contours\NEG01479.png,127.68905639648438,120.0,141.19100952148438,21.191009521484375,2.813416004180908,11.733742713928223,5.960730075836182,-0.0009871232323348522,0.23217777907848358
NEG01480,0,success,E:\LandSlide-Prediction\data\terrain\patches\NEG01480.tif,E:\LandSlide-Prediction\data\terrain\contours\NEG01480.png,50.83309555053711,28.05082130432129,93.11861419677734,65.06779479980469,10.0899658203125,28.689661026000977,18.215259552001953,-0.024330763146281242,0.6344456076622009
NEG01481,0,success,E:\LandSlide-Prediction\data\terrain\patches\NEG01481.tif,E:\LandSlide-Prediction\data\terrain\contours\NEG01481.png,81.82327270507812,35.31486511230469,133.6471405029297,98.332275390625,12.358394622802734,30.161373138427734,20.832168579101562,0.016083233058452606,0.657580554485321
NEG01482,0,success,E:\LandSlide-Prediction\data\terrain\patches\NEG01482.tif,E:\LandSlide-Prediction\data\terrain\contours\NEG01482.png,1186.125244140625,1051.161865234375,1268.0565185546875,216.8946533203125,22.343963623046875,42.15830612182617,31.285205841064453,0.007329806685447693,1.0910124778747559
NEG01483,0,success,E:\LandSlide-Prediction\data\terrain\patches\NEG01483.tif,E:\LandSlide-Prediction\data\terrain\contours\NEG01483.png,1253.94384765625,1161.0,1417.39111328125,256.39111328125,21.365007400512695,51.9451789855957,39.33330535888672,-0.04277386516332626,1.0286071300506592
NEG01484,0,success,E:\LandSlide-Prediction\data\terrain\patches\NEG01484.tif,E:\LandSlide-Prediction\data\terrain\contours\NEG01484.png,588.441162109375,328.3921813964844,794.8724365234375,466.4802551269531,32.91792297363281,50.32851028442383,44.51924514770508,0.00250142440199852,0.9022477269172668
NEG01485,0,success,E:\LandSlide-Prediction\data\terrain\patches\NEG01485.tif,E:\LandSlide-Prediction\data\terrain\contours\NEG01485.png,114.706787109375,77.78602600097656,167.0637969970703,89.27777099609375,10.619361877441406,28.450613021850586,19.211442947387695,0.06972981989383698,0.5222969651222229
NEG01486,0,success,E:\LandSlide-Prediction\data\terrain\patches\NEG01486.tif,E:\LandSlide-Prediction\data\terrain\contours\NEG01486.png,261.0615234375,125.71006774902344,373.06195068359375,247.3518829345703,27.558494567871094,50.17038345336914,41.40332794189453,-0.03936556354165077,1.0209760665893555
NEG01487,0,success,E:\LandSlide-Prediction\data\terrain\patches\NEG01487.tif,E:\LandSlide-Prediction\data\terrain\contours\NEG01487.png,230.32020568847656,192.26211547851562,317.936279296875,125.67416381835938,9.93501091003418,31.279645919799805,19.1588191986084,-0.022761637344956398,0.5997738838195801
NEG01488,0,success,E:\LandSlide-Prediction\data\terrain\patches\NEG01488.tif,E:\LandSlide-Prediction\data\terrain\contours\NEG01488.png,160.32052612304688,135.45196533203125,217.6409149169922,82.18894958496094,8.945784568786621,28.82147789001465,15.596376419067383,-0.0003108084201812744,0.4459759593009949
NEG01489,0,success,E:\LandSlide-Prediction\data\terrain\patches\NEG01489.tif,E:\LandSlide-Prediction\data\terrain\contours\NEG01489.png,1616.1832275390625,1511.744873046875,1721.9798583984375,210.2349853515625,20.852678298950195,43.839691162109375,31.400455474853516,0.05796143412590027,0.919834315776825
NEG01490,0,success,E:\LandSlide-Prediction\data\terrain\patches\NEG01490.tif,E:\LandSlide-Prediction\data\terrain\contours\NEG01490.png,636.3095092773438,590.023681640625,677.4551391601562,87.43145751953125,9.573537826538086,34.45793533325195,16.561960220336914,-0.007331080734729767,0.6313005089759827
NEG01491,0,success,E:\LandSlide-Prediction\data\terrain\patches\NEG01491.tif,E:\LandSlide-Prediction\data\terrain\contours\NEG01491.png,230.20526123046875,142.80722045898438,360.5711975097656,217.76397705078125,17.524585723876953,38.797359466552734,32.1781005859375,-0.027175839990377426,0.6095411777496338
NEG01492,0,success,E:\LandSlide-Prediction\data\terrain\patches\NEG01492.tif,E:\LandSlide-Prediction\data\terrain\contours\NEG01492.png,433.8168640136719,407.06591796875,526.9708862304688,119.90496826171875,10.799053192138672,34.081199645996094,21.006771087646484,-0.008278317749500275,0.5990152359008789
NEG01493,0,success,E:\LandSlide-Prediction\data\terrain\patches\NEG01493.tif,E:\LandSlide-Prediction\data\terrain\contours\NEG01493.png,134.6125946044922,127.95124816894531,145.2166748046875,17.265426635742188,3.2370104789733887,13.435945510864258,6.64265251159668,0.0062500350177288055,0.2903395891189575
NEG01494,0,success,E:\LandSlide-Prediction\data\terrain\patches\NEG01494.tif,E:\LandSlide-Prediction\data\terrain\contours\NEG01494.png,597.2453002929688,540.5027465820312,676.6806640625,136.17791748046875,17.320781707763672,35.55038070678711,25.957015991210938,-0.021830052137374878,0.8112727403640747
NEG01495,0,success,E:\LandSlide-Prediction\data\terrain\patches\NEG01495.tif,E:\LandSlide-Prediction\data\terrain\contours\NEG01495.png,1317.086181640625,1164.1484375,1416.1031494140625,251.9547119140625,19.60162925720215,37.402462005615234,29.840375900268555,0.050332218408584595,0.8016236424446106
NEG01496,0,success,E:\LandSlide-Prediction\data\terrain\patches\NEG01496.tif,E:\LandSlide-Prediction\data\terrain\contours\NEG01496.png,400.25177001953125,304.88031005859375,439.77154541015625,134.8912353515625,14.496736526489258,34.316184997558594,27.356670379638672,-0.019134480506181717,0.7035099267959595
NEG01497,0,success,E:\LandSlide-Prediction\data\terrain\patches\NEG01497.tif,E:\LandSlide-Prediction\data\terrain\contours\NEG01497.png,861.8319091796875,727.7237548828125,1010.3538818359375,282.630126953125,26.808765411376953,47.41080093383789,38.382171630859375,0.058548666536808014,1.0965673923492432
NEG01498,0,success,E:\LandSlide-Prediction\data\terrain\patches\NEG01498.tif,E:\LandSlide-Prediction\data\terrain\contours\NEG01498.png,128.5426025390625,79.53022766113281,172.0135040283203,92.4832763671875,11.783934593200684,29.386526107788086,20.980751037597656,-0.02214490808546543,0.506659984588623
NEG01499,0,success,E:\LandSlide-Prediction\data\terrain\patches\NEG01499.tif,E:\LandSlide-Prediction\data\terrain\contours\NEG01499.png,132.97300720214844,51.89011001586914,224.03179931640625,172.14169311523438,15.328851699829102,28.442346572875977,20.816999435424805,0.08025356382131577,0.5726375579833984
NEG01500,0,success,E:\LandSlide-Prediction\data\terrain\patches\NEG01500.tif,E:\LandSlide-Prediction\data\terrain\contours\NEG01500.png,411.67315673828125,391.9623107910156,435.34521484375,43.382904052734375,8.754215240478516,21.57517433166504,15.00562858581543,0.009286239743232727,0.5250474810600281
NEG01501,0,success,E:\LandSlide-Prediction\data\terrain\patches\NEG01501.tif,E:\LandSlide-Prediction\data\terrain\contours\NEG01501.png,685.373291015625,612.1422119140625,781.880126953125,169.7379150390625,17.806678771972656,41.11407470703125,29.648521423339844,0.0208151713013649,0.8539822101593018
NEG01502,0,success,E:\LandSlide-Prediction\data\terrain\patches\NEG01502.tif,E:\LandSlide-Prediction\data\terrain\contours\NEG01502.png,395.0403747558594,313.0114440917969,443.3992004394531,130.38775634765625,14.201953887939453,31.92311668395996,23.48621368408203,-0.00443609431385994,0.684256374835968
NEG01503,0,success,E:\LandSlide-Prediction\data\terrain\patches\NEG01503.tif,E:\LandSlide-Prediction\data\terrain\contours\NEG01503.png,708.5393676757812,518.870361328125,853.5682983398438,334.69793701171875,25.71851348876953,43.51420974731445,34.125450134277344,0.0339098758995533,0.8466874957084656
NEG01504,0,success,E:\LandSlide-Prediction\data\terrain\patches\NEG01504.tif,E:\LandSlide-Prediction\data\terrain\contours\NEG01504.png,290.5987548828125,225.37571716308594,374.96746826171875,149.5917510986328,17.742263793945312,42.32799530029297,30.881813049316406,-0.010604124516248703,0.867821455001831
NEG01505,0,success,E:\LandSlide-Prediction\data\terrain\patches\NEG01505.tif,E:\LandSlide-Prediction\data\terrain\contours\NEG01505.png,1838.744140625,1810.14306640625,1878.4166259765625,68.2735595703125,12.326705932617188,28.10841178894043,19.177509307861328,0.009736396372318268,0.6863710880279541
NEG01506,0,success,E:\LandSlide-Prediction\data\terrain\patches\NEG01506.tif,E:\LandSlide-Prediction\data\terrain\contours\NEG01506.png,80.64059448242188,26.698564529418945,221.90966796875,195.2111053466797,15.37188720703125,46.09391784667969,30.194889068603516,0.0030116811394691467,0.8497197031974792
NEG01507,0,success,E:\LandSlide-Prediction\data\terrain\patches\NEG01507.tif,E:\LandSlide-Prediction\data\terrain\contours\NEG01507.png,225.63360595703125,168.3557891845703,347.77435302734375,179.41856384277344,14.52242660522461,42.135433197021484,29.79097557067871,0.01391194574534893,0.6188266277313232
NEG01508,0,success,E:\LandSlide-Prediction\data\terrain\patches\NEG01508.tif,E:\LandSlide-Prediction\data\terrain\contours\NEG01508.png,108.74697875976562,93.20767211914062,125.49723052978516,32.28955841064453,5.669635772705078,16.92535400390625,11.341629028320312,0.017040451988577843,0.4533160328865051
NEG01509,0,success,E:\LandSlide-Prediction\data\terrain\patches\NEG01509.tif,E:\LandSlide-Prediction\data\terrain\contours\NEG01509.png,68.0135498046875,18.02667808532715,189.84207153320312,171.81539916992188,13.572413444519043,31.71129608154297,23.34612274169922,-0.01765112392604351,0.6230973601341248
NEG01510,0,success,E:\LandSlide-Prediction\data\terrain\patches\NEG01510.tif,E:\LandSlide-Prediction\data\terrain\contours\NEG01510.png,188.716064453125,102.12742614746094,290.4869689941406,188.3595428466797,23.09717559814453,43.494144439697266,36.446163177490234,0.05303686857223511,0.8559618592262268
NEG01511,0,success,E:\LandSlide-Prediction\data\terrain\patches\NEG01511.tif,E:\LandSlide-Prediction\data\terrain\contours\NEG01511.png,858.6983032226562,791.5488891601562,955.9014282226562,164.3525390625,13.011714935302734,25.58651351928711,19.581592559814453,0.016839563846588135,0.6527166366577148
