landslide_id,longitude,latitude,utm_x,utm_y,label
LS_00002,80.51683883666992,7.710088729858398,446718.48264792,852278.0739069224,1
LS_00005,80.88276280854878,7.63932991027832,487069.44783339486,844427.3156439769,1
LS_00006,80.74507126055266,7.611654281616211,471881.0265546401,841374.3135541024,1
LS_00011,80.74383745193481,7.618221282958984,471745.3650903587,842100.3799732524,1
LS_00020,80.43869334661395,7.600591861936891,438084.79232117446,840183.1975278642,1
LS_00025,80.44469239758857,7.621555640685408,438749.5160425305,842499.9860122435,1
LS_00028,80.42002067868671,7.623325347900391,436028.3973308264,842699.212123324,1
LS_00032,80.41519943086126,7.608426845055674,435494.3686749111,841052.8232186077,1
LS_00035,80.40518124898274,7.625118255615234,434391.8278373353,842899.6539478377,1
LS_00040,80.41499582926431,7.601989746093751,435470.9482341701,840341.199535602,1
LS_00041,80.41586235591343,7.593391418457031,435565.25251951837,839390.4821190786,1
LS_00046,80.40971607632108,7.598752975463867,434888.0560311717,839984.1480700192,1
LS_00047,80.36613898277282,7.533100128173828,430070.477785729,832732.6314844717,1
LS_00053,80.68380387624106,7.598594665527344,465122.0392471748,839935.0197426465,1
LS_00057,80.6759934425354,7.596155166625977,464260.3002081295,839665.9667659085,1
LS_00059,80.69453430175781,7.603395462036133,466306.0424096083,840464.903471637,1
LS_00063,80.7437105178833,7.574085235595703,471728.4791036781,837221.1253753087,1
LS_00066,80.78065518538156,7.512409210205078,475800.47264575574,830400.6133816488,1
LS_00073,80.8869047164917,7.443538665771484,487520.6685502918,822782.5934867099,1
LS_00076,80.89619318644205,7.437519073486328,488545.43601178576,822116.8832304758,1
LS_00077,80.90897769927979,7.436395645141602,489956.1189204084,821992.3791254746,1
LS_00082,80.89709490117892,7.430517196655273,488644.7559663336,821342.8108998222,1
LS_00084,80.89128398895264,7.430421829223633,488003.5373254875,821332.4212845832,1
LS_00086,80.88670744214738,7.417448043823242,487498.16302183346,819898.311549487,1
LS_00089,80.89321231842041,7.414026260375977,488215.8861406,819519.8597778726,1
LS_00092,80.91912937164307,7.434469223022461,491076.26990008,821779.1981029856,1
LS_00093,80.86098204718695,7.478647232055664,484661.48790994426,826664.6284721886,1
LS_00094,80.85299110412598,7.464570999145509,483779.2881286724,825108.7990463696,1
LS_00098,80.84632746621173,7.460684674601051,483043.88230041147,824679.4197780264,1
LS_00100,80.84213471412659,7.453945159912109,482580.9894746624,823934.5354498696,1
LS_00102,80.83835124969482,7.445268630981445,482163.1663684444,822975.5036968696,1
LS_00104,80.83584594726562,7.43964958190918,481886.4921296975,822354.4246570601,1
LS_00112,80.85133965810141,7.42982292175293,483595.77815201104,821267.4929606244,1
LS_00113,80.89238529205322,7.420053482055664,488124.78450807865,820186.1835389466,1
LS_00117,80.82170508458064,7.426992416381836,480325.5567390595,820955.7896002757,1
LS_00126,80.82098020826066,7.44398307800293,480246.3274869669,822834.1252291269,1
LS_00134,80.85150194168091,7.498687744140625,483616.24892051297,828880.4338920217,1
LS_00135,80.77836537361145,7.498706817626953,475547.0792989845,828885.9438594843,1
LS_00138,80.76943039894104,7.508712768554687,474561.86089520104,829992.6078930923,1
LS_00146,80.76694808006286,7.489015579223633,474286.8357874902,827815.2315240186,1
LS_00152,80.80588376522064,7.433174133300781,478580.0028702243,821639.9070443203,1
LS_00153,80.78423595428467,7.452409744262695,476192.2751559975,823767.4983507476,1
LS_00159,80.72392904758453,7.440322875976562,469537.0425942199,822435.000282424,1
LS_00160,80.71707057952881,7.430984497070312,468779.5815760941,821403.1210483143,1
LS_00163,80.68126410885012,7.491811994877983,464833.26463998284,828130.3101478723,1
LS_00165,80.70904731750488,7.444787979125977,467895.23434853245,822929.6699188928,1
LS_00168,80.86381936073303,7.405738830566406,484972.0614739959,818604.5816857561,1
LS_00169,80.86922264099121,7.409107208251953,485568.4401247625,818976.7726714084,1
LS_00170,80.86553730684167,7.41473388671875,485161.9432557537,819598.9166984301,1
LS_00173,80.81614685058594,7.412872314453125,479711.5692371446,819395.0754211891,1
LS_00176,80.90801544189453,7.3940887451171875,489848.969221454,817315.4293670253,1
LS_00180,80.9009937286377,7.401723861694336,489074.2694125533,818159.6471027602,1
LS_00184,80.28737020492554,7.248645782470703,421329.7305269875,801297.673935613,1
LS_00185,80.93074617385864,7.174673080444336,492353.7216359082,793059.0183680657,1
LS_00189,80.67240357398987,7.19975471496582,463832.05151355354,795844.110068597,1
LS_00190,80.70130920410156,7.199590682983398,467023.3657605379,795823.7905163312,1
LS_00192,80.69132137298584,7.164762496948242,465918.06643658713,791974.3031988754,1
LS_00197,80.54301261901855,7.177806854248047,449544.1000481333,793430.0138570493,1
LS_00200,80.52674751281738,7.153957366943359,447745.51659141085,790795.2508699836,1
LS_00202,80.50492858886719,7.147193908691406,445335.504381022,790050.0773654471,1
LS_00204,80.479847240448,7.145071029663086,442565.7497331005,789818.442404688,1
LS_00210,80.39598970155458,7.117237091064453,433302.02573828294,786752.6120499374,1
LS_00211,80.41932845115662,7.124977111816406,435880.37537395634,787604.990425753,1
LS_00213,80.42759919166565,7.121246337890625,436793.1761089893,787191.4041179533,1
LS_00215,80.41905001231602,7.105777740478516,435846.96231971716,785482.4882196605,1
LS_00217,80.423348903656,7.098064422607422,436320.63409976463,784629.1685534307,1
LS_00218,80.4245921997797,7.078104019165039,436455.2006777294,782422.3276810151,1
LS_00219,80.4324813570295,7.082193374633789,437327.01477605785,782873.3441168108,1
LS_00220,80.44757095972696,7.089103698730469,438994.3698739016,783635.2858174049,1
LS_00221,80.43952751159668,7.098320007324219,438107.3223301614,784655.2331290116,1
LS_00223,80.52363699952329,7.124127717746056,447398.6520866072,787497.9102199879,1
LS_00226,80.464106798172,7.065547943115234,440817.50092472474,781029.0184626176,1
LS_00227,80.61561479287988,7.072349548339844,457550.52090410586,781764.4016752053,1
LS_00230,80.60960003425336,7.06901741027832,456885.9636966747,781396.5888818881,1
LS_00232,80.59076900482178,7.075588226318359,454806.9536087231,782124.776082274,1
LS_00233,80.62550163269043,7.065557479858398,458641.7828556418,781012.6538929327,1
LS_00235,80.71444830336678,7.138773549369386,468469.8040308065,789099.6101159124,1
LS_00239,80.6990234375,7.156047821044922,466767.84641418915,791010.3421024065,1
LS_00240,80.70384898400816,7.151398160708194,467300.3301512754,790495.9823181651,1
LS_00244,80.70741415023804,7.125612258911133,467692.17424324097,787645.1353380765,1
LS_00245,80.73769844902887,7.135631561279297,471036.87142895034,788750.7433109607,1
LS_00247,80.75073733329774,7.138839721679688,472476.81545308395,789104.601269114,1
LS_00250,81.06787495386033,7.009748458862305,507496.70440197043,774827.0662222577,1
LS_00251,80.9935827255249,6.965194702148437,499291.1530518442,769901.2684292216,1
LS_00253,80.99533544267928,7.03422737121582,499484.83248350496,777532.5882918957,1
LS_00256,80.9781092779977,7.00929069519043,497582.19506287796,774775.9764733022,1
LS_00257,81.05954005501488,7.050420761108398,506575.5529781285,779323.1314056889,1
LS_00258,81.06703262329101,7.060201644897461,507402.870810792,780404.4896470126,1
LS_00259,81.05754566192627,7.075288772583008,506354.95433390373,782072.1849333964,1
LS_00264,80.99686209360758,6.789178848266602,499653.26179662696,750443.4227395668,1
LS_00269,80.6893478694715,7.034336090087891,465690.5031071749,777555.9948769774,1
LS_00273,80.70461511611938,7.02998161315918,467376.38182243425,777073.5235422387,1
LS_00275,80.72123399902793,7.043214797973633,469212.73154365935,778535.2998642967,1
LS_00277,80.77864360809326,7.02978515625,475552.45328534953,777047.2932990916,1
LS_00282,80.8400965643104,6.995906057844112,482338.3249832967,773299.2964847318,1
LS_00285,80.85539240292965,6.9795288052968125,484027.2307294626,771488.2964965433,1
LS_00287,80.96535046895346,7.036741256713867,496173.22359783016,777810.6292215763,1
LS_00290,80.96472644805908,7.021625518798828,496104.1793507692,776139.6395797005,1
LS_00292,80.95984363555908,7.001970291137695,495564.70654752513,773966.8641022786,1
LS_00295,81.04488547643027,7.065513610839844,504956.9528164533,780991.4171980273,1
LS_00297,81.17777114055312,7.106709150278085,519630.54153336666,785548.9868150066,1
LS_00299,81.17133013407388,7.105926513671875,518919.31737290055,785462.2002055356,1
LS_00300,81.17259502410889,7.113002777099609,519058.7030005554,786244.5155716444,1
LS_00301,81.16683053970337,7.111457824707031,518422.2230211791,786073.4914444461,1
LS_00304,81.15374612808228,7.12211799621582,516976.9846462719,787251.4460581233,1
LS_00308,81.1630564265781,7.098564147949219,518005.96808883443,784647.9796305471,1
LS_00312,81.16763553619384,7.090301513671875,518511.9606995206,783734.7468951194,1
LS_00315,81.17915855754507,7.08833122253418,519784.5337515959,783517.4115159106,1
LS_00321,81.09365940093994,7.062713623046875,510343.39427147707,780682.6880487556,1
LS_00327,81.11439590454101,7.081878662109375,512632.938135988,782801.8385499829,1
LS_00328,81.10617923736572,7.053678512573242,511726.2671204466,779684.1802401015,1
LS_00329,81.10938630785262,7.062437057495117,512080.22419442196,780652.4929454166,1
LS_00330,81.14111920886252,7.082880752256436,515584.01061111543,782913.4281348577,1
LS_00331,81.1775647163391,7.062419891357422,519609.6182754439,780652.9134579654,1
LS_00332,81.1741590499878,7.067926406860352,519233.2798179359,781261.502150789,1
LS_00334,81.17853060635653,7.050458908081055,519716.7942241194,779330.6995432134,1
LS_00335,81.17767129989869,7.041851043701172,519622.25469840114,778379.0874393118,1
LS_00336,81.19094467163086,7.041513442993164,521088.2038913649,778342.344689513,1
LS_00337,81.19641314482175,7.044598051329725,521692.008874141,778683.5902971776,1
LS_00340,81.2208200754053,7.050400665006248,524387.236815861,779326.2587474759,1
LS_00341,81.21955915371635,7.02498002584746,524249.3001275074,776516.0048953635,1
LS_00346,81.21966489156088,7.032831192016601,524260.57125152234,777383.9368611025,1
LS_00347,81.20056533813477,7.024534225463867,522151.53276574897,776465.7822233578,1
LS_00348,81.22142219543457,7.042675018310547,524454.1398089973,778472.2388762863,1
LS_00350,81.16990694632898,7.012855529785156,518765.90956617944,775173.3975618561,1
LS_00353,81.17538070678711,7.017122268676758,519370.3018230239,775645.2956239163,1
LS_00354,81.14838886260986,7.009729385375977,516389.3805010023,774827.0058493267,1
LS_00355,81.1340939203898,7.020551681518555,514810.1755188351,776022.9021459656,1
LS_00357,81.131019115448,6.980562210083008,514471.80621191004,771602.0973161047,1
LS_00359,81.14018806037438,6.9696002163232285,515484.93028182234,770390.5759577717,1
LS_00363,81.13713312149048,6.975109100341797,515147.3094533067,770999.4658818224,1
LS_00365,81.12383460998535,6.937723159790039,513679.47563179233,766866.1717267474,1
LS_00366,81.05505164464316,6.925617218017578,506081.46937908744,765526.4723615205,1
LS_00368,81.09670738008117,6.921538776331795,510683.20863206306,765076.3504415926,1
LS_00371,81.1243839263916,6.909837722778319,513740.9630695317,763783.5520441408,1
LS_00373,81.13429737091064,6.92680549621582,514835.5951630759,765659.5765682334,1
LS_00377,81.12760776943631,6.917520523071289,514096.88090179715,764632.9521678176,1
LS_00378,81.13019680976868,6.93525505065918,514382.3564500284,766593.5190566008,1
LS_00380,81.01707663536072,7.044254302978516,501885.9536914129,778641.0645776202,1
LS_00382,80.51899562162512,6.828834533691406,446852.8381984313,754853.7115761922,1
LS_00383,80.78709506988525,7.496311187744141,476510.10159057844,828620.6310772607,1
LS_00384,80.778323514895,7.490402221679687,475541.99771265185,827967.8753054223,1
LS_00387,80.70615339279175,7.487209320068359,467579.03080043016,827619.5688993573,1
LS_00388,80.73374334971109,7.582000732421875,470629.5206385538,838096.8484592634,1
LS_00389,80.74659543255575,7.566495895385742,472046.22977699153,836381.9344837954,1
LS_00391,80.73427402973175,7.562740325927734,470686.7584563285,835967.5654525413,1
LS_00392,80.720205783844,7.558691024780273,469134.5374714306,835520.885369011,1
LS_00394,80.5287234817726,7.698383331298828,448027.6865789649,850982.5350829217,1
LS_00395,80.52746987342834,7.691951751708984,447888.6505455263,850271.6533514861,1
LS_00398,80.53521728515625,7.70665168762207,448744.8315997148,851895.8472868437,1
LS_00399,80.522237385111,7.702453226025369,447312.8874324164,851433.2706289914,1
LS_00406,80.51782274246216,7.692764282226562,446824.8271527298,850362.6680791772,1
LS_00408,80.51663139106137,7.723439294006633,446697.27767124237,853754.0564416001,1
LS_00410,80.78383135795593,7.517913818359375,476151.1902921776,831008.9725885655,1
LS_00411,80.77731394767761,7.525936126708984,475432.6046257614,831896.1981022028,1
LS_00412,80.77090573310852,7.534248352050781,474726.1090002961,832815.4794174231,1
LS_00413,80.73470843279803,7.550577163696289,470733.86067949585,834622.8938348739,1
LS_00414,80.76038551330566,7.561759948730469,473567.17299276055,835857.5127127476,1
LS_00415,80.76023533765007,7.546304702758789,473549.6664901143,834148.9417490553,1
LS_00418,80.75083995395237,7.551637649536133,472513.5180972885,834739.0809701623,1
LS_00422,80.55881834030151,7.606395721435547,451336.1818909408,840809.4966095412,1
LS_00423,80.56533039317412,7.598711013793945,452053.6439580475,839959.2057128898,1
LS_00424,80.42015886306763,7.160312652587891,435976.9909855441,791511.31576637,1
LS_00425,80.4126812616984,7.158815383911133,435151.1140561664,791346.8365661148,1
LS_00426,80.41714143753052,7.17840576171875,435646.3511306646,793511.9831184272,1
LS_00427,80.4091240564982,7.181352615356445,434761.5383884906,793838.9000568008,1
LS_00428,80.43612957000732,7.182634353637695,437743.48070272134,793976.8432056399,1
LS_00429,80.50764274597168,7.078098297119141,445627.07392792834,782411.1637737293,1
LS_00430,80.50019580451819,7.098190352339829,444807.0500020637,784633.2390968475,1
LS_00431,80.46913814544678,7.112323760986329,441379.07699622936,786199.5229095244,1
LS_00432,80.46488035212056,7.119646191745137,440909.8294551694,787009.5722705754,1
LS_00435,80.45715522766113,7.121408462524414,440056.99268077227,787205.389368526,1
LS_00437,80.46358442306519,7.135490417480469,440768.7582468326,788761.3468073253,1
LS_00438,80.45675033993192,7.132932662963867,440013.7809058045,788479.4651114558,1
LS_00442,80.43839059557234,7.14216423034668,437987.6586265229,789502.4640155771,1
LS_00444,80.44451625530536,7.140819549560548,438663.88937671995,789352.9866350768,1
LS_00445,80.60800814628601,7.462882995605469,456747.8367664837,824938.7062056327,1
LS_00446,80.5976402759552,7.469381332397461,455604.4892144478,825658.1367275785,1
LS_00448,80.58819484710693,7.429960250854492,454558.22230269946,821301.0402484774,1
LS_00449,80.59042644500732,7.449811935424805,454806.509658987,823495.4436315063,1
LS_00450,80.54981117248535,7.483945846557617,450328.6745284397,827273.3794731366,1
LS_00453,80.58150027348445,7.504936218261719,453827.34680575697,829590.4504106841,1
LS_00454,80.5020604133606,7.501981735229491,445062.2589272398,829272.9788076346,1
LS_00455,80.49555673245587,7.494291305541992,444343.7122150383,828423.5973826303,1
LS_00456,80.48192291259765,7.496492385864258,442839.7118479423,828668.684918882,1
LS_00457,80.49215126037598,7.487865447998047,443967.1488374701,827713.6316103411,1
LS_00458,80.48411451198731,7.484566029326954,443079.9732885574,827349.9025542096,1
LS_00459,80.49026536941528,7.47978401184082,443758.0308231785,826820.444334051,1
LS_00460,80.48187611897787,7.474332809448242,442831.6627833217,826218.8771238188,1
LS_00461,80.48822911580405,7.47068977355957,443532.1850419327,825815.30861469,1
LS_00462,80.49826453256114,7.483051256576662,444641.0587166684,827180.633819445,1
LS_00463,80.50466012954712,7.479448318481445,445346.2852217265,826781.5189554703,1
LS_00464,80.49598817825317,7.474393844604492,444388.7951956983,826223.8179498874,1
LS_00466,80.50303014119467,7.463291168212891,445164.4201444501,824995.5025196595,1
LS_00467,80.52005990346274,7.434429168701172,447040.06000069063,821802.6561526922,1
LS_00468,80.52569453301004,7.423229631553039,447660.5130167516,820563.8517105876,1
LS_00469,80.52196453735891,7.410823822021484,447247.42250998854,819192.8030420353,1
LS_00470,80.53060119628907,7.419328689575195,448201.51754525886,820132.0179645576,1
LS_00471,80.56470600763956,7.451332092285156,451968.55874989124,823666.2128736251,1
LS_00472,80.55422306060791,7.453863143920898,450812.1037704156,823947.1790560286,1
LS_00473,80.57905750274658,7.421758651733398,453549.05837348726,820395.2887907085,1
LS_00475,80.56129096536075,7.434946060180664,451589.9303440561,821855.0798216459,1
LS_00476,80.5552303314209,7.438432693481445,450921.53403138614,822241.2009251363,1
LS_00478,80.54602209726968,7.440439224243164,449905.65114328824,822464.0587254876,1
LS_00481,80.54976643456354,7.448110580444336,450319.6931035937,823311.7203002378,1
LS_00483,80.54121718571103,7.449026107788085,449376.4254647342,823413.9039041311,1
LS_00487,80.54228115081787,7.460329055786133,449495.1244008924,824663.3475210321,1
LS_00489,80.53840696161444,7.46583366394043,449068.2727059876,825272.3397107807,1
LS_00490,80.53001689910889,7.46977424621582,448142.96579402074,825708.9585216457,1
LS_00491,80.55608574549356,7.465656280517578,451018.9515221572,825250.7266909359,1
LS_00492,80.4260425567627,7.145772933959961,436624.6537057628,789903.0956867166,1
LS_00493,80.42188102006912,7.140827178955078,436164.44310616323,789356.9038259395,1
LS_00498,80.42878341674805,7.137628555297852,436926.1883067375,789002.3374995261,1
LS_00501,80.4135851201998,7.113090726227487,435244.4898952488,786291.7190751666,1
LS_00503,80.42542376885046,7.111034393310547,436551.5466755417,786062.746148779,1
LS_00506,80.4378801981608,7.131376266479492,437929.84556909016,788309.8977533595,1
LS_00507,80.4450671672821,7.134368896484375,438723.864293838,788639.779190318,1
LS_00508,80.45237796956843,7.126243591308594,439530.0874678882,787740.5451190473,1
LS_00511,80.39810562133789,7.073503494262695,433529.41110999417,781917.4298372462,1
LS_00512,80.38669012465598,7.059900938810831,432266.70647497533,780415.2725411002,1
LS_00514,80.39446425437927,7.062171936035156,433125.6307308969,780665.2152698482,1
LS_00515,80.40339810507638,7.066415786743164,434112.9063774561,781133.1117208671,1
LS_00516,80.4090830485026,7.064132690429688,434740.43773574615,780879.9090804678,1
LS_00520,80.41873127680559,7.071090698242188,435806.9629541235,781647.7930538282,1
LS_00521,80.41299314744819,7.094780177424172,435176.55352403945,784267.5216235273,1
LS_00522,80.4076279534234,7.082780838012695,434582.35947742587,782941.715234902,1
LS_00524,80.40022792816163,7.088373184204102,433765.91914394905,783561.0134076603,1
LS_00525,80.43972385138795,7.077718734741211,438126.25650115876,782377.6928366566,1
LS_00526,80.45799228123256,7.102626800537109,440146.99412029266,785128.9326710781,1
LS_00527,80.46600303649902,7.082357406616211,441029.05490800197,782887.0904958122,1
LS_00528,80.42681485956365,7.045862197875977,436696.28265011916,778857.6194073944,1
LS_00530,80.42414919535318,7.037765502929688,436400.76876388956,777962.8742515517,1
LS_00532,80.41841556912377,7.0351409912109375,435767.14256868896,777673.5122618688,1
LS_00533,80.38370381868802,7.021490097045898,431931.2906535984,776169.2749368767,1
LS_00534,80.35498305729458,7.110134124755859,428772.5821934507,785973.4671070349,1
LS_00535,80.31842752603384,7.113092422485352,424736.15790644527,786306.3056569921,1
LS_00536,80.4946448802948,7.124645233154297,444197.2443008564,787558.5238352438,1
LS_00538,80.51465155861595,7.113746643066406,446405.2265637398,786351.3051576501,1
LS_00539,80.53235816955566,7.1112213134765625,448360.2463780894,786070.1144979863,1
LS_00541,80.54652995447958,7.14044189453125,449928.38196688105,789298.9071933746,1
LS_00543,80.54171514511108,7.144201278686523,449397.13881812757,789715.0354071674,1
LS_00545,80.55671934423776,7.152458190917969,451054.78291228355,790626.2197373176,1
LS_00546,80.55005232493082,7.155225753784179,450318.9227773065,790932.8899238459,1
LS_00547,80.54162543160575,7.184303283691406,449391.65598109405,794148.3524775164,1
LS_00549,80.53565002716694,7.186132431030273,448732.1128912256,794351.2308597285,1
LS_00553,80.53138219393216,7.17323112487793,448259.44238652545,792925.458597527,1
LS_00554,80.5445146220071,7.240501403808594,449716.8539809652,800360.789825897,1
LS_00555,80.51682207319472,7.228322982788086,446658.2464993827,799017.6036353094,1
LS_00556,80.50757722854614,7.213836669921875,445635.88210223615,797417.2124308727,1
LS_00557,80.5027644057013,7.219661293495024,445105.22925032914,798061.7102860373,1
LS_00558,80.47463130950928,7.286098480224609,442007.7578004499,805409.9754438348,1
LS_00559,80.4793062210083,7.294301986694336,442524.8525282411,806316.29505193,1
LS_00560,80.47703239473401,7.299944243295888,442274.5797492917,806940.3505413325,1
LS_00561,80.46704750061035,7.308248519897461,441173.49728676525,807859.7008114969,1
LS_00563,80.48981778761919,7.312150955200195,443687.4026073169,808288.213398805,1
LS_00565,80.49958923127916,7.308341979980469,444765.5083708597,807865.9124154628,1
LS_00566,80.42170492808023,7.348995208740234,436174.292542177,812370.5679809072,1
LS_00567,80.41574340396457,7.351896286010742,435516.72288390854,812692.1470332249,1
LS_00568,80.410209514878,7.377836227416992,434909.7215265684,815560.7118350271,1
LS_00569,80.41974547931126,7.399856567382813,435965.33278135303,817993.7668501601,1
LS_00570,80.41955500004383,7.383712265528583,435941.9852047151,816208.9780707958,1
LS_00571,80.40824728012085,7.413234710693359,434698.3612432201,819474.4487769692,1
LS_00572,80.40708285630352,7.419260025024414,434570.7490151555,820140.7446055581,1
LS_00574,80.41882010868618,7.425264358520508,435866.88503833546,820802.8345633097,1
LS_00575,80.41871121724446,7.438764572143555,435856.82717210124,822295.3550270319,1
LS_00578,80.41388151380751,7.447751998901367,435325.1851319146,823289.6566945543,1
LS_00580,80.40353965759277,7.450004577636719,434184.31693116843,823540.2161155212,1
LS_00582,80.39831209182739,7.405426025390624,433600.77619949187,818612.6373249961,1
LS_00584,80.41796389493075,7.406587600708008,435769.69144247804,818738.1665506846,1
LS_00587,80.43477401733398,7.422859191894532,437627.1139066947,820534.657936172,1
LS_00590,80.71396479887122,7.097555160522461,468413.5968985974,784543.0148189729,1
LS_00592,80.68941446940104,7.112661361694336,465703.6386718594,786214.7285008382,1
LS_00596,80.71424039204916,7.113895416259766,468445.14491378673,786349.3847507109,1
LS_00597,80.70824599266052,7.114147186279297,467783.2285264249,786377.6306803407,1
LS_00598,80.72340461186,7.104339599609375,469456.4757493679,785292.3903904014,1
LS_00600,80.72545659542084,7.131608963012695,469684.8612086972,788306.8381459218,1
LS_00601,80.70618335125312,7.057876894741186,467551.5254281684,780157.1865514187,1
LS_00603,80.69694232860934,6.966331481933594,466524.42289311264,770037.6682823835,1
LS_00614,80.69082570075989,6.959262847900391,465848.26616668154,769256.6832352552,1
LS_00616,80.69813251495361,6.982725143432617,466657.0508142284,771849.8691618064,1
LS_00617,80.69887948036194,6.990184783935548,466740.08522391785,772674.4644247688,1
LS_00618,80.6915205001831,6.978525161743164,465926.4062337642,771386.0424682058,1
LS_00624,80.68851238886515,6.970615386962891,465593.5600873814,770511.8510216874,1
LS_00627,80.68063749116043,6.972019195556641,464723.80735868146,770667.6205306839,1
LS_00629,80.67468917269667,6.971042633056641,464066.6858577138,770560.1120581031,1
LS_00630,80.659035382952,6.980684280395508,462338.34413727035,771627.2002936027,1
LS_00632,80.63629544453153,6.920558929443359,459821.4390609262,764982.311481125,1
LS_00633,80.3853660583496,7.00132942199707,432111.9700016526,773940.214786977,1
LS_00635,80.75893676752187,7.610076083293343,473410.32190748194,841198.9661465088,1
LS_00636,80.78824440638223,7.583492279052734,476641.58292162605,838258.4300802369,1
LS_00638,80.76516990661621,7.578369140624999,474095.9527609129,837693.3748593505,1
LS_00642,80.77593358357748,7.551660537719727,475281.7770557717,834740.1088588976,1
LS_00643,80.75072202512196,7.539272308349609,472499.7275395404,833372.0974181612,1
LS_00648,80.76921281004263,7.525251388549805,474538.81819402886,831820.9635648655,1
LS_00654,80.7782429854075,7.519775390625,475534.75425082434,831215.0774135436,1
LS_00656,80.76683289664132,7.499721527099609,474274.7554707364,828998.778875712,1
LS_00663,80.80828971332974,7.5079345703125,478849.08661066595,829904.5138204107,1
LS_00664,80.82964587211609,7.528877258300781,481206.1657227855,832218.7453037292,1
LS_00665,80.81823938914707,7.509019851684569,479946.8627137925,830024.0237082775,1
LS_00668,80.81822766198053,7.500040054321289,479945.15755608375,829031.3119394588,1
LS_00669,80.82372177668981,7.504903793334961,480551.5381054121,829568.7485351551,1
LS_00674,80.82993638515472,7.506071090698242,481237.2367953876,829697.5219604982,1
LS_00677,80.80878591092343,7.49390417722813,478903.1553052028,828353.436114569,1
LS_00681,80.81592750549316,7.493194580078125,479691.0645091917,828274.6539656377,1
LS_00682,80.8214943408966,7.483427047729492,480304.8235638499,827194.6054823867,1
LS_00684,80.81303024291992,7.486446380615234,479371.08769002213,827528.7790055235,1
LS_00687,80.8085527420044,7.481807708740234,478876.84715561965,827016.1888055335,1
LS_00689,80.79803085327148,7.479486465454102,477715.802153202,826760.0954387948,1
LS_00691,80.79240290348585,7.482621484710473,477095.0050947253,827106.9593698047,1
LS_00694,80.78815786043802,7.476295471191406,476626.2943501726,826407.8444254862,1
LS_00696,80.79643499034725,7.466485977172852,477539.05832923617,825322.9790533873,1
LS_00697,80.82017103830972,7.470369338989258,480158.228769082,825751.1434430681,1
LS_00700,80.76127580495981,7.486162185668945,473660.825639849,827500.1251789309,1
LS_00701,80.77071088903091,7.47163200378418,474700.9962822658,825893.2637954495,1
LS_00704,80.77006459236145,7.482839584350586,474630.3327224017,827132.2957387379,1
LS_00707,80.80989289283752,7.438129425048828,479022.6318576265,822187.5188264177,1
LS_00709,80.80184719779274,7.438518524169922,478134.8455478299,822230.9228719302,1
LS_00713,80.79052543640137,7.440807342529297,476885.66124165436,822484.5256516003,1
LS_00714,80.78897308795482,7.457703459927811,476715.2595009757,824352.4632694062,1
LS_00719,80.74896621887936,7.480589710315995,472302.3113919637,826884.8448291958,1
LS_00721,80.76075204213461,7.494974136352539,473603.56723988696,828474.316394276,1
LS_00723,80.75172935527999,7.498182347332937,472608.28100385226,828829.5363984858,1
LS_00724,80.75132751464844,7.504810333251953,472564.3608018142,829562.285187264,1
LS_00725,80.73015766143799,7.513053894042969,470229.26937394956,830474.9928076693,1
LS_00726,80.72294413248699,7.506515502929687,469432.96401100093,829752.6685776178,1
LS_00727,80.68571066856384,7.476890563964844,465322.68819306267,826480.3851697933,1
LS_00729,80.73804622226291,7.44932746887207,471095.39809001994,823429.5091702021,1
LS_00731,80.72914004325867,7.445343017578125,470112.39224087336,822989.620915286,1
LS_00732,80.72616147994995,7.425601959228516,469782.3752230998,820807.4520324605,1
LS_00733,80.67742681503296,7.433176040649414,464405.1445275013,821648.3864984063,1
LS_00734,80.57511196136474,7.430171966552734,453114.55220899946,821325.8088960273,1
LS_00735,80.58714616298676,7.437583923339844,454443.286146152,822143.955761868,1
LS_00736,80.68782301930909,8.066608511327221,465603.7926998665,891674.6861287192,1
LS_00738,80.38659428650479,7.93372917175293,432391.06696098135,877021.4751480167,1
LS_00739,80.4246678352356,7.75471305847168,436560.5104948606,857224.138026147,1
LS_00740,80.52242897273777,7.7180633544921875,447335.94589531474,853159.0053248593,1
LS_00741,80.70362754761072,7.755289675098206,467320.6758511033,857256.3098422477,1
LS_00742,80.73126999537149,7.608530044555664,470358.50385405455,841029.8484408198,1
LS_00743,80.72527281443277,7.607919692993164,469696.95422095,840962.7890098201,1
LS_00746,80.72177440098355,7.613288879394531,469311.44991451036,841556.6032976427,1
LS_00747,80.75984989513051,7.627031326293945,473512.0835754855,843073.3207345004,1
LS_00748,80.70978705088297,7.607723236083983,467988.81020676054,840942.1854373442,1
LS_00750,80.70607606349353,7.61233993544924,467579.8225952226,841452.842080109,1
LS_00751,80.71580998102823,7.617454528808594,468653.86620210414,842017.5472211282,1
LS_00753,80.6948053571913,7.612249374389648,466336.63133417704,841443.6914869957,1
LS_00756,80.6711903933821,7.623472213745117,463732.78702344635,842686.3003146122,1
LS_00757,80.54575843811035,7.673934936523437,449903.47226046916,848277.6523279869,1
LS_00758,80.56683353985663,7.634022325133049,452223.36379004375,843862.7974747879,1
LS_00760,80.56136016845703,7.626548767089844,451618.8201715611,843037.1851400512,1
LS_00762,80.57057881355286,7.621932983398437,452635.13130903774,842525.8759574248,1
LS_00764,80.5650282965766,7.61796760559082,452022.4603444362,842088.1054480673,1
LS_00768,80.55786868504116,7.618295669555664,451232.7745461756,842125.1751636302,1
LS_00773,80.56665579477945,7.605730056762695,452200.62191659753,840735.0323382163,1
LS_00774,80.5507743358612,7.60614013671875,450448.8543685499,840782.1536339138,1
LS_00777,80.54564630063093,7.631688864925612,449886.17256279435,843607.230925641,1
LS_00782,80.54644648234049,7.623512268066406,449973.4821403052,842703.1910079453,1
LS_00783,80.54443448607685,7.655160903930664,449755.25470672105,846202.2780367978,1
LS_00784,80.53933891822354,7.667060019524175,449194.65811489965,847518.3624717637,1
LS_00787,80.51201629638672,7.678369522094727,446182.6566513231,848771.9984924241,1
LS_00788,80.46756818860311,7.668241988956066,441279.1710018941,847658.1870399709,1
LS_00789,80.41247081756592,7.644655227661133,435198.83342451847,845058.4685943432,1
LS_00791,80.44712734222412,7.602775573730469,439015.44481701625,840423.4201380509,1
LS_00792,80.4467651685079,7.611679077148437,438976.7523255041,841407.7935844515,1
LS_00797,80.44182613917759,7.605497360229492,438431.0662565726,840725.0762563698,1
LS_00798,80.31356048583984,7.604629516601562,424282.07475561474,840649.4698192123,1
LS_00799,80.42898120378193,7.595722198486328,437012.74597703235,839646.2331812948,1
LS_00801,80.5376968383789,7.59345817565918,449004.8349980503,839381.6441746156,1
LS_00802,80.56432723999023,7.517568588256836,451934.0166845389,830988.8304307996,1
LS_00803,80.56818215052286,7.528720855712891,452360.53756078513,832221.3160796942,1
LS_00804,80.57385047276816,7.535280227661133,452986.6024370215,832945.8548847672,1
LS_00806,80.55919089220991,7.572536468505859,451373.4727531059,837066.2266852796,1
LS_00808,80.57833077470727,7.571705696928868,453484.77997821465,836972.2887897508,1
LS_00809,80.59354572687005,7.584734220595652,455164.5487802321,838411.0205647859,1
LS_00811,80.57283673967635,7.541784286499023,452875.4673079966,833665.001712743,1
LS_00816,80.58064235913041,7.593875146113655,453742.1473341499,839422.9247325904,1
LS_00817,80.58811211159525,7.6018328931205,454566.95933893713,840301.88149741,1
LS_00818,80.59601974487305,7.541149139404297,455432.9874294761,833592.350264328,1
LS_00819,80.61436875661215,7.536079406738281,457456.78186939005,833030.0526447818,1
LS_00821,80.60980138778686,7.529449462890625,456952.2433469883,832297.5490705005,1
LS_00822,80.6021700521414,7.544652039789659,456111.8516194922,833978.979002783,1
LS_00823,80.60206937789917,7.53776741027832,456100.0514296655,833217.881239517,1
LS_00825,80.56065702438354,7.59068489074707,451537.2376564957,839072.4169303951,1
LS_00826,80.56742525100708,7.592483520507812,452284.035068935,839270.5094909144,1
LS_00827,80.5690218601128,7.555891264324417,452456.1443108959,835224.9734340454,1
LS_00828,80.60900515362732,7.512670516967773,456862.7424476015,830442.6887841425,1
LS_00829,80.6392912864685,7.5771636962890625,460210.05673375353,837569.6286046033,1
LS_00830,80.63866424560547,7.603670120239258,460143.3277591751,840500.0123375873,1
LS_00831,80.63676756620407,7.597873687744141,459933.57693296357,839859.3823491245,1
LS_00832,80.6855123837789,7.605295181274414,465311.0356081892,840675.6319103636,1
LS_00835,80.69129123687745,7.597919464111328,465947.88599399093,839859.7799760052,1
LS_00838,80.70310926437378,7.598613739013672,467251.5374323317,839935.6217702748,1
LS_00839,80.71765041351318,7.594842910766602,468855.23681782844,839517.6817552447,1
LS_00840,80.70379824108548,7.587017059326172,467326.6597688236,838653.5468236669,1
LS_00841,80.68438259760538,7.571434020996094,465183.69235540484,836932.3363339043,1
LS_00850,80.689215696775,7.583560943603516,465717.8040355302,838272.594881787,1
LS_00856,80.68073544135461,7.582586288452148,464782.2700201778,838165.524519037,1
LS_00859,80.67922744750976,7.575376510620117,464615.33460472396,837368.5986847207,1
LS_00860,80.67587290819998,7.568724047990028,464244.7407565105,836633.436566591,1
LS_00861,80.6971256619408,7.566131591796875,466589.0069100291,836345.1487990615,1
LS_00862,80.71489715576172,7.562582015991211,468549.1938315109,835951.4165123045,1
LS_00866,80.69390106201172,7.513055801391601,466229.1750427557,830477.8324093511,1
LS_00867,80.70770586453952,7.517221450805664,467752.5310253116,830937.3068340869,1
LS_00868,80.63301229476929,7.514089584350586,459511.5441760794,830597.2777329114,1
LS_00869,80.66323770053476,7.570392110794747,462851.0472968385,836818.9016886393,1
LS_00870,80.65849113464355,7.563951492309569,462326.8788283846,836107.291868849,1
LS_00872,80.64743121465048,7.553106307983398,461105.83245712984,834909.31555635,1
LS_00874,80.63642018181937,7.566593170166016,459892.3626032379,836401.3052313064,1
LS_00875,80.6679561708431,7.558617954930213,463370.5642774419,835516.8557235963,1
LS_00877,80.6960666179657,7.558990478515625,466471.628319148,835555.7745794244,1
LS_00880,80.69058333502875,7.540063858032227,465865.250440141,833463.847942521,1
LS_00881,80.68166875839233,7.545356750488281,464882.2141815382,834049.6885621875,1
LS_00888,80.72369027137756,7.597911834716797,469521.68880995474,839856.5241376185,1
LS_00889,80.73985966769132,7.591634750366211,471304.8479761189,839161.4850501647,1
LS_00891,80.74466342926026,7.545726776123047,471831.758184481,834086.0265539065,1
LS_00892,80.71918034553528,7.527103424072266,469019.16879457375,832028.9342324097,1
LS_00895,80.7366840839386,7.529033660888672,470950.3736489286,832241.121172105,1
LS_00897,80.74010072435652,7.522937774658204,471326.9075424092,831566.994255657,1
LS_00898,80.74411273002625,7.514604568481445,471768.99202990293,830645.4964386196,1
LS_00900,80.7601387500763,7.516788482666016,473537.2206099226,830885.9277481784,1
LS_00903,80.75258286794028,7.526662826538086,472704.2272669024,831978.0008661344,1
LS_00904,80.7990057889153,7.535552978515625,477826.2126673005,832958.1800108001,1
LS_00907,80.74749406178793,7.582094192504883,472146.3624313062,838106.2744636132,1
LS_00910,80.80723920735446,7.4433441162109375,478730.06103589165,822764.1257870457,1
LS_00913,80.79719066619873,7.428308486938477,477620.5020041492,821102.4431693259,1
LS_00918,80.80743106206259,7.4267425537109375,478750.43287246814,820928.8264253535,1
LS_00921,80.79049698919312,7.467473983764648,476883.9206780991,825432.509603093,1
LS_00922,80.7836856376834,7.466779708862305,476132.3307757726,825356.1207731172,1
LS_00923,80.76666005452475,7.460443496704102,474253.3836500236,824656.6125624568,1
LS_00926,80.76471309661865,7.479866027832031,474039.7024387928,826803.8819255825,1
LS_00929,80.74143977695041,7.507238388061523,471473.61362411396,829831.3375426001,1
LS_00930,80.72831925286187,7.468873977661133,470023.423660801,825591.0230053822,1
LS_00932,80.74243207411332,7.477466583251953,471581.16305694927,826539.9999116599,1
LS_00934,80.75322010937859,7.472360610961914,472771.1553036532,825974.8537725566,1
LS_00935,80.75768197377522,7.477462768554687,473263.77529578883,826538.6229772817,1
LS_00936,80.76692997720357,7.449204198202767,474282.5111775388,823414.0966203681,1
LS_00940,80.75041365623474,7.433605194091797,472459.0781384274,821690.626811491,1
LS_00941,80.74236845970154,7.432159423828125,471571.22201363323,821531.3057205547,1
LS_00943,80.74547331541487,7.421886444091797,471913.18251099775,820395.4332747946,1
LS_00944,80.73560854593913,7.421636581420898,470824.58919074154,820368.4478014034,1
LS_00945,80.73113738789277,7.436969757080078,470332.2250641132,822063.8237235191,1
LS_00955,80.76094695499965,7.463031768798828,473623.15454036236,824943.0826947744,1
LS_00958,80.74192911035874,7.467899322509766,471525.04846479016,825482.3725739376,1
LS_00959,80.75590324401855,7.455356597900391,473066.16459635453,824094.8993972202,1
LS_00961,80.76477704729353,7.427213668823242,474043.65854318644,820983.1792256098,1
LS_00962,80.7743401924769,7.425815582275391,475098.8575650104,820828.0729132136,1
LS_00963,80.71684424082437,7.469509124755859,468757.3347250705,825662.0354792735,1
LS_00964,80.71793879632543,7.463301702122099,468877.6670756188,824975.7268883298,1
LS_00965,80.64698787835928,7.498443603515625,461052.0480571192,828866.3315178489,1
LS_00967,80.69505047798157,7.506599426269531,466355.4907486388,829763.9883003229,1
LS_00968,80.72647666931152,7.488121032714844,469821.43816380383,827718.9121371548,1
LS_00969,80.71799475647683,7.487739562988281,468885.5717094073,827677.3318334202,1
LS_00970,80.69677734375,7.477235794067383,466543.7743605026,826517.6942311056,1
LS_00972,80.7067288108494,7.453058242797852,467640.0065211448,823844.117496457,1
LS_00973,80.6857678623976,7.446743645871538,465326.62505396246,823147.6272778308,1
LS_00975,80.70222358289647,7.466077391986605,467143.8595570286,825283.7197501136,1
LS_00976,80.68927640625925,7.458181381225586,465714.6620943311,824411.7987248163,1
LS_00977,80.68421459197998,7.462635040283203,465156.4868170415,824904.5488619028,1
LS_00978,80.67593245072798,7.439023971557617,464240.718035759,822294.9977472224,1
LS_00979,80.70799255371094,7.430011749267578,467777.76929313806,821296.233799157,1
LS_00980,80.6918251991272,7.430044174194336,465993.73170058656,821301.0267173741,1
LS_00982,80.67246278127035,7.422922134399414,463856.53672335664,820515.2155449474,1
LS_00983,80.63471513894888,7.429759979248047,459691.6862090283,821274.3982905378,1
LS_00984,80.6375803580651,7.441802978515625,460008.95030149305,822605.5017279625,1
LS_00986,80.64732101985386,7.486650466918945,461087.7576671903,827562.5594346167,1
LS_00988,80.66028467814127,7.470697402954102,462516.7366794264,825797.8102935706,1
LS_00989,80.57917366027831,7.442434310913086,453564.04817719193,822681.0021916181,1
LS_00991,80.56663219134012,7.4663543701171875,452182.7333567762,825326.7442088239,1
LS_00992,80.60148652394614,7.462381362915039,456028.18328923464,824883.8947974667,1
LS_00994,80.5584699789683,7.483261108398437,451283.98155895993,827196.711899252,1
LS_00995,80.60476614634196,7.492900848388672,456393.0900367401,828257.5412264597,1
LS_00997,80.60228900909424,7.498577117919922,456120.34671261645,828885.3081188982,1
LS_00998,80.5837230682373,7.488969802856445,454070.91646076617,827825.1014138339,1
LS_00999,80.57211770855628,7.455502249476268,452786.8461312586,824126.4320088754,1
LS_01000,80.57250428199768,7.488399505615234,452833.0307406083,827763.2419340793,1
LS_01001,80.53212265014648,7.460811614990234,448374.2640830231,824717.8711731544,1
LS_01004,80.26781749725342,7.375051498413086,419193.83992429,815276.122188029,1
LS_01006,80.27009989906387,7.367245044254605,419444.3362171872,814412.6510375642,1
LS_01007,80.27143232869297,7.356506920468678,419589.46353133733,813225.236536094,1
LS_01009,80.27504207561543,7.338029861450195,419984.57917787804,811181.824558354,1
LS_01010,80.28748798370361,7.349533081054687,421360.356415235,812451.3792031279,1
LS_01012,80.35672549377259,7.340847825715903,429001.02171521063,811479.6141837348,1
LS_01013,80.36866855621338,7.402988433837891,430328.9575383766,818347.6865847379,1
LS_01014,80.38126412367765,7.391730641061947,431717.27318818634,817101.1305374282,1
LS_01016,80.28776741027832,7.362358093261719,421393.4549186191,813869.2193779459,1
LS_01017,80.2826280593872,7.370246887207032,420827.6146553102,814742.2855293674,1
LS_01018,80.34858640034994,7.368619918823242,428107.13156934275,814551.2602581381,1
LS_01019,80.42202223902163,7.419939041137695,436219.4840844844,820213.6372227176,1
LS_01020,80.41652505214398,7.365314483642578,435604.9297084082,814175.4677700629,1
LS_01022,80.41948175430298,7.370317459106444,435931.9749902356,814728.1408985159,1
LS_01024,80.40907308790419,7.386220932006836,434785.52759407216,816487.8412183366,1
LS_01025,80.42690693248403,7.335424423217773,436746.53219626425,810869.5313669646,1
LS_01026,80.40683913230896,7.350906372070312,434533.79663439695,812584.000312767,1
LS_01027,80.54189462247102,7.406675338745117,449446.33803692064,818731.8625891646,1
LS_01028,80.53955161601736,7.395036768884024,449186.4410641859,817445.4633164997,1
LS_01029,80.48346928187779,7.39732551574707,442997.5196799011,817705.28260667,1
LS_01030,80.46249866485596,7.363710403442383,440678.73413413414,813991.7685658642,1
LS_01031,80.49748420715332,7.384458541870117,444542.5908673242,816281.0348706922,1
LS_01032,80.47597460387004,7.375822409952921,442167.6162558496,815329.019030469,1
LS_01033,80.53455185890198,7.376594543457031,448632.5435031739,815407.2133379186,1
LS_01034,80.5309997740246,7.386512756347656,448241.6754915327,816504.1017996364,1
LS_01036,80.52604039510092,7.389726638793945,447694.7300075945,816859.9822381312,1
LS_01037,80.54763078689575,7.410251617431641,450079.76087631646,819126.5784489876,1
LS_01040,80.5671649509006,7.413253784179687,452235.776109487,819456.3249936365,1
LS_01041,80.62193981729644,7.3869125862411344,458277.9102169784,816538.7653983628,1
LS_01042,80.63371658325195,7.417196273803711,459580.3492824805,819885.561888016,1
LS_01043,80.69679737091064,7.403215408325195,466540.3766118021,818334.7267910065,1
LS_01045,80.68190383911133,7.4081573486328125,464897.1906878791,818882.2072503995,1
LS_01047,80.68432393084979,7.3925331219392785,465163.0315319044,817154.7570576045,1
LS_01048,80.70727030436197,7.387825012207031,467694.997777791,816632.5464719128,1
LS_01050,80.67943492479529,7.384856882502091,464622.88094590686,816306.5335544933,1
LS_01052,80.68743908405304,7.37567138671875,465505.50596601923,815290.4500149797,1
LS_01053,80.6849912405014,7.36956787109375,465234.8811472191,814615.8965904441,1
LS_01054,80.66879606246948,7.368413925170898,463447.42913851363,814489.6206333424,1
LS_01055,80.66463343302408,7.373064041137694,462988.4109357311,815004.0344195637,1
LS_01056,80.6908028125763,7.367462158203125,465876.10512241436,814382.6621543091,1
LS_01058,80.69860363006592,7.368227005004883,466737.09074792045,814466.6275486739,1
LS_01060,80.78706979751587,7.355558395385742,476499.8394629536,813060.5052634977,1
LS_01062,80.77309052149454,7.392601013183594,474959.08275065146,817156.2943003657,1
LS_01063,80.78574085235596,7.418706893920898,476356.5255253001,820041.5880309833,1
LS_01064,80.76930440266926,7.415014266967773,474542.5436518424,819634.2796459267,1
LS_01066,80.76132369041443,7.413476943969727,473661.76900122006,819464.7949589923,1
LS_01067,80.74866930643717,7.404802322387695,472264.7908542841,818506.5900081116,1
LS_01068,80.74161950747171,7.390893936157227,471485.9233634338,816969.4702461532,1
LS_01070,80.72485385443035,7.380628585815431,469635.0034665331,815835.7477112336,1
LS_01071,80.78538370132446,7.373653411865234,476314.7121482401,815060.9808587269,1
LS_01073,80.77554321289062,7.368520736694336,475228.41468324553,814494.1020669763,1
LS_01074,80.76500606536865,7.36882209777832,474065.52131860156,814528.015288352,1
LS_01075,80.7907964070638,7.345613479614258,476910.61701546365,811960.9114525086,1
LS_01076,80.77352571487427,7.316688537597656,475002.86305817316,808764.2157255475,1
LS_01077,80.75919075012207,7.257665634155273,473417.15162205853,802240.1229033378,1
LS_01079,80.75445365905762,7.265110015869141,472894.66850546363,803063.3705293146,1
LS_01080,80.75928429194859,7.248662948608398,473426.94982728467,801244.8823179072,1
LS_01082,80.73854528154646,7.249822616577149,471137.5912338954,801374.3481873834,1
LS_01083,80.73121738433838,7.245939254760742,470328.3930356306,800945.5191819624,1
LS_01086,80.68650172758393,7.244492227926887,465391.9612477029,800788.7150986476,1
LS_01087,80.63737201690674,7.252676010131836,459969.0380194833,801697.4667243513,1
LS_01089,80.6417191416156,7.299037917064686,460452.98776234,806822.392383342,1
LS_01090,80.54089164733887,7.329256057739258,449326.8584648335,810173.1392281504,1
LS_01091,80.59824040806538,7.282352657250239,455652.09476131503,804981.8715788116,1
LS_01092,80.53979158401489,7.312541961669922,449203.54744617525,808325.4943695512,1
LS_01093,80.4746732711792,7.325590133666992,442017.4803555162,809775.8720074025,1
LS_01095,80.48633575439453,7.303348541259766,443301.9450198407,807315.5230728551,1
LS_01096,80.4879057000272,7.277123359818569,443471.9511952885,804416.0737688084,1
LS_01098,80.49349212646484,7.280860900878906,444089.0931002171,804828.5723174381,1
LS_01101,80.4888403148698,7.259832331597695,443572.96458329546,802504.3975541497,1
LS_01102,80.47998650868735,7.260215759277344,442595.6135656324,802547.8978188053,1
LS_01103,80.500383913517,7.260608673095703,444847.39152146416,802588.8030708118,1
LS_01106,80.50134355122401,7.254238596597468,444952.5542346467,801884.4627449383,1
LS_01108,80.4943778514862,7.2546539306640625,444183.63186559046,801931.2297384877,1
LS_01109,80.51932702281258,7.237613677978516,446935.8785299259,800044.4106339503,1
LS_01110,80.52988076210022,7.242694854736328,448101.5702492045,800604.923408584,1
LS_01111,80.50891957964217,7.245180130004883,445787.82050169713,800882.1218670057,1
LS_01112,80.41763601547632,7.246837615966797,435710.61422669666,801077.2681706676,1
LS_01114,80.40262764335698,7.243858337402344,434053.2917780158,800750.0501560997,1
LS_01115,80.38912880420685,7.2463531494140625,432563.4086817634,801027.8425505225,1
LS_01116,80.37091255187988,7.25166130065918,430553.1768703732,801617.4259800174,1
LS_01117,80.41152627032037,7.311168587851328,435045.3684703184,808190.1547285374,1
LS_01118,80.42030954360962,7.296802520751953,436012.8392883255,806600.6779466894,1
LS_01119,80.43754196166992,7.3034515380859375,437915.95857093844,807333.3397017013,1
LS_01120,80.43831384181976,7.316787719726562,438003.00038135296,808807.5909004698,1
LS_01121,80.32756354014079,7.247730255126953,425766.90037718246,801189.6900740376,1
LS_01122,80.31266069412231,7.248573303222656,424121.7772712351,801285.3568066205,1
LS_01124,80.24319161309137,7.259210586547852,416454.3454453854,802473.5803802675,1
LS_01125,80.2333241454325,7.280961507508325,415369.064405062,804880.1372605496,1
LS_01126,80.25398283738356,7.286270141601562,417650.60862275417,805463.2284053714,1
LS_01127,80.21993083953858,7.328950881958008,413899.7164966325,810188.2747162286,1
LS_01128,80.21831618414984,7.305402755737305,413716.9638394504,807585.1491069351,1
LS_01129,80.02109225856819,6.5635623931884775,391776.1328503221,725608.3233979234,1
LS_01130,80.47867886225382,6.710338592529297,442383.9907318571,741758.6246146286,1
LS_01131,80.44670896530151,6.80072021484375,438861.9484916073,751754.2257920885,1
LS_01132,80.37711165351719,6.791537093175133,431169.9359707298,750748.361396677,1
LS_01133,80.2830720477634,6.811496734619141,420781.19760397647,752969.3507241854,1
LS_01134,80.21994209289551,6.8545989990234375,413812.8050778556,757745.364641384,1
LS_01135,80.22099614143372,6.7825469970703125,413916.41274868575,749779.4167083807,1
LS_01136,80.14593410491943,6.827991485595703,405630.00519395206,754817.6152571609,1
LS_01137,80.18163276918264,6.910475544643042,409590.37618483,763929.9562340197,1
LS_01138,80.1638355255127,6.913236618041992,407624.61586557346,764238.6300956109,1
LS_01139,80.26647066186976,6.928232192993164,418966.45212078455,765877.7688182787,1
LS_01140,80.25687656402587,6.893758773803711,417900.578789375,762068.2004398069,1
LS_01141,80.21404893057687,6.86766242980957,413164.0072511264,759190.6682283126,1
LS_01142,80.30947971343994,6.908729553222656,423714.79662933544,763714.5509363883,1
LS_01143,80.40152479807536,6.907268524169922,433883.66041108186,763539.2711596593,1
LS_01144,80.47185039520264,6.956560134887695,441659.14823516057,768979.3116973988,1
LS_01145,80.52240371704102,6.898357391357422,447237.0706033142,762539.064953988,1
LS_01147,80.70773158754622,7.035194396972656,467720.94159907027,777649.5708019091,1
LS_01149,80.66660751615251,7.03278923034668,463178.8311702123,777386.7205218823,1
LS_01151,80.66424500314812,7.042726516723633,462918.69185473357,778485.459811519,1
LS_01153,80.67846441268921,7.011676788330078,464486.7655560795,775051.8587848953,1
LS_01155,80.68359184265137,7.015146255493164,465053.3485671798,775435.0174096315,1
LS_01156,80.68802242279052,7.008388519287109,465542.2055177677,774687.6341748505,1
LS_01160,80.70399585137,7.023632049560547,467307.5432506726,776371.6345567316,1
LS_01164,80.69241523742676,7.043186187744141,466029.9206548865,778534.1340302784,1
LS_01166,80.67907953262329,7.042682647705078,464557.05432922946,778479.4589946816,1
LS_01170,80.67694249519934,7.019767761230469,464319.28578760475,775946.4176944995,1
LS_01173,80.66996383666992,7.021120071411133,463548.6112916236,776096.4503201348,1
LS_01174,80.62777727621574,7.047220230102539,458891.48214159533,778985.2864396264,1
LS_01175,80.55598643331817,7.020761489868164,450959.9368038319,776067.2035483017,1
LS_01176,80.55503178929385,7.044909962904845,450857.0354766794,778736.915835076,1
LS_01177,80.55698519739612,7.039436340332031,451072.20341478015,778131.6020450727,1
LS_01178,80.4933385848999,7.040075302124023,444042.8020000369,778209.3795450777,1
LS_01180,80.3835757862438,6.965570449829102,431909.05071700946,769987.2226169088,1
LS_01182,80.37121696472168,7.04945182800293,430556.2438584637,779262.3657065108,1
LS_01183,80.31084871292114,7.000862121582031,423880.8792286154,773899.9683947612,1
LS_01184,80.27097000394548,7.036985397338867,419482.1230904383,777900.2351733014,1
LS_01186,80.19695896572537,7.026302337646484,411305.432599435,776732.5355169234,1
LS_01187,80.1837154812283,6.979860305786133,409833.6962035261,771600.5490793242,1
LS_01188,80.26615524291992,7.139726638793945,418968.28084873565,789259.7071235315,1
LS_01189,80.3114595413208,7.133691787719727,423970.0638895619,788584.8058522367,1
LS_01190,80.32130889503424,7.136677203414976,425058.18373395747,788913.2460878403,1
LS_01191,80.30806849079747,7.125312805175781,423594.2114733607,787659.0275867898,1
LS_01192,80.31939208507538,7.093280792236328,424839.4584961242,784115.8813651557,1
LS_01193,80.37830090522766,7.066734313964844,431341.1827131547,781171.9512829264,1
LS_01194,80.37861347198486,7.080646514892578,431377.7572908456,782709.9439116383,1
LS_01195,80.406616797814,7.0745697021484375,434469.53168637544,782034.0945554705,1
LS_01196,80.42427253723145,7.054384231567383,436416.65623868356,779800.0944697399,1
LS_01197,80.4427564740181,7.064764022827148,438459.45785798226,780945.1214281102,1
LS_01199,80.47356887847658,7.05401611328125,441861.05507014575,779752.9672183607,1
LS_01203,80.51497438218858,7.142343521118164,446444.19624107477,789512.6813257163,1
LS_01205,80.56038093566895,7.063503265380859,451449.7516025713,780791.845423693,1
LS_01206,80.61682205200195,7.066423416137695,457683.3069678295,781109.1621141568,1
LS_01207,80.62774538993835,7.078805923461914,458890.7501154266,782477.0594451061,1
LS_01209,80.55658249855041,7.138164520263672,451038.15152081096,789046.0625674137,1
LS_01211,80.63430559635162,7.137584686279297,459620.35623332957,788974.4321090475,1
LS_01212,80.59545564651489,7.129203796386719,455329.7014983873,788051.5087947221,1
LS_01213,80.55367024739584,7.127172470092774,450715.4010647052,787831.196936729,1
LS_01214,80.54955377578736,7.075685501098633,450255.31097639154,782139.7360878359,1
LS_01215,80.60878232809213,7.111787796020508,456799.6436188472,786124.9083457849,1
LS_01217,80.61968231201172,7.05443000793457,457998.10580963956,779783.0415799562,1
LS_01218,80.61489629745483,7.093000411987305,457473.0648992034,784047.4070338254,1
LS_01219,80.62046602037218,7.099897384643555,458088.761240351,784809.3561150971,1
LS_01221,80.62302625179291,7.112522125244141,458372.6228699141,786204.782523814,1
LS_01222,80.61384642464463,7.120234418442621,457359.63629056036,787058.2088130428,1
LS_01223,80.61913903554282,7.129053115844727,457944.8762398096,788032.6265506822,1
LS_01225,80.64966187110315,7.142446517944336,461316.4116941879,789510.5872500103,1
LS_01226,80.66020425160727,7.141401290893555,462480.4071663902,789394.1666370158,1
LS_01228,80.71150461832681,7.144285202026367,468145.1454320564,789709.1177878949,1
LS_01230,80.71244049072266,7.133119583129883,468247.7128274699,788474.710231229,1
LS_01232,80.65420818328857,7.121408462524414,461816.6690741654,787184.4695354863,1
LS_01233,80.64470863342285,7.104957580566406,460766.291913525,785366.6342961482,1
LS_01235,80.63230419158936,7.090387344360352,459395.21312437515,783756.9750904306,1
LS_01236,80.63571882247925,7.083034515380859,459771.65949095006,782943.8289779153,1
LS_01238,80.66898941993713,7.081157684326172,463445.69602035085,782733.5987312775,1
LS_01241,80.68376964992947,7.071811676025391,465077.2268337367,781699.2746740759,1
LS_01244,80.70974690573556,7.062788009643555,467945.41803633136,780699.8549954018,1
LS_01246,80.72364012400308,7.056558609008789,469479.3423116852,780010.2739386642,1
LS_01247,80.69245648384094,7.076946258544922,466036.9382480444,782266.2518327539,1
LS_01249,80.67836093902588,7.089570999145508,464481.2704745686,783662.9525632577,1
LS_01250,80.70186685167141,7.119441817865253,467079.18668117945,786963.3935893984,1
LS_01253,80.67599296569824,7.121009826660156,464222.2026231662,787138.6576427425,1
LS_01254,80.68199646472931,7.119634628295898,464885.0285301331,786986.1707362287,1
LS_01255,80.72292065620422,7.177570343017578,469407.9004613449,793387.9683095746,1
LS_01257,80.739772605896,7.185617446899414,471269.0281812825,794276.4735678221,1
LS_01259,80.73712175233024,7.191871643066406,470976.7498942555,794968.0330906044,1
LS_01260,80.73036766052246,7.191089630126953,470231.00360512576,794882.0164558861,1
LS_01274,80.73050438274038,7.205875396728516,470247.06204694195,796516.5543726186,1
LS_01279,80.7284746170044,7.20042610168457,470022.6116319505,795914.2745541979,1
LS_01280,80.7649981469819,7.215417861938477,474055.81864358427,797569.3559777202,1
LS_01281,80.72097698847452,7.212038040161133,469195.62410536135,797198.458798722,1
LS_01283,80.73535537719727,7.199501037597656,470782.21868060017,795811.5644635446,1
LS_01289,80.705557346344,7.2112274169921875,467493.2105629942,797109.9147877144,1
LS_01290,80.69167073717378,7.2008204234320825,465959.3230795085,795960.4436168241,1
LS_01292,80.69194869995117,7.211198806762695,465990.7852515845,797107.7435510784,1
LS_01294,80.68141038647661,7.206387364649467,464826.96079090616,796576.6411651,1
LS_01295,80.65793157305036,7.203378677368164,462234.5667705329,796245.907233234,1
LS_01296,80.66656875610352,7.207118988037109,463188.451463957,796658.691221928,1
LS_01298,80.65650097529092,7.213235855102539,462077.44217513275,797335.7313999013,1
LS_01300,80.63676810264587,7.213600158691406,459898.92215990525,797377.6921336034,1
LS_01303,80.64518594741821,7.201904296875,460827.2657221006,796083.988187334,1
LS_01308,80.63432994255652,7.19202995300293,459627.8356978216,794993.3275404355,1
LS_01310,80.65251159667969,7.188409805297852,461634.92003209214,794591.5582386187,1
LS_01313,80.67230180788394,7.174496632858304,463818.81796640117,793051.8577431357,1
LS_01314,80.68136011237672,7.177290668170304,464819.17082462023,793360.0311100256,1
LS_01315,80.68462216854095,7.187400817871094,465180.1051415331,794477.4493916584,1
LS_01316,80.67122631072998,7.183656692504883,463700.79715185,794064.5795813284,1
LS_01319,80.64101274555782,7.1495002413934365,460361.9894534877,790291.1067722833,1
LS_01320,80.68652454325786,7.158760875782246,465387.9795056671,791311.1891525635,1
LS_01321,80.6725262800644,7.159586913124437,463842.4268694903,791403.5841582771,1
LS_01324,80.64363861083984,7.184930801391602,460654.9706998822,794207.7090454921,1
LS_01325,80.62716286385108,7.187479019165039,458836.1267553401,794490.8615602975,1
LS_01327,80.61996777852377,7.195934295654297,458042.50304851413,795426.2438290111,1
LS_01328,80.63040781021118,7.206483840942383,459196.0946972554,796591.548697975,1
LS_01329,80.62773591963972,7.211854934692383,458901.59138042177,797185.5616205988,1
LS_01330,80.61273701985678,7.179269790649414,457242.6206591277,793584.6543040624,1
LS_01331,80.6257459640503,7.175600051879883,458678.6164005837,793177.7729677286,1
LS_01332,80.55658448397458,7.173046112060547,451042.0882311763,792902.2397471686,1
LS_01333,80.54745038350424,7.16944694519043,450033.17128160066,792505.3339461355,1
LS_01334,80.61438179016113,7.162832260131836,457422.69431405305,791767.3357482369,1
LS_01335,80.54371695085005,7.149808883666992,449618.7928507795,790334.7403686634,1
LS_01336,80.49992911020914,7.142875671386719,444782.94310576085,789573.2869899622,1
LS_01338,80.53167957729764,7.157100677490234,448290.45942479215,791142.1893098118,1
LS_01342,80.52653063668146,7.163166046142578,447722.61790260614,791813.303890143,1
LS_01343,80.54208183288574,7.193647384643555,449443.0806908706,795181.3006037028,1
LS_01344,80.37957791487375,7.228626251220703,431506.3331339828,799069.4924895244,1
LS_01346,80.37117055294476,7.221136744169927,430576.9939974586,798242.7701332544,1
LS_01347,80.38386025148279,7.210805892944336,431976.4518616861,797098.7420019334,1
LS_01348,80.43857645988464,7.204046249389648,438016.552974448,796343.6527905519,1
LS_01349,80.39493009779189,7.195093154907227,433196.3382918028,795360.0087306247,1
LS_01350,80.42436049534724,7.167879104614258,436441.97652857116,792347.2247407335,1
LS_01351,80.42762875556946,7.154319763183594,436800.97951492557,790847.7521258201,1
LS_01353,80.43739318847656,7.154850006103516,437879.2362447687,790905.0417640536,1
LS_01355,80.4436867237091,7.155895233154297,438574.3040752462,791019.7488935082,1
LS_01357,80.45124626159668,7.151451110839844,439408.43448456214,790527.4385963973,1
LS_01358,80.41314690696198,7.16555754996621,435203.48198455264,792092.1373091752,1
LS_01359,80.28786512215933,7.219482421875,421379.3228462139,798073.404538407,1
LS_01360,80.28125,7.219560623168945,420648.9806461745,798083.1963197833,1
LS_01361,80.29504618644714,7.208282470703125,422170.2483150979,796833.9537863374,1
LS_01362,80.22227878570557,7.219060897827148,414138.00563454337,798038.6340271612,1
LS_01363,80.25745391845703,7.18058967590332,418014.71961946716,793778.9140276962,1
LS_01364,80.17978950988561,7.18057042978141,409439.163918618,793791.4055675892,1
LS_01365,80.65724563598633,7.179887771606445,462156.891427417,793649.0591082575,1
LS_01366,80.66224417479143,7.189014434814454,462709.5243837576,794657.5955338704,1
LS_01368,80.5831111272176,7.087043762207031,453962.38450655685,783391.9339883305,1
LS_01369,80.62018752098083,7.222286224365234,458069.18754669704,798339.4266389422,1
LS_01370,80.67173194885254,7.090856552124023,463749.32121558074,783805.5812387391,1
LS_01372,80.69276898406272,7.063652038574219,466070.4790124266,780796.5740733513,1
LS_01373,80.68682366032755,7.058298110961914,465413.4942045527,780205.142918236,1
LS_01374,80.64433002471924,7.158428192138672,460729.03845853236,791277.8015198266,1
LS_01376,80.69023027420045,7.549356460571289,465827.02977388544,834491.1797730903,1
LS_01378,80.70451164245605,7.535984039306641,467401.5253632311,833011.7572538094,1
LS_01379,80.7767162322998,7.473899841308594,475363.7364110936,826143.6321156194,1
LS_01380,80.86250718434653,7.293048858642578,484823.4344994059,806146.9165776704,1
LS_01381,80.67151363079364,7.044641494750977,463721.6080018683,778696.5872351333,1
LS_01383,80.92212613423665,7.129976272583008,491401.15091268526,788118.0571533389,1
LS_01384,80.80995305379233,7.180273056030273,479017.24106901605,793681.853459229,1
LS_01385,80.91303372383118,7.420356750488281,490403.3344744072,820219.2098042779,1
LS_01386,80.91469836235046,7.410720825195312,490586.8215751791,819153.9355482062,1
LS_01387,80.92017936706543,7.416847229003907,491191.78175564663,819831.0886986351,1
LS_01388,80.92679858207703,7.422145843505859,491922.31012029405,820416.7174376913,1
LS_01391,80.92624568939209,7.399169921875001,491860.87732395047,817876.7715314707,1
LS_01393,80.92104816436768,7.404809951782227,491287.4172089782,818500.3672171836,1
LS_01395,80.94468720753989,7.4248046875,493896.33613555913,820710.3630095982,1
LS_01396,80.96832545598349,7.152654647827148,496502.66317834996,790624.4831284015,1
LS_01397,80.93919753483985,7.1600341796875,493286.618034541,791440.5938745424,1
LS_01401,80.97244135538736,7.159934997558594,496957.16743885685,791429.276779809,1
LS_01404,80.97716858603738,7.146902084350585,497479.0436822268,789988.4952244952,1
LS_01410,80.93173967997234,7.131681442260742,492462.7091127007,788306.3909085733,1
LS_01411,80.93164745966592,7.1244049072265625,492452.4070822091,787501.9917341819,1
LS_01412,80.97134304046631,7.140388488769531,496835.7646654531,789268.471259106,1
LS_01413,80.92149114608765,7.169593811035156,491331.78226246603,792497.6826516823,1
LS_01417,80.8998670578003,7.152120590209961,488943.82855048956,790566.5270118271,1
LS_01418,80.92040379842123,7.1490631103515625,491211.3344140727,790228.0879141244,1
LS_01420,80.67227249145508,7.630966186523437,463852.77107799164,843514.6784627471,1
LS_01421,80.68909601064829,7.614225387573242,465707.0340333697,841662.5904636921,1
LS_01422,80.76373195648193,7.592615127563477,473938.1892727396,839268.3590282765,1
LS_01423,80.7436169896807,7.606006622314453,471720.247610067,840750.0563331143,1
LS_01426,80.72297634395389,7.584799292363844,469442.0126210946,838406.9740145693,1
LS_01430,80.69785176790677,7.594436645507812,466671.2834201737,839474.2410484347,1
LS_01433,80.68756471361434,7.590307235717773,465536.2215294659,839018.5348952841,1
LS_01435,80.69258642196655,7.575634002685548,466089.0074607897,837395.999657385,1
LS_01439,80.89002497990927,7.556201934814453,487868.0901353638,835237.3359532313,1
LS_01443,80.85826365152994,7.523595809936523,484363.1584946851,831633.7576151433,1
LS_01444,80.88078673680624,7.520381927490234,486847.88978017564,831277.7242638627,1
LS_01446,80.89240582784018,7.52092170715332,488129.7731406805,831337.0644401954,1
LS_01447,80.9008430334238,7.492534637451172,489059.89141698775,828198.6781108691,1
LS_01448,80.91089057922363,7.4875736236572275,490168.33908322395,827650.005315733,1
LS_01450,80.91975426673889,7.496986389160156,491146.4821504968,828690.389022662,1
LS_01452,80.9185375066904,7.48466682434082,491011.9843965099,827328.497911625,1
LS_01453,80.89542073469896,7.481538772583008,488461.35287506407,826983.2341468993,1
LS_01454,80.88873985835484,7.47697639465332,487724.0968014385,826479.048351027,1
LS_01458,80.86162992624136,7.45952033996582,484732.3078285932,824550.1449177082,1
LS_01459,80.87018274793438,7.448799133300781,485675.6755941503,823364.6394479476,1
LS_01461,80.82982326854359,7.435331344604492,481221.73684895335,821877.2983801417,1
LS_01467,80.8177705563997,7.433139801025391,479891.66849528806,821635.5543356506,1
LS_01469,80.82463894392315,7.4184417724609375,480648.9287585054,820010.3946580713,1
LS_01474,80.8228383594089,7.396306991577148,480449.25840230746,817563.4954486266,1
LS_01475,80.81784194580902,7.3996653710754945,479898.0274401772,817934.983493962,1
LS_01477,80.83280881245932,7.401613235473633,481549.7751800248,818149.6692981301,1
LS_01478,80.83780517578126,7.407087326049805,482101.3663363478,818754.6198886619,1
LS_01480,80.83344167785992,7.416470371869377,481620.23032392707,819792.0840616927,1
LS_01482,80.83589066609943,7.431235199147365,481891.0818339081,821424.2205787153,1
LS_01487,80.87220055716378,7.414831161499023,485897.24212575867,819609.4531357269,1
LS_01495,80.91593382285703,7.393345458150286,490722.7937220089,817233.0873025407,1
LS_01497,80.93371684734637,7.3972015380859375,492685.3214521419,817659.0398563645,1
LS_01498,80.93109202384949,7.406164169311523,492395.8123821763,818649.8897048441,1
LS_01499,81.005344581604,7.407743453979492,500589.78726958955,818823.8913660719,1
LS_01504,80.89888191223145,7.422098159790039,488841.73474019684,820412.0514275851,1
LS_01505,80.86601452827453,7.439104080200195,485215.4194479365,822292.9985571301,1
LS_01507,80.85603419939676,7.407722473144531,484113.0150875164,818824.1417785654,1
LS_01511,80.87324369521369,7.402860641479492,486011.9758097631,818286.0939064758,1
LS_01515,80.88165264594846,7.41212272644043,486940.20843466104,819309.74986649,1
LS_01517,80.84413480758667,7.429807662963867,482800.74209819717,821266.0793266841,1
LS_01522,80.79936246871948,7.38502311706543,477857.9957685963,816317.173119266,1
LS_01524,80.80768687370508,7.3589957897849265,478775.4266724971,813439.4750674953,1
LS_01525,80.82265663146973,7.364473342895508,480427.8044514702,814044.3292729962,1
LS_01526,80.82904259363809,7.391700744628907,481133.73555934156,817054.0121130341,1
LS_01527,80.83939317018303,7.37741457348266,482275.42317458935,815474.2677418281,1
LS_01529,80.85050463676453,7.367725372314453,483501.3292981088,814402.7131311884,1
LS_01530,80.84549827575684,7.371814727783203,482948.9702478119,814854.9740343664,1
LS_01534,80.83787751197815,7.360805511474609,482107.4882661493,813638.2173831328,1
LS_01537,80.83254528045654,7.356651306152344,481518.8275125827,813179.1921649426,1
LS_01538,80.84169673919678,7.353796005249023,482528.72095140617,812863.1748583971,1
LS_01539,80.84373452952227,7.365300570044776,482754.0683481625,814134.9100640755,1
LS_01540,80.83580708503723,7.350429534912109,481878.5658954342,812491.250204903,1
LS_01543,80.85548496246338,7.356555938720703,484050.57218876155,813167.7668683742,1
LS_01544,80.86170554161072,7.359268188476562,484737.2015234378,813467.3852367224,1
LS_01550,80.86864709854126,7.363790512084961,485503.4511636678,813967.0906541594,1
LS_01552,80.86020147800446,7.37584114074707,484571.77922057937,815299.553841379,1
LS_01562,80.87141949789864,7.376794815063477,485809.83686823363,815404.6089814882,1
LS_01563,80.88972846984863,7.393680572509766,487830.88213684206,817270.7648430025,1
LS_01567,80.87083053588867,7.352399826049805,485744.0594969616,812707.7968784091,1
LS_01568,80.89751633008322,7.358909606933594,488689.4369553981,813426.6808930855,1
LS_01573,80.8781943321228,7.379573822021484,486557.5935686393,815711.6145409999,1
LS_01574,80.8843822479248,7.375110626220703,487240.36163216457,815218.0329077941,1
LS_01580,80.90021018981933,7.378316879272461,488987.2230743163,815572.0579031638,1
LS_01583,80.91734838485718,7.386873245239258,490878.7664622784,816517.5644993534,1
LS_01586,80.92290878295898,7.383750915527344,491492.3393044374,816172.2857013977,1
LS_01589,80.92890103658041,7.392242431640625,492153.7847518376,817110.9000256028,1
LS_01592,80.9294533839129,7.377835095002713,492214.487696639,815518.1813447219,1
LS_01593,80.93071413040161,7.36488151550293,492353.4013541934,814086.1620915004,1
LS_01595,80.90427843729654,7.373266220092773,489436.074450131,815013.6167826651,1
LS_01596,81.00549666777901,7.368350982666016,500606.6240613104,814469.1168410828,1
LS_01597,80.96722888946533,7.317922592163086,496382.9021372934,808894.4780977471,1
LS_01598,80.95453698294503,7.310134887695312,494981.95095647353,808033.6842147438,1
LS_01599,80.96692848205566,7.327594757080078,496349.82345321804,809963.7199549226,1
LS_01601,80.96479415893555,7.342931747436523,496114.38647580665,811659.2139393977,1
LS_01602,80.80658388137817,7.348134994506836,478653.17608323845,812238.8791878616,1
LS_01604,80.80491173267365,7.326927185058594,478467.6052461396,809894.4618337916,1
LS_01606,80.8115873336792,7.33070182800293,479204.5862059307,810311.4291988033,1
LS_01612,80.82600593566895,7.329877853393555,480795.96053201286,810219.6977572454,1
LS_01613,80.81914036614555,7.320877075195312,480037.792328837,809224.9734489815,1
LS_01614,80.81989786359999,7.312158584594727,480121.0148212989,808261.1231247775,1
LS_01616,80.84850172996521,7.352069854736328,483279.696929384,812672.0914378508,1
LS_01620,80.85115242004395,7.343767166137695,483571.93946473696,811754.1429958735,1
LS_01621,80.84500535329184,7.346267700195312,482893.5919232732,812030.8034329743,1
LS_01627,80.8240966796875,7.345998764038086,480585.93066645344,812001.9249419909,1
LS_01628,80.80959812800089,7.33961296081543,478985.4515043195,811296.6362661157,1
LS_01629,80.81602355412075,7.338438034057617,479694.57134298934,811166.4536356167,1
LS_01631,80.80795599619547,7.314655303955078,478803.03026517795,808537.6768737359,1
LS_01635,80.84847679138184,7.33116340637207,483276.16350838804,810360.9148468422,1
LS_01642,80.86453444617135,7.350898742675781,485049.13268222584,812542.0596901822,1
LS_01645,80.86084222793579,7.345563888549805,484641.45128101355,811952.4244011597,1
LS_01646,80.87094731026508,7.345462799072266,485756.72651658737,811940.9153661293,1
LS_01649,80.86520494416345,7.33909747541801,485122.7409880136,811237.4251243761,1
LS_01653,80.87688048680624,7.33897590637207,486411.36278785614,811223.6153647779,1
LS_01655,80.85513324737549,7.328714370727539,484010.7604441915,810089.9352497736,1
LS_01661,80.87133062802829,7.321142196655273,485798.26188597194,809252.2994493844,1
LS_01663,80.89069080352783,7.321390151977539,487935.129030282,809279.1449767129,1
LS_01666,80.8963451385498,7.317068099975586,488559.11001167283,808801.2019356678,1
LS_01667,80.89753804210893,7.311304032295682,488690.6316306557,808163.9644097894,1
LS_01674,80.8774141898522,7.310346603393555,486469.4041040709,808058.6774439011,1
LS_01675,80.86535739898682,7.311882019042969,485138.6658905971,808228.7951772367,1
LS_01676,80.8710175620185,7.314470291137695,485763.4960293329,808514.7413491639,1
LS_01678,80.87421024762668,7.327611923217773,486116.2973660954,809967.4270887108,1
LS_01679,80.86576925662132,7.332857388239706,485184.8176085806,810547.5745436709,1
LS_01681,80.88943547259726,7.310418343147739,487796.2751739369,808066.2646287857,1
LS_01686,80.89262580871582,7.305526733398437,488148.28478767845,807525.4207749012,1
LS_01687,80.9338120866864,7.309020667714401,492694.3903490365,807910.7929252815,1
LS_01689,80.93356018066406,7.31834602355957,492666.7379373908,808941.6974602552,1
LS_01690,80.9398078918457,7.31184196472168,493356.23003950005,808222.5890328815,1
LS_01692,80.91498756408691,7.330436706542969,490617.04613102373,810278.6458979779,1
LS_01693,80.90250206517355,7.346993195044886,489239.3989521346,812109.2178231984,1
LS_01695,80.90606331825256,7.352165222167969,489632.56573291804,812680.8929512698,1
LS_01696,80.91620445251465,7.34893798828125,490751.73821727687,812323.9054857315,1
LS_01697,80.95367342138755,7.272852833521591,494886.2110872104,803912.2388224667,1
LS_01698,80.95443334579468,7.292474746704102,494970.31452724803,806081.3919511887,1
LS_01699,80.94577119694722,7.291899461199605,494014.1713830741,806017.9009972652,1
LS_01700,80.9501235144479,7.287925720214844,494494.5360694817,805578.5566422892,1
LS_01701,80.9477502822876,7.300027847290039,494232.7288939988,806916.4520045448,1
LS_01703,80.9404524826422,7.302263259887695,493427.2375089004,807163.6723260554,1
LS_01704,80.9140062059675,7.302705764770508,490508.14608476125,807213.0616401293,1
LS_01707,80.89964970675382,7.287429809570312,488923.12221909896,805524.6612264548,1
LS_01709,80.92484378814697,7.284866333007812,491704.052922327,805240.7337568308,1
LS_01710,80.91744790253816,7.283439636230469,490887.64561532217,805083.1577471135,1
LS_01713,80.91644859313965,7.275047302246094,490777.16727578617,804155.4224355698,1
LS_01716,80.93074497809778,7.296815872192383,492355.6452761236,806561.627349177,1
LS_01717,80.92141962051392,7.289543151855469,491326.17370139074,805757.8110598372,1
LS_01718,80.91563405990601,7.296531677246094,490687.69836566685,806530.4941445095,1
LS_01720,80.90750741958618,7.284759521484376,489790.41352343105,805229.280959007,1
LS_01728,80.90127754211426,7.279203414916992,489102.60765555664,804615.2097698775,1
LS_01733,80.93990128918698,7.2791786193847665,493366.0579125673,804611.7199721622,1
LS_01736,80.94035761367871,7.262189865112305,493416.18148075277,802733.6424712563,1
LS_01737,80.93456506729126,7.269756317138672,492776.87299524934,803570.1858733292,1
LS_01741,80.92660903930664,7.265567779541016,491898.56019175163,803107.2864780072,1
LS_01742,80.90957609812418,7.266115188598633,490018.3482268948,803168.1413521608,1
LS_01743,80.90525150299072,7.27154541015625,489541.0929671299,803768.5388546383,1
LS_01745,80.89939419428508,7.266729354858398,488894.40920696646,803236.2731661175,1
LS_01758,80.89177888234457,7.272483825683594,488053.9275305028,803872.6122502298,1
LS_01759,80.88478174209595,7.271381378173828,487281.5107416867,803750.9294779593,1
LS_01770,80.86018689473471,7.266633987426758,484566.41567487497,803226.8790370491,1
LS_01771,80.86226344108582,7.273597717285156,484795.8745441872,803996.6361519431,1
LS_01773,80.85452140494132,7.274134145171983,483941.2829682697,804056.2047020578,1
LS_01774,80.85988159974416,7.285633087158203,484533.3654659142,805327.2052332642,1
LS_01779,80.85472774505615,7.306600570678711,483965.2147442351,807645.3044755032,1
LS_01781,80.85725712776184,7.300457000732422,484244.1870988507,806966.0538978367,1
LS_01782,80.86831295490265,7.303157806396484,485464.60743961844,807264.2518962699,1
LS_01785,80.8707259950776,7.297504119541474,485730.7759721569,806639.1696370194,1
LS_01791,80.8965585231781,7.299823760986328,488582.2245142025,806894.8661370665,1
LS_01793,80.88918099403381,7.297561645507812,487767.8371991045,806644.9868906862,1
LS_01794,80.8923614025116,7.292690277099609,488118.7615088108,806106.381191062,1
LS_01798,80.88599556279937,7.291467666625977,487416.0597798932,805971.3963955687,1
LS_01804,80.86907575853029,7.281942796575333,485548.12428988155,804918.945941385,1
LS_01810,80.8824609120687,7.280004501342773,487025.57078012876,804704.2650192007,1
LS_01812,80.89188507172372,7.281929655938815,488065.8989322934,804916.8275536066,1
LS_01815,80.86989707946778,7.262332916259766,485638.16161070723,802751.0845558448,1
LS_01816,80.87834893238707,7.265227139067115,486571.2344730631,803070.7760854271,1
LS_01817,80.8244394659996,7.3040008544921875,480621.9495729027,807359.100166861,1
LS_01820,80.83102111139334,7.296753310273881,481348.12137466914,806557.6177758736,1
LS_01822,80.83900799070085,7.304496765136719,482230.02055960917,807413.3218717049,1
LS_01823,80.84862364085325,7.278972132900453,483290.43327894266,804591.2492240166,1
LS_01824,80.8267126083374,7.268362045288086,480871.3443947314,803419.1899548374,1
LS_01826,80.82073930104573,7.268474578857422,480211.97246438457,803431.8870090501,1
LS_01827,80.80176399728177,7.298141232057933,478118.7788427782,806712.3649783459,1
LS_01828,80.79275131225586,7.282131195068359,477123.14528706257,804942.924587994,1
LS_01833,80.80216481950548,7.280055999755859,478162.1457636643,804713.0492160708,1
LS_01834,80.78897709316678,7.273014068603516,476706.0613699066,803935.2318727971,1
LS_01835,80.79233090082803,7.267150878906249,477075.9785075546,803286.8936237014,1
LS_01836,80.80027215073748,7.265602111816406,477952.51931383525,803115.2855755857,1
LS_01839,80.78186583518982,7.264324188232422,475920.6128833169,802974.9499752067,1
LS_01840,80.7973508633248,7.246827816844908,477629.11688174034,801039.9599686401,1
LS_01842,80.7918643951416,7.23875617980957,477023.0423872551,800147.9272837923,1
LS_01845,80.7903561592102,7.232353210449219,476856.2150056562,799440.1659070711,1
LS_01853,80.7989044825236,7.23643684387207,477800.1167907462,799891.1788457208,1
LS_01855,80.79506797790528,7.227746963500977,477376.1526399605,798930.7161382107,1
LS_01856,80.80169615523363,7.231103897094727,478108.04699257493,799301.4953837175,1
LS_01857,80.80532956123352,7.222316741943359,478508.7468440231,798329.917753703,1
LS_01862,80.80290222167969,7.242031097412109,478241.71587979683,800509.4209451411,1
LS_01868,80.79724049568176,7.220493316650391,477615.6358702883,798128.7306390173,1
LS_01870,80.76928636149134,7.25518836682509,474531.4693190815,801965.685061978,1
LS_01871,80.79109938939413,7.222087860107422,476937.7442751948,798305.3108327099,1
LS_01873,80.84623696511252,7.255695343017578,483026.10768295766,802018.1309549129,1
LS_01874,80.83436393737793,7.24687385559082,481715.08557964093,801043.392954509,1
LS_01881,80.84580345153809,7.246055603027344,482977.89005839993,800952.4920715843,1
LS_01885,80.85399250454373,7.23979377746582,483881.6779229045,800259.960809915,1
LS_01891,80.84714221954346,7.238449096679687,483125.3972552222,800111.5575202501,1
LS_01893,80.83822458440608,7.223468780517578,482140.35159159056,798455.8531759502,1
LS_01895,80.84440272194999,7.232526779174805,482822.7481338515,799456.9594285643,1
LS_01897,80.85616755485535,7.232810974121094,484121.54639209434,799487.9493431033,1
LS_01901,80.85161905288696,7.229015350341797,483619.2744247192,799068.5119620359,1
LS_01902,80.85883868017862,7.227071762084961,484416.23045123275,798853.3988568758,1
LS_01913,80.84652210684384,7.221763610839844,483056.31844358705,798267.0332378368,1
LS_01916,80.85201644897461,7.219045639038086,483662.78766899934,797966.3664522846,1
LS_01918,80.82055568695068,7.254035949707031,480191.0719667335,801835.7290153838,1
LS_01919,80.80662973110492,7.253147125244141,478653.7328897525,801738.1024650732,1
LS_01920,80.81133290176484,7.259049272375158,479173.1921119312,802390.3564886226,1
LS_01921,80.81345280733976,7.251237869262695,479406.8525111358,801526.7221701421,1
LS_01931,80.82597773415702,7.241996765136719,480789.105704539,800504.5855591551,1
LS_01934,80.82043127218881,7.244350433349609,480176.9142885811,800765.0175637905,1
LS_01942,80.81826877593994,7.235410690307617,479937.7945678518,799776.8398171487,1
LS_01950,80.81451225280762,7.223976135253906,479522.5770660374,798512.9378158135,1
LS_01952,80.87707778385708,7.230016708374023,486429.86174487683,799178.3726283482,1
LS_01954,80.88946437835693,7.234004974365234,487797.40279642964,799618.9162003614,1
LS_01958,80.8974110285441,7.228092193603516,488674.5281189057,798965.0658056018,1
LS_01959,80.87875690157452,7.243661880493164,486615.63223340944,800686.7680746119,1
LS_01961,80.87145709991455,7.218658447265625,485809.00468532473,797922.912404763,1
LS_01963,80.91521906852722,7.257968902587891,490641.0925929426,802267.466072396,1
LS_01964,80.92161850477096,7.256018726727328,491347.4850515516,802051.7512280715,1
LS_01965,80.92213702201843,7.247341156005859,491404.55952812964,801092.4547360992,1
LS_01968,80.93590032789442,7.254343032836914,492924.02671004576,801866.2593364379,1
LS_01971,80.9335880279541,7.247739791870117,492668.664637344,801136.322269693,1
LS_01973,80.94296336174011,7.245279312133789,493703.5905653098,800864.1810805309,1
LS_01974,80.9219822883606,7.240900039672852,491387.3559177034,800380.406451446,1
LS_01978,80.9074649810791,7.231826782226562,489784.5350286602,799377.6784500357,1
LS_01979,80.91835534572601,7.232688903808594,490986.8020217261,799472.7540053424,1
LS_01980,80.92465209960938,7.228570938110352,491681.8600289262,799017.4023694325,1
LS_01981,80.9291169166565,7.232952117919922,492174.835606389,799501.6526375782,1
LS_01982,80.93350591659546,7.224514007568359,492659.22488841886,798568.7658593575,1
LS_01987,80.9747462272644,7.246858596801758,497212.186349094,801038.4496309294,1
LS_01989,80.97486186481657,7.258007049560547,497225.02006823645,802270.885258222,1
LS_01990,80.9583911895752,7.259166717529296,495406.84606654587,802399.217793067,1
LS_01993,80.9522476196289,7.256317138671875,494728.630366124,802084.2699457348,1
LS_01997,80.9568862915039,7.250450134277344,495240.63031557505,801435.6343963324,1
LS_02000,80.92878388298882,7.217164993286133,492137.7973924598,797756.4282600153,1
LS_02004,80.9316552480062,7.209062576293945,492454.65980092366,796860.6768185832,1
LS_02006,80.93738822937011,7.214973449707031,493087.6775197489,797514.0189510902,1
LS_02008,80.93834301630656,7.192584991455078,493192.75179396465,795039.0150788452,1
LS_02009,80.93344402313232,7.179931640625,492651.674251421,793640.2946783674,1
LS_02012,80.9268134640109,7.191509246826172,491919.8102649628,794920.2817071984,1
LS_02013,80.92904949188232,7.168920516967773,492166.29346916795,792423.1158850178,1
LS_02014,80.91643953323364,7.175907135009766,490774.1568535008,793195.7030763379,1
LS_02019,80.92049645966497,7.21739387512207,491222.87632513937,797781.8817950677,1
LS_02022,80.8542947769165,7.213712692260742,483914.1246332155,797376.7393211307,1
LS_02028,80.84930725097657,7.198064804077148,483362.9292257963,795647.0772296909,1
LS_02030,80.84987115859985,7.205778121948242,483425.4670808561,796499.7475537639,1
LS_02031,80.84534653027853,7.211952209472656,482926.1688258311,797182.4467308499,1
LS_02034,80.8236359187535,7.18385124206543,480528.0998940683,794076.8106584705,1
LS_02036,80.80470437781756,7.186225891113281,478438.0220374196,794340.1712168069,1
LS_02037,80.82142066955566,7.218950271606445,480285.0352414823,797957.0333874495,1
LS_02038,80.8051028060913,7.212974548339844,478483.2720292598,797297.1658427985,1
LS_02039,80.8091757774353,7.208354949951172,478932.7178408948,796786.2878264596,1
LS_02040,80.81458314259848,7.212667465209961,479529.8948222873,797262.7822379768,1
LS_02045,80.79814863204956,7.210044860839844,477715.38216482813,796973.627895141,1
LS_02047,80.80099296569824,7.203516006469727,478029.08654420776,796251.7371502498,1
LS_02050,80.82551431655884,7.203708648681641,480736.3266978715,796271.9269066378,1
LS_02053,80.79353383008171,7.216024398803711,477206.1998013825,797634.8831750477,1
LS_02055,80.79237608909607,7.188804626464844,477077.01790539024,794625.8442869844,1
LS_02056,80.79460516997746,7.194934844970703,477323.427590911,795303.4175170835,1
LS_02059,80.77664506435394,7.197589874267578,475340.6798888481,795597.8556614936,1
LS_02061,80.77319073677063,7.187261581420898,474958.73984144867,794456.2682480129,1
LS_02065,80.76910076141357,7.195363998413086,474507.6287048137,795352.2024694277,1
LS_02067,80.77123035996723,7.207366943359375,474743.41186200717,796678.9900828715,1
LS_02073,80.76898841857911,7.201440811157227,474495.5648575697,796023.9903635936,1
LS_02087,80.82809329032898,7.213840484619141,481021.4746489499,797391.8732851486,1
LS_02088,80.83597588539124,7.215080261230469,481891.7659190718,797528.6077460293,1
LS_02092,80.85631117224693,7.183517456054688,484135.68640116305,794038.6513271324,1
LS_02095,80.84266511599222,7.184062957763672,482629.0776318799,794099.4502634909,1
LS_02097,80.86506126403808,7.169942855834961,485101.32178142475,792537.7171613509,1
LS_02099,80.81859636306763,7.201728820800781,479972.4773147904,796053.3582696688,1
LS_02100,80.79305839538574,7.181606292724609,477151.9896285124,793830.0479557157,1
LS_02101,80.75473315335283,7.164863275327239,472919.56337768346,791981.2226904164,1
LS_02102,80.7616935143104,7.163412094116211,473687.99287522555,791820.3926588336,1
LS_02104,80.74024963378906,7.147932052612305,471319.3395380632,790110.3824457052,1
LS_02108,80.79614513397217,7.161989212036133,477491.828412059,791661.2655971048,1
LS_02109,80.7988512732766,7.156270980834961,477790.34525981045,791028.9951915881,1
LS_02111,80.81585884094238,7.149930953979492,479667.94657234085,790327.332503625,1
LS_02112,80.88942309788295,7.122678756713867,487789.8776960698,787312.0733535065,1
LS_02113,80.86551690101624,7.111965179443359,485149.7589648132,786128.4153970715,1
LS_02114,80.88448086906882,7.1163177490234375,487243.9704995598,786609.0145350229,1
LS_02116,80.88966163212373,7.110750293371959,487815.9025419914,785993.4078315065,1
LS_02117,80.88085849285126,7.105480194091797,486843.6660044495,785411.0536866239,1
LS_02122,80.88993740081787,7.100439071655273,487846.0834378715,784853.5235808532,1
LS_02123,80.86699843406677,7.093032836914063,485312.7562248691,784035.4486338743,1
LS_02126,80.86060774400806,7.089003621837065,484606.902947986,783590.2370081244,1
LS_02128,80.80259439680312,7.070430755615234,478199.5917792802,781539.375920631,1
LS_02129,80.76465413009231,7.066427063036132,474009.4288526013,781098.724327207,1
LS_02130,80.76378536224365,7.073184967041016,473913.8644718863,781845.8441730819,1
LS_02131,80.77529011837271,7.074802398681641,475184.47399330593,782024.0182487202,1
LS_02132,80.77919054031372,7.082714080810547,475615.62919287337,782898.4302894925,1
LS_02133,80.79360269245348,7.068508148193359,477206.4982028224,781327.2670745129,1
LS_02134,80.78178495519302,7.058378219604492,475900.87506717467,780208.0227373472,1
LS_02137,80.82279949188232,7.074489593505859,480431.11151064886,781987.17198936,1
LS_02139,81.02340564727783,7.092325210571289,502584.6664109492,783955.1829050913,1
LS_02143,81.03216902414957,7.096206665039063,503552.3692561449,784384.3239775837,1
LS_02145,80.83325583140055,7.232975006103516,481592.1955605479,799506.9458603148,1
LS_02147,80.83444786071777,7.240814208984375,481724.1060168519,800373.5068862766,1
LS_02156,80.81430880228677,7.230684280395508,479500.4188793787,799254.5202079279,1
LS_02159,80.85690629482269,7.257022857666016,484203.94312742987,802164.4998138415,1
LS_02162,80.86293836073442,7.259273529052734,484869.8969322075,802413.1015537773,1
LS_02168,80.87784147262573,7.258377075195312,486515.01305893454,802313.530111784,1
LS_02170,80.87270501943735,7.253141403198242,485947.840597053,801734.8928950169,1
LS_02173,80.89633178710938,7.255481719970703,488556.0740231129,801992.946353673,1
LS_02176,80.88827586174011,7.245565414428711,487666.51020608767,800896.9303890471,1
LS_02177,80.86296744140726,7.243881381730896,484872.59343471157,800711.5288552615,1
LS_02181,80.9161946773529,7.245441436767578,490748.5337466458,800882.5616629435,1
LS_02183,80.90913009643555,7.24787712097168,489968.7113338057,801151.971230891,1
LS_02185,80.91570640441984,7.251716613769531,490694.76088528056,801576.2788644524,1
LS_02188,80.93609309196472,7.230781555175781,492944.939715294,799261.587855245,1
LS_02189,80.95741083962577,7.265522003173828,495298.6922377857,803101.7907794701,1
LS_02199,80.91044569015503,7.237703323364258,490113.7205298011,800027.2512197756,1
LS_02207,80.85336153847831,7.24882698059082,483812.34531588963,801258.5862197921,1
LS_02210,80.8097458912776,7.242771148681641,478997.2484991144,800590.9104060356,1
LS_02213,80.76035363857562,7.190956115722656,473541.64425205137,794865.4148217934,1
LS_02220,80.82896788915,7.220180511474609,481118.29359989124,798092.7145754164,1
LS_02221,80.8076159954071,7.194648742675781,478759.8771395864,795271.164940208,1
LS_02222,80.82194876670837,7.190267562866211,480342.1010087586,794786.1937603325,1
LS_02230,80.81731920242309,7.178726196289063,479830.45956681215,793510.5206654979,1
LS_02233,80.79974476496378,7.142742156982422,477888.34915107855,789533.3690833044,1
LS_02234,80.81584933825901,7.141088485717773,479666.5065196634,789349.8177001657,1
LS_02235,80.80973807778585,7.140224973990126,478991.67337737983,789254.6324707319,1
LS_02236,80.82558465003967,7.141559600830078,480741.480345077,789401.4802499828,1
LS_02237,80.82424795627594,7.13258171081543,480593.50716569234,788409.051331817,1
LS_02241,80.82616138458252,7.168985366821289,480806.3079619114,792433.3133124094,1
LS_02242,80.82695627212524,7.159954071044922,480893.6964702587,791434.8902409953,1
LS_02244,80.86525519688925,7.178363800048828,485123.00748803356,793468.6265237747,1
LS_02248,80.98433846235275,7.162803649902344,498270.7735319377,791746.3368032563,1
LS_02253,80.98293844858804,7.149410247802734,498116.1398575319,790265.7381752412,1
LS_02261,80.97576653515851,7.153465270996094,497324.27284110815,790714.0453930383,1
LS_02264,81.21138694069603,7.16339111328125,523339.7408109441,791816.6187497618,1
LS_02265,81.13307075977752,7.142341765208037,514693.3161259918,789486.4236430527,1
LS_02266,81.12618255615234,7.135847091674805,513932.9344453144,788768.2400815138,1
LS_02268,80.93015766143799,7.159587860107422,492288.49063765083,791391.3962539152,1
LS_02269,80.91748725666719,7.163539886474609,490889.58948922955,791828.5143536328,1
LS_02275,80.93529065450033,7.154325485229492,492855.1587207445,790809.5717426285,1
LS_02279,80.93776241938272,7.14845085144043,493127.9893558621,790160.1091061564,1
LS_02286,80.93154096603394,7.148637771606445,492441.0455361077,790180.8701265624,1
LS_02289,80.94948589353633,7.141214370727539,494422.3584731814,789359.977493327,1
LS_02292,80.93909435272217,7.139425277709961,493274.9239605532,789162.3368588361,1
LS_02299,80.93110903987179,7.139276504516602,492393.1993259885,789146.0145133378,1
LS_02304,80.93747644424438,7.133819580078125,493096.19376005494,788542.6663544765,1
LS_02315,80.95101307206886,7.132053375244141,494590.87818379677,788347.2367216112,1
LS_02316,80.94076324911678,7.128568649291992,493459.0460268848,787962.142711782,1
LS_02318,80.94680881500244,7.120870590209961,494126.50288186874,787111.062798907,1
LS_02320,80.94348417917888,7.106544494628906,493759.19512165093,785527.3977286469,1
LS_02333,80.92022347450256,7.142507553100586,491191.29830094945,789503.3920268873,1
LS_02338,80.91151396433511,7.142719268798828,490229.6222368518,789526.9722108013,1
LS_02344,80.89700781504314,7.135843276977539,488627.72288618056,788767.1822176786,1
LS_02347,80.88595008850098,7.1366024017333975,487406.7608544354,788851.3887556683,1
LS_02351,80.87566618485884,7.167331695556641,486272.14205040515,792248.7290345383,1
LS_02353,80.87213921546936,7.17315673828125,485882.9035256828,792892.7805075614,1
LS_02355,80.96441010066441,7.148239135742188,496070.3124117701,790136.3919368308,1
LS_02356,80.96253371238708,7.140628814697266,495863.06103003526,789295.1083906728,1
LS_02362,80.98097356160483,7.139345169067383,497899.1398707598,789153.0801849593,1
LS_02367,80.9858922958374,7.1341552734375,498442.23883300327,788579.332325878,1
LS_02369,80.97553052902222,7.168357849121093,497298.30197428784,792360.3811497242,1
LS_02372,81.02826452255249,7.133562088012695,503120.94959689793,788513.8291359606,1
LS_02377,81.01759004592896,7.138465881347656,501942.26033590426,789055.871095276,1
LS_02379,81.01044864654541,7.144193649291992,501153.7058587175,789689.0358461599,1
LS_02381,81.0246514014478,7.141456604003906,502721.9445110416,789386.5228425524,1
LS_02382,81.01741260171602,7.144703414979711,501922.6412210829,789745.4122776126,1
LS_02387,81.0474256515503,7.158462524414063,505236.4255283636,791266.6777205038,1
LS_02390,81.03584098815918,7.169914245605469,503957.2249704569,792532.5191238928,1
LS_02394,80.94061782308485,7.029989185856289,493441.59603745927,777064.4843413515,1
LS_02395,80.94748973846436,7.033788681030273,494200.6050687024,777484.4153988976,1
LS_02396,80.95929082234701,7.02400016784668,495503.8592642659,776402.1977787445,1
LS_02397,80.91424369812012,7.09377098083496,490530.02834095305,784115.81844592,1
LS_02399,80.92746537923813,7.097747802734375,491990.15324954654,784555.1953902331,1
LS_02401,80.94947814941406,7.090240478515625,494420.88788124995,783724.9605388128,1
LS_02402,80.91305828094482,7.086477279663086,490398.9729462201,783309.5454288255,1
LS_02404,80.95951843261719,7.107728958129883,495529.8022186439,785658.151276106,1
LS_02405,80.97739887237549,7.112129211425781,497504.282812651,786144.4518489866,1
LS_02407,80.97000285557338,7.129690170288086,496687.7076217359,788085.8116685146,1
LS_02410,80.98811752455575,7.126903533935546,498687.92613649205,787777.6662540393,1
LS_02412,80.9814762387957,7.125965118408203,497954.5850754761,787673.9512469872,1
LS_02417,81.0078049659729,7.115383148193359,500861.8530218927,786504.1113513086,1
LS_02419,81.00164604187012,7.108699798583984,500181.7646190563,785765.2797408984,1
LS_02424,80.98209424452348,7.119876861572266,498022.79989670205,787000.9093034695,1
LS_02426,81.00867938995361,7.089748382568359,500958.4632105775,783670.2661758324,1
LS_02427,80.9983925819397,7.116619110107422,499822.5034667221,786640.73636989,1
LS_02432,81.02527364403807,7.120949550874434,502790.77508672007,787119.5300057143,1
LS_02433,81.02999446297491,7.116257476768617,503312.0926853228,786600.8659504488,1
LS_02435,81.03906137803023,7.107324600219727,504313.3763923213,785613.4372260562,1
LS_02437,81.02093243598938,7.112663269042969,502311.45014501014,786203.4816870346,1
LS_02440,81.0466119978163,7.11149787902832,505147.1118818389,786074.8581616383,1
LS_02441,81.0260623296102,7.149759292602539,502877.68365608255,790304.3706661406,1
LS_02444,81.03457145690918,7.103496551513672,503817.60564750107,785190.218316632,1
LS_02450,81.02814435958862,7.106365203857422,503107.8643331069,785507.2913107582,1
LS_02453,81.03874299791124,7.095592498779297,504278.3274882131,784316.4852309582,1
LS_02454,81.04427509307861,7.093866348266602,504889.2462608663,784125.719119691,1
LS_02463,81.03544683456421,7.088932037353516,503914.39361943596,783580.1621693479,1
LS_02467,81.02943019917585,7.090150633998488,503249.9680250789,783714.8279124396,1
LS_02469,81.01818970271519,7.087490081787109,502008.6948583666,783420.6482924754,1
LS_02470,81.03595806558532,7.124881574220552,503970.54029059195,787554.2820706833,1
LS_02471,81.04382991790771,7.130847930908203,504839.69886453566,788213.9209776069,1
LS_02472,81.0748176574707,7.11512565612793,508261.64752399764,786476.3072155884,1
LS_02474,81.07091369628907,7.093564987182617,507830.9220485295,784092.7697145157,1
LS_02476,81.07693099975586,7.096010208129883,508495.3618462705,784363.1876121967,1
LS_02480,81.07883405685425,7.102813720703125,508705.385494976,785115.3315114535,1
LS_02482,81.06885582467784,7.102329254150391,507603.5295520024,785061.5995429482,1
LS_02483,81.0985860824585,7.167856216430664,510885.00181385793,792306.0234953689,1
LS_02485,81.1079190572103,7.166780471801758,511915.4952858269,792187.3343077967,1
LS_02490,81.10166606903076,7.161163330078125,511225.2307245618,791566.2159116725,1
LS_02492,81.11203521840713,7.161666870117188,512370.1048574973,791622.1471689817,1
LS_02500,81.1121145248413,7.154975891113281,512379.04166005796,790882.4783746153,1
LS_02502,81.09772205352783,7.139566421508789,510790.2675489365,789178.6393294928,1
LS_02503,81.10665875704228,7.150616041779947,511776.7581475334,790400.3649328253,1
LS_02504,80.73668150468306,7.098600387573242,470922.2494584673,784657.076760843,1
LS_02505,80.74018360319592,7.103456497192383,471309.28294222505,785193.6923641915,1
LS_02507,80.73944282531738,7.089906692504883,471226.6390257716,783695.8330781105,1
LS_02510,80.77723693847656,7.130590438842773,475402.4342936394,788191.161784567,1
LS_02511,80.78179909632756,7.111362457275391,475905.18806401757,786065.3084252831,1
LS_02513,80.76432657241821,7.105794906616211,473975.4629229423,785450.7731424461,1
LS_02514,80.76095056533813,7.0958251953125,473602.0925382118,784348.833070379,1
LS_02515,80.76904207865397,7.100334167480469,474495.88055718946,784846.8376196853,1
LS_02518,80.77441701022062,7.093072891235352,475089.0337016984,784043.8270251752,1
LS_02523,80.79635753631592,7.104501724243164,477512.47555734793,785306.1373520367,1
LS_02529,80.80473899841309,7.100175857543945,478437.8131467823,784827.5245056719,1
LS_02533,80.78084969520569,7.089962005615234,475799.2314885048,783699.5851769801,1
LS_02534,80.79299926757812,7.096014022827148,477141.21311810607,784368.0057606178,1
LS_02535,80.82348537445068,7.102266311645508,480508.02358072845,785057.7888701044,1
LS_02536,80.83655325571695,7.099828720092773,481950.9791440729,784787.7900197771,1
LS_02537,80.85275868936019,7.09330940246582,483740.2804604657,784066.4970804062,1
LS_02540,80.84839963043135,7.09804437753795,483259.0836818038,784590.0911004165,1
LS_02544,80.84717285550875,7.091159820556641,483123.36241813377,783829.0659543476,1
LS_02546,80.8486430644989,7.112106323242188,483286.4735989579,786144.5939264846,1
LS_02547,80.81632295021643,7.1290283203125,479718.27096954954,788016.5729744124,1
LS_02548,80.81765548695631,7.117795235922562,479864.92087594746,786774.7234278737,1
LS_02551,80.84933423995972,7.131748199462891,483363.5044470647,788315.9289757195,1
LS_02554,80.84296887772899,7.122015392109029,482660.2743597821,787240.2254003028,1
LS_02555,80.83635256025526,7.128593444824219,481929.9416044498,787967.6665961153,1
LS_02556,80.83131017440405,7.124696731567383,481372.9991350687,787537.0946917011,1
LS_02565,81.03915618447697,7.117372512817383,504323.7514647155,786724.2055928658,1
LS_02571,81.1083533498976,7.136543273925781,511964.2331945895,788844.7006652558,1
LS_02577,81.09474740028381,7.146087646484375,510461.66394488706,789899.4749430296,1
LS_02580,81.11672680194562,7.146255493164063,512888.5479415437,789918.5871179791,1
LS_02591,81.10561034896156,7.156700134277344,511660.84334612096,791072.9191132293,1
LS_02592,81.09899374956936,7.151543643889411,510930.4011756257,790502.7198751853,1
LS_02601,81.09317337839227,7.153238296508789,510287.7060194032,790689.9251411927,1
LS_02602,81.14730930328369,7.10113525390625,516266.9531027878,784931.6265855661,1
LS_02605,81.14399113125272,7.094497680664063,515900.76376962254,784197.7454053364,1
LS_02613,81.12920316060385,7.098775863647461,514267.61171948013,784670.2059846886,1
LS_02615,81.11664022718156,7.100042343139648,512880.278304046,784809.84396669,1
LS_02620,81.1119626151191,7.106292724609375,512363.5740957529,785500.6789296978,1
LS_02621,81.11298743538234,7.088438034057617,512477.2218708923,783526.9203331545,1
LS_02622,81.10157928466796,7.094587326049805,511217.2676837564,784206.4158436102,1
LS_02623,81.11075496673584,7.124750137329102,512229.72968595364,787541.0636360211,1
LS_02624,81.09800910949707,7.131706237792968,510822.1483411254,788309.723718616,1
LS_02625,81.10015296936035,7.120761871337891,511059.1355564709,787099.9044430756,1
LS_02626,81.10187816619873,7.126855850219727,511249.4876485155,787773.618917918,1
LS_02627,81.09800552471805,7.1106858013047285,510822.24526354606,785985.9719089716,1
LS_02628,81.10657930374146,7.111368179321289,511768.98716923746,786061.6161527773,1
LS_02630,81.1025824546814,7.1059417724609375,511327.7687704408,785461.642236614,1
LS_02632,81.08730551401774,7.090259552001953,509641.1225633373,783727.672107315,1
LS_02633,80.98519468307495,7.097949981689453,498365.08088103007,784576.9452923059,1
LS_02634,80.74843508402506,7.067190170288086,472218.3028565645,781184.0205159025,1
LS_02635,80.74891376495361,7.075508117675781,472271.6626285435,782103.5236427095,1
LS_02638,80.74577383561568,7.061893463134766,471924.08515197,780598.640272431,1
LS_02642,80.74553108215332,7.047353744506836,471896.3993254133,778991.3202112322,1
LS_02644,80.74515353308783,7.055093765258789,471855.16965212557,779846.9855338002,1
LS_02646,80.75619257776015,7.044586726104017,473073.7045623025,778684.8044506027,1
LS_02651,80.75678482055665,7.054666519165039,473139.693258591,779799.0686838242,1
LS_02656,80.7689847946167,7.082143783569336,474488.55385981407,782835.9331224941,1
LS_02669,80.78849673271179,7.085353851318359,476643.46563377307,783189.7726886579,1
LS_02678,80.77741050720215,7.068998336791992,475418.330480767,781382.2800615412,1
LS_02685,80.78713766733804,7.071611404418945,476492.6863930269,781670.6460757846,1
LS_02687,80.79522075653077,7.058877944946289,477384.7220681314,780262.5930706287,1
LS_02688,80.79944944381714,7.054676055908203,477851.52923970856,779797.881907148,1
LS_02689,80.78736644871356,7.0452280691379805,476516.6217551223,778754.0214313427,1
LS_02691,80.77442407608032,7.0454864501953125,475087.2650681999,778783.255262763,1
LS_02695,80.80698617299399,7.055692672729492,478683.9227434589,779909.915162214,1
LS_02696,80.8192024230957,7.0885009765625,480034.4755679427,783536.2475563788,1
LS_02701,80.84955374002456,7.084453582763672,483386.0428956648,783087.623448605,1
LS_02704,80.8500150792739,7.077749252319336,483436.7500771815,782346.4614500237,1
LS_02706,80.844560286578,7.067794799804688,482833.9932099223,781246.2217078325,1
LS_02707,80.84627188806948,7.061845779418945,483022.7975872303,780588.5112558679,1
LS_02710,80.84410095214844,7.052814483642578,482782.7125754069,779590.2064211528,1
LS_02712,80.83386500700303,7.069917678833008,481652.93910692516,781481.3081153607,1
LS_02713,80.83606112003326,7.060909271240234,481895.11625988735,780485.367155697,1
LS_02715,80.82388085278555,7.06312998881133,480550.0554199373,780731.3522586373,1
LS_02716,80.83023250102997,7.083806991577148,481252.34392362926,783016.879820193,1
LS_02718,80.81494474411011,7.078145980834961,479563.841451385,782391.7140313667,1
LS_02721,80.80897331237793,7.075162887573242,478904.2620955765,782062.2072348589,1
LS_02729,80.8127965927124,7.053863525390625,479325.5354856671,779707.4462076171,1
LS_02732,80.82701241629465,7.05775260925293,480895.6740912954,780136.7678641004,1
LS_02735,80.87429523468018,7.054206848144531,486117.37705973675,779743.1220201433,1
LS_02736,80.87255054050021,7.059858322143555,485924.866395933,780367.9281759318,1
LS_02740,80.85640621185303,7.082389831542969,484142.70048036677,782859.2419150834,1
LS_02745,80.86268107096355,7.080942153930664,484835.59758857917,782698.9957245131,1
LS_02747,80.85918998718262,7.069828033447266,484449.6975888086,781470.4760221102,1
LS_02750,80.8604789013724,7.063757209251844,484591.83757980354,780799.3207477517,1
LS_02751,80.85612869262695,7.058755874633789,484111.2459671373,780246.5835109081,1
LS_02752,80.87594589820276,7.085092544555664,486300.5836874465,783157.3978129363,1
LS_02754,80.88918685913086,7.0689697265625,487762.373195645,781374.6974274808,1
LS_02758,80.89495086669922,7.056316375732422,488398.60559000616,779975.7597756473,1
LS_02759,80.88802642822266,7.056768417358398,487633.89696506754,780025.9095385207,1
LS_02760,80.94420521599906,7.085903167724609,493838.5417114032,783245.5505302232,1
LS_02762,80.92070073149667,7.083144675882875,491242.8710833204,782940.9849140131,1
LS_02764,80.911542263248,7.07168279315603,490231.2468805084,781674.0904417459,1
LS_02765,80.92725009918213,7.078218460083008,491966.0420609545,782396.288199994,1
LS_02766,80.92259772167876,7.072253952740915,491452.15808230627,781737.0128494469,1
LS_02767,80.93528925455533,7.067541122436523,492853.662829919,781215.8099169052,1
LS_02768,80.94425787244523,7.078596115112305,493844.25970960926,782437.7772965305,1
LS_02775,80.95462350209554,7.07847785949707,494988.9606793285,782424.580023197,1
LS_02777,80.95086116790772,7.06898307800293,494573.3658233431,781375.0034065963,1
LS_02781,80.93101024627686,7.089305877685546,492381.466940758,783621.9057259507,1
LS_02785,80.90386127864613,7.057785034179688,489382.68623043946,780137.9032541687,1
LS_02786,80.91825301637869,7.05509686803981,490972.02188783354,779840.4316437811,1
LS_02792,80.91605154673258,7.046607971191406,490728.7269119992,778902.0536973831,1
LS_02793,80.98410511016846,7.077848434448242,498244.68563192064,782354.7845134325,1
LS_02795,80.96024417877197,7.07484245300293,495609.6317092658,782022.6402083219,1
LS_02796,80.99090801585805,7.068090438842773,498995.92727866484,781276.0483825144,1
LS_02799,80.94921832614475,7.060537338256836,494391.8371984265,780441.372698634,1
LS_02800,80.94676730212043,7.053806304931641,494121.0690709456,779697.3083806327,1
LS_02801,80.96388387680054,7.056577682495117,496011.4192326509,780003.4943405625,1
LS_02811,80.95403909683228,7.055461883544922,494924.1722394087,779880.2419705013,1
LS_02812,80.97568925221762,7.050289154052734,497315.14135071915,779308.2332254682,1
LS_02814,80.96544753180609,7.070920944213867,496184.2232687392,781589.0836918618,1
LS_02815,80.98018278394426,7.082769393920898,497811.55603768275,782898.7980475244,1
LS_02818,80.97228002548218,7.065149307250977,496938.7268272773,780950.9968415071,1
LS_02822,80.9817123413086,7.051931381225586,497980.3334103353,779489.7457979918,1
LS_02823,80.96906667947769,7.052936553955078,496583.7692922861,779600.9380675618,1
LS_02826,80.96010947227478,7.046207427978516,495594.484719967,778857.1298498131,1
LS_02827,80.98163961481166,7.0582122802734375,497972.3289129757,780184.0793863968,1
LS_02833,80.98827819824218,7.056804656982422,498705.4721429743,780028.4474789315,1
LS_02836,81.00103616714478,7.049036026000977,500114.4337368412,779169.6341863341,1
LS_02837,80.99389987521701,7.049802780151367,499326.3066375862,779254.4006517322,1
LS_02840,81.00983344184027,7.049539566040039,501085.9988100957,779225.3102186866,1
LS_02842,81.00187707172634,7.062285726459541,500207.2968880195,780634.3463894046,1
LS_02845,81.04387887433404,7.138389485747866,504845.0253345808,789047.6192705511,1
LS_02847,81.04018878936768,7.142942428588867,504437.5289248454,789550.8973210758,1
LS_02850,81.08089256286621,7.1569366455078125,508931.65122239414,791098.5114262447,1
LS_02851,81.18435321384005,7.117040634155273,520356.92045304243,786691.3919297546,1
LS_02852,81.21524975034926,7.101467132568359,523769.4380452899,784971.2494812461,1
LS_02853,81.15476197462816,7.108091354370117,517089.6756996762,785700.8737333812,1
LS_02860,81.03421650879773,7.080686569213867,503778.59587893175,782668.64060864,1
LS_02864,81.0362298488617,7.070095062255859,504001.02417679224,781497.799098086,1
LS_02866,80.99621001879373,7.078800201416016,499581.4632988148,782459.9711078502,1
LS_02867,80.99680455525717,7.071348190307617,499647.1137254828,781636.1739891263,1
LS_02873,81.00434684753418,7.069185256958008,500480.042714291,781397.0695210416,1
LS_02881,81.00704746246338,7.057062149047852,500778.3045291955,780056.9020154219,1
LS_02885,81.02986827492714,7.064033508300781,503298.5300354386,780827.6634459349,1
LS_02888,81.03110949198404,7.058336257934571,503435.6470174379,780197.8594119485,1
LS_02893,81.0238435910927,7.047536420287211,502633.2817927304,779003.9247327555,1
LS_02895,81.02144321124594,7.05282325160263,502368.1574267763,779588.3540361968,1
LS_02898,81.02118861076428,7.063309376573791,502339.98703920544,780747.5604496626,1
LS_02905,81.01284472147623,7.058668136596679,501418.5347627688,780234.4524662594,1
LS_02909,81.02788305282593,7.0773468017578125,503079.20205144864,782299.3928888992,1
LS_02912,81.02830076217651,7.052532196044922,503125.49749844894,779556.2191440342,1
LS_02913,81.03791813850403,7.051624298095703,504187.6356836275,779455.9292885129,1
LS_02917,81.03383731842041,7.045246124267578,503737.00564078015,778750.8080701431,1
LS_02920,80.70048634211221,6.951122283935547,466914.8312409674,768356.0749934149,1
LS_02922,80.70274194081625,6.957555770874023,467164.4403336561,769067.1256079364,1
LS_02925,80.71025186033103,6.945306777954102,467993.17524260125,767712.5130066914,1
LS_02929,80.69972610473633,6.944972991943359,466830.4214384465,767676.3376520246,1
LS_02931,80.74001095357019,6.951135766127286,471280.869612608,768354.9854904051,1
LS_02933,80.7397301197052,6.939876556396484,471249.1639764895,767110.3262563074,1
LS_02934,80.82184278106948,6.9100002510763705,480318.5750958998,763803.405886243,1
LS_02935,80.8333067771716,6.913684844970703,481585.17450964416,764210.2666023284,1
LS_02936,80.96232562564728,6.953288012248986,495838.4139310983,768585.1882375415,1
LS_02940,80.95885467529297,6.938331604003906,495454.8622293613,766931.8444617928,1
LS_02947,80.95303541819254,6.935752868652344,494812.0068850462,766646.8345831678,1
LS_02951,81.01432580947876,6.952539443969727,501582.4597208945,768502.2950862838,1
LS_02952,81.05648040771484,6.950689315795898,506238.9726158004,768298.118435822,1
LS_02954,81.06024174690246,6.944976806640625,506654.5403794181,767666.6726227613,1
LS_02955,81.39784248669943,6.862627029418945,543955.1820512095,758581.0390352868,1
LS_02956,80.9472427368164,6.911970138549805,494171.8200980383,764017.810834936,1
LS_02957,80.98191952187227,6.8956495665484425,498002.55224588414,762213.3504251704,1
LS_02958,80.95602416992188,6.892698287963867,495141.72286434035,761887.2841753763,1
LS_02959,80.86290862825182,6.895292282104492,484854.75290925667,762175.9914865491,1
LS_02960,80.84861119588217,6.90864372253418,483275.7011761347,763652.4232606685,1
LS_02962,80.83480357422548,6.896663665771484,481749.87590177,762328.5764840285,1
LS_02967,80.84029706319174,6.890583038330078,482356.54740119225,761656.178038252,1
LS_02975,80.82606983184814,6.893510818481445,480784.8832797308,761980.3829995235,1
LS_02976,80.78053555995858,6.888136729374578,475754.1425248157,761388.3673423588,1
LS_02978,80.77783718109131,6.910163879394531,475457.1654028683,763823.5377444816,1
LS_02981,80.76953053474426,6.89085578918457,474538.4748929215,761689.5234851185,1
LS_02982,80.76053352355957,6.89207649230957,473544.57616204483,761824.9575801209,1
LS_02986,80.75392525536674,6.89399528503418,472814.6226707875,762037.4456270867,1
LS_02987,80.72764921188354,6.875530242919922,469910.5644698333,759997.7629996104,1
LS_02988,80.74282196684,6.8720119813998926,471586.65954279783,759607.9022915193,1
LS_02989,81.28516781951282,6.852880987994729,531506.967405758,757494.775114586,1
LS_02990,80.95189247131347,6.859888076782227,494684.90430320386,758260.29072867,1
LS_02991,80.84161631228963,6.854281253840542,482500.9666288434,757643.0996209272,1
LS_02992,80.67655112526634,6.812318801879883,464260.4703396743,753013.4080763848,1
LS_02993,80.84182825922144,6.812959476605112,482522.8831864704,753075.127533654,1
LS_02994,81.04041116887873,6.821775436401367,504465.12752072944,754047.0191280175,1
LS_02999,80.86709894452775,7.372674942016602,485332.8835409737,814949.3023791803,1
LS_03025,80.87931227684021,7.387340545654297,486681.201926868,816570.181562451,1
LS_03027,80.82481575012207,7.358299255371094,480665.8252037321,813361.6975110046,1
LS_03033,80.84438451131186,7.392374038696289,482826.8464658652,817127.8232158341,1
LS_03035,80.84169960021973,7.385923385620117,482530.2954278879,816414.8155842841,1
LS_03036,80.83503079414368,7.385677337646484,481794.32778074016,816387.8821649841,1
LS_03037,80.7972960472107,7.3776702880859375,477629.5787571995,815504.4280999326,1
LS_03040,80.8031188249588,7.354804992675781,478271.0697526092,812976.4064497651,1
LS_03041,80.79272409585806,7.357791900634766,477123.99631556176,813307.1239532947,1
LS_03044,80.8523907104096,7.399995803833008,483710.6625688953,817970.0993808396,1
LS_03048,80.8786985874176,7.4179534912109375,486614.3997046335,819954.4217210141,1
LS_03051,80.90582055311937,7.136035919189453,489600.8204044368,788788.2703065013,1
LS_03052,81.01475286483765,7.162021636962892,501628.900582003,791659.8840592067,1
LS_03053,81.02542736416771,7.156360626220703,502807.53333396255,791034.1261435401,1
LS_03054,81.0350104967753,7.151657104492188,503865.6836397883,790514.2341219889,1
LS_03055,81.08585279638118,7.152473449707031,509479.42167474655,790605.2160838009,1
LS_03056,80.76676359176636,6.924915313720703,474234.63374347443,765454.8501197485,1
LS_03060,81.0177993774414,7.029541015625,501965.83565787174,777014.5620305131,1
LS_03065,81.0275514125824,7.028636932373047,503042.8960409353,776914.6707927263,1
LS_03084,80.90658577283224,7.0438232421875,489683.2637577523,778594.4090680977,1
LS_03087,80.89941024780273,7.020925521850586,488890.2486323837,776063.3027161515,1
LS_03096,80.97311687469482,7.044681549072266,497031.014423611,778688.3461983908,1
LS_03107,80.94690036773682,7.041084289550782,494135.60470791353,778290.9285910471,1
LS_03111,80.95752000808716,7.0402374267578125,495308.4438970692,778197.1907426609,1
LS_03139,80.95409970283508,7.029552459716797,494930.5841189553,777016.0382729715,1
LS_03142,80.96607208251953,7.028606414794922,496252.8551227169,776911.3434095768,1
LS_03144,80.90654730796814,7.024238586425781,489678.5832299185,776429.3881893029,1
LS_03162,81.00890445709229,7.018585205078125,500983.4674729002,775803.4058950442,1
LS_03168,80.96996426582336,7.019077301025391,496682.6570719515,775857.9023554442,1
LS_03170,80.99058175086975,7.013866424560546,498959.7754421211,775281.7618138221,1
LS_03188,80.96178504398891,7.009515762329102,495779.2041088931,774800.9722853784,1
LS_03194,80.95442295074463,7.006540298461914,494966.03769428557,774472.1174181098,1
LS_03200,80.95275783538818,7.015220642089844,494782.2230684858,775431.7182400806,1
LS_03234,81.07673025131226,7.009057998657226,508474.7740256971,774750.8887665783,1
LS_03244,80.71708869934082,7.039152145385742,468754.6439706717,778086.4567334392,1
LS_03246,80.84379539489746,7.040365219116211,482748.5068671772,778213.9869592501,1
LS_03249,80.84666991233826,7.034305572509766,483065.75441037456,777544.0055252517,1
LS_03257,81.1584300994873,7.0350189208984375,517497.4812263935,777623.0517932037,1
LS_03261,81.08440971374512,7.032325744628906,509322.4998235375,777323.2079337216,1
LS_03267,81.17424082756042,7.029720306396484,519243.8871484375,777037.9257588251,1
LS_03268,80.93238830566406,7.001924514770508,492532.2478115607,773962.1513347419,1
LS_03271,80.74286766052246,7.034168243408203,471601.44672437024,777533.8530495812,1
LS_03275,80.75023460388184,7.028696060180664,472414.7588149814,776928.4749910176,1
LS_03276,80.74008393287659,7.02783203125,471293.61155604426,776833.5686880809,1
LS_03303,80.79505825042725,7.034942626953125,477365.61412624636,777616.6127397217,1
LS_03331,80.77838206291199,7.037590026855469,475523.9756419326,777910.1158855304,1
LS_03348,80.78967634836832,7.032554626464844,476771.0993671549,777352.8892642095,1
LS_03354,80.79162510236105,7.026535034179688,476986.0315195542,776687.3427940108,1
LS_03361,80.79503345489502,7.02052116394043,477362.1778342609,776022.3593693695,1
LS_03365,81.2490701675415,7.03654670715332,527507.994551156,777796.3051006849,1
LS_03371,81.21264266967773,7.031789779663086,523485.06088707893,777268.4531628758,1
LS_03373,81.07156181335449,7.030755996704102,507903.5591528143,777149.4409227833,1
LS_03389,80.98663091659546,7.006093978881836,498523.3901560819,774422.5551043208,1
LS_03390,80.98119596334604,7.003593444824219,497923.09069062024,774146.1502211128,1
LS_03415,81.04533195495605,7.040586471557617,505006.5276390192,778235.8060965071,1
LS_03430,81.06997728347778,7.015842437744141,507728.8037562441,775500.7694025963,1
LS_03452,81.03999283200218,7.083803176879883,504416.45697289903,783013.2229908262,1
LS_03460,81.04924030303955,7.073963165283203,505437.78185112006,781925.5378461072,1
LS_03466,81.04326261792863,7.073389053344727,504777.6505874243,781862.0059194877,1
LS_03483,81.0503568649292,7.063505172729492,505561.2128233949,780769.4524091951,1
LS_03495,81.0813647111257,7.059181213378906,508985.6818770576,780291.936020416,1
LS_03497,81.04218983650208,7.058521270751953,504659.3282295372,780218.4081763867,1
LS_03506,81.05175669987997,7.050931930541992,505715.9593533587,779379.537083935,1
LS_03517,81.10745207468668,7.084564208984375,511866.0494012278,783098.5349806694,1
LS_03519,81.09536457061768,7.081508636474609,510531.28123487154,782760.4589997595,1
LS_03526,81.10336701075235,7.077695846557617,511415.09972642676,782339.1551372326,1
LS_03534,81.0911922454834,7.076480865478516,510070.63248854125,782204.5613149566,1
LS_03541,81.09474074840546,7.069381713867188,510462.6644113425,781419.8495659719,1
LS_03546,81.10039615631104,7.071577072143555,511087.16584627575,781662.670795632,1
LS_03547,81.12514877319336,7.065296173095703,513820.89091172133,780968.9979074632,1
LS_03550,81.0878677368164,7.063543319702148,509703.76672510384,780774.2839074874,1
LS_03557,81.10135459899902,7.060127258300781,511193.2862004438,780396.9510352821,1
LS_03563,81.09601712226868,7.056354522705078,510603.91722499015,779979.7618030559,1
LS_03570,81.12811183929443,7.053800582885742,514148.4689037776,779698.2829029179,1
LS_03595,81.09739017486572,7.050466537475586,510755.6900966849,779328.8944951171,1
LS_03597,81.0869677066803,7.048492431640625,509604.6810969576,779110.4359339778,1
LS_03602,81.1467567284902,7.085689544677734,516206.47376424784,783224.1253565177,1
LS_03606,81.13139237676347,7.084789276123047,514509.8000555781,783124.0951492205,1
LS_03625,81.15948700904846,7.080253601074219,517612.4994319319,782623.6596852392,1
LS_03626,81.14028072357178,7.077070236206055,515491.6090531235,782271.0636260967,1
LS_03642,81.15128135681152,7.072160720825195,516706.6201835882,781728.7109741115,1
LS_03653,81.15894889831543,7.070014953613281,517553.46129077044,781491.7844800297,1
LS_03656,81.1342715008158,7.069705963134766,514828.22679329733,781456.7681531277,1
LS_03662,81.14459460122245,7.067539215087891,515968.33148469497,781217.5816822154,1
LS_03676,81.13256015777588,7.0641727447509775,514639.40899464657,780845.0325415039,1
LS_03680,81.1519595781962,7.065832138061523,516781.74746761326,781029.1280379948,1
LS_03683,81.1390495300293,7.063995361328125,515356.07627820206,780825.6322125937,1
LS_03699,81.14342621394566,7.054695129394531,515839.73708245606,779797.6646036918,1
LS_03707,81.13718795776367,7.05232048034668,515150.8709857706,779534.9468486145,1
LS_03708,81.15892132014935,7.057400077467662,517550.8913635715,780097.2436034422,1
LS_03717,81.15547037124634,7.0501670837402335,517170.0423148435,779297.5280536094,1
LS_03728,81.14895343780518,7.046916961669922,516450.4296084915,778938.0017214562,1
LS_03733,81.1409126917521,7.04414176940918,515562.49971936387,778630.936757989,1
LS_03735,81.12335332234701,7.087839126586914,513621.9477891635,783461.0041308177,1
LS_03744,81.1531753540039,7.082456588745117,516915.4076356061,782866.9596133357,1
LS_03745,81.12406635284424,7.081998825073242,513700.8605331202,782815.3962117204,1
LS_03775,81.15249991416931,7.057395935058594,516841.72509082954,780096.5488791356,1
LS_03788,81.15941524505615,7.043952941894531,517605.94707737205,778610.7191884437,1
LS_03792,81.21738719940186,7.07451057434082,524006.8669130949,781991.3734876586,1
LS_03794,81.2203254699707,7.069065093994141,524331.6374679544,781389.5409834526,1
LS_03795,81.33511543273926,7.040901184082031,537010.8175854032,778283.6211848982,1
LS_03796,81.32760270436606,7.037761688232422,536181.3311279061,777935.9664782112,1
LS_03799,81.33284568786621,7.027797698974609,536761.1702296413,776834.8712437176,1
LS_03812,81.1534788608551,7.041450500488281,516950.41735820076,778333.8619647817,1
LS_03826,81.1496057510376,7.034357070922852,516522.9156748339,777549.5653571644,1
LS_03829,81.14358425140381,7.031024932861328,515857.9945143206,777180.9990294931,1
LS_03837,81.16244602203369,7.026885986328125,517941.32456578495,776724.131477263,1
LS_03839,81.15483840306601,7.026264190673828,517101.1229996288,776655.1091953969,1
LS_03841,81.13988637924194,7.024925231933594,515449.7879819043,776506.5718110562,1
LS_03857,81.14895820617676,7.022132873535156,516451.82856428594,776198.1938224812,1
LS_03860,81.1617784500122,7.017728805541992,517867.9439343622,775711.8064734531,1
LS_03861,81.14774070467269,7.015529632568359,516317.590183701,775468.1829126073,1
LS_03869,81.1341028213501,7.00947380065918,514811.50865626556,774798.2770543874,1
LS_03884,81.14297996248519,7.002773284912109,515792.20649206545,774057.8451432348,1
LS_03885,81.12997388839722,7.003894805908203,514355.6424556587,774181.4085551344,1
LS_03887,81.13539187113443,7.0014286041259775,514954.1393615946,773908.9467044477,1
LS_03894,81.10134696960449,7.041893005371094,511192.8813115578,778381.2099636933,1
LS_03895,81.1083952585856,7.04315185546875,511971.2714287934,778520.5466431967,1
LS_03899,81.09508895874023,7.041543960571289,510501.74626961886,778342.4789032892,1
LS_03903,81.11652355194092,7.041219711303711,512869.02199840563,778307.1700407278,1
LS_03907,81.12406635284424,7.042291641235352,513702.029123239,778425.8830580981,1
LS_03920,81.12812805175781,7.0372314453125,514150.761802571,777866.6146711408,1
LS_03924,81.11364618937175,7.035112380981445,512551.4057777751,777631.9452137937,1
LS_03925,81.10024147033691,7.034797668457031,511070.95667063753,777596.816288535,1
LS_03932,81.12649130821228,7.031166076660156,513970.17700468696,777196.0574192689,1
LS_03933,81.12069718043008,7.030263900756836,513330.27645528,777096.1556810081,1
LS_03938,81.12468814849854,7.020336151123047,513771.347619257,775998.7891912605,1
LS_03943,81.10462188720703,7.018547058105469,511555.1443253315,775800.4686291197,1
LS_03946,81.0899507522583,7.01646614074707,509934.80830148695,775570.0937932333,1
LS_03947,81.09617869059244,7.016023635864258,510622.6772639212,775521.3127927225,1
LS_03948,81.11203175499325,7.0188541412353525,512373.5327950906,775834.6047615916,1
LS_03951,81.12499364217123,7.014326095581055,513805.2653982165,775334.4053435258,1
LS_03962,81.09451389312744,7.005151748657227,510439.0466804109,774319.4238483683,1
LS_03966,81.12402439117432,7.001064300537109,513698.60082249757,773868.3276447708,1
LS_03968,81.07023938496908,7.044948577880859,507757.269391792,778718.3631126995,1
LS_03983,81.08014464378357,7.039737701416016,508851.3100907563,778142.4932782426,1
LS_03986,81.06110048294067,7.039287567138672,506748.046341698,778092.4146545777,1
LS_03991,81.05053976603917,7.037990570068359,505581.7170978527,777948.8965816346,1
LS_03996,81.04234762191773,7.03363037109375,504677.0030876572,777466.8009810682,1
LS_03997,81.05574954183479,7.031152725219727,506157.1858397696,777193.060475714,1
LS_03998,81.07622882298061,7.019039154052734,508419.2125114608,775854.263476579,1
LS_04023,81.03567504882812,7.025896072387695,503940.12841210945,776611.7383927414,1
LS_04027,81.01937212262834,7.018587112426758,502139.5861073399,775803.6516051599,1
LS_04030,81.01654161725725,7.000616073608398,501827.03624734306,773817.0027164506,1
LS_04041,80.97912737528483,7.030305862426758,497694.7461664817,777099.1273237013,1
LS_04046,80.97256592341832,7.012836456298827,496969.96082586504,775167.9804566036,1
LS_04054,80.96817207336426,7.002946853637695,496484.5946888334,774074.7492857411,1
LS_04063,80.94422928492227,7.003305435180664,493840.1096340131,774114.6357249682,1
LS_04073,80.89810371398926,7.03143310546875,488746.1995414188,777224.9139029237,1
LS_04074,80.81864743232727,7.027482986450195,479970.5641673338,776790.894582553,1
LS_04076,80.81280255317688,7.022674560546875,479324.8134372792,776259.590447735,1
LS_04077,80.88372707366943,7.020193099975586,487158.08010181616,775982.7364681865,1
LS_04078,80.87478923797607,7.0203857421875,486170.93301282095,776004.2867138453,1
LS_04079,80.89612579345703,7.012519836425781,488527.28710353613,775134.1603039857,1
LS_04080,80.82007646560669,7.011674880981445,480127.72322480363,775043.2925910662,1
LS_04082,80.89819240570068,7.005832672119141,488755.3805287171,774394.8660318566,1
LS_04087,80.79250240325928,7.040546417236328,477083.61232579313,778236.2217168779,1
LS_04091,80.78692944844563,7.038482666015625,476468.01900190796,778008.3561349055,1
LS_04096,80.7619981765747,7.026945114135742,473713.8910877176,776734.2353940795,1
LS_04097,80.767937819163,7.025503158569336,474369.8194236166,776574.5015439008,1
LS_04104,80.79834175109863,7.014982223510742,477727.3055037933,775409.8860708277,1
LS_04105,80.77996563911438,7.014453887939453,475697.6690394491,775352.3921190285,1
LS_04106,80.76589012145996,7.01423454284668,474143.03751388827,775328.8964751697,1
LS_04118,80.77824211120605,7.008295059204103,475506.98643005255,774671.6392741285,1
LS_04120,80.76346826553345,7.007850646972656,473875.1913349103,774623.3068774788,1
LS_04128,80.79084300994873,6.999277114868164,476898.30991631915,773674.091571525,1
LS_04130,80.7160551071167,6.998146057128906,468637.7457250869,773553.387108816,1
LS_04132,80.73161443074545,6.995988845825195,470356.17921124236,773313.9031075331,1
LS_04138,80.88080358505249,6.99388313293457,486834.45287993836,773074.3349170637,1
LS_04140,80.7832543849945,6.990741729736328,476059.69685129804,772730.9075634121,1
LS_04144,80.77723121643066,6.979362487792969,475393.8190184734,771473.2738961339,1
LS_04146,80.81720161437988,6.978969573974609,479808.79447324574,771427.939739923,1
LS_04147,80.84102725982666,6.975065231323242,482440.3451157327,770995.3732900217,1
LS_04148,80.75822944641114,6.972677230834961,473294.5663101367,770735.2701392687,1
LS_04149,80.9111328125,6.97258186340332,490183.9521976738,770718.811713216,1
LS_04150,80.89863777160645,6.970746994018555,488803.7362805101,770516.251334331,1
LS_04158,80.71043968200684,6.960418701171875,468014.94503610895,769383.0885543571,1
LS_04162,80.97599067687989,7.00062370300293,497348.1490425826,773817.8816940273,1
LS_04170,81.11504141489664,6.998594284057617,512706.4888158295,773595.0230530886,1
LS_04174,81.13099727630615,6.997121810913086,514468.8846882736,773432.7069056093,1
LS_04176,81.12213659286499,6.994192123413086,513490.2888557158,773108.5760884287,1
LS_04178,80.95940735226586,6.992713928222656,495516.4304837948,772943.6092825036,1
LS_04180,80.94802188873291,6.992486953735352,494258.8716709694,772918.6417159339,1
LS_04182,81.02130126953125,6.992002487182617,502352.7871891016,772864.8218492352,1
LS_04184,80.97571309407552,6.989084243774414,497317.42392458406,772542.2362308399,1
LS_04185,81.03544990221658,6.979686737060547,503915.647437572,771503.4531539239,1
LS_04188,81.10974049568176,6.973533630371094,512121.6393714811,770824.511417682,1
LS_04190,80.99049015045166,6.971736907958984,498949.5642714069,770624.4913988239,1
LS_04191,80.97553372383118,6.972057342529297,497297.5141520396,770659.9737458538,1
LS_04194,81.11383652687073,6.968460083007812,512574.21175154776,770263.7551304,1
LS_04195,81.011559009552,6.967426300048828,501276.7928156508,770147.9742966787,1
LS_04202,81.13090658187866,6.962306976318359,514459.9358471099,769584.0383637974,1
LS_04211,81.13740491867065,6.99378776550293,515176.72925173934,773064.3407222953,1
LS_04215,81.1448221206665,6.992893218994141,515996.01052223955,772965.6971096289,1
LS_04217,81.21865542729697,6.991994857788086,524151.18517116737,772869.535010493,1
LS_04220,81.15156030654907,6.983314514160156,516740.60454329255,771907.0357756071,1
LS_04222,80.52058539769254,7.182964138970135,447068.4555742961,794002.6860765963,1
LS_04224,80.54080589508419,7.171608954473442,449299.76509338757,792745.0743367702,1
NEG00000,80.33851904596158,7.226569635417856,426972.97513221577,798848.5047590978,0
NEG00001,80.6562799019373,7.637471580565116,462089.3959722401,844235.232514785,0
NEG00002,81.02159184493,6.853423545595261,502385.5779209174,757545.4506419647,0
NEG00003,80.46074629996858,7.405374806706724,440490.9011428084,818598.1325236941,0
NEG00004,80.39029178602102,6.762554175737358,432622.3903516753,747542.3998862512,0
NEG00005,80.37433631100667,7.277106685254067,430935.03491905215,804429.9981416411,0
NEG00006,80.653854535594,7.612593269618775,461819.6823003511,841485.1107208924,0
NEG00007,80.56945954388696,7.28830465704108,452475.7132178038,805642.7957827809,0
NEG00008,80.19470957279842,6.8555429127066505,411024.9076535062,757854.3243878235,0
NEG00009,80.50935282848104,6.71349577611669,445774.4867959457,742104.1502396755,0
NEG00010,80.40831771952554,7.031077812438923,434651.28326380835,777225.7165568505,0
NEG00011,80.96706735876762,6.833889255214552,496361.28464415617,755386.0875295148,0
NEG00012,80.31166797708654,6.9449662656490645,423962.3609924214,767720.3141190801,0
NEG00013,80.4858338344691,6.745527215729505,443178.86356496206,745647.8792274112,0
NEG00014,80.45445128012052,7.372286340736127,439791.7173368517,814940.941647844,0
NEG00015,80.68988539477445,7.224681277846128,465764.00545417983,798598.3735012533,0
NEG00016,80.4037862638959,7.191669530025078,434173.65823702415,794980.2318264268,0
NEG00017,80.97518809815422,7.095593160315284,497260.06136293284,784316.4529672747,0
NEG00018,80.98033975764639,7.201115876473958,497829.4490054864,795981.6709100484,0
NEG00019,80.51764687268118,7.033455712122203,446726.7905574689,777474.7403120435,0
NEG00020,80.52611982789364,7.088576221292074,447668.7976473314,783567.3845516166,0
NEG00021,80.51580483719277,6.878434025243017,446505.80343629274,760337.2743104219,0
NEG00022,81.19172270407657,7.015857025956388,521175.29256205086,775506.1329625027,0
NEG00023,80.30833049390674,7.351932848197962,423661.2555220006,812713.0817343956,0
NEG00024,80.37571866651251,7.145571632533272,431067.74440770916,789888.0694152076,0
NEG00025,81.05333399903613,7.176657063731195,505888.55259141186,793278.1077411216,0
NEG00026,80.67683536205391,6.95600942633946,464302.6165313782,768898.0570919862,0
NEG00027,81.211889619992,6.9821163295996564,523404.3681966229,771777.1494799673,0
NEG00028,80.96100650837026,7.3549026129607595,495696.4645579015,812982.6065647884,0
NEG00029,80.18498473069934,7.305736489418855,410037.6348245701,807628.5659156893,0
NEG00030,81.07263110920526,6.895343551677811,508023.9567592449,762180.0944333676,0
NEG00031,80.14299919799166,6.8115083574827615,405302.4521051511,752995.852697237,0
NEG00032,80.68683316817781,6.798542611451966,465395.61100882717,751489.739433594,0
NEG00033,80.47720091849372,6.729902153871438,442222.9544394841,743921.54539657,0
NEG00034,81.00864758967917,7.37926938342121,500954.3431910802,815676.1333348843,0
NEG00035,80.56861112285156,7.052952676458989,452357.60731515824,779624.6296475346,0
NEG00036,80.88156190713241,7.67404201983918,486938.05239816994,848264.7749227637,0
NEG00037,81.31592253238007,7.030078773445983,534891.9017425163,777085.7454354397,0
NEG00038,80.54439489314733,7.005782838188658,449678.049665352,774412.5420310291,0
NEG00039,80.34065297196209,6.909822470580308,427158.98063435615,763830.4962160942,0
NEG00040,80.13054721818888,6.839766328905059,403932.05570247624,756122.4615491864,0
NEG00041,80.89948094090666,7.07467136249237,488899.3353695546,782004.7383737804,0
NEG00042,80.68278522591456,8.05059785667732,465047.3405532696,889905.0800356395,0
NEG00043,81.33904758535532,7.057773756035672,537443.7427051192,780149.1744946423,0
NEG00044,80.27609787864967,7.181071592031044,420073.4108907081,793828.899593513,0
NEG00045,80.90348861919679,7.207716532076434,489344.9972836713,796712.4361565198,0
NEG00046,80.4678921422644,7.4447860136296145,441284.7288562769,822954.2181848132,0
NEG00047,80.53318728051492,7.075511100995793,448447.8317090294,782122.2382845285,0
NEG00048,80.19115293587274,7.306748156958059,410718.7337747401,807739.1875165012,0
NEG00049,81.00981258162555,7.4266668101074105,501082.79543348344,820915.8492948421,0
NEG00050,80.70714700850662,7.651022083573642,467700.8529676322,845729.1131446803,0
NEG00051,80.36905520154164,7.542795038125386,430393.765216327,833803.9931248243,0
NEG00052,80.59105976047336,7.207036498260707,454851.95749514777,796656.3476086055,0
NEG00053,80.84723103067212,6.86663823018881,483121.7457390885,759008.9162250094,0
NEG00054,80.34829177833274,7.217459157265418,428050.4832091045,797839.7444050319,0
NEG00055,81.13474017594835,6.881429057411024,514885.9291736124,760643.3891471919,0
NEG00056,80.24974155070926,7.025700779864355,417135.4130324629,776656.3621207272,0
NEG00057,80.3911618214245,7.527583769117908,432830.32908000547,832118.8443373017,0
NEG00058,80.45032189181597,7.239086951622901,439318.0076997051,800215.9148237628,0
NEG00059,80.25148279893769,7.205405731693784,417359.8938612198,796523.5664170176,0
NEG00060,80.40871013623618,7.2921473687171,434731.75991030876,806087.6956354062,0
NEG00061,81.26870212619679,7.064350743857839,529674.4477065654,780871.1847052884,0
NEG00062,80.34073945730158,7.149325332275506,427205.8222104361,790308.4392094257,0
NEG00063,80.86653671252031,7.039301329263969,485260.0665726995,778095.598939665,0
NEG00064,80.32970210250951,7.083601543096278,425976.51519503444,783044.1408241285,0
NEG00065,80.92757790588769,6.930132740436168,491999.7193689858,766025.9039703567,0
NEG00066,81.22669566829057,7.1102926644741515,525032.9080401446,785947.49593931,0
NEG00067,80.6353376036195,7.452460766982723,459762.4431782587,823783.9329211308,0
NEG00068,80.27921702067775,7.384873349171974,420453.7501114097,816359.9474639235,0
NEG00069,80.28869502560012,7.146095432346623,421458.35520836397,789959.9108284446,0
NEG00070,81.21303282475834,6.966930472300207,523531.3999212554,770098.4530049423,0
NEG00071,80.50929651721549,7.376404075898251,445845.2436658972,815389.1427648533,0
NEG00072,80.50846035167626,6.870857288305591,445693.5004309294,759500.4940913994,0
NEG00073,81.11171923650045,6.950979469818742,512340.79531652795,768331.2778080201,0
NEG00074,81.02103865340749,6.782872050750855,502324.7984641629,749746.2836628007,0
NEG00075,81.00840756111026,6.991936678979144,500928.63969610096,772857.5020372033,0
NEG00076,80.30713811366834,7.584010140194179,423569.9762296383,838370.9760339159,0
NEG00077,81.36929577008199,6.861141805003781,540801.3120766622,758414.3272404419,0
NEG00078,80.43246794249974,6.772958721911412,437284.68872861785,748686.9917307063,0
NEG00079,80.58129387769898,7.152497485996293,453768.25374046405,790628.0223434202,0
NEG00080,80.1527418446801,7.169098988622797,406450.233686378,792528.5654002366,0
NEG00081,80.46067499079042,7.160596697411729,440450.7393125579,791537.2711999987,0
NEG00082,80.8875600141501,7.606433089062359,487597.6045027667,840790.438114458,0
NEG00083,80.39491659264041,7.0210870860992545,433169.70749909687,776123.1073144943,0
NEG00084,80.97853874778559,6.788012190809644,497628.5289650734,750314.5053153594,0
NEG00085,80.651676838543,7.359506351248993,461557.3154179369,813506.3228149127,0
NEG00086,80.27896429856447,7.4033518583577465,420429.1668205202,818402.9202303779,0
NEG00087,80.54911018169595,6.872675194377076,450184.8768073883,759697.0434052375,0
NEG00088,81.42759667053237,6.854182488948405,547243.4293565978,757650.3340817409,0
NEG00089,80.45088441971498,7.661914478649051,439438.20370756637,846960.9683663809,0
NEG00090,80.63347354038687,6.942971204238685,459511.6111316746,767460.1925311836,0
NEG00091,80.73285238915788,7.281987349261686,470511.2361120037,804930.4922033906,0
NEG00092,80.68172426093949,7.74165516710767,464904.37138680957,855750.7374984067,0
NEG00093,80.73223237095792,6.89586338382701,470418.17696598254,762245.2487004461,0
NEG00094,81.18944884313773,7.153387321594666,520917.9492254787,790709.6642906475,0
NEG00095,80.82712296150143,6.997063013459546,480905.4058411289,773427.7013212757,0
NEG00096,80.93191034798937,6.944069998517867,492478.5343657797,767566.5456870465,0
NEG00097,80.69748981348903,7.770342109455575,466645.0831318407,858920.8607535528,0
NEG00098,80.50394530456244,7.13071920091498,445224.97035669675,788228.8949573186,0
NEG00099,80.67475619573585,6.7810115316659045,464059.81218086754,749552.6059407386,0
NEG00100,80.18804435109546,7.288264902575949,410371.9044108445,805696.3189444209,0
NEG00101,80.99709536529603,7.3933712809238745,499679.4562895418,817235.0672278978,0
NEG00102,80.77433505715189,7.233742856794961,475087.6213189603,799594.6350530181,0
NEG00103,80.70619039483495,7.0789303764782305,467553.7719673289,782484.6121211026,0
NEG00104,80.38617369957488,7.5510878176007274,432283.6501758241,834718.111284879,0
NEG00105,80.87176162720411,7.605268200913181,485854.96437862515,840662.1444753158,0
NEG00106,80.87279574401444,6.8778721563050755,485946.5268196006,760249.9590795654,0
NEG00107,80.76113154122315,7.397673276632666,473639.6261631664,817717.7200612399,0
NEG00108,80.02262686338022,6.575138966012279,391948.30645463127,726887.9021434747,0
NEG00109,80.40017711473553,7.667891396112665,433846.44262477156,847629.2270261883,0
NEG00110,80.23673416027943,7.341432645387657,415756.8414699964,811565.0428625186,0
NEG00111,80.75220842049913,7.368737449937617,472653.12984149787,814519.420722305,0
NEG00112,80.75823754851268,7.378440885669454,473319.1036003246,815591.7640424692,0
NEG00113,80.75235986651835,7.3218258312874065,472666.97817394335,809333.3697434254,0
NEG00114,80.91090170683422,6.9364667605527925,490157.67309800937,766726.4200912893,0
NEG00115,80.69225688876016,7.747320495488793,466066.2475161467,856376.194761228,0
NEG00116,80.45300754527574,7.200795546433185,439609.42128087947,795982.3470285868,0
NEG00117,80.45517616548729,7.753751102840313,439924.5020931609,857113.351519121,0
NEG00118,80.53569707156112,7.343835651874344,448755.1736179141,811785.5273096052,0
NEG00119,80.75539597590914,6.9298109844496425,472979.1372661942,765996.6840675763,0
NEG00120,80.88666221948195,7.2057920725129545,487487.2822716384,796500.1183529197,0
NEG00121,80.77222607884178,6.8773983614969145,474835.5625959344,760201.7043945121,0
NEG00122,80.5800505912295,7.684573942782371,453686.6403174767,849449.9708833889,0
NEG00123,80.86934151171118,6.919710272783755,485566.1709081914,764875.1126724342,0
NEG00124,81.35268389191111,7.015736498380606,538953.2319651978,775503.1251993759,0
NEG00125,80.57487644778703,7.046088180672094,453048.8684127624,778865.1263834442,0
NEG00126,80.36780247840838,6.961051574303293,430165.9759045389,769489.9502059682,0
NEG00127,80.5200982510098,7.34951307945543,447034.1751500739,812414.9914923626,0
NEG00128,81.14288287345944,7.12964267858533,515777.1803973345,788082.8956174975,0
NEG00129,80.39920765954798,7.777950785108474,433756.665377869,859797.101282456,0
NEG00130,80.37206839965769,6.915627967666078,430630.56950170716,764467.6182526442,0
NEG00131,80.97413400902737,7.384918688724108,497145.4797525084,816300.7284048364,0
NEG00132,80.6259542938573,7.285951136460762,458711.64266732143,805377.0587196089,0
NEG00133,80.19724475264401,7.241421037020468,411378.3836494687,800515.5217204794,0
NEG00134,80.1896019184925,6.9690988896284685,410481.9075761133,770409.675054466,0
NEG00135,80.88516116342865,7.193157669158709,487321.2116277434,795103.4555489691,0
NEG00136,80.86416286948575,7.616080297323681,485017.174896423,841857.6754126756,0
NEG00137,80.34646905596072,7.147368762197001,427838.1924244363,790091.229959782,0
NEG00138,81.41289691274078,6.8825588490941865,545616.5809852034,760785.8829014116,0
NEG00139,81.15063031114248,6.953575014742322,516638.9302082023,768619.3975895281,0
NEG00140,81.11600314401379,6.957296736200941,512813.83623243525,769029.7435528134,0
NEG00141,80.36012707810173,7.9476688896431025,429476.1418645563,878567.0253225778,0
NEG00142,80.55222422662354,7.559091760043683,450603.4215065939,835580.6649560694,0
NEG00143,80.49866143364429,7.730564524017816,444716.547096951,854544.0692677983,0
NEG00144,80.71458280063788,7.017666968845338,468476.4369373346,775711.4815324153,0
NEG00145,80.4445932926205,7.111136460918095,438668.4498285956,786071.445737781,0
NEG00146,80.23436278573746,7.380057150688929,415502.40413656406,815835.7324614095,0
NEG00147,80.44277514245911,7.779254943970877,438560.75637868175,859934.7129417718,0
NEG00148,81.14521500760338,7.168311421756468,516033.3477367144,792357.7121265836,0
NEG00149,80.71943882043972,7.634159055762291,469055.3300044041,843863.9859090946,0
NEG00150,80.1630011570923,7.182069046501354,407585.70859325334,793960.4422362203,0
NEG00151,80.70166707164444,6.930144658749505,467043.8001296908,766036.9640058692,0
NEG00152,80.63297710848444,7.52665691267409,459508.8269485896,831986.6150376187,0
NEG00153,81.18113412026514,6.982044365289447,520007.24598903616,771767.7776989975,0
NEG00154,80.37365638854551,7.968659326658838,430970.8509921925,880885.4017705296,0
NEG00155,80.38451185036622,7.177075199483517,432043.37623232446,793369.5928462946,0
NEG00156,80.67108965512375,7.767358849517638,463733.90343028534,858593.223748471,0
NEG00157,80.42650443622138,7.223470282464348,436686.4085391403,798492.6923731422,0
NEG00158,80.45192116114973,7.335020183004571,439507.4336840934,810821.3922480182,0
NEG00159,80.51336607446376,6.707031970684695,446217.32540368696,741389.1400928202,0
NEG00160,80.33761872121202,7.012693468490947,426839.69434233574,775203.7175424984,0
NEG00161,81.03106376065419,7.361527057936698,503428.31592849805,813714.8589992838,0
NEG00162,80.89851550398024,7.176103260266739,488795.1823245012,793217.7834348473,0
NEG00163,80.62317682633339,7.5698044644765385,458431.733665221,836757.56202661,0
NEG00164,80.93100160232812,6.962618538180332,492378.449434352,769617.0343581293,0
NEG00165,80.36307367667972,7.077237103199011,429661.0499095159,782335.34434628,0
NEG00166,80.77742439501846,6.949856466884487,475413.620431346,768211.4563541758,0
NEG00167,80.37427663336614,7.003088652545189,430887.3239338534,774136.3191537055,0
NEG00168,80.61904507237362,7.250413435733601,457945.6651334101,801448.9962732934,0
NEG00169,80.41061482335688,6.934899604017612,434891.69929961534,766592.6870456531,0
NEG00170,80.70375956441318,6.851478129924136,467269.5606787993,757340.4335936165,0
NEG00171,80.52864582743875,7.366542385069692,447979.55903360894,814296.6116728621,0
NEG00172,80.71317286312954,7.40208334799576,468347.4120966983,818208.3787770179,0
NEG00173,80.52601704990242,6.853729152660614,447631.3797055171,757605.0303732362,0
NEG00174,80.19284697908355,7.219779927105231,410888.6096684671,798123.7767344232,0
NEG00175,80.52405995760444,7.341382548673275,447470.4762346525,811515.6792470351,0
NEG00176,80.50863576854792,6.908537770243604,445717.1668384697,763666.0512682324,0
NEG00177,80.45349279334555,7.267439035215202,439671.84612775064,803349.89059211,0
NEG00178,81.14244203422737,6.915096140722858,515735.7113794238,764365.4103745975,0
NEG00179,81.16143903302415,6.988970867848812,517831.54842710984,772532.6904823363,0
NEG00180,80.86291488693803,7.032009150910354,484859.8284459569,777289.5861696149,0
NEG00181,80.2693991867831,7.051225909909112,419311.08671963133,779474.8731497456,0
NEG00182,80.26606948066137,7.281823747186338,418984.07066324685,804969.4639883122,0
NEG00183,80.30908968301885,7.226348013897413,423723.8070549003,798828.8271562643,0
NEG00184,80.69710999913497,7.341192575831355,466570.22564211447,811478.0898976871,0
NEG00185,80.51099654361106,7.09444628323755,445999.3585421877,784218.0569886855,0
NEG00186,81.03703723477557,6.835694163368422,504092.21508830145,755585.6454773254,0
NEG00187,80.25744399152657,6.914056108382931,417966.7669500674,764312.077986931,0
NEG00188,80.49166723871146,6.972892581617526,443850.17076158524,770782.4755817023,0
NEG00189,81.08505302011584,7.1942424870409765,509390.25852863985,795222.6612456002,0
NEG00190,80.40822416652378,7.271745795667627,434675.1624929737,803832.2980615011,0
NEG00191,80.64659307042054,6.963803162526094,460962.5995503089,769762.0308971569,0
NEG00192,80.22936954397981,7.22880483374395,414922.7080203379,799114.5683617519,0
NEG00193,80.29810584331112,7.019512860914507,422476.4004214663,775963.9776610292,0
NEG00194,80.37354747679399,7.093058799281173,430820.1282535131,784082.9150758517,0
NEG00195,80.73004800707564,7.016142053997244,470184.44311970414,775541.8941177019,0
NEG00196,80.20021636483325,7.03796418871384,411667.4333341773,778021.2214872111,0
NEG00197,80.57312024237916,7.253721999217084,452876.1938011422,801819.2711276175,0
NEG00198,80.50054506578219,6.696966703451343,444799.18361461576,740277.8562388736,0
NEG00199,80.86897849970097,7.650620637958589,485549.499335899,845675.9431418594,0
NEG00200,81.40085839119686,6.889085378858611,544285.9462575293,761506.2500779118,0
NEG00201,81.23059758638927,6.994541203075728,525470.1033453986,773151.6563112088,0
NEG00202,80.36496062631304,7.388362234147716,429917.4429271166,816731.2690725584,0
NEG00203,80.2908994670158,7.129135485314036,421698.89626324846,788084.5209720099,0
NEG00204,80.54048948443184,7.296404682229175,449278.7621126387,806541.4159718246,0
NEG00205,81.16328498834557,7.141554498544857,518029.5289807897,789400.465933239,0
NEG00206,80.13063590202607,6.916286891889545,403957.2291084247,764582.4356617335,0
NEG00207,80.76762422539645,6.945590206561866,474330.82677574933,767740.3533819697,0
NEG00208,80.46572010131092,6.726918724315213,440953.7580420096,743593.0989927119,0
NEG00209,80.65761865669668,7.071393837724521,462189.1860194176,781655.1267001977,0
NEG00210,80.4504984636337,7.303690389956111,439346.170904669,807357.9811885953,0
NEG00211,80.65640661281421,6.809124376287175,462034.3230742458,752661.808935995,0
NEG00212,80.64907793224391,7.084361265820366,461247.0633541924,783089.3644421156,0
NEG00213,81.15616704375867,6.940521514340786,517251.0061183367,767176.5746108697,0
NEG00214,81.00172719991504,7.2811648686058055,500190.65453482757,804830.8551260269,0
NEG00215,80.31758822950712,7.193766061618424,424656.7015360159,795225.3091035028,0
NEG00216,80.16858052318307,6.845472965256723,408135.83370868943,756745.941621391,0
NEG00217,80.45701008841037,7.390958996103976,440076.63637402497,817004.9192526113,0
NEG00218,80.66376230913916,6.948890298112139,462857.96718216885,768112.0568825593,0
NEG00219,80.73885495137365,7.1715508079848265,471166.82615734765,792721.4853971099,0
NEG00220,80.70693467449013,7.406809935885405,467659.3402488701,818731.3513660543,0
NEG00221,80.59017108798017,7.035987239972028,454737.0755335944,777746.9627531101,0
NEG00222,80.52791309726265,7.6030688195302325,447926.7562879615,840445.2935592593,0
NEG00223,80.77699043101018,7.294117706659028,475384.0486258179,806268.8461785343,0
NEG00224,80.30474048527185,7.113791910141269,423224.78682505287,786385.8864416392,0
NEG00225,80.56941811799744,7.370505676867272,452479.8529275442,814730.2176478327,0
NEG00226,80.15684374667948,6.880916601653798,406845.82889367366,760666.7642637049,0
NEG00227,80.47017315510652,7.341893336449315,441522.89745862765,811578.8188923215,0
NEG00228,80.7162332967569,7.277407503985107,468676.42589759215,804425.3119297323,0
NEG00229,80.26880389677365,7.169938849442199,419266.0722530173,792599.3849539149,0
NEG00230,80.77222566672582,6.9999913301859,474842.02570744674,773754.0016473287,0
NEG00231,80.66920729756792,6.937818099338171,463458.5926124012,766887.6231018073,0
NEG00232,80.33549710980377,7.165716658217687,426629.56663757097,792121.406869341,0
NEG00233,81.02350045420546,6.906314356682207,502596.1636171812,763392.3272613568,0
NEG00234,80.84370947073718,6.787140294011811,482729.8254691488,750220.8522275573,0
NEG00235,80.28500828889307,7.409159783273044,421097.2260187047,819043.9490830238,0
NEG00236,80.45491484157223,7.638544751509782,439879.4585745329,844376.772117542,0
NEG00237,81.23867143846246,7.015930550437491,526360.6849853086,775516.639779887,0
NEG00238,80.041036485338,6.538358410954141,393975.9641685511,722817.5162036092,0
NEG00239,80.60565485589669,7.01915576604225,456445.6165103889,775884.7863824246,0
NEG00240,80.92093048335713,7.2040293385814715,491270.5362870891,796304.4555251917,0
NEG00241,80.72346197039793,7.651597907498383,469500.30675150274,845791.5806275009,0
NEG00242,80.53510941236698,7.272766368578339,448682.2030393865,803928.7748305966,0
NEG00243,80.72520703346773,7.7432347354787945,469699.2809878561,855922.0181963017,0
NEG00244,80.39410416053953,7.347600855165842,433127.7136095086,812220.4433012337,0
NEG00245,81.26064958924938,7.030937219771599,528787.2116142509,777176.8854387325,0
NEG00246,80.91109131802241,7.194380176559655,490184.0606693204,795237.9634193539,0
NEG00247,81.23126183364107,7.078434051768741,525538.8859417625,782425.844017077,0
NEG00248,80.46723123945522,7.258655462075047,441187.31524945324,802377.0380866315,0
NEG00249,80.57140878851186,7.716563132050822,452737.122502044,852987.4147826497,0
NEG00250,80.35642400199467,7.097831410178378,428929.81877179473,784613.1333981334,0
NEG00251,80.52621517268835,7.524437738079602,447730.0016037922,831752.5998808014,0
NEG00252,80.25318640716694,7.402104517967617,417584.02835821896,818269.7131405234,0
NEG00253,80.43654417273478,7.730881518723669,437866.6154265013,854587.6769161923,0
NEG00254,80.7174523569673,7.2439368490208595,468808.6867394234,800725.0773484802,0
NEG00255,80.72572494652766,7.267502862266453,469723.50562382664,803329.7166804577,0
NEG00256,80.66892139365464,7.612227307724426,463481.56473945884,841443.3520085348,0
NEG00257,80.57316649080475,7.682378625947148,452927.18451342743,849208.0225282775,0
NEG00258,80.30509276851278,7.342744427735068,423302.31890771165,811697.7989914345,0
NEG00259,80.45073753548915,7.284291285952443,439369.950071784,805213.3220443318,0
NEG00260,81.19910703273446,7.061682996354094,521988.7190354803,780572.4130746456,0
NEG00261,80.35409086153535,7.951262100219942,428811.4499898771,878965.3160279982,0
NEG00262,80.89986854230325,7.593157106369676,488954.9263817859,839322.4498240594,0
NEG00263,80.50732383958939,6.8120785888640265,445561.2766484137,753002.6499152781,0
NEG00264,80.33010948970883,7.105897639911244,426025.0661502096,785509.0065265899,0
NEG00265,80.19090628639161,7.318899597488629,410693.921576928,809082.6847164823,0
NEG00266,80.35328414736958,6.971949183819256,428563.8305579541,770696.885828749,0
NEG00267,80.8991995643804,7.164399678760175,488870.4248236619,791923.9650224713,0
NEG00268,80.75211309602462,7.301531663578886,472638.5056650201,807089.8841338217,0
NEG00269,80.34541935142883,7.018104905532293,427702.14905121236,775800.7626475488,0
NEG00270,80.52991734945024,7.617983457775393,448149.63054862147,842093.91300579,0
NEG00271,80.26732461353267,7.126640472706762,419095.1131002622,787812.7477722683,0
NEG00272,81.35808202620758,7.009431754577908,539549.9844601246,774806.595668229,0
NEG00273,80.20500751864712,6.795214845582951,412151.78221225797,751182.7895200176,0
NEG00274,80.20315518881297,7.309560785007538,412044.1872498049,808047.7859658811,0
NEG00275,80.88189333856954,7.650638164059378,486973.89325296594,845677.4683796908,0
NEG00276,80.13602599777438,6.903613807830453,404550.20073052996,763180.2349522948,0
NEG00277,80.46626104118687,6.986206771571858,441045.4213198469,772257.4725603007,0
NEG00278,80.87517918064866,6.893890316901154,486210.31081778446,762020.6374456417,0
NEG00279,80.92247607141128,7.023268454711124,491437.82474979525,776321.8222900269,0
NEG00280,80.35964540575365,7.008293630136819,429271.98851192347,774713.9237513524,0
NEG00281,80.58022653888615,7.060442230435731,453641.1765710538,780451.4275632083,0
NEG00282,80.51117528515175,7.537425525107397,446072.30294133344,833190.2643341583,0
NEG00283,80.66672063571693,7.320647303045088,463214.4501882987,809209.1905289999,0
NEG00284,80.2551712874159,6.776970921404901,417692.19385448255,749157.023833873,0
NEG00285,80.64195498695463,7.22383301408198,460472.4537609797,798508.4783939427,0
NEG00286,80.67259702778136,8.09085184187266,463928.3013381794,894356.1903405144,0
NEG00287,80.15015911390412,6.818535399250657,406095.03863301454,753771.3475236908,0
NEG00288,80.17366550967697,6.883842941554507,408705.028990578,760987.0478702682,0
NEG00289,80.41871087589016,6.876592682146662,435778.222269698,760145.6570176481,0
NEG00290,80.21845022423952,6.99042771395947,413672.6511541676,772762.3428005283,0
NEG00291,80.75464788133019,7.224935388488719,472913.709940383,798622.1065377663,0
NEG00292,80.39334731603117,7.7568781844782055,433107.14693045896,857468.3133184882,0
NEG00293,80.690792421937,7.639202240265591,465896.12908243237,844423.6763943412,0
NEG00294,80.38472130060542,7.3633728345352205,432094.4929703105,813965.5172386862,0
NEG00295,80.86118454631064,7.5568726396494625,484686.57183372776,835312.3904003203,0
NEG00296,80.25885128612106,7.212269024092022,418174.6885338187,797281.0216977731,0
NEG00297,80.62028584536388,7.364484832623086,458093.26859812567,814059.5166524035,0
NEG00298,80.44774071698448,7.770761691567905,439107.04942894675,858995.0209453077,0
NEG00299,81.24582322252839,7.005611277184861,527151.184351848,774376.2770605304,0
NEG00300,81.17968867281762,6.973298350205402,519847.95632365014,770800.8712161524,0
NEG00301,80.68900298411508,7.726809363569944,465705.79046015634,854108.9144904958,0
NEG00302,81.3494542414746,7.000182837404222,538597.7986927201,773783.4231246498,0
NEG00303,80.66595394180018,7.640001064825289,463156.6227111942,844514.0319896018,0
NEG00304,80.19917883641635,7.0545232574994525,411555.9747225805,779852.1434700547,0
NEG00305,80.70513766353058,6.923533757510922,467426.7387213498,765305.9051226665,0
NEG00306,80.69249493803026,7.658057551384198,466085.3978894367,846508.0203934016,0
NEG00307,80.31738835907264,7.379081607987496,424665.59219234705,815713.0037460808,0
NEG00308,80.8349786268547,6.985781691000796,481772.64404874836,772180.2739644792,0
NEG00309,80.98969249912882,7.2522151816465295,498862.1481751057,801630.5433060788,0
NEG00310,80.39653988241903,7.216799674062205,433377.2459270329,797759.5054084104,0
NEG00311,80.3343584647129,7.116395897031096,426495.9635996133,786668.9578635275,0
NEG00312,80.60252009546645,7.310832182564144,456127.2860548857,808129.8809041304,0
NEG00313,80.73988016309228,7.159094787669696,471279.24135873443,791344.4276540771,0
NEG00314,80.66848029444081,7.7501742230686155,463444.7046903962,856693.6517813784,0
NEG00315,80.4691732541589,7.528759826501229,441437.303813776,832237.6477397225,0
NEG00316,80.4487396071747,7.455033423580604,439172.69947480195,824089.6961384764,0
NEG00317,80.29069818480282,6.969789342740788,421649.902656668,770468.0363514817,0
NEG00318,80.60816363313938,7.254008915366844,456744.7676367741,801847.4998784658,0
NEG00319,81.06718752390154,6.954449884832991,507421.6499733672,768713.9902147261,0
NEG00320,80.63041456075118,7.167136415436397,459193.32966796035,792241.7034819544,0
NEG00321,80.69889020680841,7.783142480311214,466800.49886550044,860335.8554847726,0
NEG00322,80.29790139510479,7.000565107728076,422450.68529280776,773869.248554676,0
NEG00323,80.27658146856965,7.154255647681545,420122.1364365195,790864.1538074447,0
NEG00324,80.78664968887414,7.5662128948205885,476464.733764573,836348.2788905153,0
NEG00325,81.03926065029316,6.9490463876955575,504336.84816471906,768116.3064529002,0
NEG00326,81.05540650979609,7.1910669481173315,506117.1838258008,794871.1109260485,0
NEG00327,80.31382372510551,7.017074241908979,424212.11427096033,775691.8075659727,0
NEG00328,80.19104568463975,7.044528235293923,410655.76299572125,778748.668473056,0
NEG00329,81.31678139992434,6.870488048202353,534998.5634571804,759443.3816806013,0
NEG00330,80.22182502847967,6.897258133627457,414028.5288229845,762461.2471324462,0
NEG00331,80.9876482888919,7.329849067111943,498636.7212556447,810212.81405333,0
NEG00332,80.42573918873204,7.23465956457916,436603.48308772297,799729.8078945684,0
NEG00333,80.49433105033029,7.345642532058864,444189.746160061,811990.2222556674,0
NEG00334,80.2649833803008,7.331957870698167,418873.21735983936,810512.3302851022,0
NEG00335,80.20478979385894,7.046199105882866,412174.1293533848,778930.7887199292,0
NEG00336,80.48419157893034,6.940575568876129,443020.50097697304,767210.7029221483,0
NEG00337,80.65181886426363,7.263123194204596,461564.75000246766,802851.1514196051,0
NEG00338,80.69629990838133,6.927717155697021,466450.7241142838,765768.9849325382,0
NEG00339,80.16738923578824,7.177062232293475,408069.23085046303,793406.012341744,0
NEG00340,80.25326743971722,7.305258206383036,417575.10945304536,807562.624176513,0
NEG00341,81.28424415480288,6.8782178269524135,531403.2537778567,760295.632187323,0
NEG00342,80.75769074086753,6.842691829824658,473227.75290723046,756365.7955010236,0
NEG00343,80.35132367712059,7.228775461097795,428387.00410347467,799090.3354774811,0
NEG00344,80.37494112330108,7.430346675512248,431025.4575858533,821371.2975230285,0
NEG00345,81.16161832771117,7.000593576834306,517850.9108884255,773817.5521614348,0
NEG00346,80.49897486877605,7.451130160640934,444715.4250827246,823651.5746071689,0
NEG00347,80.55299599406882,7.264013381131532,450655.73072063015,802959.1333649363,0
NEG00348,80.75476662069599,6.867167945027067,472906.05328882585,759071.716705376,0
NEG00349,80.75169017583505,7.183848453968191,472584.7156559626,794080.1837865885,0
NEG00350,80.4491493384311,6.951508190763416,439150.8032653456,768423.6726209505,0
NEG00351,80.77669026504101,7.56573285530915,475366.0495010597,836295.7617207186,0
NEG00352,80.80796910569846,7.562233333215042,478816.3528666764,835907.2433220079,0
NEG00353,80.31629486712694,6.805525344149086,424451.4793705044,752303.8712040548,0
NEG00354,81.1344299608113,7.179002074871161,514842.2104468664,793539.1761194405,0
NEG00355,80.21416160740868,6.82297579641354,413168.38040956086,754250.2729743461,0
NEG00356,80.15423884341571,7.205225396708767,406622.9129627317,796522.3662077591,0
NEG00357,81.3920575579841,6.825806655721645,543319.3501140724,754510.0813281038,0
NEG00358,80.47654089714074,7.097848854416719,442194.7468500932,784598.368537942,0
NEG00359,80.62773486707124,7.466048106902501,458924.79810476175,825286.7270232236,0
NEG00360,80.29576438693947,7.578814759145155,422314.3409923526,837798.6068184616,0
NEG00361,80.65644128679368,7.577892267823539,462101.96738889115,837648.6399376027,0
NEG00362,80.58928510082853,7.239981008712437,454659.31008178776,800298.5511072465,0
NEG00363,80.4545911347352,7.020117492715882,439760.7256571091,776007.8281758183,0
NEG00364,80.46857217947392,7.197115693896534,441327.407105324,795573.5043243661,0
NEG00365,80.53711438021887,7.127654441473352,448887.2853229503,787886.2789456347,0
NEG00366,80.2088847729893,7.2966288898040235,412674.14903006307,806616.9430767889,0
NEG00367,80.57966272028456,7.053738819565353,453578.24069544807,779710.423577438,0
NEG00368,80.66640301491165,6.846850839828766,463141.78435705544,756831.6038330988,0
NEG00369,81.1930651274158,7.075959585834984,521320.8141333759,782150.373174999,0
NEG00370,80.59172401724037,7.015158323651307,454906.5823309035,775444.188690939,0
NEG00371,81.12875064234603,7.187614754882988,514214.89682300447,794491.1078975477,0
NEG00372,80.44440356234422,7.656529540375637,438722.6407786485,846366.5563058285,0
NEG00373,80.65959503465193,6.953556943434354,462398.00063566095,768628.2750392187,0
NEG00374,80.44429928182156,7.346114725199652,438667.6859403405,812048.9643238082,0
NEG00375,80.34902851626573,7.13014016328053,428118.12626950163,788186.1365084256,0
NEG00376,81.20227914791064,7.073239552645084,522338.4833631483,781850.1125999093,0
NEG00377,81.2229094339466,7.014074963174549,524619.8981708314,775310.6528620364,0
NEG00378,80.96385103580094,7.207398762735959,496009.09836523316,796676.3395726228,0
NEG00379,80.397976025067,6.932970584393177,433495.1941877941,766381.1825317054,0
NEG00380,80.91362707550918,7.103751646143563,490462.1408982999,785219.164894974,0
NEG00381,80.5018116819692,7.293520894515071,445009.01420138596,806227.1391679525,0
NEG00382,80.03197450197334,6.560114134350755,392978.604034441,725224.74691466,0
NEG00383,80.80691173337259,7.542065341865235,478698.72221878363,833677.7268815093,0
NEG00384,80.3930574180146,7.644061594105233,433057.47554761893,844995.8083249324,0
NEG00385,80.96948203953029,6.8398841916012385,496628.1238754692,756048.7849417173,0
NEG00386,80.21431424176328,7.030227981874706,413223.14132402063,777163.290939534,0
NEG00387,80.7419633901125,7.014070854332148,471500.351846626,775312.1870792514,0
NEG00388,80.99422755073768,7.175143624709992,499362.66773084016,793110.4626600443,0
NEG00389,81.20795099442137,7.189818939216979,522959.04338940314,794737.99106562,0
NEG00390,80.25263318253677,7.228921870312366,417491.1698049571,799123.2259612521,0
NEG00391,80.48312603940334,7.433836752805317,442964.3394782408,821741.7502790231,0
NEG00392,80.90288781070225,7.561186046580992,489287.17938356625,835787.9893530279,0
NEG00393,80.4011651289069,6.970384778496726,433852.7353674678,770516.958609734,0
NEG00394,80.24050962991306,6.825229571073043,416080.28098139015,754494.7746812667,0
NEG00395,80.4369884077942,7.662687591090875,437905.6813111539,847048.4230171931,0
NEG00396,80.20839149397459,7.287305819720192,412617.88827381533,805586.2966663212,0
NEG00397,80.30595068293918,6.832086381016661,423312.62973452575,755241.9188945937,0
NEG00398,80.4632922748272,7.184574674825792,440742.8339472895,794187.7482489132,0
NEG00399,80.8190899948618,7.376854407892139,480034.73190187104,815413.1995310289,0
NEG00400,80.94238208830477,7.370790622536093,493641.19727348053,814739.2213518859,0
NEG00401,80.93803637537343,6.907444586625172,493154.7130612441,763517.6509127563,0
NEG00402,80.36768475219661,7.119555609658347,430176.674778788,787013.111229888,0
NEG00403,80.9476028932357,7.505033166096134,494219.13048099785,829579.488194383,0
NEG00404,80.22317978270654,7.045799191517172,414205.23518542375,778883.1571307398,0
NEG00405,80.3969243380955,7.305844937163033,433432.7890811321,807603.7368735085,0
NEG00406,80.23551731836884,6.83403615205446,415530.1696228276,755469.2614431698,0
NEG00407,80.48194214329979,6.819408306389212,442757.49842334515,753815.8852491218,0
NEG00408,80.74714480105244,7.205363564205207,472084.1833139806,796458.9215713864,0
NEG00409,80.61049768337344,7.358421963989556,457012.40913939127,813390.1914594928,0
NEG00410,81.03087693565035,7.182216448067517,503409.0493511143,793892.455590252,0
NEG00411,80.67973591299405,7.259778642927344,464646.24709507206,802479.1403087835,0
NEG00412,80.9739300084821,7.426214064823007,497123.23438002204,820865.871547099,0
NEG00413,80.65572547531187,8.065001029388382,462067.0399294102,891499.8158235963,0
NEG00414,80.31442383979024,6.884025807641051,424257.1002851756,760982.6692165164,0
NEG00415,80.40291897093232,7.610387533083517,434140.0412340821,841271.4376695625,0
NEG00416,80.65285349911233,7.429090805251389,461693.1775193638,821198.8115660687,0
NEG00417,80.96716605026117,7.192629479571465,496374.96386989503,795043.6045876804,0
NEG00418,80.4491645695726,7.443725425495409,439218.0339008711,822839.4968675845,0
NEG00419,80.49517168796753,7.426924523260976,444292.7077371498,820976.050635461,0
NEG00420,80.46252406969597,7.419298841119047,440688.9547019718,820137.2422440455,0
NEG00421,80.30900102754241,7.331869192420588,423731.8462868516,810494.809861874,0
NEG00422,80.9686068564367,6.848297918132774,496531.48714537243,756978.893511693,0
NEG00423,80.72511609041945,7.639871482800634,469681.91539563943,844495.0965620833,0
NEG00424,80.98503890640964,7.238641442460094,498348.3855768547,800130.0118722705,0
NEG00425,80.39108227295966,7.441987438400363,432808.4515564842,822655.7581284074,0
NEG00426,80.39059099353203,7.751709723814122,432802.3885464436,856897.3426754635,0
NEG00427,80.87696895590811,7.655791524909359,486430.9400827962,846247.3244836463,0
NEG00428,81.25453873372773,7.007885460893122,528113.6827331044,774628.1953474983,0
NEG00429,80.61827921339133,7.284935858735143,457864.33590216044,805265.5281154631,0
NEG00430,80.90411865529649,7.6474591751746885,489425.07079087663,845325.4221830897,0
NEG00431,80.13653848826216,6.827046722746599,404591.57309129706,754715.014382481,0
NEG00432,80.59547468642154,7.268593585093527,455345.437866157,803461.0711082247,0
NEG00433,80.26618580639757,7.113335789339189,418967.0197117251,786342.035573915,0
NEG00434,81.22687703061294,7.196469270358327,525048.2375651512,795474.166212753,0
NEG00435,80.5890841202902,7.161191430086308,454629.2924442812,791588.3628801978,0
NEG00436,80.60924534762209,7.149340273404132,456854.28799954016,790276.2787031037,0
NEG00437,80.39136073339249,7.665190389292472,432873.6388322932,847331.9832229693,0
NEG00438,80.17486629565056,7.2108775302233346,408901.5916722065,797143.093164541,0
NEG00439,80.40437931859702,7.301738351782601,434255.0953969975,807148.6435334119,0
NEG00440,80.6793353085527,6.799272275875025,464567.15566950245,751570.9443593518,0
NEG00441,80.56893325878205,7.676997631193195,452459.7210364393,848613.605170234,0
NEG00442,80.21177750810081,6.7570590352162885,412893.07794852083,746963.2226281415,0
NEG00443,80.67207939778038,7.2251490815652515,463798.2780272051,798651.4653958452,0
NEG00444,80.86160417223381,7.202595533947674,484720.7119089442,796147.5102934861,0
NEG00445,80.47299322527225,7.224383059018376,441819.0090605299,798587.4037880519,0
NEG00446,80.75817470794858,7.294400742384363,473307.1612433453,806301.2051156749,0
NEG00447,81.03310158986126,7.3545156850177795,503653.2759587683,812939.779983673,0
NEG00448,80.99108675980392,6.861672607853918,499015.2364030143,758457.3059300107,0
NEG00449,80.37760862538366,7.516957192335052,431333.35435631376,830946.1235908114,0
NEG00450,80.8619884351087,7.501817066347497,484773.33196665556,829226.0006675008,0
NEG00451,80.39584296629846,7.232601969100954,433302.61950149457,799506.6077868933,0
NEG00452,80.83871347931398,7.47793118801999,482204.4559994646,826586.3083968641,0
NEG00453,80.85963119597074,7.00043325850061,484496.12054801494,773799.0756181724,0
NEG00454,80.73329840891286,7.372692746410922,470566.42278620414,814957.8784576068,0
NEG00455,81.08064513654175,6.968110803842396,508907.94437715254,770224.3886356428,0
NEG00456,80.68764310184689,6.997870006503984,465499.5363658179,773524.8598787044,0
NEG00457,80.18225125600223,7.02679449511968,409680.97838865285,776789.7582326585,0
NEG00458,80.49491125588969,7.374783944448727,444257.42295342684,815211.8044597253,0
NEG00459,80.61851397508137,7.138688530386404,457876.7361057184,789097.8743439042,0
NEG00460,80.50557027957699,7.410284584818591,445438.16004400386,819135.1693977983,0
NEG00461,80.7038746741189,7.552380009960474,467332.4839341519,834824.3894842901,0
NEG00462,80.26106021261867,6.945318106904252,418371.6657750506,767767.6323888951,0
NEG00463,80.89343628817599,7.668614603440787,488247.4713463113,847664.4305998055,0
NEG00464,80.58285872025095,7.472158498986864,453973.7870949236,825966.6734177691,0
NEG00465,80.28184304852982,6.890732645368875,420658.4876929093,761729.4259555063,0
NEG00466,80.00016876807385,6.59039245120265,389468.62267108593,728579.2511308526,0
NEG00467,80.6177629705348,7.452708904838925,457823.2204337711,823813.0042967601,0
NEG00468,80.54397204097704,7.365893593464449,449670.9804749512,814223.131441508,0
NEG00469,80.63348624959302,7.272081768146705,459541.81240083824,803843.1176511195,0
NEG00470,80.36643816200741,7.343656517674804,430073.502245381,811788.6021155755,0
NEG00471,81.07417374060893,7.077275618993975,508191.2129258217,782292.0847986076,0
NEG00472,80.55223344632756,7.509384151897496,450598.80749919324,830085.3679263492,0
NEG00473,80.19658477535542,7.298179445046042,411316.6549222526,806790.7699772135,0
NEG00474,80.39051278332872,6.789466547855635,432650.5475590234,750517.5756408374,0
NEG00475,80.82028471669416,7.0385147017635195,480151.8625449085,778010.3503164016,0
NEG00476,80.97531686208289,6.799376449150639,497272.57419611036,751570.7908972362,0
NEG00477,80.74086103513834,6.986965220767405,471376.946280761,772315.790375696,0
NEG00478,81.01190786445245,6.939131456651335,501315.40556225844,767020.0845392215,0
NEG00479,80.38301666305401,7.344270689291105,431903.44194197224,811853.9489284762,0
NEG00480,80.5366250062079,7.754170525652589,448905.7901776202,857149.059136301,0
NEG00481,80.72666286367591,7.0878729936336935,469815.2037151713,783471.8229570587,0
NEG00482,80.63206253190026,7.015316852189711,459361.9824508109,775458.027881209,0
NEG00483,80.80568536342071,6.924909691670335,478534.29598288215,765452.2944004807,0
NEG00484,80.52395996574403,6.800539474076835,447398.2873133926,751725.1647400642,0
NEG00485,80.97198690084957,7.21053133329442,496907.33179401566,797022.5744414093,0
NEG00486,80.45653101537194,6.700709488267958,439934.9783470541,740696.784524688,0
NEG00487,81.29844538796652,7.0480466328203235,532960.3620367397,779070.7929789915,0
NEG00488,80.5001933792167,7.667435518154328,444877.3251010459,847564.7033396218,0
NEG00489,80.94519705052339,7.453277253165762,493952.9861721555,823857.9612262942,0
NEG00490,81.17014949555215,6.951252730912049,518795.1570964807,768363.4072935474,0
NEG00491,80.95414864700629,6.8462255751671055,494934.0306769502,756749.9329783849,0
NEG00492,80.72325514833898,7.071903964593951,469437.8337079268,781706.6989592763,0
NEG00493,80.22703184284536,6.890969866636763,414602.6773509233,761765.107061908,0
NEG00494,80.25555818167054,6.798967696177123,417738.68504705984,751588.8047722345,0
NEG00495,80.47963938960973,6.945890542106218,442518.26866757,767798.826550106,0
NEG00496,80.53711914645724,6.8091213699974995,448853.29669231013,752672.4752736875,0
NEG00497,80.6653569658818,7.402434604292655,463070.70055386785,818250.8971601027,0
NEG00498,80.31149203652232,6.923553055829356,423939.4899012544,765353.025775401,0
NEG00499,80.28391712511053,7.395779022648029,420974.4225654489,817564.807929089,0
NEG00500,80.40809349114397,7.66603511436179,434719.27528310614,847422.7931822789,0
NEG00501,81.3214985501349,7.003595834181674,535509.7552517222,774158.52049612,0
NEG00502,80.24653213917306,7.330938557680276,416836.3765416768,810403.0139836079,0
NEG00503,80.78965477693703,6.971740159913261,476765.7081259991,770630.017060418,0
NEG00504,80.39687158702533,6.763207334915356,433349.6266699795,747613.7012795463,0
NEG00505,80.96236094411348,7.383298624713595,495846.21202715597,816121.7254615922,0
NEG00506,80.49259169402474,6.9821077695291365,443953.3836132596,771801.1108223059,0
NEG00507,81.19012946039565,7.176003030275104,520992.06494639034,793209.8145514416,0
NEG00508,80.47366889449262,6.811134499574037,441842.32852232247,752902.2032549294,0
NEG00509,80.52253656138275,6.876104340396807,447249.2886578875,760078.9807904144,0
NEG00510,80.472807551104,7.49060766692582,441833.19111897564,828019.3057107646,0
NEG00511,80.43431856532813,7.40622211174559,437574.5095387064,818695.4299920164,0
NEG00512,80.14213950808444,6.843309714155557,405213.7089310024,756511.9111436743,0
NEG00513,80.30728073268185,7.239768938906423,423526.3489945218,800312.887843707,0
NEG00514,80.63641864510925,7.115325215109877,459851.7429687451,786513.4785960726,0
NEG00515,80.55889420550025,7.102468824888514,451289.6476599338,785099.6479555004,0
NEG00516,80.5387367460465,6.993749502602625,449051.78451107285,773082.8663230308,0
NEG00517,80.50366169785514,7.348286686355818,445219.9109782415,812281.3880561388,0
NEG00518,81.33902407059387,7.012913918429442,537444.7398900881,775189.9808806778,0
NEG00519,80.55655231337052,7.113813999510597,451032.23379393655,786354.1069602475,0
NEG00520,80.76026020198731,7.357308667396571,473541.07129283866,813255.4928437256,0
NEG00521,80.98906787539093,6.825222041712798,498792.09191177785,754427.853233954,0
NEG00522,80.703752125549,7.717255203812067,467331.48584998975,853051.5287833185,0
NEG00523,80.4807602534164,6.789859505015978,442623.3950379715,750549.403530679,0
NEG00524,80.98098863407321,6.91751230914632,497899.8084890261,764630.1954256339,0
NEG00525,80.27886628168851,6.8024441576461845,420314.9536517657,751969.2420248516,0
NEG00526,80.81166693097921,6.893730243890702,479193.7119665071,762005.243494225,0
NEG00527,80.27235002745753,6.846111340316732,419602.1574629788,756797.9213896395,0
NEG00528,80.50709015374846,6.694786809232088,445522.3364459602,740036.140213782,0
NEG00529,80.74274305468997,6.883832288827007,471578.6437858872,760914.6071472511,0
NEG00530,80.50103760427464,6.684332072196655,444852.20415421575,738881.0523014349,0
NEG00531,80.71713619579585,6.873088977908434,468748.9132741191,759728.5615304187,0
NEG00532,80.89916803173773,7.566434733385939,488876.97020965826,836368.3220415156,0
NEG00533,80.96420563132394,7.273812909738716,496048.82435871626,804018.2677181679,0
NEG00534,80.47782385664613,7.683909202208754,442412.3872010406,849388.8758781803,0
NEG00535,80.74657030289352,7.351100206768753,472029.78502775775,812569.9846383535,0
NEG00536,80.55408508085969,7.532271852018333,450805.6761984988,832615.4480054049,0
NEG00537,81.03623283642682,6.9324999002775005,504002.5265793868,766287.1272025141,0
NEG00538,80.38428022261057,7.535573253934618,432072.33716339036,833003.1873360855,0
NEG00539,80.67099075966071,7.315941164021983,463685.38759077777,808688.580542722,0
NEG00540,80.27935388674099,7.292956295545391,420452.52785502,806197.8791742277,0
NEG00541,80.91585283094925,7.318136596649895,490712.2924508813,808918.8728625949,0
NEG00542,80.38995958363269,7.897482630759714,432756.1240366931,873013.6135613876,0
NEG00543,80.34111877368733,7.539302330944129,427311.08853780176,833422.406493216,0
NEG00544,81.10707080963623,6.88004738080987,511829.08182852814,760489.8772115306,0
NEG00545,80.21917074015445,7.362666000158569,413822.31068111624,813915.9029732085,0
NEG00546,80.81602426799334,6.857334827954981,479673.5482786969,757981.6695032491,0
NEG00547,80.32350005813856,6.92679677073694,425266.60544271383,765709.7255158745,0
NEG00548,80.55652372762835,7.19179717097772,451037.3860427025,794975.1875711121,0
NEG00549,80.40062387013838,7.0486100018715385,433803.98632281064,779165.0273663411,0
NEG00550,80.20642187172476,7.350743054564347,412412.8329738586,812600.1968179058,0
NEG00551,80.20004729467269,6.825747266176611,411609.2222185569,754559.2406606029,0
NEG00552,80.46817508388376,6.82686047106003,441237.1815333974,754641.3798099634,0
NEG00553,80.46188808019939,7.374110687755116,440612.73014670715,815141.6328278881,0
NEG00554,80.18700793607886,6.953927362783804,410192.46781097824,768732.8456986393,0
NEG00555,80.51023153092603,6.916983506673734,445894.42146181373,764599.546492757,0
NEG00556,80.44919599018881,7.727411036844211,439261.302379083,854202.1724929379,0
NEG00557,80.3720183376206,6.95111172098606,430630.22920391156,768390.4507061103,0
NEG00558,80.40188870871411,7.645408170980754,434031.7610948093,845143.3172333296,0
NEG00559,81.03015741488655,6.9621165585113065,503331.185514704,769561.092297788,0
NEG00560,80.15213437567779,6.928952889657995,406334.93677853607,765978.4765634297,0
NEG00561,80.18764008212432,7.153831752141962,410300.78614534385,790833.6826430503,0
NEG00562,80.53953946816561,7.350487735025257,449180.0212802557,812520.488770112,0
NEG00563,80.93902645405676,6.919632985478937,493264.26233255933,764865.0178661667,0
NEG00564,80.30835059890552,7.385911514672747,423669.2910352981,816469.6288242178,0
NEG00565,81.11346978930148,7.181392063608941,512527.9607086718,793802.7579935852,0
NEG00566,80.35966570497514,7.197608491551038,429303.1550419016,795643.389991553,0
NEG00567,80.38143396871818,6.7738032922712,431645.0764438818,748787.2452155368,0
NEG00568,80.98068817581773,7.185869227517703,497867.84430294245,794296.1909867183,0
NEG00569,80.47539372369921,7.1285318561306354,442071.9077920096,787990.5663204871,0
NEG00570,80.7252557440764,7.148692157897075,469663.80861472455,790195.37181864,0
NEG00571,80.8792523414422,7.571828518806948,486680.1825998976,836965.161942183,0
NEG00572,80.46329997432,6.980412426369493,440717.6153610635,771617.2724193669,0
NEG00573,80.99778408195395,7.170085649131728,499755.3392682293,792551.3134369951,0
NEG00574,80.32480633064927,7.32701088750302,425475.6090458309,809955.0426482956,0
NEG00575,80.6495751902777,7.313962410970947,461321.43178194785,808471.6140223631,0
NEG00576,80.74821076037166,7.198186961366454,472201.4314228687,795665.4936541617,0
NEG00577,80.42371340015424,6.995786656446593,436346.9338491271,773322.0850510305,0
NEG00578,80.61510575781105,7.559959539925055,457540.41935365356,835669.9684545264,0
NEG00579,80.41836762639953,7.931037507029761,435892.7938598141,876718.8522373133,0
NEG00580,80.42780849884096,7.723566180874333,436902.19860783993,853780.2106519188,0
NEG00581,80.32486176189785,7.2634009412979985,425471.20461183967,802922.6089670698,0
NEG00582,80.23461956142467,7.373047388666261,415529.41492699273,815060.6989209349,0
NEG00583,81.36705495930377,7.0156336214815465,540540.517369022,775492.9699941511,0
NEG00584,80.37308980727704,7.135736622894423,430775.9793378342,788801.167434485,0
NEG00585,80.4407325149142,6.9446294742470025,438220.1202201266,767664.3108198307,0
NEG00586,80.88286602897612,6.874340522214846,487058.9937296732,759859.2663250279,0
NEG00587,80.48092452227769,7.704080316944188,442757.05464225804,851618.4648180756,0
NEG00588,80.62831232398472,6.890123103596543,458936.90488809766,761618.3626309494,0
NEG00589,80.25913044616944,7.254505878186336,418213.11341906147,801950.536918845,0
NEG00590,80.78849248695346,7.297032077231202,476653.810365475,806590.4147716399,0
NEG00591,80.21071747793935,7.3553035896788765,412887.85702894855,813103.5644926444,0
NEG00592,80.34768539516855,7.431071332921651,428017.8128651867,821455.7485097795,0
NEG00593,80.35072616115329,7.077318854985106,428297.40837691043,782346.2682028911,0
NEG00594,80.28505429586019,6.943002280758328,421021.9664744484,767507.5400468924,0
NEG00595,80.4391896492334,7.38508038019628,438109.12745297945,816357.45438986,0
NEG00596,80.16742726379125,6.978130822468727,408034.04922150075,771412.487559416,0
NEG00597,80.4298132990024,7.0655869631693085,437030.11270775157,781037.8290815555,0
NEG00598,80.35227722221771,6.988151286222843,428455.06195488764,772488.234900303,0
NEG00599,80.04078238199615,6.574703291047927,393955.54974375566,726835.8491456859,0
NEG00600,80.5506721299062,6.921932417626303,450362.5755549517,765142.2365793488,0
NEG00601,80.17237933935635,6.897327799566686,408565.5046481432,762478.143229624,0
NEG00602,80.50498353644944,7.331807121063004,445363.7928099402,810459.374711365,0
NEG00603,81.18342700302993,7.133260007769992,520253.9327096909,788484.3653363152,0
NEG00604,80.18196467477806,7.21441552823991,409686.03747292864,797532.838267124,0
NEG00605,80.41825213499092,7.009199157248533,435745.53149406414,774805.60783958,0
NEG00606,80.61936861423165,7.499473169541615,458004.8615716835,828982.69741385,0
NEG00607,80.7635033345255,7.291089194348987,473895.15011197346,805934.8055606134,0
NEG00608,80.44245327925677,7.043214013427457,438423.1256895881,778562.7670736865,0
NEG00609,81.00305322889191,7.166842126680936,500337.11106780265,792192.7512155983,0
NEG00610,80.45032446235709,7.257278197724279,439320.7257982396,802227.0053946441,0
NEG00611,80.59790138759847,7.614621850266524,455648.0905721793,841714.7134865946,0
NEG00612,80.19238570178277,7.184264873740234,410830.7413203479,794197.3864822221,0
NEG00613,80.53655240040413,7.567560357599847,448875.53795439884,836518.700618795,0
NEG00614,80.55029602944741,7.271259754361109,450358.47414797096,803760.5230160573,0
NEG00615,80.73172721649897,7.346859343303948,470391.3095250445,812102.1140576802,0
NEG00616,80.96499660591512,6.7972228773237715,496132.194032546,751332.7932855963,0
NEG00617,80.34287438908154,6.781158731994492,427384.95554283843,749606.0039170949,0
NEG00618,80.12966827569545,6.856887538585465,403838.36077018856,758015.5290934389,0
NEG00619,81.11022393323206,6.903139253528316,512176.84709780244,763042.6757730056,0
NEG00620,80.49723862593422,6.701897662157098,444434.29776667303,740823.343118046,0
NEG00621,80.46140585692888,7.657836427032692,440598.07852510456,846508.6527224808,0
NEG00622,80.37890104420809,7.197289273730337,431426.88925634616,795605.1699577968,0
NEG00623,80.37780821463186,7.958974547357729,431426.8290142419,879813.983984752,0
NEG00624,80.50454055975294,7.7049423827040755,445361.57448134176,851710.6784667824,0
NEG00625,80.44174014907595,6.938700612492134,438330.6608238245,767008.7356610466,0
NEG00626,81.02399799588736,6.98057418936621,502650.7128379509,771601.4781125912,0
NEG00627,80.5302749846863,7.059538092847188,448124.4259090041,780356.7383974864,0
NEG00628,80.35995837994926,7.435045200397486,429372.81328024593,821893.1051823938,0
NEG00629,80.18399095030982,7.036499584954831,409875.0083330607,777862.3947960387,0
NEG00630,80.39261815470398,6.797084750162322,432884.2596081175,751359.4884309645,0
NEG00631,80.64599755392206,6.977632164477395,460897.9642070604,771290.8549632101,0
NEG00632,80.32726994057971,7.58119424339654,425790.3488152563,838056.1664060951,0
NEG00633,81.05959005396737,6.90699995129379,506583.0783087045,763468.4647333219,0
NEG00634,80.42507714353582,7.308530777474021,436540.7657069204,807896.6031310331,0
NEG00635,80.69164021085108,8.086832413470201,466026.07214642287,893910.189839063,0
NEG00636,81.01561490300551,6.787438817486285,501725.45074436057,750251.0967369139,0
NEG00637,80.64617243686287,7.331209131691465,460947.3447902872,810378.5351356452,0
NEG00638,80.85142665147339,6.825962884671917,483583.89832071395,754512.266281566,0
NEG00639,80.73736381630879,7.214918567602396,471004.9397525609,797515.8237248312,0
NEG00640,80.88844493857721,6.983516253204472,487678.1893923234,771928.1037915325,0
NEG00641,81.04289153939342,6.851286134526056,504738.8989848599,757309.3266823932,0
NEG00642,80.97257287300492,7.406069515700589,496973.33988823,818638.9298418735,0
NEG00643,80.86128477142778,7.578693359819915,484698.39733983466,837724.6590817366,0
NEG00644,80.28637689089403,6.798793521172336,421144.3205181387,751564.4186375787,0
NEG00645,80.59593821971657,7.635819748762562,455433.7405712694,844058.3909712597,0
NEG00646,80.4196317784455,7.28486852419399,435936.3279519321,805281.4296608989,0
NEG00647,80.84991483558983,6.939228929202488,483420.78552102885,767033.4667202169,0
NEG00648,81.21244517903577,7.010982076452427,523464.2917608897,774968.2062865276,0
NEG00649,80.37222637091676,6.816534436787267,430633.6715295772,753512.5675141866,0
NEG00650,81.059301654795,6.79420963833982,506552.7573650568,750999.9543521479,0
NEG00651,80.2117178721268,6.963835528700125,412924.0589587029,769823.6399111195,0
NEG00652,80.58807275640719,7.374475840840101,454539.0680421682,815167.1817843555,0
NEG00653,81.27288775504134,6.82477836015008,530151.9474926343,754387.3251647556,0
NEG00654,80.45591752339384,6.925171857157161,439895.12651969,765511.2968833729,0
NEG00655,81.00574690103883,6.907716595717279,500634.8750084909,763547.2791248551,0
NEG00656,80.35177899003065,7.352969626776714,428456.9864739073,812820.5272276845,0
NEG00657,80.23631432430011,7.198129929254048,415683.77718387113,795721.947266218,0
NEG00658,80.97691297045085,7.436275196043571,497452.4555867513,821978.0975055352,0
NEG00659,81.0044153419649,7.26338076717135,500487.400494945,802864.8632592561,0
NEG00660,80.74576608182959,7.358276402633866,471941.4758088976,813363.3583526956,0
NEG00661,80.28544380013146,6.9984932346418125,421074.2819347596,773642.2662504215,0
NEG00662,80.53120630397066,6.866037573497064,448206.06354040664,758965.1572227967,0
NEG00663,80.80495986243538,7.119988575001452,478463.12555862975,787017.7641383033,0
NEG00664,80.44596018206293,6.838451000313859,438783.9958433756,755925.4872636278,0
NEG00665,80.15808400148315,6.893022962073374,406985.22375343955,762004.9739104247,0
NEG00666,80.22221030885129,7.178114535483785,414122.7441224045,793511.7231729277,0
NEG00667,80.88015781770838,7.49801930455999,486777.8289121853,828805.5722499401,0
NEG00668,80.23142253452467,6.8818788954518535,415086.1717456514,760759.2650695591,0
NEG00669,80.39119987502353,7.632004618799117,432850.70839321695,843663.129919395,0
NEG00670,80.69676387165481,7.178839758407552,466520.01931009843,793530.1281414543,0
NEG00671,80.42071355291998,7.266930606379194,436053.2037147663,803298.1793910065,0
NEG00672,80.28253631912105,7.239011662921051,420794.38814302965,800233.4032104587,0
NEG00673,80.98914038993573,6.934431639332712,498800.3782590454,766500.5346292659,0
NEG00674,80.42074454962793,7.315667443094717,436063.53907864424,808686.1995054442,0
NEG00675,80.19767359947936,6.8746053606309285,411355.946406641,759961.2535492948,0
NEG00676,80.98659991735636,6.877094488432092,498519.5632233652,760162.1435743318,0
NEG00677,80.46061777673272,7.455167062113088,440483.41931024456,824102.8517145534,0
NEG00678,80.33331820312011,6.888802386272119,426345.3920174917,761507.7830123478,0
NEG00679,80.57705800972268,7.561126487124832,453343.23929925496,835802.8700249855,0
NEG00680,80.85052253762977,7.021862754005064,483490.8120486113,776168.3511774841,0
NEG00681,80.94214031877256,6.891175655395889,493607.86862735695,761719.1266913491,0
NEG00682,80.77821782451385,7.343190249398124,475522.2048493629,811693.6933756978,0
NEG00683,80.21115434169742,7.239734035876632,412913.7296218697,800326.3216677301,0
NEG00684,80.17268580404834,6.8102749105059335,408582.7795680061,752853.7672148753,0
NEG00685,81.04983980038752,6.970408719201491,505505.2038832446,770477.9449125141,0
NEG00686,80.64498904183611,7.117683316747341,460798.3360526703,786773.4296095655,0
NEG00687,80.84304950058781,7.486955063236704,482683.2278294064,827583.718333574,0
NEG00688,80.52429061435954,7.283443954707849,447489.16545175307,805110.4398068901,0
NEG00689,80.65743270840619,7.001831883379208,462163.0181032167,773965.1627659531,0
NEG00690,80.5947478569012,7.624875412341754,455301.3102694896,842848.5925876461,0
NEG00691,80.85432159558279,6.796140802291839,483902.77182149177,751215.4564972658,0
NEG00692,80.14186791245332,6.861864815839433,405187.3639109814,758563.3791946404,0
NEG00693,79.98596474166287,6.5655055470179535,387892.62834903784,725830.8833910449,0
NEG00694,80.69860823577937,8.060891756968347,466791.67120556405,891041.7868044367,0
NEG00695,80.5668338040356,7.002107522977966,452156.11816310533,774003.8926266795,0
NEG00696,80.66014109530094,7.089826578016648,462469.2441494651,783692.640046779,0
NEG00697,80.5581243449267,7.358637137272097,451232.12161671504,813419.350393212,0
NEG00698,81.22817000722651,7.165621178561387,525192.6863333541,792064.0347601677,0
NEG00699,80.1754864192734,7.030435143590793,408934.4717974886,777193.5706074449,0
NEG00700,81.15283391864732,6.968856048080104,516881.7996076687,770308.7439808192,0
NEG00701,80.25132557550974,7.377777792848766,417374.1410888286,815580.5541612724,0
NEG00702,80.86138202536088,7.63140365308055,484710.9911441903,843551.7681936943,0
NEG00703,80.41028662302553,7.004284747581465,434865.02269366477,774263.4062422776,0
NEG00704,80.3051119524402,7.379033753994743,423310.6706669583,815709.8051314969,0
NEG00705,80.53164550389802,6.911510618193468,448259.5177643141,763992.1378886661,0
NEG00706,81.06120571082054,6.968986905370723,506760.6802354679,770320.916080922,0
NEG00707,80.9103140408417,7.622499567382097,490107.7979281787,842565.9959632879,0
NEG00708,80.42959276392095,7.653059121565594,437088.58054407773,845985.0226405069,0
NEG00709,80.33197798502191,7.145779788945439,426237.7875167833,789917.8579213019,0
NEG00710,80.13745683435883,6.795967745788879,404686.9180751707,751278.8056884436,0
NEG00711,80.15100024344716,7.1970579147983145,406263.6493017635,795620.0382891779,0
NEG00712,80.54998842020171,7.223759442100237,450319.3140936531,798509.3480119518,0
NEG00713,81.38504614206929,6.883352398965262,542539.5284634032,760871.0409555964,0
NEG00714,80.371753368571,7.361050399467375,430662.86534100666,813710.7516876684,0
NEG00715,80.80632710806188,7.569851430830287,478635.59212167526,836749.5035232323,0
NEG00716,80.32634208974409,7.013159093464161,425594.2037100712,775256.9673599445,0
NEG00717,80.86159391066786,7.54227464706996,484731.21876865404,833698.5749438163,0
NEG00718,80.3562825983252,7.19219766735354,428928.78220830695,795045.7247554325,0
NEG00719,80.65646378655511,7.31979638981828,462082.2705044622,809115.9741001151,0
NEG00720,80.79103878162604,7.552042662633074,476948.1573326946,834781.5251900803,0
NEG00721,80.19272350159672,7.351997177752788,410901.0981274509,812741.553969824,0
NEG00722,80.25545564204215,7.065550841199555,417773.58086051285,781061.0129034916,0
NEG00723,80.4220700514665,7.921402163136989,436299.4048407349,875653.0315434199,0
NEG00724,80.3930250685946,7.466676043382893,433026.5902691843,825384.9064023932,0
NEG00725,80.46568694914947,6.700662802157156,440946.9294810388,740690.5127727429,0
NEG00726,80.35718673194168,6.775923972742762,428965.82674698374,749025.1704688675,0
NEG00727,80.36427102779528,7.017314677185766,429784.266212993,775710.535484673,0
NEG00728,80.49089815292818,7.458406295935143,443825.12141563423,824456.9918554794,0
NEG00729,80.50037467108386,7.165104833537977,444834.8112733221,792030.6977775276,0
NEG00730,80.25477769274305,7.142037337044532,417712.30722078006,789517.185086552,0
NEG00731,80.34641986736244,7.563316887676775,427899.9191865522,836076.4858862251,0
NEG00732,80.3015245473205,6.819323168765757,422821.5060431798,753831.6048193675,0
NEG00733,81.00580816575115,7.18161803679649,500641.2666365122,793826.1920006551,0
NEG00734,80.79541731702575,6.899184636709631,477398.7706360328,762608.9476672997,0
NEG00735,81.0544797069848,6.985795387244604,506017.52226648404,772178.9435071679,0
NEG00736,80.91693192529192,7.450940297654535,490834.1328311487,823600.1002767514,0
NEG00737,80.84209459901359,7.51407203525364,482578.94915341825,830581.520200233,0
NEG00738,80.46634254143774,7.611774539311264,441136.26251637656,841415.6341405438,0
NEG00739,80.41845401504851,7.718912875609646,435869.9073206816,853267.1575545317,0
NEG00740,81.31072389171413,7.013161064266742,534318.9748742677,775215.138480461,0
NEG00741,80.43746907636876,7.668597100032404,437959.55135866225,847701.6791729007,0
NEG00742,80.76292604058341,7.656795592420244,473853.186664457,846363.590539574,0
NEG00743,80.24887985774008,6.843674885531945,417008.3810301516,756532.5484073806,0
NEG00744,80.28195524589765,7.312137565496077,420743.0679986366,808318.0343750443,0
NEG00745,80.3555315114558,7.040424476278651,428822.4711767946,778266.7221760366,0
NEG00746,80.33308187536248,7.006111702600441,426337.542058707,774476.7874628888,0
NEG00747,80.57715603912075,7.518248570576332,453349.46326604515,831062.6164770828,0
NEG00748,80.94640739594048,7.328322664826238,494084.8748928179,810044.4072859659,0
NEG00749,81.20946462968925,7.002439031107292,523135.5137187205,774023.6478686075,0
NEG00750,80.20965796434804,6.791291116307801,412664.989665408,750748.1569184235,0
NEG00751,80.55139207274111,7.419994940965316,450495.92629026657,820203.2998039193,0
NEG00752,80.20048080519189,6.965573261180226,411683.026718124,770017.843771126,0
NEG00753,80.93515789256243,7.333835270075459,492843.3317742555,810653.9795024713,0
NEG00754,80.92917796352417,7.331811078125583,492183.2872555751,810430.3084468485,0
NEG00755,81.0995107099811,6.975279068183773,510991.642956009,771017.2130752478,0
NEG00756,80.48123385216833,7.589885742690793,442775.9569970479,838993.7446523894,0
NEG00757,80.68043967197521,7.5321528252924566,464745.5538719089,832590.0828590605,0
NEG00758,80.30168613385318,7.606631059332218,422972.5651509389,840872.8501429479,0
NEG00759,80.40227733364634,7.0184930132158065,433982.3504508427,775835.2829155761,0
NEG00760,80.96158218014261,7.4073866761088,495760.4986508927,818784.6298047366,0
NEG00761,80.59993891880151,7.09598683947737,455821.5831713951,784378.9529542603,0
NEG00762,80.7519336510921,6.912643888704113,472595.66948236665,764099.1084818457,0
NEG00763,80.43452028751561,6.766256947865847,437510.62902450905,747945.8411755838,0
NEG00764,80.66404854114515,7.5490098614567716,462938.67035402806,834455.0012017414,0
NEG00765,80.52095274545,7.739361285975865,447175.79908613133,855513.756629842,0
NEG00766,80.5728184177109,6.999591551151971,452816.8873646326,773725.148083439,0
NEG00767,80.71545531134855,6.919140088311654,468566.2415846432,764819.5012656583,0
NEG00768,80.34044101872949,7.323723009947734,427200.8267730079,809588.9869046009,0
NEG00769,80.58069049205369,7.655950670782975,453754.12085020373,846285.5218856465,0
NEG00770,80.4434463705536,7.762715530462923,438632.36609847064,858106.0940910922,0
NEG00771,81.17312276391642,6.980625363705527,519122.40314842184,771610.5788770287,0
NEG00772,80.33545272258587,7.524431170896298,426683.4732357768,831779.2526443163,0
NEG00773,80.5789594756079,7.111838262379523,453506.3933576087,786133.377512739,0
NEG00774,80.74224325864893,6.902486770165493,471524.54015967157,762976.8362495095,0
NEG00775,80.21444919316487,6.909343709476097,413215.8111450051,763798.7185002426,0
NEG00776,80.64569002915906,7.017217024288078,460867.292267934,775666.9307194275,0
NEG00777,80.94661997384823,7.392439217804132,494109.18353887054,817132.3811429783,0
NEG00778,81.32560663188181,7.049795670345575,535959.9500458809,779266.1509540856,0
NEG00779,80.21472808857831,7.002442004241826,413263.70912496635,774091.2868343614,0
NEG00780,80.4685589015028,6.819534702078267,441278.69932622055,753831.4665871295,0
NEG00781,80.91516269043652,7.5755413432981005,490641.5792915074,837374.6761713678,0
NEG00782,80.63961486611372,7.636759261377023,460251.23722406715,844157.9854236188,0
NEG00783,80.3371483978655,7.246241633415089,426824.81944344565,801023.5599603527,0
NEG00784,81.0376652168976,7.420029772778455,504156.33118478046,820182.2987140326,0
NEG00785,80.73186487879276,7.460017468387559,470414.04673080443,824611.6967164848,0
NEG00786,80.95437200349191,7.181054046828873,494962.30787426664,793764.0910650678,0
NEG00787,80.01437770544996,6.5956846282048645,391040.72994725284,729161.2337535949,0
NEG00788,80.86104996906268,6.926797511481787,484650.4324125704,765658.8416910253,0
NEG00789,80.55670140206703,7.303696412333645,451069.0779976129,807345.7348146162,0
NEG00790,80.40336716076915,7.947289985763463,434241.97794075543,878518.0238492753,0
NEG00791,81.16148437765253,6.949599257517885,517838.04536916915,768180.2859635006,0
NEG00792,80.70464040868744,6.799897914806051,467363.3890516854,751638.3272363397,0
NEG00793,80.19575396806485,7.313124445599735,411227.8915565455,808443.2318701631,0
NEG00794,80.69697880059965,7.2460979129626715,466548.6866612303,800965.4375945773,0
NEG00795,80.3176211148017,6.972542779268465,424624.4131311061,770768.0567934796,0
NEG00796,81.02890367191038,6.786682436778862,503193.8681591114,750167.5496281129,0
NEG00797,80.69101603215317,6.93730049232488,465867.7066489846,766828.7780424604,0
NEG00798,81.01070864772177,6.780790839432176,501183.32450846146,749516.1777094292,0
NEG00799,81.0002488395819,6.905800785447517,500027.4900622094,763335.4899523216,0
NEG00800,80.76743526625819,7.300045221487876,474329.6751986846,806924.6584508307,0
NEG00801,80.532622714001,6.799398016337585,448355.4071431535,751598.0442736169,0
NEG00802,81.11251436126075,7.188359117143871,512422.2846103762,794572.9231616035,0
NEG00803,80.19959903812627,7.008171114314628,411593.62157860666,774727.4999817909,0
NEG00804,80.70722173919394,7.257627318433975,467680.2637079608,802239.2619066158,0
NEG00805,80.31582420342058,6.89727252687295,424413.9187240255,762446.9217599216,0
NEG00806,80.40130444099212,7.475149053779633,433941.43872477935,826320.3882417931,0
NEG00807,81.18667508049614,7.011763760808108,520617.9732482854,775053.4092218317,0
NEG00808,80.92171863979141,6.8428116717902965,491350.8797385212,756373.0026000743,0
NEG00809,80.39446959412652,7.316944522952167,433163.47625336365,808831.2043425165,0
NEG00810,80.42830954324545,7.213032869919899,436884.25111701706,797338.5553323841,0
NEG00811,80.66932287353696,7.4499663767127275,463512.2800421576,823505.2253495605,0
NEG00812,81.08217927594039,6.89833405572965,509078.7388040952,762510.8542709778,0
NEG00813,80.39675288034451,7.291997123000173,433411.81509006966,806072.8318959845,0
NEG00814,80.51976552645337,6.9209574429929015,446948.1265478612,765037.7912002158,0
NEG00815,81.21822330968509,7.125775026477609,524096.5341175213,787658.5884950443,0
NEG00816,80.56351260773822,7.256509508992284,451815.87134324084,802128.4417688561,0
NEG00817,80.6314063874286,7.293338204143555,459314.13689733343,806193.2054867465,0
NEG00818,81.2409469436884,7.073708599072849,526608.7161674391,781903.9985270072,0
NEG00819,80.46943541362305,6.931242639033162,441389.2418298514,766180.7382011816,0
NEG00820,80.44081753809647,7.025212292386361,438240.0860664666,776572.8596723501,0
NEG00821,80.45698442856744,7.5218853627793285,440091.60714148503,831479.3000571514,0
NEG00822,80.91076570055682,7.586051185124018,490156.7847993142,838536.6310203952,0
NEG00823,80.9943986828299,7.379495868161579,499381.84206575505,815701.1654821299,0
NEG00824,80.65427062745376,7.654956801956043,461869.3324545881,846168.4298538347,0
NEG00825,80.85260382270816,6.819679975660759,483713.75382629706,753817.6754533162,0
NEG00826,81.15163437665244,6.918899715350933,516751.0667053385,764786.1960940085,0
NEG00827,80.61442389633571,7.3044247195264855,457440.6073947811,807420.3904476091,0
NEG00828,81.05093030356478,6.849016219054007,505627.0937673129,757058.4836269044,0
NEG00829,80.32905593723103,6.97711665471892,425888.2798503387,771271.9051950033,0
NEG00830,80.20028200120056,7.348720923432143,411734.7339568556,812377.8382950368,0
NEG00831,81.0367123811422,6.914101150098567,504055.65746338514,764253.2194095805,0
NEG00832,80.84288812207542,7.167438972955144,482653.0697161065,792261.6973349488,0
NEG00833,80.38125961715141,7.595769303013057,431748.54692694114,839658.6657064153,0
NEG00834,80.33055678228942,7.35825600286699,426115.50084337924,813408.4128985925,0
NEG00835,80.84146123931042,7.562970785297011,482511.0353789517,835987.280898171,0
NEG00836,80.53136470579447,7.0217411711302145,448240.5861097202,776178.1549362612,0
NEG00837,80.768969288121,6.957348343689102,474480.043006763,769040.1096697964,0
NEG00838,80.72922552937344,7.153709254981449,470102.4663664421,790749.7444593965,0
NEG00839,80.5068553177122,7.521982359756291,445593.7822061143,831483.5104489044,0
NEG00840,80.33606486501756,7.086560218576917,426679.67705480324,783370.225764628,0
NEG00841,80.50001952041637,6.901917638390462,444764.5066205339,762935.1848891088,0
NEG00842,81.08486030807381,7.184242600227604,509369.1870884085,794117.1943117328,0
NEG00843,80.27015161054202,7.163534210946949,419413.7605954264,791891.0764494075,0
NEG00844,80.4205645833336,7.207577561026843,436028.39855738607,796736.5328799938,0
NEG00845,81.01322621390601,7.348679562159743,501459.7376775658,812294.4934456102,0
NEG00846,80.50994013228555,7.587476703474527,445942.26500340336,838723.7351012204,0
NEG00847,80.83958839573089,6.87000094811964,482277.4928507471,759380.9283063146,0
NEG00848,80.28904205167879,7.098726024024396,421488.6178006885,784722.9070023504,0
NEG00849,80.3174924385214,6.979151143202708,424611.25589035515,771498.6589608699,0
NEG00850,80.51916978148063,7.315293748385786,446927.64756461326,808632.0887049213,0
NEG00851,80.25990408153524,7.051868605231686,418262.4857219857,779547.5791631764,0
NEG00852,80.29275109874042,7.0506123505110425,421890.14255769557,779403.0681956981,0
NEG00853,80.95434226699895,7.167675963015152,494958.87754564075,792285.1790893021,0
NEG00854,80.25261998466759,6.921014866440102,417435.01823668997,765082.2401007104,0
NEG00855,81.31754180859764,6.847828353130643,535084.2336232397,756938.4637827957,0
NEG00856,80.53469168703202,7.2581672880369865,448634.4330237324,802314.8741150507,0
NEG00857,80.32020095999432,7.0290821020292125,424918.43557280453,777018.3015918098,0
NEG00858,81.00683939569218,7.254602605601661,500755.00142504135,801894.4604021342,0
NEG00859,80.64737101234216,6.9002421389716275,461043.3128269425,762735.4060281481,0
NEG00860,80.65164397040081,7.6023823513333255,461574.9424200087,840356.4743012345,0
NEG00861,81.26121506262004,7.0634158604529045,528847.6569607825,780767.3650019463,0
NEG00862,80.44330863634416,7.192322250921979,438537.4426393419,795046.8953972887,0
NEG00863,80.39468710840552,7.516201035301603,433217.5277274697,830859.8855586383,0
NEG00864,80.36702562598983,7.964915069673991,430239.41406529315,880472.5580052101,0
NEG00865,80.61534281695506,6.9196590929255315,457506.68192192854,764884.6572694792,0
NEG00866,80.85727464079795,6.788902945441663,484228.8434767677,750415.243843033,0
NEG00867,80.43789410209052,7.685557598012243,438008.88562037726,849576.6859973504,0
NEG00868,80.7796241312707,7.605207500125284,475691.91013769084,840659.5259705256,0
NEG00869,81.0089412862223,7.35664733206186,500986.8054267949,813175.3045854303,0
NEG00870,80.74939281267503,6.85604267145456,472311.69629821903,757842.1591047792,0
NEG00871,80.503406988804,7.590300171029104,445221.944076034,839036.6985038446,0
NEG00872,80.380261696279,7.358309248005263,431601.51233903243,813406.3945336202,0
NEG00873,80.25669991059203,6.930446838275978,417887.39417168044,766124.2877770286,0
NEG00874,80.54478045865682,6.828065672441067,449701.8378203066,754765.9468036821,0
NEG00875,80.37664205069808,7.154127795998368,431170.9880482341,790833.846207063,0
NEG00876,80.68686527060544,7.346104276201909,465439.8900839839,812021.8540498514,0
NEG00877,81.30054138639555,6.82107416819788,533207.7372750649,753979.6541205249,0
NEG00878,80.85597826472063,6.920934090447214,484089.97253258777,765010.8277603646,0
NEG00879,80.4735897232269,7.2713493418757755,441890.882227978,803779.5564820247,0
NEG00880,80.5587191174958,7.390703487137621,451301.269899213,816964.269536215,0
NEG00881,80.14482379871953,7.177918190368822,405577.71933534736,793505.2319532711,0
NEG00882,80.50637970809487,7.647539616994066,445557.0943040348,845364.3478401584,0
NEG00883,80.66718931544054,6.961931204137985,463237.5449683456,769553.4374642039,0
NEG00884,80.862243554337,7.5350041077389145,484802.63322439394,832894.7980539924,0
NEG00885,80.29221430377399,7.087780369694423,421837.10233543854,783512.2718957867,0
NEG00886,80.24338612283917,7.3537704914263164,416493.3772248747,812927.8408966666,0
NEG00887,80.70238585554544,7.77625947084218,467185.3874012272,859574.6534550978,0
NEG00888,80.89560934798311,7.465721435083233,488481.748967448,825234.638288762,0
NEG00889,80.91838635362298,6.9974405144941425,490985.63683193224,773466.7056730406,0
NEG00890,80.27614166358597,7.2824832379475115,420096.0772301375,805040.581984429,0
NEG00891,81.20328822012837,7.198013484075942,522443.8403650824,795643.6514686425,0
NEG00892,80.2026379839296,6.996937602170837,411927.1950465672,773484.9854563947,0
NEG00893,80.22808122284617,7.160818835165415,414767.7860577355,791598.4647852445,0
NEG00894,80.40300700563515,7.7292539454510125,434168.02750728035,854412.777287086,0
NEG00895,80.26506909152967,7.0215830954062755,418827.6876807819,776198.4453278386,0
NEG00896,80.65605826758467,7.44161062319305,462047.89573534083,822582.6088490513,0
NEG00897,80.16242011852454,6.940846927220369,407473.6199352995,767291.4383941495,0
NEG00898,80.9366933016857,7.438486616968963,493014.4393101202,822223.0002853635,0
NEG00899,80.67989458481102,6.7773204189020735,464627.3527065733,749144.186174679,0
NEG00900,80.42608033515772,7.786443578581706,436721.0172235335,860731.9176963471,0
NEG00901,80.50516991551413,7.041573822936454,445349.6969270932,778373.6423979615,0
NEG00902,80.8795839770329,7.486637574827561,486714.17224936635,827547.3489427508,0
NEG00903,80.78437773728125,7.621640124179576,476217.1547055659,842475.8933195595,0
NEG00904,80.16431692714637,7.020939220131937,407698.8705000491,776145.9068899398,0
NEG00905,80.50044352110478,6.87699751417403,444808.46802164783,760180.2128937873,0
NEG00906,80.44156622501089,7.2229343453669745,438349.2010635978,798431.3776432687,0
NEG00907,80.28554546602588,7.08235634928655,421099.6831540445,782913.7455251061,0
NEG00908,80.41401521736385,6.9290834973707875,435266.55374067905,765949.2403627222,0
NEG00909,80.45925802251182,7.761840109116407,440375.74411129,858007.0567076392,0
NEG00910,80.2570444967506,7.343959915882765,417999.1205367877,811840.6853145192,0
NEG00911,80.44595670313748,7.576971455046886,438882.6700135745,837570.8254493944,0
NEG00912,80.88212200385372,7.352707749203457,486990.26645491866,812741.4934882557,0
NEG00913,80.46529704154972,7.630937417898191,441023.56025197566,843534.3141919237,0
NEG00914,80.61995002338772,7.358087481868375,458055.6043840717,813352.3169514996,0
NEG00915,80.65811433528961,6.993481051147493,462237.6343978853,773041.9364382315,0
NEG00916,80.31750575088215,7.2646320645869595,424659.3392253987,803059.9327988947,0
NEG00917,80.87243662509589,6.8384666198623965,485905.69332879374,755893.8396057434,0
NEG00918,80.41587257558133,7.2206634332394914,435512.22002745594,798183.8772862582,0
NEG00919,80.73966749063266,7.121409386385825,471253.40639397583,787178.3835324611,0
NEG00920,80.4777409317506,6.979637852599267,442312.6720569482,771529.851039418,0
NEG00921,80.9966557196138,7.163129587652158,499630.7505612448,791782.3402180915,0
NEG00922,80.27401815433659,6.825301295626339,419783.00818307407,754496.9995613396,0
NEG00923,80.39281784781622,7.610655158283969,433025.8561972634,841302.5759526609,0
NEG00924,80.72248797062488,7.775429036642145,469401.7820520615,859481.342430208,0
NEG00925,80.61992908315837,7.150129467982211,458034.0364927113,790362.536241836,0
NEG00926,80.3509156470103,6.955829120192644,428299.74741606216,768915.1188073717,0
NEG00927,80.79230738738588,6.865354311390503,477053.57585760334,758869.2654826331,0
NEG00928,80.71428169522828,6.8561120312589825,468432.4239318507,757851.9940612997,0
NEG00929,80.93373290823824,7.053994674627676,492681.57460559363,779718.3164026538,0
NEG00930,81.04810019689614,6.915955996714667,505313.6616300356,764458.3776945657,0
NEG00931,80.36717188640498,7.171281313385641,430127.89609235583,792731.6618201263,0
NEG00932,81.10664102328356,6.885849979578774,511781.4563060703,761131.3217055371,0
NEG00933,80.84029382582476,6.793180455773734,482352.61426268786,750888.6908538048,0
NEG00934,80.52363465715551,7.653480582201987,447460.96625142876,846018.9980290555,0
NEG00935,80.52169152632034,7.569084066574144,447236.3337793305,836688.9256715416,0
NEG00936,80.47812802427755,6.988151636976348,442356.4728170694,772471.0105370813,0
NEG00937,80.67380713915503,6.943808226638589,463967.1805450157,767549.467833909,0
NEG00938,80.76351036403766,6.939764161174657,473876.0690848158,767096.5253140691,0
NEG00939,80.38322052744098,6.758011133386749,431840.2941698669,747041.1437906438,0
NEG00940,80.29642947086847,6.889057303754517,422269.79330283025,761541.8109371802,0
NEG00941,80.30282836622322,7.176678768925233,423024.1508214552,793338.6737614238,0
NEG00942,80.72866397831089,7.02393560463171,470032.0779731866,776403.5424857496,0
NEG00943,80.27607928902104,6.925898323475438,420027.58690082113,765618.1196135595,0
NEG00944,80.65222084192509,6.89644054771503,461578.7978345648,762314.7540748182,0
NEG00945,80.57825170346447,7.610381972531054,453480.2150640249,841248.0495358715,0
NEG00946,80.87683409644178,6.856245750905767,486392.0685202139,757859.1261655693,0
NEG00947,80.30094337004921,7.24176383642833,422827.0330280606,800534.5060852509,0
NEG00948,80.43420961710294,6.790522088128322,437479.4234015902,750628.411414844,0
NEG00949,80.53012148346984,7.1390260282885,448116.37981141335,789144.1967846977,0
NEG00950,80.53091475812458,7.433757664250604,448237.8081283014,821727.1362198449,0
NEG00951,80.65178986148493,6.826317238704584,461525.55589601776,754562.8052459678,0
NEG00952,80.46303537692656,6.929996717539953,440682.06248114764,766043.7952731558,0
NEG00953,80.51065508945408,7.32083039803779,445988.46956767666,809245.1895022825,0
NEG00954,80.73608517651466,7.775798026486315,470901.03328228806,859521.1764591855,0
NEG00955,80.4907916409116,7.1104451666408295,443770.01897549623,785989.1545908427,0
NEG00956,80.30253822110173,6.931193473745554,422951.54121566744,766199.1483504529,0
NEG00957,80.2658721294923,7.156180733890187,418939.9179979994,791078.8572632853,0
NEG00958,80.99225145153585,7.281472029400809,499144.687948925,804864.8180659012,0
NEG00959,80.20379407311933,6.901292188172159,412037.11957337486,762910.525179749,0
NEG00960,80.72628597833273,7.751119313907548,469818.8156927745,856793.5929789536,0
NEG00961,80.58597571909733,7.1159144428023895,454281.58202606725,786583.299761073,0
NEG00962,80.87990137585713,6.963521058598084,486733.94662577054,769717.9340407461,0
NEG00963,80.28836903995936,7.322559203197491,421452.87337540166,809469.0884225543,0
NEG00964,80.32302742117494,7.392659086945352,425290.23891425214,817213.1257661211,0
NEG00965,80.70279976634406,6.868773066832506,467164.7000331386,759252.4083411989,0
NEG00966,80.36187845980982,7.278220554391385,429559.9724123582,804555.0626818085,0
NEG00967,80.52820525124224,7.6264138275995546,447961.79902450857,843026.1232860212,0
NEG00968,80.48736842343504,7.239314541753949,443407.9168544896,800236.2975757223,0
NEG00969,80.02239115234276,6.539690501669145,391914.6080082379,722968.7601579442,0
NEG00970,80.76031644560389,7.115153460447796,473533.1728054112,786485.5697723413,0
NEG00971,80.36472314401851,7.929601314363515,429979.6603310231,876568.7344600686,0
NEG00972,80.77479785203452,7.652709608539844,475162.2952840537,845911.1789081614,0
NEG00973,80.89670063544294,7.202526024684595,488595.46307316294,796138.8015410636,0
NEG00974,80.42499854972539,7.469572963814796,436555.06960192113,825700.4440171411,0
NEG00975,80.92636675199755,7.565689611585366,491877.3178892812,836285.3477884915,0
NEG00976,80.90214299473988,7.660828877739153,489207.5075900206,846803.4904310661,0
NEG00977,80.14843792512926,6.792414390622309,405899.7520626197,750883.8073079503,0
NEG00978,80.64297468149849,7.419697829561094,460602.2229273106,820161.2779804448,0
NEG00979,80.2016264580328,7.333139565753563,411880.0644210031,810654.9201427221,0
NEG00980,81.13794324138352,6.9029974691631315,515239.11171274027,763027.7991124974,0
NEG00981,80.9360370671697,6.874935296763245,492933.36268930783,759923.9051001915,0
NEG00982,80.38850846038592,7.601980649368259,432549.144603105,840344.2298786077,0
NEG00983,80.24439181255876,7.368337730360138,416607.10170909355,814538.1727817466,0
NEG00984,80.51590221942072,7.053821261757954,446536.4315734633,779726.3628558405,0
NEG00985,80.59637662046137,7.481633694095961,455466.2993858871,827012.7812254016,0
NEG00986,80.49429618395548,6.845598450503472,444125.62631247414,756709.7567049741,0
NEG00987,80.26550282071705,7.237682376158549,418913.6097511862,800089.4445697693,0
NEG00988,80.95778302729005,7.334621951817065,495340.49227397447,810740.6479163405,0
NEG00989,80.66031598361413,7.492848226352221,462522.08129028114,828246.5979146552,0
NEG00990,81.18535159209766,7.157825051704313,520465.3529759028,791200.0614828574,0
NEG00991,80.99925493955458,7.301826033961646,499917.7613196175,807114.9038240656,0
NEG00992,80.381401335295,7.51106991927888,431750.8899919332,830294.6615270752,0
NEG00993,80.80613892150268,6.8122750141456105,478579.36180108885,753000.8999015678,0
NEG00994,80.82512871846045,6.789963826779382,480676.7505970554,750533.6838879895,0
NEG00995,80.83482957003943,6.777716261293927,481748.2351354361,749179.3886274829,0
NEG00996,80.89222367990091,7.3452113772623955,488104.9508882309,811912.5006090566,0
NEG00997,80.6746162171442,7.148141442097908,464072.2920457143,790138.1349187243,0
NEG00998,81.07518394584339,6.816422199553163,508307.34937959816,753455.7017106053,0
NEG00999,80.24641768194898,7.038917526859831,416770.6305776944,778118.1424559541,0
NEG01000,80.84517893541415,7.553048260508568,482920.75854387216,834890.2017246896,0
NEG01001,80.68051546575927,8.090744540562724,464800.7166261993,894343.6346199873,0
NEG01002,80.5950238093562,7.569879260102197,455326.066155242,836768.622112468,0
NEG01003,80.74290149003899,7.234398300173629,471617.5187485833,799668.9343356775,0
NEG01004,80.61751737604843,7.407715518829967,457791.82661205274,818838.9636337849,0
NEG01005,80.81855184197502,6.9628305191042,479957.25017539837,769643.7590400343,0
NEG01006,80.21795011242244,6.8347753109238925,413589.13602890365,755554.0973729513,0
NEG01007,80.21194511626113,7.199643890824088,412993.3723395061,795893.8930837731,0
NEG01008,80.50858985869051,7.639481062982666,445799.8481018419,844473.1665475253,0
NEG01009,80.46994771352986,6.796791647342573,441429.4022437118,751317.0468516863,0
NEG01010,80.79286781961112,7.602646065849669,477152.59783532115,840375.6376584084,0
NEG01011,80.52274812617868,7.6167698065235285,447358.695579582,841960.6065601658,0
NEG01012,80.4486813286008,7.588248771619338,439184.81956781936,838817.1995208323,0
NEG01013,80.39993608909066,7.5327428599832755,433799.1618809722,832687.8697122403,0
NEG01014,80.54933072994645,7.743184625625056,450305.53173413576,855933.0211143286,0
NEG01015,80.70222323372185,8.035571946253436,467187.95015250135,888242.3073944431,0
NEG01016,81.29828665774212,6.86860692158325,532955.3428538272,759234.1160171569,0
NEG01017,80.31029153471019,7.189279153235298,423850.30724002596,794730.4658946521,0
NEG01018,80.86855170189624,6.850079439138386,485476.80361750093,757177.7069532432,0
NEG01019,80.22766038461354,6.897645713926311,414673.3169162537,762503.0487406072,0
NEG01020,80.99125469125988,7.235392412112038,499034.5638050224,799770.8212728803,0
NEG01021,80.5510982083013,7.106081480884922,450429.1226205349,785499.8550566164,0
NEG01022,80.7351284325082,7.227274428679597,470758.9451866262,798881.8912364547,0
NEG01023,81.06917517759726,6.810629419987244,507643.5099760698,752815.2352855481,0
NEG01024,80.2924913346483,6.92998354778656,421841.40967144765,766067.0279790058,0
NEG01025,80.66739243356874,7.238986769159631,463281.959681103,800181.5893236537,0
NEG01026,81.01546673528665,7.176476243752265,501707.66696670745,793257.8049699877,0
NEG01027,80.56440821006701,7.268758138639793,451916.0407656807,803482.4437560135,0
NEG01028,80.24706515351548,7.304180606583836,416890.2592224642,807444.6270524781,0
NEG01029,80.22316945318559,7.189629672709726,414230.8100894733,794784.6262862873,0
NEG01030,80.34618336651637,7.117142772187351,427801.91105536494,786749.6651654573,0
NEG01031,81.24038800447613,6.970467790483968,526552.8439167946,770490.9443579458,0
NEG01032,81.1775932528318,7.129108649718086,519609.947003204,788025.1903608951,0
NEG01033,81.01925099786915,7.402735389776966,502124.41733329545,818270.2998880628,0
NEG01034,80.3761800321148,7.467612285699785,431167.9905926778,825491.007276377,0
NEG01035,80.93250864003755,7.498370835598656,492553.6973431496,828843.2015123679,0
NEG01036,80.28153416839429,7.132010142281217,420665.1927988106,788403.9295415975,0
NEG01037,81.0027043622022,7.195035508495162,500298.57384295744,795309.4557916354,0
NEG01038,80.32639266355746,6.916947229405338,425584.6249930118,764620.3688119163,0
NEG01039,80.95080892552578,7.33687859244747,494570.78446035035,810990.1938241742,0
NEG01040,80.49423060277024,6.964436378132815,444132.3228665206,769847.3330453078,0
NEG01041,80.79269406917982,6.856380291669681,477095.86887124536,757877.1996704318,0
NEG01042,80.54368823197177,7.0531616073825525,449605.10182506917,779650.3452202728,0
NEG01043,81.22055001114747,7.17085465239509,524351.065990428,792642.1745448972,0
NEG01044,80.2448099347782,6.925549604854646,416572.97003133,765584.9440762732,0
NEG01045,80.46515872996666,7.245849987658413,440956.85485467355,800961.6310989439,0
NEG01046,80.24699170465355,7.389255999653112,416897.95932647394,816850.362961647,0
NEG01047,80.60323009513678,7.193714771275161,456194.3363622893,795182.4445120646,0
NEG01048,81.168347532956,6.923253433189067,518597.2054984306,765268.1059979885,0
NEG01049,80.15166001468563,6.799952386423307,406257.2887710301,751716.5641097629,0
NEG01050,80.75506496956804,7.088125901352768,472951.70106889925,783498.0309871605,0
NEG01051,80.22959341453803,7.361213968394921,414972.42008840997,813753.3734620049,0
NEG01052,80.55974432538272,7.229403874106842,451396.9772334121,799132.2922277048,0
NEG01053,80.60538309636107,6.909861930913582,456405.5105288988,763802.4952298308,0
NEG01054,80.56196851009567,7.292715148646683,451649.28896978777,806131.1754904813,0
NEG01055,80.26155508766954,6.919140683025379,418421.83390008006,764873.4970608047,0
NEG01056,80.36820627943467,7.910376112306912,430360.35771427676,874442.6559749129,0
NEG01057,80.36048760434187,7.9402769105578965,429514.61829270236,877749.722163908,0
NEG01058,80.5425112496706,7.717957021691839,449550.54922954855,853144.8228813361,0
NEG01059,80.83081769988306,6.8489719766030905,481307.6711091382,757056.5856108431,0
NEG01060,81.10805446638089,6.926928610301598,511936.58063634764,765672.4469566352,0
NEG01061,80.19300819624932,6.842895033632546,410834.56458607235,756456.3341515327,0
NEG01062,80.99233314069464,7.340043912717571,499153.81534017494,811339.8237512527,0
NEG01063,80.34739718964182,7.159580912529148,427942.59478289256,791441.1897931127,0
NEG01064,80.6395088745827,6.972086005247938,460180.76677382016,770678.2779847535,0
NEG01065,80.87460352097264,6.884451711678593,486146.4402995196,760977.2514572669,0
NEG01066,80.50591199096998,6.7918833994577765,445402.989017233,750770.2383621832,0
NEG01067,80.88594186894728,7.009706830617265,487402.41463652323,774823.4526797608,0
NEG01068,80.5035935175547,7.714384680209382,445258.34707449115,852754.6839103366,0
NEG01069,80.63112721113353,7.364252766014643,459289.75906415173,814032.859642367,0
NEG01070,80.69246322902613,7.253662032431437,466050.7625390707,801801.9805393247,0
NEG01071,80.29966766484928,7.029360904656097,422650.53819140384,777052.467320018,0
NEG01072,80.35644614551887,7.267208404078116,428958.562415763,803338.4682283069,0
NEG01073,81.01550936354681,7.424037225776557,501711.43217677344,820625.1704111322,0
NEG01074,81.26078057837644,7.024924455717579,528802.0488540046,776512.1957673964,0
NEG01075,80.5570235779533,7.20142705660008,451093.6049125176,796039.7246110797,0
NEG01076,80.97986780910256,6.878065166407241,497775.8065808781,760269.474173382,0
NEG01077,80.66124007312351,7.306160822720753,462608.32356404717,807608.1633998521,0
NEG01078,80.91069625944411,7.007359350223706,490136.46083058894,774563.354320415,0
NEG01079,81.25186641386445,6.988543793065072,527819.6695921721,772489.861875915,0
NEG01080,81.20439900907917,7.183821243106021,522567.1770745105,794074.7805037296,0
NEG01081,80.65563741925033,6.9600457252051156,461961.3494406685,769345.9149913914,0
NEG01082,80.9330222695505,6.893884098789878,492600.58063042903,762018.6662329354,0
NEG01083,80.33417537579012,7.329464123313031,426510.163572196,810224.7175578593,0
NEG01084,80.19818781961837,6.884883883434435,411414.6680403806,761097.5164557395,0
NEG01085,80.89485331329816,6.881513813438466,488383.5293307679,760651.9385487435,0
NEG01086,80.361833143247,7.101396791100607,429527.71779268567,785006.4737923824,0
NEG01087,81.21345037190962,7.148260973003436,523568.34644725954,790144.1170400293,0
NEG01088,80.4165093288679,7.6801484371868565,435649.60194985056,848981.8271420402,0
NEG01089,80.52553042017675,7.204549311628669,447616.9159344754,796388.383425643,0
NEG01090,80.28586834934815,7.118267406494419,421141.45923528075,786883.851538009,0
NEG01091,80.95619242633911,7.366999561884521,495165.28698560834,814319.9528332965,0
NEG01092,80.85206837257232,6.851283737392665,483655.66379241133,757311.3671326571,0
NEG01093,80.70773095942383,7.632878771960323,467763.89761655946,843723.3067846586,0
NEG01094,80.2295864800086,7.349540872115789,414969.43296108744,812462.8209330832,0
NEG01095,80.22538002483874,7.314668397202486,414498.4863703867,808608.191887036,0
NEG01096,80.39207646060967,7.53476174985607,432932.3433328817,832912.2668038319,0
NEG01097,80.49373361127118,7.158322454650444,444100.7066871684,791281.6984305804,0
NEG01098,80.14823949985848,6.93683747179536,405906.1970740891,766850.9514615291,0
NEG01099,81.0763132165933,6.936152003568397,508430.01608464663,766691.3786548743,0
NEG01100,80.2377645812725,6.945703715817522,415798.19375516666,767814.3407041499,0
NEG01101,80.64395675085147,6.813700006847405,460659.01955738536,753168.6304277855,0
NEG01102,80.47685161847673,7.031152692192815,442220.7804069835,777224.9800205721,0
NEG01103,80.44525891582407,6.72410079971487,438692.0575247152,743284.0939014168,0
NEG01104,80.6155811116266,7.372602366676634,457574.8005496426,814957.3597728362,0
NEG01105,80.89736457524664,7.625650149061878,488679.5762487444,842914.6099768877,0
NEG01106,80.55497219032087,7.327211321928431,450880.7764422436,809945.5265672599,0
NEG01107,80.4037762627944,7.200733510504706,434173.8602694858,795982.2862333591,0
NEG01108,80.76540378787693,7.2720758967830195,474103.8352943928,803832.7992369203,0
NEG01109,80.74405508639889,7.302149536850849,471749.10419107234,807158.6864512481,0
NEG01110,80.24566725863518,7.232716625729833,416722.7882957317,799544.0309353559,0
NEG01111,80.3814446756087,7.25398220608899,431716.24327271595,801872.4133740774,0
NEG01112,80.36864037214556,6.985644230380106,430262.17270317196,772208.6175717931,0
NEG01113,80.40612099413642,6.9951824326403,434403.63380053925,773257.7036493453,0
NEG01114,80.4744798019579,7.391364411399407,442004.66807869443,817047.4264340262,0
NEG01115,80.32321927095268,7.614250652146705,425349.20238894067,841711.4762715151,0
NEG01116,80.51632939973287,7.3020756665451945,446612.5596450506,807171.1413417116,0
NEG01117,80.72630239622411,7.392510307462493,469795.6717169399,817149.1691819516,0
NEG01118,80.24042450056922,6.7775416970916975,416062.59628541826,749222.6508455469,0
NEG01119,81.01851413848696,6.798838669625184,502045.76884359587,751511.3113090175,0
NEG01120,80.36305238795836,6.787189523678083,429615.6731453234,750269.7478472433,0
NEG01121,80.50062928682335,6.9609577053366225,444838.7377123493,769462.0123884664,0
NEG01122,80.2138781577978,7.191951682862569,413205.3447014945,795043.0934705423,0
NEG01123,80.60341414819895,7.238382550396206,456218.95060842525,800120.4562426021,0
NEG01124,81.18925217190521,7.069315421168821,520900.03418241104,781415.7045656195,0
NEG01125,80.53825015377674,6.8741736637317175,448985.1759376931,759863.841907299,0
NEG01126,80.46276515866131,7.229903704090923,440690.5293146646,799199.0429418645,0
NEG01127,80.2090930089347,7.248599635105156,412687.85662617226,801306.8796674146,0
NEG01128,81.2394837602211,7.120221023738762,526444.4748503518,787045.7674891936,0
NEG01129,81.01367207259923,7.261817087361518,501509.23712906626,802692.0223052123,0
NEG01130,80.6037700600046,7.134212583846873,456248.27938141295,788604.4326635832,0
NEG01131,80.81160450241664,6.875949111752185,479186.04030061234,760039.6028451017,0
NEG01132,80.25182305742548,7.1191574788956515,417381.9369654972,786988.2002377547,0
NEG01133,80.58528750712217,7.410121627692682,454235.34829545673,819108.152371432,0
NEG01134,80.40989928718133,7.483579511062506,434891.0548296359,827251.1337139361,0
NEG01135,80.26901604622492,6.913739586787271,419245.1942890401,764275.1057922173,0
NEG01136,80.41858336324573,6.976589286561613,435777.66310570453,771200.4741507163,0
NEG01137,80.49244727208935,7.6551566741476735,444021.39767518506,846208.2302413093,0
NEG01138,80.6929799668635,8.041651030967852,466169.92802636005,888915.1216605521,0
NEG01139,81.04194949842666,7.368027007165685,504629.6405001495,814433.515513955,0
NEG01140,80.49606887589044,6.861015394878565,444323.28183224966,758413.8947278189,0
NEG01141,80.57047678807825,7.186112933353967,452577.33213295107,794345.3231741629,0
NEG01142,80.82606821342745,6.966186692183523,480787.647111202,770014.4613095918,0
NEG01143,80.39692390147333,6.780337507805136,433357.75853183476,749507.4599673754,0
NEG01144,80.49347641426769,7.436996887934303,444106.90463164204,822089.792402959,0
NEG01145,80.47977858515694,6.6762979009896535,442501.551957387,737995.311075642,0
NEG01146,81.2404185429749,7.058048105367568,526551.2560741535,780172.7353265238,0
NEG01147,80.34121672614489,7.21352096807444,427268.7251875023,797405.4815193316,0
NEG01148,80.29028382920052,7.165355804364748,421637.0839388758,792088.9810735909,0
NEG01149,80.00844213203608,6.550622824879441,390374.6252693428,724180.4644198057,0
NEG01150,80.25304980817018,6.958451320505343,417489.0242540125,769220.9688679236,0
NEG01151,80.917943579598,7.569471773390568,490948.21330654447,836703.6297556518,0
NEG01152,80.65465252804059,7.079571387629764,461862.2895389162,782559.3874450757,0
NEG01153,80.71885992251148,7.3587644373919785,468971.98957855545,813419.0872358237,0
NEG01154,80.82335244637702,7.046762074064198,480491.01482405135,778921.9455007864,0
NEG01155,80.72628021498349,6.91924895104451,469762.0887417629,764830.8339176496,0
NEG01156,81.17793141641317,6.965287132403746,519654.18732456455,769915.1823016058,0
NEG01157,80.9569210617005,6.962079710635128,495241.50350006693,769557.1294694549,0
NEG01158,80.76461999464154,6.872909012229333,473994.99465395976,759705.8276143703,0
NEG01159,80.8440983857932,6.9560860457635645,482778.8810233697,768897.1724071368,0
NEG01160,80.89252426960267,7.535022208256717,488143.22320783546,832895.8615849939,0
NEG01161,80.97458245202641,7.194476037562594,497193.783989513,795247.6847734835,0
NEG01162,80.88971137188211,6.9574212163705305,487817.39953559084,769043.3534112363,0
NEG01163,80.52999094297014,7.55668876160846,448150.4083404677,835317.5908372846,0
NEG01164,80.35737654180431,7.319730921141073,429069.5406233809,809144.9341036546,0
NEG01165,81.0642341520866,7.17874766663033,507091.99548045435,793509.3728016141,0
NEG01166,80.56711686093361,7.030985879031711,452190.3292845552,777196.3571820151,0
NEG01167,81.00047869811192,7.3805199675409145,500052.828709034,815814.3741375281,0
NEG01168,80.63434285083127,7.121732554018909,459623.0817767526,787221.9860499002,0
NEG01169,80.48014215755366,6.932856338532689,442572.2288816645,766357.8252901516,0
NEG01170,80.302157611851,7.195885950402425,422953.3236840334,795462.2443058543,0
NEG01171,80.53999745561732,7.743473392199233,449276.38210544013,855966.0473253024,0
NEG01172,80.66645189164886,7.5146803929027755,463200.9089342416,830659.6426983434,0
NEG01173,80.45651731504846,7.620093088031854,440053.64062403847,842336.6355507743,0
NEG01174,80.23395569997153,7.215983194391008,415426.6644480209,797696.1890463991,0
NEG01175,80.98003575887456,7.227912997101674,497796.016237775,798944.0286565433,0
NEG01176,80.64601111616597,7.6366848880322,460956.71516782284,844149.1788486778,0
NEG01177,80.91562149956596,7.372784726885183,490687.8968090047,814960.1359671692,0
NEG01178,80.35240130270016,7.276947966053509,428513.57730752724,804415.8591715954,0
NEG01179,80.81964133416835,6.835305114379221,480072.2651956711,755546.2132465475,0
NEG01180,80.7692209644752,7.267533431419869,474524.94488215446,803330.4190078111,0
NEG01181,80.3618489522698,7.303909015647502,429560.72952936904,807395.0449822128,0
NEG01182,80.45329132963326,7.175611286297791,439637.42904474284,793198.1307978603,0
NEG01183,80.6505886816152,7.396258702136326,461440.4013379812,817569.401811396,0
NEG01184,80.65064876527445,7.341711779096579,461442.3161273974,811539.2174857906,0
NEG01185,81.04819770570246,7.183556708736895,505321.379335246,794040.7829613828,0
NEG01186,80.9817249950979,7.353506950777036,497983.0641209832,812828.1722772649,0
NEG01187,80.92431207660373,6.865002352524053,491637.8092552499,758826.0465890135,0
NEG01188,80.43403103282523,7.215654359631741,437516.29445772734,797627.58094167,0
NEG01189,80.35712506639425,7.928776167914583,429142.0236816238,876478.7967530169,0
NEG01190,80.29051938621028,6.87976067372445,421615.29128415557,760514.9945358193,0
NEG01191,80.9918247312942,7.36725401274139,499097.7575670017,814347.8532018545,0
NEG01192,80.38594028064048,7.642457205344961,432272.21144676843,844819.5464394978,0
NEG01193,81.38960968552968,6.874216554182171,543044.5344689039,759861.4957997553,0
NEG01194,80.4936796476857,7.173088869854705,444096.5476825232,792914.1547654598,0
NEG01195,81.18611072113387,6.996917296693243,520556.29052160826,773412.1505806483,0
NEG01196,80.23786338243835,6.92084461184687,415804.69539541256,765066.0054967952,0
NEG01197,80.70734364765968,7.3419336101683985,467699.7700435482,811559.2608545601,0
NEG01198,80.29492710012504,6.990350861847586,422120.455045416,772740.5075196506,0
NEG01199,80.61750932017864,7.618718469418067,457811.29937152273,842165.6404028612,0
NEG01200,80.694860262659,7.525887534076128,466335.98992189823,831896.3140950614,0
NEG01201,80.73932623814898,6.914591664594618,471203.0149185658,764315.173954362,0
NEG01202,80.95781286063564,7.209790206118204,495342.49879183056,796940.764962711,0
NEG01203,80.27592369588845,6.936357671954699,420012.16099710984,766774.4774038671,0
NEG01204,80.81603625539597,6.99723684496019,479680.86182243715,773447.3824150393,0
NEG01205,80.35770746734813,7.208298527631862,429088.60596341395,796825.5223594621,0
NEG01206,80.71212226295772,7.504592298882199,468238.8590315253,829540.8266866098,0
NEG01207,80.6492654739702,6.996215421871447,461260.46292055835,773344.9364079281,0
NEG01208,80.87471578258594,7.567919472002323,486179.6241705819,836533.1600895901,0
NEG01209,80.36580505472135,7.183267307445343,429978.8074469257,794056.9694790471,0
NEG01210,80.36940866374057,7.283431694698423,430392.0420558358,805130.0111549362,0
NEG01211,80.87213887896651,7.500203708843295,485893.1694789695,829047.3060022243,0
NEG01212,80.38407736016832,6.765720795956304,431936.06434174115,747893.3401224549,0
NEG01213,80.55798133630304,7.637358953782276,451247.35844151,844232.6618998182,0
NEG01214,80.48879818087502,7.448029426262537,443592.0743912465,823310.0655518111,0
NEG01215,80.55913434526633,6.999493240713156,451305.4136357217,773715.6751865702,0
NEG01216,80.4161688310942,7.772880069900589,435626.09417264647,859233.8870274981,0
NEG01217,80.2681017054379,6.8262437645187966,419129.3967444414,754602.1823144174,0
NEG01218,80.47944004085004,7.158475299672019,442522.4625660015,791300.3580697775,0
NEG01219,80.54796900439871,7.256529143362459,450099.9708687447,802132.29294875,0
NEG01220,80.69903818998486,6.916173148719573,466752.4126666422,764492.6294537821,0
NEG01221,81.06110677106615,6.849519349969837,506751.44591169804,757114.2337789333,0
NEG01222,80.25770515368004,7.221178169763521,418049.7478855336,798266.1923141725,0
NEG01223,80.77228743985452,7.585700002266239,474881.51509013015,838503.3852692047,0
NEG01224,80.63821001007086,7.46553229816461,460080.5787624102,825228.741801941,0
NEG01225,80.70009019943038,8.051487975251343,466954.197602661,890002.0474268252,0
NEG01226,81.19398825090653,7.143882830770216,521419.61140473903,789659.1720695666,0
NEG01227,80.52586717742741,7.579710317129372,447698.25428753725,837863.185342461,0
NEG01228,80.22479777041549,7.344997686505991,414440.00248074287,811961.4472204142,0
NEG01229,80.65356768342053,6.9080597202663085,461728.5264357192,763599.1227382665,0
NEG01230,79.99659749409732,6.551882214665757,389065.24491818016,724322.3053083466,0
NEG01231,81.10211327547565,6.983710825696981,511278.91266468144,771949.3766937889,0
NEG01232,80.90258396556038,7.669541245259813,489256.36002849264,847766.631182526,0
NEG01233,80.30688399127595,6.813117567671873,423412.74457083235,753144.6992977931,0
NEG01234,80.36107055152074,7.562151973710797,429515.99495032924,835945.2981037974,0
NEG01235,80.95045833259572,6.840034428571469,494526.2290349769,756065.5679030467,0
NEG01236,80.2615027860193,7.06123450030523,418440.6987128351,780582.7531310923,0
NEG01237,80.98411934608279,7.368494223033412,498247.37747039745,814484.9792392928,0
NEG01238,81.00170558261743,6.878018234246329,500188.4318477476,760264.239551954,0
NEG01239,80.69910558904992,7.357946549774934,466791.7238757327,813330.0883281121,0
NEG01240,80.63447654000389,7.355305009254399,459658.6005888705,813043.3774316284,0
NEG01241,80.88846305155091,7.149489194097091,487684.58407537866,790275.9224637623,0
NEG01242,80.55115236667203,6.841593724082085,450407.29177612026,756260.800131529,0
NEG01243,80.49911522567074,7.410429542920313,444725.8255186704,819151.9929177582,0
NEG01244,80.6534974963308,7.0256818594755615,461730.31093796744,776602.0621706706,0
NEG01245,80.52955994261893,7.564308490222226,448103.7710568125,836160.0251325826,0
NEG01246,81.20638115066197,7.095279274805772,522790.4032294729,784286.7505782647,0
NEG01247,80.5169873403983,7.596784640018305,446720.7956433916,839751.8859885276,0
NEG01248,80.8564368198485,7.569168401481534,484163.27356899687,836671.8518409485,0
NEG01249,80.39042916268504,7.142051917398326,432691.60210480716,789496.7775198082,0
NEG01250,80.41091359178115,7.265667624729906,434971.17832065583,803159.9476658439,0
NEG01251,81.07997609446905,6.9796529657481186,508833.82667018945,771500.321848817,0
NEG01252,80.42503815735428,7.7723181665592,436603.984208008,859170.4277955692,0
NEG01253,81.04734205092008,6.894027005965395,505230.14951756207,762034.2042987117,0
NEG01254,80.20239739089094,6.782817502535341,411861.08416111185,749812.6627078919,0
NEG01255,80.6006267294649,7.05336795676858,455893.493891505,779667.3910618033,0
NEG01256,81.04510538779016,6.791038727798181,504984.1202039394,750649.2550325713,0
NEG01257,80.51813672316113,7.197698425255355,446799.80910234404,795631.8634232528,0
NEG01258,80.75582119842065,6.994262349577441,473029.7914807405,773121.5866140842,0
NEG01259,81.13618643265231,6.9511919058009335,515043.50274819403,768355.4694926197,0
NEG01260,81.25066575251188,7.068206523936517,527682.3364759954,781296.3227154289,0
NEG01261,80.82473269285221,7.459900473463516,480661.0892034174,824593.6150436288,0
NEG01262,80.34272876963007,7.2581379721968515,427442.7929909101,802337.8623705775,0
NEG01263,81.4208903947134,6.859763323294433,546501.9257807105,758266.6337662382,0
NEG01264,80.5822813492566,7.617360608008444,453925.44700469065,842019.1231047965,0
NEG01265,80.80665555908067,7.600713683412708,478673.3440493801,840161.3094221822,0
NEG01266,81.20737226442698,7.148930324552164,522897.18961302604,790217.8057853507,0
NEG01267,80.38402852457847,7.967189375349869,432113.7619128636,880721.1693830721,0
NEG01268,80.18802176738292,6.925459026200246,410299.0788856778,765585.2766254724,0
NEG01269,80.73318180102575,7.159918067342682,470539.69899377204,791435.8637990946,0
NEG01270,81.32071958678908,7.072973924014586,535418.4567083301,781828.0987895632,0
NEG01271,80.5128530060821,6.859617662693246,446177.56024627364,758257.4596820023,0
NEG01272,80.2100077017813,6.782933933040524,412702.13340674405,749824.1585230889,0
NEG01273,80.53751769595863,7.229441956172254,448943.17168792326,799138.9349291486,0
NEG01274,80.34600868085981,6.810369036908296,427735.68409906497,752834.8121614191,0
NEG01275,80.65334244019273,6.802728828884217,461695.23345589975,751955.0382323435,0
NEG01276,80.43598085593568,7.050782003555636,437709.28287859354,779400.2813354887,0
NEG01277,80.4316100907614,7.271106931124018,437256.6789631224,803758.3611570204,0
NEG01278,80.24484081559307,7.215225138247976,416628.3398568904,797610.3765807154,0
NEG01279,80.23514660051232,7.1774976700221895,415551.0346593693,793441.121454363,0
NEG01280,81.26611015259759,6.87276004592996,529400.1326899233,759691.1378687902,0
NEG01281,80.4963045899297,7.32887150244901,444405.4878797561,810135.900854886,0
NEG01282,80.65145922878405,7.2214246795636,461521.51468061283,798241.4244355164,0
NEG01283,80.20751286879866,6.93127458255542,412453.5100110939,766224.5886612975,0
NEG01284,80.42709747893451,7.660222118525564,436814.41644232074,846777.2943155346,0
NEG01285,80.84309335116265,6.823106033583856,482663.03397048573,754196.7441995189,0
NEG01286,80.25754340925018,7.355386966732335,418056.2834489266,813103.93738651,0
NEG01287,80.83484329795498,6.962132125815903,481756.7813054265,769565.8940462263,0
NEG01288,80.72725197097219,7.646419121967137,469917.9505409533,845218.7942850263,0
NEG01289,80.6545426240484,7.331624271106261,461871.22542283597,810423.7094255765,0
NEG01290,80.49945805624992,7.7189801196384265,444802.8902716981,853263.261442886,0
NEG01291,80.66887799162133,6.931625370870462,463421.7373525566,766203.0545376565,0
NEG01292,80.6091414372055,7.389858708665981,456865.76712460775,816865.6804368914,0
NEG01293,80.49952297860503,7.743636570558008,444813.2529874338,855989.1279405393,0
NEG01294,80.90799304844622,7.169315325736212,489841.44048748765,792467.173584775,0
NEG01295,80.34964962976824,7.044240806958757,428173.41404266213,778689.5313730595,0
NEG01296,80.3452278075491,7.331183301455752,427730.39579397324,810412.9878691345,0
NEG01297,80.33972884377455,7.131771485107438,427091.44750783656,788367.9448121226,0
NEG01298,80.39251349395617,7.332326479647942,432949.85903627856,810532.0344556688,0
NEG01299,80.95315390264582,7.358621446626846,494829.85082199256,813393.800347629,0
NEG01300,80.97162989366392,6.897265110908149,496865.8121679458,762391.9978183901,0
NEG01301,80.61269719562405,7.421695977883208,457261.24481463945,820384.9779468144,0
NEG01302,80.44335840398385,6.709513400662932,438480.1809678209,741671.6905105698,0
NEG01303,81.04193123055957,6.926487468538748,504632.0689025157,765622.5273511701,0
NEG01304,80.96191450779901,6.907615301668568,495792.59606754605,763536.2458131035,0
NEG01305,80.68925129086134,7.630113215793206,465725.4252837467,843418.9959131464,0
NEG01306,80.62659971915716,7.02021121695849,458759.0473578763,775999.5713139197,0
NEG01307,80.44545600535818,7.361863124785883,438797.51358636207,813789.8433076163,0
NEG01308,80.85532433686235,7.551839981619448,484039.9167710204,834756.2425249687,0
NEG01309,80.77940478418574,7.630936655757843,475669.1671981385,843503.9054737545,0
NEG01310,80.81299825123139,7.5779845072451195,479371.8873910548,837648.2922779201,0
NEG01311,80.9710927999552,6.788638254561005,496805.7548729047,750383.7566345092,0
NEG01312,80.80153229821568,6.995839482221302,478078.8015327804,773293.5592368821,0
NEG01313,81.02460922525981,6.795685505699157,502719.27937985177,751162.7728976327,0
NEG01314,80.99944281015753,6.979036022950851,499938.45506701426,771431.3718657524,0
NEG01315,81.06854249470474,6.9889449883763906,507570.7687469388,772527.3238640904,0
NEG01316,80.5960686222274,7.389256091618922,455422.99867410236,816800.3475158473,0
NEG01317,80.21142383384205,6.829944961969744,412867.11058841605,755021.2496920006,0
NEG01318,81.23893155602251,7.139297204562637,526382.4070460048,789154.5711770048,0
NEG01319,80.29400156911623,7.110697050572162,422038.3436113216,786045.5294553811,0
NEG01320,80.98676526869704,6.797037334626342,498537.58782521286,751312.1625138551,0
NEG01321,80.75064066737139,7.174303237252575,472468.2673424355,793025.0382499301,0
NEG01322,80.56634231547663,7.352460719935244,452138.45835755736,812735.6516834502,0
NEG01323,80.86433257167741,7.6377328548394745,485036.64532195893,844251.3576228346,0
NEG01324,80.48785478848711,6.887949541177726,443418.9125748498,761392.4331805031,0
NEG01325,80.16180626510301,6.80737514954819,407379.9641993574,752535.2499453783,0
NEG01326,80.76332605408439,7.122551974183895,473865.9264914292,787303.289655422,0
NEG01327,80.41657973090145,7.783987271778509,435673.094355121,860461.7917359173,0
NEG01328,80.17323200001377,7.166457074386413,408712.2774480222,792232.353920926,0
NEG01329,80.46168378140382,6.795878664757892,440516.10223349376,751217.1239287091,0
NEG01330,80.18866375086354,7.002580859718729,410384.64472297346,774111.5290752912,0
NEG01331,80.3697533432701,7.323317242492774,430436.2573363923,809539.4848936042,0
NEG01332,80.49713025867425,7.022463393799609,444459.48443882767,776261.9161407327,0
NEG01333,80.2613920914609,7.171185471340681,418447.8866058456,792738.517125926,0
NEG01334,80.39880848024703,7.394093339006456,433653.8638869858,817359.6850614741,0
NEG01335,80.71251833404324,6.929049303755279,468242.45256953785,765915.135758852,0
NEG01336,80.4502003914605,7.351382581905231,439319.721834957,812630.5390964156,0
NEG01337,80.7411871027891,7.166080963916988,471423.9811749346,792116.6568424967,0
NEG01338,80.85832890244305,7.490923802432366,484369.19038603903,828021.886965227,0
NEG01339,80.1737944873148,7.00493189074832,408742.6215514019,774374.3155395349,0
NEG01340,80.57311021738897,7.1028467436086995,452859.5582083895,785139.9565557331,0
NEG01341,80.2132638745503,6.890967831668082,413081.50273570337,761767.3663956161,0
NEG01342,80.37566169772364,7.354430351130398,431093.2077247783,812978.2704711305,0
NEG01343,80.74207867606818,6.847720516297882,471503.09548328054,756922.5984135446,0
NEG01344,80.43961564541182,7.584856889001007,438184.2819601384,838443.4927380235,0
NEG01345,80.77267877397898,6.865940534504866,474884.97529590287,758935.0546475108,0
NEG01346,80.36386178251571,7.955120374082202,429889.04561232,879390.2118793511,0
NEG01347,80.6688786122411,7.537758422859924,463470.57390822034,833210.736230748,0
NEG01348,80.21453771090887,6.843911397940269,413213.7162978205,756564.7600213692,0
NEG01349,80.05654306081152,6.5700388194366655,395697.1247835391,726316.8353934492,0
NEG01350,80.6813490157191,6.924801151727704,464798.8898460668,765447.7088808775,0
NEG01351,81.00116892974391,6.775368972239241,500129.17024609586,748916.8017429772,0
NEG01352,80.38613092369833,6.924391588772816,432185.40690523013,765434.4300219656,0
NEG01353,80.86976627816843,7.5472331042990675,485632.94896111137,834246.4522951785,0
NEG01354,80.76892097117745,6.937594616840879,474473.6405144062,766856.3937597147,0
NEG01355,80.73909771715698,6.924347462968138,471178.3613708679,765393.664737689,0
NEG01356,80.59932300378142,7.553833012463385,455798.6960338206,834994.2397370953,0
NEG01357,80.27940999640313,6.781722154505261,420371.6293790347,749678.2494953255,0
NEG01358,80.63461930867986,7.030051028123269,459645.6474955502,777086.6531354373,0
NEG01359,80.421489878464,7.6753034939824705,436198.17859340785,848445.4484145417,0
NEG01360,80.45877570945797,6.783445250284265,440193.2161292754,749842.9633865642,0
NEG01361,80.72348157399557,6.944251560642245,469454.5295534845,767594.9880585974,0
NEG01362,80.33466974436664,7.5402931173770265,426599.75649106357,833533.0231088225,0
NEG01363,80.76647541531719,7.328316571836607,474225.3487071181,810050.0807962399,0
NEG01364,80.38520597657326,7.516683593671417,432171.53721698915,830914.6918784261,0
NEG01365,80.67379706421704,7.255188162912202,463990.2894458541,801972.1323850903,0
NEG01366,80.54530831124968,7.540386370437389,449838.31764648383,833513.526089506,0
NEG01367,80.60978096154007,7.290799502386786,456926.81546538824,805914.5576358392,0
NEG01368,80.52792204778814,7.26065514921606,447887.3998890121,802590.6830882307,0
NEG01369,80.15805133468248,6.99108631207256,407000.8717006858,772846.6610739051,0
NEG01370,80.30112346133866,7.626041602195637,422913.9661523571,843018.9320984266,0
NEG01371,81.27122565424922,7.011536921313277,529956.5250483023,775032.8879486717,0
NEG01372,80.39619317914283,7.168738542850212,433331.95690470794,792446.2329342857,0
NEG01373,80.86929039077921,7.509901407687073,485579.21663711563,830119.4720289691,0
NEG01374,80.53951605671737,6.830489978590787,449120.4069574469,755034.5046395282,0
NEG01375,80.46837916512507,7.023079321254346,441283.9995612496,776333.5126934549,0
NEG01376,80.27282925466943,7.207302725674895,419717.1102610284,796729.4837498681,0
NEG01377,80.60002166918538,7.562483502768608,455876.6497431213,835950.4968136338,0
NEG01378,80.57686924211214,7.310199948685943,453295.9027019836,808062.5669991528,0
NEG01379,80.62476318664707,7.305815472580331,458581.9890617365,807573.1752330678,0
NEG01380,80.20262741509327,7.2748871470858365,411979.15578273096,804214.4285057792,0
NEG01381,80.55781020748236,7.7117297483275,451236.957545358,852454.5986808079,0
NEG01382,80.27476089713777,6.796159782571953,419860.24510676484,751275.1558013087,0
NEG01383,80.96887304932136,7.416211434857123,496565.13253502053,819760.1309983148,0
NEG01384,81.00627081150239,6.99788503504309,500692.6206916659,773515.0683559654,0
NEG01385,80.74996896434574,6.922525215172797,472379.1998375307,765191.5747791335,0
NEG01386,80.65808995010505,7.662691868073088,462291.25246036425,847023.2176422176,0
NEG01387,80.90275314188123,7.630735203555878,489274.0485336652,843476.6239636685,0
NEG01388,80.37863892985379,7.620606666600204,431463.3983655417,842404.9943623715,0
NEG01389,80.71686458942332,8.04592334532231,468802.0865743255,889385.5430579269,0
NEG01390,81.36325164919238,6.876865585623831,540132.2059331196,760152.0512704671,0
NEG01391,80.71031457229128,6.970331431029381,468001.7971026782,770478.9270140505,0
NEG01392,81.20300500065822,6.963934130310347,522423.8738469258,769766.72844265,0
NEG01393,80.2312193799676,6.800357397075819,415049.31995672657,751746.6486311745,0
NEG01394,80.83620593222915,7.536138600179954,481930.18846414547,833021.2069450237,0
NEG01395,80.27351932206946,7.258858488207058,419802.4005708284,802429.1771477174,0
NEG01396,80.68831016514893,7.768458353302283,465632.7680493908,858713.3413892102,0
NEG01397,80.99238182507979,6.9401010680693425,499158.45791175077,767127.2616918306,0
NEG01398,81.09841078075986,6.894529587031669,510871.99931965093,762090.62409427,0
NEG01399,80.75755339616377,6.920365978961088,473216.93137207674,764952.4434052946,0
NEG01400,80.39918797295192,7.368553659297204,433691.94140505267,814536.1074985001,0
NEG01401,81.35259683077977,7.060888039444243,538939.8521940911,780494.5647001298,0
NEG01402,80.53310700415899,7.338274639759133,448468.6632053518,811171.0446686534,0
NEG01403,80.90923230630573,7.314446452924504,489981.4720220911,808511.0762585008,0
NEG01404,81.00743262473338,6.817916574257731,500821.25514107343,753620.2578015468,0
NEG01405,80.56243317602437,7.3095333663658835,451702.38514253555,807990.3984522694,0
NEG01406,81.11452797444893,6.898329578947368,512652.4588110999,762511.0961979114,0
NEG01407,80.34623090844484,7.388121216184916,427850.31753722404,816707.6129795638,0
NEG01408,80.37328578549236,7.332482618251506,430827.5810583949,810552.2136553841,0
NEG01409,81.23463891296466,7.1104001521882,525910.0408760577,785959.8155895466,0
NEG01410,81.07250160136054,6.919203050122349,508009.24792465,764817.6688389467,0
NEG01411,81.10344393471811,7.001613602101516,511425.4556657856,773928.5011395317,0
NEG01412,80.55539632985892,7.310228078900055,450925.73508670443,808067.9605873884,0
NEG01413,80.61776035007914,7.469643170850761,457824.55311536836,825685.1072504139,0
NEG01414,81.28271906874096,7.041013294311824,531224.0009071431,778292.1902476079,0
NEG01415,80.52274941680923,6.794541177332882,447263.8666663681,751062.1887108083,0
NEG01416,80.78835954141253,7.407898261668066,476644.92939128773,818846.5630580926,0
NEG01417,80.23259191680634,7.134926892108734,415261.09717490437,788735.0975517638,0
NEG01418,80.48194215229204,6.721199920441932,442745.92633652687,742958.9583644834,0
NEG01419,79.99073123690815,6.542648979074049,388414.5636800849,723302.7668563892,0
NEG01420,80.5545234717762,7.72612177786674,450876.16311108647,854046.062019891,0
NEG01421,81.34346143248762,7.03034331519366,537933.4341090283,777117.1322281023,0
NEG01422,80.96225818156793,6.825815452980188,495829.85044615867,754493.6018575709,0
NEG01423,80.21705639125328,7.0150362964641415,413523.2165504985,775483.2405481215,0
NEG01424,80.30890726228017,7.039083319865805,423672.65854113764,778125.8079686709,0
NEG01425,80.49991203287759,7.69543756999266,444849.9069562657,850660.4773758625,0
NEG01426,81.12550397912638,6.879906479103652,513865.5680060327,760474.796184659,0
NEG01427,80.8118155742315,7.525884657119571,479238.9399642563,831888.7206403746,0
NEG01428,81.25893755979129,6.859122688254402,528608.506157527,758183.1342056409,0
NEG01429,80.4017330693409,6.945380448988809,433911.9755690043,767752.5948120529,0
NEG01430,80.65487417483871,8.078210231227423,461974.4757107315,892960.2233915462,0
NEG01431,80.75379639559802,7.123793158809642,472813.70691845124,787441.0500869225,0
NEG01432,80.98488466537106,7.434255232835778,498332.0867837203,821754.7553690234,0
NEG01433,80.97465578691519,6.922580152450239,497200.24671090656,765190.4587094743,0
NEG01434,80.64712263107091,7.038353929892107,461027.2825494787,778003.4690819586,0
NEG01435,80.29854560234298,6.834633208055846,422494.7929017742,755524.6659244023,0
NEG01436,80.46036545262575,6.829806957397623,440374.61358001473,754968.0745913179,0
NEG01437,80.86202305285121,7.022737164561811,484761.02892043313,776264.6250798712,0
NEG01438,80.25957835967745,7.309151723297318,418272.45894528524,807991.9300408778,0
NEG01439,80.93260073618141,7.447546760614879,492562.9986929131,823224.6545066966,0
NEG01440,80.97554008930035,7.233664929479977,497299.7438727539,799579.915423337,0
NEG01441,80.95353660088853,6.972717521368288,494867.77180036745,770733.1367243412,0
NEG01442,80.99932792249344,7.427961182659373,499925.8380362741,821058.9284337797,0
NEG01443,80.99401520167135,6.871997202434471,499338.7943847889,759598.6426561205,0
NEG01444,81.24719467443981,7.0160597942692515,527302.053928076,775531.414912988,0
NEG01445,80.81515659815994,7.601938550850415,479611.10327600874,840296.3092179772,0
NEG01446,80.73855489981598,7.319818576529761,471143.1302975094,809112.3320534206,0
NEG01447,80.94028130723186,7.509414153174604,493411.4200124586,830063.9053932286,0
NEG01448,80.7126238898081,7.734242606749544,468311.08740759216,854928.8418060603,0
NEG01449,80.90457876114193,7.098859160898414,489462.85506725474,784678.5105733955,0
NEG01450,80.50325283604678,6.736600645355956,445102.9026254275,744659.0573387673,0
NEG01451,80.30848560850168,7.065497997448888,423630.4144810304,781046.142011035,0
NEG01452,80.49347102674659,7.029177468731577,444056.1252098257,777004.5982516352,0
NEG01453,80.40165630948987,7.526567482120043,433988.0141334708,832004.8908085516,0
NEG01454,80.91774254755768,6.892979369849259,490912.5226253602,761918.9158063811,0
NEG01455,80.42896889298866,7.462480369787514,436992.15092348034,824915.7588595942,0
NEG01456,80.3992413509279,7.9138501374225205,433781.8862236485,874821.6694224172,0
NEG01457,80.38434647640723,7.288348099978332,432041.75895154313,805671.2663428428,0
NEG01458,80.4595851731303,7.035832414374156,440314.3278473008,777744.4969899581,0
NEG01459,80.27391201814648,7.015599134980841,419803.40612837346,775535.3644359363,0
NEG01460,80.8912423894075,7.619048035837981,488004.1303437905,842184.9131812656,0
NEG01461,80.72419211862785,7.168033465966545,469547.64893654943,792333.5952598153,0
NEG01462,80.45632890651214,7.478148627614085,440013.2954409159,826644.1276496855,0
NEG01463,80.92924082440051,6.916316319792796,492183.19038277055,764498.5226891879,0
NEG01464,80.4810933852019,7.67066283928127,442771.20122179756,847923.9960016491,0
NEG01465,80.23560435841098,7.038009965006643,415576.12074239994,778019.7446729155,0
NEG01466,80.47920605356748,7.508831464345925,442541.5674163045,830033.1667168748,0
NEG01467,80.91138902753437,7.1137646195118,490215.21277227707,786326.1174863453,0
NEG01468,80.29132638962963,7.056376535950137,421733.755196751,780040.5666230331,0
NEG01469,80.69379124373772,6.807311745722371,466165.0871724427,752458.6504193633,0
NEG01470,80.55345092710847,7.539040763527551,450736.47844372806,833363.8388549392,0
NEG01471,80.53143169004366,6.815959080496317,448225.572486819,753428.9849342196,0
NEG01472,81.19059847384041,7.089613342211495,521047.7933963601,783659.6497305658,0
NEG01473,81.03077198706065,6.927592006206991,503399.31895762373,765744.535481434,0
NEG01474,80.83250657256778,7.562715908863105,481523.20130075596,835959.4742863593,0
NEG01475,81.17854863366752,7.161668597073847,519714.04579550517,791624.6597962565,0
NEG01476,79.98985053005333,6.553566087751382,388319.609230767,724509.9724703709,0
NEG01477,81.2324450147323,7.104046186486875,525668.1305774039,785257.2756222356,0
NEG01478,80.73388186812332,6.95987034626852,470604.37178462365,769320.947588959,0
NEG01479,80.893180459185,7.573837707738089,488216.6661998229,837186.8747447223,0
NEG01480,80.28225176258286,7.071175589394061,420734.01885543554,781678.2131424309,0
NEG01481,80.29820235291491,7.059277032506786,422493.6596851294,780360.0823752752,0
NEG01482,80.54297576858303,6.9025823572357945,449510.2844844517,763003.9063621095,0
NEG01483,80.54447078693882,6.838001883298127,449668.65989645646,755864.4190677283,0
NEG01484,80.46030359084136,6.9373817677295895,440381.20454475697,766860.5622083655,0
NEG01485,80.28967490082479,7.30554491443869,421594.04754774424,807587.8234029799,0
NEG01486,80.41643336684979,7.5701967849975835,435624.7952936888,836826.115929132,0
NEG01487,81.34795503557856,7.007668549227045,538431.5941159667,774610.8348291168,0
NEG01488,80.3764933286081,7.287792214329892,431174.7798436116,805611.0001045672,0
NEG01489,80.85933598938293,6.815930040621763,484457.49181601516,753402.9130340114,0
NEG01490,80.64919495361575,7.252454446766527,461274.1841962337,801671.9470908049,0
NEG01491,80.4941810230086,7.51474390046493,444194.53058725584,830684.8711290496,0
NEG01492,80.58918164566984,7.530559441927344,454677.4964886651,832422.3430595546,0
NEG01493,80.43533545913742,7.464780750687622,437694.98874524777,825169.1708727175,0
NEG01494,80.56695182342774,7.178017222586574,452187.29599270434,793450.7049686104,0
NEG01495,80.83971143284417,7.316198180971174,482308.12578691,808706.8674627211,0
NEG01496,80.55934092173862,7.704160928638171,451404.8990805566,851617.6670119383,0
NEG01497,81.06260929099928,6.824085546696044,506917.8192090283,754302.6539858768,0
NEG01498,80.22310117870724,7.353463119736117,414254.3599005847,812897.6937783067,0
NEG01499,80.29621607432505,7.151363552078161,422289.75383233954,790541.0538701771,0
NEG01500,80.58634729669706,7.65118772006103,454377.517274174,845758.3614153843,0
NEG01501,80.58970856075253,7.0652592685339375,454688.83600329596,780983.0167767039,0
NEG01502,80.42426092408655,6.925319913915842,436397.925145059,765531.7856184676,0
NEG01503,81.38277557619566,6.862559250463491,542290.5125844874,758572.1911491762,0
NEG01504,80.40875707602123,6.940563234820083,434687.25071156793,767219.0680398451,0
NEG01505,80.78858063860483,6.938491234126812,476645.4181935574,766954.499131739,0
NEG01506,80.34880870971466,6.791159561727579,428042.2346886695,750710.7368467047,0
NEG01507,80.82772603041909,7.5391293748215,480994.81084208045,833352.1958139179,0
NEG01508,81.00839615946178,7.231593198784765,500926.89969596977,799350.8264566503,0
NEG01509,80.27118589438452,6.77930807909687,419462.38132618985,749412.7206892866,0
NEG01510,80.31227372374752,6.930588500568946,424026.97414736735,766130.6971392998,0
NEG01511,80.76375025939545,7.1479725984046345,473914.20776759123,790113.4671254004,0
