landslide_id,longitude,latitude,area_m2,perimeter_m,min_lon,min_lat,max_lon,max_lat
LS_00001,80.42468905448914,7.7539520263671875,3110.0298185188904,285.1795047031341,80.41887420845543,7.748147590761671,80.43049782246398,7.75974113354245
LS_00002,80.51683883666992,7.710088729858398,4723.83769808872,320.8035505200199,80.51102853567767,7.704292712067415,80.52264853034659,7.715883865270182
LS_00003,80.51839870876736,7.711954116821289,3076.973495553184,297.9241079566788,80.51258857311878,7.706158406193898,80.5242085821102,7.717749521906811
LS_00004,80.52053302457792,7.713396087960643,2097.992242584234,176.6965140274656,80.51472300568346,7.707600521904921,80.5263430020723,7.719191585016726
LS_00005,80.88276280854878,7.63932991027832,4509.776772924542,338.4848719388774,80.8769584769458,7.633539096839881,80.88856696885364,7.645120728419026
LS_00006,80.74507126055266,7.611654281616211,3938.8451104332835,342.5034367827832,80.73926550964657,7.605861629740085,80.75087684722853,7.617446859443902
LS_00007,80.7443904876709,7.614654541015625,1408.9070832809548,160.36941700905055,80.73859041268378,7.6088562400125825,80.75020185102794,7.620441488252704
LS_00008,80.7440399169922,7.615312576293945,477.05814237202617,87.74941660552533,80.73823408709018,7.609519958002859,80.74984555313293,7.6211052157005295
LS_00009,80.74348866939545,7.6157379150390625,969.0207363614046,123.9266443186949,80.7376828426079,7.6099453099763945,80.7492943347757,7.621530582089188
LS_00010,80.74371645185683,7.616903305053711,2326.4595439097393,222.8535060457837,80.73791060976467,7.611110635460742,80.74952212844418,7.6226959021028735
LS_00011,80.74383745193481,7.618221282958984,3337.8768833296617,320.0736694350086,80.73803156788168,7.612428615159915,80.74964312009395,7.6240138791486745
LS_00012,80.68588409423828,7.615713119506836,1018.1827648939852,117.10840669896402,80.68007755310758,7.609910299272061,80.6916905320659,7.621497055756908
LS_00013,80.68632745742798,7.615650177001953,421.25584299020056,79.57928243078766,80.68052091776835,7.60985676707071,80.69213388382106,7.621443512145734
LS_00014,80.68494153022766,7.615566253662109,317.1841460074261,66.74020942918797,80.67913496087564,7.609772826483338,80.6907479602272,7.621359607081057
LS_00015,80.68754662770328,7.614140507224002,712.916812080675,104.7386635431991,80.68174010236544,7.6083471144661905,80.69335299476032,7.61993382740235
LS_00016,80.54627323150635,7.634593963623046,4108.176451356791,335.0086267025692,80.5404642808547,7.628798767187423,80.55208135591668,7.6403890922086894
LS_00017,80.53814959526062,7.671596527099609,3092.235132783225,281.1555939407458,80.5323403315982,7.66580120780919,80.54395867345455,7.677391777609365
LS_00018,80.44357872009277,7.611795425415039,2237.92845022072,194.9820485775335,80.43776897589679,7.6059986207022225,80.44938797058116,7.617591486434458
LS_00019,80.44066715240479,7.609737396240234,3043.1642277718365,303.1002548233624,80.43485757080991,7.603941078242346,80.4464765784025,7.61553401321208
LS_00020,80.43869334661395,7.600591861936891,3890.7259800007914,274.93000158020334,80.43288378121704,7.594795342258157,80.44450257382306,7.606388313051236
LS_00021,80.44738213134139,7.601108831136435,1051.866859695677,129.21020857288505,80.44157275459095,7.595312419174029,80.45319134656232,7.606905175636583
LS_00022,80.44636535644531,7.601203918457031,557.2323882662646,86.27425101817303,80.44055590749,7.595407646915358,80.45217452744541,7.6070004286943185
LS_00023,80.44389565785727,7.600603103637694,5556.5427666245905,577.4550323229881,80.43808741252663,7.594806641217036,80.44970607641115,7.606399483267379
LS_00024,80.44452085949126,7.619165420532227,13111.38127735673,563.148654666931,80.43871010577777,7.613370383883735,80.45032928998353,7.624963236660045
LS_00025,80.44469239758857,7.621555640685408,23693.050804619932,838.1874829621012,80.43888578987497,7.61575732105078,80.45050503868949,7.627350172824334
LS_00026,80.42071606562688,7.623752593994141,4364.9489006858685,400.6550193990852,80.41490636550091,7.617955655798106,80.42652627378365,7.629549105219634
LS_00027,80.41923522949219,7.622968673706055,4253.3407474827945,322.9312260585423,80.41342802386815,7.617156640106683,80.42504794565096,7.628750124921011
LS_00028,80.42002067868671,7.623325347900391,5089.950057232987,560.2356813788874,80.41421064040088,7.617528580706856,80.42583055355836,7.629122046710454
LS_00029,80.41924285888672,7.623945236206055,1124.0000902843092,141.25914940265216,80.41343280572893,7.618148313575244,80.42505275615227,7.629741799754282
LS_00030,80.4185360179228,7.624311447143555,638.1278869385266,108.28109709696923,80.41272593241158,7.618514764891682,80.42434591099648,7.630108269111903
LS_00031,80.41737079620361,7.619581222534181,2255.7434058561885,248.48286484365823,80.41156091788177,7.613784424996964,80.42318078817168,7.625377950938625
LS_00032,80.41519943086126,7.608426845055674,5213.755697728114,335.0192850943227,80.4093894984035,7.602629517570125,80.42100909922154,7.6142230803451625
LS_00033,80.41419879595438,7.606407165527344,592.1920517134698,102.7689180536367,80.40838847710478,7.6006029479462835,80.42000804399107,7.61219653235457
LS_00034,80.40617203712463,7.622467041015625,2553.331748815228,259.6035247639829,80.40036186941903,7.61667010452866,80.41198210081399,7.628263911595473
LS_00035,80.40518124898274,7.625118255615234,2952.3262929306848,290.55529252792934,80.39937086521967,7.619321303294227,80.41099119816488,7.630915138927787
LS_00036,80.404720723629,7.626487731933594,1818.5581479622322,259.7355108692758,80.39891049275326,7.6206906485112125,80.41053087689048,7.632284497633303
LS_00037,80.41618251800537,7.605379104614258,386.6912274790547,71.57751671336082,80.41037457095246,7.599570858727926,80.42199405885198,7.611164392580415
LS_00038,80.41586176554361,7.603116989135742,975.2513501495699,126.5982138288733,80.4100521770725,7.597320190153045,80.4216716078035,7.6089137285636745
LS_00039,80.41670735677084,7.601846694946289,413.22512696188323,89.38021519884563,80.41089745309203,7.596049900006185,80.42251682617486,7.60764341565607
LS_00040,80.41499582926431,7.601989746093751,4508.920320793782,343.9506714623173,80.40918007719227,7.596196748756851,80.4207994969665,7.607790306975725
LS_00041,80.41586235591343,7.593391418457031,3393.9779496065316,250.00329348262136,80.41005273175244,7.5875946223206645,80.42167188119902,7.599188146040311
LS_00042,80.41572427749634,7.592876434326172,2304.862599999431,205.97699723074393,80.40991452802935,7.587079640772909,80.42153366600292,7.598673167118641
LS_00043,80.40946578979492,7.599830627441406,751.1221112822783,106.55339383924914,80.40365603071203,7.594033912004704,80.4152755243141,7.60562760305501
LS_00044,80.40903568267822,7.59942626953125,935.7758209093284,122.93654912683999,80.40322563907452,7.593629165938615,80.41484513158235,7.605222866967933
LS_00045,80.41072750091553,7.599109649658203,1745.728672944651,165.31274926893738,80.40491807178788,7.593313156203465,80.41653751337451,7.6049068150685235
LS_00046,80.40971607632108,7.598752975463867,2437.8473033245828,239.0615305654155,80.40390630458262,7.592956407023384,80.41552576081708,7.604550090260606
LS_00047,80.36613898277282,7.533100128173828,8825.490864781968,416.27935227040996,80.36032996534553,7.527302770380761,80.3719485910423,7.5388974126787645
LS_00048,80.69516531626383,7.572872161865234,20826.73505719799,1288.989851756091,80.6893592422483,7.56707867618523,80.70097078679787,7.5786651714523945
LS_00049,80.69279766082764,7.599002838134766,13643.584438597189,810.4932112503216,80.68701742480914,7.593190228067021,80.69862975754326,7.604776797310298
LS_00050,80.68971235101873,7.599920272827148,5574.471469764628,459.7597595557203,80.68390594142411,7.594127049246269,80.69551838025713,7.605713698743353
LS_00051,80.6850905418396,7.598379135131836,3123.2544837417463,260.23613220167505,80.67928748343668,7.592579992634447,80.69089999757826,7.6041667595596065
LS_00052,80.68608899514919,7.599718638136778,4186.879825237159,275.79142115626036,80.68028261707474,7.593925230528418,80.69189514329392,7.605511972733512
LS_00053,80.68380387624106,7.598594665527344,5534.12459431493,361.09311457085505,80.67799755860398,7.592801229577175,80.68961011202913,7.604388029651408
LS_00054,80.68253803253174,7.597705841064453,537.41625694046,87.46829330436063,80.6767316743306,7.591912467611814,80.6883442353713,7.60349929957526
LS_00055,80.68118190765381,7.597265243530273,1963.6971785487208,204.58508371899293,80.6753753298212,7.591471781691379,80.68698791331929,7.60305864810547
LS_00056,80.67995691299438,7.5970916748046875,6156.120219147386,348.32654565534057,80.67415143961382,7.591298181266318,80.68576404963542,7.602885078888904
LS_00057,80.6759934425354,7.596155166625977,7037.994698869228,568.6513615500147,80.67018704415014,7.590361631656578,80.6817997295663,7.601948630097634
LS_00058,80.67845892906189,7.596996307373046,5197.520967807979,384.97376685554906,80.67265263788424,7.591203241235159,80.68426528367002,7.602790177136645
LS_00059,80.69453430175781,7.603395462036133,2367.363671319081,265.31598466993626,80.68872809994127,7.597602243716447,80.70034051199016,7.609188771466773
LS_00060,80.69374593098959,7.601938247680664,807.4014870917642,132.29458853925766,80.68793964504214,7.596144937243917,80.6995520366348,7.6077314844363215
LS_00061,80.70022220611573,7.593666076660156,1840.4640390989434,168.87725231161807,80.69441618587547,7.587872850791073,80.70602818008298,7.599459227550273
LS_00062,80.6991003036499,7.5944976806640625,6275.205898691573,472.7415135076208,80.69329414377233,7.588704589097098,80.70490619001323,7.600290995055142
LS_00063,80.7437105178833,7.574085235595703,9238.773474850694,734.7191046948858,80.73790530210108,7.568292491909461,80.74951563302335,7.5798777431226
LS_00064,80.77919705708823,7.530847549438477,736.0856175816145,118.39822769651,80.77339293314886,7.525055348565183,80.78500115961157,7.5366396741053165
LS_00065,80.7806386961991,7.527508853817034,4728.661532527828,348.6720640907093,80.77483456312017,7.521716672020514,80.78644266107213,7.533300959707525
LS_00066,80.78065518538156,7.512409210205078,33429.42859879057,1915.5106826201543,80.7748511202598,7.506617171772458,80.78645880502141,7.51820145541405
LS_00067,80.91312217712402,7.489765167236328,1095.9186239428768,169.79963916980935,80.90732027898065,7.483974698875578,80.91892392218706,7.495555559679227
LS_00068,80.9147720336914,7.491054534912109,1967.3053295477246,176.69488004998547,80.9089700988792,7.485264089202436,80.92057373353884,7.496844906759212
LS_00069,80.91348661695207,7.48741340637207,905.7417204174461,132.74482335623128,80.90768473736267,7.481622983670848,80.9192883081563,7.493203835509442
LS_00070,80.91273164749146,7.490695953369141,1066.0092507699683,149.02904319175752,80.90692970441083,7.484905479668031,80.9185333827103,7.496486350434478
LS_00071,80.90970053672791,7.489955902099609,448.60859406597945,82.52260877818578,80.90389859205608,7.484165389205162,80.91550232959818,7.49574633902399
LS_00072,80.89195823669434,7.445684432983398,2043.746735952529,208.14091613718685,80.8861565840951,7.439893617900384,80.8977595993829,7.451475035280177
LS_00073,80.8869047164917,7.443538665771484,2084.0520405902143,233.4543324364778,80.8811030799755,7.437747854611441,80.89270616860354,7.449329402615197
LS_00074,80.89434204101562,7.440731048583984,2543.5497674231597,246.900326824157,80.88854056679135,7.434940332144972,80.90014338842205,7.446521688754132
LS_00075,80.89508557319641,7.435579299926758,6620.687767911741,620.6181970829326,80.88928421259224,7.429788558349786,80.90088687780572,7.441369896572228
LS_00076,80.89619318644205,7.437519073486328,6310.726320365378,776.7084446212634,80.89039186257777,7.4317283805387655,80.90199455082269,7.443309689897483
LS_00077,80.90897769927979,7.436395645141602,1021.0501927078745,123.96859841759706,80.90317645360294,7.430605146636612,80.91477878137711,7.442186126218935
LS_00078,80.90019273757935,7.434110641479492,619.6098174229004,97.4645689258496,80.89439141198145,7.428320020739348,80.90599390617983,7.439901227508532
LS_00079,80.90069580078125,7.431867599487305,3735.251315282047,256.55083877335676,80.89489451406406,7.426076964888947,80.90649693561328,7.437658159071452
LS_00080,80.90055768830436,7.432464599609375,1201.591205344934,135.85349476960496,80.89475640140517,7.42667396346222,80.90635884239656,7.438255161102644
LS_00081,80.89869499206543,7.431730270385742,2164.4299356650795,186.69754170655742,80.89289368133551,7.425939660440501,80.9044961509151,7.437520906232686
LS_00082,80.89709490117892,7.430517196655273,6966.028925075151,641.7158647350315,80.89129359581135,7.424726536729695,80.90289607444313,7.436307823960782
LS_00083,80.89521402204296,7.429250417031353,4392.073969851588,433.86276186187376,80.88941275984041,7.423459762012364,80.90101525332473,7.435041097899525
LS_00084,80.89128398895264,7.430421829223633,24046.95015859575,1793.8143417160672,80.88548066077,7.4246307283555595,80.89708328685943,7.4362121653319235
LS_00085,80.88628092500005,7.433064346312587,5510.140234343687,652.0261048817649,80.88047943647493,7.427273526122767,80.89208226192977,7.438855091498894
LS_00086,80.88670744214738,7.417448043823242,2429.8926906532492,238.058742348378,80.88090612096248,7.411657230771262,80.89250851979764,7.423238787107014
LS_00087,80.88570022583008,7.417224884033203,858.5754941202755,106.17599009793541,80.87989894063432,7.41143405554439,80.89150135945113,7.42301563777575
LS_00088,80.89305567741394,7.414920806884766,1127.7898274693177,139.95399910379552,80.88725451305089,7.409130072835178,80.89885668133506,7.42071146640264
LS_00089,80.89321231842041,7.414026260375977,3186.9498552542727,314.4262353927448,80.88741117796522,7.408235550297193,80.89901331846448,7.419816939969294
LS_00090,80.89238535563152,7.415735244750977,4762.344584137989,500.665685479268,80.88658418832068,7.4099445277825,80.89818639549271,7.421525938459485
LS_00091,80.89365768432617,7.417593002319336,2019.642269934308,295.1068703454334,80.8878564875307,7.411802276446595,80.89945871128094,7.423383654147126
LS_00092,80.91912937164307,7.434469223022461,3589.043781957716,283.8480484524603,80.91332817264043,7.4286788962320704,80.92493018639637,7.440259613857201
LS_00093,80.86098204718695,7.478647232055664,59352.70705999245,3855.7410236399364,80.85517992869475,7.472856261015741,80.86678462780024,7.484438474777558
LS_00094,80.85299110412598,7.464570999145509,105026.38062108296,4976.2088704991975,80.84718945218495,7.458778787159464,80.85879397908089,7.47036120716913
LS_00095,80.85839097640093,7.462362289428711,2437.288108128453,270.2610629389287,80.85258874200677,7.456571145815902,80.86419307037,7.468153426905812
LS_00096,80.85012954436954,7.460865213193729,6094.70436966991,512.7808353386748,80.84432723868534,7.45507392955241,80.85593173976726,7.466656423192282
LS_00097,80.85174655914307,7.461568832397461,615.4916807456048,89.19731344965494,80.84594424876136,7.455777568780582,80.85754872709535,7.467360020842386
LS_00098,80.84632746621173,7.460684674601051,905.4530466711677,111.81691944727635,80.84052509750526,7.4548932988700605,80.8521296916374,7.466475890227244
LS_00099,80.84183101654052,7.452281951904297,4095.614423400046,452.4437944536414,80.8360298392302,7.446481025091005,80.84763432286262,7.458063731657873
LS_00100,80.84213471412659,7.453945159912109,4509.54568799355,431.9487761858586,80.83633237250713,7.44815377343625,80.84793689331899,7.459736472292784
LS_00101,80.84210395812988,7.454734802246094,679.048696853818,97.76514097194023,80.83630161053546,7.4489434152769025,80.84790615336266,7.460526114945962
LS_00102,80.83835124969482,7.445268630981445,4476.794534805167,482.99380847969803,80.8325489870169,7.439477219481616,80.84415337186964,7.451060015004265
LS_00103,80.87100960867745,7.44816780090332,1250.0113843951715,153.4399910989159,80.86520773942785,7.442376747737511,80.87681136192461,7.453958704715098
LS_00104,80.83584594726562,7.43964958190918,3690.8274253920276,426.7240967780598,80.830043722138,7.433858115216312,80.8416480203465,7.445440974598321
LS_00105,80.83740997314453,7.4352264404296875,1216.5010035432645,181.3466462745538,80.83160782745341,7.429434993881984,80.84321196687765,7.441017813036505
LS_00106,80.83849143981934,7.435941696166992,1659.0395601577325,224.5576707196864,80.83268918439673,7.430150206422242,80.84429331529834,7.4417329979519895
LS_00107,80.8332290649414,7.438783645629883,2474.255543907583,290.8876740191092,80.82742682833144,7.432992144826358,80.83903117034485,7.444575071091206
LS_00108,80.83897304534912,7.432107925415039,1528.2251940161177,165.50540949879203,80.83317103948508,7.426316565751294,80.84477505523424,7.437899344794372
LS_00109,80.83809051513671,7.431421279907227,807.2500059607754,105.08510750455376,80.83228843393319,7.425629842014448,80.84389245387717,7.437212643591493
LS_00110,80.83838019371032,7.432762145996094,710.4133686541484,99.70051983298136,80.83257810303405,7.426970712372328,80.84418215151001,7.438553506603744
LS_00111,80.84967676798502,7.429407119750977,1511.013803576186,171.09667441999213,80.84387487515008,7.423615829767059,80.85547854422732,7.435198334919677
LS_00112,80.85133965810141,7.42982292175293,7672.397447675518,623.0307948679408,80.84553780546987,7.424031711631327,80.85714144302612,7.435614174213507
LS_00113,80.89238529205322,7.420053482055664,20608.06974390765,985.9672452999478,80.88658401533354,7.414262739118479,80.89818633723337,7.425844149179262
LS_00114,80.89160950978598,7.421363830566406,3753.2696494281613,297.7838758408483,80.88580807584691,7.41557297651691,80.89741045256206,7.427154406345198
LS_00115,80.83946843147278,7.4313507080078125,564.4981050261157,99.05773106392635,80.83366636653533,7.425559287998494,80.84527034929657,7.437142054346136
LS_00116,80.83131384849548,7.430313110351562,535.4760369461866,88.31099560393358,80.82551169515192,7.424521586038086,80.83711585882646,7.4361045606865455
LS_00117,80.82170508458064,7.426992416381836,8858.636859996386,919.4388855050805,80.81590284785963,7.4212007699317795,80.82750716798724,7.432783989431595
LS_00118,80.82343888282776,7.421630859375,917.2418604100004,127.49756913410899,80.81763672981194,7.415839280018666,80.82924086177673,7.427422454799337
LS_00119,80.82350985209148,7.42022705078125,195.1830075075453,54.697357965139425,80.8177077408818,7.414435427850964,80.82931183337773,7.426018600686548
LS_00120,80.82360903422037,7.42103385925293,262.3737871801735,66.09430735072738,80.81780689876334,7.415242237531697,80.8294110103694,7.42682540791947
LS_00121,80.8205955505371,7.421651840209961,633.7438406145617,98.93233892171958,80.81479339037222,7.415860179424276,80.82639759545266,7.4274434266299725
LS_00122,80.82183694839478,7.421503067016602,333.64756896314157,75.81801605029615,80.81603479498014,7.415711422678554,80.82763896439509,7.427294638252564
LS_00123,80.81553592681885,7.430473327636719,1513.9444702461105,145.81497649581775,80.80973357358836,7.42468160214334,80.8213381447496,7.436264979254514
LS_00124,80.8151741027832,7.429710388183594,498.37679329192156,81.3160555563736,80.80937174692383,7.4239186583380175,80.82097630680781,7.43550204457226
LS_00125,80.83794927597046,7.443990707397461,1891.6372195872516,168.06809840509558,80.83214701176523,7.438199267323018,80.84375137260861,7.449782073083473
LS_00126,80.82098020826066,7.44398307800293,4116.113618458342,419.4495467948185,80.81517770015601,7.438191381224938,80.82678249560182,7.449774620985811
LS_00127,80.82714410261674,7.439569473266602,3381.42815951137,403.3988070977908,80.82134177619899,7.43377793539084,80.83294629515578,7.445361017254836
LS_00128,80.82767105102539,7.438728332519531,1018.3000805842072,145.66802454418286,80.82186874070162,7.432936725865212,80.83347322356029,7.444519794195558
LS_00129,80.82787680625916,7.439308166503906,673.1263170567885,160.53085012303825,80.82207448433999,7.433516597931126,80.83367897751525,7.44509966105105
LS_00130,80.82307179768881,7.443159103393555,568.4782726034584,93.35868680636123,80.81726935359397,7.437367473903143,80.82887407333024,7.4489506601441535
LS_00131,80.82636404478991,7.439842224121094,1596.6316321244326,233.04717594858147,80.82056170049977,7.4340506368733985,80.83216624675576,7.445633738692109
LS_00132,80.83620823871976,7.444562970103441,3266.4778757492045,270.62137337541407,80.83040561475532,7.438771508679991,80.84201003563898,7.450354359053993
LS_00133,80.87221723132663,7.4441986083984375,1472.7968235032708,158.74392957046894,80.86641541376692,7.4384076079370995,80.87801889897727,7.449989534127644
LS_00134,80.85150194168091,7.498687744140625,3785.6479662000834,371.56862003194095,80.84569867020763,7.492896724375664,80.85730415482386,7.504479182562511
LS_00135,80.77836537361145,7.498706817626953,3411.4413910575654,565.6824862133286,80.77256177232121,7.4929146102669915,80.7841691419241,7.504498949192932
LS_00136,80.77007443988401,7.51145599888367,820.1024279551702,124.8453105367023,80.76427040678884,7.505663685109133,80.77587833713534,7.5172482395927975
LS_00137,80.77227187156677,7.511421203613281,421.9701783789844,110.52856577708404,80.766467861589,7.505628917661279,80.77807573460615,7.517213415870871
LS_00138,80.76943039894104,7.5087127685546875,13554.335136098984,1306.070998122996,80.76362569191929,7.502915926007597,80.77523356367898,7.514500496227106
LS_00139,80.77323460578918,7.5059967041015625,811.7367636775899,125.94439614936334,80.76742566238966,7.500198709239423,80.77903336246466,7.511783181472669
LS_00140,80.76545333862305,7.51057243347168,882.2796608555442,110.29820470951753,80.75964923118502,7.504780133918011,80.7712572558665,7.5163648064091895
LS_00141,80.76448707580566,7.511203765869141,2330.468384075209,189.66249016362903,80.7586830128329,7.505411381013711,80.77029107955127,7.516996078407554
LS_00142,80.76899754559552,7.507892608642578,2843.418300401384,441.64652051821616,80.7631935435347,7.50210028163372,80.7748014040786,7.513684862681553
LS_00143,80.76776885986328,7.505893707275391,1645.9272223793087,235.48879628065356,80.7619649062153,7.500101423160442,80.7735727436158,7.511686035068332
LS_00144,80.77328033447266,7.491491317749023,4721.750459246899,365.5645763119601,80.76747686753777,7.485699049742792,80.77908417067093,7.4972835167939325
LS_00145,80.77153205871582,7.491281509399414,4801.538439475222,417.6621310075269,80.76572851959435,7.485489216826765,80.77733586174625,7.497073728471668
LS_00146,80.76694808006286,7.489015579223633,20761.349874908425,1680.9902029051943,80.76114434564401,7.483223227424261,80.77275174324006,7.49480785543322
LS_00147,80.78120625019073,7.490234375000001,3220.4338964901017,304.19395503624617,80.77540225178832,7.484442413778246,80.78700931776007,7.49602667798485
LS_00148,80.77992343902588,7.49058723449707,1250.61525838488,155.0832625915271,80.77411990877181,7.484794948796135,80.78572701718994,7.496379245870263
LS_00149,80.77733418391301,7.49110221862793,2958.094753614786,303.0366796421263,80.77153053433413,7.48531000322983,80.78313772309396,7.4968943666137395
LS_00150,80.77605605125427,7.491539001464844,1349.032933494697,165.8781121168464,80.77025230840758,7.485746767672691,80.78185954179581,7.497331163831653
LS_00151,80.76909514735726,7.4776458740234375,5871.912905037885,455.0945565652696,80.76329154643285,7.4718535518719005,80.77489857937665,7.483438121880789
LS_00152,80.80588376522064,7.433174133300781,8606.462247582775,610.8131359687255,80.8000812306615,7.4273822854091325,80.81168612076029,7.438965908712249
LS_00153,80.78423595428467,7.452409744262695,1699.105987725889,154.52199992511896,80.77843291271404,7.446617618339831,80.79003887421709,7.458201796324307
LS_00154,80.78431153297424,7.455108642578125,1385.1749501470963,152.74136923796382,80.77850845060202,7.44931651782956,80.7901144832725,7.460900694517117
LS_00155,80.78216738700867,7.454723358154297,703.993062827371,101.0535368482309,80.77636429784725,7.448931206996064,80.78797037475113,7.460515438160976
LS_00156,80.78462546212333,7.464885711669922,2263.074425561714,185.02602554285113,80.77882220984401,7.459093480583737,80.7904284995086,7.47067765153415
LS_00157,80.72620902341956,7.44239616394043,12061.588840511467,859.7668851251927,80.72040533581546,7.436603240785883,80.73201249754852,7.448188884913095
LS_00158,80.72729110717773,7.4413299560546875,7464.543805853672,742.1025209289775,80.72148747845858,7.43553711198287,80.73309458382101,7.447122728374012
LS_00159,80.72392904758453,7.4403228759765625,9894.646030351814,673.1437317331382,80.71812836963953,7.434524679364884,80.72973553221188,7.446110379948047
LS_00160,80.71707057952881,7.4309844970703125,5164.181389391329,560.1784006241602,80.71126743688832,7.425191723266057,80.7228745181315,7.436777592211123
LS_00161,80.69024227777189,7.430409536080946,4160.38778375892,353.00962425291806,80.68443849084431,7.424616230668823,80.69604623055814,7.436202772250288
LS_00162,80.66989469528198,7.427600860595703,2708.971544827549,231.31728808285322,80.66409080809956,7.421807062892259,80.67569898042169,7.433394111336632
LS_00163,80.68126410885012,7.491811994877983,5386.552132787348,384.9102880420728,80.67546129384637,7.486019097729236,80.68707094568558,7.497605900210891
LS_00164,80.69480119432723,7.474632263183594,3222.6307754564095,391.5022822304594,80.68899664190693,7.468838921099047,80.70060547882822,7.480425372622043
LS_00165,80.70904731750488,7.444787979125977,4422.3815455303165,390.1236808153754,80.70325849816251,7.438987273001367,80.71486615745515,7.450573349945367
LS_00166,80.70950984954834,7.4463653564453125,2230.264928971939,230.88777075327516,80.70370592779771,7.440572351902108,80.71531361911876,7.452158418375122
LS_00167,80.86548059732404,7.406361877453757,2212.9474288144506,237.67645117105408,80.85967918822297,7.400570822273024,80.87128183712531,7.412152923592337
LS_00168,80.86381936073303,7.405738830566406,1460.1415141689213,185.5012293222139,80.85801786799088,7.399947722905662,80.86962054285681,7.411529866730146
LS_00169,80.86922264099121,7.409107208251953,14536.333708802267,1013.2370438038633,80.86342822826582,7.403312443874338,80.87503085406391,7.4148944491281465
LS_00170,80.86553730684167,7.41473388671875,32991.34552786307,1756.5683871866454,80.85973565174646,7.408942874113883,80.87133852220263,7.4205249735762
LS_00171,80.82477922439575,7.414205551147461,2265.182635570915,234.2448560814775,80.81897715149911,7.4084139435890455,80.83058105018978,7.419997083529888
LS_00172,80.81963777542114,7.413911819458008,1713.445659116889,167.4319042305383,80.81383570327645,7.4081201476785905,80.82543972515393,7.419703418414853
LS_00173,80.81614685058594,7.412872314453125,1903.04493844547,288.78704922547394,80.81034466399304,7.407080606754168,80.82194874692266,7.418663966137429
LS_00174,80.83897334460134,7.412430096497678,1996.911953398313,244.71226805781637,80.83317168769703,7.406638672041141,80.84477517658433,7.418221450227094
LS_00175,80.83423578739166,7.410680770874023,3066.716644753876,389.72810903696285,80.8284339380928,7.404889248258483,80.84003750116645,7.416472147107812
LS_00176,80.90801544189453,7.3940887451171875,34567.78960318646,962.1455213436068,80.90221479030288,7.388298201312045,80.91381602174307,7.399879214118845
LS_00177,80.90910509358281,7.396205902099609,4109.773200523495,365.67742129438625,80.90330439081134,7.39041534396329,80.91490565016504,7.401996328362204
LS_00178,80.91045431657271,7.397125244140625,1447.3826729682276,156.34116976629034,80.90465363974033,7.391334763754409,80.91625488866207,7.402915713297147
LS_00179,80.9108744245587,7.410135269165039,15062.081719324698,922.3470265948514,80.90507356242303,7.404344763748597,80.91667514464396,7.415925699801208
LS_00180,80.9009937286377,7.401723861694336,3711.622759400217,371.6522886569523,80.89519284313253,7.395933228455931,80.9067944571807,7.407514420182989
LS_00181,80.9322772026062,7.392112731933594,1432.0410066577633,232.10034210581563,80.92647684588701,7.386322499779447,80.9380774001016,7.397902889045187
LS_00182,80.92987555847432,7.388772773742038,2319.2179649691793,177.71323455101498,80.9240752198474,7.382982510063998,80.93567574806886,7.39456296209532
LS_00183,80.93309251550122,7.390185411805724,1828.9239310906078,202.0960179327551,80.92729215626831,7.384395156586987,80.93889263870527,7.395975525397454
LS_00184,80.28737020492554,7.248645782470703,6113.404270028375,323.3531328551963,80.28156383099764,7.242847764660227,80.29317621711792,7.254443743880988
LS_00185,80.93074617385864,7.174673080444336,5565.246513059348,556.3076878673999,80.92494862974145,7.168882800076548,80.93654358239075,7.18046328709748
LS_00186,80.93814341227213,7.159914016723633,4378.215805639612,375.6120255885435,80.93234612360311,7.154123803023762,80.94394051474049,7.165704109285575
LS_00187,80.93607342243195,7.161266326904297,4127.227708649201,340.79985014153533,80.93027616026008,7.155476134919534,80.94187063759227,7.167056492479841
LS_00188,80.91492342948914,7.148944854736328,2759.109552119646,249.1995664642022,80.90912600681298,7.143154374958307,80.920720697396,7.154735262264838
LS_00189,80.67240357398987,7.19975471496582,28742.61256412132,1277.6537243378316,80.66660256345132,7.193961140229316,80.67820452746169,7.20554798179792
LS_00190,80.70130920410156,7.199590682983398,1834.5160522311453,200.2693081138481,80.69550850119808,7.1937976537925055,80.70710976000295,7.205383795315089
LS_00191,80.69054705756051,7.19647216796875,5900.553850294852,428.85326479558574,80.68474091221971,7.190671303652797,80.69634234963573,7.202257704447496
LS_00192,80.69132137298584,7.164762496948242,5693.135844822345,505.41582262089685,80.68552060135403,7.158969226481985,80.69712118222542,7.170555590128413
LS_00193,80.69278073310852,7.164192199707031,1136.2482104188232,148.5256011838425,80.68698050424766,7.158399147706538,80.69858103484918,7.16998547582696
LS_00194,80.55114100679236,7.173165147519005,4884.885873874152,353.17329702151204,80.54533841654802,7.167370255119453,80.55694257204472,7.178959972405073
LS_00195,80.54925513267517,7.172809600830078,2438.0753222307653,215.32599912402108,80.54345329278236,7.16701468955867,80.55505748332823,7.178604451020204
LS_00196,80.54784028264723,7.1727999249341,1797.1927907276902,168.5214125578199,80.5420381207278,7.1670049950837145,80.55364234449455,7.178594789974421
LS_00197,80.54301261901855,7.177806854248047,17116.189967777795,1068.2652125661007,80.53720840189052,7.172019493822992,80.54881287491234,7.183609408276078
LS_00198,80.53609861892403,7.156886048430971,2346.1650956385233,180.69165001456648,80.53029653430292,7.151090987927453,80.54190060723312,7.162681042160521
LS_00199,80.52847862243652,7.153770446777344,1569.652729565972,160.19574641840492,80.5226765568101,7.147975297726636,80.53428072530808,7.159565527574428
LS_00200,80.52674751281738,7.153957366943359,641.7875651725375,101.76684155175087,80.5209454568989,7.148162204111031,80.53254967113678,7.159752474835214
LS_00201,80.51382662190332,7.145130157470703,2895.3034541398383,216.0112801191792,80.50802443432595,7.139334844001709,80.51962871428347,7.150925407304549
LS_00202,80.50492858886719,7.147193908691406,1431.3067271821274,173.3394003748453,80.49912615328545,7.141398616526217,80.51073069729195,7.152989390529644
LS_00203,80.50412864685059,7.1461944580078125,3254.3097247679557,236.55418078831875,80.49832646984689,7.14039943996493,80.50993100563252,7.151990231435134
LS_00204,80.479847240448,7.145071029663086,10502.087288485534,646.3409717281569,80.47404465157283,7.139275319969198,80.48564972425626,7.150866676580207
LS_00205,80.42663073539734,7.138916015625,1900.2598606895049,201.1030168497425,80.42082794227247,7.133119687921598,80.4324340831454,7.144712269557656
LS_00206,80.42559432983398,7.139028549194336,1783.4590351582817,191.51034017767248,80.41979117303299,7.133232215140436,80.43139734092092,7.144824820870453
LS_00207,80.42929792404175,7.1382598876953125,6748.174802787509,569.91594153708,80.42349485260715,7.132463532690755,80.4351009140006,7.144056051786895
LS_00208,80.4378964250738,7.1448822021484375,1764.5106105286352,181.95202363675983,80.4320932468823,7.139086002929683,80.44369928942787,7.1506783331088535
LS_00209,80.43693072979266,7.139959335327148,4415.054094491197,407.72108735579053,80.43112749361617,7.1341633651199965,80.44273342469539,7.145755710412554
LS_00210,80.39598970155458,7.117237091064453,5269.935793898435,451.6800206504815,80.39018648245012,7.111440296457155,80.40179273816912,7.123033548580595
LS_00211,80.41932845115662,7.124977111816406,5008.4837043715115,292.933723010387,80.41352552342555,7.11918071388887,80.42513145360726,7.130773442607575
LS_00212,80.43184208869934,7.122856140136719,2213.9619446639913,234.52835699197954,80.4260391914899,7.117059760481001,80.4376447756511,7.128652197915649
LS_00213,80.42759919166565,7.121246337890625,5110.037370648767,434.05148170574876,80.42178825142835,7.115438827274367,80.43339388960662,7.127031360181599
LS_00214,80.42624640464783,7.123546600341797,2654.357716031961,261.4062740316862,80.42044350969562,7.117750460400078,80.43204924162968,7.129343027744252
LS_00215,80.41905001231602,7.105777740478516,1290.679246858654,157.5764326711164,80.4132519852136,7.099973728277602,80.42485740015584,7.1115664338353035
LS_00216,80.41940970420838,7.101345062255859,1688.5580575069898,180.82746520902234,80.41360701855113,7.09554868479897,80.42521230538085,7.107141375429942
LS_00217,80.423348903656,7.098064422607422,4705.230523191475,380.5733232489191,80.41754612532294,7.092267924971143,80.42915123289183,7.103860520303177
LS_00218,80.4245921997797,7.078104019165039,2250.5994664879227,239.60514821730206,80.41878979158426,7.072307556291805,80.43039433098255,7.083900092851054
LS_00219,80.4324813570295,7.082193374633789,1896.3982888530074,183.38607964216743,80.42667890513044,7.076396959457914,80.43828337422813,7.08798932167036
LS_00220,80.44757095972696,7.089103698730469,3195.9562118691624,251.71080031228632,80.4417691283152,7.083308129159999,80.45337343729645,7.094900155327116
LS_00221,80.43952751159668,7.098320007324219,1789.1119285987154,177.62004449417842,80.4337251346943,7.0925238618127535,80.44532987743705,7.1041160861835895
LS_00222,80.41703677177429,7.125190734863281,2556.7383941338126,216.60673011932244,80.41123368265876,7.119394313835006,80.4228396714197,7.130987095592074
LS_00223,80.52363699952329,7.124127717746056,3631.784728370258,258.1385143443193,80.5178351769813,7.118332349567416,80.52943866287879,7.129922658546323
LS_00224,80.52145712716239,7.129243850708008,2111.6361636505353,242.09880965533034,80.51565524027738,7.1234486330985165,80.52725891444457,7.1350389990235135
LS_00225,80.47136624042804,7.116508483886719,5259.061000212142,378.7668401033984,80.46556394888206,7.110712696099412,80.47716844730957,7.122304211543538
LS_00226,80.464106798172,7.065547943115234,1982.348077297072,172.5865265959533,80.45830530892519,7.059751797885924,80.46990860443056,7.07134341112932
LS_00227,80.61561479287988,7.072349548339844,4945.152766620633,381.0306631482969,80.60981473895201,7.0665554644290856,80.62141469117805,7.078143564913913
LS_00228,80.60727569811985,7.068286074716626,4167.421800944723,237.47575932305642,80.60147352277717,7.062497880742005,80.61307356443484,7.074086173693682
LS_00229,80.61189142862955,7.0689239501953125,2003.926906203189,171.74939226267637,80.60609135821439,7.063129614229393,80.61769130794526,7.0747177992963675
LS_00230,80.60960003425336,7.06901741027832,6812.146544884345,710.3313489431908,80.60379992379423,7.063223194099576,80.61539992986101,7.0748114330666505
LS_00231,80.60839176177979,7.070283889770508,1037.5379396014296,116.17090362443398,80.60259163810673,7.0644897236362185,80.61419170590317,7.07607799208234
LS_00232,80.59076900482178,7.075588226318359,3606.0412896695248,377.3394751005744,80.58496842673713,7.069793687814655,80.59656904822806,7.08138237452295
LS_00233,80.62550163269043,7.065557479858398,2202.471780984655,206.73041169575012,80.61970179009158,7.0597635158702285,80.63130133109748,7.071351378144063
LS_00234,80.62716593704218,7.065400073795743,1300.2493481456452,159.38622172269697,80.62136615132698,7.059606214716313,80.63296564900314,7.071194037699668
LS_00235,80.71444830336678,7.138773549369386,2764.121033033972,243.7044460040461,80.70864858899803,7.132980619621772,80.72024792882584,7.144566411813519
LS_00236,80.70709228515625,7.147243499755859,2036.9488035592615,401.80645526746514,80.7012923764615,7.141450504172949,80.71289211584848,7.153036477986477
LS_00237,80.69982957839966,7.152761459350586,4134.515065424133,275.00170531245556,80.69402959611887,7.1469683487616855,80.7056296556928,7.158554500564752
LS_00238,80.70083713531494,7.156122207641602,3540.7739408138345,281.39728027486274,80.69503965079306,7.150325294236938,80.70663977426234,7.161911423527838
LS_00239,80.6990234375,7.156047821044922,5449.0887545835485,490.38816794788164,80.69322316687504,7.15025489191491,80.70482333233906,7.161841064960288
LS_00240,80.70384898400816,7.151398160708194,5861.286876989531,516.0346433533506,80.6980487786166,7.145604958904116,80.7096487053733,7.15719101310088
LS_00241,80.70510843717135,7.151033401489259,2712.802649533594,276.432785296797,80.6993084167138,7.145240355406274,80.71090830348894,7.1568263790418705
LS_00242,80.70374181535509,7.149614334106445,1668.18631403499,313.3695320420634,80.69794186526396,7.143821308148138,80.70954174774651,7.155407363968159
LS_00243,80.71369682658803,7.14781379699707,3856.738949981142,233.7011046211876,80.70789682735877,7.142020619342471,80.71949642223858,7.1536064341753445
LS_00244,80.70741415023804,7.125612258911133,5980.033837354093,426.1527760082474,80.70161448207455,7.119819247225892,80.71321364684523,7.131405201962075
LS_00245,80.73769844902887,7.135631561279297,3624.6599647605094,394.12655240411357,80.73189903366271,7.129838911491744,80.74349772954002,7.141424141084733
LS_00246,80.73788399166531,7.137031555175781,1035.4995568757374,190.5269744439546,80.73208455675619,7.131238907624268,80.74368328467828,7.14282413331584
LS_00247,80.75073733329774,7.1388397216796875,12354.333560175879,597.2035502666006,80.74493810268869,7.133047228136812,80.75653656631067,7.144632143448296
LS_00248,80.79019769032797,7.089784622192383,1408.566433755455,200.28096139372184,80.78439934925342,7.0839925187137744,80.79599558577841,7.095576463635944
LS_00249,80.78964595335816,7.0900050739597225,1840.196391015173,213.480658969633,80.78384782719415,7.084213059046534,80.79544408275586,7.095797017366149
LS_00250,81.06787495386033,7.009748458862305,32743.74731085491,1496.8088478422583,81.0620799654191,7.003957992783444,81.0736707198975,7.015538488195626
LS_00251,80.9935827255249,6.965194702148437,6305.913491409399,417.63940192519544,80.98780287448886,6.959401354561916,80.99939102139942,6.970980362856399
LS_00252,80.99283027648926,6.964424133300781,2109.822728260234,235.51728980176154,80.98703327074755,6.9586517477194505,80.9986214180976,6.970230775203158
LS_00253,80.99533544267928,7.03422737121582,3983.53430751405,378.8046891250001,80.98954046933092,7.02843786982951,81.00113030591285,7.0400168027882115
LS_00254,80.97916825612387,7.0076141357421875,6135.677165701603,512.6975230101147,80.97337347453795,7.0018244276241015,80.98496302231197,7.013403771123142
LS_00255,80.98092889785767,7.007972717285156,4392.762360073491,399.92422618485494,80.97513407059154,7.002183030987207,80.98672358392591,7.013762331051438
LS_00256,80.9781092779977,7.00929069519043,2958.9126703396196,325.809957296308,80.97230027719941,7.003483815345149,80.98388989249321,7.015063184533223
LS_00257,81.05954005501488,7.050420761108398,3177.1827059022007,298.1991159317059,81.05374437142035,7.044630585691333,81.06533593850354,7.056210865843159
LS_00258,81.06703262329101,7.060201644897461,5464.798063017018,422.0571799402138,81.06123593411039,7.054394211893886,81.07282793068275,7.06597467365439
LS_00259,81.05754566192627,7.075288772583008,3944.5555772105126,277.7263813159632,81.05174961717134,7.069498578806708,81.06334175940682,7.081078802591165
LS_00260,81.05173842112222,7.054174423217773,6563.238199979024,547.5461676789837,81.0459427606377,7.04838434366623,81.05753422956266,7.0599644306631175
LS_00261,81.0472526550293,7.05131721496582,2786.324203265957,242.1483428509127,81.04145708360069,7.045527190119131,81.05304837036223,7.0571071675171595
LS_00262,81.04843457539877,7.051763534545898,5334.3108863298,609.0555991808075,81.04263898702307,7.045973485583343,81.05423031410442,7.057553491956728
LS_00263,80.44676166110568,6.802791595458984,3046.9277609888923,305.85569007044035,80.44096319814253,6.796995682774614,80.45255995511515,6.808587312618882
LS_00264,80.99686209360758,6.789178848266602,15111.345978823916,977.3035537328999,80.99107012429563,6.783389308489954,81.00265398829198,6.79496831982179
LS_00265,81.05764166514078,6.948253631591797,4176.16663420097,347.8785092270528,81.05184726857127,6.9424634894658155,81.06343624764658,6.95404375246965
LS_00266,80.67102420691288,7.045965194702148,3973.1735452569606,298.66091135616995,80.66522512625328,7.040171877374558,80.67682308122225,7.051758652061333
LS_00267,80.67053127288818,7.047204971313477,1496.6654145718987,153.24474507150987,80.66473697959034,7.041403915193889,80.67633497814657,7.052990702221851
LS_00268,80.68108654022217,7.0383453369140625,2711.2407201647807,299.09252474535424,80.67528790867858,7.0325520361362654,80.68688542775654,7.0441385682148105
LS_00269,80.6893478694715,7.034336090087891,1211.8049771232315,168.1937900691733,80.68353699048133,7.0285238885769825,80.69513420997114,7.040110223220364
LS_00270,80.70312495231629,7.0247344970703125,3285.3720189306823,311.0324507797477,80.69732843709009,7.018934213436992,80.70892508210264,7.0305202164116505
LS_00271,80.70206546783447,7.030473709106445,970.3556688999756,157.61033948686946,80.69626698681559,7.0246806145258605,80.70786380539236,7.03626664577035
LS_00272,80.70145057229435,7.03411865234375,1575.0504060029207,186.77761785578545,80.6956519553796,7.028325502642191,80.70724888274809,7.039911550457339
LS_00273,80.70461511611938,7.02998161315918,7880.732996952515,525.7366827963591,80.69881669174964,7.024188594734632,80.71041343718015,7.035774565332959
LS_00274,80.70429207728459,7.030485153198242,2879.795619962288,409.53975867266263,80.6984936280302,7.024692154372899,80.71009039412688,7.036278132895186
LS_00275,80.72123399902793,7.043214797973633,14304.92228569102,581.5339528509149,80.71543564211562,7.037421969987849,80.7270323344242,7.049007552866039
LS_00276,80.7797248840332,7.030645370483398,6306.034765022364,491.88202790199733,80.77392093952913,7.02484588797625,80.78551591128272,7.036430069963403
LS_00277,80.77864360809326,7.02978515625,6975.418397504763,466.0850976480842,80.77284611942417,7.023993018703669,80.78444109513998,7.035577226194198
LS_00278,80.78898499806722,7.0239105224609375,3462.651358006964,303.1799533162466,80.78318768290465,7.018118509423363,80.79478226064799,7.029702467640049
LS_00279,80.78911117271142,7.024747848510742,3494.803834225402,278.3886721445261,80.78331385718788,7.0189558371634995,80.79490845326396,7.030539792561909
LS_00280,80.78927112568111,7.025424207820732,5713.4444016354355,303.2368598774032,80.78347365728398,7.019632195304967,80.79506826678107,7.03121614703892
LS_00281,80.84100246429443,6.995012283325195,2402.7904198623614,212.39291272200185,80.83520612338648,6.989220851338832,80.84679871841686,7.000803556393456
LS_00282,80.8400965643104,6.9959060578441115,3145.1412542754983,225.24843426485558,80.8343001420235,6.990114737382328,80.84589278140304,7.00169746428221
LS_00283,80.83963203430176,6.994529724121094,439.4963579400297,75.78186420573294,80.83383565502444,6.988738320436116,80.84542827086406,7.000321058407908
LS_00284,80.83908786773682,6.994228363037109,622.4203770061897,91.30019476472476,80.83329148191126,6.988436952635808,80.8448841032421,7.00001970366698
LS_00285,80.85539240292965,6.9795288052968125,2032.4577080356669,170.81670279666557,80.84959638458061,6.973737590993314,80.8611882436809,6.985319949407133
LS_00286,80.95849990844727,7.031469345092774,1424.4449593580816,192.79390054532357,80.95270450228254,7.025679387925153,80.96429515153626,7.037259230438928
LS_00287,80.96535046895346,7.036741256713867,25138.6129884807,1111.0698356812402,80.9595551443176,7.0309513895301405,80.97114575622862,7.0425310615339125
LS_00288,80.96323299407959,7.027482986450195,1167.7257797644397,132.50830482293344,80.95743770344146,7.021693086660197,80.96902813686073,7.03327281419404
LS_00289,80.96745332082114,7.028554916381836,3285.6144258493196,332.8684499541817,80.9616580258326,7.022765034893267,80.9732483820077,7.034344658195263
LS_00290,80.96472644805908,7.021625518798828,3705.4977448354934,350.2245712922326,80.95892664988855,7.01582991427395,80.97051690074625,7.027409607351573
LS_00291,80.96582055091858,7.006145477294922,3363.0576944163063,326.34330095148965,80.96003363256261,7.000359379495198,80.9716234718594,7.011939051127719
LS_00292,80.95984363555908,7.001970291137695,3036.0718415923766,266.4947477467386,80.95404862112858,6.9961803453483835,80.96563850353687,7.007760165186561
LS_00293,80.95980893241034,7.005023956298828,1918.7317505648498,182.55876611120607,80.95401388206146,6.999234022297562,80.9656038411328,7.010813841915157
LS_00294,80.98538335164389,7.002353668212891,1319.1681394408783,140.79412313261983,80.97958864543604,6.996564035516176,80.99117791008507,7.008143228489766
LS_00295,81.04488547643027,7.065513610839844,1272.1821781099616,188.3111686627651,81.03908975077692,7.059723617855046,81.0506813346471,7.071303532117808
LS_00296,81.09550204643836,7.142978668212891,5991.575328045015,635.8521978930198,81.08970468473832,7.1371880196017115,81.10129948211429,7.148769166757472
LS_00297,81.17777114055312,7.106709150278085,12725.260789483566,1145.6172272837744,81.17197326323826,7.100917530669923,81.18356915629614,7.11250070079173
LS_00298,81.16687997182211,7.1037445068359375,2305.784254241543,228.70367925840856,81.16109421552633,7.097941695196216,81.17268976663041,7.109524599719498
LS_00299,81.17133013407388,7.105926513671875,58361.44467702252,2186.7132239515145,81.16553249454601,7.100134972778462,81.17712821030388,7.1117179857797845
LS_00300,81.17259502410889,7.113002777099609,1615.9724026638842,226.24353063773083,81.1667971708573,7.107211219982371,81.17839309921882,7.118794264575676
LS_00301,81.16683053970337,7.111457824707031,1833.6724111477145,251.80096526958508,81.16103262484177,7.105666275699992,81.17262837260617,7.117249179382292
LS_00302,81.16695050092844,7.110637664794922,1159.181457528995,210.8662971802377,81.16115270939406,7.104846176174502,81.1727484390457,7.116429082719602
LS_00303,81.15609302837164,7.121433816020568,4910.669495845191,494.8861112739382,81.15029520022549,7.115642429530638,81.16189094107906,7.127225071205517
LS_00304,81.15374612808228,7.12211799621582,43472.4179499842,1184.916665726224,81.14794962608511,7.116322854661499,81.15954532685673,7.127905438887883
LS_00305,81.168150583903,7.098499298095703,5666.91093025072,610.550730122744,81.16235267788707,7.092708074856806,81.17394812556363,7.104291009607745
LS_00306,81.16814147101508,7.099699020385742,3021.260820060653,227.261037420811,81.16234381577118,7.093907620549883,81.17393929397308,7.105490555193778
LS_00307,81.16786117553711,7.10045051574707,3912.311257334916,287.41794457981035,81.1620633978431,7.094658941773913,81.17365888845715,7.1062418696483896
LS_00308,81.1630564265781,7.098564147949219,6930.837375463319,605.7658132001384,81.15725876437443,7.092772798345275,81.16885408935555,7.1043556088838455
LS_00309,81.16312370300292,7.097232818603516,3135.6775756660636,248.48879215059316,81.15732603641572,7.091441376381705,81.16892132894797,7.103024188463646
LS_00310,81.16514366013664,7.091743469238281,1356.7697263979562,202.66306702941094,81.15934613347748,7.08595200373208,81.17094133479605,7.0975348646335545
LS_00311,81.16569805145264,7.094213485717774,1080.9690788084058,151.63968243796322,81.15990054910515,7.088422077554066,81.1714958271713,7.1000049521667945
LS_00312,81.16763553619384,7.090301513671875,3110.854322258818,410.7475213030659,81.16183800939062,7.084510038234228,81.17343323456464,7.096092959705945
LS_00313,81.17087278344458,7.089874826782822,2492.5983838092575,228.55994354006629,81.16507519114087,7.084083291307081,81.17667048427795,7.095666291540803
LS_00314,81.17913627624512,7.086830139160156,1631.3406933179376,166.71127881227616,81.17333864041586,7.081038503773612,81.18493405671947,7.092621704593474
LS_00315,81.17915855754507,7.08833122253418,2165.343128811821,257.32215946952414,81.17336090355451,7.0825395575800005,81.18495635886441,7.094122759136231
LS_00316,81.16983464558919,7.086599349975586,1415.231312447058,170.0333643820554,81.16403708353204,7.080807828190835,81.17563226754262,7.09239080283925
LS_00317,81.16914701461792,7.086559295654297,684.2993767292124,95.60908924874897,81.16334951735011,7.080767781092973,81.17494468358977,7.092350739009123
LS_00318,81.16965103149414,7.087240219116211,2634.335907684468,212.9761474626257,81.163853566389,7.081448699682895,81.1754487623293,7.09303166992867
LS_00319,81.16477835384237,7.092852265318664,2241.133884142823,292.10487402701284,81.15898082080898,7.087060804351324,81.17057604159292,7.098643656440525
LS_00320,81.09386653900147,7.061679840087891,1679.5605086958685,212.76347354429066,81.08807029866773,7.055889330644729,81.09966299250304,7.067470451039753
LS_00321,81.09365940093994,7.062713623046875,2173.6174171009957,308.7636611510815,81.08786310914005,7.056923017280872,81.0994558239708,7.0685041324245015
LS_00322,81.09171988747337,7.062042236328125,1799.565622047304,191.05990112392826,81.08592374665125,7.056251594212255,81.09751639694704,7.0678326619212894
LS_00323,81.08844770703996,7.059148788452148,1099.2525523202553,161.7653585994524,81.08265151070785,7.053358235527606,81.09424400774054,7.064939223517994
LS_00324,81.08779939015707,7.059961318969727,2879.1926625391434,320.539760090033,81.08200314184774,7.0541707376890015,81.09359564343875,7.06575170962718
LS_00325,81.09243037705714,7.0599718599089165,1167.5947483254415,157.2436474580224,81.08663414839785,7.054181281663683,81.09822676391505,7.0657623671459024
LS_00326,81.09296711631444,7.057607650756836,1877.3076637411696,203.05302809805502,81.08717085542125,7.051817020158206,81.09876342449247,7.063398119195308
LS_00327,81.11439590454101,7.081878662109375,3624.7451779767125,268.0863811697296,81.10859913042862,7.076087816322207,81.1201928389955,7.087669437232407
LS_00328,81.10617923736572,7.053678512573242,13763.514226742134,938.0943413800934,81.10038291255692,7.047887809595078,81.11197570612832,7.0594692325039485
LS_00329,81.10938630785262,7.062437057495117,9347.903174122921,764.1596314241266,81.10358983605667,7.056646335503308,81.11518292939361,7.068227835789881
LS_00330,81.14111920886252,7.082880752256436,9037.988386200132,420.73517518803664,81.13532221227,7.077089680370815,81.14691660073633,7.088671954968821
LS_00331,81.1775647163391,7.062419891357422,16384.32288598097,782.1553581258509,81.17176741893566,7.056628276800972,81.18336217278505,7.068211436376786
LS_00332,81.1741590499878,7.067926406860352,4245.775142756967,441.4157259420927,81.16836157284706,7.062134904770089,81.17995638467801,7.073717982476397
LS_00333,81.17549669742584,7.0657501220703125,1728.3236483711692,258.64563861622946,81.16969845222397,7.059958677153714,81.1812932409271,7.071541787014903
LS_00334,81.17853060635653,7.050458908081055,5669.178979556375,333.301147587042,81.17273331313417,7.044667079980351,81.18432778526302,7.056250261387971
LS_00335,81.17767129989869,7.041851043701172,12157.49507169184,897.4625794707443,81.1718742665827,7.036059430668436,81.1834684986885,7.047642590209428
LS_00336,81.19094467163086,7.041513442993164,3276.321679263913,255.8801881574991,81.18514750238448,7.035721575933229,81.19674204634491,7.047305055575397
LS_00337,81.19641314482175,7.044598051329725,3147.0479332412942,287.48870610276117,81.19061581212225,7.0388062115234575,81.202210566658,7.050389823474342
LS_00338,81.22047961435635,7.048285123441479,9246.97006211786,654.16799952138,81.2146718282328,7.042492209299854,81.22626725619747,7.054076400692299
LS_00339,81.22375965118408,7.048576354980469,6493.500405520259,597.1801953155878,81.21796124569988,7.042784185481736,81.22955676020459,7.054368455934099
LS_00340,81.2208200754053,7.050400665006248,11259.435009933719,964.7923295858424,81.21501971914665,7.0446098749192645,81.22661520976013,7.056194075256162
LS_00341,81.21955915371635,7.02498002584746,22454.772221156512,883.744373394347,81.21376158992041,7.0191886784745385,81.22535639979392,7.0307728415940725
LS_00342,81.22003078460693,7.030370712280273,5232.732902960095,385.9553178459265,81.21423149119065,7.024569179423728,81.22582644981398,7.036153355283402
LS_00343,81.22120492798942,7.030887603759766,4193.004963092391,317.0608526524809,81.21540746416017,7.025095468304018,81.22700246443294,7.036679672478156
LS_00344,81.2208845615387,7.031278610229492,1383.5129116927487,148.5565895294065,81.21508808180934,7.025471219204871,81.22668308403269,7.037055415834483
LS_00345,81.22184555530548,7.0328521728515625,4217.328962669359,563.5831771173583,81.21604867447952,7.027060357726039,81.22764374037672,7.038644577814328
LS_00346,81.21966489156088,7.032831192016601,5759.229905270022,564.7234813737292,81.21386742061435,7.027039182413098,81.2254624336581,7.038623350233157
LS_00347,81.20056533813477,7.024534225463867,1723.14805102034,213.80573998822504,81.19476827143433,7.018742403224119,81.20636261424117,7.030326110976055
LS_00348,81.22142219543457,7.042675018310547,1787.5796749818003,254.87038664386415,81.21562461372531,7.03688287763876,81.22721992086323,7.048467090334003
LS_00349,81.22035658783628,7.0378868724973005,3180.7829388242926,222.905600158099,81.21455933313754,7.032094575858314,81.22615449210758,7.043678761663847
LS_00350,81.16990694632898,7.012855529785156,6041.671333319153,592.3419214965126,81.16411041711673,7.007063937336708,81.17570372573796,7.018646906358858
LS_00351,81.17668086604068,7.017049789428711,3940.6295650628567,300.48847870868775,81.17088411879263,7.011258125623331,81.18247769686354,7.02284125814083
LS_00352,81.17673516273499,7.014862060546875,4547.9407137503995,469.5380355142114,81.17093847114765,7.009070459041691,81.18253199505386,7.020653592589682
LS_00353,81.17538070678711,7.017122268676758,14894.392668982982,1448.3691430993276,81.16958399758987,7.011330654174797,81.18117754618599,7.022913755415887
LS_00354,81.14838886260986,7.009729385375977,6287.693530585089,513.5545061158439,81.14259259378566,7.00393812571204,81.15418530427753,7.015520575882208
LS_00355,81.1340939203898,7.020551681518555,22687.72865055193,1440.1208690744597,81.12829766066602,7.014760537575289,81.13989029822004,7.026342642119068
LS_00356,81.1126958233207,7.013468609821741,4362.626275073388,274.20713307596606,81.10689992643165,7.007677781570945,81.1184918663292,7.019259367642039
LS_00357,81.131019115448,6.980562210083008,56084.026834937154,1764.9240360133394,81.12522329895424,6.974771160249244,81.13681485664526,6.986353191587855
LS_00358,81.12695185343424,6.9833984375,9392.37118729544,446.5736308759128,81.12115617600477,6.977607435775539,81.13274770665562,6.989189368957533
LS_00359,81.14018806037438,6.9696002163232285,11338.599427445162,601.2576328351295,81.13439236191242,6.963809056625583,81.14598386564471,6.975391308729352
LS_00360,81.13752230619772,6.971872329711914,7708.547785901119,396.9848743519761,81.13172665269897,6.966081266828316,81.14331814925345,6.97766345486033
LS_00361,81.13577669345248,6.972293181369812,8206.621842083145,432.18109982480456,81.1299810061805,6.966502169243221,81.14157247127149,6.97808431529534
LS_00362,81.14150271877165,6.971950531005859,8129.229135199683,372.9652925138359,81.13570685325614,6.966159158233108,81.1472984475054,6.977741441929374
LS_00363,81.13713312149048,6.975109100341797,7283.642935908227,514.74675217481,81.131337440243,6.969317976235558,81.14292900855423,6.980900154881101
LS_00364,81.10844802856445,7.019207000732422,5152.133932694102,407.49426630634633,81.10265222169295,7.013416280234908,81.1142442024772,7.024997762513644
LS_00365,81.12383460998535,6.937723159790039,4352.997290579493,436.86553462315646,81.1180395232868,6.931932194776067,81.12962983821221,6.943514055258339
LS_00366,81.05505164464316,6.925617218017578,11797.025120886177,810.497322157086,81.04925756439366,6.919827103510107,81.06084592288272,6.931407310367068
LS_00367,81.0568265914917,6.927101135253906,1009.9010031630623,178.97324674942664,81.05103244819416,6.92131098395083,81.06262088612692,6.932891233280882
LS_00368,81.09670738008117,6.921538776331795,12937.201823221365,983.8285355405046,81.0909128284158,6.915748135837812,81.10250209056252,6.927329347142624
LS_00369,81.09566148122153,6.917699813842773,8245.360289495857,480.3632715437438,81.08986696929468,6.9119091341324825,81.10145611140551,6.923490320900516
LS_00370,81.09657192230225,6.916059494018555,3335.438301686406,342.3196522778966,81.09077741312225,6.910268854075174,81.10236653655988,6.921850062934293
LS_00371,81.1243839263916,6.909837722778319,2822.3425287700434,248.0154944068136,81.11858914053632,6.90404682788058,81.13017877602303,6.915628702932801
LS_00372,81.12664021386041,6.917024612426758,1593.792271690771,174.6088683226008,81.12084539001654,6.911233577994454,81.13243525768603,6.922815506599929
LS_00373,81.13429737091064,6.92680549621582,5905.098972926981,493.2013801158878,81.12849568688704,6.921010591565764,81.14008598045712,6.932592702673448
LS_00374,81.12973213195801,6.9238739013671875,3216.684172657146,321.1503938615553,81.12393714671,6.9180828656108835,81.13552725844377,6.929664867844248
LS_00375,81.13124752044678,6.920310974121094,1603.28950002615,204.7982323960256,81.12545250284946,6.914519883703146,81.13704256226113,6.926101922244209
LS_00376,81.12711568312211,6.917411804199219,751.6239425173526,132.76422912947893,81.12132082296773,6.911620818308311,81.13291071161514,6.923202758255326
LS_00377,81.12760776943631,6.917520523071289,2474.25474590602,342.32646236518315,81.12181288751343,6.911729512470465,81.13340279062173,6.92331146416747
LS_00378,81.13019680976868,6.93525505065918,3263.43336204051,324.430979524556,81.12440164175007,6.92946406670871,81.13599204775524,6.941046079701262
LS_00379,81.13248999913533,6.931873321533203,4647.154494495218,519.1898025563426,81.1266948784002,6.926082252951144,81.13828525512098,6.937664320909626
LS_00380,81.01707663536072,7.044254302978516,3590.8180252110155,242.30367594928774,81.01129020935586,7.038472278211963,81.02288057473517,7.050051513728995
LS_00381,81.05149620188568,7.027290944807945,2035.4060453654556,179.55793422068436,81.04570087708998,7.021500847161975,81.05729166791707,7.033080936621593
LS_00382,80.51899562162512,6.828834533691406,84619.18359037623,2929.70349361564,80.51319704063678,6.8230403938264965,80.52479287016685,6.834630458627503
LS_00383,80.78709506988525,7.496311187744141,177466.49171766776,2926.037861607695,80.78129167450561,7.490519095932947,80.79289875493336,7.5021032108408265
LS_00384,80.778323514895,7.4904022216796875,20508.874932044848,708.4282091390158,80.77251988160705,7.484610014904328,80.78412702596546,7.496194352828555
LS_00385,80.77540437380472,7.4898681640625,1486.5954201518873,153.59693142241701,80.76959913970512,7.484060729939071,80.7812063438735,7.495645142348525
LS_00386,80.77464262073224,7.491021714047158,18981.325636611713,630.8172725179643,80.76883884377209,7.48522923190551,80.78044609924098,7.49681366404206
LS_00387,80.70615339279175,7.487209320068359,384718.77224491554,10886.59326412968,80.70034880642197,7.481416199469075,80.71195770179982,7.493002370963313
LS_00388,80.73374334971109,7.582000732421875,118463.32178374076,2170.6512590941193,80.72793807169008,7.576207332327671,80.73954887876758,7.587792842942718
LS_00389,80.74659543255575,7.566495895385742,47847.673798076925,2191.895122360353,80.7407903312464,7.560703271545568,80.75240037800054,7.5722884458280815
LS_00390,80.74439271291098,7.570339202880859,3927.76810257212,325.7437753794773,80.73858743731792,7.564546549036403,80.75019764705632,7.57613178134115
LS_00391,80.73427402973175,7.562740325927734,7750.7122396584045,422.5175512949628,80.72846875734805,7.5569475482458,80.74007901740039,7.568533037543607
LS_00392,80.720205783844,7.558691024780273,17643.63764838319,776.5222973372992,80.71440032192443,7.552898272515617,80.7260108311294,7.564484120540275
LS_00393,80.6971238454183,7.575174331665039,25212.302443778186,1336.6315277465808,80.69131816459361,7.569381200532864,80.70292972305931,7.580967646959848
LS_00394,80.5287234817726,7.698383331298828,88943.62388776592,1877.678971020025,80.52291256142931,7.69258637731389,80.53453191492054,7.704177215510581
LS_00395,80.52746987342834,7.691951751708984,51322.81606996315,1216.2924904273025,80.52166078031044,7.68615628785068,80.5332799799887,7.697747150684692
LS_00396,80.52814102172852,7.690290451049805,7815.793243702434,393.9364868721859,80.52233137569725,7.684494994583941,80.5339505103761,7.696085838560431
LS_00397,80.53626117081622,7.707156848204338,9935.676439436942,724.7707006614833,80.53045202085883,7.701361208616252,80.54207143565625,7.7129518647204645
LS_00398,80.53521728515625,7.70665168762207,10172.174927251981,627.5182432250939,80.52940628310468,7.700856315474905,80.54102570999733,7.712446997647865
LS_00399,80.522237385111,7.702453226025369,22317.54298343853,948.7030656565097,80.51642745270097,7.696657688671099,80.52804708894313,7.708248696092033
LS_00400,80.52308997653779,7.701040267944336,1662.494052412899,175.44658451202838,80.51728014516772,7.6952447360833,80.52889971884966,7.706835720262886
LS_00401,80.52178732554117,7.701517105102539,3661.724689492761,430.05423069494594,80.51597788067441,7.695721554888039,80.52759750128344,7.707312572663007
LS_00402,80.52159839868546,7.701045989990234,4115.209175259758,408.0399892016177,80.5157882133519,7.695250457981351,80.52740782516301,7.706841480037187
LS_00403,80.52043596903482,7.700401306152344,14184.592504103866,902.8979179873888,80.51462584386888,7.694606098276262,80.52624546661599,7.706197149098966
LS_00404,80.51994228363037,7.698091506958008,10147.845577778251,692.6225541929381,80.51413202250741,7.69229620697652,80.52575159101706,7.7038872677002095
LS_00405,80.51923370361328,7.699350357055664,4194.179747055794,435.40561198243716,80.51342362367275,7.69355478393639,80.52504324659068,7.705145864062669
LS_00406,80.51782274246216,7.6927642822265625,4826.220264504468,502.3605892024689,80.51201312379203,7.686968526579364,80.52363259213688,7.698559634935058
LS_00407,80.5173523766654,7.691596984863281,1594.7579773504149,225.51435421352448,80.51154258219576,7.6858013895957,80.52316202875976,7.69739250853417
LS_00408,80.51663139106137,7.723439294006633,12434.811508979397,488.176910309068,80.51082114933199,7.717643671480711,80.52244153637979,7.729234845281775
LS_00409,80.78313064575195,7.520170211791992,1665.8376353471251,190.69876924895283,80.77732665232051,7.514378063948893,80.78893448544763,7.525962285898733
LS_00410,80.78383135795593,7.517913818359375,11198.224375023283,659.9075116892275,80.77802737010728,7.5121216792897885,80.78963512355591,7.523705882730098
LS_00411,80.77731394767761,7.525936126708984,11366.905810653336,528.6531501920933,80.7715090491301,7.520143902473348,80.78311718963455,7.531728275192496
LS_00412,80.77090573310852,7.534248352050781,19514.252890524895,816.8686131566109,80.76510128506393,7.528456045389832,80.77670981818477,7.5400405848377305
LS_00413,80.73470843279803,7.550577163696289,19720.93386609673,1128.2687587236962,80.72890359019361,7.5447841844027606,80.74051350295068,7.556369657707577
LS_00414,80.76038551330566,7.561759948730469,6261.322188104463,397.19714206208664,80.75458048489484,7.555967332167918,80.76619004543963,7.567552150117593
LS_00415,80.76023533765007,7.546304702758789,5732.321401438081,368.23471922939626,80.754430807942,7.540512115615343,80.76603994681975,7.552096932646676
LS_00416,80.75937461853027,7.545530319213867,1623.0663338683287,175.1270596050651,80.75357001937822,7.5397377832651795,80.76517915911363,7.5513226221648315
LS_00417,80.75240047454834,7.552864074707031,3303.0497239804113,223.00951959218872,80.74659545986194,7.547071712161116,80.758204981008,7.558656732560254
LS_00418,80.75083995395237,7.551637649536133,9009.320182700749,480.3343826287714,80.74503523004574,7.54584508446652,80.7566447575376,7.557430144512887
LS_00419,80.74821664347793,7.553070068359375,4626.701453538848,264.08704828081767,80.7424118417946,7.547277470176081,80.75402147625732,7.558862598062269
LS_00420,80.7491090297699,7.5531005859375,1410.965828865386,136.688670346521,80.74330416004267,7.54730799664612,80.75491377239241,7.558893101637121
LS_00421,80.56622314453125,7.595062255859375,10144.33246275116,635.4302384015593,80.56041583174428,7.589267617970411,80.57203127694497,7.600857399951772
LS_00422,80.55881834030151,7.606395721435547,16710.972660764925,850.3226593350698,80.5530097266977,7.600599898972878,80.56462568068805,7.612189878696638
LS_00423,80.56533039317412,7.598711013793945,11557.705277685847,703.3025317414844,80.5595228732341,7.5929157829320895,80.57113844450541,7.604505590986843
LS_00424,80.42015886306763,7.160312652587891,119606.05337785374,3065.134339219428,80.41435507401185,7.154515192563258,80.42596194790272,7.166107956175346
LS_00425,80.4126812616984,7.158815383911133,5418.83310608239,307.1663041581477,80.406877521283,7.153018890001475,80.4184845273346,7.1646118241424
LS_00426,80.41714143753052,7.17840576171875,9846.46054178976,559.0670794631109,80.41133771588959,7.172609300555009,80.422945154626,7.184202161736432
LS_00427,80.4091240564982,7.181352615356445,2553.419751979239,190.64897779729137,80.40332006974585,7.1755557852822704,80.41492777526989,7.18714883682096
LS_00428,80.43612957000732,7.182634353637695,26968.84032101732,1029.7658457508512,80.43032594023133,7.176837746744233,80.44193305314278,7.1884301733118985
LS_00429,80.50764274597168,7.078098297119141,64964.002790932114,2344.7503634070567,80.50184120890609,7.072302230462578,80.51344383555379,7.083892856409416
LS_00430,80.50019580451819,7.098190352339829,32284.009086535883,1351.8183954828924,80.49439433618628,7.092395307780595,80.505997673153,7.103986131190814
LS_00431,80.46913814544678,7.112323760986329,73986.96607356601,1750.0434991674022,80.46333414372648,7.10652452819592,80.4749385808779,7.118116089580571
LS_00432,80.46488035212056,7.119646191745137,23631.522299177068,1015.3808048220614,80.45907782419394,7.113850519563212,80.47068255764623,7.125442189447081
LS_00433,80.46723706381661,7.119955062866211,3211.8040402860365,249.2508935358335,80.46143462108444,7.114159223006037,80.47303930824863,7.125750838750714
LS_00434,80.45948237639207,7.121612548828125,21700.32721460506,866.1490524899025,80.45367978177143,7.115816619118847,80.46528469339937,7.1274084166304075
LS_00435,80.45715522766113,7.121408462524414,19984.264947677253,704.478450960115,80.45135315634525,7.115613469130716,80.46295811635545,7.12720532017189
LS_00436,80.45478820800781,7.120904922485352,6126.680159110217,319.6281591615928,80.448985634745,7.115109304977644,80.46059063591983,7.126701210047398
LS_00437,80.46358442306519,7.135490417480469,15102.97348358909,971.961456812934,80.45778138241958,7.129694207321723,80.46938657431704,7.141285929023071
LS_00438,80.45675033993192,7.132932662963867,14044.318100606632,795.2392689980572,80.45094766221916,7.127136371932244,80.4625529434543,7.138728248490193
LS_00439,80.4555513381958,7.134754180908203,6114.50734027563,490.55069436156924,80.44974859126383,7.128958373864941,80.46135394966333,7.140550280754027
LS_00440,80.44591093063354,7.145168304443359,4492.26581625131,289.5238581804012,80.44011463726189,7.139362664504071,80.4517205013842,7.150954809364003
LS_00441,80.44589932759604,7.142694473266601,21755.58866635791,853.7092634642003,80.44009725677064,7.136897085424856,80.4517030543267,7.148489227143351
LS_00442,80.43839059557234,7.14216423034668,5346.942448860716,356.3347983292681,80.43258725594309,7.136368377837002,80.44419321315998,7.147960692607246
LS_00443,80.44080798056993,7.138580322265625,31940.72981822066,1164.4611072154062,80.43500504794571,7.132784169631465,80.44661085178845,7.144376423249251
LS_00444,80.44451625530536,7.140819549560548,106687.55208668546,2824.934287046687,80.4387135591508,7.135023560796802,80.45031933790435,7.146615731854844
LS_00445,80.60800814628601,7.462882995605469,27309.300033559914,1256.1831490390641,80.60220427899672,7.457087770067775,80.6138149680552,7.468676385815854
LS_00446,80.5976402759552,7.469381332397461,32496.641163730284,1211.456735298708,80.59183458433368,7.463586859360685,80.60344571205937,7.475175738398347
LS_00447,80.59392184051755,7.472072212885851,13668.410838552469,571.9366301829152,80.5881161885723,7.466277691753219,80.59972748368548,7.477866665545885
LS_00448,80.58819484710693,7.429960250854492,42408.56601195864,1834.0497810046127,80.58238939377944,7.424166002404032,80.59399966186595,7.435755079739719
LS_00449,80.59042644500732,7.449811935424805,17559.915225864683,1054.5528931925264,80.58462077658173,7.444017591442615,80.59623153984677,7.455606631796376
LS_00450,80.54981117248535,7.483945846557617,36572.438160615035,1225.454855198335,80.54400689238444,7.478152449694051,80.55561961427082,7.489742528044661
LS_00451,80.5764832496643,7.503519058227539,13528.56067988418,729.2263208404537,80.57067706261854,7.4977246147911645,80.58228966999874,7.509314051237503
LS_00452,80.57878046356994,7.5020916781487195,15547.463612003898,797.0009493813005,80.57297433375638,7.496297256385755,80.58458684388836,7.507886634303631
LS_00453,80.58150027348445,7.504936218261719,31982.36233473602,1479.9857972516672,80.57569401107088,7.499141771704061,80.58730653297154,7.510731084586213
LS_00454,80.5020604133606,7.501981735229491,39700.1737871137,1461.2923453116036,80.49622464743761,7.496171543718063,80.50783905753798,7.507762821187264
LS_00455,80.49555673245587,7.494291305541992,8823.026557049032,555.9006732118819,80.4897495340712,7.488495574522668,80.50136388678655,7.500087001801054
LS_00456,80.48192291259765,7.496492385864258,21932.369577405465,866.5637764121525,80.4761146976846,7.490696464626732,80.48772944798868,7.502288229348522
LS_00457,80.49215126037598,7.487865447998047,102512.25100100625,2529.4759299300845,80.48634202388244,7.4820676670928705,80.49795627880637,7.493659170020091
LS_00458,80.48411451198731,7.484566029326954,30431.642407158175,1581.692020045061,80.47830626908143,7.478769777711248,80.48992062817298,7.490361473429322
LS_00459,80.49026536941528,7.47978401184082,10072.54135188308,648.3282124032382,80.48445816630678,7.473988405395925,80.49607223937826,7.485579944369951
LS_00460,80.48187611897787,7.474332809448242,11521.720425694726,743.0442264239654,80.47606835359241,7.468536895167051,80.48768247848244,7.480128632513458
LS_00461,80.48822911580405,7.47068977355957,46461.16772870184,2114.859014599903,80.48243481171153,7.4648996722128205,80.49404867799868,7.476491249244609
LS_00462,80.49826453256114,7.483051256576662,45578.330453210096,2269.1314552320528,80.49245689593738,7.477255800350048,80.50407086472241,7.488847147293032
LS_00463,80.50466012954712,7.479448318481445,9565.812199282973,819.7500544047185,80.49885302487156,7.473652460898843,80.51046673480622,7.485243646485701
LS_00464,80.49598817825317,7.474393844604492,29963.49054015408,1675.3858318671778,80.49018637069526,7.468594301896215,80.50180015103527,7.480185693817619
LS_00465,80.5035267829895,7.465728759765625,8774.130798176358,578.9634069973073,80.49771935315131,7.459934202375185,80.50933270478437,7.471525399161291
LS_00466,80.50303014119467,7.463291168212891,14131.563303447716,682.2458022882677,80.4972227447223,7.457495467002798,80.50883603995705,7.4690866729910885
LS_00467,80.52005990346274,7.434429168701172,10976.54382562341,624.8627843678076,80.51425366499542,7.428633758184835,80.52586573364648,7.44022451332218
LS_00468,80.52569453301004,7.423229631553039,10970.115799123203,430.5341017714513,80.51988880900834,7.417433739774817,80.53150042698438,7.429024344374368
LS_00469,80.52196453735891,7.410823822021484,15201.973590195008,883.4434391806676,80.51615890466411,7.40502866455072,80.52777026798928,7.416619345940387
LS_00470,80.53060119628907,7.419328689575195,60231.43459483005,3135.1482250142776,80.52479544060294,7.413533538221854,80.53640682978784,7.425124018567181
LS_00471,80.56470600763956,7.451332092285156,16172.68925642854,918.6714117949003,80.55889620962732,7.445536167291743,80.57050765181683,7.45712584459157
LS_00472,80.55422306060791,7.453863143920898,3658.5054967303568,265.19699349906193,80.5484171635736,7.448068137884154,80.56002893511432,7.459658076034227
LS_00473,80.57905750274658,7.421758651733398,27851.951024029364,872.4080964959116,80.57325207459787,7.415963971785232,80.5848623410703,7.42755326658446
LS_00474,80.56320071220398,7.436775207519531,2006.5293919735257,224.3264898315276,80.55739508652866,7.430980324200824,80.56900616064713,7.442570023881845
LS_00475,80.56129096536075,7.434946060180664,8468.896794353093,500.00764521100257,80.55548549486133,7.4291508880859425,80.56709656516581,7.4407406328927
LS_00476,80.5552303314209,7.438432693481445,17945.831290804457,753.1291213166836,80.54942452581011,7.432637712009399,80.56103584243313,7.444227609403227
LS_00477,80.55435248783655,7.4400177001953125,10293.995997782313,683.7285003521229,80.54854673308816,7.434222706505502,80.56015811546773,7.44581262711899
LS_00478,80.54602209726968,7.440439224243164,34905.95656504789,1713.8833695351464,80.5402161653948,7.434643937517902,80.55182776458031,7.446234063259809
LS_00479,80.54949760437012,7.440641403198242,7654.169379068743,512.5985801454007,80.54369176869005,7.434846585406852,80.55530328799452,7.446436625992593
LS_00480,80.54798621397752,7.440338134765625,2802.4374065699317,290.1359352576788,80.54218037155002,7.434543061267923,80.55379191959292,7.446133138662396
LS_00481,80.54976643456354,7.448110580444336,1683.0481644180259,184.33228412972574,80.54396051176325,7.442315649456588,80.55557223271671,7.453905691299016
LS_00482,80.54643758860502,7.450954437255859,3508.8020313654147,262.8635858778109,80.5406315259765,7.4451593372112335,80.55224340832515,7.456749463939795
LS_00483,80.54121718571103,7.449026107788085,111626.63468068771,5289.100225102715,80.53541346481968,7.443229598248897,80.54702542179248,7.454819851177713
LS_00484,80.5399687025282,7.452264785766602,8927.322003585217,510.35221273485774,80.53416263663846,7.44646960649448,80.54577471492838,7.458059893671487
LS_00485,80.54132623672486,7.456537246704102,5621.01359795573,474.4684488884738,80.53552006902667,7.450741958533614,80.54713223330229,7.462332216965562
LS_00486,80.54397097877833,7.4568939208984375,1586.1835615152793,180.81792419838067,80.53816484262025,7.4510986649842055,80.5497769516785,7.462688858735247
LS_00487,80.54228115081787,7.460329055786133,56961.651212987534,2061.311356534966,80.53647514574737,7.454534486264436,80.54808739252994,7.4661247252899905
LS_00488,80.54051025708517,7.462070465087891,19640.20745142499,1154.8795207610217,80.53470392219145,7.4562751360959965,80.54631626134568,7.46786542059631
LS_00489,80.53840696161444,7.46583366394043,7433.389347286539,599.8894567979977,80.53260055869772,7.460038334678869,80.54421305506382,7.471628675044285
LS_00490,80.53001689910889,7.46977424621582,2872.2072293447195,249.2932188140513,80.52421016953382,7.46397918305482,80.53582298322553,7.475569734262882
LS_00491,80.55608574549356,7.465656280517578,18380.4525686168,1303.3921461100922,80.55027971362442,7.4598613556190285,80.56189176842472,7.471451260020086
LS_00492,80.4260425567627,7.145772933959961,7060.721619910695,584.8060886650662,80.42024829735134,7.139970880147561,80.4318546381505,7.15156348548451
LS_00493,80.42188102006912,7.140827178955078,13388.212238103337,845.553643436729,80.4160808292828,7.135028567070509,80.42768713178022,7.146621261123058
LS_00494,80.42220577011761,7.137691497802734,3657.1757374230324,378.62409747171256,80.41640260074598,7.13189512672934,80.42800881049148,7.143487808594346
LS_00495,80.42197699113325,7.138576507568359,2023.4608649657314,237.397369065727,80.41617376873272,7.1327799947302175,80.42778000785185,7.14437268321781
LS_00496,80.42370681762695,7.136777877807617,673.8969778091941,106.76828505501037,80.41790369320837,7.1309816413493685,80.4295098434358,7.142574287214437
LS_00497,80.42322158813477,7.13658332824707,1051.0382949269863,149.35578746482815,80.41741939115627,7.130769908623172,80.42902554680175,7.142362565334404
LS_00498,80.42878341674805,7.137628555297852,76712.52679693983,2494.854063302009,80.42298041962067,7.131832256941088,80.43458647573196,7.143424786966803
LS_00499,80.4264497756958,7.13731575012207,8329.057337398555,578.3873080374992,80.42064672856286,7.13151958016355,80.43225283008405,7.143112163571899
LS_00500,80.43314090451535,7.133541545596464,42099.11494188022,1657.2350438991703,80.4273378775291,7.127745414208309,80.43894372184741,7.139337837567663
LS_00501,80.4135851201998,7.113090726227487,4838.089456689451,284.7182261328848,80.40778226480867,7.107294571634943,80.41938800405465,7.118887413955043
LS_00502,80.41870911916098,7.114362716674805,2329.3985536546015,204.58998531407917,80.41290620082326,7.108566322739379,80.42451185686956,7.120159049417401
LS_00503,80.42542376885046,7.111034393310547,11943.195238814422,695.10111045801,80.4196210236693,7.105237971177836,80.43122643499663,7.116830538549686
LS_00504,80.43548488616943,7.1273956298828125,8750.584897463064,589.8761925416375,80.42968170751314,7.121599712878462,80.4412873308029,7.133192073064013
LS_00505,80.43545031547546,7.1284446716308585,16355.925651990494,682.0259488950179,80.42964856778202,7.122646925601718,80.44125422025937,7.134239288096569
LS_00506,80.4378801981608,7.131376266479492,106550.7158136107,3004.192688347274,80.43207613717742,7.125577357820597,80.44368181310006,7.137169668593043
LS_00507,80.4450671672821,7.134368896484375,24839.547394440262,1287.7254519523342,80.43926329205051,7.128574502153694,80.45086888302467,7.140166651194206
LS_00508,80.45237796956843,7.126243591308594,3850.1538427411137,316.4267572530774,80.44657539630029,7.120447820640246,80.4581805977266,7.132039788972091
LS_00509,80.45161226060655,7.12367057800293,1042.6187497387682,129.9573800411049,80.44580960900899,7.117874555178903,80.45741475849819,7.129466537567271
LS_00510,80.39982233047485,7.072668075561524,13318.46781209533,734.1980402362752,80.39401977136656,7.066871498681852,80.40562472925609,7.078464591614261
LS_00511,80.39810562133789,7.073503494262695,16272.94428852617,1213.0473661761976,80.39230303936968,7.067706897029691,80.40390805896905,7.079300030358185
LS_00512,80.38669012465598,7.059900938810831,9982.893417437375,510.5734034871281,80.38088767128482,7.05410422535039,80.392492582065,7.065697595667693
LS_00513,80.38948885599771,7.060853958129883,6381.941230331094,405.92379851765253,80.38368633461666,7.055057274327724,80.39529120769257,7.066650582779795
LS_00514,80.39446425437927,7.062171936035156,3488.205829107869,262.05817907036936,80.38866191525669,7.056375304146414,80.40026671101333,7.067968501885935
LS_00515,80.40339810507638,7.066415786743164,6872.212328138646,474.672611058594,80.39759569373736,7.0606194574581345,80.40920040109152,7.072212459063146
LS_00516,80.4090830485026,7.0641326904296875,5377.375990791302,385.8057295065889,80.40328695516399,7.058324778086045,80.41489147092831,7.069917646599598
LS_00517,80.40777254104614,7.062969207763672,1393.1412860054818,139.62830250789435,80.40197026823938,7.057172727101397,80.41357478287826,7.068765623754611
LS_00518,80.41025670369467,7.059728622436523,1341.090926951345,161.29155783152092,80.40445442398966,7.053932175865822,80.41605879459937,7.06552501092463
LS_00519,80.40523160071601,7.062313079833984,1100.1596263818235,159.68909177482925,80.39942925065142,7.056516572710534,80.41103380540862,7.068109526106699
LS_00520,80.41873127680559,7.0710906982421875,18448.56182875043,1132.7514489202883,80.41292897547187,7.065294337145454,80.42453345950771,7.076886996823999
LS_00521,80.41299314744819,7.094780177424172,11567.842988181208,525.8136663854203,80.40719290410992,7.088983029074319,80.41879816003184,7.100575856430717
LS_00522,80.4076279534234,7.082780838012695,9973.932852144048,616.3571847676712,80.40182912620611,7.076967171807644,80.41343417930194,7.088560102877956
LS_00523,80.40666773319245,7.0851287841796875,6095.800727187441,570.9354490511138,80.40086488747183,7.07933248415558,80.41247002664832,7.0909254409570215
LS_00524,80.40022792816163,7.088373184204102,143318.3302317454,4811.047861636422,80.39442513482787,7.082576600860921,80.40603050900151,7.0941697097287095
LS_00525,80.43972385138795,7.077718734741211,9841.210333705882,816.7474826679545,80.43392171219467,7.07192253987258,80.44552589457093,7.083514729583146
LS_00526,80.45799228123256,7.102626800537109,5646.084565924624,408.49615073603945,80.45218483104918,7.096836588832305,80.46378926477016,7.108428394399677
LS_00527,80.46600303649902,7.082357406616211,5308.486118246665,387.69372592846133,80.46020095763042,7.076561582755066,80.47180466069005,7.088153175545933
LS_00528,80.42681485956365,7.045862197875977,3810.4181988389028,358.65345835599516,80.42101304272255,7.0400658292454565,80.43261666289091,7.0516582662858625
LS_00529,80.42428922653198,7.042636871337891,3461.2160450458214,451.36002571276214,80.41848748841817,7.036840485098468,80.43009107940605,7.048432974686783
LS_00530,80.42414919535318,7.0377655029296875,11371.401609015793,613.9641290087372,80.4183533197302,7.0319654136872005,80.42995678281193,7.0435578989098575
LS_00531,80.42128389021929,7.036039352416992,2749.1133430978425,223.0970275821036,80.41548212738589,7.030243260396394,80.42708560947489,7.041835808185625
LS_00532,80.41841556912377,7.0351409912109375,1657.8773901376453,193.9777817583156,80.41261374181092,7.02934478107593,80.42421726491659,7.040937392573735
LS_00533,80.38370381868802,7.021490097045898,9878.817827000648,503.83550567990903,80.37790283541335,7.015692655672273,80.38950677644083,7.0272860297427275
LS_00534,80.35498305729458,7.110134124755859,8857.318498378781,539.6374672341494,80.34917989432606,7.104337483606311,80.36078689243266,7.115931659011303
LS_00535,80.31842752603384,7.113092422485352,12055.914157376232,599.0328264122974,80.31262383683017,7.107294890874904,80.32423174544283,7.118889900115173
LS_00536,80.4946448802948,7.124645233154297,12064.624133388668,433.37363554225226,80.48884282262392,7.118850122182386,80.50044699930942,7.130441107891512
LS_00537,80.50891812642416,7.114229202270508,6461.442515953211,395.4827090198756,80.50311748359591,7.108433395851787,80.51472104769675,7.120024036341928
LS_00538,80.51465155861595,7.113746643066406,21869.09370241688,986.5582071743304,80.508849506635,7.1079513637614165,80.520452924142,7.119541870153024
LS_00539,80.53235816955566,7.1112213134765625,9976.135864760821,605.8501639134613,80.52655661331391,7.105426694526932,80.53815954967146,7.117016784874251
LS_00540,80.55012408315679,7.1378771832841075,8737.38437363841,394.1228224384048,80.54432269405395,7.132082548377013,80.55592592670516,7.14367225184577
LS_00541,80.54652995447958,7.14044189453125,39758.64416471094,1750.1522529425322,80.54072814886845,7.134647103684895,80.55233153481024,7.146236894432752
LS_00542,80.54541774023147,7.144109725952148,3101.5189684888896,269.6685724640396,80.53961579049698,7.138314933286617,80.55121930092315,7.149904754178309
LS_00543,80.54171514511108,7.144201278686523,19441.07835707729,842.7254482511304,80.53591318923166,7.138406513466299,80.547516789271,7.14999642151178
LS_00544,80.54436302185059,7.141735076904297,939.0760087642219,124.85946610005728,80.53856121316512,7.13594012293791,80.55016468475617,7.147529966033307
LS_00545,80.55671934423776,7.152458190917969,13744.541120201035,738.2942620265202,80.55091847406153,7.146663384313638,80.56252194172993,7.158252947924415
LS_00546,80.55005232493082,7.155225753784179,13192.850859140312,870.4165883896662,80.5442631788375,7.149421515701295,80.55586687759082,7.161011239170739
LS_00547,80.54162543160575,7.184303283691406,26979.063987270823,1244.052973232614,80.53582368153937,7.178508555852779,80.54742836223629,7.190098510156396
LS_00548,80.53761595169745,7.185573198891463,3879.386033969626,301.33836368922726,80.53181340208313,7.179778287538668,80.54341821195915,7.191368338050669
LS_00549,80.53565002716694,7.186132431030273,5900.189411988667,500.6014864114154,80.52984733553596,7.180337525011627,80.5414522070297,7.1919276226116615
LS_00550,80.53208560943604,7.178030014038086,38874.138956014314,1808.711946850157,80.52628314044487,7.1722347593323965,80.53788787752295,7.1838249319508325
LS_00551,80.52909704617092,7.178089141845703,4477.090942273279,264.08031214958356,80.52329470302368,7.172293992394354,80.5348995122687,7.183884235559346
LS_00552,80.54131803512573,7.175205230712891,3075.561107175378,417.5685128470532,80.53551588700321,7.169410221742534,80.54712032976443,7.181000173306508
LS_00553,80.53138219393216,7.17323112487793,64511.55046432232,3647.844437770997,80.52557950982381,7.167435845194128,80.53718413407972,7.179026028957863
LS_00554,80.5445146220071,7.240501403808594,20192.91378928086,692.2358277008877,80.53871227285879,7.234706394289598,80.55031840584057,7.246296341390199
LS_00555,80.51682207319472,7.228322982788086,166912.7188844662,3519.541829897027,80.51101879244493,7.222527227198693,80.52262525379884,7.234117819072477
LS_00556,80.50757722854614,7.213836669921875,10705.779911411955,938.1119501220936,80.50177346500922,7.208040980549366,80.51337975137832,7.219631773869869
LS_00557,80.5027644057013,7.219661293495024,9275.429754594708,781.3834866085258,80.49696098226168,7.213865807204224,80.50856754102283,7.225456721372675
LS_00558,80.47463130950928,7.286098480224609,21572.325807075547,895.8829833869326,80.46882404201696,7.280301838089594,80.48043308916803,7.291893504035198
LS_00559,80.4793062210083,7.294301986694336,9946.7943784296,501.3883260101996,80.47350150453619,7.2885061725953735,80.48511066655512,7.300097738098461
LS_00560,80.47703239473401,7.299944243295888,3564.431316616564,286.1439627013278,80.47122760128184,7.294148232607423,80.48283697327315,7.3057398596715375
LS_00561,80.46704750061035,7.308248519897461,4806.654815468864,468.4490016553741,80.46123505466171,7.302443011482993,80.4728448943643,7.314034887604162
LS_00562,80.48644320170084,7.309816360473633,10772.250217179613,453.6402441486042,80.48063946332273,7.304019764696696,80.49224888309246,7.315611180087049
LS_00563,80.48981778761919,7.312150955200195,19561.49664022582,881.5415105620217,80.48401302685409,7.306354987270343,80.49562243037009,7.31794632502259
LS_00564,80.49344093837084,7.3143751787398,19011.987618531173,1160.6504693751428,80.48763605591415,7.308579699124351,80.49924543406952,7.320170953034077
LS_00565,80.49958923127916,7.308341979980469,3369.221877315307,315.18234977800375,80.49378466541553,7.302546544914031,80.50539372975743,7.31413764416278
LS_00566,80.42170492808023,7.348995208740234,7579.401905124047,579.7779874506787,80.41589945942069,7.3431815040021435,80.42751151409858,7.354774517522332
LS_00567,80.41574340396457,7.351896286010742,40911.0979483068,1407.612267713737,80.40993714249046,7.346099249740947,80.42154942096394,7.357692409527631
LS_00568,80.410209514878,7.377836227416992,35019.92382199823,1357.5623808808257,80.40440327426431,7.37203951229545,80.41601641320678,7.383632843749315
LS_00569,80.41974547931126,7.399856567382813,14964.662138595932,777.1056047513049,80.41393680061682,7.394060929471152,80.42555033136298,7.405654066616348
LS_00570,80.41955500004383,7.383712265528583,13109.841987621096,580.0578425748799,80.41374803922022,7.377916244917968,80.42536111993365,7.389509362185733
LS_00571,80.40824728012085,7.413234710693359,4066.899687716665,270.79312690114114,80.40244012754492,7.4074379621097695,80.41405431196601,7.4190313952785925
LS_00572,80.40708285630352,7.419260025024414,47977.60916273883,1721.887499374359,80.40127578090063,7.413463294430468,80.4128901637318,7.425056764866804
LS_00573,80.42106437683105,7.430179595947266,7666.457385826481,487.39148679475767,80.41525612558345,7.424382488992881,80.42687048077599,7.435975640132942
LS_00574,80.41882010868618,7.425264358520508,7934.714764902245,680.5694846223253,80.41301210211132,7.419468191239563,80.42462637240173,7.431061388971563
LS_00575,80.41871121724446,7.438764572143555,3750.1210358186277,300.30246965317457,80.41290374693075,7.432967934692478,80.42451840194283,7.444561155434066
LS_00576,80.41428481207953,7.4405670166015625,3178.6476509430845,264.0038579709312,80.40847714441816,7.434770556976149,80.4200919573685,7.4463638871068945
LS_00577,80.41576340619255,7.443622589111328,4989.933415569851,339.31812254784904,80.40995551987905,7.437825455702178,80.42157038376013,7.449418754863379
LS_00578,80.41388151380751,7.447751998901367,12777.502501877598,841.9788348794011,80.40807394508388,7.441955288597889,80.41968897156978,7.45354863941479
LS_00579,80.40584330535657,7.448349908970824,6104.365774715123,337.3670448186426,80.40003553078016,7.442553102667586,80.41165076832434,7.454146648124299
LS_00580,80.40353965759277,7.450004577636719,10351.595756475026,465.72758315516154,80.39773191135828,7.444207743785139,80.40934725150956,7.455801347303563
LS_00581,80.39989728938879,7.4045360284078825,1198.2227815393044,164.65973545169638,80.39409034559682,7.398738886751073,80.40570448433468,7.410332506219047
LS_00582,80.39831209182739,7.405426025390624,2556.179846097117,236.03315404281102,80.39250481331344,7.39962916428434,80.4041190152033,7.4112228230711885
LS_00583,80.39734325408935,7.404014587402344,1526.7003870885828,281.2033353495273,80.39153611176285,7.398217716062422,80.40315029693487,7.409811395766751
LS_00584,80.41796389493075,7.406587600708008,5080.353096095719,314.14591824874424,80.41215667796077,7.4007909768047115,80.42377044124595,7.4123841668098125
LS_00585,80.41991971333822,7.409162521362305,528.9818650071753,91.06316139977625,80.41411275726949,7.403365915031475,80.42572654619799,7.414959062002729
LS_00586,80.42136987050375,7.408393859863281,3486.721754849206,388.33730837949105,80.41553676643133,7.402590280697964,80.42715049923879,7.414183392324517
LS_00587,80.43477401733398,7.422859191894532,26468.661783680705,1069.6395353236528,80.42896696650533,7.4170627535921705,80.44058078402635,7.428655563635264
LS_00588,80.67046149117606,7.086729049682617,7954.193571004623,402.2453069862154,80.66466185919191,7.080935610127086,80.67626089069427,7.092522424912284
LS_00589,80.67207961612277,7.0857696533203125,4452.145672583457,416.4259231610249,80.66627745807489,7.079959065738867,80.67787642560748,7.091545841495648
LS_00590,80.71396479887122,7.097555160522461,9230.163086623177,724.6145122894242,80.70816556990246,7.091762181124698,80.71976384494968,7.1033479642901565
LS_00591,80.70898962020874,7.097806930541992,3835.212389526567,322.2365074203125,80.70318408784486,7.092000749987088,80.7147824885202,7.1035866525578255
LS_00592,80.68941446940104,7.112661361694336,59350.99039102009,2348.297826246084,80.68361601161222,7.106866762313707,80.69521526934953,7.118453141347777
LS_00593,80.6925847530365,7.116119384765625,3227.36774059048,261.9281695477842,80.68678256782991,7.110318568516984,80.69838184008246,7.121904873780973
LS_00594,80.68953473944413,7.116006851196289,5437.3038999428045,524.0420024061914,80.68373490910314,7.110213525703146,80.69533425163951,7.121799903858256
LS_00595,80.70621258020401,7.123146057128906,3569.085622719133,299.1120269771875,80.70041309780223,7.11735303098526,80.71201222694165,7.128939013284197
LS_00596,80.71424039204916,7.113895416259766,3986.5166598419924,277.9885726329239,80.70844087760263,7.108102631830868,80.72003957203255,7.119688416593176
LS_00597,80.70824599266052,7.114147186279297,3944.418008502166,280.4025219003154,80.70244636373828,7.108354190199827,80.71404520877716,7.119940118969299
LS_00598,80.72340461186,7.104339599609375,1896.6128535630664,243.1527780177581,80.71760543134943,7.098546785909149,80.729203656403,7.110132345982101
LS_00599,80.72619490112587,7.1259123707804655,8027.598455173387,398.45127680824595,80.72039550108722,7.1201195566377535,80.7319942212656,7.131705059602325
LS_00600,80.72545659542084,7.131608963012695,23694.252387716104,677.2454752164382,80.71965694481096,7.125816474627766,80.73125583156838,7.137401998010967
LS_00601,80.70618335125312,7.057876894741186,9171.3038247849,563.387685080789,80.70038452482436,7.052083812696334,80.71198195485121,7.063669761050786
LS_00602,80.69409885406495,7.059165954589844,6105.87298999319,377.9923503608235,80.68830026677568,7.05337250292374,80.69989801775039,7.064958739211655
LS_00603,80.69694232860934,6.966331481933594,1721.3405766400351,205.39056750392163,80.69114461496201,6.960538390261045,80.70273990371312,6.972124506212578
LS_00604,80.70314066226666,6.961889266967773,1830.9938691087182,201.08860665380692,80.6973464713574,6.956079155464692,80.70894150044857,6.967665123559594
LS_00605,80.69968738555909,6.961647033691406,1444.1483439668968,148.42418899028215,80.69388975295209,6.9558539757603155,80.70548485734898,6.967440024734541
LS_00606,80.69851860247161,6.957391738891602,1448.1596943010206,167.25442670057515,80.69272102787714,6.951598594680776,80.70431605075214,6.9631846686211505
LS_00607,80.69630114237467,6.960020065307617,621.3220733627885,93.94196581653335,80.690503512026,6.954227038783187,80.70209865413254,6.96581316613347
LS_00608,80.6961382230123,6.9594268798828125,1770.6769680290051,207.26099664470837,80.69034078952026,6.953633607621306,80.70193592024403,6.965219738439575
LS_00609,80.69466304779053,6.957258224487305,3402.4103768561445,421.40090665602247,80.68886550434253,6.951465203612462,80.70046061409846,6.9630513677006025
LS_00610,80.69482881372625,6.958000183105469,1410.0423664024065,240.46650208404225,80.68903117699129,6.952207070258999,80.70062630186194,6.963793230901428
LS_00611,80.69109794071743,6.957305908203125,7266.131426288062,616.9942693585001,80.68530022904673,6.951512554304141,80.69689542346521,6.963098801804628
LS_00612,80.68838000297546,6.958835601806641,21613.537287717652,1382.6387195518687,80.68258227377129,6.953042413339723,80.69417757098263,6.964628725299039
LS_00613,80.69354629516602,6.959587097167969,1302.263780390026,206.7893321747469,80.68774855966186,6.95379390162417,80.69934375520378,6.965380093200605
LS_00614,80.69082570075989,6.959262847900391,27022.671048677814,2134.0994891931578,80.68502799023372,6.953469686943872,80.69662324116233,6.965055941971676
LS_00615,80.69256632668632,6.961669921875,5565.407716574537,469.38448987558263,80.68676854768994,6.9558766969366985,80.69836381954295,6.967462912665759
LS_00616,80.69813251495361,6.982725143432617,6250.773315562208,417.4981795287971,80.69233455801391,6.976931953533758,80.70393023937949,6.9885180508929325
LS_00617,80.69887948036194,6.990184783935548,4006.132834225171,260.30607797957236,80.69308049123462,6.98439933781155,80.70467634691262,6.995985421851791
LS_00618,80.6915205001831,6.978525161743164,1174.0086013397017,129.02048429606353,80.6857225859923,6.972732110693283,80.69731831483853,6.984318360850866
LS_00619,80.69186928158715,6.96796989440918,1057.4657647696,171.3916687354183,80.68607149431992,6.962176744441321,80.69766694402429,6.9737629801967875
LS_00620,80.6908655166626,6.966747283935547,2344.431837828624,305.452271491239,80.68506767030215,6.960954123502601,80.69666311217276,6.97254038204267
LS_00621,80.69144789072183,6.968570709228516,1325.0739881934949,203.03595008834284,80.68565008396868,6.962777552989288,80.6972455589634,6.974363798969618
LS_00622,80.69022452831268,6.969524383544922,2435.753445331304,295.7794526209377,80.68442679886462,6.9637312898050165,80.69602232700511,6.9753175650025065
LS_00623,80.68941692352294,6.970798492431641,1680.812422217951,206.92199426336967,80.6836190742769,6.965005309490788,80.69521465404986,6.976591604366799
LS_00624,80.68851238886515,6.970615386962891,4043.263439143328,339.49394114773213,80.68271446137548,6.964822298780479,80.69431005765468,6.976408614733786
LS_00625,80.68670566265399,6.97187614440918,2917.828506906112,210.75243091036944,80.68090773773118,6.966083064143939,80.69250340872803,6.977669423168926
LS_00626,80.68635654449463,6.968713760375977,3324.681400025241,334.5662585660014,80.68055862903161,6.962920622571132,80.69215422700374,6.974506987846575
LS_00627,80.68063749116043,6.972019195556641,2820.542564852168,363.44535585894266,80.6748394853475,6.966225864391709,80.68643530216649,6.977812365542029
LS_00628,80.67580919265747,6.970191955566406,1322.4079878921295,176.1767849624179,80.6700111676011,6.964398618390239,80.68160705044002,6.975985231283497
LS_00629,80.67468917269667,6.971042633056641,5874.594143070655,431.72949561422763,80.66889119599689,6.965249270515316,80.680487126911,6.976835910135269
LS_00630,80.659035382952,6.980684280395508,6937.537161041219,513.6063646644974,80.65323712108143,6.974890738182561,80.66483366642458,6.9864777500119954
LS_00631,80.641161998113,6.919342041015625,5829.770008809602,323.4525941841155,80.63536400951072,6.9135483231422885,80.64695939144148,6.9251357046139
LS_00632,80.63629544453153,6.920558929443359,49290.61099022855,1831.970959538575,80.63049730527734,6.914764149978127,80.64209283074219,6.926351644646873
LS_00633,80.3853660583496,7.00132942199707,15257.889633479555,617.0060968984017,80.3795646034042,6.995532743055226,80.3911679647481,7.007126046262542
LS_00634,80.38791007995606,7.002634048461914,14201.328831934003,754.9297107884962,80.38210821556669,6.996836777760564,80.3937115547638,7.0084300260063985
LS_00635,80.75893676752187,7.610076083293343,3560.314609834869,219.78385813087314,80.75313124712396,7.604283758803328,80.76474218117806,7.615868629082364
LS_00636,80.78824440638223,7.583492279052734,1416.717363585667,150.21056211675435,80.78243963005487,7.57770031155644,80.79404906820236,7.589284415531228
LS_00637,80.76108455657959,7.577764511108398,3918.907837948887,333.64951716598375,80.75527962754863,7.571972423400773,80.7668896115923,7.583557228228048
LS_00638,80.76516990661621,7.578369140624999,8146.932583798998,516.906640895845,80.75935733193643,7.5725731660265305,80.77096722709618,7.584157865791896
LS_00639,80.78044959477016,7.553779602050781,2636.105772776085,228.6082666051422,80.7746451295224,7.547987333531167,80.78625395248967,7.559571632364306
LS_00640,80.7776312828064,7.5556640625,5353.648557022354,385.6566098514154,80.77182693223301,7.549871837722858,80.78343587978316,7.561456209677238
LS_00641,80.777188205719,7.556365966796875,3917.8456860968704,275.7810815966898,80.77138368783638,7.550573737801222,80.78299266612633,7.562158121357953
LS_00642,80.77593358357748,7.551660537719727,6305.105479142775,471.37882171863816,80.77012907605076,7.545868294064282,80.78173795746308,7.55745270877118
LS_00643,80.75072202512196,7.539272308349609,3337.138169050731,262.0457337111387,80.74491736341172,7.5334797407523215,80.7565265534479,7.545064799588567
LS_00644,80.7993886847245,7.534135818481445,4389.760054928215,265.83704274516685,80.7935846960378,7.528343983828866,80.80519249158307,7.539927790271516
LS_00645,80.78001518249512,7.528972625732422,1363.8271372013498,151.57717890665486,80.77421580176357,7.523170900260968,80.78582395544657,7.5347552041969035
LS_00646,80.77431138356528,7.528066635131836,5425.329535019766,536.2914087693707,80.76850700886975,7.522274505889561,80.78011528494594,7.533858956232791
LS_00647,80.77263758732722,7.527309417724609,8586.050574527999,1099.678658043056,80.76683336460468,7.521517112211985,80.77844166298622,7.53310160531647
LS_00648,80.76921281004263,7.525251388549805,28558.013627532775,1825.6588147569573,80.76340835636609,7.519459399638812,80.77501668643033,7.531043980050929
LS_00649,80.765595703125,7.524435043334961,11766.471394918084,652.613513736926,80.75979143309796,7.518642669841382,80.77139983370436,7.530227342750432
LS_00650,80.76651018544247,7.525346755981445,8418.738523943224,719.1146715159343,80.7607058920883,7.519554399557622,80.77231429419288,7.531139049290908
LS_00651,80.76928343772889,7.519905090332031,5782.259898653495,374.90959475467116,80.76347926748929,7.5141127651529604,80.77508744930661,7.525697342253141
LS_00652,80.77037382088815,7.5210945131715405,2410.4754154218126,230.05518387866977,80.76456962639179,7.515302273854303,80.77617781276938,7.5268868233372945
LS_00653,80.77636011909036,7.522022247314453,2072.4400296042327,343.76132845322945,80.7705560261322,7.516229982538516,80.78216408404714,7.527814378730743
LS_00654,80.7782429854075,7.519775390625,25785.470862347538,1796.914471248748,80.77243916157353,7.5139828526622,80.78404710960672,7.52556719996965
LS_00655,80.768771478108,7.499908447265625,1656.5098021472156,199.5680720341176,80.76296757289472,7.494116117010614,80.77457522110251,7.505700701584819
LS_00656,80.76683289664132,7.499721527099609,17655.516847007548,519.1850602315404,80.76102893620107,7.493929172996459,80.77263662893861,7.505513807052872
LS_00657,80.76632452011108,7.502964019775391,8929.528216128234,484.0990627992364,80.76052030681117,7.49717166020444,80.77212810115229,7.508756308198926
LS_00658,80.77323913574219,7.510828018188477,6891.655295627036,399.3215423838982,80.76743514297766,7.505035744872514,80.77904297496069,7.516620218152097
LS_00659,80.76818787711008,7.509370803833008,3569.593568696661,267.45981179175726,80.76237594022834,7.50359181799021,80.77398386250908,7.5151764203784825
LS_00660,80.76738604348935,7.509426475798182,4335.458595917121,275.4846611308711,80.76158190794155,7.503634266834894,80.77318985173972,7.515218889550814
LS_00661,80.7670168876648,7.510955810546875,3226.502865821739,313.866856061507,80.76121285394211,7.505163376428936,80.77282084902114,7.5167480090270145
LS_00662,80.76462869644165,7.506967544555664,7367.0368270691215,433.88725843591175,80.75882463812148,7.501175161341806,80.77043258533291,7.512759853856694
LS_00663,80.80828971332974,7.5079345703125,54129.92974224115,3466.3192443390612,80.80248619612554,7.502142794654055,80.81409304776976,7.513726367691466
LS_00664,80.82964587211609,7.528877258300781,2060.0606577023013,203.9353649065998,80.82384234534511,7.5230857083073115,80.83544921442832,7.534668732606206
LS_00665,80.81823938914707,7.509019851684569,9770.182950822007,429.71561009722546,80.81243599390734,7.5032281561759175,80.82404261838818,7.514811473207512
LS_00666,80.81564633051553,7.50177001953125,3939.961268430598,333.8159649197963,80.80984277168339,7.4959782867985645,80.82144926620047,7.507561669768964
LS_00667,80.82052206993103,7.498706817626953,4473.42871105856,374.43495546078316,80.81471877291365,7.492915255329041,80.82632505860676,7.504498512492981
LS_00668,80.81822766198053,7.500040054321289,19753.736885919483,999.8534055061932,80.81242439687186,7.494248359106121,80.8240307778838,7.505831675453324
LS_00669,80.82372177668981,7.504903793334961,5499.946244965417,451.2178406258374,80.81791850704231,7.499112168054805,80.82952487824721,7.510695343415489
LS_00670,80.82402861118317,7.5036163330078125,2369.005462293954,242.45703929623292,80.81822540883243,7.497824710912775,80.8298317371911,7.509407878250107
LS_00671,80.82261438930736,7.502431869506836,5216.26387657443,306.4302750846024,80.81681094551573,7.496640415194407,80.82841727826329,7.508223618859908
LS_00672,80.82175752851698,7.503726959228516,1809.566920201963,164.7627159047035,80.81595426053397,7.497935308835923,80.82756065051751,7.5095185346905104
LS_00673,80.82165526528644,7.5030059814453125,1847.5525199034182,188.84893966943747,80.81585198777016,7.497214328505829,80.82745836083313,7.508797556924293
LS_00674,80.82993638515472,7.506071090698242,2104.8922716297916,180.41094832237877,80.82413307979711,7.500279636360212,80.83573932211992,7.511862651593923
LS_00675,80.82167387008667,7.501514434814453,1469.3319961639029,165.23087632670013,80.81587508622829,7.495715154533141,80.82748141802898,7.507298382210424
LS_00676,80.82313043541379,7.499149322509766,1248.8099128094889,135.58040015755273,80.8173272557548,7.493357691399028,80.82893348616544,7.504940881462148
LS_00677,80.80878591092343,7.49390417722813,5070.133309413356,317.51129382316924,80.8029826029949,7.488112559687636,80.81458906068653,7.499696117952295
LS_00678,80.80946326255798,7.492368698120117,2141.1695392980846,218.008421678523,80.80366000672241,7.486576892371366,80.8152664053131,7.4981604330252996
LS_00679,80.8083803653717,7.493267059326172,2234.3486699726045,224.13160586555233,80.80257705416957,7.487475238159952,80.81418350499688,7.499058806745272
LS_00680,80.80835199356079,7.492799758911133,784.8671444752497,116.41429002752602,80.80254862643858,7.487007939991943,80.81415506531484,7.498591509239419
LS_00681,80.81592750549316,7.493194580078125,5464.241260015789,640.3374461304622,80.81012538460298,7.487402830713901,80.82173163919168,7.498986205400883
LS_00682,80.8214943408966,7.483427047729492,5315.615486736702,537.2288157199313,80.81569132846981,7.477635356425812,80.82729717521525,7.489218587046322
LS_00683,80.81823622991169,7.484766006469727,16760.28590039417,1513.0891596341617,80.81243316835561,7.478974312541309,80.82403913518144,7.490557626977989
LS_00684,80.81303024291992,7.486446380615234,21658.52563466062,1342.4656701842152,80.80722709328106,7.480654619485489,80.8188332395348,7.4922380677740685
LS_00685,80.81034429060584,7.483242034912109,2199.0766797982146,235.76168942783082,80.80454115187848,7.477450240234937,80.81614728034431,7.489033757003736
LS_00686,80.81022139957973,7.484621047973633,678.2957723718289,99.85041717515729,80.80441825627294,7.47882931286389,80.81602442526936,7.490412832975896
LS_00687,80.8085527420044,7.481807708740234,198.61779138637286,54.42213217882477,80.80275341262966,7.476004473424109,80.81435954784509,7.487588035824354
LS_00688,80.82035191853842,7.473955154418945,5088.886326788926,280.5756031136774,80.81454905036902,7.46816359720967,80.82615467034766,7.479746856183684
LS_00689,80.79803085327148,7.479486465454102,14216.087461213276,792.0422703654206,80.79222749459792,7.473694623779278,80.80383383729303,7.48527845537978
LS_00690,80.79474663734436,7.478580474853516,7476.456077010124,626.6799317406316,80.7889451013605,7.472786500469878,80.80055150354707,7.48437041586591
LS_00691,80.79240290348585,7.482621484710473,5635.027513679521,307.5954827601193,80.78659970418494,7.476829613637964,80.79820627623423,7.488413589818189
LS_00692,80.79380231959101,7.481952803783878,9091.29785362216,695.0318850697232,80.7879989839967,7.476160796884904,80.79960550201992,7.4877447371379775
LS_00693,80.78899579388218,7.47826671897643,2119.2057660709715,232.89816123890867,80.78319255034863,7.472474652212811,80.79479909140707,7.48405871459511
LS_00694,80.78815786043802,7.476295471191406,2781.22250972414,218.93907026790203,80.78235461022099,7.470503389962098,80.7939611192025,7.482087473327183
LS_00695,80.78802418708801,7.475475311279297,2262.398905236401,207.50184551727793,80.78222098301684,7.469683229270008,80.79382747315091,7.481267315870111
LS_00696,80.79643499034725,7.466485977172852,14471.655666658462,672.3749500177842,80.79063202575557,7.460693862618339,80.80223805691006,7.472277732596746
LS_00697,80.82017103830972,7.470369338989258,11971.228867870888,475.83915248534845,80.81436831014639,7.464577929421961,80.82597383787873,7.4761611926552005
LS_00698,80.76277112960815,7.4868621826171875,5045.11338141659,416.1756506502591,80.75696729859891,7.481069842589919,80.76857474418362,7.492654576472937
LS_00699,80.76023585979755,7.484092712402344,2893.3623571804833,203.79726671032375,80.75443201863202,7.478300400156639,80.76603945339335,7.489885197780791
LS_00700,80.76127580495981,7.486162185668945,10442.571733748857,553.2974667165017,80.75551496898277,7.480346875134881,80.76712243192968,7.491931645808204
LS_00701,80.77071088903091,7.47163200378418,2887.6697053077587,239.19130171579903,80.76490730299142,7.465839812144478,80.77651413106727,7.477424339311014
LS_00702,80.77467738257513,7.478988647460938,1945.6406865370368,170.25145283764587,80.76887436169685,7.473205837477924,80.78048128885389,7.484790265543825
LS_00703,80.76809833667897,7.483564376831055,6682.015022005658,453.313518650699,80.76229452372255,7.477771905013593,80.77390174332072,7.489356502118846
LS_00704,80.77006459236145,7.482839584350586,1824.218054623476,235.62298199204986,80.76423703274874,7.477037822064091,80.77584418271977,7.488622369431181
LS_00705,80.76908149719239,7.480644226074219,5606.956920180078,522.0361526138264,80.76327802359361,7.474851725617967,80.77488513852016,7.4864362968201075
LS_00706,80.81151747716982,7.438408041522137,2752.928147767008,264.34861349851036,80.80571487560664,7.432616389169303,80.81731976288845,7.444199869737808
LS_00707,80.80989289283752,7.438129425048828,10856.346824917178,543.6747143323634,80.80409033430176,7.432337714989878,80.8156952555633,7.443921236927229
LS_00708,80.80875444412231,7.438568115234375,3878.389439215391,298.8150587912932,80.80295179621116,7.432776121553704,80.81455675835124,7.4443596725697
LS_00709,80.80184719779274,7.438518524169922,5977.130900186968,412.2913363912741,80.79604466628835,7.432726486002308,80.80764980334823,7.4443102129404854
LS_00710,80.80608749389648,7.429342269897461,2926.80438912072,247.1711893405186,80.8002848954486,7.423550520304668,80.8118896771901,7.435134137821766
LS_00711,80.79218745231628,7.444835662841797,1085.6557215041073,124.2631885799012,80.78638459042406,7.43904363961511,80.7979901443364,7.45062761361268
LS_00712,80.78944158554077,7.439611434936523,1479.9248222190824,141.39871675091538,80.7836387556397,7.4338193768585805,80.7952442383689,7.445403419593308
LS_00713,80.79052543640137,7.440807342529297,6202.194453784873,412.2845016176452,80.7847219121785,7.43501559221376,80.79632739963358,7.446599607666729
LS_00714,80.78897308795482,7.457703459927811,2406.74941485775,203.70597870530776,80.78317004508568,7.4519113955605985,80.79477602909286,7.463495454110815
LS_00715,80.79140794277191,7.4618072509765625,1050.469057626998,168.80083849823336,80.7856048382704,7.456015218056215,80.79721087123846,7.467599215404858
LS_00716,80.79356634556703,7.463272570436356,1457.4494327927448,154.72939419542337,80.7877633075062,7.457480493178707,80.79936932499541,7.4690644357631655
LS_00717,80.79430567423503,7.464059829711914,1407.0672561304398,190.55564488887063,80.78850258970125,7.458267831022813,80.80010860961353,7.469851754897395
LS_00718,80.79555466391824,7.464666366577148,1924.2200508198773,268.87487159406805,80.78975157509393,7.458874382709879,80.80135757949296,7.470458274822584
LS_00719,80.74896621887936,7.480589710315995,13713.864083788103,1105.9362485906938,80.74316218064428,7.474797133654351,80.7547698071045,7.486382216858297
LS_00720,80.74341434902615,7.479608535766602,6808.5651493843,598.4859449029145,80.73761041057264,7.4738158901461915,80.7492181515563,7.485401114042936
LS_00721,80.76075204213461,7.494974136352539,4893.089521879949,360.12586349888824,80.75494860539612,7.48918170374449,80.76655632399543,7.500766491599801
LS_00722,80.75809987386069,7.498754501342773,3804.4145546771806,399.4521725257949,80.7522953872483,7.492961688095218,80.76390327697011,7.504546544831661
LS_00723,80.75172935527999,7.498182347332937,7976.875644876571,361.945888213249,80.74592527533716,7.492389972406771,80.75753331219406,7.503974991400203
LS_00724,80.75132751464844,7.504810333251953,50062.55499466101,2254.6738729811996,80.74552410001074,7.4990165699944376,80.75713232850718,7.510601601489788
LS_00725,80.73015766143799,7.513053894042969,8535.268359287968,545.4811198147138,80.7243530812303,7.507261070609597,80.73596207663314,7.518846644836131
LS_00726,80.72294413248699,7.5065155029296875,11882.656885707574,819.6949349048826,80.71713946174194,7.500722717842812,80.72874846127996,7.512308472776109
LS_00727,80.68571066856384,7.476890563964844,40486.01873360046,1274.5257699290792,80.67990432934005,7.471096250394749,80.69151345783469,7.48268293223547
LS_00728,80.6810663011339,7.476354598999023,10737.505340258887,962.609350842279,80.67526264339816,7.470560384033254,80.68687187420628,7.482147182397074
LS_00729,80.73804622226291,7.44932746887207,6865.297689158528,541.3442541874965,80.73224262463955,7.443534758458276,80.74384967589225,7.455120106727756
LS_00730,80.7320335828341,7.442317962646484,2568.9718283219036,249.74646236851498,80.72623009436136,7.436525090996041,80.73783710682817,7.448110588227096
LS_00731,80.72914004325867,7.445343017578125,25969.589978455588,1217.008909284117,80.72333636848677,7.439550195195425,80.73494353647868,7.451135766688587
LS_00732,80.72616147994995,7.425601959228516,1922.453060685539,235.8541990581705,80.72035802513729,7.419809052383605,80.73196473096348,7.431394690375589
LS_00733,80.67742681503296,7.433176040649414,8861.285992499103,653.7228074722757,80.67162293273903,7.427382922961399,80.68323106933384,7.438969786750885
LS_00734,80.57511196136474,7.430171966552734,11099.854134075302,523.3514997867957,80.56930531869803,7.42437151336032,80.58091591555417,7.435960913368798
LS_00735,80.58714616298676,7.437583923339844,6231.76655001446,409.29319992603865,80.5813409317417,7.431789489630232,80.59295143700079,7.443378599860789
LS_00736,80.68782301930909,8.066608511327221,16129.38746567534,498.05486141477627,80.68201016318146,8.060815460988154,80.69363609575386,8.072402411990645
LS_00737,80.38607870737712,7.936943054199219,12252.316696551492,918.5484981277971,80.38025695437649,7.931144061506734,80.39188701925156,7.942738867481478
LS_00738,80.38659428650479,7.93372917175293,34484.81341578485,1080.5666877466508,80.38078143314426,7.9279300751573185,80.39241138724195,7.939524862541349
LS_00739,80.4246678352356,7.75471305847168,5781.246086391261,363.41393589945005,80.41885616938896,7.748916255483881,80.43047980649776,7.760509799847183
LS_00740,80.52242897273777,7.7180633544921875,8039.469128275953,845.0175275149704,80.51661886144257,7.712267807566053,80.52823894472155,7.723858827744805
LS_00741,80.70362754761072,7.755289675098206,3873.563536803332,318.9338284925801,80.69781918606672,7.749496327276263,80.70943564629633,7.761082697255996
LS_00742,80.73126999537149,7.608530044555664,5764.102440926679,318.78872582199773,80.72546401435785,7.6027372165478475,80.73707562235946,7.614322801578884
LS_00743,80.72527281443277,7.607919692993164,4573.795855735559,371.0329201054911,80.71946684869734,7.602126696932146,80.73107859471777,7.613712436377671
LS_00744,80.72408570183649,7.609560012817383,2418.157457566553,228.7522585466702,80.71827971437031,7.603767173777278,80.72989153676528,7.615352944530333
LS_00745,80.72351186415727,7.611228942871094,1571.8185340848588,169.77679031113666,80.7177057723726,7.605436109774363,80.72931765610838,7.61702189604592
LS_00746,80.72177440098355,7.613288879394531,3912.2269482157517,444.59652355486804,80.71596837344468,7.607495862622234,80.72758035950362,7.619081694589653
LS_00747,80.75984989513051,7.627031326293945,3830.105785262269,382.5274122476262,80.75404491842775,7.621238858940449,80.76565629958768,7.632823710728684
LS_00748,80.70978705088297,7.6077232360839835,14892.150660102616,1202.435147442667,80.70398082403139,7.601930130748421,80.71559296424876,7.6135162688815585
LS_00749,80.70867106741525,7.611120751034846,14643.165419355895,860.4387593435157,80.7028650850336,7.605327335224052,80.71447734885803,7.616913503702733
LS_00750,80.70607606349353,7.61233993544924,5708.538944776648,514.6680692861216,80.70026980576479,7.606546782254096,80.71188217057373,7.618133018101799
LS_00751,80.71580998102823,7.617454528808594,4636.965317366039,445.90344524369704,80.7100035075276,7.611661507969146,80.7216157639586,7.623247495591833
LS_00752,80.71162223815918,7.617923736572266,2292.4861273125757,224.73928337729853,80.70581575086257,7.612130653283386,80.71742812856884,7.623716749050659
LS_00753,80.6948053571913,7.612249374389648,12441.405355283745,1083.6805629297478,80.68899887859406,7.606456162564835,80.70061153125371,7.618042688092945
LS_00754,80.69518507228179,7.615407943725586,3010.7163616226867,329.02409167812147,80.68937863629,7.6096146487967244,80.7009913675553,7.6212011662501045
LS_00755,80.68652992248535,7.617605209350586,4016.7294407838035,313.3972079948453,80.6807230261691,7.6118118003421475,80.69233604180928,7.6233985413280285
LS_00756,80.6711903933821,7.623472213745117,7742.015487087151,561.5596830900458,80.66538341812004,7.617678753401618,80.67699699289871,7.629265891420867
LS_00757,80.54575843811035,7.6739349365234375,9996.459224543554,539.9611162582928,80.53994553859569,7.668138258989652,80.55156375433965,7.679728638452477
LS_00758,80.56683353985663,7.634022325133049,11579.41450896891,660.0015046177044,80.5610255073013,7.628227786938829,80.57264204524364,7.639817591769141
LS_00759,80.5630144636273,7.624645233154297,9732.700511774197,1028.3505788601833,80.55721253159274,7.618851717829246,80.56882889891702,7.630441609821862
LS_00760,80.56136016845703,7.626548767089844,27768.26775567682,1537.1940175427617,80.55555140441257,7.620753480178805,80.56716786799393,7.632343416026901
LS_00761,80.5687472479684,7.624483108520508,2457.8145216552857,307.5840276305269,80.56293904479034,7.618688198513286,80.57455526241266,7.6302779456331455
LS_00762,80.57057881355286,7.6219329833984375,11722.730925802474,626.4289513448047,80.56477062402095,7.6161381002150454,80.57638672265037,7.6277277985608585
LS_00763,80.5634027296497,7.619758605957031,6152.507643008572,506.8386296680706,80.55759406602826,7.61396393990267,80.56921028447593,7.625553817409618
LS_00764,80.5650282965766,7.61796760559082,6977.405202627902,524.1164221989986,80.55921732537207,7.612173128448856,80.57083345176758,7.623762963205707
LS_00765,80.56618785858154,7.614192962646484,2568.780680795545,265.71226576698183,80.56037995284278,7.608397859795651,80.57199594241146,7.619987661491083
LS_00766,80.563724899292,7.613941192626953,3648.042000159899,344.39874426593525,80.55792345508628,7.608142410621785,80.56953949950778,7.619732274043906
LS_00767,80.56312209909612,7.61357307434082,1722.786643123395,222.83945465815674,80.55731432607077,7.607778085323824,80.56893037552618,7.619367963749108
LS_00768,80.55786868504116,7.618295669555664,13940.89011534303,556.5228762578773,80.55206138494923,7.612500614055021,80.56367770164265,7.624090629699735
LS_00769,80.55887948142157,7.616512298583984,3524.4317447959174,399.0147442249044,80.55307140955138,7.610717368118916,80.56468764992294,7.622307356491459
LS_00770,80.55849945699956,7.616840010655864,1877.7755679362674,171.0617896337539,80.55269137489502,7.611045284732054,80.5643076342107,7.622635283018837
LS_00771,80.55898213386536,7.614673614501953,1632.9052768168312,147.35497795961209,80.55317398943485,7.608878586809264,80.56479017485584,7.620468570742034
LS_00772,80.56288735071817,7.609586715698242,6149.812856737675,504.7751905755837,80.55707930806595,7.6037917406092665,80.56869525006817,7.615381620998337
LS_00773,80.56665579477945,7.605730056762695,1167.9159806933333,134.4997769763017,80.56084144483856,7.599927500432758,80.572457181953,7.611517282169784
LS_00774,80.5507743358612,7.60614013671875,2493.6857188383237,227.24371848320567,80.54496596466596,7.600345007561567,80.55658211429864,7.611935189463455
LS_00775,80.54569189889091,7.619377136230469,4048.6072653371216,481.83568909784617,80.53988350286309,7.613581938892103,80.55150015797544,7.625172262540929
LS_00776,80.54414653778076,7.61851692199707,3554.7730978116483,463.69640149132533,80.53834773681369,7.612713927521083,80.5499644059094,7.624304288917844
LS_00777,80.54564630063093,7.631688864925612,10886.236844653198,789.6744135984468,80.53982137093561,7.625892529380094,80.55143837918195,7.637482867564479
LS_00778,80.5479736328125,7.628507614135742,3786.8765443369507,340.8177699824398,80.54216586959559,7.622712069470609,80.55378272770496,7.634302345184893
LS_00779,80.54422817230224,7.629228591918945,1585.7458925446724,158.2491340211871,80.53841944620879,7.623433375987422,80.55003641960992,7.6350237469274385
LS_00780,80.54669532775878,7.62537956237793,1710.415462560025,189.05919598335944,80.5408867571732,7.61958437856902,80.55250355828932,7.631174683256945
LS_00781,80.54574728012085,7.625331878662109,4198.584718000124,454.9159582419735,80.5399384095968,7.6195368607216984,80.55155523331261,7.6311271892612575
LS_00782,80.54644648234049,7.623512268066406,5565.573007006325,515.0429288532554,80.54063976471737,7.617717085691382,80.55225651875986,7.629307394642415
LS_00783,80.54443448607685,7.655160903930664,13068.920596871563,916.4469526002034,80.53862556580802,7.649365673236196,80.55024327626134,7.660956066380511
LS_00784,80.53933891822354,7.667060019524175,3495.3166133270283,334.6202669414182,80.53352974455929,7.661264716410416,80.54514792582584,7.672855251207504
LS_00785,80.53884711265565,7.666393280029297,1921.845729181882,224.01887839251995,80.5330474302559,7.660586654443614,80.54466560428351,7.672177200726289
LS_00786,80.53589967711476,7.666307449813548,2904.907998377442,292.4307632095034,80.53009042397211,7.660511980487858,80.54170867089063,7.672102601547226
LS_00787,80.51201629638672,7.678369522094727,528.6457811624591,110.7946570720504,80.506206524951,7.6725739608683154,80.51782572477012,7.6841651994971025
LS_00788,80.46756818860311,7.6682419889560665,8222.94705295069,379.6022222033433,80.46175821262482,7.662445782113304,80.47337824090903,7.674038126913767
LS_00789,80.41247081756592,7.644655227661133,5962.753776512243,342.61962580847205,80.40665988407532,7.638857856325746,80.41828060432121,7.650451541478741
LS_00790,80.44401509421212,7.625156402587891,10547.27556514206,430.15025066842986,80.43820613401225,7.6193608689523735,80.44982550392587,7.630953742677609
LS_00791,80.44712734222412,7.602775573730469,9129.259569136255,580.9616139011393,80.44132135446088,7.596973439328765,80.45294000054793,7.608566204342501
LS_00792,80.4467651685079,7.6116790771484375,82715.29194095921,1574.7535960011683,80.44095735789455,7.605887150759061,80.45257627012052,7.6174799372731075
LS_00793,80.44711575303211,7.609008683000711,8760.67086927277,542.3411545615425,80.44130823904686,7.6032126257567505,80.45292706538075,7.614805399826214
LS_00794,80.44588323362791,7.610032543421185,19023.680814590778,1191.662404609704,80.44007398166944,7.604236276424563,80.45169286820948,7.615829082530234
LS_00795,80.44030517500804,7.607165956681276,10633.92212322124,572.2361074908853,80.43449705835705,7.601369457084848,80.44611600065586,7.612962397326253
LS_00796,80.44147062301636,7.606119155883789,12623.413952940382,935.0585701568269,80.43566129682476,7.600323010607517,80.44728018002492,7.611915920530987
LS_00797,80.44182613917759,7.605497360229492,12778.002166678163,928.2368115462413,80.43601647235954,7.599700878947014,80.44763532879199,7.61129377919262
LS_00798,80.31356048583984,7.6046295166015625,7194.543578750575,541.1080915260437,80.30774873903081,7.598831906874246,80.31937072414222,7.610427952557387
LS_00799,80.42898120378193,7.595722198486328,3896.705902152182,270.96699395110153,80.42317167348253,7.589925321572612,80.4347905660701,7.601518525298382
LS_00800,80.36738513941931,7.529663666837686,4422.301018895023,297.08290592326927,80.36157528780099,7.52386588088654,80.37319378409151,7.535460487207905
LS_00801,80.5376968383789,7.59345817565918,8968.684397588497,429.95745898555487,80.53188309085482,7.587659078075774,80.54349920853721,7.599249574997832
LS_00802,80.56432723999023,7.517568588256836,8470.166107017372,405.65326957342666,80.55852065760419,7.511774264868358,80.57013396225317,7.523364017567875
LS_00803,80.56818215052286,7.528720855712891,14895.345340384716,1047.0254357220504,80.56237456546133,7.522925250408646,80.5739880873547,7.534514918106797
LS_00804,80.57385047276816,7.535280227661133,2713.0833814778284,239.23972633187904,80.56804352666725,7.529485424511895,80.57965709125614,7.541074957057396
LS_00805,80.55806040763855,7.572029113769531,4333.51046004553,276.6880567737792,80.5522528071102,7.566234097684872,80.56386780485519,7.577824061661521
LS_00806,80.55919089220991,7.572536468505859,4684.004096937861,270.6596456747998,80.55338321792638,7.566741459894893,80.56499820164672,7.578331396054646
LS_00807,80.56008973121644,7.569000244140625,4515.354671255488,292.0240732497837,80.55428215842186,7.563205252992714,80.5658970194607,7.574795163057944
LS_00808,80.57833077470727,7.571705696928868,8584.708044852838,374.8573571056628,80.57252352128884,7.565910934000319,80.58413800010365,7.577500388975703
LS_00809,80.59354572687005,7.584734220595652,6276.5014336939075,450.1152902940489,80.58773848652127,7.578939634528673,80.5993529493443,7.5905287183307495
LS_00810,80.57044996534074,7.542211532592773,5435.227175572086,379.9466386494686,80.56466070308085,7.536386350729468,80.57627454663543,7.547975974495916
LS_00811,80.57283673967635,7.541784286499023,7121.907767135591,494.37297064870774,80.56702964778056,7.535989619290591,80.57864342080896,7.547579183443391
LS_00812,80.57554304599762,7.541530609130859,2578.070346684087,195.00800705525148,80.56973605536552,7.535735826727481,80.58134975341918,7.547325322948638
LS_00813,80.58557135264078,7.5957183837890625,1647.8706852137423,187.8809645559076,80.57976378623688,7.589923701137721,80.59137876129552,7.6015129960935655
LS_00814,80.5815842019187,7.595767974853516,972.2019896160274,160.67760658107417,80.57577659150456,7.58997324115262,80.5873916687978,7.601562636761791
LS_00815,80.57925902910995,7.59559743290174,1593.418896020002,159.96157900348828,80.57345119010014,7.589802853386857,80.58506632134738,7.601392307486381
LS_00816,80.58064235913041,7.593875146113655,5493.743890417092,426.27236673146217,80.57483543616709,7.588079979451463,80.58645048363323,7.599669397032976
LS_00817,80.58811211159525,7.6018328931205,5374.7170133895215,303.63533342685867,80.5823042380319,7.596038777404844,80.59391932192854,7.607628013776129
LS_00818,80.59601974487305,7.541149139404297,14951.006662998452,727.6704687401277,80.59021308113111,7.535354613119935,80.60182625443468,7.546943596033691
LS_00819,80.61436875661215,7.536079406738281,23615.07212511823,1131.7856289802282,80.6085603924643,7.530285128981464,80.6201729620118,7.541873646879915
LS_00820,80.6110921024466,7.528407158920998,7084.507566378268,709.9252792798598,80.6052859238742,7.522612920215798,80.61689836116689,7.534201514014137
LS_00821,80.60980138778686,7.529449462890625,31677.93554979455,1811.417555263074,80.60399502164671,7.523655114226942,80.61560752055682,7.535243741289242
LS_00822,80.6021700521414,7.544652039789659,2234.9979937483076,237.68459842301448,80.59636341963197,7.53885767346217,80.60797653653655,7.550446505040524
LS_00823,80.60206937789917,7.53776741027832,1313.6185671580681,138.01326647672988,80.59626286292524,7.531972960726107,80.60787578924658,7.543561788892573
LS_00824,80.59932226293228,7.540489196777344,3351.0713537520146,277.7870899383596,80.59351562733869,7.53469484027811,80.6051286990889,7.5462837397491835
LS_00825,80.56065702438354,7.59068489074707,2109.741603981065,186.8860850000322,80.55484923794388,7.584889896539036,80.56646469924155,7.596479814175907
LS_00826,80.56742525100708,7.5924835205078125,6623.858023141407,539.8035215752735,80.56161238963197,7.586684797259396,80.57322773138655,7.598274546591859
LS_00827,80.5690218601128,7.555891264324417,4052.011215835775,329.81286760522585,80.56321473377261,7.550096392552362,80.57482900011499,7.561686065863226
LS_00828,80.60900515362732,7.512670516967773,2726.0664983059246,297.6144139652483,80.60319887410844,7.506876311532308,80.61481092404128,7.518464944483339
LS_00829,80.6392912864685,7.5771636962890625,5944.292733567696,353.57233154194563,80.63348459899476,7.5713697016303625,80.6450976889654,7.582957622035601
LS_00830,80.63866424560547,7.603670120239258,9103.471957096639,484.0907257534703,80.63285724250606,7.597876106603354,80.64447109321709,7.609464062298429
LS_00831,80.63676756620407,7.597873687744141,5552.906994375779,353.2489586393271,80.630960728891,7.592079305580551,80.64257446484216,7.603667305275259
LS_00832,80.6855123837789,7.605295181274414,3641.180645762961,325.7686070138362,80.67970179084661,7.599496043870936,80.69131448782143,7.611082804106474
LS_00833,80.68620745340982,7.603578567504883,1541.4234281465403,235.4650881145028,80.68040116185892,7.597785466032812,80.69201379300651,7.609372207379326
LS_00834,80.68416690826416,7.599733352661133,898.5286593421953,155.45852425231385,80.67837254498156,7.593924733895347,80.68998512020829,7.60551152501207
LS_00835,80.69129123687745,7.597919464111328,16075.07561252763,809.3822473399786,80.68548499934361,7.5921261234248165,80.69709734170927,7.603712731361652
LS_00836,80.69842553286558,7.598767457513741,6667.114093315724,403.5347327480468,80.6926193347176,7.592974209142843,80.70423151745536,7.604560634628929
LS_00837,80.70993443539268,7.602691650390625,11777.447834206503,818.0086050038602,80.70413367547984,7.596896243165121,80.71574567131857,7.608482374945719
LS_00838,80.70310926437378,7.598613739013672,20087.308124170308,1190.5009153865612,80.69730313925865,7.592820550907537,80.7089151972562,7.604406856131555
LS_00839,80.71765041351318,7.594842910766602,39511.41367243126,2566.890658465171,80.71184455711345,7.58904990862255,80.72345613568493,7.6006358385173725
LS_00840,80.70379824108548,7.587017059326172,2186.53093596023,182.00413768514198,80.69799230569775,7.5812238820584135,80.7096040227056,7.592810163756759
LS_00841,80.68438259760538,7.571434020996094,28476.601073602378,1285.3067146567228,80.67857628738376,7.565640306494372,80.6901880677351,7.577227076227056
LS_00842,80.70675349235535,7.595949172973633,2797.4558603335763,330.31185320983195,80.70094740884163,7.5901559339126985,80.71255929877542,7.601742144261826
LS_00843,80.70510832468668,7.601863861083984,4500.322734487529,485.52250391182804,80.69930274418185,7.596070690776232,80.71091484140413,7.607656946287535
LS_00844,80.70383012472911,7.6036921247273135,1418.7574485982523,165.839592595719,80.69802396904605,7.59789894174372,80.7096361502146,7.609485231017033
LS_00845,80.70451927185059,7.603845596313477,694.0947455636096,106.56246293618464,80.69871311024997,7.598052423984235,80.71032527795953,7.609638695631004
LS_00846,80.67553473252516,7.599855422973633,6790.921161756956,487.6922765138247,80.6697283311422,7.594061450377454,80.6813411318859,7.605648462769901
LS_00847,80.67635197109647,7.601083755493164,2352.92223964801,232.92203316405752,80.67054494666594,7.595290570289973,80.6821577608943,7.606877562533084
LS_00848,80.68679507573447,7.59089469909668,418.79510660783944,82.85450378322179,80.68098885213962,7.585101303829098,80.69260111364626,7.596688022982853
LS_00849,80.6875581741333,7.588361740112305,3934.7437488684745,266.98623719777976,80.6817520942274,7.582568521387248,80.69336426544497,7.594155219595494
LS_00850,80.689215696775,7.583560943603516,9955.498648266386,775.9102180865699,80.6834095546661,7.577767697271496,80.69502154943943,7.58935435042026
LS_00851,80.68775749206543,7.583465576171875,4809.213760108813,344.76552893334383,80.68195112486153,7.5776724698425415,80.69356315434177,7.589259160219538
LS_00852,80.68887290954589,7.579864501953125,3703.4106550927136,389.74741424589513,80.68308252240216,7.5740615993146205,80.69469442219896,7.585648258762849
LS_00853,80.68464732170105,7.5815887451171875,4355.295874724348,459.8601456733734,80.67884103979378,7.5757960294828175,80.69045309656113,7.587382798264805
LS_00854,80.68766543978737,7.5810394287109375,2024.1027964816271,192.8246781469643,80.68185931910776,7.575246046531085,80.69347128325634,7.586832737894938
LS_00855,80.68155338650658,7.581666946411133,2794.276415001217,349.7203861253661,80.67574716687623,7.5758734880631105,80.68735930498681,7.5874603358977195
LS_00856,80.68073544135461,7.582586288452148,2897.9959108822213,223.732469247783,80.67492918353844,7.576793046406557,80.6865413682508,7.588379915661932
LS_00857,80.67897371564592,7.580959320068359,5360.972044479675,278.5776255560821,80.67316731649333,7.575165824203603,80.68477950084505,7.5867527374759005
LS_00858,80.68124651908875,7.581409454345703,1965.7193018760913,227.88393239755885,80.6754408868457,7.5756158321386255,80.68705302560073,7.587202687642703
LS_00859,80.67922744750976,7.575376510620117,26233.06764005145,1647.6374348720517,80.67342134670844,7.569583146123209,80.68503336875335,7.581170049617976
LS_00860,80.67587290819998,7.568724047990028,6416.253487478287,293.2952925863091,80.67006682454743,7.56293085247047,80.6816787467103,7.574517837483268
LS_00861,80.6971256619408,7.566131591796875,7117.335063494197,873.8731184566833,80.69131990876866,7.56033839120348,80.70293121563368,7.571924832810168
LS_00862,80.71489715576172,7.562582015991211,10579.811193787531,505.2151520106934,80.70909170187163,7.556788987108696,80.72070245500238,7.568374972739099
LS_00863,80.69658327102661,7.589151382446289,2987.559598014361,268.5496418509306,80.69077724674631,7.583357975566124,80.70238920849324,7.594944443217212
LS_00864,80.69878937114369,7.589643478393555,2731.3976275347145,228.18345971611132,80.6929832815362,7.5838502388240006,80.70459520037501,7.5954366502239115
LS_00865,80.70714092254639,7.537265777587891,5725.121184553584,357.77635732956315,80.70133590569547,7.531472655526918,80.71294615612007,7.543058826948206
LS_00866,80.69390106201172,7.513055801391601,30456.29886575024,1489.1761922321966,80.6880960261038,7.507262517983314,80.69970594434986,7.518849013139717
LS_00867,80.70770586453952,7.517221450805664,1805.725620573885,192.61182448453928,80.70190096568601,7.511428258214206,80.71351064800992,7.523014405337983
LS_00868,80.63301229476929,7.514089584350586,5651.401917438789,289.77462768554165,80.62720688531427,7.508295530013383,80.63881837152273,7.519883562029423
LS_00869,80.66323770053476,7.570392110794747,1706.0383838268956,207.53607680499246,80.6574310804291,7.564598417349271,80.66904337137196,7.576185724940496
LS_00870,80.65849113464355,7.563951492309569,26866.505214617257,1352.2875225132805,80.65267377218724,7.558150115690403,80.66428600412968,7.569737539927839
LS_00871,80.65640746474222,7.563623807963156,14458.7454552268,690.9739341622357,80.6506012347524,7.557830191811653,80.66221351047923,7.56941766844367
LS_00872,80.64743121465048,7.553106307983398,6811.466253505637,411.7363068464207,80.64162507383674,7.547312424611582,80.65323728373991,7.558900121517273
LS_00873,80.64703008863661,7.551525115966797,5862.72447805351,323.326208647651,80.64122388869718,7.545731039554486,80.65283606460773,7.55731874549997
LS_00874,80.63642018181937,7.566593170166016,23079.246546778028,944.637693193205,80.63061676982154,7.560793420370351,80.64222963613203,7.5723814056768965
LS_00875,80.6679561708431,7.558617954930213,2091.0755963744928,188.16998224406234,80.66215003488094,7.5528243306517915,80.6737618770389,7.564411510790498
LS_00876,80.69532585144043,7.558599472045898,775.9798078968037,117.4643656765504,80.68952018211237,7.552806195430882,80.70113132566827,7.564392678953742
LS_00877,80.6960666179657,7.558990478515625,1901.4813817342074,168.36047496269245,80.6902594706636,7.55318958002937,80.70187060597642,7.564776044903724
LS_00878,80.72979412078857,7.560569763183594,722.9979976318948,108.39564199588986,80.72398881387949,7.554777015082701,80.73559912900903,7.566362618367564
LS_00879,80.73161641756693,7.566963195800781,3510.2329134916636,557.7791089356238,80.72581112720326,7.561170207993743,80.73742157242435,7.572755767177113
LS_00880,80.69058333502875,7.540063858032227,14104.003605145042,1080.0129578261974,80.68477786645856,7.534270525677593,80.69638861653678,7.545857119847861
LS_00881,80.68166875839233,7.545356750488281,4712.9083972840945,354.46585907885503,80.67586329598291,7.539563420502347,80.68747441998042,7.551150244215811
LS_00882,80.71845682462057,7.5829620361328125,4957.459012416016,319.70402340631557,80.71264410129002,7.5771614179685,80.72425532865704,7.588747321932105
LS_00883,80.72123227800643,7.589715957641602,2356.4238745494054,287.5225679556913,80.71542663509503,7.5839230002466715,80.72703797877284,7.595508835770616
LS_00884,80.71996270285712,7.594715118408203,2626.1266424735263,204.81333415756075,80.71415684063219,7.588922146384077,80.72576835606762,7.600508016773178
LS_00885,80.71928198725165,7.594751001454471,1287.1845059268971,139.64149107237571,80.713476141768,7.588958020883884,80.72508767574308,7.600543908791485
LS_00886,80.7206916809082,7.593976974487305,2824.4348587784884,282.92217709226986,80.71488583131875,7.588184014653014,80.72649730743122,7.59976986596841
LS_00887,80.72289709611373,7.593420028686523,20041.501765124838,1463.3588571850842,80.71709135169385,7.5876269845670885,80.72870275546833,7.5992127789188695
LS_00888,80.72369027137756,7.597911834716797,17439.301695777445,1647.9381093871848,80.71788444664807,7.592118910250393,80.7294959549199,7.603704686150324
LS_00889,80.73985966769132,7.591634750366211,14076.061355110529,729.3557446717119,80.73405347883488,7.585841584078007,80.74566439533247,7.597426940988028
LS_00890,80.73875503540039,7.591459274291992,2522.770804397011,186.29502278250956,80.73294951691607,7.585666690977428,80.74456045707501,7.597252076271589
LS_00891,80.74466342926026,7.545726776123047,1687.1364371180216,216.28684635305626,80.7388587297521,7.539934218400657,80.75046825312397,7.5515194347980685
LS_00892,80.71918034553528,7.527103424072266,4581.734903672155,471.37729983403085,80.71337544939895,7.521310457412138,80.72498511183576,7.532896317350512
LS_00893,80.71998389561972,7.528993606567383,4478.511169453797,356.9732869695193,80.7141790732994,7.5232006489731615,80.7257887673558,7.534786489291415
LS_00894,80.73779522745232,7.532793045043945,4534.3653237392855,399.9628714801837,80.73199022732075,7.527000131210557,80.74359957056801,7.53858551854373
LS_00895,80.7366840839386,7.529033660888672,6850.769004488365,748.0732330115057,80.73087837356825,7.523240922967726,80.74248764179055,7.534826337242108
LS_00896,80.74348282814026,7.524101257324219,2813.953946550095,243.34924239432513,80.73767817501796,7.518308602905395,80.74928713350478,7.529893841586375
LS_00897,80.74010072435652,7.522937774658204,9176.570204184105,722.1975732081931,80.7342965171164,7.517145295493414,80.74590553017981,7.528730620113064
LS_00898,80.74411273002625,7.514604568481445,3036.2245172199227,311.56572075003436,80.73830830139036,7.508811921802445,80.7499169829241,7.520397140892552
LS_00899,80.74385258810861,7.513967514038086,1636.5852896740432,157.98468289251045,80.73804815197877,7.508174867067176,80.7496568226797,7.519760092561077
LS_00900,80.7601387500763,7.516788482666016,14528.315219597658,526.1262515603756,80.75433455101593,7.5109960409483305,80.76594288211041,7.522580851283353
LS_00901,80.74680341267852,7.5196242944998515,886.8475649773461,122.61239244723139,80.74099898054725,7.513831684422677,80.75260773103872,7.525416836633928
LS_00902,80.74932940800986,7.512859344482422,405.37541341695606,83.02559548789775,80.7435250717772,7.50706682132312,80.75513357200262,7.518651906625941
LS_00903,80.75258286794028,7.526662826538086,3824.678526359147,243.46782298381353,80.74677837778391,7.520870517256731,80.75838717347092,7.532455524142046
LS_00904,80.7990057889153,7.535552978515625,5095.117892362234,518.7376059181116,80.79320176740168,7.529761087529033,80.8048096115631,7.541344904092196
LS_00905,80.78001955577305,7.5149993896484375,594.3913874203564,103.18528703617719,80.77421558507535,7.509207239716143,80.78582335691517,7.520791540280929
LS_00906,80.77943838967218,7.5150394439697275,869.1353932458476,134.79902065837285,80.7736344238021,7.509247249610319,80.7852422116707,7.520831565090075
LS_00907,80.74749406178793,7.582094192504883,1967.6458393233643,165.295160234866,80.74168883578729,7.576301578725768,80.7532992907164,7.587886735394486
LS_00908,80.73009276390076,7.603338241577148,2865.8930910898252,216.38064958805617,80.72428681893645,7.597545205885608,80.73589831288805,7.609130819157421
LS_00909,80.80922836727567,7.44410514831543,4672.435382505403,438.6451429683192,80.80342574674464,7.438313341500689,80.81503084600479,7.449896881243526
LS_00910,80.80723920735446,7.4433441162109375,7415.170206435274,630.874000368396,80.80143660778569,7.437552205392578,80.81304173734168,7.4491357957439455
LS_00911,80.81031680107117,7.440925598144531,1463.7631675156697,149.63747301343741,80.80451422294318,7.435133805968114,80.81611920870293,7.446717317498272
LS_00912,80.80099430084229,7.427009582519531,285.6257787769192,64.03725110586058,80.79519180485033,7.4212176723751355,80.80679665353561,7.432801419013173
LS_00913,80.79719066619873,7.428308486938477,1344.3373705579709,136.5171276053006,80.79138810004387,7.422516597918001,80.80299308054808,7.434100441446934
LS_00914,80.79770771662393,7.427816390991211,415.4793124658217,74.22311140884545,80.7919051492794,7.422024439803625,80.80351010336327,7.4336082701039885
LS_00915,80.80530309677124,7.43519401550293,1170.5290363457893,135.21827128671578,80.7995005489341,7.429402159448691,80.81110550824903,7.440985797854319
LS_00916,80.80745339393616,7.430110931396484,2857.833511935678,253.25919241220313,80.80165098056649,7.424319102732984,80.81325574817026,7.435902685608749
LS_00917,80.80658629361321,7.428224563598633,1818.92775563553,164.65437727216687,80.80078385979542,7.422432725105211,80.81238859873612,7.434016329753691
LS_00918,80.80743106206259,7.4267425537109375,378.5561633858738,71.1824270685394,80.80162866423683,7.4209507259623,80.81323334177274,7.432534308892093
LS_00919,80.80590309816247,7.427947998046875,1171.3466040472351,140.411220916308,80.8001006183542,7.422156148204824,80.81170536726384,7.433739770189968
LS_00920,80.78772958119711,7.468107223510742,1095.8952361721124,143.1706121657576,80.78192635977913,7.462315141673964,80.79353265751207,7.473899234188969
LS_00921,80.79049698919312,7.467473983764648,2265.5451354116594,262.2303752905169,80.78469380990306,7.461681936285329,80.79630001971643,7.473265958051899
LS_00922,80.7836856376834,7.466779708862305,2924.9712721975293,201.40669543735663,80.7778823732015,7.460987458800303,80.7894887382476,7.472571654146293
LS_00923,80.76666005452475,7.460443496704102,2027.5530778920922,205.2412010776857,80.76085661328935,7.4546512169208485,80.77246324046261,7.466235843931228
LS_00924,80.76555660792759,7.484895706176758,2769.374640912534,322.0948506064256,80.75975282817627,7.479103398514533,80.77136014899028,7.490688060804378
LS_00925,80.76502948648789,7.488349914550781,2818.9626535317243,197.60521620955814,80.75922570764739,7.482557539526303,80.77083313612141,7.494142216277738
LS_00926,80.76471309661865,7.479866027832031,8054.485675221291,651.990823356791,80.7589092659053,7.474073931206056,80.770516471179,7.485658613499087
LS_00927,80.74659887949625,7.503145217895508,2460.5270789612214,205.06066240314863,80.74079485289359,7.497352603574752,80.75240315664836,7.508937755078206
LS_00928,80.7458890914917,7.504474639892578,3059.8093868709875,284.60193867829275,80.74008495602098,7.498682021553481,80.75169331433311,7.510267191631791
LS_00929,80.74143977695041,7.507238388061523,3735.398025316391,370.7533354423889,80.73563542568881,7.501445709405706,80.7472439734073,7.513030993912788
LS_00930,80.72831925286187,7.468873977661133,1444.1636096332268,161.3189665607311,80.72251526189949,7.4630811405535775,80.73412309289802,7.474666742808149
LS_00931,80.7439785684858,7.477710723876953,4919.916441156844,414.96602197402086,80.73817461702788,7.4719180821483615,80.74978229181325,7.483503291012926
LS_00932,80.74243207411332,7.477466583251953,5034.31914446723,434.0314461952582,80.7366282102261,7.471673858705954,80.74823591767526,7.483259106737525
LS_00933,80.74486287434897,7.474582672119141,3863.11379894131,368.8744709525979,80.7390598095734,7.468790570289151,80.75066737644353,7.48037575552658
LS_00934,80.75322010937859,7.472360610961914,4024.0328537941377,277.3443592490186,80.74741642500041,7.466567956653088,80.75902371862541,7.478152928904408
LS_00935,80.75768197377522,7.4774627685546875,3966.2971241663786,470.2022170322886,80.75187883183052,7.471670040100639,80.76348615089063,7.483254900602499
LS_00936,80.76692997720357,7.449204198202767,1675.8923176573714,164.65446694124074,80.76112678111313,7.4434118541017,80.77273309627813,7.454996470961559
LS_00937,80.76377010345459,7.450014114379883,1121.8596676470906,200.74626803532337,80.75800519939374,7.444208522673608,80.76961161551287,7.455793218958147
LS_00938,80.75356441073947,7.435674667358398,9294.07918578881,390.673119351957,80.74776130389114,7.429882156883924,80.7593675911403,7.441467107933743
LS_00939,80.75139165950898,7.433534941845302,5674.264166860723,388.2506381579444,80.745588462648,7.427742474317937,80.7571947468636,7.439327479537578
LS_00940,80.75041365623474,7.433605194091797,13025.251695997273,540.8522082856554,80.74460691580697,7.427805012684256,80.75621322655905,7.439390042719833
LS_00941,80.74236845970154,7.432159423828125,1366.2594289524186,179.43398945929175,80.73656501847289,7.426366941990936,80.74817149356011,7.437952174492284
LS_00942,80.74535942077637,7.418050765991211,2654.0496715077793,298.30131370121586,80.73956573446927,7.412250524842455,80.75117175091137,7.423835676414704
LS_00943,80.74547331541487,7.421886444091797,19845.8660474058,784.2206899596848,80.73967018860148,7.4160941081979335,80.75127630656166,7.427679258560678
LS_00944,80.73560854593913,7.421636581420898,998.4685963042616,128.42467529500212,80.7298052722185,7.415843845944749,80.74141163226338,7.427429244630167
LS_00945,80.73113738789277,7.436969757080078,1607.668359718745,194.0937578793057,80.72531627482314,7.431161787033115,80.73692316438884,7.442747305067667
LS_00946,80.73169832229614,7.441427230834961,1001.4431309443155,129.15166358441115,80.72590091657335,7.4356249816568,80.73750791285161,7.447210486815977
LS_00947,80.72976757498348,7.443330764770508,7654.885151635853,633.1456021229328,80.72396389143381,7.437537868109042,80.73557098874566,7.449123422921651
LS_00948,80.77060556411743,7.479785919189453,848.0828239788439,139.4085399659303,80.76480198553466,7.473993568241883,80.77640903817064,7.485578100356822
LS_00949,80.76380507151285,7.475337982177734,1197.765900010152,159.71692179588462,80.75799215033709,7.46953605684728,80.76959925539289,7.481120761129859
LS_00950,80.76309061050415,7.475736618041992,2200.1918853796565,253.9961958502466,80.75728712358183,7.469944222028486,80.76889425773331,7.481528944378709
LS_00951,80.76828106966886,7.479331970214844,4651.060245748463,430.9752913162596,80.76247777927705,7.473539501589905,80.77408487890172,7.485124092813562
LS_00952,80.75512385368347,7.471038818359375,3585.615003570949,385.2119583256678,80.74932016512467,7.465246320704292,80.76092737426981,7.476831244147156
LS_00953,80.75518751144409,7.46806526184082,2142.987253386545,208.84487344043117,80.74938384193148,7.462272645403523,80.76099096844177,7.473857566240367
LS_00954,80.75326290130616,7.466854095458984,1085.430892998061,130.62347089788454,80.74745924364191,7.461061574226703,80.75906638612396,7.472646543523318
LS_00955,80.76094695499965,7.463031768798828,629.3415617926219,98.3842126738607,80.75514336374853,7.457239427819188,80.76675020670157,7.468824200755434
LS_00956,80.75262233946059,7.4745025634765625,2149.8800519299084,211.22934297941705,80.74681856946194,7.468710032925082,80.75842593671157,7.480295021094212
LS_00957,80.74267139434815,7.463687896728516,739.8389463780125,132.8616631181694,80.73686771304868,7.457895386323043,80.74847503836432,7.469480623094253
LS_00958,80.74192911035874,7.467899322509766,4608.862757198669,414.44534618804886,80.73612531282274,7.462106656122408,80.74773277185504,7.473691913298115
LS_00959,80.75590324401855,7.455356597900391,4954.322048628544,427.14271234716756,80.75009970351185,7.449564195524477,80.76170646597558,7.46114909398181
LS_00960,80.75540069473959,7.454643526638278,2872.5787788803837,323.6280990420135,80.74959734756061,7.448850959663092,80.76120410339199,7.4604358706195475
LS_00961,80.76477704729353,7.427213668823242,739.8076420605628,121.51652272431568,80.75897409897293,7.421421298618957,80.77057987300236,7.433005963468614
LS_00962,80.7743401924769,7.425815582275391,6753.43245662373,612.2624863495339,80.76853737841981,7.420023334045031,80.7801428722418,7.431607756527908
LS_00963,80.71684424082437,7.469509124755859,6479.035505821224,630.8179198449827,80.71104137367308,7.463716368291174,80.72264951271875,7.475302260936802
LS_00964,80.71793879632543,7.463301702122099,6632.340896089693,349.2116039920471,80.7121347688026,7.457508735873291,80.72374271029685,7.469094598019594
LS_00965,80.64698787835928,7.498443603515625,3421.72635314554,365.54470682854594,80.64118245359792,7.49264973338963,80.65279315326836,7.504237402875011
LS_00966,80.68170963014876,7.490642547607422,3339.938147588926,330.8182653157007,80.67590473309346,7.48484911686704,80.68751434145513,7.496435907478821
LS_00967,80.69505047798157,7.506599426269531,3016.957777045704,327.56133912276937,80.68924500537216,7.500806151784786,80.70085471622261,7.5123926143442485
LS_00968,80.72647666931152,7.488121032714844,7384.873166779749,432.55358997824766,80.72067239044483,7.482328300677839,80.73228079511642,7.493913957873336
LS_00969,80.71799475647683,7.487739562988281,15255.40263190871,739.8596828280213,80.71219023188327,7.481946440759283,80.72379884151556,7.493532312793765
LS_00970,80.69677734375,7.477235794067383,6220.418800833031,335.0348340502233,80.69097276329984,7.4714425582214155,80.70258162184491,7.483028961326086
LS_00971,80.70259536396372,7.452585220336914,3084.4158025576808,340.82014686626974,80.69679121430521,7.446791986332216,80.70839924998481,7.458378229899465
LS_00972,80.7067288108494,7.453058242797852,8602.482022076549,638.4173292027093,80.7009247775663,7.4472651353117065,80.71253272198155,7.458851275106373
LS_00973,80.6857678623976,7.446743645871538,10877.064941928309,518.3494290640425,80.67997098538348,7.44094663652713,80.69157928420442,7.452533299337134
LS_00974,80.68430047035217,7.447105407714844,3359.3426351178655,227.229337770753,80.67849625591204,7.441312023061433,80.69010460179403,7.452898723058857
LS_00975,80.70222358289647,7.466077391986605,3217.8587081868013,304.7566740565901,80.69641930680149,7.460284226490437,80.70802772147611,7.471870486404662
LS_00976,80.68927640625925,7.458181381225586,3897.816254271858,270.75658137152004,80.68347211952569,7.452388064822895,80.69508064405062,7.463974646273061
LS_00977,80.68421459197998,7.462635040283203,4136.971902395108,258.8799422175466,80.67840756755753,7.456834021334617,80.69001634163855,7.468420732581583
LS_00978,80.67593245072798,7.439023971557617,1745.4294211052745,218.97846678153252,80.67012811373301,7.433230336411506,80.68173644800466,7.444817241141628
LS_00979,80.70799255371094,7.430011749267578,7327.266932377659,502.4628229570429,80.70219009347211,7.4242186697767645,80.71379737657716,7.435804766211612
LS_00980,80.6918251991272,7.430044174194336,12031.726513256503,579.9956063129097,80.6860213145084,7.424250887509646,80.69762900453729,7.43583738925938
LS_00981,80.67115311873587,7.423641204833984,7539.7388403749055,527.3171464906234,80.66534885724195,7.417847348299834,80.67695688968342,7.429434362859451
LS_00982,80.67246278127035,7.422922134399414,12400.683867442798,525.3890860230987,80.66665867911196,7.417128771817969,80.67826665915334,7.428715753255693
LS_00983,80.63471513894888,7.429759979248047,9182.744233285997,379.00993143646195,80.62891041581665,7.423965982735902,80.64051952477742,7.4355539084216655
LS_00984,80.6375803580651,7.441802978515625,8098.131249248454,442.6612597538836,80.63177564244552,7.436008816504149,80.6433850117614,7.447596680002548
LS_00985,80.63877010345459,7.443227767944336,2069.9259582556997,230.699793480413,80.63296082401114,7.4374300010898295,80.64457020294223,7.449017836144262
LS_00986,80.64732101985386,7.486650466918945,3876.1249626919293,259.5070160015856,80.6415154995387,7.48085632368344,80.6531258640138,7.492443976456062
LS_00987,80.66162204530974,7.469387054443359,5601.699053592941,401.21222465310046,80.65581721775168,7.463593380111509,80.66742674590847,7.475180662491501
LS_00988,80.66028467814127,7.470697402954102,7115.174821640554,351.5363085277362,80.65448014441084,7.464903416611672,80.66608974228275,7.4764907333765835
LS_00989,80.57917366027831,7.442434310913086,9701.583224212549,495.77681477847153,80.57336793449409,7.436639902812683,80.58497877154157,7.44822921441054
LS_00990,80.58133176962534,7.4258575439453125,7977.012059405504,522.6472425751565,80.57552391578828,7.420059795349405,80.58713423968283,7.4316490380971185
LS_00991,80.56663219134012,7.4663543701171875,6858.631144867485,480.8436062631465,80.56082616765055,7.460559516180535,80.57243798094261,7.4721491607868655
LS_00992,80.60148652394614,7.462381362915039,2679.6021598085663,210.10968021557704,80.59568120311673,7.456586941807355,80.60729204063611,7.468175719175624
LS_00993,80.57725811004639,7.435037612915039,3011.8358584783905,216.5340911465418,80.57145280842775,7.429242900202193,80.58306348744527,7.440832251985153
LS_00994,80.5584699789683,7.4832611083984375,10795.77543846021,573.6576700397945,80.5526636213433,7.477465939962932,80.56427610944505,7.489055803469656
LS_00995,80.60476614634196,7.492900848388672,3215.638206331418,261.02109060416205,80.59896080015882,7.487106728089091,80.61057240478864,7.498695450179571
LS_00996,80.6096356511116,7.493324279785156,2805.169260742117,213.4283294703817,80.60382434915277,7.4875375733854925,80.61543584415911,7.499126174457393
LS_00997,80.60228900909424,7.498577117919922,2739.6454000957388,231.73773402446244,80.5964829646586,7.492782690151959,80.6080947894842,7.5043714789593725
LS_00998,80.5837230682373,7.488969802856445,5770.533574951991,395.3363105212921,80.5779169816646,7.483174988259596,80.58952900173986,7.494764230917688
LS_00999,80.57211770855628,7.455502249476268,6404.261981934936,460.0138632336384,80.56631204850706,7.449707466680948,80.57792342348819,7.4612969650631396
LS_01000,80.57250428199768,7.488399505615234,18513.896960101007,1176.7841455592097,80.56670032847113,7.482606640884421,80.57831261182692,7.494196161613808
LS_01001,80.53212265014648,7.460811614990234,21449.005763319445,1832.7388837091016,80.52631477384553,7.455014898849098,80.53792728444995,7.46660538829918
LS_01002,80.50253438949585,7.4753570556640625,3056.627436575637,350.0972145510771,80.4967276506163,7.469561267550649,80.50834129755724,7.481152500327508
LS_01003,80.26555633544922,7.379758834838866,14270.018713166346,576.9688089954199,80.25974284445208,7.373954709750063,80.27135945781201,7.385551458789334
LS_01004,80.26781749725342,7.375051498413086,14890.563985661196,612.7174110775088,80.2620085379656,7.369252453410923,80.27362496364016,7.380849139936312
LS_01005,80.26683087782426,7.369405746459961,2898.2453693834295,201.91491168770602,80.26102260541929,7.363607367411065,80.27263889253601,7.375204065390485
LS_01006,80.27009989906387,7.367245044254605,3486.475540879248,260.57863298414816,80.26429179423027,7.3614467061043936,80.27590794317582,7.373043323442951
LS_01007,80.27143232869297,7.356506920468678,3263.670416521448,255.8932291025936,80.26562420843521,7.3507086047023895,80.27724001942575,7.362305169151081
LS_01008,80.27273178100586,7.341337203979492,6354.247502518969,360.8965369329336,80.26692403203411,7.335538921660197,80.27853938003277,7.347135425073047
LS_01009,80.27504207561543,7.338029861450195,11459.666611437238,445.8345573201983,80.26923425515825,7.332231613223977,80.2808494551807,7.343828056258487
LS_01010,80.28748798370361,7.3495330810546875,18626.338675678126,572.6286758682429,80.28168028993494,7.343735648376009,80.29329552732366,7.355331824690597
LS_01011,80.35727653503417,7.339948654174805,4614.286366168324,333.59278348115737,80.3514694088823,7.334150833148072,80.36308273709685,7.345745356742616
LS_01012,80.35672549377259,7.340847825715903,9756.300616605697,435.7218220640028,80.35091932374837,7.33505052968769,80.36253269029382,7.346645067788382
LS_01013,80.36866855621338,7.402988433837891,6274.305858855559,310.5221010160343,80.36286142577092,7.397191225790042,80.37447626691234,7.408785587643035
LS_01014,80.38126412367765,7.391730641061947,8317.043972072934,598.3886365488142,80.37545694672623,7.385933736717944,80.38707116861586,7.397527780059784
LS_01015,80.42344831165514,7.373279571533203,4954.652530931719,394.4958803954396,80.41764189143265,7.367483034576279,80.42925458575576,7.379076043083617
LS_01016,80.28776741027832,7.362358093261719,5914.343988983909,363.23942527423947,80.28195953690135,7.356560856901157,80.29357513320954,7.36815705203201
LS_01017,80.2826280593872,7.370246887207032,6884.026383283371,388.87342654199443,80.27682517191536,7.364450599116096,80.28844111359788,7.376046929883795
LS_01018,80.34858640034994,7.368619918823242,4756.861056928802,383.14275611626175,80.34277818221537,7.362821915468774,80.35439252575188,7.374416693998133
LS_01019,80.42202223902163,7.419939041137695,2626.824024545733,337.3340070280627,80.41621507724622,7.414142345907594,80.4278291198386,7.425735458594256
LS_01020,80.41652505214398,7.365314483642578,3085.511557743073,282.22518227420255,80.41071866486242,7.359517870771377,80.42233130105208,7.371111032425259
LS_01021,80.41774421268039,7.36955451965332,3558.5795269926043,304.08721035678025,80.41193770517205,7.363757920913855,80.42355043128917,7.375351059953978
LS_01022,80.41948175430298,7.370317459106444,11514.580718179857,566.4718139143903,80.41367478775811,7.364520882394586,80.42528749378656,7.3761139811498815
LS_01023,80.42012100219726,7.371236801147461,3575.254266583326,269.05345019812233,80.41431454186986,7.365440227345187,80.42592725841875,7.377033312223368
LS_01024,80.40907308790419,7.386220932006836,4237.589481813301,418.80995785706233,80.40325608447931,7.380419345011139,80.41486948678777,7.392012716807447
LS_01025,80.42690693248403,7.335424423217773,2422.660657127188,209.37477233236814,80.42110095279433,7.329627966257749,80.43271250464005,7.341220835775692
LS_01026,80.40683913230896,7.3509063720703125,12453.456596312373,680.808537212057,80.40103330312253,7.345111089632475,80.41264576585209,7.3567044595049556
LS_01027,80.54189462247102,7.406675338745117,8421.801183496058,588.3065530380366,80.53608943724711,7.400880458948767,80.54770019809254,7.412470649488596
LS_01028,80.53955161601736,7.395036768884024,4745.909062067031,261.8167796075978,80.5337462032358,7.389241618487931,80.54535669829043,7.4008318535484765
LS_01029,80.48346928187779,7.39732551574707,2445.6331569459758,253.83211812791407,80.47766319556098,7.391529689790552,80.48927511836648,7.403121289211771
LS_01030,80.46249866485596,7.363710403442383,3576.6820203064317,260.6754952829298,80.45669258365004,7.357914788132452,80.46830407377128,7.369506848125942
LS_01031,80.49748420715332,7.384458541870117,3202.4800132578603,265.63387492087867,80.49167269953433,7.378659071700044,80.50328392382478,7.390250316029171
LS_01032,80.47597460387004,7.375822409952921,4790.763334437881,469.000233334871,80.47016941955117,7.370026751661465,80.48178092309577,7.38161850394178
LS_01033,80.53455185890198,7.376594543457031,2312.9907060448263,218.2021916795534,80.52874679867274,7.370799344017734,80.54035690444813,7.382389680426515
LS_01034,80.5309997740246,7.386512756347656,5599.089427406405,490.3761543803605,80.52519464429868,7.380717704077964,80.53680511144633,7.392308137887633
LS_01035,80.52478232383729,7.391551971435547,5823.7150464462,365.84527494556914,80.51897653505921,7.385757250182586,80.53058729354571,7.397347840876973
LS_01036,80.52604039510092,7.389726638793945,10448.175276019876,426.47550942535815,80.52023517702474,7.383930738614518,80.53184585413024,7.395521296627877
LS_01037,80.54763078689575,7.410251617431641,5542.491734448325,299.21864805253267,80.54182527764982,7.404456555018616,80.55343599737051,7.416046609208911
LS_01038,80.56493759155273,7.414960861206056,1310.9726299633405,142.55915829905504,80.55913230295896,7.4091660095864995,80.57074272863423,7.420755644691415
LS_01039,80.56547697744344,7.414756940439689,1559.58270149727,164.90910658988213,80.55967028797639,7.408947072351339,80.5712806943591,7.420536694037716
LS_01040,80.5671649509006,7.4132537841796875,1718.3215496170587,225.9510446047408,80.56135972517455,7.407458958453965,80.57297004878848,7.419048537205149
LS_01041,80.62193981729644,7.3869125862411344,3494.4151348140763,235.79280915662102,80.61613562359933,7.381118650737307,80.6277438719909,7.392706858997349
LS_01042,80.63371658325195,7.417196273803711,5310.172494487872,327.398463947876,80.62791154427339,7.411401938271025,80.6395203324631,7.42298987920885
LS_01043,80.69679737091064,7.403215408325195,8491.689106247255,502.3951773093157,80.690993776101,7.397422396096399,80.70260061003084,7.4090087588082865
LS_01044,80.68706750869751,7.4055633544921875,5611.073372569205,505.2529589246687,80.68126344909572,7.399768265526281,80.69287059010048,7.411354872306553
LS_01045,80.68190383911133,7.4081573486328125,7113.201549693212,417.4437071718502,80.67610009305017,7.402364079836584,80.6877074337939,7.4139508168598365
LS_01046,80.67918014526367,7.406469345092773,1589.8611210999718,185.8336442239618,80.67337638825592,7.4006758323576705,80.68498375093075,7.412262636242412
LS_01047,80.68432393084979,7.3925331219392785,9199.2845761022,557.5779609254214,80.67852050521537,7.386739249054667,80.69012735981808,7.3983259165952795
LS_01048,80.70727030436197,7.387825012207031,5078.488214864266,382.09305820106636,80.70146711488013,7.382031819238789,80.71307326893358,7.393617912547681
LS_01049,80.68560922145844,7.389654159545898,1688.539187380215,163.96003959047636,80.67980572112354,7.383860927920308,80.69141246538223,7.395447561808755
LS_01050,80.67943492479529,7.384856882502091,22104.688569074588,1261.5673960819836,80.67363156774518,7.379063598897385,80.68523833522889,7.39065038340568
LS_01051,80.67527508735657,7.382518768310547,9360.538029935127,682.5649943530647,80.66947162662159,7.376725289623945,80.68107843393061,7.3883121759732635
LS_01052,80.68743908405304,7.37567138671875,4157.738456674221,370.3498273057387,80.68163581380485,7.369878156175636,80.69324213255466,7.381464736489963
LS_01053,80.6849912405014,7.36956787109375,4273.821589537933,300.9546949147744,80.67918726062753,7.363774821290883,80.69079347462134,7.375361458829642
LS_01054,80.66879606246948,7.368413925170898,6384.137393162506,381.5584276231787,80.66299267085118,7.3626203709646285,80.67459925534074,7.374207408960086
LS_01055,80.66463343302408,7.373064041137694,8138.376040064237,486.86705233187956,80.65883016337975,7.367270274740512,80.67043697750712,7.378857418738823
LS_01056,80.6908028125763,7.367462158203125,1535.9322993263424,156.3244146299276,80.6849996924772,7.361668877879674,80.69660570492047,7.37325537000771
LS_01057,80.69961345586613,7.370704667231582,1287.148111283021,143.28027290996062,80.69381044009386,7.364911494491335,80.70541632118258,7.376497769568395
LS_01058,80.69860363006592,7.368227005004883,3001.9920167340683,294.5018185963254,80.69280000494713,7.36243382965634,80.70440584409567,7.374020128518058
LS_01059,80.78946876525879,7.348697662353516,6012.1465515889795,355.8571725055352,80.78366716958487,7.342905615715711,80.79527021076899,7.354489637929119
LS_01060,80.78706979751587,7.355558395385742,4932.844911675517,453.41163956294713,80.78126346760084,7.349773946516738,80.79286675261775,7.361358030627645
LS_01061,80.7824158668518,7.352226257324219,1382.0279144955082,164.9962521184608,80.7766140615777,7.346434120632045,80.7882173742632,7.358018320659409
LS_01062,80.77309052149454,7.392601013183594,22974.823111272668,941.8722630755141,80.76728755678525,7.386808263489998,80.77889218680355,7.398392708510431
LS_01063,80.78574085235596,7.418706893920898,1898.7668346642704,226.4381415988863,80.77993825707523,7.412914792926975,80.79154326984091,7.424498924923817
LS_01064,80.76930440266926,7.415014266967773,2630.4472815482786,210.07717693307623,80.76350172962019,7.40922195655753,80.77510705931736,7.420806503385672
LS_01065,80.76982021331787,7.417455673217773,2492.498370463342,213.98540410017864,80.76401745513871,7.411663369293003,80.7756228376971,7.423247903788716
LS_01066,80.76132369041443,7.413476943969727,6529.948313825368,583.5121362103437,80.75552034262304,7.4076846902046265,80.76712583264836,7.419269438051097
LS_01067,80.74866930643717,7.404802322387695,3357.5786786394615,315.02391520581483,80.74286632329235,7.399009934791071,80.75447189820194,7.410594998458171
LS_01068,80.74161950747171,7.390893936157227,3672.984197606913,302.70356067762975,80.73581676048316,7.385101282942916,80.74742213695825,7.396686518477749
LS_01069,80.74099254608154,7.392206192016601,1662.7712191800579,223.75692526371682,80.73519026668865,7.386413525860646,80.74679569434649,7.397998777614455
LS_01070,80.72485385443035,7.380628585815431,1463.6208520977798,235.89575447479316,80.71905101460374,7.374835725011598,80.73065653411221,7.3864213759379185
LS_01071,80.78538370132446,7.373653411865234,5241.568028479627,505.0737453024639,80.77958166809196,7.367861415043873,80.79118547934289,7.379445545624757
LS_01072,80.79903864860535,7.383796691894531,5063.462830598314,355.1559443108066,80.79323661905848,7.37800482947829,80.8048403570635,7.38958861787019
LS_01073,80.77554321289062,7.368520736694336,1372.924970934676,152.1323290191136,80.76974117682133,7.362728574509993,80.78134509841136,7.374312951259253
LS_01074,80.76500606536865,7.36882209777832,1403.0192754185307,169.74654666712982,80.75920390430537,7.363029740745383,80.7708080989312,7.374614382088608
LS_01075,80.7907964070638,7.345613479614258,11205.24623108232,504.21019001554646,80.78499495815919,7.339821448850563,80.79659788369521,7.351405437065241
LS_01076,80.77352571487427,7.316688537597656,4453.590879676976,270.3772307854677,80.76772437479173,7.310896294712727,80.77932696230782,7.322480707751565
LS_01077,80.75919075012207,7.257665634155273,8331.01855676134,544.7222135683301,80.7533894503869,7.251873219125562,80.76499082742578,7.263457969646992
LS_01078,80.75889658927917,7.258487701416016,2317.1175014500486,275.5564700283614,80.75309579042141,7.25269528751239,80.7646971964706,7.264280045554397
LS_01079,80.75445365905762,7.265110015869141,2903.193930706478,294.66173389676476,80.74865291925056,7.259317646932019,80.76025461049649,7.270902516887777
LS_01080,80.75928429194859,7.248662948608398,2197.0284098821207,256.51469699986643,80.75348352021744,7.242870445491468,80.76508465686774,7.254455190691291
LS_01081,80.76075083242387,7.24512744683348,1654.4623714902032,152.96928225173525,80.7549502155806,7.239335059002735,80.76655122264229,7.250919766892728
LS_01082,80.73854528154646,7.249822616577149,6605.028994183299,377.56579034082455,80.73274440020283,7.244029954140676,80.74434607863007,7.255615210129198
LS_01083,80.73121738433838,7.245939254760742,1274.0282451902917,154.59909262646568,80.72541643252026,7.240146564134607,80.73701818818179,7.2517319984265
LS_01084,80.73421351114908,7.251298904418945,2202.6179718434073,258.2707543977292,80.72841231005445,7.245506372297999,80.74001413421566,7.257091735330729
LS_01085,80.73476730693471,7.252901077270508,899.7439830948382,148.27084814400033,80.7289662639861,7.247108308986018,80.7405681170144,7.25869365908253
LS_01086,80.68650172758393,7.244492227926887,4604.274313481265,261.3351025239199,80.68070000961727,7.238698933235929,80.69230282174814,7.250285460204028
LS_01087,80.63737201690674,7.252676010131836,4698.861951219827,487.69289242532227,80.63157112891513,7.246883168390218,80.64317535556725,7.258470894574498
LS_01088,80.63578224182129,7.249689102172852,1651.1566915295584,245.8703291522761,80.62998007532529,7.243895187019418,80.64158426026665,7.255482949454411
LS_01089,80.6417191416156,7.299037917064686,2155.3306765557595,223.7367925456599,80.63591642399568,7.293244052232586,80.6475217943513,7.304831707561803
LS_01090,80.54089164733887,7.329256057739258,6165.675143425128,345.8156354504544,80.53508724962873,7.323461223813049,80.54669589533093,7.335051354529654
LS_01091,80.59824040806538,7.2823526572502395,3286.746619449361,221.05056346571777,80.59243733155277,7.276558042897467,80.60404330808662,7.288146740927422
LS_01092,80.53979158401489,7.312541961669922,4535.885289241979,362.8687437939868,80.53398746180277,7.306746859511118,80.54559567495735,7.318336998463895
LS_01093,80.4746732711792,7.325590133666992,3477.2616858885985,217.86515110182697,80.46886812738617,7.319793902940964,80.48047826533247,7.331385620163959
LS_01094,80.4760930803087,7.297822952270508,4088.6145291185157,314.8911269227034,80.47028798414944,7.292027106851946,80.48189731997655,7.30361875349518
LS_01095,80.48633575439453,7.303348541259766,3153.2491933801393,306.3796136650442,80.48053146413584,7.2975527978104,80.492140707947,7.309144207476339
LS_01096,80.4879057000272,7.277123359818569,3787.9820916302933,282.6957504124565,80.48210112552253,7.27132741678204,80.4937096094747,7.282918755420332
LS_01097,80.49190177917481,7.276252746582031,3255.453522968239,238.36333667759754,80.48610202923358,7.270464723432687,80.49771039417196,7.2820559658131385
LS_01098,80.49349212646484,7.280860900878906,3811.0868668363923,299.7813091805949,80.48768782532646,7.275065263043499,80.4992962789062,7.286656473495281
LS_01099,80.49550490909152,7.28040885925293,3369.1644243241826,308.0314784679678,80.48970055244381,7.27461305274852,80.50130894559057,7.286204214699631
LS_01100,80.48082840406424,7.265092849731445,1351.3043900277848,156.93310528614575,80.47502415374618,7.259297075141261,80.48663247531817,7.270888566261103
LS_01101,80.4888403148698,7.259832331597695,3748.7987190623526,279.9159117470726,80.48303625949856,7.2540368374083775,80.49464424636179,7.265628131709289
LS_01102,80.47998650868735,7.260215759277344,8499.33238450127,401.37181975456963,80.47418225266654,7.254419623186697,80.48579046023877,7.266011127880943
LS_01103,80.500383913517,7.260608673095703,8897.169704901935,662.634676966894,80.4945807818882,7.254812267261957,80.50618851550074,7.266403288431659
LS_01104,80.49997558054572,7.2582387954961565,6318.289334314626,490.1806505115653,80.49417175889756,7.252443482149787,80.50577943736684,7.264034510102864
LS_01105,80.50101287024361,7.256425857543945,5868.986528360868,373.4683571694596,80.49520890913416,7.250630322404269,80.50681651328821,7.262221323475581
LS_01106,80.50134355122401,7.254238596597468,7609.363128583611,413.78614949170145,80.49553981801239,7.248443065854681,80.50714735443206,7.260034056363713
LS_01107,80.49609644272749,7.253826141357422,2490.611906960493,266.74077764851586,80.49029229557797,7.248030368160647,80.5018999454375,7.259621482713482
LS_01108,80.4943778514862,7.2546539306640625,1399.8128338517051,170.25220033131018,80.48856990776069,7.248850691124402,80.5001776210082,7.260441847571451
LS_01109,80.51932702281258,7.237613677978516,13088.42112923125,646.0928085930731,80.51352425500097,7.231818379068905,80.52513090979491,7.243408922433386
LS_01110,80.52988076210022,7.242694854736328,2891.665073979431,213.61359483707756,80.52407745786743,7.2368996731684625,80.53568399972305,7.248489971448492
LS_01111,80.50891957964217,7.245180130004883,5525.994101111457,346.843034295215,80.5031158539124,7.23938469643167,80.51472296257822,7.250975495980658
LS_01112,80.41763601547632,7.246837615966797,9760.828346197482,482.66909718395004,80.41183126076314,7.241041105939148,80.42344057070302,7.252634060466852
LS_01113,80.41692638397217,7.243356704711914,9152.25188041761,381.0248926965491,80.41112158463143,7.237560851386244,80.42273081505087,7.249153817206304
LS_01114,80.40262764335698,7.243858337402344,3817.013224807409,239.15477884040365,80.39682291361426,7.238061662775198,80.40843249271394,7.249654963733012
LS_01115,80.38912880420685,7.2463531494140625,2401.13945968755,186.86556064695571,80.3833173006744,7.240543246476582,80.39492726419489,7.252136866633942
LS_01116,80.37091255187988,7.25166130065918,5017.513689465712,291.75183073576096,80.36510716135398,7.245863952412541,80.37671769751616,7.257458005644033
LS_01117,80.41152627032037,7.311168587851328,2521.3432798078165,223.79794181447215,80.40572073839047,7.305372188155105,80.4173319783431,7.316965385313522
LS_01118,80.42030954360962,7.296802520751953,2172.121370872299,192.44143090726396,80.41450409736895,7.291006003033781,80.4261147294743,7.302598970768278
LS_01119,80.43754196166992,7.3034515380859375,2801.1561958484126,241.24148592110572,80.43173693021701,7.297655468393189,80.44334733892603,7.309248038454853
LS_01120,80.43831384181976,7.3167877197265625,2691.332507962004,278.71166915916297,80.4325083436936,7.310991401104264,80.4441191047298,7.322583972249725
LS_01121,80.32756354014079,7.247730255126953,6584.423320114359,344.03288269964605,80.32175764542977,7.241932308279199,80.33336907865338,7.253527359834545
LS_01122,80.31266069412231,7.248573303222656,5190.478661837984,301.6047313479052,80.3068595428557,7.242760314753695,80.31847134360686,7.254355711720643
LS_01123,80.2888081073761,7.245943069458008,2622.4545536477012,226.45920674263192,80.28300174286274,7.240145311880657,80.29461401998223,7.25174125272504
LS_01124,80.24319161309137,7.259210586547852,20407.64026558935,973.2520243027774,80.23738464652256,7.253412048305938,80.24899834402733,7.265009061283378
LS_01125,80.2333241454325,7.280961507508325,50864.12870452183,1076.8489080554996,80.22751012787032,7.275171416633016,80.23912466855607,7.286768702288336
LS_01126,80.25398283738356,7.2862701416015625,3214.561567592076,248.3577858370904,80.24817575408579,7.280471694302927,80.25978997059094,7.292068517342011
LS_01127,80.21993083953858,7.328950881958008,3864.101459653848,322.10324476336,80.21412272403529,7.323152000020802,80.22573894109881,7.3347496980801035
LS_01128,80.21831618414984,7.305402755737305,9679.93857791686,505.1229547306651,80.2125086488042,7.299603460603643,80.2241242295712,7.311201143500785
LS_01129,80.02109225856819,6.5635623931884775,19975.54383648112,703.3868023336205,80.01529207989697,6.557762427155068,80.02689141242844,6.569362380199895
LS_01130,80.47867886225382,6.710338592529297,7388.319763212837,415.2203183142219,80.47287742921402,6.704537442551266,80.48447111186299,6.716128244431652
LS_01131,80.44670896530151,6.80072021484375,5416.497903169596,388.00761073187306,80.44091057115209,6.7949243715868,80.4525072755928,6.806515999564022
LS_01132,80.37711165351719,6.791537093175133,6608.290705986249,455.37204916104065,80.37131264296376,6.785740500741678,80.3829106280858,6.79733363319834
LS_01133,80.2830720477634,6.811496734619141,8963.156925713412,632.7166134545738,80.27727252141642,6.805694158132845,80.28887305979208,6.817289354757357
LS_01134,80.21994209289551,6.8545989990234375,5675.401739812085,374.0301238077729,80.21414050242187,6.848800974151009,80.22574354362165,6.86039761310697
LS_01135,80.22099614143372,6.7825469970703125,10369.632973185455,499.86603014456733,80.21519559018326,6.7767487416852745,80.22679667914491,6.788345196092472
LS_01136,80.14593410491943,6.827991485595703,7689.107501122072,465.13111587622484,80.140132090151,6.8221920279243,80.15173598050183,6.833790170275418
LS_01137,80.18163276918264,6.910475544643042,13722.377683792189,743.2118279192856,80.17583113547997,6.904675981443594,80.18743650952904,6.916273568687302
LS_01138,80.1638355255127,6.913236618041992,31898.89843047149,1237.4785450623533,80.1580325399085,6.907437603626085,80.16963837012608,6.919035578067322
LS_01139,80.26647066186976,6.928232192993164,12889.352717516822,526.926955692513,80.26066855781579,6.922434856816447,80.27227258091895,6.934030652109917
LS_01140,80.25687656402587,6.893758773803711,4119.561777094533,338.03445595506867,80.2510747612969,6.88796078386001,80.26267806282988,6.899556714903155
LS_01141,80.21404893057687,6.86766242980957,13341.001702446158,592.4819270518774,80.20824740417628,6.861864004390856,80.21985092337657,6.87346079874035
LS_01142,80.30947971343994,6.908729553222656,4411.096257801736,348.4095290004019,80.30367855528348,6.902932111640137,80.31528111480365,6.914526929607917
LS_01143,80.40152479807536,6.907268524169922,6146.591808781545,410.5675892086981,80.39572435660305,6.901472367198081,80.40732484934058,6.913065156043031
LS_01144,80.47185039520264,6.956560134887695,2787.7302512632705,208.80099293104303,80.4660502444889,6.95076446153759,80.4776504641718,6.962355749073028
LS_01145,80.52240371704102,6.898357391357422,20399.64663650781,766.0999729305004,80.51660420955098,6.8925616641651954,80.52820176183315,6.904151735635111
LS_01146,80.68110370635986,6.966466903686523,1692.824894148028,169.99921008692678,80.67530573900343,6.960673498068687,80.6869014022465,6.972259984828829
LS_01147,80.70773158754622,7.035194396972656,18939.18987929852,745.142202623315,80.7019331369162,7.029401753491568,80.7135299430937,7.040987653021718
LS_01148,80.67063093185425,7.041833877563477,3325.2498073726865,235.31677410715588,80.66483195580804,7.036040453476398,80.67642981265355,7.047627234730085
LS_01149,80.66660751615251,7.03278923034668,14923.850486747695,1062.8813078433805,80.66080854197907,7.026995761245926,80.67240625877929,7.038582631357071
LS_01150,80.66318331503714,7.039496524941409,6827.642093675491,463.20613756452775,80.6573830188661,7.033703017594442,80.66898099080517,7.045289972980359
LS_01151,80.66424500314812,7.042726516723633,12947.70085618048,708.1687163264663,80.65844607530806,7.036933015730497,80.67004410618694,7.048519948257125
LS_01152,80.66198229789734,7.043910980224609,12720.263052392933,931.2486363605657,80.65618315861363,7.038117454251908,80.66778127373668,7.04970444095661
LS_01153,80.67846441268921,7.011676788330078,2887.6521053630313,277.5590100927317,80.67266587693052,7.005883468893356,80.68426276718229,7.017470046056562
LS_01154,80.6788347032335,7.013437271118164,4985.853454091095,296.72686892332064,80.67303617381486,7.007643953139988,80.68463310086901,7.019230522703273
LS_01155,80.68359184265137,7.015146255493164,17463.825681548296,960.1035113874136,80.67779331821771,7.0093528066725845,80.68939017734188,7.020939265289172
LS_01156,80.68802242279052,7.008388519287109,2272.0917531218847,213.13653889415096,80.682224071426,7.0025952260586015,80.69382065154556,7.014181576210058
LS_01157,80.68835434913635,7.011634826660156,999.0915518796763,128.06678070460876,80.68255858372264,7.005851158450152,80.69415524000895,7.017437502673104
LS_01158,80.686980565389,7.01276969909668,2094.6587706364526,210.93512299743114,80.68117514131511,7.006970755128782,80.692771859141,7.018557132620784
LS_01159,80.68436412811279,7.01173210144043,1452.5303440301104,187.80712464522898,80.6785656845455,7.005938848967415,80.69016243723526,7.017525287297127
LS_01160,80.70399585137,7.023632049560547,4057.5525232174546,330.0777793006834,80.69819762903379,7.0178391849476105,80.70979422519709,7.029425166760928
LS_01161,80.68909142017364,7.042400360107422,3554.5156090613973,389.3738385849351,80.68329261625975,7.03660715327643,80.6948900510099,7.048193498500263
LS_01162,80.6922585623605,7.040216445922852,1578.3199773681301,219.50165222976605,80.68645982520205,7.0344232790865835,80.69805712829266,7.046009548044344
LS_01163,80.69028032743014,7.044658660888672,5722.475336983126,651.5882443719046,80.68448020524724,7.038848302104831,80.69607766996602,7.050434620534411
LS_01164,80.69241523742676,7.043186187744141,9322.484834505482,478.75458137883743,80.68661647739243,7.037393020842424,80.69821385373183,7.048979287820336
LS_01165,80.68121600151062,7.045936584472656,844.8063211483181,124.17306488558567,80.67541635801943,7.04012808529025,80.6870140707071,7.0517146190413
LS_01166,80.67907953262329,7.042682647705078,4251.06630651105,376.8467497722194,80.67328063902147,7.036889322321132,80.68487831815756,7.04847590455198
LS_01167,80.66882043838501,7.046619415283203,4411.298247870148,440.2637699272362,80.66302135797334,7.040826027301857,80.67461938205724,7.05241285446923
LS_01168,80.66626906394958,7.028858184814453,3501.862365513262,255.52465217368996,80.66047015793536,7.0230647138785836,80.67206778063066,7.034651589309938
LS_01169,80.67784423828125,7.019777297973633,1941.3855749177671,203.85310984202695,80.67204542705382,7.0139839696755155,80.68364254149931,7.02557056657994
LS_01170,80.67694249519934,7.019767761230469,7341.877042632823,604.7656111941167,80.67114380192406,7.01397434520783,80.6827409373747,7.025560963340903
LS_01171,80.67453584263066,7.019374692333069,1990.5364169067707,219.47765760961235,80.66873717421888,7.013581386265903,80.68033435621048,7.025168060810885
LS_01172,80.6721568107605,7.018939971923828,1727.6452389676372,197.69519251489154,80.6663581282183,7.0131465733646134,80.67795535499029,7.0247333036178885
LS_01173,80.66996383666992,7.021120071411133,1779.963915126101,169.4363787624855,80.66416501237644,7.0153266493471715,80.67576234729162,7.026913432640233
LS_01174,80.62777727621574,7.047220230102539,2223.6982384574503,200.58542238131258,80.62197769665775,7.041426188108772,80.63357670365065,7.053013982021659
LS_01175,80.55598643331817,7.020761489868164,8136.212343917176,401.0972437721038,80.5501862293289,7.014966740906882,80.56178621606757,7.026556182661293
LS_01176,80.55503178929385,7.044909962904845,3305.8848230308636,221.63925019290613,80.54923129129915,7.039114934800919,80.56083193695832,7.050704424320838
LS_01177,80.55698519739612,7.039436340332031,9484.620601747662,722.5384944263209,80.55118481756607,7.033641685915345,80.56278527335897,7.045231124316559
LS_01178,80.4933385848999,7.040075302124023,2526.6621172228074,258.5676544764128,80.48753758385487,7.034279943730487,80.49913952700406,7.045870851901773
LS_01179,80.3832426071167,6.971019744873047,5007.7703219103005,501.80517447037187,80.37743929275089,6.96522260300425,80.38904188914584,6.976815903349552
LS_01180,80.3835757862438,6.965570449829102,8865.505270604312,812.9710811763995,80.37778940848385,6.959758658737623,80.38939185091002,6.9713519421466525
LS_01181,80.36936238786147,7.0460999903257155,4950.073781738694,597.2447437714142,80.36356159940928,7.040303098088808,80.37516652857839,7.051896836839563
LS_01182,80.37121696472168,7.04945182800293,16579.716090313166,851.0658032234286,80.36541443833455,7.0436549455744055,80.37701941643967,7.055248648256621
LS_01183,80.31084871292114,7.000862121582031,17716.79502763022,823.2275325908179,80.30504521876381,6.9950657106325105,80.31665023195261,7.006660675991758
LS_01184,80.27097000394548,7.036985397338867,3154.678851204762,318.3968108269499,80.26516635205464,7.031187405346323,80.27677323502725,7.042783326875168
LS_01185,80.27346494462755,7.034599304199219,2273.8623368591207,278.73339764861396,80.26766148659335,7.028801345593345,80.27926824885512,7.040397206911538
LS_01186,80.19695896572537,7.026302337646484,6363.558772939496,549.1717929834829,80.19115480450408,7.020503543042996,80.202763024667,7.032101070737333
LS_01187,80.1837154812283,6.979860305786133,20220.315593654293,941.427598276642,80.17791177989088,6.9740614237772025,80.18951900861448,6.985659130894598
LS_01188,80.26615524291992,7.139726638793945,5704.862680082945,369.60847392167216,80.26034978094589,7.133928839851185,80.27195960629729,7.145525080831594
LS_01189,80.3114595413208,7.133691787719727,7455.248143708314,413.24531383117284,80.30565515150124,7.127894491707445,80.31726378554288,7.139489697702943
LS_01190,80.32130889503424,7.136677203414976,3671.8374700826344,230.45857830670366,80.31550448927244,7.130879677207911,80.32711298210377,7.142474665538839
LS_01191,80.30806849079747,7.125312805175781,3059.2602184061125,248.90324129973155,80.30226420639251,7.119514923963645,80.31387268603868,7.13111019064831
LS_01192,80.31939208507538,7.093280792236328,1354.1902406962927,167.79097200273338,80.31358822670744,7.087483285578418,80.32519556939991,7.099078235712758
LS_01193,80.37830090522766,7.066734313964844,3072.968640676142,318.0201255558703,80.3724982047257,7.060937496813158,80.38410349091794,7.072531068582355
LS_01194,80.37861347198486,7.080646514892578,3184.2762940500006,352.2603715948348,80.37279810533174,7.074859226982223,80.38440376264565,7.086452815319211
LS_01195,80.406616797814,7.0745697021484375,2645.1460398857857,268.4699046389039,80.40081425254937,7.068773349798,80.41241910705729,7.080366291075792
LS_01196,80.42427253723145,7.054384231567383,3526.159117744843,406.1978226530924,80.41847051161328,7.048587946912602,80.43007441890842,7.060180454744213
LS_01197,80.4427564740181,7.064764022827148,2185.2657105289595,251.7725503652539,80.43695444169492,7.058967774466939,80.44855820589747,7.070559875848403
LS_01198,80.44132413864136,7.072998046875,1887.368294274968,218.7892632519235,80.43552165009265,7.067202136656425,80.44712566865381,7.078794282823385
LS_01199,80.47356887847658,7.05401611328125,7011.163453064251,599.8602155768285,80.4677674876809,7.048220386516656,80.47937025704833,7.059811766875748
LS_01200,80.4723482131958,7.051996231079102,910.402390489165,132.80355840104187,80.46654676954847,7.046200597218472,80.47814951294781,7.057792002857269
LS_01201,80.47183301713731,7.051239013671875,1196.0157512743813,136.6359704547623,80.46603039663722,7.045426107615084,80.47763313118536,7.057017524048647
LS_01202,80.47089195251465,7.050710678100586,1565.6697034682516,195.28590149059764,80.46509050935366,7.044914928252846,80.47669325180753,7.056506365544156
LS_01203,80.51497438218858,7.142343521118164,5671.357329422717,480.8392563827094,80.50917222326358,7.136548222216922,80.52077640131446,7.148138755316462
LS_01204,80.52836990356445,7.109685897827148,2000.7775558901064,258.398245143085,80.52256833675924,7.103890774876057,80.53417132526297,7.115480956578452
LS_01205,80.56038093566895,7.063503265380859,5013.53665655857,287.68250300422494,80.55458035719988,7.0577085409205935,80.56618136998608,7.069297925665471
LS_01206,80.61682205200195,7.066423416137695,3768.2042708298804,281.77902092309387,80.61102215182076,7.060629348958741,80.62262191985857,7.072217416040934
LS_01207,80.62774538993835,7.078805923461914,8147.777839457283,536.2888793966825,80.62194549560334,7.073011827015859,80.63354533159686,7.084599647174828
LS_01208,80.55542349815369,7.136444091796876,3870.2897341724743,466.9287497343751,80.54962240271102,7.130649024862567,80.56122547221071,7.14223860215863
LS_01209,80.55658249855041,7.138164520263672,7494.433867755431,647.772794804035,80.55078529527778,7.13237097579503,80.56238838343629,7.143960527538982
LS_01210,80.55706024169922,7.139595031738281,1864.2985084813295,197.6891039189726,80.55125878534983,7.133800010516034,80.56286190057462,7.145389552614068
LS_01211,80.63430559635162,7.137584686279297,42672.008953718374,1581.4164748742724,80.62850502666966,7.131790481495494,80.6401062572903,7.143378192787902
LS_01212,80.59545564651489,7.129203796386719,3809.6461211279097,272.018290880334,80.58965406462879,7.123409088326741,80.60125599585271,7.134997714343258
LS_01213,80.55367024739584,7.127172470092774,10056.65233669949,803.7208127665863,80.54786914478612,7.121377177021328,80.55947200769681,7.132966785720292
LS_01214,80.54955377578736,7.075685501098633,6079.745878472785,424.8770065653349,80.54375284882585,7.0698906411297076,80.55535443693839,7.081480290986583
LS_01215,80.60878232809213,7.111787796020508,16862.682366073772,644.0465492743768,80.60298243762664,7.105994321018574,80.61458359158672,7.1175826164526965
LS_01216,80.61970889568329,7.051233291625977,1395.6652632068824,227.1816442923747,80.61390918266291,7.04543920343006,80.62550848424976,7.057027189962489
LS_01217,80.61968231201172,7.05443000793457,5079.118055733234,494.64773207533403,80.61388254702534,7.048635980291403,80.62548193303779,7.0602239701210205
LS_01218,80.61489629745483,7.093000411987305,1183.8716531040666,153.4182801169975,80.60909603256496,7.087206414060305,80.62069654563517,7.098794549010549
LS_01219,80.62046602037218,7.099897384643555,2762.61998348381,270.22905050549514,80.61466569254037,7.094103465436622,80.62626625591737,7.105691474691581
LS_01220,80.62403101921082,7.101799011230469,1026.8061405953013,137.81683299361325,80.61823075681227,7.096005011858333,80.62983128598088,7.107592938403073
LS_01221,80.62302625179291,7.112522125244141,3531.0326917958923,311.5465818274591,80.61722614938425,7.106728319705568,80.6288269854182,7.118316278803615
LS_01222,80.61384642464463,7.120234418442621,1955.7588860622277,191.5373315649949,80.60804563101952,7.1144402957209145,80.61964688866738,7.126028478661419
LS_01223,80.61913903554282,7.129053115844727,882.0618427165372,137.971997159746,80.6133382875093,7.1232591180987725,80.62493965313493,7.13484718301646
LS_01224,80.65018068041121,7.141637802124023,6630.917698031361,401.82023361521067,80.64437059897404,7.135836471181191,80.65597155782353,7.147423807179462
LS_01225,80.64966187110315,7.142446517944336,9252.48584688656,443.83545441571005,80.64386144136775,7.136653263769162,80.65546243397884,7.14824061251825
LS_01226,80.66020425160727,7.141401290893555,1971.9795048460346,166.46069685316118,80.6544038378458,7.135607709545186,80.6660045505869,7.147194805599974
LS_01227,80.71132125854493,7.142782211303711,11355.235812819014,517.3411748451941,80.7055214522921,7.1369892439604845,80.71712097260738,7.148575113538419
LS_01228,80.71150461832681,7.144285202026367,13754.521710642477,798.6048455503577,80.70570474317307,7.138492234129691,80.71730429846765,7.150078100053587
LS_01229,80.7127857208252,7.147211074829102,13451.315496590194,645.7438620965875,80.70697710290794,7.141412399808907,80.71857670405355,7.152998236525773
LS_01230,80.71244049072266,7.133119583129883,1450.0196280607804,195.78160739453625,80.70664079781466,7.127326630156503,80.71824003802885,7.138912467870378
LS_01231,80.65211582183838,7.125652313232422,2122.33077744809,217.62197580796476,80.64631504635287,7.119858915304354,80.65791553703501,7.131446193408962
LS_01232,80.65420818328857,7.121408462524414,4842.366867542643,389.8577192295809,80.64840794614705,7.115614918397388,80.66000827506736,7.12720214360186
LS_01233,80.64470863342285,7.104957580566406,3235.291343275181,242.75697531388096,80.63890849993228,7.09916382775326,80.65050862189426,7.110751266880529
LS_01234,80.67005252838135,7.096260070800781,6132.245153651542,505.4534658052892,80.66425291301879,7.0904667243534885,80.67585220372438,7.102053555116862
LS_01235,80.63230419158936,7.090387344360352,19038.006323963124,1237.842541071512,80.62650382416032,7.084593171840146,80.6381038569157,7.096180893612016
LS_01236,80.63571882247925,7.083034515380859,9485.163790287133,745.4339654907168,80.62991881140329,7.077240665814608,80.64151857010444,7.088828301124306
LS_01237,80.63293895721435,7.084081649780273,4480.622654900153,297.19422316578675,80.62713870101537,7.07828808840991,80.63873855297669,7.089875790210676
LS_01238,80.66898941993713,7.081157684326172,6537.4079154271885,616.6806027174299,80.66319000258719,7.075364229696768,80.67478892339722,7.086951075767623
LS_01239,80.67051465170724,7.076580047607422,3504.7944181082185,325.0713247169098,80.66471524183012,7.070786475789102,80.6763140067883,7.0823732826477706
LS_01240,80.66951688130698,7.075738906860352,621.4413939208097,104.77980020778136,80.66371738546478,7.069945518936439,80.67531615215422,7.0815323489135436
LS_01241,80.68376964992947,7.071811676025391,11799.72224151059,912.4985300315458,80.67797049881133,7.066018394461366,80.68956882436115,7.077604883604091
LS_01242,80.70784596733121,7.056570053100586,1206.9473858108272,150.88851491530872,80.70204721584855,7.050777065551304,80.71364457241361,7.06236297366112
LS_01243,80.70839677033601,7.057033538818359,3093.9820493848624,271.07288835409315,80.7025980721973,7.051240664712837,80.71419542765784,7.062826559961502
LS_01244,80.70974690573556,7.062788009643555,2806.9344098421857,236.32662587113725,80.70394810536767,7.0569950426702865,80.71554557782281,7.068580908789414
LS_01245,80.70830285549164,7.063800811767578,1829.4474217273707,188.30809481234033,80.70250867126464,7.057998291011641,80.71410620405508,7.069584191937061
LS_01246,80.72364012400308,7.056558609008789,3755.588781897658,308.13080924460434,80.71784137278108,7.050765808095735,80.72943835251445,7.0623513400361055
LS_01247,80.69245648384094,7.076946258544922,2512.3963312206492,251.71464939687274,80.686657436569,7.071153080747399,80.69825568907339,7.082739366362433
LS_01248,80.69075545397672,7.076068878173828,1039.1948867352844,131.58130926309747,80.68496321438646,7.07026814553084,80.69656148420938,7.081854470953989
LS_01249,80.67836093902588,7.089570999145508,3064.119311513672,289.395083617506,80.67256140779674,7.083777733741214,80.6841603255579,7.0953643624968326
LS_01250,80.70186685167141,7.119441817865253,1572.5979644057104,178.45319060296436,80.6960672772853,7.113648742820426,80.70766641393892,7.125234827440748
LS_01251,80.68186865912543,7.0868682861328125,2363.3872077827154,264.77674135629985,80.67606919131165,7.081074934501933,80.68766795487844,7.092661478088269
LS_01252,80.67809200286865,7.120523452758789,1650.4449218578773,263.5670498706878,80.6722920333306,7.11473005259177,80.6838917683182,7.126316707191367
LS_01253,80.67599296569824,7.121009826660156,3697.2881925818474,533.6680451340244,80.67019359227778,7.115216639954859,80.68179339025933,7.126803345021953
LS_01254,80.68199646472931,7.119634628295898,1559.228328043054,218.0074822197327,80.6761965947021,7.113841313653499,80.68779621289394,7.125427874335966
LS_01255,80.72292065620422,7.177570343017578,6882.264771047599,372.90777329375663,80.7171135455267,7.17177394646142,80.72871369847245,7.183359552648848
LS_01256,80.72253932952881,7.1798095703125,4043.4978274110626,285.77484294031444,80.71673910920727,7.174016545238131,80.72833933023979,7.185602161558687
LS_01257,80.739772605896,7.185617446899414,1855.961696639764,232.471521897171,80.73397255256852,7.179824812186444,80.74557250676034,7.191410012050653
LS_01258,80.7394380569458,7.185174942016602,529.7297599798511,87.3471258088979,80.73363799071751,7.179382355973776,80.7452379414448,7.190967563805247
LS_01259,80.73712175233024,7.191871643066406,1712.6951116523176,194.42267965698568,80.73132156714827,7.186078973880084,80.74292175038538,7.1976642408904175
LS_01260,80.73036766052246,7.191089630126953,4642.654665290314,373.9130304171779,80.72456731233812,7.185296875457301,80.73616763969534,7.196882306617536
LS_01261,80.73007462241432,7.190397262573242,1960.2029988007293,236.2654458985311,80.72427440663053,7.184604509416218,80.73587472290217,7.196189947400856
LS_01262,80.7306144787715,7.188442230224609,1548.5963411491334,239.80905869879174,80.72481426543503,7.182649524421156,80.73641451710712,7.194234948410936
LS_01263,80.73388029734294,7.1911468505859375,1737.3865846364372,276.86775120248376,80.7280800955515,7.185354142700718,80.7396803387838,7.196939488364909
LS_01264,80.73155466715494,7.194326400756836,2764.9341088632905,350.750419098486,80.72575447986384,7.188533663741121,80.73735486348784,7.2001190674106486
LS_01265,80.73330421447754,7.194887161254883,1772.2726655932452,173.92192943732658,80.7275086113165,7.189090631415526,80.73910896681906,7.200675992596605
LS_01266,80.7299196879069,7.1987457275390625,6569.889717323374,457.9385483610959,80.72411934826168,7.192952970347286,80.73571988817217,7.204538415779902
LS_01267,80.72937774658203,7.198551177978516,1826.607747441638,185.1044947685887,80.72357739908861,7.192758414078493,80.73517794709326,7.204343872628938
LS_01268,80.7287297410972,7.199110811261782,10295.289262454333,699.2989964512955,80.72292937261224,7.193317994592209,80.73452995117185,7.20490346917749
LS_01269,80.72499003769971,7.197696437460637,21960.244983269222,648.0425911085802,80.71918964928216,7.191903334584463,80.73079028174197,7.203488899603528
LS_01270,80.72699127197265,7.196352005004883,3343.750913602332,412.81457109007704,80.72119094357103,7.19055916458776,80.73279149181639,7.202144680276486
LS_01271,80.72674379041118,7.197797775268555,1691.274080565675,196.15952058792496,80.72094341893916,7.192004923759028,80.73254401132264,7.203590446125956
LS_01272,80.72569244241205,7.196093754631721,1144.7688920253595,131.22354656418477,80.71989206889994,7.190300873767208,80.73149264199807,7.201886420957451
LS_01273,80.72581108411154,7.197332382202148,2629.4037810527147,221.45084252809662,80.72001071102393,7.1915395752389095,80.73161131388,7.203125120104187
LS_01274,80.73050438274038,7.205875396728516,7378.956840158447,458.97954132769655,80.72470400660497,7.200082794096922,80.73630472020356,7.211668228403725
LS_01275,80.72724988586023,7.201669692993164,19364.551996483606,864.4819597798386,80.72144951153427,7.195876902223612,80.73305019365738,7.2074624140057875
LS_01276,80.72628021240234,7.200777053833008,8439.17695792352,668.4925341049164,80.72047979776863,7.19498425178767,80.73208048000713,7.206569786791604
LS_01277,80.72571391449392,7.199826140525575,2799.511696273562,251.50421641886464,80.71991356513416,7.194033334131005,80.73151423610614,7.205618882494877
LS_01278,80.72454830452247,7.199222564697266,1504.9591456539376,169.25887112444576,80.71874777967338,7.193429843946282,80.73034846315552,7.205015420421708
LS_01279,80.7284746170044,7.20042610168457,29506.689018299054,1677.6625992474314,80.7226744086797,7.194633501360373,80.73427502813469,7.206218982742025
LS_01280,80.7649981469819,7.215417861938477,18473.650821366435,1106.2643052428668,80.75919802140048,7.209625660838672,80.77079814108379,7.221210254690986
LS_01281,80.72097698847452,7.212038040161133,2325.000100264443,251.5945766763427,80.71517641733745,7.206245171651438,80.72677752628246,7.21783084108781
LS_01282,80.73340201377869,7.1966552734375,1078.9713503570238,144.57218439559176,80.72761478984933,7.190853163103452,80.73921518916444,7.2024385224517555
LS_01283,80.73535537719727,7.199501037597656,8391.767141487677,459.22665483699717,80.7295553797898,7.19370786422279,80.74115580690585,7.205293177474646
LS_01284,80.73469429016113,7.198888778686523,2082.004610105559,181.43943494614913,80.72889402908457,7.193095949508654,80.74049445623415,7.2046812786287875
LS_01285,80.73347674475775,7.19883918762207,6095.759460142232,431.61594528523773,80.72767416721426,7.193033122048134,80.73927462248813,7.204618480881337
LS_01286,80.73253970675998,7.199033737182617,422.7948307297849,97.7357249914072,80.72673938978234,7.193241011402788,80.73833987334824,7.204826393111381
LS_01287,80.72633695602417,7.20582389831543,4212.350794309661,371.48334553686806,80.72054174933776,7.200023467012783,80.73214256299875,7.211609002785596
LS_01288,80.70554309055723,7.208322525024414,2753.0528580425407,222.81628728716507,80.69974226997716,7.202529365441899,80.7113436568869,7.214115408778948
LS_01289,80.705557346344,7.2112274169921875,6275.094248327455,568.6850153265359,80.699756318651,7.205434063922937,80.71135778212712,7.2170201084413526
LS_01290,80.69167073717378,7.2008204234320825,38914.08874427283,1698.3962150303785,80.68586991794224,7.19502695704131,80.6974714433445,7.206613332991742
LS_01291,80.69008384432112,7.20231819152832,1502.649195215626,192.8965677711671,80.68428298856418,7.196524950528515,80.69588459217394,7.208111365802396
LS_01292,80.69194869995117,7.211198806762695,30191.811874152623,1793.3872815325442,80.68614775588705,7.205405584183711,80.69774954970471,7.216991959338664
LS_01293,80.68392038345337,7.20587158203125,5942.270435093221,409.6097068457952,80.67811934850315,7.2000781659236655,80.6897211959013,7.211664732641966
LS_01294,80.68141038647661,7.206387364649467,26672.61774428911,1253.6073724453988,80.67560932009494,7.200594017215263,80.68721124206658,7.21218064504445
LS_01295,80.65793157305036,7.203378677368164,13381.81996691414,886.80119718825,80.65213027144142,7.1975850561960195,80.66373268170133,7.209172249602251
LS_01296,80.66656875610352,7.207118988037109,4065.1488161174107,290.3477947336365,80.66076751689513,7.201325324044444,80.67236981786228,7.212912311417454
LS_01297,80.65798950195312,7.21037483215332,2617.8187540402882,237.3236746736272,80.65218813073348,7.204581199840641,80.66379072594448,7.216168396684645
LS_01298,80.65650097529092,7.213235855102539,4323.429668730454,282.29034959119366,80.65069966136288,7.2074423983137965,80.66230236884111,7.219029633090529
LS_01299,80.63706727027893,7.214347839355469,2550.9394843308864,278.8802825076095,80.63126561788394,7.208553953008651,80.64286882445772,7.2201416573798385
LS_01300,80.63676810264587,7.213600158691406,2865.8386325882507,259.07186288668214,80.63096659818433,7.207806048062663,80.64256979197398,7.219393759064966
LS_01301,80.63657188415527,7.212711334228516,1790.8861702250906,200.56777531025014,80.63077044595555,7.206917220208158,80.64237362071323,7.218504935254535
LS_01302,80.6524642944336,7.203607559204102,664.1668529720124,126.39549930489714,80.64666278706746,7.197813859945371,80.65826533544795,7.209401185363808
LS_01303,80.64518594741821,7.201904296875,3847.7304002086153,323.3622756627426,80.63938591124617,7.196104791270084,80.650988589609,7.207692290755319
LS_01304,80.64523271235024,7.201139450073242,1341.0418528584103,160.72397318212765,80.63943120557438,7.195345832581632,80.65103386261008,7.206933330417901
LS_01305,80.64489433982155,7.200477600097656,3668.710976777123,312.65514656163504,80.63909302691268,7.194683681023025,80.65069567444625,7.2062711865116285
LS_01306,80.63267304028157,7.207952499389648,2791.991142265282,449.9426473243215,80.62687139531316,7.202158562911773,80.63847453682669,7.21374636811893
LS_01307,80.63374588706276,7.207021713256836,1965.9415351033817,188.78204042776744,80.62794454028811,7.201227977415949,80.63954763108535,7.212815756088809
LS_01308,80.63432994255652,7.19202995300293,1976.661630962878,254.52757043267835,80.62852856739782,7.186235947894542,80.64013124394023,7.197823700913215
LS_01309,80.64992658088296,7.191348106619955,3282.494183341721,224.6299800217792,80.64412538360773,7.185554561018448,80.65572766675379,7.197141938768946
LS_01310,80.65251159667969,7.188409805297852,7759.611711379757,454.14731350323063,80.64671045193224,7.182616114807888,80.65831259465892,7.194203428274149
LS_01311,80.63831193106515,7.189708709716797,1479.6159432762759,167.53738402493948,80.63251069135583,7.183914717829439,80.64411321031334,7.195502373477236
LS_01312,80.6409464749423,7.187150955200195,2300.560379648835,220.294040237665,80.6351451807164,7.181357424455773,80.64674756823248,7.192945014921267
LS_01313,80.67230180788394,7.174496632858304,32172.301268913518,1317.4568238188738,80.6665010797599,7.168703317574951,80.67810237655465,7.180290145374138
LS_01314,80.68136011237672,7.177290668170304,4457.548956577271,306.47814652442713,80.67555898482753,7.1714971212953245,80.68716013700208,7.183083732588129
LS_01315,80.68462216854095,7.187400817871094,5292.615624266293,316.6620866649695,80.67882140812601,7.181607514820454,80.69042274894514,7.193194053475795
LS_01316,80.67122631072998,7.183656692504883,2602.331449714896,211.46613548477467,80.66542542188355,7.177863064595405,80.67702698722924,7.1894499242114565
LS_01317,80.64264229365757,7.160909652709961,9711.562640360617,442.8314855558582,80.63684118328777,7.155116083064473,80.64844283275902,7.166703613206827
LS_01318,80.64421691894532,7.158391952514648,16678.01270591927,524.3352665615965,80.63841612413806,7.152598174462539,80.6500176691236,7.164185665055219
LS_01319,80.64101274555782,7.1495002413934365,19974.41821924922,692.292614620507,80.63521182999281,7.143706430817043,80.64681321602654,7.155293991329418
LS_01320,80.68652454325786,7.158760875782246,2933.936043353981,221.120694555891,80.6807241959725,7.152967487235896,80.6923247343091,7.164553962908638
LS_01321,80.6725262800644,7.159586913124437,10230.630014051285,556.5501732306886,80.66672579522843,7.1537935746585735,80.6783266923954,7.165380387462335
LS_01322,80.67113315582276,7.158958435058594,3692.5519114328217,383.1513671516947,80.66533259140496,7.153164917033138,80.67693350547235,7.164751762895641
LS_01323,80.6683030128479,7.158740997314453,2533.9086458378215,200.1148654287544,80.66250250026327,7.152947507126226,80.67410347662346,7.164534420800121
LS_01324,80.64363861083984,7.184930801391602,9001.218616186436,382.68301918300955,80.63783757154859,7.179136674005146,80.64943983523258,7.190724198170179
LS_01325,80.62716286385108,7.187479019165039,17244.788889259897,634.0911736936025,80.62136133429478,7.181685020390847,80.63296406155858,7.193272941701284
LS_01326,80.61801314353943,7.1953887939453125,4286.3340097162,355.1199165115189,80.61221143145734,7.189594580247867,80.6238145894471,7.2011827272209645
LS_01327,80.61996777852377,7.195934295654297,4615.797614742472,277.6720436222831,80.61416612028749,7.190140212986887,80.62576924596931,7.201728313578275
LS_01328,80.63040781021118,7.206483840942383,8449.532828153167,520.0978438389459,80.6246061760383,7.200689698123981,80.63620933282627,7.212277556646761
LS_01329,80.62773591963972,7.211854934692383,57814.0855395306,2034.6017430851393,80.62193009288762,7.206045494276878,80.63353345735376,7.217633421381013
LS_01330,80.61273701985678,7.179269790649414,2264.2020833781594,195.4609645264154,80.60693552788389,7.173475627008309,80.61853838157968,7.185063886606298
LS_01331,80.6257459640503,7.175600051879883,3692.545893446797,255.08334448412717,80.61994451278956,7.169805786149151,80.6315469573553,7.181393731834228
LS_01332,80.55658448397458,7.173046112060547,8531.378639517927,525.5946598028611,80.55078235718138,7.167251287987147,80.5623863805724,7.178840876401596
LS_01333,80.54745038350424,7.16944694519043,5925.513160655609,328.7731837140047,80.54164844828033,7.163651698413339,80.55325259106353,7.175241498888359
LS_01334,80.61438179016113,7.162832260131836,5711.369703846057,489.13922496739184,80.60858130873318,7.157037618756107,80.62018368481718,7.16862582514112
LS_01335,80.54371695085005,7.149808883666992,5239.215241990861,381.07710592112653,80.5379150201493,7.14401391626786,80.54951872349193,7.155603783393167
LS_01336,80.49992911020914,7.142875671386719,41375.81497100797,2145.024868722699,80.49412676261795,7.137079811928054,80.50573130713575,7.1486706974053575
LS_01337,80.53304624557495,7.154193878173828,4705.840004147905,330.0831182428757,80.52724409204444,7.148398785728089,80.53884816446379,7.159988908720079
LS_01338,80.53167957729764,7.157100677490234,50655.56518439109,2382.614304315442,80.5258817090513,7.151292007883931,80.5374858913604,7.162882166189126
LS_01339,80.530072233412,7.158700942993164,2355.1200510103695,229.8541560060917,80.52426997377214,7.152905804753293,80.53587423745444,7.164496002795777
LS_01340,80.53358398165022,7.15948486328125,4831.903396914187,302.8678971901806,80.52778179937168,7.153689772116053,80.5393860014451,7.16527988844381
LS_01341,80.53297257423401,7.161533355712891,16502.246426630412,913.9256899980485,80.52717039118346,7.155738257080911,80.53877466278962,7.167328390112237
LS_01342,80.52653063668146,7.163166046142578,1131.2327721051813,124.5654203949847,80.5207272252592,7.157363243359816,80.53233169239589,7.168953529829832
LS_01343,80.54208183288574,7.193647384643555,2183.890278168495,185.13476978016897,80.53627438408401,7.187846651951022,80.5478793060819,7.199436605847658
LS_01344,80.37957791487375,7.228626251220703,3561.76321900383,379.4816250728489,80.37377299110274,7.222829313847573,80.38538268601926,7.234423126965756
LS_01345,80.3769997490777,7.224279403686523,3165.3638025872638,313.088217520615,80.37119484136898,7.218482440826508,80.38280447579665,7.230076306538421
LS_01346,80.37117055294476,7.221136744169927,6012.550509107597,393.9963604649501,80.36536596937935,7.215339728904942,80.37697565206585,7.226933724464058
LS_01347,80.38386025148279,7.210805892944336,4399.37107879404,277.62236441000897,80.37805574500912,7.205009329269833,80.38966484743972,7.216603013508778
LS_01348,80.43857645988464,7.204046249389648,5903.512895603725,324.6140446604614,80.4327726954414,7.198250016084223,80.44438033733785,7.209842416969186
LS_01349,80.39493009779189,7.195093154907227,3712.181963369672,258.44281912150973,80.38912657299838,7.189296847357051,80.40073498528766,7.200890249470154
LS_01350,80.42436049534724,7.167879104614258,4006.6097552315387,375.5170504810406,80.41855686544687,7.162082875465845,80.43016384868635,7.17367555329884
LS_01351,80.42762875556946,7.154319763183594,5578.732173157844,579.9004823193226,80.42182488755351,7.14852407630481,80.43343142495118,7.160116658056576
LS_01352,80.42581054142543,7.156049728393555,879.5733413420038,129.1803369409588,80.42001987342192,7.150242220710173,80.43162649948408,7.161834846804097
LS_01353,80.43739318847656,7.154850006103516,3898.0770788919276,274.7246408474209,80.43157441718805,7.149044263985162,80.44318074275209,7.160636620775712
LS_01354,80.43701034122043,7.153995513916016,1067.5145720692958,128.14928919553836,80.431207129319,7.14819945037107,80.44281344039831,7.159791814431984
LS_01355,80.4436867237091,7.155895233154297,3807.021514635282,339.00892029277946,80.43788356626983,7.150099094825541,80.44948977409601,7.161691306876782
LS_01356,80.4449400621302,7.154409408569336,3159.4557588152466,337.6627088276049,80.43913700609649,7.1486134493825055,80.45074314438938,7.160205630214926
LS_01357,80.45124626159668,7.151451110839844,3276.976072443789,410.43647882572975,80.44544323292276,7.145655064172461,80.45704914428721,7.157247094454626
LS_01358,80.41314690696198,7.16555754996621,10862.555837203714,1137.483752881313,80.40734313143105,7.159761177609528,80.41895031107833,7.171354111450771
LS_01359,80.28786512215933,7.219482421875,5952.059459545471,510.0992109774961,80.282059454754,7.213684446598105,80.29367101142567,7.225280356586612
LS_01360,80.28125,7.219560623168945,3002.7267335047604,283.1470021440736,80.27544428636058,7.213762565794555,80.28705599661266,7.225358627125376
LS_01361,80.29504618644714,7.208282470703125,6659.584562154663,356.96217103389176,80.28924068787364,7.202484576437285,80.30085176696642,7.2140803001753
LS_01362,80.22227878570557,7.219060897827148,2394.698944691566,229.1993848321806,80.216472138052,7.213261895053487,80.22808517690859,7.2248592961873035
LS_01363,80.25745391845703,7.18058967590332,6101.856588729318,387.870816668598,80.25164932147543,7.174790328701551,80.26326048240983,7.1863868510204405
LS_01364,80.17978950988561,7.18057042978141,3439.949162026237,264.20998241522767,80.17398299699859,7.1747712663850916,80.18559590586224,7.186369534899622
LS_01365,80.65724563598633,7.179887771606445,31034.966034636796,1124.6674224543806,80.65144482037866,7.174094142727747,80.66304662273004,7.185681336353056
LS_01366,80.66224417479143,7.189014434814454,80121.79621473246,1697.6337728251528,80.6564431464644,7.183220861101186,80.66804507067532,7.194807940705144
LS_01367,80.661286883884,7.186891555786133,5.417242336914201,11.586858263117747,80.65548586679387,7.181097968164777,80.66708775771922,7.1926850693828985
LS_01368,80.5831111272176,7.087043762207031,54602.088878952316,2341.1019087908508,80.57731039717417,7.081249290125252,80.58891150121386,7.092838167246786
LS_01369,80.62018752098083,7.222286224365234,9486.641610625471,474.9970380559347,80.61438554410024,7.216492132106899,80.62598937018124,7.228080249126962
LS_01370,80.67173194885254,7.090856552124023,69365.74016536413,1540.1772584072291,80.66593232181648,7.085062366220979,80.67753143104831,7.096649153502985
LS_01371,80.67308950424194,7.09004020690918,3731.3753242204925,326.05900510234466,80.66728989546364,7.084246692539492,80.67888895103565,7.095833447007477
LS_01372,80.69276898406272,7.063652038574219,166960.0294468375,3272.4523238719653,80.68696993395997,7.0578588704236545,80.69856783313648,7.0694451409026
LS_01373,80.68682366032755,7.058298110961914,56873.2241912985,1754.3877508023284,80.68102463327016,7.0525046013477155,80.69262253455014,7.0640910098084015
LS_01374,80.64433002471924,7.158428192138672,16777.125244979015,551.6128968766388,80.63852917288818,7.1526339515400315,80.65013071611479,7.164221439455244
LS_01375,80.64262986183167,7.160923004150391,9597.88161334225,459.08431276293044,80.63682890475994,7.155129441125227,80.64843055487957,7.166716971571299
LS_01376,80.69023027420045,7.549356460571289,101839.65397597906,3239.0487027647273,80.68442726337761,7.543559840502931,80.69603828015022,7.555146448731516
LS_01377,80.70400448699496,7.532358169555664,19310.89828099794,811.6475878837873,80.69819931583775,7.5265648493851955,80.70980951052579,7.538151098182956
LS_01378,80.70451164245605,7.535984039306641,39565.09867407553,1321.0108907438826,80.6987064243959,7.530190884446299,80.7103167064497,7.541777122174059
LS_01379,80.7767162322998,7.473899841308594,17732.296128538197,733.1576571954773,80.77091278769757,7.468107796980231,80.78251952413225,7.479692171743793
LS_01380,80.86250718434653,7.293048858642578,46670.475900240424,1414.1168184274113,80.85670723620782,7.28725773188958,80.86830696679165,7.298839913102193
LS_01381,80.67151363079364,7.044641494750977,19871.96004785747,706.1934158137155,80.66571454991724,7.038847373372621,80.67731245887359,7.0504341356307245
LS_01382,80.89179815564836,7.120771408081055,94601.09277882676,2259.3997270173336,80.88600044981521,7.114981063997848,80.89759499510706,7.126562528398113
LS_01383,80.92212613423665,7.129976272583008,28260.889510765523,943.873017714876,80.91632424983162,7.124180160528576,80.92791827831782,7.135760873220398
LS_01384,80.80995305379233,7.180273056030273,23971.71449077963,1280.4964791299917,80.80415394777232,7.1744812798983135,80.8157520428651,7.186064760991062
LS_01385,80.91303372383118,7.420356750488281,1283126.3531479826,17103.393965761024,80.90723300876925,7.414566692290228,80.91883480600332,7.426147570531393
LS_01386,80.91469836235046,7.4107208251953125,49078.48823570645,1646.6595239418507,80.90888948136461,7.404922806781306,80.9204909804326,7.416503644434166
LS_01387,80.92017936706543,7.416847229003907,142917.66857053532,5999.440004166715,80.91437852761344,7.411056822678896,80.9259800472307,7.422637517393844
LS_01388,80.92679858207703,7.422145843505859,16924.543034253315,940.8480402373557,80.92099776566498,7.41635554458925,80.93259925425372,7.427936067031372
LS_01389,80.9237907409668,7.423051834106445,14839.201927506725,734.408416245232,80.91798986446135,7.4172614965590355,80.92959145489752,7.428842096494004
LS_01390,80.92307929992675,7.423099517822266,3579.8143999935774,325.75325614265427,80.91727396985834,7.41729963412523,80.92887557983398,7.428880252546551
LS_01391,80.92624568939209,7.399169921875001,21996.619375679347,778.1761348203554,80.9204487172262,7.3933834287368505,80.93204961309716,7.404963971378703
LS_01392,80.92439403533936,7.399066925048828,7565.9225323222445,425.16576542875094,80.91859631985129,7.393272827120775,80.93019726060504,7.404853417507292
LS_01393,80.92104816436768,7.404809951782227,17684.55187148668,620.5052735683184,80.91524749926063,7.399019465500876,80.92684867815139,7.4106001407230755
LS_01394,80.92381191253662,7.404640197753906,6365.409555732921,422.9717871288017,80.91801116869645,7.3988499311110605,80.92961227176683,7.410430535159731
LS_01395,80.94468720753989,7.4248046875,6575.38749021347,500.2562673023606,80.93888658589727,7.419014562681916,80.95048768094045,7.430594621351807
LS_01396,80.96832545598349,7.152654647827148,36322.79697408683,2156.4782338856985,80.96252865657578,7.146864844856376,80.97412210756438,7.1584443987415805
LS_01397,80.93919753483985,7.1600341796875,37594.58127552954,1842.9580280130333,80.93340027765444,7.15424402710625,80.9449946454989,7.165824307011093
LS_01398,80.93470941271102,7.1596221923828125,15402.856078583138,1129.1926842940675,80.92891210542895,7.153831959812814,80.94050657495515,7.165412351874385
LS_01399,80.93075263115668,7.158994674682617,3141.107253408204,398.4643661468863,80.9249552814583,7.153204365605298,80.93654983382051,7.164784856544172
LS_01400,80.94026978810629,7.164783477783203,5715.802915334401,390.8461558030948,80.93447249070041,7.158993315431282,80.9460669527014,7.17057356716469
LS_01401,80.97244135538736,7.159934997558594,11146.901576337028,597.6026142683106,80.96664966152608,7.154143329529105,80.97824319352145,7.165722777201328
LS_01402,80.97057437896729,7.158412933349609,8767.63962873002,684.1070117099225,80.9647842129826,7.152617426928927,80.97637775315015,7.164196922008221
LS_01403,80.97593768437704,7.15926170349121,3848.2918416935418,441.71771462660786,80.97014089473804,7.153471986465077,80.9817343220019,7.165051346801595
LS_01404,80.97716858603738,7.146902084350585,18455.35722722316,1152.5808349508097,80.97137199590072,7.14111239878214,80.98296507945788,7.152691733430308
LS_01405,80.97517943382263,7.14703369140625,7573.6883838106805,504.8566644499924,80.96938279317693,7.1412439623794155,80.98097592996575,7.1528233468176055
LS_01406,80.97522386823383,7.146421432495117,3044.1160016281833,333.187683067726,80.96942723458284,7.1406317039053775,80.98102035477322,7.152211087484006
LS_01407,80.97791385650635,7.146093368530273,8869.64792411253,557.5460922559336,80.97211726135562,7.140303682115225,80.98371030576862,7.151882998428206
LS_01408,80.97863578796387,7.146324157714844,1460.9554602488809,235.26038648080362,80.97283919925746,7.14053447570351,80.98443223138885,7.152113773824694
LS_01409,80.97881412506104,7.145599365234375,7003.981629499117,565.2018496380061,80.9730175474533,7.139809668827576,80.98461055679041,7.151388962788172
LS_01410,80.93173967997234,7.131681442260742,44589.139024715354,2835.195628531484,80.92594277861319,7.125890965828687,80.93753661148786,7.137471439307758
LS_01411,80.93164745966592,7.1244049072265625,67900.8462490273,2478.685447064996,80.92585055164186,7.11861488787816,80.93744420216676,7.130195365547357
LS_01412,80.97134304046631,7.140388488769531,5456.937974519805,304.1174672257955,80.96554643512025,7.134598683018639,80.97713950004182,7.146178166212828
LS_01413,80.92149114608765,7.169593811035156,9277.02445032945,761.9068739541551,80.91569353752521,7.163803431434734,80.92728859173808,7.175384150780548
LS_01414,80.97178173065186,7.154090881347656,3435.7203719356985,381.5448590873061,80.9659849578408,7.148301146084345,80.9775783584988,7.159880612789635
LS_01415,80.97283661365509,7.1537322998046875,4299.84807980707,418.99784243336035,80.96703986079834,7.14794250716435,80.97863322589667,7.159521947570198
LS_01416,80.9771089553833,7.1522979736328125,7696.251340044071,511.0839122314959,80.97131223545783,7.146508285343775,80.98290545699318,7.158087619215312
LS_01417,80.8998670578003,7.152120590209961,21778.868863822514,1293.1133563663261,80.89408435456197,7.146324264320882,80.90567949999473,7.157905524489508
LS_01418,80.92040379842123,7.1490631103515625,13193.93843160816,829.7402932134474,80.91460637834533,7.143272773697876,80.92620093555709,7.154853524752564
LS_01419,80.70752048492432,7.753429412841797,2955.653002977089,342.9980687873484,80.70171217976272,7.747636325172187,80.71332848471907,7.759222592173294
LS_01420,80.67227249145508,7.6309661865234375,4081.1176775439385,383.38403647552724,80.66646430352414,7.6251630578641665,80.67807806092785,7.636750172739138
LS_01421,80.68909601064829,7.614225387573242,8381.844483812656,694.206555626956,80.68328951893739,7.608432012905662,80.69490237384736,7.620018686116665
LS_01422,80.76373195648193,7.592615127563477,13474.157528889893,583.8868825111913,80.75792671585496,7.5868222682253945,80.76953704180035,7.5984070091145455
LS_01423,80.7436169896807,7.606006622314453,232929.6791909925,7067.251627211859,80.73781126586935,7.600213952263644,80.74942248418398,7.611799217523609
LS_01424,80.71968841552734,7.591854095458984,5836.200323923105,380.09807381759083,80.7138826164331,7.586061121055538,80.72549405934066,7.597646997215039
LS_01425,80.72140057881674,7.590551376342773,11420.176555794109,927.598040807439,80.71559478195815,7.58475842229447,80.72720614453192,7.5963442538660555
LS_01426,80.72297634395389,7.584799292363844,7241.909946125385,494.4906300400514,80.71717035449085,7.579006360820794,80.72878151663215,7.590592149378062
LS_01427,80.72338753241998,7.586763381958008,3738.910051482766,369.6240185420334,80.71758173873756,7.580970462445708,80.72919294484942,7.592556241289257
LS_01428,80.72480463981628,7.5800018310546875,2480.1630598921347,271.01686398544155,80.71899905391648,7.574208925206031,80.7306100357809,7.585794664713196
LS_01429,80.73427192425787,7.590961001629841,2956.0673002390467,279.9258315407558,80.72846651827186,7.585168212538375,80.74007756033551,7.59675371312128
LS_01430,80.69785176790677,7.5944366455078125,67708.88435366962,2740.79192801234,80.69204560030876,7.58864316647421,80.7036576769154,7.600229604408377
LS_01431,80.69004662831625,7.598043441772461,4085.8455232860633,257.6810451635895,80.68424035505834,7.592250085771803,80.69585273284784,7.60383672566564
LS_01432,80.68767484029135,7.59959602355957,855.7623210119922,142.5333219922569,80.68186853426005,7.593802636044748,80.69348101633983,7.605389337560291
LS_01433,80.68756471361434,7.590307235717773,5087.479180966015,293.32529618888435,80.68175847487457,7.584513851220245,80.69337070024302,7.596100550355089
LS_01434,80.68854011808122,7.587211608886719,3447.7228783584496,267.1838188336345,80.68273396883845,7.5814182368701735,80.69434608278007,7.593004909323392
LS_01435,80.69258642196655,7.575634002685548,64911.01971072269,2918.94295098621,80.68678132933769,7.5698406814989925,80.69839301679754,7.581427244119676
LS_01436,80.68281948056995,7.570650100708008,6189.407220137595,761.0945909814733,80.67701350295266,7.564856660113272,80.68862530140555,7.576443469248727
LS_01437,80.68884825706482,7.568592071533203,3183.800378284553,243.6305958821024,80.683042498201,7.5627987070200025,80.69465408522913,7.574385361219741
LS_01438,80.68690469990605,7.571889877319336,3250.414631162338,346.5035086390472,80.68109876094515,7.566096551235858,80.69271048951785,7.577683256876646
LS_01439,80.89002497990927,7.556201934814453,5288.097719066179,368.49002755129527,80.88424107416304,7.550401635275099,80.8958471091299,7.561983086459544
LS_01440,80.89032697677612,7.559597015380859,2661.6863957542023,291.5283174788165,80.88452382720304,7.553806255462095,80.8961299469594,7.565387698745142
LS_01441,80.89004707336426,7.559057235717773,1508.974047393392,189.6709607020259,80.88424393984093,7.553266472209477,80.89585005232226,7.56484792290275
LS_01442,80.89030878884452,7.558723449707031,2143.940674935917,258.3813856420635,80.88449538489449,7.552926928985236,80.89610148157823,7.564508373141945
LS_01443,80.85826365152994,7.523595809936523,698.9095861478074,131.56001486294377,80.85246059012827,7.517804671889817,80.86406657275505,7.529386954462514
LS_01444,80.88078673680624,7.520381927490234,2833.5451748928695,243.84772035929268,80.87498399886238,7.514591001997993,80.88658930803345,7.526172699402712
LS_01445,80.89165124893188,7.525356292724609,2175.6037165427338,253.4198877496804,80.88584871892274,7.519565548640856,80.89745387862054,7.5311469623438025
LS_01446,80.89240582784018,7.52092170715332,2214.9366544342906,215.45011945574643,80.88660332917156,7.515130969932066,80.89820834963652,7.526712364623179
LS_01447,80.9008430334238,7.492534637451172,3624.436774200711,310.5554329050722,80.89505588990154,7.486732625542075,80.90665992666969,7.498313804862173
LS_01448,80.91089057922363,7.4875736236572275,6350.130233882373,528.007094500263,80.90508853322352,7.481783200142557,80.91669217599342,7.49336411950333
LS_01449,80.90873384475708,7.487888336181641,4246.9360567782105,298.8722700061374,80.90293196092493,7.482097811464681,80.91453566832512,7.493678786860332
LS_01450,80.91975426673889,7.496986389160156,22425.802171468757,844.7668407592093,80.91395231724037,7.491196173681513,80.92555598050764,7.502776859990301
LS_01451,80.91999880472818,7.494771957397461,4192.912019176838,373.4271497946423,80.9141969403782,7.488981712506876,80.9258005380107,7.500562392979445
LS_01452,80.9185375066904,7.48466682434082,3138.5208563767937,268.8304844152018,80.91273574231482,7.478876447690891,80.92433910795488,7.490457168686567
LS_01453,80.89542073469896,7.481538772583008,8100.2246551626295,590.5851271519106,80.88961872426341,7.475748108122491,80.90122260815069,7.487329430498133
LS_01454,80.88873985835484,7.47697639465332,4216.869733762122,495.666613059591,80.88293779758672,7.471185587461356,80.89454173275512,7.482767083685577
LS_01455,80.85850048065186,7.463954925537109,33906.42297098231,1147.9841151863782,80.85269823465941,7.458163747223018,80.86430260296385,7.469746025449037
LS_01456,80.85858583851021,7.456777572631836,26699.905758680532,1527.016565826547,80.85278367716573,7.450986397351611,80.86438785061151,7.4625686735822425
LS_01457,80.85767793655396,7.461536407470703,5272.63628580023,336.1778010930995,80.8518756144225,7.45574522188082,80.86347993900091,7.467327521348605
LS_01458,80.86162992624136,7.45952033996582,92576.12417925456,4137.613759021373,80.85582825192644,7.45372773863761,80.86743242041992,7.465309936426927
LS_01459,80.87018274793438,7.448799133300781,3916.620979922546,379.65652872977836,80.86438083985946,7.443008107035003,80.87598450057129,7.454590085250859
LS_01460,80.83493614196777,7.43780517578125,3558.2409532035044,280.2062502173401,80.82913391126934,7.4320136251329645,80.84073818327539,7.44359650768662
LS_01461,80.82982326854359,7.435331344604492,8158.708109099054,735.7009111055414,80.82402102477204,7.429539800696804,80.83562536128703,7.441122813775892
LS_01462,80.8191977108226,7.435163497924805,7797.038623969618,746.4414882905877,80.81339533478358,7.429371818610571,80.82499993853467,7.440955102921358
LS_01463,80.81837817600795,7.435632705688477,7026.705642768442,536.5962820821026,80.81257579658286,7.429841015400898,80.82418043389538,7.441424320668943
LS_01464,80.81733703613281,7.4351654052734375,9229.311292671471,736.9859452182151,80.81153461011363,7.4293737615179705,80.8231392614628,7.440957093286819
LS_01465,80.81733798980713,7.431215286254883,10330.607423015595,942.9581389616692,80.81153563798577,7.42542358424155,80.82314018308766,7.437006915519664
LS_01466,80.81739217584783,7.433019638061523,2578.758451279178,274.277954958514,80.81158976274783,7.427227986392528,80.82319435498097,7.438811316503094
LS_01467,80.8177705563997,7.433139801025391,11742.427134484244,889.791928826774,80.81196822142843,7.4273480580390645,80.82357280722341,7.438931378514726
LS_01468,80.82538390159607,7.4197845458984375,10455.394096018155,952.1972430133827,80.81958282904075,7.413992409538366,80.83118686180345,7.4255755345665
LS_01469,80.82463894392315,7.4184417724609375,14801.831819693534,1268.1541357874837,80.81883726923286,7.412650021325208,80.83044128502985,7.424233165221714
LS_01470,80.82126204172769,7.418333053588867,3722.7841787882508,265.5315920971689,80.81545985500867,7.412541402661578,80.82706395404813,7.42412463254645
LS_01471,80.82279074433922,7.4170074462890625,2783.6188391095666,204.9680285782282,80.81698866970221,7.411215812911828,80.82859269420321,7.422799003741735
LS_01472,80.82191276550293,7.40058708190918,1099.8717691892107,136.3189846965468,80.81611088636035,7.394795439528322,80.82771449342229,7.40637865100674
LS_01473,80.8152586221695,7.395713806152344,2233.4991916507715,291.3778805435633,80.80945674524746,7.389922080766632,80.82106039106483,7.401505460541719
LS_01474,80.8228383594089,7.396306991577148,5174.976106761457,332.7180839348065,80.81703655209463,7.390515261406057,80.82864002113331,7.402098448942303
LS_01475,80.81784194580902,7.3996653710754945,2692.4065043860332,240.13341270979538,80.81204017669839,7.3938736786249795,80.82364386262445,7.405456993349221
LS_01476,80.81782078742981,7.398689270019531,1938.8758439891612,171.34517163164563,80.81201885969078,7.39289757639534,80.8236225200335,7.404480891545125
LS_01477,80.83280881245932,7.401613235473633,1951.0209273574799,190.69211708076696,80.8270070459513,7.395821731200136,80.83861040300144,7.4074046658045525
LS_01478,80.83780517578126,7.407087326049805,4146.444163041891,332.11417716327406,80.83200331720549,7.401295885213366,80.84360669311204,7.412878692934544
LS_01479,80.83968786398569,7.403112411499023,2257.334918650896,250.54308779578767,80.83388618619325,7.397320962790767,80.84548940787478,7.408903722372577
LS_01480,80.83344167785992,7.416470371869377,1120.6006253934684,129.38904925755725,80.82763968434278,7.410678877048398,80.83924342262587,7.422261796493934
LS_01481,80.82121221224466,7.4247589111328125,5533.236442626243,446.5286723977152,80.8154099754731,7.418967317346283,80.8270142482182,7.430550549174791
LS_01482,80.83589066609943,7.431235199147365,8995.973582674487,504.22305172384483,80.83008859494834,7.425443640771517,80.84169266622708,7.437026498563162
LS_01483,80.83635455683658,7.43189811706543,2297.1322957619695,202.53274322463557,80.83055245160408,7.426106656895577,80.84215652878704,7.437689502867467
LS_01484,80.83280372619629,7.431268692016602,911.4522446626331,166.85578377179775,80.82700158185233,7.425477208318279,80.83860573304536,7.437060144980296
LS_01485,80.84273453364295,7.426660537719727,2107.214242350038,240.90534895208248,80.83693257788438,7.420869160464714,80.84853635134253,7.4324518431497735
LS_01486,80.8700820075141,7.398967742919922,10442.693662260628,545.133933888049,80.86428062138474,7.393176898473559,80.87588295575601,7.40475888256576
LS_01487,80.87220055716378,7.414831161499023,10329.332747033865,604.2568253282899,80.8663991339994,7.409040109082135,80.87800183606267,7.420622037863642
LS_01488,80.89610169728597,7.437858581542969,4987.548191618401,446.2258976750783,80.89030024394967,7.432067888362738,80.90190294360154,7.44364920003061
LS_01489,80.89563727378845,7.431049346923828,11684.000380967864,782.4774594364457,80.88983588025782,7.425258438367492,80.90143841066843,7.436839763075269
LS_01490,80.89752179604989,7.425750732421875,6719.974782277873,400.9187283802918,80.89172055909059,7.419960054174527,80.90332289997676,7.431541331177069
LS_01491,80.8967809677124,7.426836013793945,3677.778568387901,236.89811408511414,80.89097968299394,7.42104532812134,80.90258207184323,7.4326266240298
LS_01492,80.87589955329895,7.416637420654297,5500.113763652103,530.4833410790461,80.87009815311498,7.410846466260798,80.88170080827554,7.422428300073709
LS_01493,80.88828372955322,7.396259307861328,3804.428755063423,290.8551983885982,80.88248270847025,7.390468374201543,80.89408450433976,7.402049892761759
LS_01494,80.91428661346436,7.396890640258789,4211.755886886782,408.6775761198699,80.90848596901162,7.3911002022692625,80.9200871130492,7.4026810533487595
LS_01495,80.91593382285703,7.393345458150286,4726.098685094114,383.59540779584324,80.91013326252535,7.387554988168568,80.9217342705315,7.3991357976836
LS_01496,80.91851925849915,7.391946792602539,10710.176838167796,750.1164502408682,80.91271874914538,7.386156412825415,80.92431965366328,7.397737156193392
LS_01497,80.93371684734637,7.3972015380859375,85801.96116209443,4402.575702149957,80.9279165029928,7.391411392252679,80.9395171540738,7.402991742971482
LS_01498,80.93109202384949,7.406164169311523,2398.2587048427536,246.17416589157645,80.92529145698671,7.400373901842209,80.93689241220129,7.411954317737323
LS_01499,81.005344581604,7.407743453979492,3746.535948795986,436.80878614458084,80.9995449720797,7.401954030517425,81.01114433016866,7.413532798221838
LS_01500,80.92293453216553,7.41472053527832,1873.1087313868247,201.20704535601757,80.91713374885376,7.408930162485462,80.92873514098416,7.420510786626821
LS_01501,80.92121442159018,7.413478851318359,1762.8734062983372,231.0470451030466,80.91541361304913,7.4076885023669625,80.92701501679997,7.419269171194839
LS_01502,80.92379488596103,7.413076400756836,3971.7715337722575,449.764791841919,80.91799412887593,7.407286045666192,80.92959545529064,7.418866648020349
LS_01503,80.92368125915527,7.4139404296875,1357.1472567732621,140.1046378054203,80.91788050730362,7.408150089433798,80.92948185950057,7.419730694501185
LS_01504,80.89888191223145,7.422098159790039,1689.9708613899072,194.35530640163006,80.89308073201535,7.416307500950597,80.90468294077075,7.427888743530041
LS_01505,80.86601452827453,7.439104080200195,2104.75560992773,211.69033516644046,80.86021270283362,7.433313001680356,80.87181621159111,7.44489508765809
LS_01506,80.86245187123617,7.437257766723633,1940.654513357423,191.96847106137034,80.8566500396048,7.4314666402220455,80.86825359064342,7.443048817770968
LS_01507,80.85603419939676,7.407722473144531,7757.4489038295505,409.1693915752379,80.85023264154106,7.4019312645206385,80.86183556854928,7.413513607226908
LS_01508,80.86652240753173,7.409542083740234,2063.1754718158,178.4777400440066,80.86072093319764,7.403750947750128,80.87232364007652,7.415333022260728
LS_01509,80.86626119613648,7.411603927612305,3599.7115813306664,303.1939494992305,80.86045703691049,7.405803313103178,80.87205980521587,7.417385394259465
LS_01510,80.86659883197984,7.406162261962891,6166.849476376674,400.0228619610729,80.86080700154787,7.400357896815443,80.87240961588856,7.411939969303309
LS_01511,80.87324369521369,7.402860641479492,20915.386498666143,1172.0659691472763,80.8674424039392,7.397069654646317,80.87904476077213,7.408651557603419
LS_01512,80.87515746222601,7.404451370239258,4515.353109648487,279.60511552798494,80.86935511637691,7.3986527767182,80.88095746624968,7.4102346305970315
LS_01513,80.8894050542046,7.397922515869141,20109.25458224442,1011.2029151374112,80.88360409463681,7.39211852481087,80.89520590545908,7.403700014424
LS_01514,80.89964346452193,7.429758071899414,1818.1077764195052,330.9050899415631,80.89384219841087,7.423967436942321,80.9054445910545,7.435548658616711
LS_01515,80.88165264594846,7.41212272644043,2598.390195444134,337.6633656564609,80.87585139426938,7.406331872617829,80.88745378150682,7.417913559308964
LS_01516,80.83722665574815,7.428350448608398,2234.575892284261,251.05853196641033,80.83142460207935,7.422559000528575,80.84302856182322,7.434141824037565
LS_01517,80.84413480758667,7.429807662963867,9612.472812941665,786.4408417867517,80.83833270377492,7.4240163069895075,80.84993652564398,7.435598953957137
LS_01518,80.82450982502529,7.426033020019531,1193.3613714953817,159.2610776389259,80.81870763375436,7.420241408206535,80.83031185649689,7.431824556112916
LS_01519,80.82008171081543,7.42802619934082,1278.5646818277153,146.75182997972286,80.8142793635601,7.422234466366107,80.82588375290426,7.433817727353749
LS_01520,80.80083456906405,7.4315643310546875,2847.087372894973,303.60512600290815,80.79503203691328,7.42577248804,80.80663701234948,7.437356239538215
LS_01521,80.79473991394043,7.381048202514648,1398.9815542688636,172.5110835290961,80.7889379469684,7.375256217710053,80.8005417200761,7.386840114091105
LS_01522,80.79936246871948,7.38502311706543,7489.097643462537,318.9629009594861,80.79356051829618,7.379231190796675,80.80516428094435,7.39081497123311
LS_01523,80.80046653747559,7.377687454223633,5759.029435950639,469.13293765815723,80.79466469291063,7.371895596810548,80.80626823129866,7.383479348028462
LS_01524,80.80768687370508,7.3589957897849265,8110.600641177141,341.237808472276,80.8018853912395,7.353203811581973,80.81348824809857,7.36478737753687
LS_01525,80.82265663146973,7.364473342895508,831.2499191536425,119.20589528318136,80.81685524406433,7.358681711994678,80.8284578684109,7.37026490086416
LS_01526,80.82904259363809,7.391700744628907,3479.872388321272,440.6200141481716,80.82324421968764,7.385916822452313,80.83484740798889,7.397499851970845
LS_01527,80.83939317018303,7.37741457348266,11871.21102851537,655.3447892903838,80.8335918567337,7.371623062927362,80.84519440092834,7.383205828887813
LS_01528,80.84865204493204,7.375417709350586,3932.7084212015443,353.3704211120182,80.84285083946253,7.369626407232646,80.8544530950685,7.3812089380410475
LS_01529,80.85050463676453,7.367725372314453,137557.25864345086,4613.358107757287,80.84470345823138,7.361934766408233,80.85630546248642,7.373517250100868
LS_01530,80.84549827575684,7.371814727783203,12484.671548513621,865.632553537245,80.8396971308515,7.366023384820143,80.85129937094906,7.377605995643841
LS_01531,80.84121292608756,7.374992370605469,1954.4183071852863,197.21047832936517,80.83541163437371,7.369200973953503,80.84701406787717,7.380783693633211
LS_01532,80.84758110046387,7.36555290222168,4133.503815159576,284.18981513541866,80.84177999233923,7.359761587161493,80.8533820132356,7.371344145011509
LS_01533,80.84029197692871,7.358495712280273,8462.975427466452,594.7335921166411,80.83449081652114,7.352704305351628,80.84609283516049,7.364287047703956
LS_01534,80.83787751197815,7.360805511474609,1789.3649204215303,195.68625937774215,80.83207636049482,7.355014073307764,80.84367850167305,7.366596876889744
LS_01535,80.84493378230503,7.357992172241211,9623.311779655645,666.3849165098891,80.83913274703238,7.352200880385409,80.8507346345743,7.36378350517494
LS_01536,80.84416027069092,7.357883453369141,1033.837590878163,132.18593052036056,80.83835920355602,7.352092160939266,80.84996110784013,7.363674805318352
LS_01537,80.83254528045654,7.356651306152344,3600.9573473930577,285.917904574248,80.82674410582554,7.350859800923766,80.83834627180374,7.362442739150269
LS_01538,80.84169673919678,7.353796005249023,13365.893181050724,1134.2511692420692,80.8358957200875,7.348004615692289,80.84749757844526,7.359587322298007
LS_01539,80.84373452952227,7.365300570044776,2529.2154077241817,246.51417356417693,80.83794349026162,7.3595122829389314,80.84954560199328,7.371094938071029
LS_01540,80.83580708503723,7.350429534912109,4349.365255726906,379.22612440020663,80.83000604394503,7.344638070444962,80.84160796220576,7.356220925822251
LS_01541,80.85329762695068,7.356530281048322,2981.089933150191,248.24118346856096,80.84749630377046,7.350739164589716,80.85909794026922,7.362321577411157
LS_01542,80.85318422317505,7.355899810791016,3739.618551312977,262.2475528285401,80.84738344236764,7.350108565977484,80.85898506503256,7.361690981661934
LS_01543,80.85548496246338,7.356555938720703,4883.885006869843,351.79053671204866,80.84968404819438,7.3507647242958445,80.86128562979943,7.362347081639391
LS_01544,80.86170554161072,7.3592681884765625,1686.0370652964687,160.0995945113764,80.8558999576629,7.353469422722193,80.86750145284867,7.365051622259867
LS_01545,80.86458969116211,7.376989364624023,5410.590314305498,402.20438800672065,80.85878864589657,7.371198265549688,80.87039053714909,7.382780390953942
LS_01546,80.86358880996704,7.376228332519531,1596.584477240985,151.09540283714605,80.85778539986346,7.370427683352885,80.86938729627109,7.382009834335083
LS_01547,80.86403470880845,7.375782012939453,2534.688879995041,200.760066295623,80.85823370269894,7.3699909567016215,80.86983557609256,7.381573096287935
LS_01548,80.86624587665904,7.375030517578125,6989.886815311277,710.835583545037,80.86044490430005,7.3692394556721865,80.87204670137183,7.380821538989882
LS_01549,80.8650701888884,7.375295639038086,11411.611759617943,679.5801687958423,80.85926924050783,7.369504354185908,80.87087107458929,7.381086467427626
LS_01550,80.86864709854126,7.363790512084961,86209.90405236337,4015.8779425223815,80.86284634565409,7.357999464507446,80.87444778386924,7.369581487306453
LS_01551,80.87054867214627,7.371660232543945,6842.580788549486,464.65421349630924,80.86474026216774,7.365861524072562,80.87634186017807,7.37744349819257
LS_01552,80.86020147800446,7.37584114074707,27695.46985933114,1808.2453267064786,80.85440023263574,7.37005011319842,80.86600220534005,7.381632350356857
LS_01553,80.86479978561401,7.365131378173828,7917.78032091675,463.7693094303998,80.85899901283196,7.359340157411688,80.87060058453092,7.370922277980541
LS_01554,80.86693807081743,7.36309814453125,1786.8657266994392,184.05358840359457,80.8611372295857,7.357307121643066,80.87273869301981,7.3688891879424725
LS_01555,80.86548196352445,7.363656997680664,7879.013673146521,451.89078518655634,80.85969944249298,7.357854464679485,80.87130095702767,7.369436567507099
LS_01556,80.86579949151721,7.363101805871448,1178.8402961732652,135.60780224704678,80.85999868490593,7.357310721730342,80.8716001774304,7.368892816975787
LS_01557,80.86659957340785,7.363855361938477,7661.9659433422985,591.459009283479,80.86079857502283,7.358064374995723,80.87240006712001,7.369646449867828
LS_01558,80.86834517040768,7.35870361328125,20395.1695677979,1312.9088348347138,80.86254688866539,7.352910988504426,80.87414819993334,7.3644930192033815
LS_01559,80.8676659802974,7.356532368435502,2600.392777321703,193.2276584606393,80.86186527181191,7.350741307530334,80.87346654307288,7.362323355667316
LS_01560,80.86734700202942,7.355915069580078,5596.371252383614,315.77064633181294,80.86154630746744,7.3501241502430545,80.87314757053215,7.361706206515333
LS_01561,80.86780138015747,7.3755340576171875,3600.9737876760532,399.8877572659116,80.86200042263117,7.3697429987038054,80.87360219336317,7.381325042378097
LS_01562,80.87141949789864,7.376794815063477,9689.647219662806,599.5879894374023,80.8656185634761,7.3710038466678744,80.87722027526425,7.382585798070923
LS_01563,80.88972846984863,7.393680572509766,25909.88603094465,1450.6948881415467,80.88392753922126,7.3878897532307075,80.89552922969179,7.399471235116624
LS_01564,80.86922659192766,7.352397918701172,8572.609648560167,400.72529230278445,80.86342595367901,7.346606877573407,80.8750270759896,7.358188886297324
LS_01565,80.87190168554133,7.351222991943359,3734.94584103902,303.4881501879117,80.86610110089362,7.345431984420988,80.87770212412117,7.357013925271872
LS_01566,80.87151832580567,7.351533889770508,2976.4676160072445,243.9942393218167,80.86571778500515,7.345742938619173,80.87731882619487,7.357324889186215
LS_01567,80.87083053588867,7.352399826049805,21426.81612177495,880.3222742988031,80.86502993373693,7.346608805797313,80.87663101529046,7.3581907737809
LS_01568,80.89751633008322,7.358909606933594,4624.187914441507,315.9468617141665,80.89171596617734,7.353118925903227,80.90331653881692,7.36470021371154
LS_01569,80.87951723734538,7.386140823364258,1116.5891603343796,163.81313578324335,80.87371639137378,7.380349912954183,80.88531814377158,7.391931656930542
LS_01570,80.87990347544351,7.384740829467773,5472.4479897069805,430.99132890560065,80.8741024061831,7.378950046338048,80.88570411161234,7.390531780587975
LS_01571,80.8804090901425,7.383903503417969,2148.861079404718,225.38791194774626,80.87460820473811,7.378112565692441,80.88620987503924,7.38969428710332
LS_01572,80.87984612376212,7.3832476292379425,3816.840112260073,279.1725910010654,80.87404523366644,7.377456641370796,80.88564690100017,7.389038377226989
LS_01573,80.8781943321228,7.379573822021484,16784.324905744685,748.339548717921,80.87239349701738,7.373782844157141,80.88399510930634,7.3853646225338565
LS_01574,80.8843822479248,7.375110626220703,3300.048592173562,248.71019324194455,80.87858160770806,7.369319863104901,80.89018294367465,7.380901483975565
LS_01575,80.88078219095866,7.389137268066406,7197.37532569853,439.69473112711154,80.87498124959939,7.383346438712068,80.88658304902388,7.394928150064226
LS_01576,80.8784532546997,7.388708114624023,2773.3048537382983,226.2135020557839,80.87265225536967,7.382917082303591,80.88425410304889,7.3944988532293445
LS_01577,80.87893409729004,7.390270233154297,3920.2317998284107,244.78690031318928,80.87313302670111,7.384479411334666,80.88473490349234,7.396061169825276
LS_01578,80.87810380118233,7.389314651489258,2390.7217914225175,294.2833277105296,80.87230303275399,7.383523593601635,80.88390490545406,7.395105373396349
LS_01579,80.85380935668945,7.370685577392578,3403.504992295151,309.7206875866788,80.84800822346561,7.364894399283822,80.85961022218453,7.376476799053706
LS_01580,80.90021018981933,7.378316879272461,11379.022750081416,430.3961999258422,80.89440959658924,7.372526234424374,80.90601061194717,7.384107450224915
LS_01581,80.91726446151733,7.38946533203125,1885.1969153464322,211.52142245918938,80.91146389947558,7.383674862822556,80.92306477084605,7.395255639017669
LS_01582,80.91695027473645,7.3887786865234375,2398.174958259301,238.08949993608633,80.91114976962542,7.382988256799528,80.92275063097246,7.394569041222884
LS_01583,80.91734838485718,7.386873245239258,12539.851510679438,580.8525556017206,80.91154877237935,7.381075191126158,80.92314957301043,7.392655965735499
LS_01584,80.92035698890686,7.38917350769043,11941.336173333864,794.3171988896422,80.91455587127011,7.383373584930592,80.92615665508805,7.394954281727181
LS_01585,80.91997228349959,7.385101318359375,10368.949997902057,659.8507801888924,80.91417185266253,7.379310926885085,80.92577253928826,7.3908916345203926
LS_01586,80.92290878295898,7.383750915527344,10829.058155330908,982.5952140924475,80.91710843931268,7.377960540942661,80.9287090147824,7.389541173453485
LS_01587,80.92346437320262,7.38092041015625,4426.006874974558,284.75175893486374,80.91766407316038,7.375130063587996,80.92926455980725,7.38671068252766
LS_01588,80.92802095413208,7.39410400390625,2174.4595735495354,184.35510505225062,80.92222049552657,7.388313766758908,80.9338212120128,7.399894265102378
LS_01589,80.92890103658041,7.392242431640625,5570.338398531919,379.971169959943,80.92309563782572,7.386450248626794,80.93469628263591,7.3980307249354915
LS_01590,80.93271338347489,7.394694420205131,4051.8592180742316,346.5900087453226,80.92691296527391,7.388904194582383,80.93851357622266,7.400484571882923
LS_01591,80.93299992879233,7.394289016723633,6472.8680630472245,535.6826528249661,80.92719932422547,7.38849868437662,80.93879991710143,7.40007905441278
LS_01592,80.9294533839129,7.377835095002713,3674.8005370243836,323.0719964950559,80.9236531994176,7.3720448247198975,80.93525345075268,7.383625290576793
LS_01593,80.93071413040161,7.36488151550293,3039.751934392935,253.65288320072625,80.9249141422143,7.359091259419825,80.9365140209003,7.370671696424467
LS_01594,80.90494861694927,7.371997833251953,3084.5361506186,304.7285901726545,80.89914818317163,7.366207248383338,80.91074891037039,7.3777883440162935
LS_01595,80.90427843729654,7.373266220092773,3136.368433071936,284.5939133891639,80.8984780508588,7.367475625482508,80.91007882867133,7.379056738033617
LS_01596,81.00549666777901,7.368350982666016,5983.844690116117,361.48076597482674,80.99968039635972,7.362574895116215,81.01127872676851,7.3741536859613515
LS_01597,80.96722888946533,7.317922592163086,8540.18862553955,525.9693859320817,80.96142993546879,7.312132781374693,80.973027651247,7.32371229785927
LS_01598,80.95453698294503,7.3101348876953125,3163.6958480203652,316.18267124802946,80.94873810983525,7.304344926325659,80.9603359488143,7.315924770495542
LS_01599,80.96692848205566,7.327594757080078,5005.345718220146,437.6794299104284,80.96112934490834,7.321804921860377,80.97272731945706,7.333384442199487
LS_01600,80.96522312164306,7.327045440673828,1898.4133482230243,162.99545261080627,80.95942328583969,7.32124801112311,80.97102128975739,7.3328275754473955
LS_01601,80.96479415893555,7.342931747436523,3042.5580019697854,282.9153419760635,80.95899486701073,7.33714192523538,80.970593295312,7.348721494330289
LS_01602,80.80658388137817,7.348134994506836,4851.330056844625,384.3251356442977,80.80078325211925,7.342343158252193,80.8123858474774,7.353926750233883
LS_01603,80.80498838424683,7.326272964477539,709.6946667844431,113.58074322022365,80.79918728464057,7.320481113955255,80.81078933899774,7.332064742423559
LS_01604,80.80491173267365,7.326927185058594,2456.850459622099,222.4671393767773,80.79911064311055,7.32113533257553,80.81071271676056,7.332718963076028
LS_01605,80.808518409729,7.328334808349609,5112.191307674085,293.86203551061874,80.80271732468273,7.322542898650271,80.8143193450664,7.334126438894568
LS_01606,80.8115873336792,7.33070182800293,7512.442036453276,463.4236541447588,80.80578621364235,7.324910144367905,80.81738821967895,7.3364936079191825
LS_01607,80.8120626449585,7.330722808837891,1607.9377081245593,186.82400858333952,80.8062615774343,7.324931046617819,80.81786357206663,7.336514498232435
LS_01608,80.81151076725551,7.332010269165039,6918.8550830779795,422.1654070918033,80.80570961924273,7.326218590800746,80.81731166193389,7.337802056465637
LS_01609,80.81613612174988,7.330753326416016,3904.1649780975677,365.5194103202456,80.8103351144295,7.3249616151019215,80.82193700735965,7.336544964372706
LS_01610,80.81405889987946,7.330848693847657,3155.5941291675927,358.5246369267284,80.80825789462033,7.32505695640016,80.81985984236195,7.336640357881748
LS_01611,80.82641649246216,7.334566116333008,15985.463240171906,737.1687563674232,80.82061563535031,7.328774671056098,80.83221737032027,7.340357762119509
LS_01612,80.82600593566895,7.329877853393555,41601.63321254529,1563.3263113920332,80.82020514598074,7.324086264664578,80.83180676709553,7.335669365622317
LS_01613,80.81914036614555,7.3208770751953125,2124.577915408501,282.34339067527026,80.81333952218158,7.315085402305409,80.82494107780632,7.326668674878752
LS_01614,80.81989786359999,7.312158584594727,6929.890674764827,429.0171274798105,80.81409717127369,7.306366922733836,80.82569847717463,7.317950175264187
LS_01615,80.82313173130626,7.314290512143119,2333.2520266592596,212.68325802697862,80.81733110938598,7.308498889719206,80.82893239038785,7.320082061346982
LS_01616,80.84850172996521,7.352069854736328,1805.4653135216429,184.00983774158033,80.84270084670193,7.346278551108064,80.85430248677562,7.357861085411901
LS_01617,80.84347820281982,7.348655700683594,2132.255743954172,190.52332601843713,80.83768020693144,7.342858611527086,80.84928188368777,7.354441272808714
LS_01618,80.8431895573934,7.348028182983398,2665.1680618159553,266.1788062138559,80.83738871701718,7.3422369149456035,80.84899038468917,7.353819583578856
LS_01619,80.8418296178182,7.348772048950195,2323.1192730842326,234.98211615163086,80.83602869026086,7.34298071140131,80.84763041208693,7.354563414452994
LS_01620,80.85115242004395,7.343767166137695,26793.051827118205,971.6281047796018,80.84535166845957,7.337975895959868,80.8569530215959,7.349558363083282
LS_01621,80.84500535329184,7.3462677001953125,35671.213672680075,2043.1667218550942,80.83920422821147,7.340476256192612,80.85080580326856,7.352058878860482
LS_01622,80.84869907213294,7.349954605102539,1890.6962521656162,199.01379879996105,80.84289820404207,7.344163263759391,80.85449978309687,7.35574579303675
LS_01623,80.84508242973914,7.348146438598633,897.5031370980311,131.44060546178625,80.83928147447702,7.342355044560187,80.85088309732619,7.353937665324537
LS_01624,80.84727926254273,7.345987319946289,5267.859581485565,558.1622690671401,80.8414784098137,7.340195999693313,80.85307991983696,7.35177856483456
LS_01625,80.82453997929892,7.348018646240234,1434.676687271948,215.31541862997844,80.81873356177461,7.34222131783039,80.83033570096116,7.3538044576118144
LS_01626,80.82551379733616,7.348974227905273,806.5988111229293,119.6110768429345,80.81971265269782,7.343182633887726,80.831314792673,7.354765749063541
LS_01627,80.8240966796875,7.345998764038086,2696.433592612972,206.40998366213387,80.81829555626018,7.34020715249178,80.8298976530298,7.351790303119057
LS_01628,80.80959812800089,7.33961296081543,872.8434153652422,141.53169829164486,80.8037969175386,7.333821167659732,80.81539921030479,7.345404682517586
LS_01629,80.81602355412075,7.338438034057617,1317.5238473608263,153.2567696132257,80.81022237011588,7.332646323115868,80.82182446981226,7.344229676212309
LS_01630,80.81298389434815,7.340215682983398,872.4868770350331,121.66711730833445,80.80718267060607,7.334423993544859,80.81878489410973,7.346007423348056
LS_01631,80.80795599619547,7.314655303955078,2601.361128960608,227.85966721399046,80.80215509865398,7.308863492341487,80.81375677041859,7.320447044530724
LS_01632,80.8439503324017,7.333681323992682,3081.7449619976715,342.51795705681286,80.83814962287295,7.327889962952123,80.84975089164696,7.3394726118970794
LS_01633,80.84791745079889,7.332754135131836,652.1540819263469,115.62682429179537,80.84211680358281,7.326962824150507,80.85371794753593,7.33854537291398
LS_01634,80.84508762359619,7.333202362060547,725.2168818312833,112.7283765941484,80.83928693208102,7.327411015611271,80.85088815944076,7.3389936358334715
LS_01635,80.84847679138184,7.33116340637207,8242.686984444023,600.519818493667,80.84267611871682,7.32537196982728,80.85427720650529,7.33695450444111
LS_01636,80.85357502790598,7.348438262939453,1474.8857167979359,178.87786236400646,80.84777425084772,7.342647023437147,80.85937566610379,7.354229429239284
LS_01637,80.85487747192383,7.3514862060546875,1055.1566152855685,130.93631599369843,80.84907666540539,7.3456949829355365,80.86067812824903,7.357277355724278
LS_01638,80.85759706082551,7.350303649902344,2432.476741003503,245.32729269282578,80.85179633022845,7.344512503524943,80.86339769274721,7.356094807398162
LS_01639,80.85975570678711,7.34977912902832,1882.4394568378239,233.44542171586735,80.85395498336578,7.3439879674380055,80.86555627720074,7.355570216598522
LS_01640,80.86689710617065,7.349620819091797,2580.9073227829617,220.48980375945104,80.86109643560495,7.343829665544461,80.87269754380523,7.355411733559294
LS_01641,80.86624431610107,7.3498897552490225,2491.8659913251117,205.1700774896915,80.86044367507208,7.344098622413137,80.87204480696919,7.355680706980574
LS_01642,80.86453444617135,7.350898742675781,1524.6782612136508,197.72800542254055,80.85873376980469,7.34510764191177,80.870334971821,7.356689769824674
LS_01643,80.86353731155396,7.347665786743164,3013.602304415583,259.6922485367032,80.85773662011512,7.3418746752292945,80.86933776205582,7.35345682856591
LS_01644,80.86169528961182,7.342630386352539,8760.911727299044,455.80577610848536,80.8558946724937,7.336839249939644,80.86749572821859,7.348421450139603
LS_01645,80.86084222793579,7.345563888549805,4772.0547256422315,394.8733049909451,80.85504167758,7.339772740063378,80.86664283242901,7.351354961790268
LS_01646,80.87094731026508,7.345462799072266,4221.920495591681,406.45762823051217,80.86514682148946,7.339671742332586,80.8767477169765,7.351253707790674
LS_01647,80.86927723884583,7.343864440917969,1607.172449409123,164.41181961301015,80.86347672186265,7.3380733999271754,80.87507761762878,7.3496554078573
LS_01648,80.86857414245605,7.342142105102539,4629.9594061133885,299.46246667366717,80.86277364884667,7.336351054834775,80.87437451704008,7.347933080693997
LS_01649,80.86520494416345,7.3390974754180105,20430.75331421838,640.4571779582924,80.85940439104085,7.333306382673108,80.87100526446375,7.3448884940830785
LS_01650,80.86935106913248,7.335691452026367,6546.522127457235,402.07001339161485,80.86355068751969,7.329900412668699,80.87515136591895,7.341482419194497
LS_01651,80.87738377707345,7.342325210571289,8354.053005666601,434.2974629649774,80.87157164219022,7.336520921072811,80.88317229125221,7.348102723676815
LS_01652,80.87810063362122,7.341403961181641,381.9094487025157,71.77850849613854,80.87230097051201,7.335618754229721,80.88390157725978,7.347200538394785
LS_01653,80.87688048680624,7.33897590637207,34724.912376950946,1604.217955804155,80.8710801693521,7.333184962422393,80.88268074303643,7.344766777785268
LS_01654,80.87715085347494,7.337459564208984,11958.252917373798,751.8183289507913,80.87134677945798,7.331662823665197,80.88294730628385,7.343244632391455
LS_01655,80.85513324737549,7.328714370727539,4082.7883383651706,331.4000796787516,80.84933280738134,7.322922953595633,80.86093366214025,7.334505320076301
LS_01656,80.87432880401612,7.340261459350586,692.9785686289752,134.29715479055463,80.86852839244527,7.334470482522185,80.88012906485004,7.346052362532937
LS_01657,80.87541631062825,7.3351383209228525,1811.1211919768627,191.31964970331893,80.86961589851856,7.329347358911344,80.88121640835752,7.340929211731263
LS_01658,80.87512763341269,7.332374572753906,3309.947996670884,254.5113927662364,80.86932734702691,7.3265836059309795,80.88092779144341,7.338165466282173
LS_01659,80.87541220947733,7.331803899203157,956.7620198093664,120.0295721608824,80.86961192357151,7.326012935788299,80.88121234574491,7.337594788970774
LS_01660,80.87330770492554,7.329658508300781,9161.451073981032,613.2410754030034,80.86750751465466,7.32386740222566,80.87910793377782,7.335449308892009
LS_01661,80.87133062802829,7.321142196655273,2141.967192577064,184.23176811990064,80.86553040038469,7.315351230440076,80.87713064563344,7.326933187725104
LS_01662,80.89113903045654,7.324594497680664,3113.9787855983263,248.1659168372612,80.88533896706356,7.31880373401893,80.89693880031217,7.330385189095844
LS_01663,80.89069080352783,7.321390151977539,3918.5127951660456,289.2384839673479,80.88489081870813,7.3155993816276,80.89649057930055,7.3271808484973295
LS_01664,80.88755242029825,7.323064804077148,2733.0419479602137,245.31619215681744,80.8817524017746,7.317273994087535,80.89335228601767,7.328855540342531
LS_01665,80.88797950744629,7.322055816650391,1146.6638165308316,177.1672223554575,80.88217879197143,7.316257382374302,80.89377863871118,7.3278389179398165
LS_01666,80.8963451385498,7.317068099975586,861.6935344829576,117.88809113817886,80.89054388678757,7.3112697717040005,80.90214339029345,7.322851095782957
LS_01667,80.89753804210893,7.311304032295682,7109.296855287493,367.1620266659872,80.89173832654338,7.305513347922031,80.90333764903603,7.317094642585942
LS_01668,80.89027772630965,7.314947128295898,2952.1095965907434,227.80336300398153,80.88447789111721,7.30915630495256,80.89607749330786,7.320737783129542
LS_01669,80.89300219217935,7.314872741699218,5522.99869158927,363.9197758260637,80.88720249189461,7.3090819996050795,80.89880202297452,7.320663408736769
LS_01670,80.89421796798706,7.313488006591797,6253.852780641477,359.9580854434413,80.88841817657996,7.307697280357896,80.90001764053319,7.319278658867517
LS_01671,80.8949445423327,7.314393997192383,3393.5270536109597,282.95010356637596,80.88914472707292,7.308603280145657,80.90074419629863,7.320184640105036
LS_01672,80.89303970336914,7.311714172363281,2516.21776436906,227.93149297378554,80.88723987016878,7.30592347686137,80.89883931759249,7.317504885483759
LS_01673,80.88080377289744,7.314184188842773,7790.278605867105,431.18565425913505,80.87500372224076,7.308393291553068,80.88660354471313,7.3199750097230325
LS_01674,80.8774141898522,7.310346603393555,19639.470882777576,830.9214761189203,80.87161418209197,7.304555601179462,80.88321398975766,7.316137405420679
LS_01675,80.86535739898682,7.311882019042969,3812.7747340883216,346.2872517087441,80.85955728188247,7.306090928307658,80.87115743489151,7.317673037008394
LS_01676,80.8710175620185,7.314470291137695,3669.2829169085626,241.38447142212647,80.86521742418536,7.308679272296934,80.876817502023,7.320261237912398
LS_01677,80.87193336486817,7.317209243774414,2055.780272599923,179.32615611867544,80.86613325899648,7.311418235555279,80.87773338560466,7.3230001778474785
LS_01678,80.87421024762668,7.327611923217773,9232.866368772486,454.9157116850434,80.86840996828852,7.321820945197927,80.88001031067445,7.333402829153624
LS_01679,80.86576925662132,7.332857388239706,7014.791217866234,376.31945643675886,80.85996885523124,7.327066302482629,80.8715695498107,7.33864839987141
LS_01680,80.88942527770996,7.314023971557617,3008.580070903049,274.2132917678556,80.88360171945105,7.308244549336668,80.89520131998742,7.31982604982979
LS_01681,80.88943547259726,7.310418343147739,59699.85930394074,1970.6707651725,80.88363564034049,7.304627499734178,80.89523514526987,7.316208999823937
LS_01682,80.88833583484995,7.312427520751953,1837.1331379545386,210.4380985304285,80.88253597149148,7.306636697751584,80.89413555693935,7.3182182254390655
LS_01683,80.88907686869304,7.309164047241211,956.6157668660254,127.59934572329996,80.88327331599046,7.303363776850917,80.89487279701572,7.314945286272556
LS_01684,80.8881383169265,7.309684753417969,2992.628320888073,249.56746096050952,80.8823385230663,7.303893900553117,80.89393804167543,7.31547543357396
LS_01685,80.88859176635742,7.307977676391602,2561.1620669276112,220.47371623385567,80.8827920466683,7.302186877867723,80.89439150907994,7.313768399617287
LS_01686,80.89262580871582,7.3055267333984375,12300.800949747165,920.5122075184114,80.88682608610071,7.299736064303426,80.8984253821013,7.311317484257856
LS_01687,80.9338120866864,7.309020667714401,11394.594373665132,633.28394036502,80.92801283646793,7.303230443191819,80.93961117607293,7.3148108164786105
LS_01688,80.93147057753343,7.313220977783203,4604.221923729133,358.43746309789236,80.92567124552828,7.307430705402978,80.93726975424477,7.31901113718359
LS_01689,80.93356018066406,7.31834602355957,9049.07097778572,623.2007065230755,80.92776176798571,7.312546260916497,80.9393603566037,7.324126637985984
LS_01690,80.9398078918457,7.31184196472168,6749.608616147666,453.94290551477513,80.9340086989056,7.306051794112031,80.94560695884682,7.3176320137426725
LS_01691,80.94275719778878,7.309938430786133,1598.6733095517684,153.70882641242065,80.93695803518541,7.304148298938055,80.94855617027882,7.315728443924056
LS_01692,80.91498756408691,7.330436706542969,3902.0946382731577,347.84982909307905,80.90918804608349,7.3246462429590755,80.92078742496325,7.336227090539061
LS_01693,80.90250206517355,7.346993195044886,1134.5138727490846,126.264854170521,80.89670191638035,7.3412025763746165,80.90830204817443,7.352783738978745
LS_01694,80.90575313568115,7.351272583007813,1763.7375661253218,195.2061481355827,80.89995301627762,7.345482006635293,80.91155317744769,7.357063085536417
LS_01695,80.90606331825256,7.352165222167969,3582.6848945271436,240.35286405392847,80.90026313483382,7.346374569795033,80.91186331153077,7.357955640614156
LS_01696,80.91620445251465,7.34893798828125,13177.319873173483,1000.1475138567516,80.91040446117405,7.343147544744612,80.92200429371331,7.354728357225249
LS_01697,80.95367342138755,7.272852833521591,2709.749068629835,204.7603990542974,80.94787486596566,7.267062857296884,80.95947176178497,7.278642736545219
LS_01698,80.95443334579468,7.292474746704102,524.5358563902668,90.611564934062,80.94863457108328,7.2866847925339995,80.96023195490254,7.298264645576934
LS_01699,80.94577119694722,7.291899461199605,5680.312372584801,343.01225955948377,80.93997231755769,7.2861093879282794,80.95156990746275,7.297689461820309
LS_01700,80.9501235144479,7.287925720214844,1678.4782142046226,194.58639782984332,80.94432476701736,7.282135699923369,80.95592214301212,7.293715664320497
LS_01701,80.9477502822876,7.300027847290039,1397.5261829191124,141.91372847112342,80.9419513288423,7.294237780522591,80.95354907903524,7.305817801355031
LS_01702,80.9504311879476,7.30082893371582,1202.379948650104,143.8614723562656,80.94463225702059,7.2950389201734644,80.9562299595294,7.306618872378971
LS_01703,80.9404524826422,7.302263259887695,15968.436526221092,939.2752706904428,80.93465340833899,7.2964730940965135,80.94625140282182,7.308053300196023
LS_01704,80.9140062059675,7.302705764770508,11254.558272000726,723.293352623598,80.90820678678021,7.296915288266335,80.91980546629772,7.308496166736617
LS_01705,80.90300917625427,7.292129516601562,13817.674355484382,954.2380293516726,80.89720979021776,7.2863390702962825,80.90880847311861,7.2979202295002095
LS_01706,80.90275382995605,7.290798187255859,11638.407114758627,745.2803686681043,80.89695465141274,7.285007679321158,80.90855330606827,7.2965888452093965
LS_01707,80.89964970675382,7.2874298095703125,29849.114653045126,2091.612810551202,80.89385034511794,7.2816391014433215,80.90544899058271,7.293220346393701
LS_01708,80.92525863647461,7.285947799682616,2550.8032935645733,306.16977737255144,80.91945960284704,7.280157463893928,80.93105756034426,7.291738060713754
LS_01709,80.92484378814697,7.2848663330078125,1625.3084793491046,196.7716269263508,80.91904221984326,7.279083621319445,80.93064016005349,7.290664228991461
LS_01710,80.91744790253816,7.283439636230469,45302.615944044715,2519.825903218708,80.91164878621,7.277649201153578,80.9232468768036,7.2892299965293
LS_01711,80.91711030823183,7.272984764457746,2009.9728966608109,184.66884201198118,80.91131133484204,7.267194324259527,80.92290916245558,7.278775130486822
LS_01712,80.91741943359375,7.271732330322266,475.10525648937664,81.71595071091653,80.91162046569154,7.265941894026394,80.92321825297496,7.2775226927129415
LS_01713,80.91644859313965,7.275047302246094,14554.314556931116,1298.6366613536227,80.91067137384503,7.269270205905694,80.92226927155477,7.280851027863698
LS_01714,80.93267122904459,7.299528121948242,1772.4579784800221,233.59863441155235,80.92687210674016,7.293737901932025,80.93847022853149,7.30531830690253
LS_01715,80.93143265682444,7.29852512127645,1070.95778716893,127.17769143727176,80.92563351872978,7.292734865679107,80.93723164599703,7.30431530242569
LS_01716,80.93074497809778,7.296815872192383,5721.548127954376,341.76299115033504,80.92494587520169,7.291025560481547,80.93654397554863,7.3026060151741365
LS_01717,80.92141962051392,7.289543151855469,13571.885776177569,675.6046558054092,80.91562050444708,7.2837527030542555,80.92721865288345,7.295333396370315
LS_01718,80.91563405990601,7.296531677246094,3893.06123483688,238.85910996350196,80.90983472143733,7.290741220717196,80.92143319869858,7.302322059201466
LS_01719,80.90258677800497,7.287897109985352,7421.72226666971,466.17046056675497,80.89678756413245,7.282106488039776,80.9083861474034,7.293687658649886
LS_01720,80.90750741958618,7.284759521484376,2887.1319463205396,242.3548774976622,80.90170820159265,7.278968961005078,80.91330657850246,7.290550007720005
LS_01721,80.90851211547852,7.284732818603516,1328.6773292985931,142.85815699149563,80.90271289732053,7.278942270307302,80.91431124808071,7.290523291610764
LS_01722,80.90596461296082,7.2833251953125,2090.020880591116,231.8064929730704,80.90016534372374,7.277534568858184,80.91176372237435,7.289115654857937
LS_01723,80.90283745985765,7.285097122192383,4192.01300079611,317.9404670458101,80.89703812115776,7.279306470946638,80.90863662513271,7.290887635699407
LS_01724,80.90310799734934,7.284019470214844,10096.190990730312,509.78613381194174,80.89731757844436,7.2782194599614085,80.90891604703214,7.289800617836151
LS_01725,80.90223898887635,7.283107757568359,8169.289770875808,477.5347794125173,80.89643968258424,7.27731713073724,80.90803814989437,7.288898310954229
LS_01726,80.90083694458008,7.281589508056641,4953.654541416695,337.3922679705718,80.89503763859149,7.2757987811184,80.90663610183717,7.287379997012464
LS_01727,80.90137672424316,7.282167434692383,658.9711174023071,103.34392284417787,80.89557741755259,7.276376796767702,80.90717588219437,7.287957998929986
LS_01728,80.90127754211426,7.279203414916992,8629.984454246658,478.7592577469371,80.8954783609996,7.273412774569338,80.90707675097109,7.284993979724212
LS_01729,80.90063571929932,7.280012130737305,2734.805250068018,285.45669542565474,80.89482966883149,7.274217668789807,80.90642809616551,7.285798890195131
LS_01730,80.90149084726968,7.279916763305664,1909.8003028791736,187.17997178024405,80.89569155055234,7.274126095465854,80.90728995370156,7.285707295118286
LS_01731,80.94481974518624,7.281725945234361,1281.7064530000189,141.05230884103048,80.9390209919389,7.275935857254643,80.95061834255148,7.287515958598018
LS_01732,80.94015717506409,7.281162261962891,1003.4618527074115,117.75164302368512,80.93435837251423,7.27537211477843,80.94595582717785,7.28695233476686
LS_01733,80.93990128918698,7.2791786193847665,3246.7484281238576,246.0822804717901,80.93410250912011,7.273388468639189,80.94569991891876,7.284968695722038
LS_01734,80.94027333259582,7.266849517822266,530.2477662785433,85.75866554515842,80.93447471802136,7.261059369993325,80.9460717993862,7.272639591337903
LS_01735,80.93809258224618,7.266448974609375,4194.2179982672,379.730790019218,80.93229394753085,7.2606587987685565,80.94389107389316,7.272239075503933
LS_01736,80.94035761367871,7.262189865112305,64880.9770117893,4248.861320392103,80.93455905962595,7.256399717716391,80.9461560184437,7.267979938324818
LS_01737,80.93456506729126,7.269756317138672,1301.9048913888066,139.19069853101763,80.9287663368276,7.263966097237323,80.94036363826265,7.27554646241332
LS_01738,80.93216133117676,7.271873474121094,461.3426340102651,79.14044653053617,80.92636254819453,7.266090853666982,80.93795996563465,7.277671279164454
LS_01739,80.92859885806129,7.27086067199707,1859.0483013346516,201.1888074863866,80.92280000719245,7.2650703764638465,80.93439748857568,7.276650892473691
LS_01740,80.92711668014526,7.266090393066406,783.5643850627389,114.6477768201555,80.92131790910277,7.2603000787166465,80.9329153045094,7.271880633468229
LS_01741,80.92660903930664,7.265567779541016,2898.5256148226913,261.5682052605708,80.92081019429418,7.25977740108379,80.93240758903042,7.271357968812422
LS_01742,80.90957609812418,7.266115188598633,8661.656316043633,523.4485164476489,80.90377708991423,7.260324722772428,80.91537492985289,7.27190572076128
LS_01743,80.90525150299072,7.27154541015625,3194.5998267925897,231.37201894224012,80.8994523835862,7.265754748824635,80.91105047387512,7.277335854959211
LS_01744,80.90498143976384,7.267110824584961,2069.76217496197,227.960152954025,80.89918237319326,7.261320230895233,80.9107803550835,7.272901344632154
LS_01745,80.89939419428508,7.266729354858398,235218.47919639747,4780.947741651517,80.89359483735109,7.260938349093449,80.9051929504133,7.272519603782399
LS_01746,80.90154394896135,7.261871337890625,20477.305478764276,704.1515499411312,80.8957449986966,7.256080777468093,80.9073429312906,7.267661978757836
LS_01747,80.89841683705649,7.264108657836914,5397.613388994278,444.986554707974,80.89261210049057,7.258314166926849,80.90421017014692,7.2698954467877615
LS_01748,80.89972952433995,7.262126922607422,131722.58630997135,2433.426002742322,80.8939300752456,7.256343227569959,80.90552806044428,7.267924474538793
LS_01749,80.89772891998291,7.259416580200195,4288.3191946661145,247.33769205629358,80.89192985161712,7.253625895022073,80.90352781667463,7.2652071927795685
LS_01750,80.89676551818847,7.258981704711914,5417.20808986945,317.3585172053139,80.89096643824813,7.253190938323435,80.9025644162924,7.264772260395313
LS_01751,80.89694129096137,7.256952285766602,11299.018418079379,503.1713541709021,80.89114225062572,7.251161589981825,80.9027401715347,7.26274290793031
LS_01752,80.89577026367188,7.257905960083008,4335.836918924395,256.6072702805495,80.8899712150169,7.252115250197557,80.90156919020029,7.26369659747056
LS_01753,80.89826801845005,7.257537841796875,3365.709907619315,266.4933233610092,80.89245937098349,7.251758547144022,80.90405727420028,7.263339831857688
LS_01754,80.90102704366049,7.269495010375977,8112.971143715941,593.5297672824703,80.89522782393644,7.2637044223392495,80.90682596767442,7.2752856354131135
LS_01755,80.90083090464273,7.268766403198242,1050.9927160860784,134.38356622427804,80.8950316999929,7.262975802777102,80.90662982974195,7.274557020915776
LS_01756,80.9003095626831,7.26841926574707,993.991091781016,125.05779105687475,80.89451042455396,7.262628613112242,80.90610855844051,7.274209844451012
LS_01757,80.90815952845982,7.2719669342041025,1792.1882864394008,174.47369174964146,80.90236041767413,7.266176381491017,80.91395844538994,7.277757414127103
LS_01758,80.89177888234457,7.272483825683594,73155.99311871843,3076.9996523493564,80.88597953191733,7.266692796729676,80.89757798689214,7.278274242497152
LS_01759,80.88478174209595,7.271381378173828,3930.394667584387,295.96839074431006,80.87898235862006,7.265590530752486,80.8905809613479,7.277172152860161
LS_01760,80.88619613647461,7.271799087524414,3676.9891542635582,242.66452010285738,80.88039677323505,7.266008257738721,80.89199535119332,7.277589844197398
LS_01761,80.88576674461365,7.272331237792969,1015.9143136188345,121.09006102968155,80.87996733940858,7.2665403630909156,80.89156594206113,7.2781219603014895
LS_01762,80.88111398291349,7.272982020718547,2507.6442349169647,200.62108335300582,80.87531454368232,7.2671911268016025,80.88691328057776,7.278772841048064
LS_01763,80.88070583343506,7.272829055786133,1657.8516620443413,181.3273158462239,80.87490638538492,7.267038157195062,80.88650512857512,7.278619881725127
LS_01764,80.88310194015503,7.273460388183594,509.5541927232864,86.74754574939953,80.87730250437227,7.267669495747181,80.888901203641,7.27925115991898
LS_01765,80.88057351112366,7.26942253112793,1332.808196011651,132.2574459843708,80.87477411073398,7.263631630561812,80.88637276842545,7.275213358733878
LS_01766,80.87609791755676,7.270412445068359,3081.053488346564,217.60068450623004,80.87029843190399,7.264621488201517,80.88189722809823,7.276203328810914
LS_01767,80.89559555053711,7.2659759521484375,13861.793613717402,554.7324368359468,80.88979638167487,7.26018524050144,80.90139457100334,7.271766591010254
LS_01768,80.8952088356018,7.267475128173828,9395.214429309184,396.5524968318948,80.88940960053527,7.261684327963758,80.9010078386095,7.273265688000033
LS_01769,80.85953537623087,7.265663146972656,4210.226561169601,337.30558098003377,80.8537357534316,7.2598719824669455,80.86533484188917,7.271454238967729
LS_01770,80.86018689473471,7.266633987426758,6157.014966746357,493.6474832072489,80.85438729943031,7.260842831117786,80.86598639690583,7.2724250712708605
LS_01771,80.86226344108582,7.273597717285156,3767.89998219923,337.1321655252008,80.85646367732585,7.267806688104413,80.86806290469775,7.27938887601064
LS_01772,80.86011428404842,7.273685329600438,4465.365004585668,330.9530903109858,80.85431471812397,7.267894174101145,80.86591400178716,7.279476415928262
LS_01773,80.85452140494132,7.274134145171983,11675.855905628514,496.43957827019744,80.84872148472948,7.268343068424074,80.86032092062572,7.279925450523528
LS_01774,80.85988159974416,7.285633087158203,22945.87319184685,847.958041324856,80.8540817411526,7.279841928102309,80.86568134347924,7.291424175530319
LS_01775,80.86596409479776,7.294036865234375,2388.6479721416295,276.225064297707,80.86016418193283,7.288245781378185,80.87176385126467,7.299827875532723
LS_01776,80.86503466841803,7.295221154988736,4660.117688549685,292.43306967377407,80.85923486123328,7.289429959264942,80.87083458504664,7.3010120767723174
LS_01777,80.86490893363953,7.2927093505859375,2910.5293709098232,315.53249808215054,80.85910905768957,7.286918253343236,80.87070871883023,7.298500374116538
LS_01778,80.86367705208914,7.291193008422852,12635.402671427724,1007.9376029664616,80.85787716581571,7.285401857206757,80.86947681826229,7.296984009039616
LS_01779,80.85472774505615,7.306600570678711,3970.9425012514894,259.5746712155394,80.84892755998388,7.300809346243312,80.8605278425771,7.3123917230737385
LS_01780,80.85457452138266,7.304691314697266,856.0374606820677,133.74292954954942,80.84877432702191,7.2989000879700106,80.86037456327709,7.310482468666603
LS_01781,80.85725712776184,7.300457000732422,2617.232510905643,204.99461997365833,80.85145703257625,7.294665807464265,80.86305708991804,7.30624812065807
LS_01782,80.86831295490265,7.303157806396484,4946.419336437923,326.5588618682165,80.86251313367697,7.297366643138878,80.87411298290989,7.30894867766745
LS_01783,80.87190456390381,7.299711227416992,1439.6161048175545,173.70816451188858,80.86610468078158,7.293920303798401,80.87770434891321,7.3055022479416705
LS_01784,80.87113103751824,7.2987078298782055,2597.303804022786,209.2006735563635,80.86533114084531,7.292916811251585,80.87693080221224,7.304498774965265
LS_01785,80.8707259950776,7.297504119541474,1732.6266475902805,163.1809184045029,80.8649261264582,7.29171303502853,80.8765257665026,7.303295009026413
LS_01786,80.86691443125406,7.297695159912109,1344.092064949181,171.38478420595297,80.86111447044385,7.291904120810146,80.87271421171246,7.3034861908650575
LS_01787,80.86822080612183,7.300479888916016,823.0171250560428,119.48608265453312,80.86242083026083,7.2946888342459815,80.87402061158069,7.3062708712395015
LS_01788,80.86767182350158,7.3011932373046875,763.1762998360297,109.75133472959706,80.86187184274563,7.295402175268367,80.87347165663844,7.306984226067062
LS_01789,80.88168334960938,7.307277679443359,1612.4487935888753,162.82980475058795,80.87588346542013,7.30148679440045,80.88748308453053,7.313068490990676
LS_01790,80.88048622954116,7.307852542667186,2254.059155083176,220.62397646711415,80.87468631378377,7.30206168100528,80.88628597827388,7.313643407806308
LS_01791,80.8965585231781,7.299823760986328,1547.3069018298565,160.53498834921,80.89075893715403,7.294033014984471,80.90235798436342,7.30561433620552
LS_01792,80.89415700561251,7.295985199033799,2105.0703750218127,204.45008770817526,80.8883574152297,7.290194470722066,80.89995642302037,7.3017758532583805
LS_01793,80.88918099403381,7.2975616455078125,512.6347040028352,85.91067355774871,80.88338133360458,7.29177085460722,80.89498050858417,7.303352362738305
LS_01794,80.8923614025116,7.292690277099609,9982.272740660113,566.519896715084,80.88656185233684,7.286899526340601,80.8981608195365,7.298480954722105
LS_01795,80.88785661969865,7.292295455932617,9648.810239991137,572.7332747421405,80.88205700157577,7.286504705628389,80.89365607243451,7.298086247858234
LS_01796,80.88839387893677,7.290727615356445,6900.7851656814055,525.5835316255303,80.88259428069979,7.28493681384155,80.89419329701167,7.296518342692895
LS_01797,80.88743877410889,7.290952682495117,3458.0700994279528,240.8606213474664,80.8816391764748,7.285161924165079,80.89323822281798,7.296743477103754
LS_01798,80.88599556279937,7.291467666625977,9949.809792275728,532.7148612754376,80.88019594761919,7.285676835818178,80.89179504390532,7.297258425131498
LS_01799,80.88740195272467,7.305018129053284,1877.6631768997827,191.6411127219662,80.88160218534684,7.299227315950369,80.89320160043465,7.310808868163716
LS_01800,80.8886112906716,7.306407928466797,1365.8158694686808,273.6117015088711,80.88281149221021,7.300617149840846,80.89441091303495,7.31219867129106
LS_01801,80.88784249623617,7.306406021118164,344.56134475521833,74.79519419687449,80.88204270297123,7.300615213910844,80.89364214322848,7.312196754814146
LS_01802,80.8628921508789,7.2980499267578125,1452.318182910385,162.9871268220199,80.85709219085288,7.29225884509102,80.86869204290524,7.303841016455504
LS_01803,80.86490368843079,7.285327911376953,4167.516843091414,293.20127832167225,80.8591043211404,7.279536809301034,80.8707037890249,7.291118930478897
LS_01804,80.86907575853029,7.281942796575333,7956.742795690372,421.4317520562952,80.86327614100246,7.276151624454058,80.8748754152229,7.287733640872512
LS_01805,80.87241554260254,7.281099319458008,1049.546023255037,139.2133727111105,80.86661590870686,7.2753083161858285,80.87821507674005,7.286890248644732
LS_01806,80.88999128341675,7.285501480102539,4252.920239541823,295.59731505178803,80.88419177370568,7.279710699139201,80.89579061318909,7.291292188311165
LS_01807,80.88780689239502,7.286966323852539,3375.086232477044,215.68001472111982,80.88200734299735,7.281175515371501,80.89360627592308,7.292757059488457
LS_01808,80.89557950636919,7.286096572875977,3516.170033310382,309.05493158201284,80.88978009577555,7.280305835047926,80.9013788094804,7.291887183048684
LS_01809,80.86874993642172,7.2763214111328125,948.6946291506542,136.07259804319128,80.86295030363694,7.270530362328038,80.87454943907952,7.282112387230035
LS_01810,80.8824609120687,7.280004501342773,13750.756214648973,683.8285789764595,80.8766614235703,7.274213538191297,80.88826030973533,7.285795217849054
LS_01811,80.88177585601807,7.284002304077148,6594.487961988638,367.9730003047972,80.87597620083865,7.2782112658049245,80.88757520867851,7.289792962334415
LS_01812,80.89188507172372,7.281929655938815,6373.995419154659,376.07039752842775,80.88608571104162,7.2761387423651955,80.89768440948562,7.2877201842084895
LS_01813,80.89294465382895,7.286289215087891,1345.4546452761183,152.26415958270508,80.88714514249818,7.280498470712518,80.89874392787122,7.292079885229111
LS_01814,80.89300918579102,7.286705017089844,1945.642402782308,296.6865136059775,80.8872037378305,7.280912345601203,80.89880253251907,7.292493758581674
LS_01815,80.86989707946778,7.262332916259766,1934.2057058750704,221.92015783569587,80.86409763906626,7.256541881217145,80.87569638041609,7.268123878051381
LS_01816,80.87834893238707,7.265227139067115,5375.896050527023,304.38216190400317,80.87254950035955,7.259436287208171,80.8841481046895,7.271018071666188
LS_01817,80.8244394659996,7.3040008544921875,16789.30238573618,781.0246870181255,80.8186313649878,7.29819215503585,80.83023234105129,7.3097752929786814
LS_01818,80.82532580693564,7.300630569458008,3823.2698701293293,267.3914421028998,80.81952533559547,7.294839061650221,80.83112620073571,7.306422176849965
LS_01819,80.82589111328124,7.299978256225586,3442.129019389601,277.410600241053,80.82009047327959,7.294186576775416,80.8316913070244,7.305769677749141
LS_01820,80.83102111139334,7.296753310273881,13737.729473304946,802.2954203321897,80.8252207445182,7.2909617881943145,80.83682136447646,7.302544760304436
LS_01821,80.83777828533547,7.304446911987398,1587.3029793910534,161.1630528068671,80.83197795096943,7.298655407980754,80.8435786038277,7.310238211057685
LS_01822,80.83900799070085,7.304496765136719,14493.456119746728,913.0330972527603,80.83320760728807,7.29870538206572,80.84480823052668,7.310288154256944
LS_01823,80.84862364085325,7.278972132900453,2321.4324652455134,204.36805490475857,80.84282367010148,7.273180904446063,80.85442338081876,7.284763434438644
LS_01824,80.8267126083374,7.268362045288086,4116.099014606829,268.8899045461715,80.82091247465462,7.262570471925925,80.8325124557616,7.274153549287904
LS_01825,80.82569074630737,7.268758773803711,3693.9904768145784,473.4349902020461,80.81989066630233,7.262967186240169,80.83149068335976,7.274550289135832
LS_01826,80.82073930104573,7.268474578857422,28630.172196506606,2136.1928198173505,80.81493920700053,7.262682885857814,80.82653934026115,7.274266112213016
LS_01827,80.80176399728177,7.298141232057933,7343.960826654287,510.4631020366441,80.79596288076807,7.292349787052162,80.80756427043492,7.303933491281735
LS_01828,80.79275131225586,7.282131195068359,21171.007393156422,825.4093094966314,80.78695064225153,7.27633919662921,80.7985518335168,7.287923122305527
LS_01829,80.79625304085867,7.281106948852539,2300.7440334503926,244.45317895558992,80.7904524267455,7.275314993873283,80.8020535036817,7.286898832199074
LS_01830,80.797736203229,7.282739639282227,3247.381784342586,273.6381173615506,80.79193551117639,7.27694778489058,80.8035365942655,7.28853158662253
LS_01831,80.79997103554862,7.282415390014648,1384.455155662504,166.57964018597812,80.79417043184425,7.276623527735749,80.80577145063108,7.28820727375003
LS_01832,80.8006313112047,7.282926559448242,1315.1108924631744,203.35992691981204,80.79483072186389,7.277134659126327,80.80643173767564,7.2887183887900715
LS_01833,80.80216481950548,7.280055999755859,11680.700166290528,1046.5816735186509,80.79636429122812,7.274264097957736,80.80796519301258,7.285847788895568
LS_01834,80.78897709316678,7.273014068603516,1656.179292634366,223.14657391969908,80.78317640226899,7.267221971103195,80.79477744661622,7.278805988578572
LS_01835,80.79233090082803,7.267150878906249,8008.588602019498,736.7744898972549,80.78652918415833,7.261358274540777,80.79812999037277,7.272942207463717
LS_01836,80.80027215073748,7.265602111816406,4082.0407860773666,382.09618676457035,80.79447175338736,7.259810263909735,80.8060723212394,7.271393999250719
LS_01837,80.79967671632767,7.268180847167969,2822.0031765999297,310.0723482710967,80.79385082033836,7.262358418693415,80.80545147078396,7.273942169949784
LS_01838,80.7996794382731,7.269083023071289,781.7918034255349,120.44853954659452,80.79387901672963,7.263291112261637,80.80547969105518,7.2748748629952384
LS_01839,80.78186583518982,7.264324188232422,4055.689468371323,291.2464988840657,80.77606539688315,7.2585320531457285,80.78766638841557,7.270116244925652
LS_01840,80.7973508633248,7.246827816844908,3597.1383547868236,283.6153495255742,80.79155070118053,7.2410358775684704,80.80315084758331,7.252619681723812
LS_01841,80.79118633270264,7.237581253051758,703.5280243597416,152.3257636629991,80.78538624362184,7.231789266005701,80.79698629978647,7.243373220743326
LS_01842,80.7918643951416,7.23875617980957,867.7976710442219,227.70738634208504,80.78606430703644,7.23296419612915,80.79766437728549,7.244548134364581
LS_01843,80.79237801688058,7.236429214477539,1547.8008716039164,221.21055081514817,80.78657796602594,7.230637261081316,80.79817796243003,7.24222118610763
LS_01844,80.79059171676636,7.230625152587891,1149.6549120281525,162.37259657223208,80.78479168623817,7.224833133877924,80.7963915744308,7.236417101745192
LS_01845,80.7903561592102,7.232353210449219,18011.519964895808,736.2834701751823,80.78455620923852,7.226561375293122,80.79615614862709,7.238145349365363
LS_01846,80.789715051651,7.230974197387695,902.8873480636363,123.04740347090761,80.78391504342703,7.225182166415296,80.79551496245743,7.23676615600652
LS_01847,80.79734230041504,7.2456207275390625,2092.6095314510217,220.19586660817825,80.79154216898047,7.239828790086154,80.80314228386925,7.251412594210656
LS_01848,80.80536852942572,7.248983383178711,3365.1783986624287,278.72101072315456,80.7995684531344,7.243191544658656,80.81116845713176,7.254775150454726
LS_01849,80.80429482460022,7.245922088623047,8045.616973268766,510.0096233440557,80.79849479970856,7.240130334009961,80.81009474998216,7.251713965899817
LS_01850,80.80751205625988,7.247072219848633,10368.877502575775,457.07852685175936,80.80171216539803,7.241280583310658,80.8133120659609,7.252864135601804
LS_01851,80.79456583658853,7.235422134399414,2075.962742771759,236.29280721730723,80.7887658402706,7.229630162165728,80.80036575606859,7.241214032890847
LS_01852,80.7993491490682,7.234525680541992,11520.946546534748,462.1170287447964,80.7935492699489,7.22873376998952,80.80514904376646,7.240317522242077
LS_01853,80.7989044825236,7.23643684387207,6710.653505453511,364.11986159994206,80.79310450860733,7.2306449257578,80.8047043435871,7.242228689386193
LS_01854,80.79971694946289,7.226451873779297,2453.6582243097746,228.21290441151615,80.7939173738567,7.220660073187247,80.8055169268851,7.232243814772209
LS_01855,80.79506797790528,7.227746963500977,2517.409493609116,265.6089177964774,80.78926804241729,7.221954946201976,80.80086774440079,7.233538802902024
LS_01856,80.80169615523363,7.231103897094727,15756.09299692564,1473.3886772932694,80.79589627034865,7.225312013668255,80.80749589630543,7.236895707217444
LS_01857,80.80532956123352,7.222316741943359,8396.515637524433,770.5529421461702,80.79952972313343,7.216524994520654,80.81112902900105,7.2281085966520795
LS_01858,80.79852676391602,7.232082366943359,2591.174681078865,250.60282849787868,80.7927271109347,7.226290561918015,80.80432684102689,7.2378743340241405
LS_01859,80.79695153236389,7.233005523681641,1553.1392432634873,150.30534627195019,80.79115155807223,7.227213582692256,80.80275135138443,7.238797393936468
LS_01860,80.79710682018383,7.2314300537109375,2297.4389089269876,337.8666759251778,80.79130683246507,7.225638076896004,80.80290658060306,7.237221883982447
LS_01861,80.79961177280971,7.23847770690918,5718.779318939275,296.04473483359783,80.79381197338579,7.232685625307991,80.80541184439056,7.244269371826409
LS_01862,80.80290222167969,7.242031097412109,8840.488695795864,419.8431636008826,80.79710220638775,7.236239229176131,80.80870208907392,7.2478228948843
LS_01863,80.80359717777797,7.241159439086914,2064.7465852477117,166.9873286201788,80.79779719828629,7.23536766192543,80.80939704085557,7.246951310258166
LS_01864,80.80301308631897,7.2164268493652335,7466.269616245773,509.05502706994866,80.79721360679319,7.2106352518708,80.80881281586495,7.222218910158848
LS_01865,80.80273628234863,7.216791152954102,2392.2590979392394,202.16490248453928,80.79693659593882,7.2109992849827895,80.80853582137973,7.222582950175898
LS_01866,80.7991799312316,7.220655157416637,3358.9292263097727,284.35280797259105,80.79337999371941,7.2148634000992695,80.80497940820527,7.226447153826903
LS_01867,80.79829900605338,7.217597961425781,43734.65466574767,1850.262658151937,80.7924998174692,7.211806241718981,80.80409917367228,7.223390016565217
LS_01868,80.79724049568176,7.220493316650391,49384.852901158374,3041.3748135642204,80.79143572570202,7.214695816895245,80.80303518385593,7.226279618580496
LS_01869,80.76853430271149,7.256505966186523,1067.5499288364622,130.04806315623114,80.76273360650147,7.250713602393743,80.77433472184607,7.262298121848945
LS_01870,80.76928636149134,7.25518836682509,2288.589778525616,215.61992086556094,80.76348586020872,7.2493962799644684,80.7750869221416,7.26098078044255
LS_01871,80.79109938939413,7.222087860107422,3087.351489937881,326.84540034305724,80.78529959068926,7.216295761575652,80.7968992423622,7.227879714990166
LS_01872,80.84684262275695,7.2581787109375,3906.6341307908992,286.408403100905,80.84104299335948,7.25238738815837,80.85264220423936,7.263969962241479
LS_01873,80.84623696511252,7.255695343017578,23471.457106490725,873.9164717217732,80.84043698397639,7.24990456242031,80.8520361451002,7.261487151573794
LS_01874,80.83436393737793,7.24687385559082,11356.330864262547,485.0543262089524,80.8285642738538,7.241082489141404,80.84016350082855,7.252665373961933
LS_01875,80.84484418233237,7.256563186645508,1156.5981043297954,156.2827769047988,80.83904451407183,7.25077183838966,80.8506437327008,7.262354462348419
LS_01876,80.8473711013794,7.254404067993164,15212.096700768643,1395.1388487863644,80.84157158474859,7.248612698018209,80.8531706837254,7.260195258798403
LS_01877,80.84594514634874,7.252529144287109,8159.033047565031,790.6437663838144,80.84015373474351,7.246730330370686,80.85175281998268,7.258312926503244
LS_01878,80.84933916727701,7.251264572143555,7530.843416271126,656.6964635545364,80.84353963314472,7.245473279188843,80.8551386008822,7.257055790750144
LS_01879,80.8465601404508,7.249641418457031,2338.980566521608,271.39425964232856,80.84076056619301,7.243850092107851,80.85235956101343,7.255432673009323
LS_01880,80.84992996851602,7.246984481811523,6485.906147728836,491.65977898776924,80.84413050757459,7.241193198039257,80.85572934879823,7.2527756947738125
LS_01881,80.84580345153809,7.246055603027344,5101.098689498291,474.8430117513802,80.84000393055975,7.24026426694711,80.85160285064104,7.251846866619465
LS_01882,80.84676520029703,7.244655609130859,5070.568829421909,409.74531645152217,80.8409654877172,7.238864284721209,80.8525643472352,7.250446860370257
LS_01883,80.8473334312439,7.247352600097656,4892.685368856957,470.70213698184597,80.84153434981638,7.2415611546841205,80.85313326552564,7.253143716214747
LS_01884,80.85186219215393,7.240943908691406,18647.017442176268,881.4864895833877,80.84606249291326,7.235152649709128,80.85766112829923,7.246735098154778
LS_01885,80.85399250454373,7.23979377746582,1615.796139246971,205.71481760411572,80.84819316780624,7.234002543110555,80.85979171998741,7.245584938394808
LS_01886,80.85178732872009,7.2396697998046875,22631.903346665298,1173.7526880281164,80.845994467528,7.233876698072925,80.8575930713523,7.245459148201942
LS_01887,80.85432179768881,7.238252639770508,2746.516215742542,274.02282929599284,80.84852248434667,7.232461409955215,80.86012098814747,7.244043797020409
LS_01888,80.85214281082153,7.236522674560548,10371.466744114783,569.0883503529468,80.8463436036523,7.230731665010324,80.85794211680218,7.242314106401528
LS_01889,80.84978699684143,7.2384033203125,4586.969253393436,339.9644438196043,80.84398761023682,7.232612034251237,80.85558623120637,7.244194534402608
LS_01890,80.8482525769402,7.238962173461914,14806.896448473617,564.3846504390144,80.84245323161939,7.233170709310219,80.8540519054559,7.244753247720676
LS_01891,80.84714221954346,7.2384490966796875,23325.20211199876,989.3773733820158,80.84134259123283,7.232658035977277,80.85294127941955,7.244240602054861
LS_01892,80.8481216430664,7.233770370483398,91057.10730230053,3158.2146529290503,80.84232235005251,7.22797937659203,80.85392089183664,7.239561918141585
LS_01893,80.83822458440608,7.223468780517578,5726.309016270313,506.697054178433,80.83242527215907,7.217677390289996,80.844023792008,7.229260177563293
LS_01894,80.84562754631042,7.2313690185546875,3278.271515174204,234.34529251977298,80.83982819045163,7.2255776810683745,80.85142673184102,7.2371602846497884
LS_01895,80.84440272194999,7.232526779174805,92934.64743640216,3353.409141895697,80.83860326088991,7.226735425297381,80.85020186298186,7.238318059406915
LS_01896,80.842573483785,7.229131698608398,9454.813384174384,695.9145464073817,80.83676739335861,7.223334602768819,80.84836595255538,7.234917282417597
LS_01897,80.85616755485535,7.232810974121094,3853.9226377561013,299.96974119213866,80.85036828368523,7.227019767466654,80.86196659970122,7.238602108507062
LS_01898,80.85421657562256,7.231008529663086,5381.4125855735465,284.95642284281763,80.84841735386668,7.225217298508663,80.86001567166856,7.236799688177977
LS_01899,80.85680754979452,7.230022430419922,4190.661702606276,286.33645384268596,80.85100835724364,7.224231231736794,80.86260658472759,7.235813556835775
LS_01900,80.8509593963623,7.230253219604492,3380.30492891347,220.69166030396562,80.84516016247461,7.224461947503174,80.85675854186952,7.236044418308089
LS_01901,80.85161905288696,7.229015350341797,50377.67439297129,2844.237328411466,80.84582026911063,7.223223736298535,80.85741859981226,7.234806190648209
LS_01902,80.85883868017862,7.227071762084961,8349.229571161342,385.77901983616766,80.85303954597947,7.221280737623145,80.86463764604697,7.232863012127429
LS_01903,80.85551277796426,7.2264671325683585,41417.313256083355,1541.6994907463827,80.84971335610358,7.220675653483364,80.86131152342367,7.232258010862193
LS_01904,80.85135238820857,7.225360870361328,14479.125121615345,1320.4670426316236,80.84555314184067,7.219569554652411,80.85715138411584,7.2311520156063755
LS_01905,80.84326601028442,7.2286224365234375,4769.989107860208,468.26672483736235,80.8374667579948,7.222831126695714,80.84906528665405,7.2344137889291105
LS_01906,80.84343790152457,7.227650765716264,4364.8065907990795,336.7806435674096,80.8376386824643,7.2218594027561815,80.84923718152503,7.233442060673969
LS_01907,80.84947528839112,7.22376823425293,2209.7324286219073,220.59678673362,80.8436926059576,7.2179578707654475,80.85529085266295,7.229540377987987
LS_01908,80.85019292831421,7.228130340576172,211.60303876534198,55.97221444377649,80.84439225443931,7.222329542398707,80.8559905974712,7.233912032290753
LS_01909,80.84848393712724,7.228904724121094,818.7951496900101,165.68208966758397,80.8426846598795,7.223113421855535,80.85428306588399,7.234695954269912
LS_01910,80.84678316116333,7.227954864501953,2061.5105214691653,242.6535252108618,80.84098382933978,7.2221635400556385,80.85258225299596,7.233746114772813
LS_01911,80.84645112355551,7.225534439086915,1274.154519857082,192.0001737715851,80.84065186197273,7.219743111767673,80.85225023087825,7.231325694671369
LS_01912,80.84522427045383,7.226463317871094,1306.8294959971547,193.2156807613749,80.83942494714884,7.220671938880007,80.85102337079537,7.232254552329008
LS_01913,80.84652210684384,7.221763610839844,2198.3757009015144,272.4813466258642,80.8407228705186,7.215972252530985,80.85232113951527,7.227554833554638
LS_01914,80.84621620178223,7.222124099731445,439.28415453905774,92.01043648615263,80.84041698504548,7.216332822171184,80.85201527103875,7.227915410810023
LS_01915,80.85191932091345,7.221639633178711,1139.8129512105552,146.082423148027,80.8461201925235,7.215848337924303,80.85771832389064,7.2274307847222845
LS_01916,80.85201644897461,7.219045639038086,3631.0650585040894,340.0940804494806,80.8462174520333,7.213254381990329,80.85781551354906,7.224836826339583
LS_01917,80.85171699523926,7.220062255859375,2555.619109894081,247.25252503309923,80.84591779117612,7.214270931993057,80.85751588657699,7.225853383806975
LS_01918,80.82055568695068,7.254035949707031,18539.174027378132,1841.1633189852816,80.81475572509511,7.248244299610503,80.8263554838559,7.259827528830497
LS_01919,80.80662973110492,7.253147125244141,3497.0039690037997,288.65373101285525,80.80082961992983,7.247355302176363,80.81242970196321,7.258938877381165
LS_01920,80.81133290176484,7.259049272375158,2528.943364117311,195.8089532576049,80.80553281132204,7.25325750750247,80.81713293142512,7.264840966792278
LS_01921,80.81345280733976,7.251237869262695,23904.994779516885,2217.089730957003,80.80769637181199,7.245425146885113,80.81929623237347,7.257008551246557
LS_01922,80.81268829049297,7.249536142333701,5446.159189425926,307.9398917496714,80.80688825015828,7.2437443551777,80.81848808671559,7.255327779369094
LS_01923,80.81329480806986,7.246379852294922,15551.158505076794,1003.1051444757287,80.80749491500333,7.240588111302749,80.8190946536756,7.252171519969508
LS_01924,80.80944212748128,7.251629339015274,7185.069592358885,325.6915129499791,80.80363792229903,7.245844201558649,80.8152378948111,7.2574277067885475
LS_01925,80.80978266398111,7.250238418579102,3744.136303642398,501.4525445836496,80.80398274228351,7.244446633440373,80.81558266952652,7.256030129888388
LS_01926,80.80804782793082,7.251787185668945,6462.95641041875,710.0821156701057,80.80224775041083,7.245995380681102,80.81384776146024,7.257578920452779
LS_01927,80.80724254021277,7.244741439819336,3100.7797285454963,324.073950214627,80.80144256756637,7.238949561497807,80.8130424136461,7.25053312009025
LS_01928,80.8063394981518,7.244466781616211,2862.014203648398,327.17177376428066,80.80053948770899,7.238674956386295,80.8121393490084,7.250258537327154
LS_01929,80.80944871902466,7.244932174682617,4067.2119529446804,421.4080777454551,80.80364888661553,7.239140387349223,80.81524868289856,7.250723891246592
LS_01930,80.80782451629639,7.245355606079102,742.0514267131969,121.04032419671965,80.80202456450075,7.239563721524192,80.81362441224223,7.251147265783283
LS_01931,80.82597773415702,7.241996765136719,3680.974813135982,329.76060825898406,80.82018331950998,7.236199460799901,80.8317826275639,7.247782553721692
LS_01932,80.82509356278639,7.243566513061523,1315.752044095213,174.86762263409858,80.8192937903208,7.2377748863570295,80.83089316174683,7.2493580015519266
LS_01933,80.82586581131508,7.2428131103515625,5882.534563343226,338.16659879108875,80.82006602514491,7.237021629146805,80.83166535763255,7.248604725067306
LS_01934,80.82043127218881,7.244350433349609,6255.099250105026,591.0750497308953,80.81463143677645,7.23855878142116,80.82623094476278,7.250142012574224
LS_01935,80.80712080001831,7.24102783203125,2791.976087119092,199.78914287112272,80.80132081730737,7.235236015757355,80.81292056898249,7.24681957675019
LS_01936,80.81556844711304,7.242282867431641,2193.1353823157615,286.4147063960964,80.80976860443245,7.2364911185707,80.8213681791792,7.248074470217524
LS_01937,80.80793561935425,7.240262985229492,1122.9901282584462,170.3055537371626,80.80213566762872,7.234471219417612,80.81373537902012,7.246054760086519
LS_01938,80.80777682463328,7.239789962768555,631.4217540914384,125.84131282104308,80.80197689449442,7.233998152994913,80.81357659742149,7.245581697521389
LS_01939,80.80702686309814,7.23808479309082,5841.139131080367,302.58900599676,80.80122689530226,7.232292977349205,80.81282657212988,7.243876540177818
LS_01940,80.80878019332886,7.23823356628418,10208.711626452696,571.5440524750295,80.80298025911912,7.23244197124887,80.81457989634464,7.244025490654838
LS_01941,80.8189959526062,7.238969802856445,3167.0548037678395,288.10826309318895,80.81319617983618,7.233178133831562,80.8247955826141,7.244761399966743
LS_01942,80.81826877593994,7.235410690307617,19047.656904039013,1540.263673596395,80.81246910442715,7.229619011631629,80.82406843211446,7.241202295357116
LS_01943,80.8166389465332,7.236484527587891,2868.36457210134,260.4317798599246,80.81084938282267,7.230677571334372,80.82244877845083,7.242260895376499
LS_01944,80.81657282511392,7.235761642456055,2334.79548603415,251.85213585761193,80.81077281144663,7.22997003771008,80.82237219045511,7.24155336355663
LS_01945,80.81614716847739,7.234462738037109,2139.095808642419,220.7098844201674,80.81035344811153,7.228665312499271,80.82195280338324,7.240248648569469
LS_01946,80.81526215871176,7.233531951904297,4069.884840307961,342.6965661939883,80.80946218137318,7.22774040752512,80.82106153456472,7.239323765565038
LS_01947,80.81519842147827,7.2328948974609375,3462.967930736771,350.4783404926754,80.80941195299637,7.227091804382894,80.82101129045951,7.238675163577736
LS_01948,80.8106598854065,7.222848892211914,25171.643598568906,707.9815964535237,80.80486040031336,7.2170571203671585,80.81645958811876,7.228640590784678
LS_01949,80.80922908528242,7.222451332965436,6791.10286116015,326.3832120240088,80.8034295471044,7.216659709835018,80.81502875995326,7.228243215577951
LS_01950,80.81451225280762,7.223976135253906,86873.84709558212,2153.191846083314,80.80870892305703,7.218180599147586,80.82030804487708,7.229763974503311
LS_01951,80.81855007958791,7.231006622314453,11640.882669781025,710.5542223849956,80.81275035984153,7.225214950061091,80.82434956533099,7.236798226248478
LS_01952,80.87707778385708,7.230016708374023,27709.410846767212,1280.019681951533,80.87127889207784,7.224225821867121,80.88287661275758,7.235807641003917
LS_01953,80.87864923477173,7.228206634521484,2356.2200361578352,264.4084349473619,80.87285047534282,7.222415655601972,80.88444810973951,7.233997435599798
LS_01954,80.88946437835693,7.234004974365234,3758.625129106892,339.0607670997321,80.883665611226,7.228214184062743,80.895263124892,7.23979569282199
LS_01955,80.8887105669294,7.228910446166992,2474.491777124182,205.40160539029662,80.8829117828739,7.223119645814871,80.89450918348237,7.234701174060536
LS_01956,80.89467430114746,7.228059768676758,2182.3545972496863,228.81364427241,80.88887571332144,7.222269042032947,80.90047294235275,7.233850421032883
LS_01957,80.89456303914389,7.227409362792969,1443.3023749300798,151.1506381297137,80.88876428127548,7.221618684630626,80.9003614962776,7.2332000665119764
LS_01958,80.8974110285441,7.228092193603516,14831.346284250467,1470.3117843208947,80.8916121683139,7.222301656737265,80.90320932952666,7.2338829671651235
LS_01959,80.87875690157452,7.243661880493164,3953.8948857916853,403.5552264892488,80.87295781497568,7.237870956426039,80.88455584783998,7.249452732451733
LS_01960,80.87465699513754,7.246486663818359,1130.781601798159,136.1852148680773,80.86885781081422,7.240695719284182,80.88045601995361,7.2522775977888845
LS_01961,80.87145709991455,7.218658447265625,5509.506590492547,377.8591145066865,80.86565833933722,7.2128674291828005,80.87725590601578,7.224449389405636
LS_01962,80.92446327209473,7.260448455810547,3038.0474703628893,287.9404930322838,80.91866457749146,7.254658106958722,80.93026189403137,7.26623873021122
LS_01963,80.91521906852722,7.257968902587891,97724.86554005822,4098.746278166482,80.90942017732168,7.252178438438314,80.9210176634171,7.263759295682902
LS_01964,80.92161850477096,7.256018726727328,5137.272668654842,321.27704634398066,80.91581984421276,7.250228428347946,80.92741711807462,7.261809124516225
LS_01965,80.92213702201843,7.247341156005859,16349.851283120708,986.4098549883586,80.91633842560053,7.241550776720203,80.92793546196062,7.253131461846119
LS_01966,80.92049079471164,7.250471115112305,5952.364203100483,522.9489965291805,80.91469213940576,7.244680698694515,80.92628929825644,7.256261424609326
LS_01967,80.93972837924957,7.256732940673828,29713.245035233605,1656.5157720716127,80.93393873977844,7.250939145086128,80.94553557331972,7.262519383037952
LS_01968,80.93590032789442,7.254343032836914,14245.60585370271,1497.6289320368471,80.93010181550089,7.248552810851621,80.94169868465482,7.26013314657826
LS_01969,80.94220447540283,7.250171661376953,2808.052314736524,274.8834796391087,80.93640612833163,7.244381577471793,80.94800273017421,7.2559617549675615
LS_01970,80.94041367066211,7.251121520996094,4505.661401254944,375.14961551899967,80.93461525722643,7.245331372594379,80.94621192892883,7.256911595105251
LS_01971,80.9335880279541,7.247739791870117,8420.387880206012,554.304903490585,80.92778950238923,7.2419495576639905,80.9393862596319,7.253529953684619
LS_01972,80.93707614474826,7.245565414428711,7899.298174737732,583.2009598787355,80.93127785380136,7.239775273631947,80.94287446671576,7.251355582144839
LS_01973,80.94296336174011,7.245279312133789,7564.0164837373895,461.24232539453146,80.93716506517063,7.239489195295897,80.94876152170842,7.251069355101722
LS_01974,80.9219822883606,7.240900039672852,5796.7417905976645,601.1200621885566,80.91618376945212,7.235109657323382,80.9277806433333,7.246690347864006
LS_01975,80.92344160079956,7.239978790283203,1414.6690809414536,188.99363893797454,80.91764310252618,7.234188446117763,80.92923991580605,7.245769100109311
LS_01976,80.92382685343424,7.241970062255859,5094.9016335468,444.53268309346663,80.91802834310297,7.236179702980598,80.92962519806397,7.247760346784684
LS_01977,80.9248699347178,7.243965148925781,2506.904986255254,250.56877249591335,80.9190714264268,7.238174804544468,80.93066830656637,7.2497554215672855
LS_01978,80.9074649810791,7.2318267822265625,4826.941316817703,436.27998280718646,80.90167021949209,7.22602858744327,80.91326722437634,7.237609644933712
LS_01979,80.91835534572601,7.232688903808594,45429.49923778809,3029.3943789122227,80.91254557454114,7.226894575747707,80.92414232809179,7.238475359748677
LS_01980,80.92465209960938,7.228570938110352,55290.81181020207,4162.819800546238,80.91885361523276,7.222780339965242,80.93045010379291,7.2343609662358155
LS_01981,80.9291169166565,7.232952117919922,12640.840907781869,882.5031776387434,80.92331860336712,7.227161874869704,80.93491509225458,7.238742387628601
LS_01982,80.93350591659546,7.224514007568359,49382.46442127253,3725.7694095296306,80.92770793642286,7.218723966512366,80.9393040974001,7.23030437097864
LS_01983,80.91826189888849,7.2311859130859375,20855.644414466544,2338.208191571334,80.91246345538848,7.225395467637283,80.92406017232945,7.236976254035505
LS_01984,80.91804606320215,7.229801588014991,1034.5157322731598,154.0363080103629,80.9122476354684,7.22401117760261,80.92384432213454,7.235591969733108
LS_01985,80.97671999250139,7.24675178527832,1734.300114437599,195.34537117438867,80.9709221210937,7.240962114860533,80.9825177586583,7.252541418508735
LS_01986,80.97484709999779,7.2478179931640625,1056.27622548679,117.28158699882025,80.96904878170581,7.242018743670515,80.98064449403888,7.253598094467657
LS_01987,80.9747462272644,7.246858596801758,5521.487894835039,350.52638178287805,80.96894829436262,7.241068883061532,80.98054398488321,7.252648236810518
LS_01988,80.97475228990828,7.259950637817383,1551.2540370574225,173.851914594515,80.96895419724099,7.254160926729643,80.98055022378085,7.265740274824892
LS_01989,80.97486186481657,7.258007049560547,13064.107787373205,1449.1342980473432,80.96906380318273,7.252217339177197,80.98065977698455,7.263796685301737
LS_01990,80.9583911895752,7.259166717529296,4946.2471396481915,334.4243070685594,80.95260752924501,7.253363446983412,80.96420395136248,7.2649432108837235
LS_01991,80.9572561264038,7.262176513671875,4716.515311236954,445.36607401821936,80.95145768388798,7.256386625480946,80.96305421313191,7.267966417482773
LS_01992,80.95425152778625,7.262302398681641,6196.729971474045,527.9925682038272,80.94845293616086,7.256512427681429,80.96004954504497,7.268092295924745
LS_01993,80.9522476196289,7.256317138671875,5149.609455718706,417.21775903903585,80.9464588424385,7.250521418988421,80.95805534756491,7.2621013398911956
LS_01994,80.95387570063272,7.254192352294921,2684.784577890586,225.56117159596147,80.94808440302802,7.248394770723512,80.9596808120945,7.259974651143965
LS_01995,80.95337314605713,7.25523567199707,865.2699698486764,113.07711597130971,80.9475748450014,7.249445700432881,80.95917129407532,7.261025593408746
LS_01996,80.9540983306037,7.2520751953125,4826.009661893416,595.668622365412,80.94830009364581,7.246285209133277,80.95989644291475,7.2578650848195
LS_01997,80.9568862915039,7.250450134277344,14264.709294762202,1030.81530946845,80.95108809580344,7.244660210900597,80.96268433247295,7.256240016486626
LS_01998,80.95421981811523,7.25294303894043,3767.2506924612417,314.780986365245,80.94842155978594,7.247153083832679,80.960017928317,7.258732956137597
LS_01999,80.95667266845703,7.254289627075195,2481.185533430259,400.60763106029833,80.9508744253772,7.248499684806004,80.96247076629155,7.260079494437765
LS_02000,80.92878388298882,7.217164993286133,18128.579584389743,939.4635519355871,80.92298578527216,7.211374693463383,80.9345818762198,7.222955218673746
LS_02001,80.92841883861658,7.215263366699219,14564.092158806243,1081.2796468875613,80.92262072255019,7.209473063108106,80.93421677379962,7.221053597980471
LS_02002,80.93695282936096,7.207603454589844,1820.939587047165,162.81118622859114,80.93115495413858,7.201813256077276,80.94275059397769,7.213393578564532
LS_02003,80.93365641201244,7.209037780761719,4153.7126251193695,358.0242467108711,80.92784933082471,7.203220872629275,80.93944508994778,7.214801277784657
LS_02004,80.9316552480062,7.209062576293945,16384.23757705409,1048.3188532723386,80.92585733134482,7.203272228468097,80.93745314189282,7.214852683649443
LS_02005,80.93342455350435,7.207155227661133,946.7902816128843,114.53325085639591,80.92763001856456,7.201349746527587,80.93922573519126,7.2129301577031315
LS_02006,80.93738822937011,7.214973449707031,27678.59882441703,2303.2397527932617,80.93159020106542,7.209183259303478,80.9431860190497,7.220763568738728
LS_02007,80.93559360243566,7.212101377664064,14729.095734668459,802.3574690915409,80.9297956495989,7.206311163129485,80.94139143905237,7.217891518512422
LS_02008,80.93834301630656,7.192584991455078,5326.14851289321,355.16597870738946,80.93254534122157,7.186794809301266,80.94414056138868,7.198375101189393
LS_02009,80.93344402313232,7.179931640625,2729.5296927079676,217.85935222476488,80.9276463926564,7.174141347576664,80.93924141213076,7.18572176573517
LS_02010,80.92497215270996,7.189569473266602,1380.2776846720674,151.41125100760254,80.91917434436469,7.183779123082077,80.93076982274782,7.195359750768026
LS_02011,80.92262238805944,7.189201354980469,2197.629896694885,251.82010835447682,80.91682454958413,7.18341097508152,80.92842007740131,7.194991661647381
LS_02012,80.9268134640109,7.191509246826172,16227.871858465582,1397.3832730042311,80.92101565218556,7.185718935531719,80.93261113412275,7.197299516651077
LS_02013,80.92904949188232,7.168920516967773,21360.82282122102,1445.5089267762307,80.92325199462164,7.163130199535821,80.9348468427769,7.17471073042261
LS_02014,80.91643953323364,7.175907135009766,6128.090434800926,528.4982198424058,80.91064854039736,7.170122370547324,80.92224388227795,7.181703214351911
LS_02015,80.92253608703612,7.174440383911133,2199.0315978414797,191.03915888163039,80.91673845728367,7.1686500019344646,80.92833360931806,7.180230694090174
LS_02016,80.92175879845252,7.174274444580078,1727.5576771796839,173.09229620469242,80.91596115781005,7.1684840874455995,80.92755632502788,7.180064799042411
LS_02017,80.9231454172442,7.17396354675293,983.801738706046,126.03617776388788,80.91734777117938,7.168173142091147,80.92894289578803,7.179753819147384
LS_02018,80.92033839225769,7.174304962158203,888.0674695050096,122.39037384807,80.9145307223545,7.168503132816005,80.92612592580485,7.180083880108753
LS_02019,80.92049645966497,7.21739387512207,4993.496092784384,473.73093828283044,80.91469826826749,7.211603468563238,80.9262945735719,7.223184201907094
LS_02020,80.92420959472656,7.2163543701171875,2436.814373432633,237.86802854866806,80.9184114284543,7.210564013238764,80.93000761364334,7.222144653584344
LS_02021,80.85513591766357,7.212974548339844,1375.5972858811108,195.32799241360567,80.84933693361744,7.207183328658439,80.86093475978065,7.21876569540803
LS_02022,80.8542947769165,7.213712692260742,2899.840819657295,252.6656516802105,80.84849596349837,7.207921460468988,80.86009382975675,7.219503848125706
LS_02023,80.85201360265455,7.214781487604485,1038.4645696025143,135.62229969397055,80.8462145601211,7.208990228453747,80.85781251091753,7.220572672826022
LS_02024,80.84927368164062,7.214122772216797,3111.360093838392,348.7391107624685,80.84347460705462,7.20833148004396,80.85507260891285,7.219913992488189
LS_02025,80.84891700744629,7.215503692626953,4245.6732136572255,331.6709227201053,80.84311791046805,7.20971239602447,80.85471595708283,7.221294917360574
LS_02026,80.84743036542619,7.213029861450195,3523.6658428446917,271.87758619270215,80.84163120490244,7.207238456397136,80.85322922420693,7.218821014599066
LS_02027,80.8478832244873,7.195474624633789,5194.096571669709,510.24810618283493,80.84208435388653,7.189683273748456,80.85368190635116,7.201265820227023
LS_02028,80.84930725097657,7.198064804077148,7047.557021078147,667.5943906310453,80.84350843401833,7.192273511756415,80.85510601829142,7.2038560230119915
LS_02029,80.85014645258585,7.205121994018555,1537.7721808286824,172.88454889280493,80.84434751453918,7.1993307125621975,80.8559452610017,7.210913203153589
LS_02030,80.84987115859985,7.205778121948242,1542.5653761383169,180.55861269552935,80.84407220421139,7.19998683747725,80.85566997453954,7.211569334912957
LS_02031,80.84534653027853,7.211952209472656,9241.509582720084,976.3346931622816,80.83954742876308,7.206160869292256,80.85114547186726,7.217743479192497
LS_02032,80.8145614351545,7.183450698852539,14329.880002117381,943.9714247810804,80.80876237812369,7.177659114965202,80.82036044232676,7.189242483186778
LS_02033,80.82219828092136,7.179721832275391,14077.856088474895,775.0030977259966,80.81639977833092,7.1739305401464595,80.82799755742673,7.185513719855176
LS_02034,80.8236359187535,7.18385124206543,3564.2124504239305,414.46446645354024,80.81783693975973,7.178059657194183,80.82943479059,7.1896428019756105
LS_02035,80.82288036102952,7.181304802078927,1987.1589516474623,194.27591550510635,80.81708144753541,7.175513257078495,80.8286792509,7.187096420183324
LS_02036,80.80470437781756,7.186225891113281,97940.1702873007,6264.329802105532,80.7989051040473,7.180434019196335,80.81050348323376,7.192017630345683
LS_02037,80.82142066955566,7.218950271606445,15407.673909808578,805.564417259868,80.81562113909928,7.2131585587913,80.8272199583883,7.224741762369763
LS_02038,80.8051028060913,7.212974548339844,28013.614066867824,1741.0166305905113,80.79930177402461,7.2071827076275525,80.81090084121769,7.218766313752841
LS_02039,80.8091757774353,7.208354949951172,8585.287753357987,624.0420192288867,80.80337629294932,7.202563282459063,80.81497513879155,7.214146787243413
LS_02040,80.81458314259848,7.212667465209961,46766.198965644486,2575.8859448373887,80.80878356980969,7.20687580879723,80.82038239449476,7.218459180696485
LS_02041,80.81405551092965,7.206111907958984,2307.683247967938,231.59130789650976,80.80825603380036,7.200320256052715,80.81985470050667,7.211903640039835
LS_02042,80.81213712692261,7.208595275878906,2497.7941588302874,272.5409468382759,80.80633788040089,7.202803520567424,80.8179366593077,7.214386952281923
LS_02043,80.80581474304199,7.215581893920898,9996.722317950951,774.7021321509139,80.80001501275808,7.209790063289053,80.811614130471,7.221373652261561
LS_02044,80.79731968470982,7.21214485168457,5625.864208602892,520.1614283436774,80.791519916152,7.206352810874098,80.80311915385143,7.217936608789303
LS_02045,80.79814863204956,7.210044860839844,24437.98528827873,2162.9344529302366,80.7923489959086,7.204252937571238,80.80394815822471,7.215836714627207
LS_02046,80.80073471069336,7.206502914428711,3017.8303089252227,237.06522112347952,80.79493528219656,7.200711207948091,80.80653428811621,7.212294920571692
LS_02047,80.80099296569824,7.203516006469727,7662.731922037175,562.9417395991763,80.79517817251741,7.197716488652689,80.80677709421992,7.2093001947191215
LS_02048,80.80047817230225,7.207206726074219,4761.085809408925,369.19095747750583,80.79467861631834,7.201414831831793,80.80627764695632,7.212998550915733
LS_02049,80.79869047800699,7.206901550292969,9071.062301840722,701.7103105328605,80.79289087359108,7.201109633226279,80.8044899403638,7.212693396302213
LS_02050,80.82551431655884,7.203708648681641,3054.6941253422165,569.8950601783205,80.81971508224719,7.197917062910462,80.83131340286822,7.209500163499093
LS_02051,80.8231291770935,7.204883575439453,2521.165659576862,236.4092222088811,80.81732993085433,7.199091959098325,80.82892834110083,7.210675118774203
LS_02052,80.79443073272705,7.214946746826172,2672.1684456752446,223.4725710732635,80.78864224278796,7.209147316902379,80.80024162465008,7.220731186335078
LS_02053,80.79353383008171,7.216024398803711,3515.405076571115,322.0929407233721,80.78773375095224,7.210232603029708,80.7993331836559,7.22181649509008
LS_02054,80.7921085357666,7.218372344970703,1945.4157956760196,247.38920529490125,80.78630849841392,7.212580146973293,80.797908027792,7.224164074682539
LS_02055,80.79237608909607,7.188804626464844,7569.646641022329,541.795544181462,80.78657677988019,7.183012635624592,80.79817552956447,7.194596550184442
LS_02056,80.79460516997746,7.194934844970703,9039.603803035383,439.462558955608,80.78880566376006,7.189142879139419,80.80040451861433,7.2007267402801585
LS_02057,80.79190288445889,7.195354461669922,3266.02370938017,284.89140753889797,80.78610334331131,7.189562462751486,80.79770227562308,7.20114639039833
LS_02058,80.79848289489746,7.197607040405273,6277.233575354012,457.9313077285691,80.79268328590967,7.191815021161056,80.80428211503401,7.203398787494662
LS_02059,80.77664506435394,7.197589874267578,14187.331258560253,853.2160671853461,80.7708455355453,7.19179798499764,80.78244490137709,7.203382287775503
LS_02060,80.77486636204695,7.184354389893438,1947.0751640807457,175.95102172796058,80.76906672331506,7.178562182910171,80.78066578654442,7.190146525562312
LS_02061,80.77319073677063,7.187261581420898,6768.664503071147,472.1820099288566,80.76739123761581,7.181469473746522,80.77899041792321,7.193053858240445
LS_02062,80.77310829162597,7.187854766845703,2455.6461735053294,246.30772931742055,80.76730881934101,7.182062615421415,80.77890801718289,7.193647002104509
LS_02063,80.77243494987488,7.188732147216797,5863.631395625956,390.66983284039344,80.76663507202966,7.182939912870826,80.77823430933658,7.1945243163023305
LS_02064,80.7715740657988,7.187601089477539,5768.268031371465,384.1157865368269,80.76577437705495,7.181808842419995,80.7773736058646,7.193393266586838
LS_02065,80.76910076141357,7.195363998413086,4195.722608956531,305.68694581073447,80.76330092915781,7.189571720164947,80.77490042183845,7.201156207209126
LS_02066,80.77231240272522,7.197364807128906,6758.2178172568365,399.6796573546922,80.76651264347709,7.191572568735975,80.77811210978037,7.203156977684889
LS_02067,80.77123035996723,7.207366943359375,41365.601174705305,1537.8116723315331,80.7654296309381,7.201573878398008,80.77702938602077,7.213158316840918
LS_02068,80.77157829024574,7.2088165283203125,7611.607798617985,762.6122870497948,80.76577837815123,7.203024277357493,80.77737816271659,7.2146087076670975
LS_02069,80.76974124908448,7.207975387573242,1601.3588261514537,304.26229331467084,80.76394128905669,7.202183134206219,80.77554109669775,7.213767609353819
LS_02070,80.7702720232233,7.209804018083718,9203.262038661001,628.1351067966954,80.76447260099128,7.204012052353086,80.77607244357473,7.215596515007721
LS_02071,80.77094674110413,7.211906433105469,14245.603953051372,715.3581606858319,80.7650612363332,7.206112226466156,80.77666111957485,7.217696675292428
LS_02072,80.77012634277344,7.2130279541015625,4261.009248453768,321.6533827942202,80.76432630371883,7.207235853400776,80.77592623453414,7.218820320608127
LS_02073,80.76898841857911,7.201440811157227,9364.260213284217,468.93467306521967,80.76318846300745,7.195648529799906,80.77478811772153,7.2072330214410725
LS_02074,80.76904687881469,7.198747634887695,5393.383404339484,468.59674354532876,80.76324707034608,7.1929553562314625,80.77484665301664,7.204539845620296
LS_02075,80.77021861076355,7.199306488037109,4989.142658339425,287.615583829879,80.76441891823505,7.1935142202739835,80.77601848679794,7.205098681113099
LS_02076,80.76842646165328,7.205801010131836,9187.280144846665,613.0821881800507,80.76262615851451,7.20000825770101,80.77422594139101,7.211592764454044
LS_02077,80.76557493209839,7.205846786499023,7248.733663326064,595.4307489075095,80.75977509714488,7.20005455780886,80.77137495124023,7.211639134486883
LS_02078,80.76748991012573,7.203554153442383,9294.420000719823,522.1836841865559,80.76169041589912,7.197758039322903,80.77329016271237,7.209342568331242
LS_02079,80.81640184493293,7.214817047119141,5564.459539447166,381.6536764057776,80.81060234463172,7.209025346914107,80.82220118039847,7.220608674151462
LS_02080,80.81673526763916,7.21357536315918,5646.79073559605,585.5734452933376,80.81093598469002,7.207783586770188,80.82253477978811,7.219366905589432
LS_02081,80.82402957569468,7.218240737915039,2531.0385513039732,229.01752242561977,80.81823009363096,7.21244906941285,80.82982882971301,7.224032208303716
LS_02082,80.82387329717415,7.217369079589844,1748.6340994322884,240.86640220803798,80.81807386643592,7.211577471729438,80.82967258365647,7.223160614393786
LS_02083,80.8234094866176,7.2172322713737955,868.5757286474808,111.06046531300322,80.81761005700234,7.211440658740103,80.82920878215475,7.223023812874263
LS_02084,80.82257890701294,7.216886520385742,959.4765509706255,138.93680507914604,80.81677952847578,7.211094982090711,80.82837826520196,7.222678156748951
LS_02085,80.82302894592286,7.218271255493164,7040.787068869854,442.8223451406254,80.81722950278511,7.212479637422272,80.8288282644781,7.224062801096338
LS_02086,80.81695549828666,7.218471527099609,4675.179942125917,417.13646459705603,80.81115596847934,7.212679797711041,80.82275488593949,7.224263111748081
LS_02087,80.82809329032898,7.213840484619141,1176.5978032349879,132.42488897310645,80.82229396605423,7.208048930297566,80.83389248663543,7.2196319680907
LS_02088,80.83597588539124,7.215080261230469,2303.9037011452215,274.7259496065498,80.8301766473244,7.209288802854358,80.84177500458382,7.220871645399188
LS_02089,80.84735199924818,7.214973027969573,7100.582009653453,523.7392189091369,80.84155288163979,7.209181710026576,80.85315095339318,7.220764270227767
LS_02090,80.84737286744294,7.210859298706055,2237.055879023032,292.9393189077087,80.84157380710042,7.205067958435345,80.85317177144141,7.216650518001675
LS_02091,80.85732961312318,7.182376861572266,2836.6282206533265,345.9523261128988,80.85153104811549,7.176585669887138,80.86312802737562,7.188167982261814
LS_02092,80.85631117224693,7.1835174560546875,6624.792032538403,779.6922461324519,80.85051258133451,7.177726232676984,80.86210961531833,7.189308570265386
LS_02093,80.84389781951904,7.182994842529297,1716.3453559031134,201.82855976418875,80.8380939215159,7.1771996703322545,80.84969124947435,7.1887823151114345
LS_02094,80.84329900741577,7.184013366699219,1911.0028347572493,203.01612672797933,80.83750025566407,7.17822200093608,80.84909762478277,7.189804660431848
LS_02095,80.84266511599222,7.184062957763672,2163.920704090301,228.4130705931157,80.8368621313948,7.178258308236422,80.84845951724483,7.189840983504774
LS_02096,80.84771881103515,7.186033248901367,773.0472260611103,131.65618309503273,80.84192008559651,7.18024193790375,80.85351739758117,7.19182448818413
LS_02097,80.86506126403808,7.169942855834961,8169.528386762697,650.0440574566434,80.85926294047763,7.164151791955854,80.87085940730297,7.175733913174653
LS_02098,80.8623873392741,7.169172286987305,2262.296661349066,184.60200717650548,80.85658897029047,7.163381153667053,80.8681854834876,7.174963341053519
LS_02099,80.81859636306763,7.201728820800781,1739.0140227324387,210.05922531341375,80.81279704041755,7.195937091570121,80.82439548062638,7.207520362840861
LS_02100,80.79305839538574,7.181606292724609,2478.5846227466045,189.46667091621995,80.7872590494709,7.175814216551822,80.79885759466949,7.1873981127769495
LS_02101,80.75473315335283,7.164863275327239,22457.76663620147,644.7994522552616,80.74893334640727,7.1590712477098,80.76053239211544,7.170656075466929
LS_02102,80.7616935143104,7.163412094116211,10648.782107886384,416.15803445472613,80.75589412144667,7.1576199458261796,80.7674929595781,7.169204603632754
LS_02103,80.76111030578613,7.162412643432617,2233.8469920491993,180.6859791983641,80.75531081954624,7.156620272870365,80.76690964579896,7.168204944548733
LS_02104,80.74024963378906,7.147932052612305,8801.051196221571,359.1906827775968,80.73445008318481,7.142139432006069,80.74604903845093,7.153724604940885
LS_02105,80.79963715871176,7.163917541503906,6373.866666972997,411.9848961160934,80.79414034715909,7.158119740612156,80.80573826308216,7.169703464482473
LS_02106,80.79933177243262,7.160994448581517,2687.452388491561,200.37234525063872,80.79353274209969,7.155202543933972,80.80513059715567,7.166786282102436
LS_02107,80.79866666060228,7.164445877075195,6821.281101298768,492.470365391009,80.79286762323659,7.158654017232326,80.80446558424694,7.1702377723782265
LS_02108,80.79614513397217,7.161989212036133,7358.265788031266,510.5040738526499,80.79034609705559,7.156197334099515,80.80194405603987,7.1677811504652915
LS_02109,80.7988512732766,7.156270980834961,7009.7705191934565,451.25931536836964,80.79305222622918,7.150479073168547,80.80464997044031,7.162062822147172
LS_02110,80.8174799750833,7.150112152099609,3054.4242971465214,243.68036794859233,80.81168136868098,7.1443204059175,80.82327849668732,7.155903697756025
LS_02111,80.81585884094238,7.149930953979492,14226.813289553107,680.9507261120891,80.81006009848598,7.144139252355444,80.82165726157919,7.155722583893181
LS_02112,80.88942309788295,7.122678756713867,173470.669779476,6171.031954146849,80.88362765538292,7.116890060088029,80.8952223079477,7.1284715827916925
LS_02113,80.86551690101624,7.111965179443359,15874.328255961063,682.4691243716708,80.85971922021218,7.106174090013861,80.87131418809132,7.117756201708594
LS_02114,80.88448086906882,7.1163177490234375,52715.02004481276,2758.173812644184,80.87868350440174,7.110526938573916,80.8902781166625,7.122108583787279
LS_02115,80.88855789018714,7.111492156982422,3205.736555314725,302.24143998666364,80.88276062829108,7.10570134818161,80.89435501705833,7.117282893493228
LS_02116,80.88966163212373,7.110750293371959,4997.471017350406,255.48046331533695,80.8838643952609,7.104959408249498,80.89545873792443,7.116540926465091
LS_02117,80.88085849285126,7.105480194091797,8952.431845003453,410.41690040250813,80.87505866825379,7.099678034496003,80.88665309325586,7.111259769837618
LS_02118,80.88098955154419,7.101615905761719,1563.1552863517902,213.82427890639417,80.87519231472609,7.095825004018931,80.88678663830973,7.1074067363921785
LS_02119,80.88586296702303,7.097028708336426,14945.977076163566,1128.7381985878544,80.88006519852452,7.091238205667332,80.89165928558177,7.102819818767678
LS_02120,80.88728009737454,7.1028289794921875,2373.637095106244,195.44932799402017,80.88148725936858,7.097015266592867,80.8930814583823,7.108596844160927
LS_02121,80.88668727874756,7.102758407592773,2439.009315765901,198.68196911608496,80.88089008801194,7.096967575974829,80.89248430051076,7.108549168230169
LS_02122,80.88993740081787,7.100439071655273,43865.45465874696,2711.3012469481914,80.88414031073486,7.094648247706909,80.89573438423938,7.10622976029797
LS_02123,80.86699843406677,7.0930328369140625,4052.0777840945498,381.73627729332765,80.86120700411372,7.087234137769736,80.87280145219343,7.098816213571427
LS_02124,80.86278385586209,7.08875846862793,3611.2865465199966,398.0438510120709,80.85698657622457,7.082967375278751,80.86858101895785,7.094549554445235
LS_02125,80.86287244160971,7.088157653808594,627.3593608043742,122.16220066034359,80.85707514338638,7.082366509982311,80.86866956864273,7.093948686993723
LS_02126,80.86060774400806,7.089003621837065,26325.611882848007,778.9871979539565,80.85481039427881,7.083212471405991,80.86640489651863,7.094794703772666
LS_02127,80.86649207895616,7.094833943213183,3004.9236673915484,241.55472201716842,80.86069473613657,7.089042816704891,80.87228924286492,7.100624904991842
LS_02128,80.80259439680312,7.070430755615234,291217.1010481012,7438.195338072645,80.7967965906738,7.06463902950097,80.80839202996599,7.076222670416148
LS_02129,80.76465413009231,7.066427063036132,10052.826616214012,412.60527199210225,80.75885607406951,7.060634972734954,80.7704523257846,7.072219526943058
LS_02130,80.76378536224365,7.073184967041016,39262.01887854878,1946.374026361629,80.75798696567828,7.067392745113408,80.769583412395,7.0789773224337855
LS_02131,80.77529011837271,7.074802398681641,21556.79921879246,1307.7614450942867,80.76949194260435,7.069010214050969,80.78108815378589,7.080594514962934
LS_02132,80.77919054031372,7.082714080810547,27183.256617266743,1424.4513492762621,80.77339233725006,7.076921942883962,80.7849886579924,7.088506151983982
LS_02133,80.79360269245348,7.068508148193359,10238.275913375759,465.3591109950906,80.78780509698007,7.062715805014019,80.79940070436787,7.074299662707834
LS_02134,80.78178495519302,7.058378219604492,55641.10705957036,3121.791953870442,80.77599212264138,7.052578952307567,80.78758775490529,7.064163092143489
LS_02135,80.79223384857178,7.07240104675293,8123.2254201769765,513.6277517825887,80.78644774749128,7.066593948047614,80.79804348719867,7.0781778393930495
LS_02136,80.7839025150646,7.047218322753906,12512.927972484258,507.4568796590655,80.77810477932924,7.041426068818196,80.78970007485991,7.053010154906649
LS_02137,80.82279949188232,7.074489593505859,48640.54777164404,1921.4486273138218,80.81700256759271,7.068696001423262,80.82859762091125,7.08027915366358
LS_02138,81.03166239473398,7.090740650715646,10803.501255518819,451.1661539919939,81.02586652146057,7.084950825419649,81.0374584104455,7.09653040305762
LS_02139,81.02340564727783,7.092325210571289,118855.48171036523,3988.7855695732924,81.0176098914416,7.086535512173681,81.02920161479341,7.0981148839888935
LS_02140,81.01977920532227,7.094703674316406,49532.75361902882,2358.7100405266656,81.01398343944142,7.088913984203566,81.02557513213875,7.1004932647925045
LS_02141,81.034028746865,7.097614288330078,4876.455855070613,350.5451210696428,81.02823274747051,7.091824416794295,81.0398248680241,7.1034040505861595
LS_02142,81.02506310753878,7.094362343330586,13192.332566766338,951.3319083802393,81.01926727198578,7.088572600630039,81.03085908772081,7.100152012823361
LS_02143,81.03216902414957,7.0962066650390625,27555.069143930603,1854.0714444186465,81.02637268920819,7.090416737689302,81.03796472810008,7.101996325795112
LS_02144,80.8156060072092,7.22962760925293,2359.9563899243417,289.72855403060004,80.80980629282607,7.223835898669274,80.82140553531481,7.235419247640696
LS_02145,80.83325583140055,7.232975006103516,7605.387792214267,626.2867984422069,80.82745558531444,7.2271839049547015,80.83905447673652,7.238766816334562
LS_02146,80.83418438977594,7.237910834203062,3080.329411649817,347.42990254802544,80.82838393494976,7.23211950208452,80.83998293214898,7.2437023907502835
LS_02147,80.83444786071777,7.240814208984375,7696.0069336597235,339.26732947233694,80.82864825354699,7.235022732066712,80.84024732001231,7.246605614365406
LS_02148,80.85353136062622,7.24598503112793,11973.26401097373,794.878026597204,80.84773192240878,7.240193791709299,80.85933064752385,7.251776198527531
LS_02149,80.8166618347168,7.227731704711914,3664.1322262347485,421.46553834548934,80.81086217756297,7.221940007755994,80.8224613442736,7.233523330309353
LS_02150,80.80964215596518,7.238481521606444,3161.732947430638,376.5830090286438,80.80384132936149,7.232678328809821,80.81544095141113,7.244261826912234
LS_02151,80.81088225046793,7.231044769287109,5738.220902567316,589.7773314588995,80.80508337824894,7.2252528418898265,80.81668277497023,7.23683630805918
LS_02152,80.81113459847191,7.231866836547852,5748.7767428121615,427.15123987236643,80.80533474858366,7.226075146053174,80.8169341605991,7.237658606123408
LS_02153,80.80958938598633,7.230554580688477,6187.984156111329,386.4267956648227,80.80378967823734,7.224762721958464,80.81538909420564,7.23634622008544
LS_02154,80.80996894836426,7.224431991577148,11123.990534378505,668.9479308212954,80.80416925142016,7.218640476286547,80.81576849775836,7.230223964049442
LS_02155,80.80782260894776,7.224834442138672,2782.305644589763,285.7897957949793,80.80202287569996,7.219042635858066,80.81362218572468,7.230626176777711
LS_02156,80.81430880228677,7.230684280395508,8335.172223224647,514.6155418875564,80.80850908154096,7.224892717759538,80.82010838386282,7.236476099019251
LS_02157,80.81295739687405,7.227128982543945,2687.8098372713844,217.22426043768996,80.80715771151723,7.221337303807007,80.81875695433816,7.2329207180213615
LS_02158,80.81331367492676,7.22905158996582,9169.628702346396,420.30655233206153,80.807512914516,7.223252222557816,80.81911219862495,7.234835628257293
LS_02159,80.85690629482269,7.257022857666016,7332.743130761646,574.6886636042891,80.85112628856017,7.251220314323791,80.86272521646205,7.262802636278979
LS_02160,80.85612795634684,7.254372469259926,3365.044581059909,263.1489115403391,80.85032835623626,7.248581356665817,80.86192723523192,7.260163698598474
LS_02161,80.8581143951416,7.253644943237305,3629.2819771699965,264.37450449486005,80.8523149016624,7.247853701380925,80.86391371191338,7.259435993637575
LS_02162,80.86293836073442,7.259273529052734,14585.672503929636,735.1042803808351,80.8571388831288,7.253482326631815,80.86873771933942,7.265064498024728
LS_02163,80.86394073652184,7.258384704589844,13677.27757897082,646.4026380210582,80.85814125797054,7.252593675602209,80.86974004584862,7.264175821914749
LS_02164,80.86510054270425,7.25764274597168,2536.585056702977,213.2906331624345,80.85930112477766,7.251851651502856,80.8708998642024,7.263433768787047
LS_02165,80.85813999176025,7.261320114135742,546.9493873824929,93.91342728622527,80.85234040442167,7.2555289317891685,80.86393941441312,7.2671112233097395
LS_02166,80.8566297531128,7.260133743286133,1828.5562218653915,208.77912411258438,80.8508301754768,7.254342542172164,80.86242919233976,7.265924871512054
LS_02167,80.87602165767125,7.255598068237305,4119.9238812147805,420.21151913781466,80.87022243229443,7.249807057782763,80.88182084428377,7.261388901424191
LS_02168,80.87784147262573,7.2583770751953125,14957.983911845873,633.3751260300895,80.87204223197506,7.252586245571408,80.88364067060517,7.264168043335408
LS_02169,80.88080035315619,7.262197494506836,10594.262691650436,442.05979613252924,80.87500105876548,7.2564064919236335,80.88659952247748,7.267988215057922
LS_02170,80.87270501943735,7.253141403198242,704.7416901226559,107.87672536868874,80.866905734142,7.247350432047058,80.87850416544123,7.258932359015073
LS_02171,80.89565578036837,7.252840042114258,6393.9888969834865,735.5895685883426,80.88985677093447,7.247049354818787,80.90145461746,7.258630705700052
LS_02172,80.89409169487027,7.252056121826172,2405.4646971809266,225.99892533793152,80.88829269073199,7.246265389427126,80.89989055628165,7.257846779736903
LS_02173,80.89633178710938,7.255481719970703,11835.622455666704,841.2074519772198,80.89053288668399,7.249690894174077,80.90213078475767,7.261272227669388
LS_02174,80.89401631885104,7.250213623046875,5182.458017700526,446.4976614779922,80.88821732991005,7.244422889789789,80.8998151495316,7.256004282247646
LS_02175,80.89054611751011,7.247611999511719,1052.2847693517137,219.96112737044407,80.88474711798435,7.241821222811402,80.89634495736469,7.253402702771414
LS_02176,80.88827586174011,7.245565414428711,10060.015606272882,504.4314453093522,80.88247682177847,7.23977460937356,80.89407466509745,7.251356146562466
LS_02177,80.86296744140726,7.243881381730896,7947.140836869515,401.91455379717564,80.85716804179782,7.23809026140367,80.86876647602627,7.249672432516707
LS_02178,80.91784614986844,7.245855331420898,3726.202165923908,307.78223141927384,80.91204751947024,7.240064897697424,80.92364462573795,7.251645691322868
LS_02179,80.91729068756104,7.244564056396484,3614.421922278584,273.3454649203492,80.9114920467352,7.2387736390426305,80.92308913363638,7.250354446946144
LS_02180,80.91659927368164,7.244525909423828,1640.2796928629427,149.7681189430365,80.91080064802894,7.238735459979162,80.92239775138337,7.250316285306515
LS_02181,80.9161946773529,7.245441436767578,10237.849368084857,526.7814130510983,80.91039602129983,7.239650981237986,80.9219931585311,7.251231816559773
LS_02182,80.91700267791748,7.2472476959228525,1426.1905042992503,146.05305478257392,80.91120401439086,7.241457252011116,80.92280117794468,7.2530380665853516
LS_02183,80.90913009643555,7.24787712097168,2310.3873184115187,307.8950595947314,80.9033315116307,7.242086697188073,80.91492889002845,7.2536677099076545
LS_02184,80.90892799695334,7.248378753662109,1078.1203803871665,139.10683658371326,80.90312922680333,7.242588208134987,80.91472662328573,7.254169225851378
LS_02185,80.91570640441984,7.251716613769531,20962.099120878323,820.3314352292571,80.90990766235677,7.245926154243156,80.92150497424578,7.257507000526007
LS_02186,80.92533779144287,7.251001358032227,961.7069780493043,121.79377518730625,80.91953918785285,7.24521101956094,80.93113623793909,7.256791623049836
LS_02187,80.93107236718701,7.230484182384584,3057.0924533215693,302.66492947823133,80.92527410021529,7.224693929482637,80.93687047620524,7.236274393629577
LS_02188,80.93609309196472,7.230781555175781,2481.66837586617,277.0092519149909,80.93029486745922,7.224991349982877,80.9418911244101,7.236571687528499
LS_02189,80.95741083962577,7.265522003173828,7306.374614009495,716.7922256658243,80.95161245764437,7.259732073327635,80.96320906918776,7.27131186019326
LS_02190,80.95330882072449,7.247097015380859,1510.6308214203257,196.01793033415075,80.94751059799422,7.241306992093532,80.95910683916348,7.252886889508169
LS_02191,80.92908120155334,7.2375640869140625,6569.470005765637,577.3043925644336,80.92328289135536,7.2317737932867825,80.93487950001227,7.243354305749034
LS_02192,80.93350219726562,7.234395980834961,2727.256969491522,324.379297414769,80.92770390295662,7.22860575996797,80.93930031836773,7.24018616182372
LS_02193,80.90904490152994,7.226312637329102,1215.362879402233,146.31923257696764,80.9032464339297,7.2205220910458845,80.91484325697994,7.232103109992137
LS_02194,80.90768527984619,7.243345260620117,648.6373904830414,111.23399485930577,80.90188941959913,7.237547069590037,80.91348671682512,7.249128119448441
LS_02195,80.91658639907837,7.255058288574219,850.8873903151324,109.60463417945866,80.9107876309104,7.249267839774229,80.9223850070801,7.260848663147168
LS_02196,80.91322811444601,7.252838134765625,1521.446941968269,157.60805167093483,80.90742262130966,7.247038139307485,80.91902002471618,7.258619047998025
LS_02197,80.92580630562523,7.249258041381836,469.62305390700897,85.1580168538459,80.92000773453285,7.243467708452525,80.93160472772833,7.2550483005483635
LS_02198,80.92378934224448,7.249349594116211,859.2440900704204,119.5521007672046,80.91799073912895,7.24355925320703,80.9295877856583,7.255139896175993
LS_02199,80.91044569015503,7.237703323364258,867.7905238254476,117.14119696888827,80.90464708991969,7.231912796189378,80.9162441719736,7.243493777770307
LS_02200,80.9143180847168,7.2437744140625,3549.342781378848,234.5419172177034,80.90851945750426,7.2379839355427995,80.92011659895489,7.249564818475097
LS_02201,80.91575420086201,7.242341995239258,1123.2413509147675,128.52444051789735,80.9099555782986,7.236551534204556,80.92155264650994,7.2481323812817875
LS_02202,80.9162310024874,7.243148495283791,3306.3953228140376,258.91294426053776,80.91043239623853,7.237358040858043,80.92202947327354,7.2489388757567035
LS_02203,80.92172548505995,7.243431091308594,1226.8604634661135,284.26651593957257,80.91592693851663,7.237640706113935,80.92752388424285,7.249221402532417
LS_02204,80.86032104492188,7.252565383911133,2830.2499074753887,234.73503590262902,80.85452160745584,7.246774229126541,80.86612033426857,7.258356466202642
LS_02205,80.85675971267636,7.2585251269376485,3958.220154646329,241.0831073285276,80.85096015599433,7.252733927472657,80.862559127584,7.264316253572233
LS_02206,80.85253167152405,7.251762390136719,9164.082248354056,587.5942409638801,80.84673215403765,7.2459710219537135,80.85833105491203,7.2575534537759765
LS_02207,80.85336153847831,7.24882698059082,14083.633304171382,1026.3265237536193,80.84756205516675,7.24303577407179,80.85916085867004,7.254618185144471
LS_02208,80.85242462158203,7.253528594970703,5979.877814564692,386.8108041295038,80.84662811320986,7.247733422667993,80.85822706270382,7.25931585710299
LS_02209,80.8202155828476,7.221382141113281,2831.6053685512024,246.16738805863184,80.81441606367343,7.215590488914258,80.82601497632861,7.22717372262579
LS_02210,80.8097458912776,7.242771148681641,11831.155264704807,492.7506054528102,80.80394590782403,7.236979364229406,80.815545640044,7.248562860417756
LS_02211,80.76057103963998,7.193487167358398,4200.628613065845,247.7505234008266,80.75477111759581,7.187694639629305,80.76637077010263,7.199279334829703
LS_02212,80.761564678616,7.193960189819336,7104.346977476857,347.9509460422584,80.755764806915,7.188167621188547,80.76736444748927,7.1997522922424375
LS_02213,80.76035363857562,7.190956115722656,8179.647436267041,405.6970520193955,80.75455364921622,7.185163879880099,80.7661532406949,7.196748579553697
LS_02214,80.80488386511165,7.195131301879883,1808.8411720875708,168.3854878772627,80.7990844888273,7.189339462300907,80.81068309562593,7.200923070626531
LS_02215,80.8067748286143,7.215822219848633,3135.782288524832,330.08900685202457,80.80097521642142,7.2100304011823155,80.8125743166725,7.221613966483777
LS_02216,80.8189868927002,7.219114303588867,1533.8236603482173,184.53506404021263,80.81318741314638,7.213322635393286,80.8247862970498,7.224905899241373
LS_02217,80.81946041273034,7.218809127807617,1742.768579046705,205.86959767205119,80.81366096773252,7.213017529687841,80.82525983193327,7.224600781775889
LS_02218,80.82139205932617,7.219902038574219,2638.0333907452127,311.7790199153174,80.81559246910989,7.2141103335032915,80.82719131395116,7.225693537904322
LS_02219,80.82242755280336,7.218980109874452,4962.515675619977,445.58655233995586,80.81662812251966,7.213188542416233,80.82822691762233,7.224771721063316
LS_02220,80.82896788915,7.220180511474609,4333.994844832829,310.96847330755037,80.82316852771629,7.214388880169009,80.83476719185445,7.22597189688521
LS_02221,80.8076159954071,7.194648742675781,2591.735874716438,247.3303677539213,80.80181665104035,7.18885693707994,80.81341517790253,7.20044047805055
LS_02222,80.82194876670837,7.190267562866211,1071.602679525691,161.33757245150397,80.81614964460638,7.184475967742455,80.82774770376976,7.19605915486437
LS_02223,80.82360248565674,7.188291549682617,1513.232815084755,248.29030122562204,80.81780342937405,7.18249994099881,80.82940139635153,7.194083087107927
LS_02224,80.82432079315186,7.189311981201173,3178.048745452413,346.9529285383892,80.81852492070347,7.183526102868606,80.83012289652295,7.195109231297565
LS_02225,80.82041623857286,7.181724548339844,3079.970702954234,252.08962827091858,80.81461723144584,7.1759329012438755,80.82621510647623,7.187516125092692
LS_02226,80.81942631648137,7.182703018188477,750.7647022684466,135.202219640301,80.81362727860997,7.1769113580661505,80.8252252034614,7.188494606417267
LS_02227,80.80909729003906,7.176977157592773,3505.036380126413,276.15749490050837,80.8032981713878,7.171185372323218,80.81489620186416,7.18276887391169
LS_02228,80.80814071078049,7.177606582641602,3440.203665200366,327.9508187938959,80.8023415929066,7.171814786688641,80.81393966327515,7.183398311883727
LS_02229,80.80771708488464,7.178461074829102,1599.6765281221856,153.6533794347481,80.80191793457148,7.172669271140818,80.81351603757703,7.184252806888699
LS_02230,80.81731920242309,7.1787261962890625,31685.21071568054,1216.1555086866758,80.8115202479173,7.172934510091711,80.82311812141954,7.1845178097848175
LS_02231,80.81544690132141,7.181617736816406,6396.792028340701,408.1720553696629,80.80964785642281,7.175826027595517,80.82124585116604,7.187409373762767
LS_02232,80.80252533574259,7.140155792236328,1351.572664984269,213.7852767148999,80.7967266978796,7.134363969487174,80.80832393454708,7.145947625509306
LS_02233,80.79974476496378,7.142742156982422,2785.2842749215893,241.72673407709587,80.79394600051481,7.136950260206751,80.80554337211728,7.148533984628713
LS_02234,80.81584933825901,7.141088485717773,4693.542408419253,448.90545202148377,80.81005079018566,7.135296786022514,80.82164772491144,7.146880116523941
LS_02235,80.80973807778585,7.140224973990126,6784.71747884919,357.0731814610792,80.80393945627911,7.134433198838229,80.81553651831872,7.146016678662864
LS_02236,80.82558465003967,7.141559600830078,2000.8815482304042,183.22657432838037,80.81978618222895,7.135768020982522,80.83138289045733,7.14735111316211
LS_02237,80.82424795627594,7.13258171081543,5136.54399115784,443.28392635944823,80.81844960452104,7.126790168976509,80.8300461139837,7.13837329287942
LS_02238,80.82508087158203,7.133541107177734,1480.8144658062058,205.56861790886998,80.81928256869973,7.127749482537621,80.83087908248186,7.13933258616535
LS_02239,80.82700851985386,7.133649826049805,1099.8859562590837,157.34070631343297,80.82121017741575,7.127858225824399,80.83280664676136,7.139441282280008
LS_02240,80.82717823982239,7.167064666748047,4075.2553327625924,569.2957783240233,80.82137948158739,7.161273104598529,80.83297680986591,7.172856160351383
LS_02241,80.82616138458252,7.168985366821289,15605.946466509247,1207.252261438254,80.82036739218312,7.1631860141549035,80.83196479492563,7.1747690950038345
LS_02242,80.82695627212524,7.159954071044922,2474.2494343105027,294.21746502839864,80.82115773509796,7.154162427462399,80.8327548848299,7.165745487938483
LS_02243,80.80244898796082,7.1874237060546875,4291.774070719451,268.1198496386633,80.79664969655595,7.181631837703908,80.80824816245926,7.193215504520236
LS_02244,80.86525519688925,7.178363800048828,3676.0472108598506,306.7917193729317,80.85945679786644,7.172572623227254,80.87105347697803,7.184154739380898
LS_02245,80.86396622421718,7.179357528686523,2022.3817383624241,300.6905630826749,80.85816778065765,7.173566419933285,80.8697645173823,7.185148567990315
LS_02246,80.98630782536098,7.166658401489258,4866.590745920493,726.1164585756579,80.9805110841399,7.160868815937339,80.99210443780606,7.172447912429125
LS_02247,80.98349094390869,7.167154312133789,610.3769410495833,113.15281703274312,80.97769415008042,7.161364687340991,80.98928758726413,7.172943854479559
LS_02248,80.98433846235275,7.162803649902344,8419.962408204194,749.0380232054825,80.97854173352277,7.157014044082885,80.9901350391867,7.168593191848116
LS_02249,80.98452110290528,7.165761947631836,1283.8114836107648,400.5969561740184,80.97872434152139,7.159972339652414,80.99031771749209,7.171551481499841
LS_02250,80.98550351460776,7.159776687622069,1349.9018903323154,234.09758449193936,80.97970684109504,7.15398709061728,80.9913000408283,7.165566210453911
LS_02251,80.98420715332031,7.158037185668945,470.9576570664718,85.89289916324817,80.97841048607992,7.152247572028665,80.99000367442258,7.163826725224628
LS_02252,80.98133276815837,7.14570281825211,5382.315843889193,432.97140053640754,80.97553621709595,7.13991316602229,80.98712916583712,7.151492396802662
LS_02253,80.98293844858804,7.149410247802734,95085.79959972826,4632.988447564878,80.97714190389844,7.143620426668878,80.98873490599338,7.155199615549767
LS_02254,80.98497517903647,7.153295516967773,40118.45821665596,3098.4405445884513,80.97917857395646,7.147505905530398,80.99077162307336,7.159085041558095
LS_02255,80.98272609710693,7.1535491943359375,4963.353508899774,314.887866682237,80.97692948425045,7.147759577531691,80.9885225963188,7.159338769915716
LS_02256,80.98067792256674,7.152627944946289,16798.2813121638,1421.9479119827736,80.97488124222048,7.146838286440014,80.98647438246084,7.158417530635848
LS_02257,80.98207092285156,7.150764465332031,1113.512978531844,145.43706266696518,80.9762695524376,7.144969109680151,80.98786261053613,7.156548319855408
LS_02258,80.97294020652771,7.158504486083984,1773.8827700077888,227.57382256737932,80.96714339058248,7.152714731541008,80.97873687396995,7.164294167407423
LS_02259,80.97281455993652,7.160612106323242,7980.839292632177,750.1266291055539,80.9670153523663,7.154816628153266,80.97860889224111,7.16639606637594
LS_02260,80.97021261850992,7.16050910949707,6808.206250796025,654.5002320481093,80.96441574465386,7.154719320826063,80.97600934736293,7.166298824308915
LS_02261,80.97576653515851,7.153465270996094,1950.8124641608144,259.1676398235241,80.96996981481712,7.147675556329007,80.98156309960099,7.1592549233781595
LS_02262,80.97315849402011,7.155172348022461,1756.9327734164262,179.01807872131798,80.96736171345543,7.149382607645212,80.97895510694522,7.1609620393945965
LS_02263,80.96497988700867,7.154422760009766,1695.2123291999724,308.38088478407906,80.95918301753791,7.1486329099509565,80.97077659723732,7.160212546953284
LS_02264,81.21138694069603,7.16339111328125,5200.258877712916,455.15993507930085,81.20558791928174,7.157599027252721,81.21718609917323,7.169183028171073
LS_02265,81.13307075977752,7.142341765208037,9152.86320358647,683.713676922357,81.12727297406336,7.136550691649779,81.13886868500245,7.148132767638507
LS_02266,81.12618255615234,7.135847091674805,1810.1239643989236,188.03708860937175,81.12038494177847,7.130056102656111,81.13198031619899,7.141638009122292
LS_02267,80.93718719482422,7.162788391113282,2083.18935475056,302.1730134004981,80.93138981165735,7.156998223031329,80.94298429993334,7.16857855235638
LS_02268,80.93015766143799,7.159587860107422,33954.82428146226,2774.855133442188,80.92436028140473,7.153797555024999,80.93595486374652,7.165378060648735
LS_02269,80.91748725666719,7.163539886474609,9215.515822892332,1158.0661616284576,80.91168966884646,7.15774945851214,80.92328466824343,7.169330278993164
LS_02270,80.93958174189657,7.1534577087183955,3054.753665329665,236.50928086932313,80.9337845744864,7.147667536106155,80.94537876533386,7.159247808325694
LS_02271,80.94019948734956,7.148229598999023,3302.7261711276,247.52430071760983,80.93440243440043,7.142439433932659,80.9459964768674,7.154019692264463
LS_02272,80.94174194335938,7.148397445678711,2578.9099495115556,331.0443640440872,80.93594486627978,7.142607299207219,80.9475388745027,7.154187519025092
LS_02273,80.93889967600504,7.151575088500977,689.17323274209,98.64253864553737,80.93310252358405,7.145784907028187,80.94469668357554,7.157365196806677
LS_02274,80.93707171125276,7.152347564697266,3779.523424390763,338.8504471061571,80.93127452876105,7.146557360977467,80.94286875404927,7.158137696125588
LS_02275,80.93529065450033,7.154325485229492,3390.340057762683,387.3081790372183,80.92949342069852,7.148535259108515,80.94108774080009,7.160115638123104
LS_02276,80.9359454338626,7.15019648537086,1098.879377692766,152.91112036741188,80.93014826325086,7.1444062662227585,80.94174246192146,7.155986630052308
LS_02277,80.93135385044141,7.155438935515248,4495.851520749,359.3019123874411,80.92555654816648,7.149648680032522,80.93715099490363,7.161229156907357
LS_02278,80.92953316370645,7.154415130615234,14876.374654075422,1039.2844437000542,80.92373580819815,7.148624864659108,80.93533027428415,7.160205387177494
LS_02279,80.93776241938272,7.14845085144043,171842.601939914,8130.147787378812,80.93196546109445,7.142660500714153,80.94355957001005,7.15424081973736
LS_02280,80.9359655380249,7.151643753051758,3151.5465839976396,332.6750615821923,80.9301683475256,7.145853546601655,80.94176258251998,7.157433909528765
LS_02281,80.92204055786132,7.148176193237305,6694.713017847753,511.32379876853247,80.91624322713136,7.142385836418391,80.92783772098157,7.153966546967509
LS_02282,80.92193820741443,7.146049499511719,5243.9110616062,472.6170060161419,80.91614091406782,7.140259106448309,80.92773535627562,7.151839820027433
LS_02283,80.93701499700546,7.154315948486328,730.1109174925568,137.64052495456835,80.93121778582461,7.148525743865166,80.94281206262352,7.160106079874281
LS_02284,80.93644670339731,7.15275764465332,769.4565018284412,126.47293782708533,80.93064950535437,7.146967442751822,80.94224375668344,7.158547793371358
LS_02285,80.92478154345257,7.150135040283203,10902.387199434237,838.2116841967159,80.9189842308657,7.144344698152649,80.93057870635957,7.155925340053197
LS_02286,80.93154096603394,7.148637771606445,36024.933149204626,3045.8449574270353,80.92574341746032,7.142847603656079,80.93733768635025,7.1544280776559575
LS_02287,80.93055534362793,7.14311408996582,3526.2161550646847,390.8866600679275,80.92475824651575,7.137323773750579,80.93635239941395,7.1489042737116915
LS_02288,80.93099136728989,7.147167205810547,691.4003004410364,164.87751274534375,80.9251941715403,7.141376925218796,80.93678841669488,7.1529574132796085
LS_02289,80.94948589353633,7.141214370727539,9384.683447039677,479.8979969693907,80.94368901408531,7.135424319339152,80.95528264656463,7.147004348238251
LS_02290,80.94733786582947,7.137519836425781,6999.135685865799,580.2428592261335,80.94154089770466,7.131729701697705,80.95313449011677,7.143309785338676
LS_02291,80.94362449645996,7.136951446533203,2279.5821882845353,458.9188476248764,80.9378283849617,7.131161222990509,80.94942205556212,7.142741399304107
LS_02292,80.93909435272217,7.139425277709961,50685.893961424204,4027.8165712638142,80.93329735978554,7.133635112602553,80.94489120614233,7.145215401023073
LS_02293,80.93277702331542,7.137350082397461,3285.4855140829445,269.7323480494077,80.92697988919197,7.131559855915098,80.93857384023464,7.143140302119455
LS_02294,80.93392829895019,7.141313552856445,770.896359951224,101.16472163385754,80.92813121633922,7.13552330828411,80.93972523942192,7.1471037247835785
LS_02295,80.93221187591553,7.141225814819336,3005.164377595576,325.58311881020796,80.92641479369942,7.135435549312367,80.93800885731488,7.147016008548124
LS_02296,80.92999649047852,7.139698028564453,2598.8536039941005,239.57720364588224,80.9241993776286,7.133907734840224,80.93579345757519,7.145488249581564
LS_02297,80.9325655301412,7.139251708984375,7549.5773710764315,580.8246286183777,80.92676845448341,7.133461447070387,80.93836245911139,7.1450418980294
LS_02298,80.93144569396972,7.13838005065918,1830.091178612233,244.39044686691537,80.92564863666878,7.132589791686668,80.93724264702955,7.144170270727489
LS_02299,80.93110903987179,7.139276504516602,8767.38835407508,813.2097493681104,80.92531193660551,7.133486209237589,80.9369059781343,7.145066696418693
LS_02300,80.93600578308106,7.140432357788086,3864.8792694752383,434.1086021526446,80.93020874542793,7.1346421390172425,80.94180269434739,7.146222504047615
LS_02301,80.9349172561564,7.138916015625,5474.28304583862,588.6250436746345,80.92912020869717,7.133125783173504,80.94071414621632,7.144706175712218
LS_02302,80.93936920166016,7.13438606262207,913.3656006194664,119.0383156443479,80.93357227303835,7.1285958979199915,80.94516598463903,7.14017618094927
LS_02303,80.9381604875837,7.134559631347656,2372.582893926568,324.4049783595225,80.9323635541171,7.128769423893768,80.9439573002307,7.140349736947818
LS_02304,80.93747644424438,7.133819580078125,10162.851761666388,806.3108850438056,80.93168685588546,7.128021749360649,80.94328059987912,7.139602079460427
LS_02305,80.93354741009799,7.1352691650390625,2582.4474097977363,237.90529767412193,80.92775040043604,7.129478895278832,80.939344279436,7.1410593228774975
LS_02306,80.93427333831787,7.133028030395508,8504.61102508542,471.56124457899784,80.92847632282036,7.127237789464602,80.94007012684695,7.138818199618224
LS_02307,80.93627232771654,7.132265090942383,18015.713195743043,1412.0408166083146,80.93047541305232,7.126474849584283,80.94206914795463,7.138055210244585
LS_02308,80.93656307856241,7.125648498535156,16707.971622927034,1471.0158017005485,80.93076623005487,7.119858273205902,80.94235978990346,7.131438628475725
LS_02309,80.92740309238434,7.128864288330078,3135.0030930880534,304.11367510448486,80.9215756485731,7.123058732916868,80.93316951810955,7.134639315567318
LS_02310,80.9344705492439,7.125816630840075,4702.958378091466,347.748722714204,80.92867372368377,7.120026390337362,80.94026733983094,7.1316067975371435
LS_02311,80.93363825480144,7.128561019897461,12837.457145637236,984.9589899260169,80.92784137715688,7.1227707285380095,80.93943508361335,7.134351155673434
LS_02312,80.93247617994035,7.128150939941406,10366.801176125018,952.6509405513928,80.92667915875407,7.122360709020766,80.9382728837096,7.133941165134245
LS_02313,80.93137089411417,7.127445220947266,8032.66007370531,653.6323186938704,80.92558480940586,7.1216510881182264,80.93717854356294,7.133231571594227
LS_02314,80.94714483650782,7.124608993530273,3142.3119336084096,322.4259399146327,80.94134812566284,7.118818923140128,80.95294139582067,7.130399015657051
LS_02315,80.95101307206886,7.132053375244141,2192.8339064313473,374.1994288460772,80.94521631775373,7.126263341912819,80.95680967995791,7.137843335728996
LS_02316,80.94076324911678,7.128568649291992,48330.72759706822,3680.963057818154,80.93496689921058,7.122778171863079,80.94656042854531,7.134358421891303
LS_02317,80.94064685276577,7.125856399536133,8061.905889259883,1130.1331736478373,80.93485005402052,7.1200662442845974,80.9464435175391,7.131646498011352
LS_02318,80.94680881500244,7.120870590209961,3286.1313524543043,275.9028196222677,80.94101209499958,7.11508055831728,80.95260527893157,7.126660660365692
LS_02319,80.94659638404846,7.122890472412109,2573.454605007119,281.18052132761835,80.94079969274742,7.11710038262145,80.95239293307046,7.128680489318742
LS_02320,80.94348417917888,7.106544494628906,3514.9417537153545,265.0174273941024,80.93768766301247,7.100754363770705,80.94928056746478,7.112334552769665
LS_02321,80.94324977611755,7.10783858730985,2012.5468763732104,211.64825807488572,80.93745324629687,7.102048453879612,80.94904618925803,7.113628648303734
LS_02322,80.94330637984805,7.1112518310546875,2515.164381173536,296.5550587231304,80.93750979661604,7.105461698969827,80.94910282442032,7.117041890965758
LS_02323,80.9436440149943,7.109930038452148,2629.392224472185,274.01920047782573,80.93784744322899,7.104139923347297,80.94944042924196,7.115720107362723
LS_02324,80.94249095916749,7.110210418701172,453.9527855073458,83.04942656659318,80.9366943733768,7.104420287830449,80.94828739511591,7.116000500370863
LS_02325,80.92648506164551,7.133001327514648,2296.1221650332473,227.7496443517625,80.92068801761522,7.127211044117927,80.93228201470001,7.138791647789652
LS_02326,80.9242262840271,7.132068634033203,1273.7809349132044,159.475262268523,80.91842919212779,7.126278267991673,80.9300232216507,7.137858927966122
LS_02327,80.92355422973633,7.138355255126953,8343.766585316514,592.7788910581884,80.91775702769628,7.132564913902669,80.92935123380123,7.144145589094718
LS_02328,80.92384362220764,7.139287948608398,3238.7569279297177,240.95055302310737,80.91804644015403,7.133497578469712,80.92964066279143,7.14507824625376
LS_02329,80.9255018234253,7.143426895141602,816.4540025127303,121.27575556466314,80.91970461069633,7.137636545829001,80.93129889740655,7.149217171415864
LS_02330,80.92571868896485,7.144155502319335,454.27560811677586,82.30548794033626,80.91992241705071,7.138355633550465,80.93151671664286,7.14993625354787
LS_02331,80.9240779876709,7.141632080078125,8124.520145319657,696.3543119237635,80.91828079631705,7.135841732814779,80.9298750727806,7.147422394224502
LS_02332,80.9195764541626,7.139959335327149,2606.0473219131763,198.88648150277658,80.9137792101855,7.134168912233512,80.92537355602917,7.145749685857746
LS_02333,80.92022347450256,7.142507553100586,13825.841840363411,1136.8349959889238,80.91442620045278,7.136717138676613,80.92602059510159,7.148297895668417
LS_02334,80.9179515305099,7.154199600219727,5053.764248427375,504.90311743602706,80.91215408576647,7.148409158069804,80.92374883505656,7.159989968992691
LS_02335,80.91637544070973,7.152421951293945,2316.366759152621,338.639158866684,80.91057294913382,7.14662386026465,80.92216769223474,7.158204710889609
LS_02336,80.91519017446609,7.159275054931641,789.4287018740132,134.1731871089915,80.9093812737296,7.1534731351725425,80.9209762213978,7.165054014019604
LS_02337,80.91448879241943,7.146215438842773,437.221941141081,83.28973371491055,80.90869140358882,7.1404249672168305,80.9202860353598,7.152005865873774
LS_02338,80.91151396433511,7.142719268798828,5531.4371734925035,527.7137940814179,80.90572499069401,7.136924931852376,80.91731960693339,7.148505904838813
LS_02339,80.90823173522949,7.140447616577148,2416.4299865280477,195.5233248257101,80.90243434228587,7.1346570529307085,80.91402898240364,7.146238107958115
LS_02340,80.90750757853189,7.131338119506836,2625.2810283174467,237.1874835090822,80.90171020147736,7.125547498910589,80.9133046273567,7.137128573503856
LS_02341,80.90767250061035,7.132905960083008,8276.552272853402,704.1804506712033,80.90187518878967,7.127115414313283,80.91346965052487,7.138696484543476
LS_02342,80.90400695800781,7.135702133178711,2731.123307203597,242.88574383725725,80.89820957322482,7.129911516839088,80.90980419711723,7.14149267736537
LS_02343,80.8984285990397,7.134031295776367,5114.471383510878,323.9971887824841,80.89263114611505,7.128240610110092,80.90422586560724,7.139821908957572
LS_02344,80.89700781504314,7.135843276977539,6512.652700948812,706.3931318367305,80.89121036407072,7.130052543650483,80.90280516499536,7.141633877385475
LS_02345,80.89111836751303,7.135562896728516,12635.069824474569,1492.0001937437855,80.88532082033403,7.129772141593448,80.89691575989869,7.141353620994718
LS_02346,80.8936792428153,7.139671325683594,3317.448462566742,401.39821549315997,80.88788169557306,7.133880582487145,80.89947667671399,7.145461998053421
LS_02347,80.88595008850098,7.1366024017333975,15525.483886764006,1531.3655364554825,80.88015242815597,7.130811602844117,80.8917475221422,7.142393209833795
LS_02348,80.88772392272949,7.13336181640625,6111.247810914433,562.7022385828498,80.88192630145727,7.127570777586612,80.89352126873978,7.139152341103116
LS_02349,80.88699150085449,7.133094787597656,2462.832248004392,311.6077250716271,80.88119393876296,7.127303960874388,80.89278891733383,7.138885542504502
LS_02350,80.88196468353271,7.132488250732422,2937.4626681225322,353.2177241175748,80.8761670638632,7.126697343711728,80.8877621511493,7.13827904947668
LS_02351,80.87566618485884,7.167331695556641,1081.0635854231066,141.8512234196165,80.86986809891687,7.161540728356379,80.88146423563921,7.173122587142469
LS_02352,80.87212228775024,7.172399520874023,386.57849846751986,72.27024127603102,80.8663240398933,7.16660851190063,80.87792039494168,7.178190458176734
LS_02353,80.87213921546936,7.17315673828125,667.3863467007533,100.41706951979633,80.8663409486595,7.167365755478028,80.87793732278782,7.178947701292881
LS_02354,80.87171802520751,7.173952102661133,636.2139566925805,98.50371098542172,80.86591973177055,7.16816111803822,80.87751613683389,7.179743074247226
LS_02355,80.96441010066441,7.1482391357421875,24917.31364335661,1582.8954570934366,80.95861331720356,7.14244927218133,80.97020675446582,7.1540289257830505
LS_02356,80.96253371238708,7.140628814697266,1707.3410234009318,161.42551250384213,80.95673699611741,7.13483892631742,80.96833028763463,7.146418629676193
LS_02357,80.96870588181065,7.1403087868606345,3612.6434381659838,395.0734378848448,80.96290923908668,7.134518982757343,80.97450236803492,7.1460985319467545
LS_02358,80.97904348373413,7.143573760986328,3053.9920117765882,237.67266347411808,80.97324693961049,7.137784069587943,80.98483989200854,7.149363358666104
LS_02359,80.9804874420166,7.143381118774414,2241.626046222235,260.91248278984875,80.97469091711642,7.137591455201969,80.9862838284219,7.149170708179359
LS_02360,80.98413801193237,7.136816024780273,2496.9967992142506,219.14882302871501,80.9783595996867,7.131016878908722,80.98995225301901,7.1425960428518795
LS_02361,80.98269855976105,7.1369781494140625,6438.278722142263,448.6343839894045,80.97690215552453,7.13118850096897,80.98849484973543,7.142767701342632
LS_02362,80.98097356160483,7.139345169067383,3071.782082761627,222.27578195371882,80.97517709793497,7.133555519700774,80.98676989513602,7.145134762247149
LS_02363,80.98735427856445,7.136903762817383,1866.2417733793682,243.0286641154485,80.9815579146453,7.131114183876498,80.99315049019854,7.14269326763745
LS_02364,80.98610162734985,7.137001037597656,927.7473767853962,128.44258048950618,80.98030525261868,7.131211437448684,80.99189786205297,7.14279055255744
LS_02365,80.98259671529135,7.13414192199707,3838.282619943511,452.96901074588504,80.97680039085566,7.128352274210706,80.98839301608083,7.139931478380287
LS_02366,80.98831939697266,7.135065078735352,5835.877144443155,566.2103375702752,80.9825230716479,7.129275508910173,80.99411557664011,7.14085456932581
LS_02367,80.9858922958374,7.1341552734375,7566.168834494683,701.0849877137371,80.98007574488373,7.1283618681891845,80.99166828823476,7.1399409903345505
LS_02368,80.98454055786132,7.140663146972656,906.9579464111449,139.0950838050931,80.97873705050813,7.134869718920139,80.99032979157069,7.146448871686574
LS_02369,80.97553052902222,7.168357849121093,2905.9661902919606,296.35991266442426,80.96973362139667,7.162568128739053,80.98132728948393,7.174147495505259
LS_02370,80.97305572032928,7.1653594970703125,3759.521674171629,296.58003424106727,80.96725881398646,7.159569728934257,80.9788524682638,7.171149159107163
LS_02371,81.03278974692026,7.135120391845703,5776.820298638212,527.4687057430943,81.02699329750739,7.129330552239768,81.03858633270609,7.1409101408293445
LS_02372,81.02826452255249,7.133562088012695,6749.799350808772,578.8458959062715,81.02246816926,7.127772324777942,81.03406105187145,7.1393518008950485
LS_02373,81.03192405700683,7.131376266479492,713.9816168346802,102.9886238272673,81.02612767247591,7.125586456303692,81.03772059141914,7.1371660247173425
LS_02374,81.03001244862875,7.132619857788086,475.5127905097987,84.30036185606356,81.02421606640699,7.126830061051127,81.0358089689532,7.138409581224826
LS_02375,81.03670692443848,7.142049789428711,1524.4705039406851,185.53491848316798,81.03091034552241,7.136259910319471,81.04250365401056,7.147839594173777
LS_02376,81.03992627461751,7.139993667602539,6903.531609151843,538.8194053346148,81.03412968324511,7.134203748269806,81.04572302021062,7.145783513316178
LS_02377,81.01759004592896,7.138465881347656,2720.9754771743974,290.0121562132742,81.01179372722325,7.13267622429906,81.02338646620848,7.144255431247967
LS_02378,81.00840901363964,7.139270138453788,3092.005319481591,217.866418866588,81.00261282423926,7.133480613357431,81.01420535308722,7.1450595897889535
LS_02379,81.01044864654541,7.144193649291992,4424.362490730436,554.6290954195861,81.00465236572126,7.138404099667188,81.01624506996194,7.149983124971994
LS_02380,81.02418560408127,7.141584396362305,1689.0421370095462,245.24347517877527,81.0183891856747,7.135794674364085,81.02998216878298,7.147374045161133
LS_02381,81.0246514014478,7.141456604003906,2003.5275016207654,439.16798339308997,81.01885497795946,7.135666872672505,81.03044796951423,7.147246255184743
LS_02382,81.01741260171602,7.144703414979711,4894.375955621319,561.1720051574042,81.0116162391238,7.138913771444848,81.02320913112587,7.150492971206281
LS_02383,81.02039051055908,7.147796630859375,1383.240877347632,175.91704693088428,81.01459406106478,7.142006961551061,81.02618710597737,7.1535862346323515
LS_02384,81.01891948154994,7.146797180175781,3189.230458947227,472.56696499075537,81.01312306297001,7.14100752488277,81.0247160456943,7.152586761511471
LS_02385,81.05099487304688,7.158119201660156,4157.449080840318,236.0460049006822,81.04519790256026,7.152329180732397,81.05679197632185,7.163909216165322
LS_02386,81.04925537109375,7.1580657958984375,3490.133158065239,275.6217267166819,81.04345845789061,7.1522757638041945,81.05505248674797,7.163855755761525
LS_02387,81.0474256515503,7.1584625244140625,4785.4197229795245,399.82582336429545,81.041644599543,7.152670606181371,81.05323859301376,7.1642505526412865
LS_02388,81.04643821716309,7.158672332763672,428.3286887816753,79.7797703127121,81.0406413033783,7.152882335385871,81.0522352770993,7.1644622566749705
LS_02389,81.04437049865723,7.158702850341797,3474.5863910103967,386.3751868062478,81.03857353523289,7.152912918376138,81.05016745792608,7.1644927879133915
LS_02390,81.03584098815918,7.169914245605469,2173.295815568728,243.60258797339188,81.03004406458656,7.164124382846787,81.04163805811902,7.175704034570053
LS_02391,81.03563983978763,7.171302795410156,1560.2534144343333,187.63423346701256,81.02984290235675,7.165512935496015,81.04143692612472,7.177092581646384
LS_02392,81.03404107093812,7.172946929931641,891.354462149557,109.64302594572113,81.02824412934459,7.167157090408336,81.039838154712,7.178736695792035
LS_02393,80.97192446390787,7.014217376708984,4347.222291583308,277.09836728210354,80.9661294263608,7.00842756220186,80.97771931608918,7.0200070810721575
LS_02394,80.94061782308485,7.029989185856289,12055.814610513693,557.823193153323,80.93482210022212,7.024198940320142,80.94641315206741,7.035779222433659
LS_02395,80.94748973846436,7.033788681030273,11886.841893944134,551.3900866271064,80.94169416976997,7.027998557165655,80.95328514774071,7.039578669499969
LS_02396,80.95929082234701,7.02400016784668,6255.574332789824,436.15844891525575,80.95349554746318,7.018210219449006,80.96508599114507,7.029790045128785
LS_02397,80.91424369812012,7.09377098083496,9117.93371039871,681.7713985685527,80.90844673345497,7.087980489078489,80.92004003871439,7.0995614042741035
LS_02398,80.92745031629289,7.094217300415039,3789.8503799999417,256.2343641245447,80.92165371833481,7.088427005207576,80.93324670863885,7.100007594408849
LS_02399,80.92746537923813,7.097747802734375,6400.45498941237,375.80370978679906,80.92165951042912,7.091951858887056,80.93325258968325,7.1035324470850165
LS_02400,80.92526379901857,7.096463176575929,6244.4905651108,333.88765411480585,80.91946731810951,7.090672914249083,80.93106041924753,7.102253556915695
LS_02401,80.94947814941406,7.090240478515625,4973.083315960049,414.9176322611252,80.94368193981553,7.084450335058874,80.95527428441744,7.096030380572259
LS_02402,80.91305828094482,7.086477279663086,2758.676153401004,297.35923239017035,80.9072616336596,7.080686791329379,80.91885478359028,7.09226773714696
LS_02403,80.9151050567627,7.089998245239258,2718.3297359763646,232.08402377813638,80.90930837552463,7.084207762186512,80.92090156405038,7.095788656896415
LS_02404,80.95951843261719,7.107728958129883,4202.83596837617,306.69698413833015,80.95372210002648,7.101939026672128,80.96531463577725,7.11351881713288
LS_02405,80.97739887237549,7.112129211425781,7758.817725420413,624.1779435778247,80.97160269281837,7.1063395031436905,80.98319489363547,7.117918846653657
LS_02406,80.97924571567111,7.114101409912109,1216.0957617731835,148.8179083064362,80.97344954006505,7.108311724920456,80.98504174437177,7.119891021522491
LS_02407,80.97000285557338,7.129690170288086,5151.006520826275,387.109272997611,80.96420633560524,7.123900352102341,80.97579916378865,7.13547987305191
LS_02408,80.97242879867554,7.130207061767578,2374.2901995381467,301.8886734710515,80.96663232445503,7.124417304844686,80.97822510501464,7.135996764984965
LS_02409,80.98699887593588,7.129192352294922,27397.597953718127,2284.7605666755594,80.98120260949368,7.123402711549734,80.99279499964813,7.134981807723522
LS_02410,80.98811752455575,7.126903533935546,30733.91387905596,1815.312961314444,80.98232128963689,7.1211139625779625,80.9939135941301,7.132693031793885
LS_02411,80.98338402642145,7.126529693603516,16163.64163846549,1312.8331818680706,80.97758775938357,7.120740062409431,80.98918017303633,7.132319250231025
LS_02412,80.9814762387957,7.125965118408203,12100.253044733154,702.5618422849168,80.97568633856332,7.120171688423573,80.98727878550365,7.131750924044204
LS_02413,80.98113268467648,7.125389786747629,766.4993618579186,101.44265323795142,80.97533639093379,7.119600127587292,80.98692883223491,7.131179372205503
LS_02414,80.97865881919861,7.124584197998047,1075.3841011732732,142.6357278971971,80.97286250472494,7.118794507859489,80.98445498763293,7.130373814656305
LS_02415,80.98256492614746,7.12293815612793,2557.3768455386803,299.0223622688596,80.97676868776682,7.117148514501156,80.98836103148007,7.12872772438427
LS_02416,80.98125648498535,7.122247695922852,705.9131409326164,175.8992563364049,80.9754602337224,7.116458039578232,80.98705259279019,7.128037282464716
LS_02417,81.0078049659729,7.115383148193359,17122.014054933617,1463.3808506586759,81.00199539223217,7.109585995969231,81.01358730439789,7.1211649681928675
LS_02418,81.00333445412772,7.109119415283203,1375.0051574600964,212.34125820162174,80.9975386428954,7.103329946438516,81.00913034812957,7.114908810233137
LS_02419,81.00164604187012,7.108699798583984,2138.0504987455674,232.32877296043782,80.99586166005543,7.102904628694343,81.00745335463458,7.114483450771966
LS_02420,80.9999488512675,7.10790252685547,1942.118986305844,226.63611518251847,80.99415301326559,7.102113098776522,81.0057446879948,7.1136918810808405
LS_02421,80.99953718185425,7.114879608154297,1523.4032841019448,188.1411719002472,80.99374125106407,7.109090176628199,81.0053331008804,7.120668965758666
LS_02422,80.99895858764648,7.11505126953125,352.69541964403055,78.35686444706973,80.9931626475354,7.1092618307971005,81.0047545016602,7.12084063432347
LS_02423,80.98124035921964,7.115093231201172,13530.15016005244,1315.153434579312,80.9754441507938,7.109303591761527,80.98703633021161,7.1208828381535705
LS_02424,80.98209424452348,7.119876861572266,16042.547323251854,1360.1498591591705,80.97629806898301,7.114087212026189,80.98789034740989,7.125666435010429
LS_02425,80.98522520065308,7.122875213623047,4642.429239551906,529.1863996978099,80.97942896783694,7.117085614066044,80.99102124338084,7.128664757467333
LS_02426,81.00867938995361,7.089748382568359,8342.390583253511,608.4431252524862,81.00288382902932,7.083958845242473,81.0144751208848,7.0955378516565535
LS_02427,80.9983925819397,7.116619110107422,10712.811179472204,646.1426524302537,80.99259661816419,7.1108296679748335,81.00418851165605,7.122408484892732
LS_02428,81.03277573218713,7.12712287902832,3338.3092746480193,297.05645413062337,81.02697938832358,7.121333046686693,81.03857222114102,7.132912638007757
LS_02429,81.03328895568848,7.127466201782227,686.6324141907395,99.67108762301372,81.02748878573425,7.121668733734549,81.03908163975517,7.133248337639738
LS_02430,81.03272747993469,7.126213073730469,872.3478628734968,115.87709073805233,81.02693114741663,7.1204232418468205,81.03852395606003,7.132002832314069
LS_02431,81.02509884834289,7.1188201904296875,914.8160360271124,141.0034938963484,81.01930528080612,7.113022822697305,81.03089771231201,7.124602225807393
LS_02432,81.02527364403807,7.120949550874434,3992.4585302312494,371.81623591860756,81.01947747229471,7.11515981091296,81.03106996194326,7.126739217442927
LS_02433,81.02999446297491,7.116257476768617,52823.884908745255,3513.9563816462187,81.02419828867536,7.110467685967152,81.03579077798744,7.122047212147803
LS_02434,81.03392219543457,7.120172500610352,6872.02654802882,630.7464746082068,81.02812593766038,7.114382652957509,81.03971862370173,7.125962275535334
LS_02435,81.03906137803023,7.107324600219727,28295.245279703988,1859.570490978942,81.03326986425664,7.101529002339797,81.04486235444027,7.113108757753011
LS_02436,81.03460645675659,7.109869003295898,2904.019287763935,263.7577068091859,81.02881031184663,7.104079145172775,81.04040275521275,7.115658788699804
LS_02437,81.02093243598938,7.112663269042969,4238.584463210266,288.0592440321239,81.01513643001007,7.106873581707967,81.02672860259047,7.118452883367687
LS_02438,81.02116797520564,7.113412857055664,2531.8484106953,267.96514599603637,81.01537195054615,7.107623162150143,81.02696414786489,7.1192024693675915
LS_02439,81.02642107009888,7.114566802978516,725.908619128907,102.54406436052066,81.02062496246334,7.108777047473247,81.03221731999753,7.120356485238191
LS_02440,81.0466119978163,7.11149787902832,3837.2259421871563,284.3871002871645,81.04081568730791,7.105707872078117,81.05240847067456,7.1172878136212425
LS_02441,81.0260623296102,7.149759292602539,3696.146273026496,410.03304603733767,81.02026575361155,7.1439695482364876,81.03185899050467,7.1555489626658675
LS_02442,81.03426384925842,7.105037689208984,3506.246518701058,347.0555191892829,81.0284677067068,7.099247855565946,81.04006001987554,7.110827492392213
LS_02443,81.03270387649536,7.103572845458984,2105.12226549103,208.88131424242783,81.02691452154214,7.0977791947808795,81.03850675907033,7.109358793530976
LS_02444,81.03457145690918,7.103496551513672,2831.403027648235,372.9316691668253,81.02877537696557,7.097706684262346,81.04036765900256,7.109286329322447
LS_02445,81.03089014689127,7.102350234985352,5629.868513341936,516.2052888481693,81.02509412772899,7.096560357125245,81.036686289261,7.108139911062041
LS_02446,81.02680397033691,7.09815788269043,26721.74340099706,2538.2504642816625,81.0210080655826,7.092368119103726,81.03260001997585,7.103947573053682
LS_02447,81.03059583240085,7.099363327026367,1757.407624848791,212.71423887782763,81.02479986538799,7.093573516546448,81.03639194448787,7.105153064329143
LS_02448,81.02968883514404,7.097728729248048,1667.2602648120069,217.62265712181394,81.0239052713148,7.091942731250756,81.03549728715537,7.10352225742716
LS_02449,81.02621984481812,7.102766036987305,673.7005575076488,97.09759725570217,81.02042388867481,7.096976281598137,81.03201594431191,7.108555719144772
LS_02450,81.02814435958862,7.106365203857422,8284.458795147455,885.9773172045691,81.02234833461344,7.100575425225349,81.03394052872297,7.112154909237591
LS_02451,81.03544082641602,7.097745895385742,1937.4540725375398,233.22121597267645,81.02964481583143,7.091956024636369,81.04123697481899,7.103535693464764
LS_02452,81.03822636604309,7.097194671630859,13447.088144735077,1238.3473167761867,81.03243029819832,7.091404765581126,81.0440225125833,7.102984503801382
LS_02453,81.03874299791124,7.095592498779297,16712.11222830593,1348.4576393585749,81.03294720621435,7.089802765542159,81.04453939314676,7.101382517177876
LS_02454,81.04427509307861,7.093866348266602,5051.82993086632,386.4913628563126,81.03847346703137,7.088080182138774,81.05006574789225,7.099660071503154
LS_02455,81.04281616210938,7.09443473815918,7778.11551499238,619.6714708074226,81.03702015370777,7.08864470420508,81.04861241268927,7.100224557327397
LS_02456,81.03927961985269,7.093881607055664,6680.55416895141,560.6491521835038,81.03348347269804,7.088091603461302,81.0450756299158,7.099671369025262
LS_02457,81.043790102005,7.091960906982422,2041.0447752201499,258.5737111070485,81.03799406994217,7.086170923481513,81.04958629085803,7.097750801612867
LS_02458,81.0375045278798,7.093164443969727,5887.47284575601,552.400758519399,81.03170850867102,7.0873745123734,81.04330060375507,7.098954234143409
LS_02459,81.0351227760315,7.093740463256836,3280.013069614315,328.0697314956325,81.02932682554601,7.087950595618447,81.04091887591821,7.099530258045636
LS_02460,81.03731713294982,7.0885162353515625,447.1340301480577,82.7916447233352,81.0315212183126,7.082726339490637,81.04311319192267,7.0943060583145146
LS_02461,81.0369153703962,7.089029312133789,911.4097958614453,131.74673165648042,81.0311194556347,7.083239413262756,81.04271143215792,7.0948191219316215
LS_02462,81.03680033910842,7.089557647705078,1156.7369419481313,163.83191606654427,81.03100758342995,7.083754407208271,81.04259957011395,7.095334112912119
LS_02463,81.03544683456421,7.088932037353516,6860.937438858537,837.4657141044012,81.02965093639843,7.083142164832773,81.04124287400315,7.094721837101236
LS_02464,81.03347285588583,7.090965270996094,1429.6843733012795,247.83865656261514,81.0276769370521,7.085175423583202,81.03926887668084,7.096755046089664
LS_02465,81.02898216247559,7.090904235839844,1180.626639899182,136.1641699221912,81.02318632161803,7.085114435937992,81.03477814806594,7.096693946938793
LS_02466,81.02852082863832,7.090448379516602,1718.6251979096626,165.2735706092315,81.02272499819593,7.084658593213116,81.03431680172811,7.096238092933459
LS_02467,81.02943019917585,7.090150633998488,2305.446349231285,261.00205953563193,81.023634347125,7.084360807134543,81.03522616579669,7.095940329562572
LS_02468,81.02793002128601,7.089923858642578,3371.792113533873,512.2802288603153,81.02213415650374,7.084134036735158,81.03372593217601,7.095713521985383
LS_02469,81.01818970271519,7.087490081787109,2552.8612710009047,219.04646062040203,81.01239403178245,7.081700431412704,81.02398550406194,7.093279675562412
LS_02470,81.03595806558532,7.124881574220552,5763.439316319161,693.7268036326858,81.0301617366423,7.119091723330598,81.04175459235186,7.130671394893374
LS_02471,81.04382991790771,7.130847930908203,7257.14967969058,813.0386053510748,81.03803340495844,7.1250579713090945,81.04962660797204,7.136637837001181
LS_02472,81.0748176574707,7.11512565612793,2721.2033619274216,222.91528185860525,81.06902097675848,7.109335300267118,81.08061455244034,7.1209159405371345
LS_02473,81.07347740846521,7.090471267700195,2009.6095325419224,332.9454879960313,81.06766010327424,7.084644697978264,81.0792530204348,7.096225310484788
LS_02474,81.07091369628907,7.093564987182617,5579.794689702672,570.9915026765111,81.06511722071888,7.0877746752567425,81.0767101540822,7.0993552242033475
LS_02475,81.07134402344747,7.096347034471516,7673.578920549218,795.2208229479124,81.065547738875,7.09055676860473,81.07714075318424,7.102137327497969
LS_02476,81.07693099975586,7.096010208129883,19067.13751616567,1217.219756958165,81.0711421128126,7.0902143680463325,81.08273525680787,7.101795065213539
LS_02477,81.08335252241655,7.09272575378418,3859.944908520517,326.1343267430992,81.07755613565789,7.086935188120372,81.08914935513157,7.09851604426039
LS_02478,81.08157745997111,7.096279144287109,5344.833016785981,503.8735443601744,81.07579620465681,7.090481072854987,81.08738947040524,7.102061884843871
LS_02479,81.07537484169006,7.099887847900391,1618.0483578134094,185.86279758334277,81.06957839143358,7.094097433114166,81.08117159498839,7.105678090759062
LS_02480,81.07883405685425,7.102813720703125,17022.22603016874,1115.3500395445994,81.073029453666,7.097021308469883,81.08462281659826,7.1086020507231
LS_02481,81.08151741027832,7.103128433227539,2701.3776305490937,259.72563251080805,81.07572078675993,7.097337992801908,81.08731422427456,7.108918801474144
LS_02482,81.06885582467784,7.102329254150391,4780.574525397923,793.8602453150083,81.06305934640177,7.096538979274193,81.07465245034126,7.1081194751270065
LS_02483,81.0985860824585,7.167856216430664,20665.28373738465,1328.0941593761881,81.09278839640847,7.1620655701483855,81.10438390677449,7.173646789840817
LS_02484,81.09971818056974,7.162807464599609,7213.154693683697,472.5925146546976,81.09392054548958,7.157016764407246,81.10551595466956,7.168598013022728
LS_02485,81.1079190572103,7.166780471801758,5545.190661946671,409.1855825747215,81.10212129383804,7.160989760108477,81.11371700880512,7.17257121185263
LS_02486,81.10645548502603,7.165838241577148,3372.502510419895,350.7313675883706,81.10065773010581,7.16004749751577,81.11225338451432,7.1716289130392425
LS_02487,81.10212349891663,7.166040420532227,594.2171705762531,94.34044164840105,81.09632579741401,7.160249710001515,81.10792134927277,7.171831017895957
LS_02488,81.10174584388733,7.162776947021484,3435.5777949836006,317.47257013036256,81.09594821838495,7.1569862621779725,81.1075436772146,7.168567561166857
LS_02489,81.10221680430682,7.160799092418824,4943.617110149637,314.6808386093242,81.09641917132136,7.155008355525277,81.10801459118792,7.166589666496007
LS_02490,81.10166606903076,7.161163330078125,8460.246605460503,756.0015101150592,81.09586843954735,7.155372619451787,81.10746385505341,7.166953916694951
LS_02491,81.10510295370351,7.164852142333984,483.2079617767895,112.70128863070096,81.09930523049304,7.159061414165029,81.11090082598618,7.1706427962337145
LS_02492,81.11203521840713,7.1616668701171875,3771.7308533759942,320.45770576645583,81.10623743785104,7.155876056502196,81.11783312387806,7.167457610979055
LS_02493,81.10920216487004,7.161449432373047,2769.873879547537,301.82153245924985,81.10340445184255,7.155658631793301,81.11500006194449,7.1672401160334
LS_02494,81.10781645774841,7.16166877746582,6661.4947921752855,366.9398413355946,81.10201875995644,7.155878017903177,81.11361434126408,7.167459467739149
LS_02495,81.10672351292202,7.161867141723633,670.9537745108563,112.4347819643457,81.10092576839503,7.156076364689195,81.11252132763305,7.167657787378677
LS_02496,81.10580279321418,7.1612939706096865,1805.3391550740153,170.29351633818783,81.10000509845834,7.155503234704609,81.11160062012858,7.1670846346204815
LS_02497,81.10937351650662,7.159601211547852,2280.2776611842137,203.45895476487962,81.10357578318649,7.153810482718308,81.11517135015521,7.165391971428397
LS_02498,81.11057662963867,7.158075332641602,2877.1771554462284,323.6072549768963,81.10477892383666,7.152284537260406,81.116374481552,7.163866055979498
LS_02499,81.10832476493431,7.15938380097321,3121.6267777369962,259.70518570268445,81.10252705382807,7.153593033107224,81.11412258918159,7.165174495834729
LS_02500,81.1121145248413,7.154975891113281,2111.293837957565,187.47880581156323,81.10631684685669,7.149185076428821,81.1179123632798,7.160766633606065
LS_02501,81.10973453521729,7.158435821533203,2133.658044247044,229.33513667033475,81.10393683526318,7.152645010867064,81.11553238131734,7.16422650866775
LS_02502,81.09772205352783,7.139566421508789,102043.04662325303,3868.851195083873,81.09192516737879,7.133775663339431,81.10351993274027,7.145356866072878
LS_02503,81.10665875704228,7.150616041779947,22731.43074979227,694.1207243580621,81.10086119181757,7.14482529459225,81.11245646124536,7.156406717122039
LS_02504,80.73668150468306,7.098600387573242,6602.549099892139,484.6501619314812,80.73088208944176,7.092808272901452,80.74247984599026,7.104393511447197
LS_02505,80.74018360319592,7.103456497192383,1645.068063840659,171.81300591107197,80.73438466261852,7.0976638820259845,80.74598246090993,7.1092490383497156
LS_02506,80.74002933502197,7.103137969970703,420.21611358240256,90.96730560578158,80.7342303556942,7.097345356302373,80.7458281494317,7.10893051620886
LS_02507,80.73944282531738,7.089906692504883,1866.5545504190509,165.4461216153558,80.7336440206825,7.084114074119318,80.74524148524155,7.095699242661041
LS_02508,80.73972880840302,7.091499328613281,835.5676412568558,129.51023329273428,80.73392998713375,7.0857067131972595,80.74552748610513,7.097291875528703
LS_02509,80.7389862537384,7.09160041809082,739.726477517207,109.16813624279354,80.73318738573928,7.085807851255924,80.74478490519176,7.097393031468754
LS_02510,80.77723693847656,7.130590438842773,8881.795624152574,506.874929713788,80.77143806295338,7.12479826932615,80.78303566844201,7.136382539027554
LS_02511,80.78179909632756,7.111362457275391,39558.00927313968,1537.0070678655234,80.77599904064184,7.105569304696696,80.78759603743121,7.1171534584828
LS_02512,80.78514927625656,7.112890243530273,4693.485536275889,391.74736038966836,80.77935070795064,7.107098237207828,80.79094766288262,7.118682310105947
LS_02513,80.76432657241821,7.105794906616211,5335.390449156662,421.8873070913372,80.75852777203055,7.100002669172929,80.77012504812372,7.111587244159041
LS_02514,80.76095056533813,7.0958251953125,6361.3200692618875,336.5044915931731,80.75515185313732,7.090033014333245,80.76674895279898,7.10161766749437
LS_02515,80.76904207865397,7.100334167480469,1522.6752940171502,168.4551046893217,80.76324348596295,7.094541902853915,80.77484050670984,7.106126362170488
LS_02516,80.7762451171875,7.092370986938477,1717.1338593181117,232.7201436065264,80.77044672437106,7.086578810910549,80.78204336524442,7.098163093841504
LS_02517,80.77514533996582,7.092796325683594,1401.276762516243,139.7793189795497,80.76934694627099,7.087004135804331,80.78094362471363,7.098588445423269
LS_02518,80.77441701022062,7.093072891235352,1894.1565234832897,200.02894210060074,80.76861859317474,7.0872806926331275,80.78021529636605,7.098865019924726
LS_02519,80.77385807037354,7.092884063720703,835.1168881625125,118.7237850296994,80.76805963650285,7.0870918592784635,80.77965634833456,7.098676200014431
LS_02520,80.77353557596373,7.092722500779565,856.4433485471786,117.86173890174311,80.76773712376209,7.08693034220274,80.77933383922172,7.09851469067965
LS_02521,80.79528363545737,7.107589721679687,5410.13411079097,483.76687337138,80.78948480352913,7.101797601826871,80.80108137540323,7.113381427534399
LS_02522,80.79489994049072,7.106407165527344,14051.05044450707,912.6281821571317,80.78909994906554,7.100614655198643,80.80069649978836,7.112198489990227
LS_02523,80.79635753631592,7.104501724243164,18893.351681655546,1528.110331750774,80.79056323308012,7.098710318150903,80.80215969915578,7.1102941170140666
LS_02524,80.79380255479079,7.099384307861328,3747.750722233454,309.3037249825009,80.78800429692593,7.093592260289996,80.79960069325968,7.105176120106481
LS_02525,80.79322020212808,7.102251052856445,782.0718728832113,111.2478583940816,80.7874219474709,7.096459170816553,80.79901843182013,7.108043045396689
LS_02526,80.79910159111023,7.101131439208984,2295.147324684352,188.82502444737204,80.79330618099921,7.095331909125597,80.80490249339682,7.10691564071092
LS_02527,80.79811308286983,7.101142121680628,1190.6909464212592,133.30160830816914,80.7923148720894,7.095350208532118,80.80391120904072,7.106933964177232
LS_02528,80.8044890165329,7.102794647216798,10672.031053080871,614.5717873681413,80.79869059982454,7.097002560506442,80.81028682434827,7.108586161678128
LS_02529,80.80473899841309,7.100175857543945,31455.18052401482,1101.433693277384,80.79894106381792,7.094383812219061,80.81053721486411,7.105967406821609
LS_02530,80.80342817306519,7.095050811767578,2314.0946133449147,193.35197459714385,80.7976301783777,7.089258964934968,80.80922622946561,7.100842590397009
LS_02531,80.78778266906738,7.089605331420898,3275.4658850110586,281.273305644614,80.78198445151855,7.083813230662445,80.79358074191339,7.09539723396441
LS_02532,80.7787036895752,7.089860916137695,6132.576647178052,416.3717868928212,80.77291083638171,7.0840630480561115,80.78450735278044,7.0956472707548635
LS_02533,80.78084969520569,7.089962005615234,7970.159909551291,469.568454930476,80.77505149909437,7.084169650358011,80.7866479664656,7.095753821365815
LS_02534,80.79299926757812,7.096014022827148,1929.0473774107556,224.42971330837466,80.7872010397333,7.090222047977059,80.79879736874382,7.101805926503676
LS_02535,80.82348537445068,7.102266311645508,3482.5833809997885,332.0055727497583,80.81768746282765,7.096474777137909,80.82928321115078,7.108057916103359
LS_02536,80.83655325571695,7.099828720092773,2389.916632863791,237.74083426370177,80.83075534669156,7.0940373667248515,80.84235071359677,7.105620186883916
LS_02537,80.85275868936019,7.09330940246582,71497.95839289903,3972.208782396545,80.84696134334921,7.087518326425377,80.85855614745516,7.099100750626021
LS_02538,80.85382461547852,7.094871520996094,2199.147406542316,220.565856129057,80.84802718451407,7.089080287169897,80.85962200242753,7.100662685349483
LS_02539,80.85386594136557,7.095636367797852,1788.1646851157113,184.2719422299874,80.84806834471004,7.089845043034269,80.85966318114436,7.101427440218172
LS_02540,80.84839963043135,7.09804437753795,6041.463377457048,306.23864198914544,80.84260197318049,7.092253235684421,80.85419700488,7.103835766513111
LS_02541,80.84664859800908,7.095131504651471,4284.60010919941,278.18878543432714,80.84085108246005,7.089340182749007,80.85244608250692,7.100922756239052
LS_02542,80.85111449981903,7.092447280883789,1736.926453000595,206.83932356266075,80.84531702761534,7.086656012855002,80.85691184991352,7.098238477204437
LS_02543,80.8506193051435,7.09131380042548,963.7468643421854,114.37907819871685,80.84482181844753,7.085522544404334,80.85641662391059,7.097105020819386
LS_02544,80.84717285550875,7.091159820556641,20799.835943994713,946.493581222497,80.84137535983955,7.085368504230267,80.85297024559041,7.0969510647716
LS_02545,80.84669187759164,7.089639277031662,5897.137884307386,516.9201596526345,80.8408943113858,7.083848020369188,80.85248917005119,7.095430592590651
LS_02546,80.8486430644989,7.1121063232421875,8526.53346785999,550.7375334223696,80.84284385216448,7.106303580991443,80.85443923748173,7.117886106347008
LS_02547,80.81632295021643,7.1290283203125,2786.78114998772,299.2496648589425,80.81052456860452,7.123236626036961,80.82212118042084,7.134819943232296
LS_02548,80.81765548695631,7.117795235922562,12060.73022518839,680.6246452229394,80.81185441468926,7.112004045786677,80.82345070456576,7.123587328941482
LS_02549,80.81991844177246,7.112478256225586,7772.3837171301675,499.0997071809234,80.81412043733353,7.106686605022097,80.82571653505843,7.118269832197071
LS_02550,80.84410540262857,7.126819610595702,2513.498926577326,219.690577786857,80.83830721675514,7.121028257575416,80.84990309102477,7.132610894641327
LS_02551,80.84933423995972,7.131748199462891,3843.035660194772,341.98938372965995,80.84352828474745,7.125953227702551,80.85512415725327,7.137535736840976
LS_02552,80.84580969810486,7.124578475952148,1901.4751531976901,200.46671828771693,80.84001171205506,7.11878710150195,80.85160748694095,7.1303696966826235
LS_02553,80.84452056884766,7.123374938964844,1076.8155642163185,149.9813011316847,80.83872260832808,7.117583590185933,80.85031838395516,7.129166216914892
LS_02554,80.84296887772899,7.122015392109029,6043.687410118195,511.21424209543017,80.83717087019402,7.116223972771184,80.84876664898474,7.12780663745796
LS_02555,80.83635256025526,7.128593444824219,3016.189791584607,230.58472308924266,80.83055442559869,7.122801934176576,80.84215053567637,7.134384761350124
LS_02556,80.83131017440405,7.124696731567383,4698.759815809852,462.71776512347867,80.82551203397306,7.118905221087466,80.83710816741494,7.130488171387989
LS_02557,80.82956566530115,7.124872207641602,1424.1758824057886,177.96999516317751,80.82376748817704,7.119080636024187,80.83536366885694,7.130663629017407
LS_02558,80.84019088745117,7.119100570678711,1110.5766134804762,150.4632045052833,80.8343928852595,7.113309169749889,80.8459886573303,7.124891902303069
LS_02559,80.84572993384467,7.085681915283203,28547.853592504718,1138.3531678916015,80.83993241734795,7.079890513358976,80.8515271984444,7.0914731088783975
LS_02560,80.84831197068499,7.088104248046875,8335.283525934015,691.745269324683,80.84251449180253,7.08231316989056,80.85410927170543,7.093895702527848
LS_02561,80.84936141967773,7.086639404296875,4832.899361942421,332.613609436598,80.84356426684448,7.080847976750092,80.85515898371055,7.092430483729502
LS_02562,80.84770011901855,7.0866851806640625,3049.8521201579465,293.765740296072,80.84190266739216,7.0808938716692555,80.85349742600519,7.092476419182522
LS_02563,80.99874645730723,7.118919372558594,3798.616236876231,244.57972515198915,80.99295046572038,7.113129932967303,81.00454241699138,7.124708739889379
LS_02564,81.04170027646151,7.115337371826172,1773.6908884199054,221.33256874474517,81.03590395131043,7.109547425832257,81.0474967092948,7.121127243905503
LS_02565,81.03915618447697,7.117372512817383,4635.467568182324,474.1128876191524,81.03335988064698,7.111582591776424,81.04495262659083,7.123162345794767
LS_02566,81.04078483581543,7.124759674072266,998.6470711308821,145.21880101560083,81.03498842198991,7.1189697414929896,81.04658139508264,7.1305495334261115
LS_02567,81.03804588317871,7.124317169189453,426.49479432463795,76.11022427344749,81.03224950910979,7.118527262166573,81.04384240267984,7.130106985993277
LS_02568,81.09757242574321,7.157415390014648,3584.7269763195445,504.92247463644475,81.09177488625647,7.151624755303001,81.10337010403273,7.163205951467094
LS_02569,81.10648640990257,7.1366729736328125,4506.777331478054,541.6381930609326,81.10068896902557,7.130882191768741,81.11228387766104,7.14246361181561
LS_02570,81.10566639900208,7.135276794433594,4726.960688003839,334.63893466721174,81.09986888161856,7.129486008078415,81.11146373429203,7.141067408026164
LS_02571,81.1083533498976,7.136543273925781,9749.473381688587,724.6060694699348,81.10255595413216,7.130752504246569,81.11415090567066,7.142333970471421
LS_02572,81.10828367869058,7.135286331176758,992.1443319944947,126.63638625563291,81.10248630076484,7.12949559202517,81.1140812184677,7.1410770566803246
LS_02573,81.10901432355816,7.138837011490982,3606.601017595535,298.603572187273,81.10321688043209,7.133046267336699,81.1148119069502,7.144627749627773
LS_02574,81.11229419708252,7.137615203857422,2761.48935961135,227.48917994071627,81.10649382349006,7.131818664315464,81.11808889972485,7.143400227749767
LS_02575,81.09915924072266,7.144784927368164,1763.3709458312337,226.90925774841148,81.09336186168308,7.138994272908171,81.10495679594425,7.150575510423995
LS_02576,81.09842205047607,7.144817352294922,3211.4574271920487,343.26369285227906,81.09262462573909,7.139026667307226,81.10421954253385,7.150607886545885
LS_02577,81.09474740028381,7.146087646484375,6033.631375245854,372.4308182604831,81.08895004532745,7.140297046422878,81.10054490334943,7.151878174344396
LS_02578,81.0997014840444,7.136571884155273,2369.912332894906,228.28355741980573,81.09389552089378,7.130771768793147,81.10549025843692,7.142353020780283
LS_02579,81.09625564243483,7.136144638061523,23964.077887591917,1849.7095451410546,81.09045824697533,7.130354515024847,81.1020528886729,7.141935681977536
LS_02580,81.11672680194562,7.1462554931640625,15047.632490026012,1093.8910565954627,81.11092916922857,7.1404646209133595,81.12252457649728,7.152046293121419
LS_02581,81.11824580601284,7.150430679321289,2621.8924138946372,228.19573371618048,81.11244814365683,7.144639845544084,81.12404369552937,7.1562215549424115
LS_02582,81.1148564371012,7.148857116699219,2275.8010535278595,231.1806181191129,81.10905879603798,7.143066239907287,81.12065422363483,7.1546478656047166
LS_02583,81.11450290679932,7.149328231811523,1266.7207646190855,161.02939655504417,81.10870528374488,7.143537416517416,81.12030071465497,7.155119033420834
LS_02584,81.11416323979697,7.150444030761719,5852.855326316667,650.8084071957804,81.10836558841982,7.14465319084473,81.11996103949953,7.156234799228976
LS_02585,81.11462783813477,7.143363952636719,1156.16494191805,149.73866052615278,81.1088302704132,7.137573106397503,81.12042555168347,7.1491547269881375
LS_02586,81.11154580116272,7.149944305419922,1482.7083452465179,202.97948132130242,81.10574818125386,7.14415349705583,81.11734355466496,7.155735040702885
LS_02587,81.1122014787462,7.150091171264648,1941.064301871114,207.0943746011368,81.10640385595772,7.144300355382413,81.11799924938192,7.15588191524556
LS_02588,81.11527122770036,7.146366119384766,1338.577902410929,154.73757274467027,81.10947361799195,7.140575265185567,81.12106899205736,7.152156901389034
LS_02589,81.11387062072754,7.147895812988281,14781.31780180512,1039.8278565167302,81.10806654566382,7.142102727751981,81.11966192400082,7.153684328996346
LS_02590,81.1083610534668,7.147184371948242,18420.408789737798,1392.976679765565,81.10256338995639,7.141393602284051,81.1141586137702,7.152975067402083
LS_02591,81.10561034896156,7.156700134277344,8881.73255423079,928.6061380264537,81.09981281752532,7.15090969860877,81.11140821672168,7.16249109435946
LS_02592,81.09899374956936,7.151543643889411,1950.333333662113,171.38036810124154,81.09319627293401,7.145753026618467,81.10479137583563,7.157334258986189
LS_02593,81.09845209121704,7.151704788208008,1278.3471808605864,143.80035581961997,81.09265461384395,7.145914142504265,81.10424970741128,7.157495361409004
LS_02594,81.10237503051758,7.151956558227539,1996.7398901793297,219.9156208532622,81.09657750809276,7.1461658644461465,81.1081727055179,7.157747180614673
LS_02595,81.10155162811279,7.151187896728516,351.24844679311855,79.6785928794064,81.09575412819899,7.145397212542736,81.10734928551814,7.156978508404791
LS_02596,81.10484484130261,7.1550445556640625,4751.1830424615,659.7918436146839,81.09904724556023,7.149253831097956,81.11064258334102,7.160835208082647
LS_02597,81.10293476398175,7.141977310180664,3514.951704813305,406.8180772946315,81.09713736081697,7.136186608190245,81.1087323169812,7.147767939644221
LS_02598,81.106232157557,7.141752243041992,3043.7998507448797,346.83934312295384,81.10043471195162,7.135961499911624,81.112029744082,7.14754291301792
LS_02599,81.1042685508728,7.145814895629883,3593.965954461715,332.5755970974274,81.09847112291989,7.140024132000802,81.11006621024156,7.151605495954726
LS_02600,81.10466837882996,7.146018981933594,1373.8364893595563,205.27243673270033,81.09887090598102,7.140228259229022,81.11046600843619,7.151809633057343
LS_02601,81.09317337839227,7.153238296508789,124335.70660943998,6495.009920996141,81.08737592143757,7.147447741684339,81.09897092302224,7.15902882930651
LS_02602,81.14730930328369,7.10113525390625,2764.7306702267183,233.66851777990703,81.14151191561245,7.095343877585925,81.15310692130105,7.106926303591097
LS_02603,81.14404063264863,7.099689483642578,3808.8320826802887,295.59130425194274,81.138243255155,7.093898275958342,81.14983814385626,7.105480621985157
LS_02604,81.14030838012695,7.091297149658204,3790.8670701820793,394.48924352817255,81.13451116092808,7.085505986966508,81.14610574405988,7.097088241711393
LS_02605,81.14399113125272,7.0944976806640625,19216.509410824587,944.8344100811094,81.13819337440447,7.088705958368988,81.14978812930055,7.100288303141711
LS_02606,81.13906367619833,7.094058990478516,7863.431859529441,563.0795311787082,81.1332664303997,7.088267842681132,81.14486105349245,7.099850066960735
LS_02607,81.13450455665588,7.0978851318359375,5941.358256293782,338.8863843582446,81.12870733918268,7.092094040114606,81.14030194813914,7.10367615272133
LS_02608,81.13387198197213,7.099494934082031,8624.006424321056,531.2920642315313,81.12807479495277,7.093703771690416,81.13966942945338,7.105285868756366
LS_02609,81.1320621172587,7.101415634155273,3246.75605883751,244.79649429583537,81.12626485136111,7.0956245720193065,81.1378594904495,7.107206624664829
LS_02610,81.13290309906006,7.099393844604492,2513.728738464647,209.25434007147157,81.12710585958128,7.093602772184553,81.13870046773795,7.105184845511678
LS_02611,81.13253834668328,7.100278854370117,3388.433857862149,379.1350170083043,81.12674107876013,7.094487822477305,81.13833570054001,7.106069886835473
LS_02612,81.13196682929993,7.094020843505859,959.4573674543188,139.80743536488984,81.12616967219329,7.088229782365401,81.13776412042277,7.099811832941059
LS_02613,81.12920316060385,7.098775863647461,10369.085989908606,721.6231234528541,81.1234059757237,7.0929848369372035,81.13500047734173,7.104566819603701
LS_02614,81.12607764685353,7.098794439911673,3395.815342841793,344.5914617043339,81.12028050457891,7.093003426418023,81.13187492994649,7.104585332443232
LS_02615,81.11664022718156,7.100042343139648,12656.896864349366,1165.3962965334651,81.11084313872233,7.094251402742878,81.1224373639657,7.105833077030086
LS_02616,81.11961460113525,7.103515625,2313.2368039130934,178.5006201960315,81.11381748735752,7.097724716097103,81.12541187417641,7.109306463157669
LS_02617,81.11455029707689,7.105100631713867,11343.650164529483,637.2230752029155,81.10875317095143,7.099309707883543,81.12034747352347,7.11089133033345
LS_02618,81.11812324523926,7.105093002319336,1243.835819243647,158.17351730126157,81.11232611175579,7.099302057283696,81.12392050206545,7.110883767569463
LS_02619,81.11170868440108,7.108884811401367,1698.6684933427337,200.32696814198385,81.10591158863915,7.103093999288316,81.1175059175767,7.114675551444458
LS_02620,81.1119626151191,7.106292724609375,153009.7181545904,6142.071611487211,81.10616177154795,7.100498258972274,81.11775604056616,7.1120798175620665
LS_02621,81.11298743538234,7.088438034057617,7224.429514639436,596.6043294972964,81.10719059030242,7.082647204159304,81.11878443079164,7.094228789880389
LS_02622,81.10157928466796,7.094587326049805,4120.981162351957,335.03393694417844,81.09578260400383,7.088796639536481,81.10737632001494,7.100377944238004
LS_02623,81.11075496673584,7.124750137329102,14360.878970272865,1276.2575721621238,81.10495764545847,7.118959336902592,81.11655235525971,7.130540863813786
LS_02624,81.09800910949707,7.131706237792968,13325.781688992813,1133.758152205312,81.09221182404617,7.125915542058511,81.103806396001,7.137496753126964
LS_02625,81.10015296936035,7.120761871337891,154749.28262588268,6763.537704407084,81.10191062215044,7.114969414770634,81.11350515493596,7.126550866976864
LS_02626,81.10187816619873,7.126855850219727,2308.9451526191215,306.3825148409918,81.0960809759192,7.121065182135493,81.10767551999801,7.132646489600538
LS_02627,81.09800552471805,7.1106858013047285,5572.368376796163,375.3853655463736,81.09220856733926,7.104895158209934,81.10380260407234,7.116476372478782
LS_02628,81.10657930374146,7.111368179321289,5126.886495519001,349.0228028344676,81.10078222409516,7.105577431049903,81.1123764897953,7.117158856598412
LS_02629,81.10640811920166,7.112213134765625,2494.9149731572743,236.03195992918293,81.10061105715911,7.106422388568292,81.11220534014451,7.118003809792697
LS_02630,81.1025824546814,7.1059417724609375,1624.6914980497017,164.45615994462423,81.0967854883386,7.100151121365398,81.10837951743407,7.111732449161204
LS_02631,81.1037517275129,7.096246719360352,3755.289789071208,574.3623671744148,81.09794359943548,7.090440760909313,81.10953741039089,7.102022118540327
LS_02632,81.08730551401774,7.090259552001953,8680.902614061783,717.3820702288854,81.08150869726576,7.084468985317228,81.09310195185024,7.096049939361097
LS_02633,80.98519468307495,7.097949981689453,957.7568916122643,133.74361297558772,80.97939878921449,7.092160367435661,80.9909904393282,7.103739522735053
LS_02634,80.74843508402506,7.067190170288086,1722.1175212788137,176.46041858624065,80.74263664518807,7.061397663870654,80.75423330618652,7.072982607574727
LS_02635,80.74891376495361,7.075508117675781,1334.1800973957425,147.1471055281713,80.74311525705924,7.069715616296586,80.75471212135604,7.081300551708911
LS_02636,80.75927257537842,7.073110580444336,2251.769843082276,296.21076672349454,80.7534742217049,7.067318203760897,80.76507077508637,7.07890288953026
LS_02637,80.7497877544827,7.061765670776367,999.3314183644504,135.47552804764706,80.74398938982293,7.0559732441389125,80.75558587844432,7.067558153354054
LS_02638,80.74577383561568,7.061893463134766,1721.6934351940677,227.0637814128083,80.73999389444933,7.056068559786678,80.75159048131336,7.0676535647262035
LS_02639,80.74520834287009,7.0623779296875,1246.010144847593,146.74954488532373,80.73941247396459,7.056570186783156,80.75100908770509,7.06815520584106
LS_02640,80.74873208999634,7.051364898681641,3485.833544559539,270.8648510098454,80.74293392601773,7.045572398665994,80.75453017193055,7.057157329168612
LS_02641,80.74824460347494,7.045877456665039,1210.0756885045028,160.39012963200616,80.74244656154559,7.040085084865453,80.75404267787228,7.051670024903134
LS_02642,80.74553108215332,7.047353744506836,3993.3636059541327,430.6676402315005,80.73973130220277,7.041561200397308,80.75132752146132,7.053146205886749
LS_02643,80.74628257751465,7.055185317993164,4862.239942494164,389.5661765825878,80.74048385703558,7.049392937709288,80.7520802600289,7.060977928297308
LS_02644,80.74515353308783,7.055093765258789,17991.078151261103,1805.3680181681168,80.73935520127405,7.0493012245672855,80.75095162892578,7.060886242114434
LS_02645,80.74331569671631,7.051338195800781,1708.8516867234205,209.4701150766528,80.73751743734631,7.04554546160746,80.74911381217973,7.057130521585832
LS_02646,80.75619257776015,7.044586726104017,7173.011593771057,362.39581331904594,80.75039445970518,7.038794528714343,80.76199035265252,7.050379278264199
LS_02647,80.753173828125,7.044576644897461,3376.7059691203203,244.78312651135582,80.74737568924893,7.038784199009136,80.75897165418904,7.0503690207431715
LS_02648,80.75356404358166,7.042867736119025,5503.289194375679,505.5993229845502,80.74776595097633,7.037075298727016,80.75936186264943,7.048660110501487
LS_02649,80.74699401855469,7.057926177978516,732.4051491598015,105.55907564333401,80.74119571824014,7.0521336566136075,80.75279217482932,7.06371863124219
LS_02650,80.74429135573538,7.060619354248047,1263.8696871947996,154.53940574891737,80.73849309591823,7.054826707072419,80.75008968670502,7.0664117474440475
LS_02651,80.75678482055665,7.054666519165039,1649.1418866859028,193.15622869903353,80.7509866763933,7.048874115715095,80.76258281435787,7.060458854691962
LS_02652,80.75575545174735,7.054224014282227,1090.931011330534,126.62368956464303,80.74995729488397,7.048431598912121,80.76155344614222,7.060016362387584
LS_02653,80.76428413391113,7.075843811035156,1029.5895906923897,166.93443855093372,80.75848581008086,7.070051493580004,80.77008231332802,7.081636059778167
LS_02654,80.7640126546224,7.075944900512695,791.9781183230971,148.5274526336141,80.75821432253144,7.070152546584559,80.76981083492191,7.081737119346912
LS_02655,80.76536115010579,7.07935905456543,966.0711970548953,165.16495913049152,80.75956279575577,7.07356674914586,80.77115936370878,7.0851512905738705
LS_02656,80.7689847946167,7.082143783569336,3738.038853161544,485.66060298471007,80.76318649966312,7.076351468134575,80.77478305207087,7.087935923174622
LS_02657,80.76738929748535,7.081779479980469,481.8782673799655,86.98750347651378,80.7615894126444,7.0759776623133375,80.77318599392846,7.087562155712581
LS_02658,80.76740875244141,7.078983306884766,989.610561947936,121.80692365788828,80.76161045556745,7.073191027653113,80.77320696448096,7.084775519661925
LS_02659,80.7713740825653,7.080165863037109,1613.253134725576,162.216985731006,80.76557569512909,7.074373629390993,80.77717213891437,7.085958026253062
LS_02660,80.77207724253336,7.080312728881836,2830.7867460213015,269.6126997469759,80.7662790352677,7.074520408135346,80.77787546586869,7.086104788092412
LS_02661,80.77078251611618,7.087503433227539,2004.9437649261185,180.2410884886684,80.76498412047476,7.081711192116709,80.77658076775809,7.093295605471296
LS_02662,80.77729527155557,7.0885162353515625,1264.322189259695,171.56003624266947,80.77149693381037,7.08272402831116,80.78309344987062,7.0943082847843
LS_02663,80.77580470285619,7.0896202886798765,938.0187541346884,109.98334534364228,80.77000633683915,7.083828107674407,80.78160291740188,7.0954124004541095
LS_02664,80.77525290047251,7.089611053466797,1204.1859613296037,161.73119222270842,80.76945453326051,7.0838189062753045,80.78105112692334,7.095403212375461
LS_02665,80.78001181284586,7.088195800781249,11567.208537292034,949.7831632736481,80.7742138609837,7.0824036727933315,80.78581030309834,7.09398786356025
LS_02666,80.79199304580689,7.08711051940918,2282.071164312413,221.94898849962124,80.78619486986265,7.081318609775792,80.79779099408798,7.092902510629159
LS_02667,80.79154082306326,7.086195308086587,1876.7293735862368,203.86051585163625,80.78574279712359,7.08040323913078,80.79733890874954,7.091987150708866
LS_02668,80.7908582687378,7.086126327514648,2982.634319302343,270.4599331025426,80.78506015301808,7.080334329263685,80.79665627940089,7.091918257337631
LS_02669,80.78849673271179,7.085353851318359,37019.68073815115,989.4717438689738,80.78269844682075,7.079562050256689,80.79429461050384,7.091146035255462
LS_02670,80.78416646851434,7.084438323974609,1915.0624626222857,183.92341786697614,80.77836826224622,7.078646245621365,80.78996450711539,7.090230335036118
LS_02671,80.78296184539795,7.084741592407227,3260.578935150872,246.18527650996174,80.77716367825316,7.0789494064408185,80.78875996005596,7.090533525031918
LS_02672,80.7807388305664,7.083353042602539,3566.947306498426,238.98421651501263,80.77494048508291,7.077560920292977,80.78653678487338,7.08914509219918
LS_02673,80.77971204121908,7.0836334228515625,1369.5924211012414,189.23132823343823,80.77391381800224,7.0778412887153745,80.7855101498233,7.089425485481481
LS_02674,80.78380563524034,7.080915451049805,5697.708825165496,325.66275232210126,80.7780074304781,7.075123138451528,80.7896035933934,7.086707235668399
LS_02675,80.77910096304757,7.072687149047852,2809.1552204519767,301.3770017405556,80.77331108311583,7.066889288940634,80.78490714760875,7.078473497229456
LS_02676,80.78084826469421,7.07135009765625,2124.7486238570955,218.42013740855046,80.77505022072495,7.065557890808133,80.78664620902828,7.07714205682134
LS_02677,80.78067264556884,7.070728302001953,620.7258568097128,91.94210050749416,80.7748745913667,7.0649361827524215,80.78647056792437,7.076520352829501
LS_02678,80.77741050720215,7.068998336791992,22484.965773661464,1391.1636992418037,80.77161276753648,7.063205584447901,80.78320877825382,7.074789832616273
LS_02679,80.77784450237567,7.0679931640625,5216.775810947147,477.0161974952786,80.77204632547664,7.0622010913431055,80.78364229991926,7.073785328788771
LS_02680,80.77607002258301,7.06895637512207,479.7588681986186,97.5755237042124,80.77027193314524,7.0631642006488145,80.78186797511451,7.074748481088301
LS_02681,80.77548122406006,7.068117141723633,802.3829194425322,130.35427220186685,80.76968866054447,7.062309700836234,80.78128469459438,7.073893995069495
LS_02682,80.7765121459961,7.066135406494141,2661.1184797322003,357.3757656658838,80.77071449457247,7.060343037720151,80.78231045334486,7.0719273066977655
LS_02683,80.7886485391193,7.069995880126953,2490.0993421034823,219.1658918379388,80.78285061360617,7.064203859353628,80.7944463788519,7.075787836942605
LS_02684,80.78757459290173,7.068990707397461,1613.9982417994904,155.84867594723914,80.78177663117086,7.0631987389623125,80.79337239653958,7.07478274220795
LS_02685,80.78713766733804,7.071611404418945,3248.586505695643,283.1964458629303,80.78133965008716,7.065819433087301,80.79293549330866,7.077403447522386
LS_02686,80.7903299331665,7.064672470092773,6800.437672334714,393.3234654197603,80.78453222435259,7.058880310481144,80.79612781238549,7.070464246234469
LS_02687,80.79522075653077,7.058877944946289,412.879294567919,94.11792490741173,80.78942301855722,7.0530860018525585,80.80101834004729,7.064669818365804
LS_02688,80.79944944381714,7.054676055908203,5025.5683126759095,393.49155817183095,80.79365178364303,7.048884228979945,80.8052468955359,7.060467942650338
LS_02689,80.78736644871356,7.0452280691379805,22724.96686837906,2054.662691302945,80.78156878716129,7.03943603258527,80.7931639484298,7.051020034929264
LS_02690,80.77584686279297,7.047111511230469,1370.5869523073404,187.79986264069868,80.7700489409531,7.041319335601567,80.78164442737155,7.052903615093673
LS_02691,80.77442407608032,7.0454864501953125,3838.972277894172,283.158034901773,80.76862623862469,7.039694258663311,80.78022171754627,7.051278571813205
LS_02692,80.78653480984829,7.043990182440724,16785.74603880333,1300.121214637378,80.78073682619396,7.038197985485248,80.79233197579096,7.04978200750837
LS_02693,80.80953104599662,7.057346343994141,6483.314128181298,416.41274238855436,80.80373350181141,7.051554485461648,80.81532843846445,7.063137956365725
LS_02694,80.80979251861572,7.05419921875,4461.317330577616,362.1644281672696,80.80399504911576,7.048407390285708,80.81558989904094,7.059990854336109
LS_02695,80.80698617299399,7.055692672729492,19347.600106227084,1563.7285457789956,80.80118858279812,7.049900781496279,80.81278353869637,7.061484313556912
LS_02696,80.8192024230957,7.0885009765625,2906.1322254118622,271.80279971507605,80.81340460099379,7.082709320990529,80.82500010052362,7.0942925623954025
LS_02697,80.81900723775229,7.087442398071289,2763.8431873694794,239.11454067340048,80.81320934537774,7.0816507413575245,80.82480482252245,7.093233987362289
LS_02698,80.8173996723643,7.087546795792681,1559.6371251817043,182.26698430659337,80.81160186339902,7.081755075828856,80.8231973823037,7.0933383608918925
LS_02699,80.82702016830444,7.086992263793945,2776.545564264166,343.6830469046263,80.82122265657944,7.081200798202975,80.83281792722785,7.092783849390108
LS_02700,80.84910826791418,7.087974548339844,5220.33530028129,563.3432582659077,80.84331081224272,7.082183256004638,80.85490556937904,7.093765769208316
LS_02701,80.84955374002456,7.084453582763672,33297.53101324668,2295.9605195897498,80.84375634036341,7.07866229627696,80.85535099677065,7.090244798506436
LS_02702,80.84776973724365,7.08502197265625,2406.776437627373,325.0133640807304,80.84197241710012,7.07923066532842,80.85356713156082,7.090813211081417
LS_02703,80.847373120925,7.083717346191406,2404.828965976301,233.5221780888575,80.84157606419161,7.0779259055686605,80.85317075503181,7.089508460938258
LS_02704,80.8500150792739,7.077749252319336,4333.080438854541,285.51158876500665,80.84421771652003,7.071958041586236,80.8558121907214,7.083540532375169
LS_02705,80.83507537841797,7.0818328857421875,850.4970834878817,130.05854965552908,80.82927775559156,7.076041367112086,80.840872698141,7.087624221884587
LS_02706,80.844560286578,7.0677947998046875,2412.3720140616756,256.4940548902938,80.83877398266526,7.0619977741450395,80.85036833575077,7.073580397058387
LS_02707,80.84627188806948,7.061845779418945,11501.321988372709,653.1203044264759,80.84047474742334,7.056054364589911,80.85206890783955,7.0676369458958295
LS_02708,80.84799557616171,7.060287981613987,1364.1168025757238,198.38534375142964,80.84219846122001,7.054496677308993,80.85379254008929,7.066079216668862
LS_02709,80.85287380218506,7.058177947998047,3921.8021096487255,229.78256557802456,80.84707672803849,7.052386701637468,80.85867063459655,7.063969122375076
LS_02710,80.84410095214844,7.052814483642578,22353.207354973492,1793.6880933643847,80.83830388410667,7.047023132431794,80.84989786763121,7.058605766024106
LS_02711,80.84751468234592,7.054759979248047,6173.489976952184,562.2694295683017,80.8417176311565,7.048968669223974,80.85331158119378,7.060551220055263
LS_02712,80.83386500700303,7.069917678833008,4692.640517387698,448.87998050235876,80.82806759432789,7.064126201119587,80.8396622620833,7.075709084320529
LS_02713,80.83606112003326,7.060909271240234,2593.1756824237705,272.2707531697654,80.83025082630623,7.055104470052737,80.84184521101713,7.066687299526929
LS_02714,80.83422468800613,7.059965018599936,2405.898628500421,217.22196280751638,80.82842733814452,7.054173547458147,80.84002174341164,7.065756421083778
LS_02715,80.82388085278555,7.06312998881133,6142.0816460638225,551.5269227066121,80.81808336903973,7.057338440855044,80.82967810597081,7.068921565507508
LS_02716,80.83023250102997,7.083806991577148,4207.081906767355,439.22150125648477,80.82443483268263,7.078015422045094,80.83602994362214,7.089598394790512
LS_02717,80.82944665636336,7.07935905456543,3709.6983507344835,388.5624120467578,80.82364092440697,7.073573328396394,80.83523594107804,7.085156320003554
LS_02718,80.81494474411011,7.078145980834961,3813.2848487833594,353.1929414253683,80.8091484337134,7.072343096508279,80.8207437710416,7.083926439727945
LS_02719,80.81501197814941,7.072443008422852,2618.611245028372,236.94491758613717,80.80921396225945,7.066651129027424,80.82080915227823,7.078234469799741
LS_02720,80.81032705307007,7.075359344482422,2880.011820783536,259.1649991527049,80.80453358341127,7.0695599529856725,80.81612896139175,7.081143407586984
LS_02721,80.80897331237793,7.075162887573242,4330.990703450506,321.79713302484475,80.80317553714558,7.069371109069378,80.8147709432081,7.080954596524564
LS_02722,80.80756696065266,7.072511672973633,5628.241240135437,533.0231353730788,80.80176930491218,7.066720031493014,80.81336467712956,7.078303552524344
LS_02723,80.81071891784669,7.056087493896484,205.55217684734745,53.85938831521907,80.80492140180499,7.0502957073890595,80.81651627757564,7.061879149389444
LS_02724,80.8102520942688,7.056222915649414,477.19363470851056,87.24387648717696,80.80445409358964,7.050421651014503,80.81604898387543,7.062005104322337
LS_02725,80.81101036071777,7.055473327636719,2812.710524282834,325.62675759245036,80.80521286220637,7.049681575485833,80.81680771524273,7.061265010344541
LS_02726,80.81167464786105,7.055295944213867,2033.495411913393,222.12661486237533,80.80587714553496,7.0495042318356855,80.81747197798181,7.061087650621304
LS_02727,80.8128752708435,7.054893493652344,996.050930055668,165.07828250536926,80.80707778633338,7.0491017959530335,80.81867257947337,7.06068518567281
LS_02728,80.8122673034668,7.055120468139648,1859.655133652359,212.51348465539746,80.80646984535497,7.049328731960795,80.81806465898957,7.060912136401945
LS_02729,80.8127965927124,7.053863525390625,1056.1911339744179,166.71954485538745,80.80699818289712,7.048054628776604,80.81859295122459,7.059638020251626
LS_02730,80.81242111751011,7.054162979125977,574.198088503543,104.20644828966763,80.80662363987176,7.048371213946763,80.81821842533726,7.059954614518542
LS_02731,80.84005308151245,7.054506301879883,1137.8212397908335,127.96478668310255,80.83425309354841,7.048707271682855,80.84584721824469,7.060290003624853
LS_02732,80.82701241629465,7.05775260925293,1711.0304784715368,245.34004647794222,80.82121509572809,7.051961099533283,80.83280961955678,7.063544147715379
LS_02733,80.82680202932919,7.057273864746094,1239.614686430289,172.29128620540448,80.82100469651496,7.05148226175749,80.83259921323594,7.06306531498146
LS_02734,80.87680578231812,7.054723739624023,2580.4972608903663,190.59785668091618,80.8710091015442,7.0489327850928065,80.88260233729147,7.060514623254888
LS_02735,80.87429523468018,7.054206848144531,8936.170598054849,475.2643351382398,80.86849821919569,7.048415712635176,80.88009150312416,7.05999761203547
LS_02736,80.87255054050021,7.059858322143555,7493.048078875942,614.3380792611842,80.86675372562644,7.054067316880074,80.87834719526374,7.0656492585127335
LS_02737,80.8740005493164,7.060832977294922,2905.310182754568,215.2073332988189,80.86820374779573,7.055041988862404,80.87979720672998,7.066623895079284
LS_02738,80.85283994674683,7.081632614135742,7858.318862513634,507.1221863072317,80.84704261176435,7.075841367752626,80.85863711599912,7.087423789761878
LS_02739,80.85369777679443,7.080558776855469,556.3987968161256,96.93328233234516,80.84790044795385,7.074767541939088,80.85949490387584,7.086349943007125
LS_02740,80.85640621185303,7.082389831542969,19704.373631664672,1107.1263931670899,80.85060883271278,7.076598733319392,80.8622032691445,7.0881810683255635
LS_02741,80.85536204444037,7.084648132324219,5448.024164429613,419.7029604073499,80.84956473852773,7.07885691563843,80.86115925802177,7.090439276145952
LS_02742,80.85464277267457,7.087182998657227,20599.181799350696,1455.7626330414234,80.84884535106083,7.08139182851879,80.86043995276945,7.092974206615178
LS_02743,80.8592940058027,7.084016799926758,1273.1165449781413,137.0148115828104,80.8534967173946,7.078225632059232,80.86509112469386,7.0898078965595985
LS_02744,80.85859565734863,7.085077285766602,796.3067393634036,105.27171525773663,80.85279836524533,7.079286109281232,80.8643928166376,7.090868390833818
LS_02745,80.86268107096355,7.080942153930664,6645.776284444387,438.8712053305091,80.85688395711885,7.0751510285736225,80.86847820331383,7.086733210379223
LS_02746,80.8578610420227,7.077920913696289,6170.518019546566,502.57603310597244,80.85206380058739,7.07212972935794,80.86365808765916,7.083712028846994
LS_02747,80.85918998718262,7.069828033447266,5809.895957606114,330.36362921017235,80.85340038452789,7.064042586830518,80.8649944332295,7.075624853738597
LS_02748,80.85933826343646,7.067851504797739,4622.521506036783,370.61784984262476,80.85354133625566,7.062060451423033,80.86513533113275,7.073642714903271
LS_02749,80.86061382293701,7.06494140625,2596.2569709124773,251.13061162828166,80.85481678739183,7.059150256185036,80.86641067721855,7.070732488608145
LS_02750,80.8604789013724,7.063757209251844,3607.293544679408,329.7406222199004,80.8546818852411,7.057966055820996,80.86627574827928,7.0695482915392205
LS_02751,80.85612869262695,7.058755874633789,5500.908758258053,506.23107635997627,80.85033167488213,7.0529646704239894,80.86192551689311,7.06454701202193
LS_02752,80.87594589820276,7.085092544555664,1782.4275057941934,208.09361742346678,80.87014882066568,7.0793016073133535,80.88174284770265,7.090883464566932
LS_02753,80.88871249132266,7.073345544770763,3917.8751582669615,283.32045312024474,80.88291570756215,7.06755473636444,80.89450912355667,7.0791362819865284
LS_02754,80.88918685913086,7.0689697265625,10449.396400372583,699.751923149403,80.88339014021486,7.063178923731766,80.89498343377358,7.074760458209173
LS_02755,80.89336013793945,7.066476821899414,9644.144346001058,785.7747480739913,80.88756350172685,7.060686070046305,80.89915662994599,7.072267502651519
LS_02756,80.89228944778442,7.064739227294922,1166.0390311730105,152.86791649353054,80.88649282420812,7.0589484629046035,80.89808593471874,7.07052992192683
LS_02757,80.89185506647283,7.067708969116211,2575.893863156947,307.00566401522696,80.88605837673992,7.061918178441121,80.89765157301113,7.073499647746244
LS_02758,80.89495086669922,7.056316375732422,11042.969561893804,621.2573255496951,80.88915437843983,7.050525595063989,80.9007472109493,7.062106990016257
LS_02759,80.88802642822266,7.056768417358398,22319.104428654493,998.3611595021398,80.88222990091565,7.050977600775838,80.89382291425187,7.062559164915162
LS_02760,80.94420521599906,7.085903167724609,8141.459987054571,1028.666380879061,80.93840896095492,7.080113042891522,80.95000132698485,7.0916932202487635
LS_02761,80.94184643889582,7.086507469770986,3522.4521742065426,366.6845156964837,80.93605014722907,7.080717315775166,80.94764258686736,7.09229755128001
LS_02762,80.92070073149667,7.083144675882875,2437.6565304261817,232.7825073317168,80.91490422495811,7.077354260063134,80.92649710223031,7.088935018332644
LS_02763,80.92475395202636,7.08662223815918,1997.0138600631326,186.91766228180882,80.91895743706885,7.080831822907275,80.93055030213677,7.092412480473323
LS_02764,80.911542263248,7.07168279315603,4054.2255332699287,506.6989825788428,80.90574582971932,7.065892284725615,80.91733864313272,7.077473270630792
LS_02765,80.92725009918213,7.078218460083008,2605.143968796526,215.9980536800452,80.92145371954521,7.0724281836308895,80.93304631096562,7.0840087816542985
LS_02766,80.92259772167876,7.072253952740915,2121.1228619469507,180.65933282929325,80.91680138296586,7.066463610466128,80.92839393870351,7.078044324446893
LS_02767,80.93528925455533,7.067541122436523,4847.190608941832,423.7305772504132,80.92949311886063,7.0617508845050345,80.94108524315209,7.073331287175742
LS_02768,80.94425787244523,7.078596115112305,3266.2624376167805,302.58529700646756,80.93846168608735,7.072806017467456,80.95005386692105,7.084386195726698
LS_02769,80.94374370574951,7.077764511108398,1381.4933770082039,178.68202362337786,80.93795183497593,7.0719686572532074,80.94954400735594,7.0835488483590545
LS_02770,80.94463816556063,7.080976486206055,512.87133297989,84.76141802804112,80.93884197612452,7.075186365776956,80.95043420743312,7.086766533919411
LS_02771,80.94379901885986,7.079996109008789,928.5708808299512,121.81616092588969,80.93800282870177,7.07420597809564,80.94959505610235,7.085786167270598
LS_02772,80.94220352172852,7.081253051757813,2988.9347766187525,650.9577624116417,80.9364071889574,7.075462871147717,80.94799948745401,7.087043099373793
LS_02773,80.95728588104248,7.077827453613281,2083.652731351146,206.30287200589237,80.95148990180981,7.0720374765839225,80.96308174084427,7.083617332943267
LS_02774,80.95527458190918,7.078180313110352,1246.3891052467648,145.99884497750256,80.94947856695951,7.072390311506172,80.9610704646774,7.083970217516489
LS_02775,80.95462350209554,7.07847785949707,3135.6898350870106,345.63204114582766,80.94882747019393,7.072687862101233,80.96041939151105,7.084267784120291
LS_02776,80.95549281438193,7.068336486816406,4425.519601015972,406.6932419344312,80.94969680676391,7.062546458911301,80.9612884520562,7.0741263628742885
LS_02777,80.95086116790772,7.06898307800293,17290.79531439532,1191.5189777669555,80.94506519575839,7.063193062749962,80.95665697179932,7.07477308090895
LS_02778,80.95143699913667,7.067920247148375,6715.106161596698,622.8832390008071,80.94564090261777,7.062130263699347,80.95723263775983,7.073710267987164
LS_02779,80.94960443178812,7.068363189697266,10940.592659835622,628.3359205651799,80.9438084707538,7.062573128919679,80.9554002622995,7.074153178308937
LS_02780,80.95109009742737,7.067516326904297,416.06460638831675,80.74843885328765,80.94529201990048,7.061720562122316,80.95688375338705,7.073300575158076
LS_02781,80.93101024627686,7.089305877685546,2796.5845952796453,248.0633914113801,80.92521378480117,7.08351563782405,80.93680656305145,7.095096140326596
LS_02782,80.90681211153665,7.058921813964844,3027.4549226178106,259.2126505651471,80.90102349338261,7.053112186559056,80.91261610033406,7.06469329059734
LS_02783,80.90696303049722,7.05705451965332,1262.080948081581,148.13613717479714,80.90116669309873,7.05126393385009,80.9127592499411,7.0628450346931135
LS_02784,80.90533630664532,7.057455062866211,3617.1097298938134,353.3269678185178,80.899539981214,7.051664416263706,80.91113258803982,7.06324555688668
LS_02785,80.90386127864613,7.0577850341796875,5839.869379523266,589.4489305498612,80.89806488147241,7.051994410432483,80.90965753278309,7.06357558712893
LS_02786,80.91825301637869,7.05509686803981,75852.01493578841,3820.3447041895897,80.91245683847833,7.049306444625603,80.92404906897862,7.0608872690716975
LS_02787,80.91897752191599,7.050737051799054,2473.5162299515855,221.39581183403274,80.91318134782213,7.044946657119619,80.92477345088173,7.0565274647137
LS_02788,80.91847855005508,7.050333023071289,2451.7108423235954,195.537996427021,80.91268239082322,7.0445426160443265,80.92427449596896,7.05612343595604
LS_02789,80.91660705170074,7.05095100402832,6783.234341616463,564.0552217791571,80.91081085639769,7.0451607884680225,80.9224030230101,7.056741654128411
LS_02790,80.91777791976929,7.049278259277344,1974.1645580888098,185.4019700093576,80.91198180006337,7.043487804828874,80.92357389587876,7.055068642132905
LS_02791,80.91691017150879,7.05000114440918,5956.593898413337,425.2275574554584,80.91111405837835,7.044210678069877,80.92270619365765,7.055791536492333
LS_02792,80.91605154673258,7.046607971191406,23973.39268407488,1211.6548759271147,80.91026449032101,7.0408135921872,80.9218565610251,7.052394472112035
LS_02793,80.98410511016846,7.077848434448242,918.1817717859192,121.75983226048295,80.97830945048102,7.0720588022076205,80.98990062432314,7.083637993528496
LS_02794,80.98372438218858,7.078275680541992,2175.583590554272,218.0122915680213,80.97792871121393,7.072486043689062,80.98951990521047,7.084065244280948
LS_02795,80.96024417877197,7.07484245300293,2342.4138689585466,237.0629782401533,80.95444826115387,7.069052514209953,80.96603995199328,7.08063229840474
LS_02796,80.99090801585805,7.068090438842773,12411.031803173373,932.7405180150103,80.98511249070638,7.062300901522281,80.99670325165013,7.073879928277945
LS_02797,80.99123418331146,7.066810607910156,2283.915907889745,292.1100839503789,80.98543875581461,7.061021057992425,80.99702947672077,7.072600077240839
LS_02798,80.99112150404189,7.065635681152344,1256.103468217399,172.391534750198,80.98532610319705,7.059846126948882,80.99691679759859,7.071425149540603
LS_02799,80.94921832614475,7.060537338256836,62141.09747153772,2546.1223215376467,80.94345897560606,7.054724427980637,80.95505057891111,7.0663044884951915
LS_02800,80.94676730212043,7.053806304931641,3604.16212299254,252.3746676975055,80.94097145570078,7.0480162064652125,80.95256295224563,7.059596330382762
LS_02801,80.96388387680054,7.056577682495117,12772.783143995925,972.720547353568,80.95808825129485,7.050787771636479,80.96967939464261,7.0623674724694965
LS_02802,80.96128949252042,7.05534553527832,2213.9744343030734,284.71311421585654,80.95549383170288,7.049555616282447,80.96708500836247,7.061135381623379
LS_02803,80.95921897888184,7.05400276184082,11793.069934948471,988.5906252609026,80.95343093297477,7.048197571445622,80.96502212662976,7.05977738817888
LS_02804,80.96063391367593,7.058506011962891,1560.2714822582072,198.60601690443124,80.95483820617295,7.052716085460822,80.96642947809548,7.064295865855004
LS_02805,80.95971298217773,7.060369491577148,5228.508986386726,332.97584211772426,80.95391724416122,7.05457955393681,80.96550858548694,7.066159356410492
LS_02806,80.95105346043906,7.062229156494141,7672.677122182705,834.0470345591395,80.945257582746,7.056439112285553,80.95684918462872,7.068019127885254
LS_02807,80.95379678408304,7.058677673339844,1863.2649287284692,303.8422870297289,80.94800098975462,7.052887662619333,80.9595924348933,7.0644676117053615
LS_02808,80.95400390625,7.057863235473633,4154.601855396305,349.2337338271397,80.94820811602061,7.052073226976033,80.95979953564691,7.063653171224594
LS_02809,80.95281147956848,7.057258605957031,446.18651997738243,153.76685799695426,80.9470156932614,7.051468582815505,80.95860712718427,7.063048556675011
LS_02810,80.95340410868326,7.054548263549804,1743.1840407481156,230.03548333353632,80.94760843088388,7.048758246751188,80.95919978231123,7.060338206892621
LS_02811,80.95403909683228,7.055461883544922,4441.1847561962195,424.924552237516,80.94822668834887,7.049666174555292,80.95981804724629,7.061246119150377
LS_02812,80.97568925221762,7.050289154052734,7273.661348274275,371.6897784816871,80.96989383513004,7.044499411833638,80.98148452946883,7.056078823423747
LS_02813,80.97507408687046,7.050535202026367,1379.1730510605616,168.30163134959568,80.96927866330277,7.044745461025836,80.98086937899845,7.056324887720695
LS_02814,80.96544753180609,7.070920944213867,2123.920961605,204.98961049924176,80.9596517272687,7.065131079346503,80.97124319088637,7.076710736185333
LS_02815,80.98018278394426,7.082769393920898,2393.803127846445,243.53156666440367,80.97438702487462,7.076979721744572,80.98597841941864,7.088559008383799
LS_02816,80.97585582733154,7.062849044799805,1547.5543930652132,150.91068181556483,80.97006025224724,7.057059307258445,80.98165125597664,7.06863870957687
LS_02817,80.97399139404297,7.07050895690918,4417.324904152958,266.2693629524567,80.96820333076275,7.064709680254628,80.9797945718058,7.076289125451129
LS_02818,80.97228002548218,7.065149307250977,8240.767011834621,733.1566966613625,80.96648437292704,7.05935952620697,80.97807552277763,7.070939016132774
LS_02819,80.97453454562596,7.062564849853516,1001.7982087541777,117.80318353650397,80.96873896396312,7.056775096037072,80.98032999333896,7.068354531186116
LS_02820,80.97300100326538,7.064189910888672,1299.8994096705985,151.10055576140607,80.96720539519687,7.058400138144617,80.97879650319233,7.069979610603608
LS_02821,80.97541671329074,7.060352325439453,2294.073646202674,242.36106801090364,80.9696211603273,7.054562560483789,80.9812121125696,7.066141974697224
LS_02822,80.9817123413086,7.051931381225586,2139.195451564518,197.4272921628015,80.97591697340609,7.046141714031598,80.98750755958172,7.057720975971085
LS_02823,80.96906667947769,7.052936553955078,2134.0388825116793,317.8898245955356,80.96327115358419,7.047146722828476,80.97486207780088,7.058726297015422
LS_02824,80.96916234450323,7.051572799682617,570.8194695917583,216.00283504509264,80.96336682936426,7.045782976812198,80.97495771716333,7.05736254916332
LS_02825,80.96801939997886,7.052614708232333,1379.673101022544,223.77411271228567,80.9622238573247,7.04682487188993,80.97381479939877,7.0584044720701336
LS_02826,80.96010947227478,7.046207427978516,7625.407254318415,558.0678114503035,80.95431388248946,7.040417454208325,80.96590485988338,7.051997251918816
LS_02827,80.98163961481166,7.0582122802734375,3167.622945962945,337.7173336208288,80.97584416972542,7.052422613265208,80.98743491431897,7.064001874300259
LS_02828,80.98251008987427,7.057867050170898,2916.6852392421793,313.0111030313554,80.97671466015744,7.052077393877998,80.98830537455815,7.063656633502424
LS_02829,80.98220787048339,7.059175491333008,603.2328414467802,93.3199039325361,80.97641413680637,7.053376294810963,80.98800489105963,7.064955541316255
LS_02830,80.9839792396083,7.0569000244140625,1252.9288796638448,179.9803759683594,80.97818384100218,7.051110386048657,80.98977449486065,7.06268958970448
LS_02831,80.98624801635742,7.055902481079102,933.5027793052361,147.28166307606176,80.98045265799118,7.05011286252915,80.99204323072304,7.06169201042235
LS_02832,80.98703107833862,7.055820465087891,450.2736937693739,87.2322902572263,80.98123573030705,7.050030864264232,80.99282628157458,7.061609992792664
LS_02833,80.98827819824218,7.056804656982422,973.8293547922347,194.29051600906408,80.98248285473461,7.05101507338423,80.99407339959048,7.062594170562405
LS_02834,80.99376041010807,7.04827880859375,5445.563104152761,384.9168881536532,80.98796524057981,7.042489289370363,80.99955543721829,7.0540682546458955
LS_02835,81.00127922820195,7.0475082473194,4751.309168977521,361.97270320477674,80.99548416094424,7.041718789406394,81.00707432745413,7.053297632121577
LS_02836,81.00103616714478,7.049036026000977,11785.361309083026,782.6436580917228,80.99524107787565,7.043246571768679,81.00683128237692,7.054825407708603
LS_02837,80.99389987521701,7.049802780151367,8172.18493406831,372.0337122881778,80.98810469032355,7.04401326780209,80.99969492140455,7.0555922289014195
LS_02838,81.00458882405208,7.048799514770508,9250.16248773605,835.3586777653361,80.99879378163664,7.043010016129424,81.01038398022065,7.054588940253
LS_02839,81.00894398987293,7.049388885498047,1128.0533344808587,230.90088218664607,81.00314891660044,7.043599334159049,81.01473920791106,7.055178365909759
LS_02840,81.00983344184027,7.049539566040039,1578.3326684116885,274.4112523180777,81.00403835513656,7.043750002662542,81.01562867224811,7.0553290563738225
LS_02841,81.007093556722,7.053167343139648,580.0559577918515,119.07727907655648,81.00129845891045,7.047377814489549,81.01288879835009,7.058956798625174
LS_02842,81.00187707172634,7.062285726459541,15347.979100681845,943.2748596933832,80.99608182765246,7.056496264669635,81.00767236197578,7.068075114990701
LS_02843,81.04539840698243,7.139911651611328,3004.193687060888,232.9741556297897,81.03960172288463,7.134121689353446,81.0511951945539,7.145701591049012
LS_02844,81.04354619979858,7.140495300292969,2727.0928959447533,379.37521904765464,81.0377497442285,7.134705335581767,81.04934318440247,7.146285190848085
LS_02845,81.04387887433404,7.138389485747866,7207.21962343862,875.8402193681333,81.03808216909783,7.132599407478897,81.04967556423404,7.144179271774432
LS_02846,81.04245154062906,7.142972946166992,506.14277758589117,83.24327316813891,81.03665487472387,7.13718299598675,81.04824835030027,7.148762823044868
LS_02847,81.04018878936768,7.142942428588867,2451.670680838051,279.1221863709374,81.03439218765,7.137152541239386,81.0459856058604,7.148732311781272
LS_02848,81.03982416788736,7.143491744995117,982.2657665038712,139.32553635397687,81.03402752258162,7.137701836827798,81.04562094558347,7.14928159805945
LS_02849,81.02257080078125,7.146615982055664,3427.8699455607016,396.18073091451083,81.01677433826148,7.140826281064092,81.02836740804631,7.152405609302174
LS_02850,81.08089256286621,7.1569366455078125,5170.165718113289,467.93598458638377,81.07508761150135,7.151142316227817,81.08668240156294,7.162723097605754
LS_02851,81.18435321384005,7.117040634155273,13170.68422628733,1086.4224276716204,81.17855512548344,7.111248932937855,81.19015144489204,7.122832264904154
LS_02852,81.21524975034926,7.101467132568359,6765.893444445934,688.2675501801164,81.20945145232159,7.095675008627,81.22104812194803,7.107259088293415
LS_02853,81.15476197462816,7.108091354370117,1482.0463332282347,194.97976997275308,81.14896437127706,7.102299983661594,81.16055973742797,7.113882592155795
LS_02854,81.03132748603821,7.086526870727539,1024.9306866428935,146.00031444462746,81.02553167349895,7.08073704866861,81.03712344837994,7.0923166196221334
LS_02855,81.03000545501709,7.08662223815918,976.1663953938913,212.05112797820573,81.0242096696239,7.080832422935449,81.03580141404731,7.092411961035977
LS_02856,81.02969180164249,7.084190368652344,2278.5033454271093,289.1270246364311,81.02385635828979,7.078375782395113,81.03544803230649,7.089955312689264
LS_02857,81.03085570865207,7.085184097290039,3456.030254722544,314.9250597888498,81.02505991756946,7.079377104614091,81.03665164660556,7.090956664386564
LS_02858,81.02971386909485,7.083774566650391,1211.1110193462334,147.7459662599045,81.02391810041573,7.077984753370878,81.03550976615914,7.0895642853508045
LS_02859,81.03061108589172,7.084293365478516,987.9848043316359,148.9353100626864,81.02481531106866,7.0785035520879696,81.03640701211334,7.090083106130024
LS_02860,81.03421650879773,7.080686569213867,33051.00998555324,2467.2655238583006,81.02841796685973,7.074892804775811,81.04000966677825,7.086472449554715
LS_02861,81.03495433478068,7.0770773469102295,4729.920911766993,367.2550071633702,81.02915859902711,7.071287489386992,81.04075022689977,7.0828671538724866
LS_02862,81.03645992279053,7.077669143676758,1896.7657621860717,184.89417802466554,81.03066415850493,7.071879256436461,81.04225583855379,7.083458957999197
LS_02863,81.03462028503418,7.077848434448242,6396.009566582905,462.45018372363336,81.02880632975405,7.072039496738794,81.04039796774626,7.083619152214886
LS_02864,81.0362298488617,7.070095062255859,8726.202930096186,644.9877913186217,81.03043419864039,7.064305176428894,81.04202568312539,7.075884875089782
LS_02865,80.99345821804471,7.078145980834961,1280.2305189162607,218.57090476497333,80.98766267163658,7.072356464792604,80.99925362014176,7.083935423444711
LS_02866,80.99621001879373,7.078800201416016,4281.970986614989,791.0570394676331,80.99041449841425,7.073010719727795,81.00200544470377,7.084589609589252
LS_02867,80.99680455525717,7.071348190307617,10823.188544765746,1084.2545265169754,80.99100913545065,7.0655587142493275,81.00259989572065,7.0771375929256
LS_02868,80.99850130217384,7.0691929363487,6565.04106640397,368.38520401939877,80.99270593037097,7.063403480916011,81.00429663689027,7.074982318451851
LS_02869,80.99868021011352,7.070268630981445,1042.819522323026,125.1902671881938,80.99288482699704,7.0644791779783125,81.00447556034936,7.076058010537181
LS_02870,80.99910366535187,7.070323944091797,2415.4500817600083,274.20819469483075,80.99330828685461,7.064534496348664,81.00489902158843,7.076113318348778
LS_02871,80.99881652044871,7.07177734375,2036.2454922906652,243.8377147275717,80.99302112018594,7.065987892799384,81.00461189117924,7.077566721226368
LS_02872,81.00402069091797,7.06446647644043,2351.8799196246223,244.00566437779128,80.99822544660972,7.058676988511888,81.00981603525707,7.070255891022219
LS_02873,81.00434684753418,7.069185256958008,25254.751528077773,2099.904029288481,80.99855154849423,7.063395766090283,81.0101422547924,7.0749746744353645
LS_02874,81.00232172012329,7.065378189086914,2020.3727720302675,241.68332346430287,80.99652644218517,7.059588721661039,81.00811705357756,7.071167581519908
LS_02875,80.99926130228494,7.049772090514686,979.1355812910617,130.8902313604004,80.99346618167431,7.043982639590071,81.0050564044828,7.055561467791691
LS_02876,81.00177383422852,7.053518295288086,667.5523838456236,100.25873516896392,80.99597869847129,7.047728832203382,81.00756901447551,7.05930768424513
LS_02877,81.00259342193604,7.054681777954102,10598.024938047785,764.6341896650628,80.9967982909128,7.0488923081973756,81.00838863586688,7.0604711800066395
LS_02878,81.00383949279785,7.0575408935546875,3100.2947806129396,240.8989256750117,80.99804433245373,7.051751406260818,81.00963474857046,7.063330307606468
LS_02879,81.00348750164673,7.057325149730417,675.6723920834509,98.49908940448988,80.99769233977422,7.051535666724596,81.0092827505236,7.063114559439105
LS_02880,81.00477390629905,7.055408477783203,9158.358287763183,859.3930198274492,80.99897878882986,7.049618984164193,81.01056915184367,7.061197909716589
LS_02881,81.00704746246338,7.057062149047852,11920.18601350357,535.7235776862246,81.00125231694699,7.05127262192956,81.0128427522052,7.062851603091578
LS_02882,81.00523414611817,7.058570861816406,5732.095048056157,381.28685812425346,80.999438990763,7.052781357486891,81.01102943250528,7.06436029294811
LS_02883,81.0055591583252,7.05718994140625,862.7037584136312,114.97919162512044,80.99976402410334,7.0514004326977355,81.0113544314529,7.062979376880513
LS_02884,81.02939872741699,7.065343856811523,6100.558867334906,456.6988568743894,81.0236031191449,7.059554097696844,81.03519431545976,7.0711336291016496
LS_02885,81.02986827492714,7.064033508300781,8927.416869790995,705.1077814054713,81.02407275846677,7.058243689931752,81.03566393364298,7.069823233473005
LS_02886,81.0241752665861,7.062635606588042,4355.8460852641465,360.19183761984027,81.018379849808,7.05684587756796,81.0299708489761,7.0684252807442425
LS_02887,81.0329262415568,7.058593750000001,1529.0033361765916,173.70936002438629,81.02713075925432,7.052803903105238,81.03872187411713,7.064383524370836
LS_02888,81.03110949198404,7.058336257934571,6462.35860377037,464.72307203767286,81.02532296155047,7.052550248114702,81.03691402533975,7.0641298247892355
LS_02889,81.03310197624072,7.058233543913696,2630.304297927761,237.98608087039278,81.02730652932138,7.052443724373608,81.03889763952846,7.064023350120094
LS_02890,81.03139464060465,7.057706832885742,4340.519015083582,373.13168878466087,81.02559915502704,7.05191700468165,81.03719020982474,7.063496588427889
LS_02891,81.0344470254106,7.057300726427572,1190.4787810813696,139.05479743271837,81.02865153930078,7.051510860439532,81.04024265945587,7.063090519773707
LS_02892,81.03464126586914,7.054780960083008,4466.150808915415,331.10079152115156,81.0288457860883,7.048991091721039,81.04043684806048,7.060570756795023
LS_02893,81.0238435910927,7.047536420287211,6125.401867325568,733.7189782155732,81.0180483561952,7.041746683248025,81.02963897034232,7.053326084421677
LS_02894,81.02136100769043,7.048528671264648,2369.725152587451,269.5730718248525,81.01556579321056,7.0427389693067175,81.02715637067001,7.054318308708229
LS_02895,81.02144321124594,7.05282325160263,3978.636069445504,368.38025437505075,81.01564796411037,7.047033556204797,81.02723865067058,7.058612895837858
LS_02896,81.03811264038086,7.055994033813477,4806.977689884493,603.6172640161998,81.0323171233271,7.050204122356251,81.04390830143087,7.061783872703991
LS_02897,81.01918363571167,7.066234588623047,2863.3369277094653,285.40580237800316,81.01338824110381,7.0604449237763465,81.02497920637666,7.072024201765426
LS_02898,81.02118861076428,7.063309376573791,4649.1677226540905,333.4068098460767,81.01539321101234,7.057519675640514,81.0269841529618,7.0690990045619575
LS_02899,81.02169435674494,7.063135147094727,2684.6347443040613,270.5064798398218,81.01589895052777,7.057345434785363,81.02748990066722,7.068924776309102
LS_02900,81.02069196659428,7.061884789559278,3009.3729043730705,318.05608601612414,81.01489659230306,7.056095094526568,81.02648748636236,7.067674411745791
LS_02901,81.01993370056152,7.063470840454102,4417.034727458738,405.4229263438373,81.01413831559519,7.057681158898668,81.02572923045263,7.069260456658531
LS_02902,81.02060879601373,7.066160202026367,3103.9695993534247,433.21379714061226,81.01481336901128,7.060370508921348,81.02640436778981,7.071949822270667
LS_02903,81.01133304795408,7.051107406616211,1108.6845311831023,175.18916551023244,81.00553792343865,7.045317825025783,81.01712831675152,7.056896915160629
LS_02904,81.01080894470215,7.057394027709961,1326.4775401958452,158.04431674638573,81.0050137532194,7.0516044490938885,81.01660429011037,7.063183523375633
LS_02905,81.01284472147623,7.058668136596679,980.0434253952097,191.0929226499404,81.00704949545339,7.052878538260313,81.01864011461501,7.064457662430243
LS_02906,81.01174640655518,7.058843612670898,1088.9465759099617,144.49952177148626,81.00595117870552,7.053054031165208,81.0175417749863,7.064633128027833
LS_02907,81.01122152805328,7.060161590576172,1900.4770190677605,250.86273766190126,81.00542629219782,7.054372012359726,81.01701690830396,7.065951095608047
LS_02908,81.02871131896973,7.078279495239258,833.5311295542763,109.62988489577988,81.0229137329081,7.072482074739859,81.0345052357665,7.0840615839710335
LS_02909,81.02788305282593,7.0773468017578125,1819.6664179295933,421.26376673246847,81.02209737239299,7.071553206358684,81.03368883171282,7.083132695712422
LS_02910,81.02569372757621,7.060869216918945,2230.381748094069,226.79949293100327,81.01989831467812,7.055079450736609,81.03148930734481,7.066658892224578
LS_02911,81.02769413259294,7.059505462646484,4332.773561439986,459.39196882361296,81.02189869882778,7.05371568029405,81.0334897069709,7.06529517182811
LS_02912,81.02830076217651,7.052532196044922,9944.37765500583,420.0212586382471,81.02250539621596,7.04674243207244,81.03409624522929,7.058321941372537
LS_02913,81.03791813850403,7.051624298095703,8373.800024001202,580.9340140439127,81.03212267267763,7.045834388460561,81.04371373672933,7.057414135587807
LS_02914,81.0373789469401,7.051082611083984,3018.1710229996647,322.4333144782377,81.03158350219029,7.045292702111397,81.04317453938772,7.056872436131066
LS_02915,81.03618741035461,7.050333023071289,1920.0594838160641,173.20186577180547,81.03039199688334,7.0445431198141675,81.04198298592199,7.056122824706662
LS_02916,81.0350546836853,7.0468597412109375,1851.2297725459007,205.59159776668804,81.02925931597785,7.041069865737023,81.04085019030326,7.052649543966514
LS_02917,81.03383731842041,7.045246124267578,448.7737127012167,81.35714215744856,81.02804802540287,7.039448634179449,81.03963882935305,7.051028283134516
LS_02918,81.03622508049011,7.046161651611328,783.0428886973541,115.33772544487573,81.03042971183383,7.040371752326314,81.04202059762603,7.051951459681282
LS_02919,81.03573060035706,7.046298980712891,291.18705205115754,74.4104315909857,81.02993523355373,7.040509096881646,81.04152611056779,7.052088791990868
LS_02920,80.70048634211221,6.951122283935547,13412.01738957482,473.9035504759708,80.69468879483291,6.945328993547116,80.706283611288,6.956915017906019
LS_02921,80.70324579874674,6.961812973022461,1466.092644716973,227.08656669187985,80.6974482277679,6.956019919172582,80.7090432529562,6.967605884849665
LS_02922,80.70274194081625,6.957555770874023,6178.328788566085,399.911645804225,80.69694439184435,6.951762624664392,80.70853931994277,6.963348599801508
LS_02923,80.70244920253754,6.955066680908203,2067.7163639129076,186.491386621903,80.69665168980576,6.949273657157954,80.70824656112126,6.960859637774261
LS_02924,80.70107936859131,6.956638336181641,2596.0990499807563,307.2981312271904,80.695279891485,6.950841479945671,80.706874835037,6.962427493553114
LS_02925,80.71025186033103,6.945306777954102,1738.0268417038915,169.93865330159554,80.70445457237645,6.939513849131671,80.71604901166549,6.95109964180466
LS_02926,80.71051216125488,6.946155548095703,1627.6701852861527,174.88670268390183,80.70471485509151,6.9403626226294435,80.71630930993004,6.951948409655904
LS_02927,80.71078519387679,6.9471282958984375,1391.8555436100426,190.7715178027666,80.70498786716222,6.941335374694713,80.71658234041514,6.952921155839789
LS_02928,80.70969278672163,6.947351455688477,908.4152759693154,148.448068894945,80.70390099919915,6.941573726971422,80.71549550400037,6.953159533690501
LS_02929,80.69972610473633,6.944972991943359,825.7003647443935,114.0990885139762,80.69392869533023,6.939179939605785,80.70552337246858,6.950765978281105
LS_02930,80.74385468165079,6.954128265380859,1113.195670948232,132.01284414348373,80.73805255706664,6.948326190636388,80.74964643112904,6.959911198452944
LS_02931,80.74001095357019,6.951135766127286,3641.3236936105122,301.7845071788924,80.73421396267408,6.945343183242223,80.74580785137064,6.956928280203228
LS_02932,80.74027296475002,6.949565887451172,2928.4206786768477,212.66277844051243,80.73447600457315,6.9437733092610845,80.74606984720019,6.955358399393823
LS_02933,80.7397301197052,6.939876556396484,2838.028069547,248.1244828957856,80.73393302939368,6.934083976436757,80.7455266387334,6.945669075241047
LS_02934,80.82184278106948,6.9100002510763705,6111.561156664483,644.9673991590181,80.81604738904906,6.904208570842009,80.82763830794497,6.915791724413236
LS_02935,80.8333067771716,6.913684844970703,69172.43096594642,3986.4019609492657,80.82751134502615,6.907893369662573,80.83910208394752,6.91947625189013
LS_02936,80.96232562564728,6.953288012248986,7038.0840699002865,508.2120337586603,80.95653123476019,6.947498088154048,80.9681198526842,6.959077864598631
LS_02937,80.9596036275228,6.951744079589844,3664.4568532498815,397.555450242214,80.9538377079605,6.945948440239603,80.96542635327079,6.957528282744479
LS_02938,80.95954442024231,6.948356628417969,1281.6448089490666,140.07999522083887,80.95375006935922,6.942566669790621,80.96533863349514,6.954146515597404
LS_02939,80.9597019468035,6.938924789428711,4585.756270731129,446.2201879701421,80.95390770896655,6.933134831363161,80.96549603714652,6.944714676605389
LS_02940,80.95885467529297,6.938331604003906,8087.814767852408,530.3079833081231,80.95306043742872,6.932541635599917,80.96464877159725,6.944121501608735
LS_02941,80.95754423508276,6.9393463134765625,3338.558915131513,281.14997221289644,80.95174996091686,6.93355632828955,80.96333835186853,6.945136225752175
LS_02942,80.95602631568909,6.941303253173828,2196.7319182517917,273.8916612537778,80.95023200459849,6.935513250928775,80.96182048056977,6.947093184568527
LS_02943,80.95597076416016,6.940868377685547,1360.8304434089466,165.3777727755815,80.95017644483457,6.935078389742863,80.96176491145121,6.946658324875713
LS_02944,80.95578022003174,6.9405059814453125,474.016438323287,82.7541022539617,80.9499859177618,6.934715975914019,80.96157438008461,6.946295915790389
LS_02945,80.96053641637167,6.933433532714844,7842.575965219863,418.778639877562,80.95474232964881,6.927643526619674,80.96633050257594,6.939223353518467
LS_02946,80.95451927185059,6.938510894775391,1799.0488144842113,243.66059260314,80.9487363840033,6.932715171483349,80.96032482741573,6.9442951423304535
LS_02947,80.95303541819254,6.935752868652344,5981.9057118987985,564.5803909131429,80.94724115363857,6.92996281252382,80.95882956559826,6.941542820516296
LS_02948,80.9531547516327,6.934692265502653,1312.9987725193032,143.48251828749918,80.94736049814621,6.928902242969908,80.95894888111772,6.940482248412266
LS_02949,80.96543474095543,6.950804176903581,721.9395179849491,98.32932597766963,80.9596404316592,6.945014298825566,80.9712289127059,6.956594000515038
LS_02950,81.01296019554138,6.950733184814453,3278.949487122011,301.22988219724397,81.00716629436519,6.944943556115239,81.01875424671441,6.956522731280276
LS_02951,81.01432580947876,6.952539443969727,4020.0191647285224,359.7780921922613,81.008537722984,6.94674217498332,81.02012575298438,6.9583213828356305
LS_02952,81.05648040771484,6.950689315795898,2712.278159588324,443.5363214425265,81.05068597673478,6.944899170455285,81.0622749877691,6.956479404598416
LS_02953,81.05721855163574,6.952508926391602,2604.3163835826326,294.2074143497152,81.05142408560768,6.946718755410309,81.06301315950171,6.958299006933389
LS_02954,81.06024174690246,6.944976806640625,8356.65805272369,532.0180828091563,81.05444733673683,6.939186607706269,81.06603629796668,6.9507669346363485
LS_02955,81.39784248669943,6.862627029418945,43619.35114226188,1217.8846125875127,81.39205092580795,6.856829070235757,81.40364574851736,6.868417297460106
LS_02956,80.9472427368164,6.911970138549805,12124.965370256257,534.2630395641435,80.94144868245412,6.906180025489041,80.95303665018749,6.91776018097873
LS_02957,80.98191952187227,6.8956495665484425,4844.5355843126545,277.2251658032101,80.97612608321066,6.889859869367723,80.98771281336309,6.901439192740006
LS_02958,80.95602416992188,6.892698287963867,4660.303034215302,343.54904986501623,80.95023048640273,6.886908277751923,80.96181777026075,6.898488227547612
LS_02959,80.86290862825182,6.895292282104492,4986.947833679827,330.04839020378944,80.85711381745054,6.889501159250491,80.86870339537249,6.901083337421479
LS_02960,80.84861119588217,6.90864372253418,2804.8511098332765,281.7113747396542,80.84281598602395,6.902852428878914,80.85440623557669,6.914434947222449
LS_02961,80.82215277353922,6.905435562133789,3165.994055149555,379.86740302679516,80.81635725685898,6.899643914597658,80.82794805443416,6.911227060202645
LS_02962,80.83480357422548,6.896663665771484,9729.174922110466,439.08592420873225,80.82900835044065,6.890872209577339,80.84059862971313,6.902455054678891
LS_02963,80.8335587978363,6.897834777832031,1130.7286720740208,166.4368388325176,80.82776357256013,6.892043337532962,80.83935391047619,6.903626212223225
LS_02964,80.83448305130005,6.897212982177734,793.9545920649276,157.0586741374361,80.82868781616413,6.891421521295707,80.84027811670227,6.903004374039595
LS_02965,80.83903646469116,6.893306732177734,1054.8523266716302,160.72148087591717,80.83323944556558,6.887507696152146,80.84482954089493,6.89909044076289
LS_02966,80.84073077307806,6.892890930175781,2153.069988194865,241.1338759133139,80.83493567605554,6.887099505678793,80.8465257210379,6.898682210082352
LS_02967,80.84029706319174,6.890583038330078,12230.875659389374,699.6684423000834,80.83450202066415,6.884791727080634,80.84609201858278,6.896374441582533
LS_02968,80.84459199177516,6.88894752035158,5405.0390701019605,443.9691883496665,80.83879710520684,6.883155916523956,80.85038696071902,6.894738529194984
LS_02969,80.83507061004639,6.891574859619141,3438.9690148547393,292.4886350438238,80.82927538423083,6.8857835437553,80.84086553059721,6.897366382058293
LS_02970,80.83398426280303,6.895307540893555,1037.5209536584548,171.24563586358772,80.82818905227668,6.889516050669832,80.83977931721326,6.901098915039469
LS_02971,80.8346540927887,6.895408630371094,1446.8952775523837,139.43306987001543,80.82885890627125,6.889617172108617,80.84044915785573,6.901200020630109
LS_02972,80.82992716480915,6.894256591796875,3864.7677565616605,517.0004772103596,80.82413193645124,6.888465076824206,80.83572227129774,6.900048037088524
LS_02973,80.83096059163412,6.892234802246094,3061.133340582866,342.2196377985544,80.82516205125687,6.886431856180805,80.8367523111204,6.8980147918575385
LS_02974,80.82477974891663,6.893764495849609,446.78632227719476,83.66976702874109,80.81898445032463,6.887972920967797,80.8305748947024,6.899556002880669
LS_02975,80.82606983184814,6.893510818481445,10033.863509440795,1115.6532655848864,80.82027455929392,6.8877192584082625,80.83186496684095,6.899302309795901
LS_02976,80.78053555995858,6.888136729374578,3129.196780983337,308.7877535986492,80.7747397936791,6.882344580996715,80.78633113991084,6.893928703515939
LS_02977,80.77979278564453,6.887975692749023,1524.3246927441105,162.4283449526667,80.773997063267,6.882183644645958,80.78558842289996,6.893767784540405
LS_02978,80.77783718109131,6.910163879394531,3415.2247665565337,275.1450713306012,80.7720411931452,6.904371665839461,80.78363315550097,6.915955858109597
LS_02979,80.77632293701171,6.907144546508789,1941.363468431159,227.83291480579425,80.7705269198899,6.901352354507098,80.78211884199594,6.912936581496417
LS_02980,80.7702245011049,6.8908233642578125,721.5494838021465,117.6327632463083,80.76442860997665,6.8850311487103495,80.776020265447,6.89661551377476
LS_02981,80.76953053474426,6.89085578918457,1277.6403779530106,135.15683718555786,80.76373461434753,6.885063564744257,80.77532628690132,6.896647946078652
LS_02982,80.76053352355957,6.89207649230957,1054.5095862358964,240.35494258623586,80.75473749845345,6.886284162368338,80.76632941245406,6.897868754773583
LS_02983,80.75732044309203,6.892580032348633,1006.9686740507478,233.0691004190886,80.75152437188734,6.8867876651620685,80.7631163737656,6.898372332920382
LS_02984,80.75681757926941,6.892599105834961,1369.7864916730286,176.77090445347994,80.75102150487373,6.886806733121142,80.7626135190009,6.898391412648269
LS_02985,80.75495052337646,6.893869400024414,4609.187913169145,661.9146396265344,80.74914773255527,6.888063653370312,80.76073982214872,6.8996483771862405
LS_02986,80.75392525536674,6.89399528503418,10167.150567796281,1110.7135842141906,80.74812912779083,6.888202877873584,80.75972124472258,6.899787625561732
LS_02987,80.72764921188354,6.875530242919922,1569.073885493614,192.66436994449813,80.72185297615054,6.869737467439195,80.73344524093302,6.8813228196437555
LS_02988,80.74282196684,6.8720119813998926,5391.102043842516,381.77476823562085,80.73702598959122,6.866219449532664,80.74861781294815,6.877804447460758
LS_02989,81.28516781951282,6.852880987994729,1897.3484057584171,179.23802295937716,81.27937192623011,6.847088137093956,81.29096391795659,6.858673774986865
LS_02990,80.95189247131347,6.859888076782227,3751.7939476843685,231.03973152546268,80.9460991072024,6.8540979854602435,80.95768569023635,6.865678045091088
LS_02991,80.84161631228963,6.854281253840542,2072.6562955920595,229.7397072344887,80.83582174411104,6.848489918417416,80.84741081145224,6.860072599054997
LS_02992,80.67655112526634,6.812318801879883,3054.593432287796,223.3365908663856,80.67075499336566,6.806525335099428,80.68234684448119,6.818111828227065
LS_02993,80.84182825922144,6.812959476605112,642.3348029874222,94.21326108154864,80.83603416724553,6.807168106548652,80.84762221173366,6.81875077912657
LS_02994,81.04041116887873,6.821775436401367,4870.805236720024,410.5969540862722,81.034618496247,6.81598546824357,81.04620397075954,6.827565356211996
LS_02995,80.86790943145752,7.369125366210938,691.5146975090953,106.37200914571935,80.86210853932307,7.363334308902483,80.87371013753605,7.374916350175075
LS_02996,80.86705732345581,7.370903015136719,4580.312724492399,395.7203041296693,80.86125641831062,7.365111946623579,80.87285808532445,7.3766940094895705
LS_02997,80.86621761322021,7.369832992553711,361.7353323994658,70.78849415568739,80.86041670118891,7.364041913748847,80.87201836126879,7.375623998039759
LS_02998,80.87023989359537,7.372343063354492,1694.9532406210478,265.6259524472587,80.8644390099171,7.366552035111631,80.8760406338973,7.378134016860379
LS_02999,80.86709894452775,7.372674942016602,18056.921750932335,1427.8116740327025,80.86131598512284,7.366870522428949,80.87291769720245,7.378452583687004
LS_03000,80.86147975921631,7.371835708618164,969.0917279214327,137.11298652348103,80.85567872057686,7.366044522971625,80.86728055447126,7.377626727724651
LS_03001,80.8604492914109,7.373573303222656,2310.7385729206744,244.25410036437265,80.85464824739735,7.367782151041789,80.86625015362354,7.379364381954895
LS_03002,80.86052703857422,7.372661590576172,1174.7676283658336,143.88371794321552,80.8547259590023,7.366870503451472,80.86632783907288,7.3784527324142575
LS_03003,80.8637638092041,7.372291564941406,701.4521911927811,99.70277217301383,80.85796284000448,7.366500454717177,80.86956462777258,7.378082601341217
LS_03004,80.86294746398926,7.373651504516602,219.2586632035635,65.05553364496943,80.85714646634636,7.367860399106416,80.86874831097374,7.37944256645211
LS_03005,80.85805225372314,7.375329971313477,1353.3629600086083,149.2257942539176,80.85225119170435,7.3695387888769295,80.86385320561148,7.381121080723393
LS_03006,80.85881868998209,7.3759822845458975,999.5306529733621,125.9816872432818,80.85301756143853,7.3701911104878075,80.86461957312534,7.381773382823725
LS_03007,80.85813570022583,7.3766021728515625,2059.864684401285,252.1996666044977,80.85233459053222,7.3708109912675095,80.86393663607481,7.382393280965753
LS_03008,80.85385806401288,7.3675881612793965,1117.4930650855117,145.30476782138803,80.8480570657104,7.361796888608505,80.85965898101702,7.373379287154913
LS_03009,80.85492467880249,7.369382858276367,583.6599898741508,90.7823914736395,80.84912363172793,7.363591635576318,80.86072556750005,7.375174007018417
LS_03010,80.8534164428711,7.369428634643555,459.6489007709839,85.67273878541113,80.84761537990427,7.363637368585022,80.85921735526834,7.37521977834034
LS_03011,80.85381305918975,7.370038986206055,2287.4999020220944,267.2293465107995,80.8480119680547,7.364247780043603,80.85961394952213,7.375830179721942
LS_03012,80.87705421447754,7.37708854675293,2974.3462974389336,247.12912566092973,80.87125526343829,7.371289976468436,80.8828568388199,7.382871784112336
LS_03013,80.87476658821106,7.379228591918945,1256.6817816683508,154.27350892521665,80.86896567914165,7.373437590707122,80.88056736990463,7.385019456580211
LS_03014,80.87563877105713,7.377529144287109,9073.136727754048,766.2513348678901,80.86983795448387,7.371738141265375,80.8814395779479,7.383319985025364
LS_03015,80.8818563338249,7.379243850708008,8445.426196308323,652.451589334196,80.87605553524816,7.373453008278602,80.8876570451549,7.385034693197972
LS_03016,80.88136839866638,7.384086608886719,357.10771669595164,75.65915422789202,80.87556963693794,7.3782900012586214,80.8871712873327,7.389871698088405
LS_03017,80.88070598244667,7.381107330322266,8861.888096121163,928.3327460757315,80.874905108193,7.375316456781399,80.88650669685377,7.386898170888094
LS_03018,80.88118648529053,7.3819580078125,473.03902518212635,86.53592316096473,80.87538561494405,7.3761671423533075,80.88698721383422,7.387748844101728
LS_03019,80.8794641494751,7.384189605712891,2279.4356500004496,264.47497214730765,80.87366318636433,7.3783987186950535,80.88526488842798,7.389980464218703
LS_03020,80.87589339576508,7.388118071472171,2720.629615446059,237.03478595323068,80.8700924028034,7.382327017928491,80.88169430035774,7.393908854312613
LS_03021,80.87644052505493,7.387577056884766,1800.7045810205202,183.76365086628007,80.87063950612999,7.381786108127263,80.88224137534132,7.393367930581457
LS_03022,80.87588453292847,7.386768341064453,1966.6112969646636,216.33801322794778,80.8700836021482,7.380977386135161,80.88168546414153,7.392559222857352
LS_03023,80.88386631011963,7.389581680297852,5617.6088535732015,464.67109715833095,80.8780654341601,7.383790695855475,80.88966716634948,7.395372328290442
LS_03024,80.87790813446045,7.387199401855469,4617.781476572376,394.31183399416545,80.87210718576796,7.38140842096515,80.88370900740607,7.392990205957678
LS_03025,80.87931227684021,7.387340545654297,45347.19065985739,2998.1229129926865,80.87351071457535,7.381549004459595,80.88511250401434,7.393130753576227
LS_03026,80.88517384095626,7.392116546630859,22491.966424324484,1941.8181698347003,80.8793728791614,7.38632569530561,80.890974645011,7.397907293999264
LS_03027,80.82481575012207,7.358299255371094,2996.942745093038,249.63369457535137,80.81901441632571,7.352507652983551,80.83061682175467,7.364090786679341
LS_03028,80.82540565066867,7.364065170288086,827.7883860537387,121.24374895494232,80.81960429972428,7.358273540119263,80.83120684359984,7.369856659458752
LS_03029,80.81855964660645,7.365726470947266,485.13138615575133,81.33881199365055,80.81275819065159,7.359934788250508,80.82436095207022,7.37151808078484
LS_03030,80.83729501089613,7.379945557075866,861.5928746669005,116.20609703486947,80.83149356475332,7.374154109025007,80.84309622966184,7.385736928359064
LS_03031,80.83659377098084,7.379955291748047,1260.9447041353972,148.84026691318522,80.83079235189612,7.374163836599956,80.84239503488999,7.385746673730121
LS_03032,80.83737831115722,7.381568908691406,1050.2064317818374,160.2773786185645,80.83157690548401,7.375777463026193,80.84317961150103,7.387360280328201
LS_03033,80.84438451131186,7.392374038696289,2743.9976891620677,206.19295161502052,80.83858311334727,7.386582554237878,80.85018592880951,7.398165193880372
LS_03034,80.83439131874127,7.3927927342659085,1180.4390485035683,145.44697667681945,80.82858974390888,7.387001200286903,80.84019282512311,7.398584094090481
LS_03035,80.84169960021973,7.385923385620117,490.0796043342682,83.51182632948606,80.83589816874598,7.3801320260893215,80.84750088077779,7.391714733816944
LS_03036,80.83503079414368,7.385677337646484,585.7705401780853,100.09869093116141,80.82922928613813,7.379885862115509,80.84083216132113,7.391468739246477
LS_03037,80.7972960472107,7.3776702880859375,9389.221310853636,656.8821018852973,80.79149421393707,7.3718782339827005,80.80309783200595,7.383462065205029
LS_03038,80.79539314905801,7.377714157104492,4884.307338191683,525.6494776264003,80.78959124216196,7.371922181308963,80.80119490949444,7.383506060544653
LS_03039,80.79689900080362,7.382059097290039,806.5427984565832,121.89608236605135,80.79109707503595,7.376267140494922,80.80270082062934,7.387850982582797
LS_03040,80.8031188249588,7.354804992675781,1112.413164395872,148.7279231090871,80.79731731039104,7.349013116773654,80.80892017078729,7.360596797088708
LS_03041,80.79272409585806,7.357791900634766,582.1695955866691,100.104033172687,80.78692240699422,7.351999894836803,80.79852560902015,7.363583837226777
LS_03042,80.85596636961088,7.400127751775648,2391.977054536281,210.27985364755682,80.85016499378648,7.394336617930612,80.86176772015637,7.40591896248191
LS_03043,80.85707887013754,7.399471282958984,9185.802604251256,866.2580382077056,80.8512776058863,7.393680432784463,80.8628802863413,7.405262748956175
LS_03044,80.8523907104096,7.399995803833008,12902.946326841224,1066.0436975098319,80.84658922636325,7.394204549124833,80.85819204059392,7.405786984894511
LS_03045,80.85308170318604,7.40916633605957,7420.399088589962,820.6047950077764,80.84728010035094,7.403375090323154,80.85888314140722,7.414957508423153
LS_03046,80.87238693237305,7.419927597045898,1259.142993998451,154.5192038916417,80.86658546084843,7.414136556362261,80.87818829388077,7.425718479993037
LS_03047,80.87785148620605,7.417934417724609,841.9765294328417,110.0881933147864,80.87205009064726,7.412143488599934,80.88365273017583,7.423725272228357
LS_03048,80.8786985874176,7.4179534912109375,5136.446269436202,473.48892271887155,80.8728972307002,7.412162603723839,80.88449984896229,7.423744365614612
LS_03049,80.90817952156067,7.14471435546875,1255.363290049445,201.9955280542843,80.90238206956721,7.1389237757832635,80.9139768198393,7.150504831339373
LS_03050,80.90948306430471,7.139806747436523,7243.25970217956,664.8242028308916,80.903685682628,7.134016198490612,80.91528027533934,7.145597222607882
LS_03051,80.90582055311937,7.136035919189453,8551.730201116145,1052.5826370839081,80.90002318726614,7.1302453252416536,80.91161777470208,7.141826440795991
LS_03052,81.01475286483765,7.1620216369628915,4659.271425530146,401.7133781536657,81.00895630899676,7.156232042360695,81.02054957199157,7.16781116763046
LS_03053,81.02542736416771,7.156360626220703,5047.9581451920585,484.95000035621223,81.01963074540015,7.150570885568922,81.03122413347467,7.162150281362956
LS_03054,81.0350104967753,7.1516571044921875,2322.1387526528497,272.21211869531504,81.02921381625984,7.145867248869797,81.04080732561124,7.157446886679351
LS_03055,81.08585279638118,7.152473449707031,6611.527699648554,617.3573471219303,81.08005552314366,7.146682993328442,81.0916503230929,7.158263899213304
LS_03056,80.76676359176636,6.924915313720703,1468.1444043825945,201.42305541534327,80.76095998499555,6.9191194109032095,80.77255257966638,6.9307038685180045
LS_03057,81.01934719085693,7.030845642089844,5878.382540693607,492.6802565694454,81.0135522218994,7.025055943311062,81.02514230950483,7.03663524045196
LS_03058,81.02808570861816,7.029270172119141,95.40757286514628,36.310715450456264,81.02229064832318,7.023480382019505,81.0338809123562,7.035059895205731
LS_03059,81.02842140197754,7.029230117797852,275.56269050498423,66.85501461080607,81.02262062287886,7.0234365061919615,81.03421089395553,7.035016027523002
LS_03060,81.0177993774414,7.029541015625,6086.536587591591,389.98392964379406,81.01200443613884,7.023751349574698,81.02359445311218,7.035330609092153
LS_03061,81.01901078224182,7.029266357421875,5107.502564638679,451.0408826972511,81.01321582714786,7.023476703945723,81.02480586720682,7.035055993461321
LS_03062,81.02795028686523,7.029092788696289,573.8669919429044,90.8919105064022,81.02215523044411,7.0233029974925705,81.03374548672576,7.034882507413271
LS_03063,81.01820500691733,7.02900505065918,774.6316280292416,112.49520909980936,81.01241007091801,7.023215379474771,81.02400008459256,7.034794649228422
LS_03064,81.02904510498047,7.0292205810546875,4014.047834071669,364.7805705924225,81.02325002520102,7.023430776198861,81.03484031165127,7.035010313033696
LS_03065,81.0275514125824,7.028636932373047,4303.740391743877,311.0628300471017,81.02175637271728,7.0228471700532005,81.03334660782694,7.034426670329846
LS_03066,81.01599597930908,7.028385162353516,4693.367085907713,443.5793095527487,81.01020107915333,7.022595514939352,81.02179102288945,7.0341747304689015
LS_03067,81.01921577453614,7.027790069580078,3427.5759586945464,284.39678763201766,81.01342084479448,7.022000399637969,81.02501085323911,7.033579694837978
LS_03068,81.01568953196207,7.027162551879883,665.3684718095944,111.28948098004436,81.00989465051445,7.021372911279732,81.02148455632909,7.032952119784232
LS_03069,81.0155086517334,7.026754379272461,95.6745627019406,36.51877470047053,81.00971377782051,7.020964740795564,81.02130366903675,7.032543945017102
LS_03070,81.01402759552002,7.026405334472656,970.7821369087558,123.68426701234226,81.00823274422015,7.02061570881273,81.0198225902032,7.032194876652041
LS_03071,81.01550277074179,7.025857925415039,4700.143736990403,420.85830360742904,81.00970790591239,7.020068286778916,81.02129777473228,7.031647491248464
LS_03072,81.01553583145142,7.024375915527344,4996.243970573784,346.6512338873471,81.00974098543529,7.0185862730419375,81.02133081829217,7.030165478976528
LS_03073,81.01731357574462,7.022127151489258,14357.548777043008,1171.1251671525,81.0115187413958,7.016337486613955,81.02310856231733,7.027916737351158
LS_03074,81.01937212262834,7.018587112426758,23128.866478596985,1218.0050453146275,81.01357301032586,7.0127840639317665,81.02516279373981,7.024363366796003
LS_03075,80.95275783538818,7.015220642089844,11021.321885472904,531.9024654724793,80.94696264731483,7.009430612188325,80.95855303287114,7.021010601163496
LS_03076,80.89612579345703,7.012519836425781,6275.019658900587,436.2021284508679,80.89034318779198,7.006727207999696,80.90193488903724,7.018308579582447
LS_03077,80.8981430053711,7.006597518920898,1273.6752306884268,143.74735918263536,80.89234718580475,7.000806821579636,80.90393868988615,7.012388145253774
LS_03078,80.89819240570068,7.005832672119141,1944.7631959583277,197.44398176659928,80.89239755021804,7.000036253480236,80.90398903376827,7.011617576035385
LS_03079,80.89941024780273,7.020925521850586,4325.763757873467,329.8844714844133,80.89361425987052,7.015134841024085,80.90520609246543,7.026716131909948
LS_03080,80.8993124961853,7.018800735473633,3129.1616634077486,360.3465569626704,80.89351653616869,7.013010053173955,80.9051083178114,7.024591346736874
LS_03081,80.89985084533691,7.01817512512207,382.9727629133329,73.00791866339233,80.89405489731688,7.012384449403368,80.90564665014655,7.023965729952858
LS_03082,80.89863562583923,7.016704559326172,1347.1162220433905,215.87434111228708,80.8928396819805,7.010913868683377,80.90443142750524,7.022495179006472
LS_03083,80.8990867137909,7.016155242919922,96.38766520471972,36.58525395024203,80.89329078307011,7.010364557929195,80.90488250382904,7.021945857354625
LS_03084,80.90658577283224,7.0438232421875,2435.7563323148693,288.7980270297514,80.90078958306312,7.038032650429041,80.9123818159194,7.049613762731054
LS_03085,80.9145770072937,7.043651580810547,4325.820830255027,378.2776260290691,80.90878093510182,7.03786108705682,80.92037296795556,7.0494420038918415
LS_03086,80.91525840759277,7.0428466796875,668.9901064677351,122.4796786012001,80.90946232474684,7.037056194182308,80.92105432067906,7.0486370944968595
LS_03087,80.89941024780273,7.020925521850586,4325.763757873467,329.8844714844133,80.89361425987052,7.015134841024085,80.90520609246543,7.026716131909948
LS_03088,80.8993124961853,7.018800735473633,3129.1616634077486,360.3465569626704,80.89351653616869,7.013010053173955,80.9051083178114,7.024591346736874
LS_03089,80.89985084533691,7.01817512512207,382.9727629133329,73.00791866339233,80.89405489731688,7.012384449403368,80.90564665014655,7.023965729952858
LS_03090,80.89863562583923,7.016704559326172,1347.1162220433905,215.87434111228708,80.8928396819805,7.010913868683377,80.90443142750524,7.022495179006472
LS_03091,80.8990867137909,7.016155242919922,96.38766520471972,36.58525395024203,80.89329078307011,7.010364557929195,80.90488250382904,7.021945857354625
LS_03092,80.90744113922119,7.024419784545898,95.76410619544734,36.472926242999954,80.90164520533173,7.0186292108709445,80.91323692976974,7.0302103055449745
LS_03093,80.90654730796814,7.024238586425781,4126.831052674712,388.47686977578934,80.90075136821633,7.018447985772681,80.91234310992226,7.03002910227154
LS_03094,80.90744113922119,7.024419784545898,95.76410619544734,36.472926242999954,80.90164520533173,7.0186292108709445,80.91323692976974,7.0302103055449745
LS_03095,80.90654730796814,7.024238586425781,4126.831052674712,388.47686977578934,80.90075136821633,7.018447985772681,80.91234310992226,7.03002910227154
LS_03096,80.97311687469482,7.044681549072266,2262.9695179258156,211.50956488632798,80.967336534512,7.038887979295324,80.97892715217509,7.050467456332196
LS_03097,80.95356877644858,7.043922424316406,1578.796358177551,160.72777279108982,80.94777316989047,7.038132408344443,80.95936425145963,7.049712367954208
LS_03098,80.94520902633667,7.043649673461914,3648.2106635922623,263.0513390095886,80.93941330760741,7.037859554885673,80.9510045882194,7.049439720248532
LS_03099,80.95513796806335,7.043292999267578,1670.6499949903098,170.2071738891425,80.94934238532537,7.037503002643203,80.96093341249568,7.049082923831538
LS_03100,80.95464897155762,7.043474197387695,3629.023116395768,353.51041806293955,80.94885147053621,7.0376765652667865,80.96044251414146,7.049256498482949
LS_03101,80.95646457672119,7.0429725646972665,1565.4746865983525,158.95745503703694,80.95066903251525,7.037182584446465,80.96226001898367,7.048762473078703
LS_03102,80.95609188079834,7.042793273925781,1155.429758374353,158.7157388965581,80.95029634073678,7.037003275158658,80.96188733191154,7.0485831730288595
LS_03103,80.95563507080078,7.042304992675781,2347.904487731115,216.94839328876654,80.94983950382522,7.036515001953789,80.96143049406056,7.048094911237357
LS_03104,80.9470076212069,7.041933059692383,1137.7545844068588,150.0693748665761,80.94121195238961,7.036142973552153,80.95280314579242,7.047723095217212
LS_03105,80.95505690574646,7.041139602661133,5210.2448788059355,293.2665219590283,80.94925719069178,7.035336253482185,80.96084816582947,7.046916177497997
LS_03106,80.95997095108032,7.040817260742187,1966.2015872280501,238.57522282232455,80.95417550475871,7.035027322240417,80.96576635097324,7.046607125270806
LS_03107,80.94690036773682,7.041084289550782,8762.449682018989,463.36729506193905,80.94110470848238,7.0352941224451735,80.9526958832951,7.046874247008704
LS_03108,80.95829963684082,7.0405426025390625,464.76796214547124,95.54882970462177,80.95250412472355,7.034752630989601,80.96409500527909,7.046332475274835
LS_03109,80.96816937128702,7.040502548217773,2463.127704773509,244.36243170892294,80.9623739617249,7.034712711381593,80.97396459786279,7.046292312494511
LS_03110,80.96553450364333,7.04010009765625,1623.7576362783484,218.9109115185432,80.9597390844519,7.034310240012485,80.97132977557077,7.045889906231164
LS_03111,80.95752000808716,7.0402374267578125,5390.6722084846315,404.09083117961217,80.95172448415688,7.034447458744688,80.96331537630668,7.046027322330523
LS_03112,80.95478248596191,7.04014778137207,5003.0997046429475,388.401593470082,80.94898693544913,7.034357732636031,80.96057789280287,7.04593766363199
LS_03113,80.96508979797363,7.039735794067383,469.29907250356956,84.14888487532322,80.95929438572561,7.033945918762529,80.97088507872893,7.045525596076423
LS_03114,80.96490701039633,7.039558410644531,277.0669002697419,66.66307518394544,80.95910650576853,7.033762817158908,80.97069719883987,7.045342499170672
LS_03115,80.962642288208,7.03929328918457,385.26446008323035,73.22308132555145,80.9568468444784,7.033503384064278,80.96843758680492,7.045083121843636
LS_03116,80.9640783582415,7.039331436157227,4300.6247269342,398.3162944265918,80.95828292499438,7.033541541614205,80.96987363285987,7.04512124400088
LS_03117,80.95862617492676,7.038843154907227,478.3609022315071,83.8431909296323,80.95283069519253,7.033053199868032,80.96442152527928,7.04463303670576
LS_03118,80.963134765625,7.038969039916992,2345.611044341588,204.71694312940645,80.95733933275417,7.03317914092453,80.96893005484942,7.044758866690331
LS_03119,80.96471977233887,7.038749694824219,673.6139113027406,103.34080266928486,80.9589243881998,7.0329598149423225,80.97051506573813,7.04453950173928
LS_03120,80.95769906044006,7.0386199951171875,675.0355112723436,115.94753819696989,80.95190356097012,7.032830045007977,80.9634944083305,7.044409904744787
LS_03121,80.96416449546814,7.038440704345703,2631.386544609531,277.0175565073469,80.95836908274654,7.032650817890268,80.96995976627369,7.044230518482432
LS_03122,80.94524157047272,7.038475036621094,2043.584961749834,281.38216778326586,80.93944592432429,7.032684934696262,80.95103707469625,7.044265100822429
LS_03123,80.96342207590739,7.038114547729492,871.0001165924715,119.05014416388202,80.95762665786586,7.03232466136932,80.96921735156549,7.043904380369801
LS_03124,80.96309113502502,7.0378990173339835,188.23559230102111,54.63602382899896,80.95729595435746,7.0321033955146195,80.96888665069228,7.043683122741378
LS_03125,80.9606716632843,7.034584045410156,745.1303259887056,111.4129024054506,80.95487625661455,7.028794115222945,80.96646693005397,7.04037390321432
LS_03126,80.96358489990234,7.033811569213867,188.5037036401599,54.287858044738535,80.9577895369286,7.028021678451197,80.96938011933811,7.039601395015931
LS_03127,80.96442699432373,7.033725738525391,772.4922133232133,114.42323140002773,80.95864306639243,7.027930142861446,80.9702336254882,7.039509838447203
LS_03128,80.9655154546102,7.033405303955078,189.92518466601146,54.09280718007976,80.95972011938221,7.027615433186799,80.97131064409292,7.0391951023709485
LS_03129,80.96821212768555,7.033405303955078,189.39217578861192,54.52468946517659,80.96241682680296,7.0276154663421755,80.97400728503855,7.0391950691134655
LS_03130,80.96601033210754,7.033313751220703,94.60727706638507,36.21177206745102,80.96021500480782,7.027523886442161,80.97180551504053,7.0391035434748055
LS_03131,80.96610069274902,7.033227920532227,95.40679276376886,36.39444090657744,80.9603053680525,7.02743805358825,80.97189587391973,7.039017708427956
LS_03132,80.96650638580323,7.033317565917969,669.6241033031044,125.25123082943297,80.96071106350595,7.027527707397311,80.97230156160683,7.039107352213116
LS_03133,80.96790043512979,7.033323287963867,761.6551521905624,129.27071487224472,80.96210512827162,7.027533446487365,80.9736955921494,7.039113056967563
LS_03134,80.9669075012207,7.033180236816406,575.7276114337817,102.8633616521049,80.96112556100547,7.0273922913099005,80.972716045516,7.038971925969227
LS_03135,80.96430333455405,7.032419204711914,277.6040421254903,71.75575412467676,80.9585079961142,7.0266293187965685,80.97009852612564,7.038209018187237
LS_03136,80.95445251464844,7.03076171875,973.7941587603774,125.6026987624747,80.94865707731357,7.024971695441952,80.96024780850871,7.036551637692915
LS_03137,80.95204230029174,7.031213760375977,10426.751200874782,569.8873159484555,80.94624674100362,7.025406539061662,80.9578375423269,7.036986540392502
LS_03138,80.97912737528483,7.030305862426758,8159.994164869378,554.0552627594848,80.97333222032366,7.024516159043851,80.98492233217327,7.0360954940368625
LS_03139,80.95409970283508,7.029552459716797,11101.9183269865,966.366773953014,80.9483042817832,7.023762451404696,80.9598949914938,7.035342402727409
LS_03140,80.96470483144125,7.027515411376953,4222.911973949579,476.94033907424,80.95890955712706,7.021725577708114,80.97049995511901,7.033305269027673
LS_03141,80.97735506958432,7.026706695556641,3636.4335077048468,330.55442566011186,80.97155997166115,7.020916968891177,80.98315003779493,7.032496349072452
LS_03142,80.96607208251953,7.028606414794922,52606.14500546075,2922.0058101041072,80.96027680540081,7.022816550284009,80.97186719688219,7.034396207558617
LS_03143,80.90744113922119,7.024419784545898,95.76410619544734,36.472926242999954,80.90164520533173,7.0186292108709445,80.91323692976974,7.0302103055449745
LS_03144,80.90654730796814,7.024238586425781,4126.831052674712,388.47686977578934,80.90075136821633,7.018447985772681,80.91234310992226,7.03002910227154
LS_03145,81.01934719085693,7.030845642089844,5878.382540693607,492.6802565694454,81.0135522218994,7.025055943311062,81.02514230950483,7.03663524045196
LS_03146,81.02808570861816,7.029270172119141,95.40757286514628,36.310715450456264,81.02229064832318,7.023480382019505,81.0338809123562,7.035059895205731
LS_03147,81.02842140197754,7.029230117797852,275.56269050498423,66.85501461080607,81.02262062287886,7.0234365061919615,81.03421089395553,7.035016027523002
LS_03148,81.0177993774414,7.029541015625,6086.536587591591,389.98392964379406,81.01200443613884,7.023751349574698,81.02359445311218,7.035330609092153
LS_03149,81.01901078224182,7.029266357421875,5107.502564638679,451.0408826972511,81.01321582714786,7.023476703945723,81.02480586720682,7.035055993461321
LS_03150,81.02795028686523,7.029092788696289,573.8669919429044,90.8919105064022,81.02215523044411,7.0233029974925705,81.03374548672576,7.034882507413271
LS_03151,81.01820500691733,7.02900505065918,774.6316280292416,112.49520909980936,81.01241007091801,7.023215379474771,81.02400008459256,7.034794649228422
LS_03152,81.02904510498047,7.0292205810546875,4014.047834071669,364.7805705924225,81.02325002520102,7.023430776198861,81.03484031165127,7.035010313033696
LS_03153,81.0275514125824,7.028636932373047,4303.740391743877,311.0628300471017,81.02175637271728,7.0228471700532005,81.03334660782694,7.034426670329846
LS_03154,81.01599597930908,7.028385162353516,4693.367085907713,443.5793095527487,81.01020107915333,7.022595514939352,81.02179102288945,7.0341747304689015
LS_03155,81.01921577453614,7.027790069580078,3427.5759586945464,284.39678763201766,81.01342084479448,7.022000399637969,81.02501085323911,7.033579694837978
LS_03156,81.01568953196207,7.027162551879883,665.3684718095944,111.28948098004436,81.00989465051445,7.021372911279732,81.02148455632909,7.032952119784232
LS_03157,81.0155086517334,7.026754379272461,95.6745627019406,36.51877470047053,81.00971377782051,7.020964740795564,81.02130366903675,7.032543945017102
LS_03158,81.01402759552002,7.026405334472656,970.7821369087558,123.68426701234226,81.00823274422015,7.02061570881273,81.0198225902032,7.032194876652041
LS_03159,81.01550277074179,7.025857925415039,4700.143736990403,420.85830360742904,81.00970790591239,7.020068286778916,81.02129777473228,7.031647491248464
LS_03160,81.01553583145142,7.024375915527344,4996.243970573784,346.6512338873471,81.00974098543529,7.0185862730419375,81.02133081829217,7.030165478976528
LS_03161,81.01731357574462,7.022127151489258,14357.548777043008,1171.1251671525,81.0115187413958,7.016337486613955,81.02310856231733,7.027916737351158
LS_03162,81.00890445709229,7.018585205078125,5178.240895665144,387.87075934166114,81.00310976675736,7.0127956462749825,81.01469929237021,7.0243746912825
LS_03163,81.01937212262834,7.018587112426758,23128.866478596985,1218.0050453146275,81.01357301032586,7.0127840639317665,81.02516279373981,7.024363366796003
LS_03164,80.95275783538818,7.015220642089844,11021.321885472904,531.9024654724793,80.94696264731483,7.009430612188325,80.95855303287114,7.021010601163496
LS_03165,80.96840190887451,7.020069122314453,1744.9971900398336,223.25115723549112,80.9626067834087,7.014279274494215,80.97419690515997,7.025858877688062
LS_03166,80.9702262878418,7.019758224487305,862.8606070518865,117.76537652557812,80.96443308404176,7.0139607797226455,80.97602315292987,7.02554033813255
LS_03167,80.96983273824057,7.019443511962891,951.1638530888106,163.43560800855101,80.96403764497654,7.013653701574434,80.97562771596725,7.025233269827374
LS_03168,80.96996426582336,7.019077301025391,1373.845129112445,147.7650049759269,80.96416915769201,7.013287482379989,80.97575921634645,7.024867047541032
LS_03169,80.9891414642334,7.014137268066406,1464.3834800532788,197.17724059784607,80.98334666083464,7.0083476841194585,80.99493612450556,7.019926779331202
LS_03170,80.99058175086975,7.013866424560546,9957.176326329429,766.4630375935125,80.9847869671431,7.0080768698656355,80.99637638858638,7.019655929710306
LS_03171,80.97256592341832,7.012836456298827,25796.194160267583,1335.5718898742782,80.96677091616314,7.007046668873834,80.97836075583994,7.01862617252385
LS_03172,80.9899517695109,7.009195327758789,1460.489844002691,159.76337799311975,80.98415703773051,7.003405752721707,80.99574635910926,7.01498483022344
LS_03173,80.96178504398891,7.009515762329102,4938.123361703863,452.12180386365424,80.95598996341822,7.00372584144416,80.96757998556457,7.01530561102662
LS_03174,80.96308258601597,7.007810592651367,2245.199814559644,244.05185759836058,80.95729302323792,7.002007335977757,80.9688829707179,7.0135870742219835
LS_03175,80.98833327823215,7.006763458251953,1362.686557469133,151.27039027985495,80.98253855594648,7.000973862773552,80.99412785704332,7.01255298122193
LS_03176,80.98797416687012,7.006498336791992,384.7577287274153,73.01706684824936,80.98217944369478,7.000708736800354,80.99376874707863,7.012287864205602
LS_03177,80.98770713806152,7.006732940673828,2424.7458358088097,310.833556772527,80.98191240869353,7.000943337450056,80.993501724458,7.012522471321148
LS_03178,80.98663091659546,7.006093978881836,2839.5341798718478,256.5442032322743,80.98083618253335,7.000304362303376,80.99242550899402,7.011883522940532
LS_03179,80.98119596334604,7.003593444824219,14068.036709439968,841.6399862368456,80.97540119481074,6.9978037342922805,80.98699059314616,7.009383029653264
LS_03180,80.96840190887451,7.020069122314453,1744.9971900398336,223.25115723549112,80.9626067834087,7.014279274494215,80.97419690515997,7.025858877688062
LS_03181,80.9702262878418,7.019758224487305,862.8606070518865,117.76537652557812,80.96443308404176,7.0139607797226455,80.97602315292987,7.02554033813255
LS_03182,80.96983273824057,7.019443511962891,951.1638530888106,163.43560800855101,80.96403764497654,7.013653701574434,80.97562771596725,7.025233269827374
LS_03183,80.96996426582336,7.019077301025391,1373.845129112445,147.7650049759269,80.96416915769201,7.013287482379989,80.97575921634645,7.024867047541032
LS_03184,80.9891414642334,7.014137268066406,1464.3834800532788,197.17724059784607,80.98334666083464,7.0083476841194585,80.99493612450556,7.019926779331202
LS_03185,80.99058175086975,7.013866424560546,9957.176326329429,766.4630375935125,80.9847869671431,7.0080768698656355,80.99637638858638,7.019655929710306
LS_03186,80.97256592341832,7.012836456298827,25796.194160267583,1335.5718898742782,80.96677091616314,7.007046668873834,80.97836075583994,7.01862617252385
LS_03187,80.9899517695109,7.009195327758789,1460.489844002691,159.76337799311975,80.98415703773051,7.003405752721707,80.99574635910926,7.01498483022344
LS_03188,80.96178504398891,7.009515762329102,4938.123361703863,452.12180386365424,80.95598996341822,7.00372584144416,80.96757998556457,7.01530561102662
LS_03189,80.968270778656,7.009552001953125,19302.00056215856,792.6587624057968,80.96247234231633,7.003760253648449,80.97406220611411,7.015339864158011
LS_03190,80.95298719406128,7.007806777954102,2054.7319122188073,192.91102416202406,80.94719202309787,7.002016749091557,80.95878221857274,7.013596734872164
LS_03191,80.96308258601597,7.007810592651367,2245.199814559644,244.05185759836058,80.95729302323792,7.002007335977757,80.9688829707179,7.0135870742219835
LS_03192,80.98833327823215,7.006763458251953,1362.686557469133,151.27039027985495,80.98253855594648,7.000973862773552,80.99412785704332,7.01255298122193
LS_03193,80.98797416687012,7.006498336791992,384.7577287274153,73.01706684824936,80.98217944369478,7.000708736800354,80.99376874707863,7.012287864205602
LS_03194,80.95442295074463,7.006540298461914,2155.7459497997925,212.36695260476674,80.94862779988308,7.000750264578537,80.9602179286796,7.012330215616228
LS_03195,80.98770713806152,7.006732940673828,2424.7458358088097,310.833556772527,80.98191240869353,7.000943337450056,80.993501724458,7.012522471321148
LS_03196,80.95729637145996,7.006013870239258,2462.2400250780483,212.56880198423246,80.95150128562564,7.000216264548909,80.96309133070801,7.011796145385349
LS_03197,80.98663091659546,7.006093978881836,2839.5341798718478,256.5442032322743,80.98083618253335,7.000304362303376,80.99242550899402,7.011883522940532
LS_03198,80.98119596334604,7.003593444824219,14068.036709439968,841.6399862368456,80.97540119481074,6.9978037342922805,80.98699059314616,7.009383029653264
LS_03199,80.95491763523647,7.002016067504883,1941.0425044502692,215.26651147222788,80.94912278823482,6.996216524687568,80.96071279225069,7.0077964651163205
LS_03200,80.95275783538818,7.015220642089844,11021.321885472904,531.9024654724793,80.94696264731483,7.009430612188325,80.95855303287114,7.021010601163496
LS_03201,81.04533195495605,7.040586471557617,3810.529392440833,363.66894434948114,81.03953654654327,7.034796468826458,81.05112751767489,7.046376402491706
LS_03202,81.04690361022949,7.040374755859375,966.2239735093399,142.91631996046328,81.04110818000524,7.03456757658427,81.05269918412868,7.046147548998125
LS_03203,81.0474431174142,7.040008544921875,579.3616933415367,98.21770862654044,81.04164770145071,7.034218501455403,81.05323871013879,7.045798487257113
LS_03204,81.04488754272461,7.039920806884766,2631.023800136088,246.7668039954573,81.03908504241765,7.034127029510225,81.05067598570652,7.0457069522888585
LS_03205,81.04836463928223,7.039558410644531,3237.2157593546713,337.155526982787,81.04256923762594,7.033768372662851,81.05416025775702,7.045348381279033
LS_03206,81.04555288950601,7.039066314697266,473.2084927356466,84.27703081330576,81.03975852638871,7.03326867929889,81.05134946482835,7.044848618937205
LS_03207,81.04708480834961,7.0384368896484375,1951.7323008285232,262.5050869909585,81.04128939986518,7.032646864864683,81.05288036046986,7.044226842368271
LS_03208,81.04866027832031,7.038263320922852,1063.6771713292794,136.75917156205082,81.04286485261072,7.032473263018334,81.05445584766107,7.044053279323543
LS_03209,81.05053976603917,7.037990570068359,7262.751721305355,691.6433330610394,81.04474431958374,7.0322005170554,81.05633535407246,7.043780579656497
LS_03210,81.04376029968262,7.035778045654297,669.6208038730268,104.1242461253876,81.03796496528619,7.029988069784939,81.04955577765821,7.04156796640508
LS_03211,81.04304161071778,7.035470962524414,1928.6476636054679,228.71132019394634,81.0372462891817,7.029680978603375,81.0488370761946,7.04126085764937
LS_03212,81.0440538406372,7.035247802734376,2136.42870370613,237.08494557182587,81.03825850540721,7.029457833692723,81.04984931177388,7.041037737713099
LS_03213,81.07622882298061,7.019039154052734,6004.596376027676,525.7909155193728,81.07043995472154,7.01323545380012,81.08203114531054,7.024816151168496
LS_03214,81.07075500488281,7.016426086425781,1757.9829735553164,208.7943123641608,81.06495959427562,7.010635789059947,81.0765505858746,7.0222163531542146
LS_03215,81.06997728347778,7.015842437744141,4901.463888991604,388.16709286462617,81.06423063605227,7.0100558616406135,81.07582159533614,7.0216364080649205
LS_03216,81.0685977935791,7.015575408935547,187.88923850970465,54.569770883296414,81.06280240636343,7.009785110691437,81.07439332395104,7.021365622280678
LS_03217,81.0689090092977,7.015617370605469,474.56466341676025,83.61889374045359,81.06311361996066,7.009827075214011,81.07470454620895,7.021407594398523
LS_03218,81.07054376602173,7.015571594238281,278.5913571505062,66.83825974074607,81.06474836884249,7.009781278569708,81.0763393339297,7.021361837711867
LS_03219,81.06793006261191,7.01544189453125,977.7349463399901,132.211570424278,81.062134683049,7.009651611168632,81.07372558096864,7.021232106472047
LS_03220,81.06720328330994,7.015342712402344,967.0747519294712,156.6992004948501,81.06140792561703,7.009552476170671,81.07299880328145,7.021132953735476
LS_03221,81.06605577468872,7.01512336730957,283.29990695187917,67.34035265951374,81.06026043522124,7.00933310613801,81.07185127933298,7.020913555708585
LS_03222,81.0676097869873,7.014089584350586,96.38791824590466,36.336573603879934,81.06181443038774,7.008299304676332,81.07340528671209,7.019879792497022
LS_03223,81.06805992126465,7.013689041137695,186.2909119546264,54.21207093051311,81.06226456415554,7.007898749285647,81.07385542149059,7.019479248207858
LS_03224,81.07061958312988,7.013505935668945,383.50894392145926,72.85987334803735,81.06482419701061,7.007715619195784,81.07641511236228,7.019296180695733
LS_03225,81.06877994537354,7.013559341430664,3343.1102210480503,332.101521347769,81.06298460240252,7.007769015470144,81.07457547410792,7.019349532018112
LS_03226,81.06954193115234,7.01220703125,187.97940565686892,54.57397199940614,81.06374657440654,7.006416727772649,81.07533743098412,7.017997263271685
LS_03227,81.06886863708496,7.012022018432617,94.61159594147239,36.20580256973028,81.06307329087616,7.006231723142531,81.07466412637572,7.017812242242464
LS_03228,81.08135414123535,7.010046005249023,95.32274093347084,36.548705715757485,81.07555866722348,7.004255557546157,81.08714975828771,7.015836381749183
LS_03229,81.07650375366211,7.009418487548828,95.76703274673956,36.47204268169658,81.07070834666763,7.00362809886366,81.08229930368402,7.015208804938489
LS_03230,81.07832145690918,7.00901985168457,1855.376807802123,211.00009444257714,81.07252599622049,7.003229439961409,81.08411698764364,7.014810190449545
LS_03231,81.07727003097534,7.008838653564453,280.7274525630577,66.41313187925061,81.07147461782671,7.003048256820266,81.0830655790643,7.014628981711527
LS_03232,81.07782427469888,7.008838653564453,278.06232428124383,66.41388220701121,81.07202884309514,7.00304824831574,81.08361981785903,7.014628986721411
LS_03233,81.07868432998657,7.008659362792969,282.50433397308103,66.1693386207217,81.07288889615802,7.0028689467503416,81.08447988743092,7.014449706164381
LS_03234,81.07673025131226,7.009057998657226,9640.052022817586,607.874349116062,81.07093485791383,7.003267659092336,81.08252581145679,7.014848370771992
LS_03235,81.07690811157227,7.0082550048828125,186.73728860574144,54.278897876849356,81.07111271416021,7.002464611153693,81.08270365198754,7.0140453273492165
LS_03236,81.07542610168457,7.007890701293945,95.76733329077982,36.79204352144994,81.06963072690345,7.002100325574518,81.08122161946119,7.013681005711335
LS_03237,80.71785494486491,7.03978157043457,664.6562185754066,111.37251752164765,80.71205650942869,7.033988706804985,80.72365319352218,7.04557436835718
LS_03238,80.71879577636719,7.03947639465332,774.8995729037895,106.50833521998298,80.7129973776252,7.033683541450341,80.72459403145793,7.045269180491288
LS_03239,80.71843528747559,7.039384841918945,978.6852277950077,122.4064973593727,80.71263688572678,7.033584355066757,80.72423354557516,7.045170002626798
LS_03240,80.71708869934082,7.039152145385742,94.87487487198149,36.419214510185014,80.71129028448495,7.0333592996544825,80.72288697055372,7.0449449791030725
LS_03241,80.71785494486491,7.03978157043457,664.6562185754066,111.37251752164765,80.71205650942869,7.033988706804985,80.72365319352218,7.04557436835718
LS_03242,80.71879577636719,7.03947639465332,774.8995729037895,106.50833521998298,80.7129973776252,7.033683541450341,80.72459403145793,7.045269180491288
LS_03243,80.71843528747559,7.039384841918945,978.6852277950077,122.4064973593727,80.71263688572678,7.033584355066757,80.72423354557516,7.045170002626798
LS_03244,80.71708869934082,7.039152145385742,94.87487487198149,36.419214510185014,80.71129028448495,7.0333592996544825,80.72288697055372,7.0449449791030725
LS_03245,80.82007646560669,7.011674880981445,11415.77138614335,668.2505313689603,80.81427968110849,7.005883242721348,80.82587320093097,7.017466452500567
LS_03246,80.84379539489746,7.040365219116211,386.95408150007506,73.48782221802902,80.83799848875762,7.034573863830667,80.84959216355345,7.046156504182433
LS_03247,80.84568500518799,7.037267684936523,470.0153993043629,84.31718040724965,80.83988815816568,7.03147638196467,80.85148170860161,7.043058976409507
LS_03248,80.84675826629004,7.036109924316406,1173.5753565984878,150.43486324179798,80.84096144727434,7.030318605244054,80.85255494235064,7.041901173652682
LS_03249,80.84666991233826,7.034305572509766,3910.1862215191136,352.20339175227963,80.84087309310371,7.028514251609566,80.85246654459297,7.040096822079904
LS_03250,80.84882736206055,7.033361434936523,969.797485192243,126.88423174775487,80.84303060265081,7.027570140846246,80.85462397794734,7.039152659055034
LS_03251,80.84860420227051,7.032693862915039,1259.84130195374,163.8624132916657,80.84280744861634,7.026902566137728,80.85440081241138,7.03848508972436
LS_03252,80.8441456158956,7.032785415649414,2538.604690646595,270.38101529607576,80.83834849313637,7.026986435724987,80.84994196705294,7.038569067209626
LS_03253,80.84775352478027,7.032503128051758,1455.720732997153,238.29900459234693,80.84195676323921,7.026711820983489,80.85355014281177,7.038294365152176
LS_03254,80.84857845306396,7.03192138671875,1753.138107082965,205.0410677874813,80.84278170888827,7.026130053577107,80.8543750537423,7.037712577758649
LS_03255,81.0903377532959,7.040319442749023,96.11623070269441,36.758959371243556,81.08454179040959,7.034528888237442,81.09613385985578,7.046109925925202
LS_03256,81.2490701675415,7.03654670715332,95.052545740749,36.34266343590273,81.24327233017485,7.030754236463598,81.25486814240881,7.042339108801756
LS_03257,81.1584300994873,7.0350189208984375,96.3842915497758,36.4694156857245,81.15263337472308,7.0292275390048555,81.1642269678128,7.040810232912988
LS_03258,81.09592946370444,7.033720016479492,858.4846780097718,137.76516854577952,81.09013348493589,7.0279294164114114,81.10172552521799,7.039510591794947
LS_03259,81.02669143676758,7.033222198486328,188.68156497736211,54.3644493916681,81.02089634454185,7.027432428686049,81.03248667251907,7.039011905946606
LS_03260,81.20846900939941,7.032598495483398,366.2642198836442,83.30714713214313,81.2026717142438,7.026806511614158,81.21426645258056,7.038390410867228
LS_03261,81.08440971374512,7.032325744628906,94.60764361005337,36.2050339694819,81.0786139236731,7.0265352618044465,81.09020564732357,7.038116156079856
LS_03262,81.21264266967773,7.031789779663086,2467.2918112400444,191.6348432315043,81.20684533246649,7.0259977457773175,81.21844015038573,7.037581744973683
LS_03263,81.09566593170166,7.031469345092774,278.0494312030545,66.59910744953474,81.08986716486973,7.02568253960517,81.10145914218312,7.0372637088440495
LS_03264,81.07156181335449,7.030755996704102,575.9977573741871,91.31397208628495,81.06576620022625,7.024965649767763,81.07735756995689,7.036546230104521
LS_03265,81.0728645324707,7.030797958374023,368.12687011712507,77.52159939862511,81.06706890285724,7.0250076164737285,81.07866030555903,7.036588228690629
LS_03266,81.07468223571777,7.0298614501953125,275.5627057157105,66.77021716135906,81.06888658491481,7.02407108505518,81.08047800868874,7.0356517419758
LS_03267,81.17424082756042,7.029720306396484,95.31950072665606,36.46127154491137,81.16844397672703,7.023928733740742,81.18003781754375,7.0355118090240945
LS_03268,80.93238830566406,7.001924514770508,6484.539725227268,353.3628543183562,80.92659290635616,6.996134234628631,80.93818345932662,7.007714725598137
LS_03269,80.94422928492227,7.003305435180664,23556.85575303184,1483.2176388151527,80.938434065395,6.997515276967316,80.95002436335716,7.009095478415905
LS_03270,80.74021553993225,7.0351104736328125,471.9780821716208,83.34669197184529,80.73441744635525,7.029317876216885,80.74601347745093,7.040903003524454
LS_03271,80.74286766052246,7.034168243408203,1363.7904750195041,165.0039688215563,80.73707014865893,7.028375673378822,80.74866609224763,7.039960737081285
LS_03272,80.74363946914673,7.033685684204102,641.0318181629411,109.54895505387442,80.73783954565917,7.027885498599454,80.74943545829119,7.039470543764775
LS_03273,80.74816989898682,7.03034782409668,95.40916213838398,36.43387631974285,80.7423719677892,7.02455534735613,80.75396768672422,7.036140283160332
LS_03274,80.75065994262695,7.029853820800781,764.4286238429595,113.44908500457328,80.74486204748959,7.024061288833604,80.75645769431331,7.035646165075727
LS_03275,80.75023460388184,7.028696060180664,1471.3845328737393,158.19819130938956,80.74443671853642,7.022903583259781,80.75603234580018,7.0344884692036596
LS_03276,80.74008393287659,7.02783203125,571.4814936988978,96.93068541933317,80.73428593460707,7.022039433833285,80.7458817817203,7.033624561245663
LS_03277,80.75119686126709,7.02778434753418,569.1708997833584,103.33413324973021,80.74539899910991,7.021991922229795,80.75699458001719,7.033576784885549
LS_03278,80.7396354675293,7.027563095092773,96.56471256152973,36.450497914548116,80.73383747038484,7.021770518740531,80.74543332127212,7.033355656714746
LS_03279,80.77758960723877,7.0396575927734375,2520.9982404927837,304.555089532812,80.77179182720826,7.033865382560976,80.78338708079751,7.045449618106265
LS_03280,80.7766092300415,7.039287567138672,3739.971588299839,318.7355161332861,80.77081166712836,7.03349550537427,80.78240693476828,7.045079764312867
LS_03281,80.77421589784845,7.036197662353516,3445.5123493870806,279.2610173215387,80.76841820465594,7.030405537670302,80.78001345058375,7.041989853060296
LS_03282,80.77871417999268,7.034526824951172,11935.408609892007,838.0487581007156,80.77290048492502,7.028732783472888,80.78449558055192,7.040316990993255
LS_03283,80.77957044328963,7.0339508056640625,1561.3513539363314,190.4302622938662,80.77377274877273,7.0281585483850435,80.78536780878822,7.039742734842386
LS_03284,80.77848434448242,7.033580780029297,2136.9104600101628,273.0015702083278,80.77268673441641,7.027788512432648,80.78428181101435,7.039372724809178
LS_03285,80.7801455391778,7.03386116027832,2831.148244558975,323.0168255898516,80.77434794792758,7.028069061989449,80.78594299185656,7.039653234637326
LS_03286,80.77786159515381,7.033227920532227,4005.0122795735247,379.66440263687383,80.77206192576118,7.027430374437134,80.78365700818084,7.039014601681162
LS_03287,80.778564453125,7.032909393310547,4524.6065813547175,424.492663992394,80.77276773511451,7.027117182378578,80.78436279259842,7.038701392625518
LS_03288,80.78037193843296,7.032320022583008,4334.2388489020805,413.9328224607674,80.77457286517176,7.026543207355571,80.786167864687,7.038127374193326
LS_03289,80.79582405090332,7.038305282592773,382.69378203094686,73.0378307872092,80.79002658867314,7.032513349393889,80.80162136950453,7.0440971468328595
LS_03290,80.79582405090332,7.037799835205078,869.5899465688547,124.36192503761691,80.79002659513124,7.032007942000757,80.80162136305725,7.043591739328073
LS_03291,80.79335403442383,7.037622451782227,275.8278168232397,71.56310614147367,80.78755655121238,7.0318305100542755,80.79915137402111,7.043414366698603
LS_03292,80.79584312438965,7.037406921386719,274.05118261329426,66.88953635645812,80.7900457029578,7.031614991027089,80.80164046039103,7.043198787808463
LS_03293,80.79348540306091,7.037269592285156,472.9495752233086,83.99962238960214,80.787687920917,7.031477631024208,80.79928273155367,7.04306148443146
LS_03294,80.7859878540039,7.036188125610352,97.27299596940556,36.46532565796021,80.78019030061556,7.030396096452049,80.79178526380831,7.041980129615774
LS_03295,80.78616905212402,7.036062240600586,575.5542495110784,91.40045627565618,80.78037150252247,7.03027012912986,80.79196645814316,7.041854157913551
LS_03296,80.78576278686523,7.03596305847168,385.27232477791534,72.67102998971627,80.77996523365327,7.0301710048551636,80.79156019649754,7.041755043361629
LS_03297,80.79519605636597,7.036470413208008,3821.26786359747,500.5520930082045,80.78939589540157,7.030670842693138,80.80099064436008,7.042254654880855
LS_03298,80.78338432312012,7.035469055175781,95.85183256888345,36.58072971023211,80.77758674767377,7.029676973115777,80.78918175499768,7.041261068549233
LS_03299,80.79431533813477,7.035514831542969,279.7377031376666,66.39588759807472,80.78851786154634,7.029722881379885,80.80011260741794,7.0413067144497905
LS_03300,80.7835865020752,7.03533935546875,282.758527925245,66.45857108136451,80.77778896159951,7.029547273223187,80.78938396075283,7.041131363772668
LS_03301,80.79366874694824,7.035249710083008,384.8283492261043,73.00765547341841,80.78787129784172,7.029457751371589,80.7994660524898,7.041041599912001
LS_03302,80.79324018955231,7.034793853759766,1470.1133172366744,164.42329254479296,80.78744272988673,7.029001800141339,80.79903748319643,7.040585658870318
LS_03303,80.79505825042725,7.034942626953125,22518.42508938716,1507.432289077478,80.78926089229242,7.029150683835064,80.80085560569047,7.040734498926977
LS_03304,80.79268455505371,7.034080505371094,2227.7816714973847,312.65481050875843,80.7868685294153,7.0282848436532595,80.79846327822173,7.039868716005216
LS_03305,80.78975629806519,7.033267974853516,11801.191641975442,953.7074544255458,80.78396110238553,7.0274775042858035,80.7955559004346,7.039061446237974
LS_03306,80.78823280334473,7.032684326171875,95.49699434132943,36.85783370628017,80.78243532171555,7.026892302583868,80.79403014146318,7.038476281002759
LS_03307,80.78862635294595,7.032646179199219,536.6486953008972,96.75299224150348,80.78282654135316,7.026852253066698,80.79442135068317,7.038436222089882
LS_03308,80.79210019111633,7.032463073730469,370.9725195440878,77.66578179544716,80.78630269732201,7.026671092809127,80.79789741852761,7.0382549783692125
LS_03309,80.79160594940186,7.03242301940918,471.00010317888274,84.76305174923888,80.78580851162047,7.026631076603966,80.7974032436775,7.038214974016375
LS_03310,80.78967634836832,7.032554626464844,10834.600424695418,902.580424748762,80.78387971943222,7.0267624927405885,80.79547450117649,7.038346436472396
LS_03311,80.79276943206787,7.032283782958984,1464.8799380188402,208.89402640049542,80.78697637646898,7.026489906475429,80.79857107686307,7.038073775822062
LS_03312,80.79552745819092,7.032283782958984,7744.583803023546,753.6900474738597,80.7897305446299,7.026489947909176,80.80132517883435,7.038073751127798
LS_03313,80.7851791381836,7.02958869934082,190.4622947766953,54.63445532962986,80.77938165947327,7.023796661438758,80.79097647344805,7.03538071230036
LS_03314,80.78690576553345,7.027252197265624,5051.626526170394,511.7125808339826,80.78110847587855,7.021459925828991,80.79270318875959,7.033043934705423
LS_03315,80.78589606285095,7.026763916015625,3999.198524631446,368.85283043444065,80.78009852897662,7.020971864555167,80.79169325362369,7.032555897510003
LS_03316,80.79162510236105,7.0265350341796875,16567.6427267836,1546.3533230854912,80.7858277126557,7.020743052475061,80.79742229399943,7.032326948037556
LS_03317,80.79402828216553,7.023473739624023,866.2404709901783,123.9247527111412,80.78823098770472,7.017681746004315,80.7998254333077,7.029265583226002
LS_03318,80.79429626464844,7.023160934448242,465.9454533525292,84.90045343887202,80.78849897739258,7.017368984701281,80.80009340859219,7.028952815425745
LS_03319,80.79461288452148,7.022497177124023,770.5655357501477,110.84012434936683,80.7888156095302,7.016705171963597,80.80041001621385,7.028288994945464
LS_03320,80.79425239562988,7.022178649902344,96.38738725419168,36.91062720628467,80.78845512037458,7.016386699740454,80.800049527594,7.027970531293379
LS_03321,80.79403343200684,7.022172927856445,673.556838558831,102.61277346512742,80.78823616264039,7.016380974414684,80.79983057496823,7.027964811215764
LS_03322,80.79462814331055,7.021690368652344,1743.8584534576873,283.4973191568642,80.78883086043064,7.015898424711619,80.80042524619165,7.027482247145542
LS_03323,80.79503345489502,7.02052116394043,3516.152957733502,282.0533156305432,80.7892362101431,7.014729137130801,80.80083055638808,7.026312949583668
LS_03324,80.79497146606445,7.017730712890625,190.11143784352535,54.25284311307264,80.78917425613335,7.01193877186605,80.80076853279735,7.023522585176439
LS_03325,80.7947416305542,7.017333984375,1238.212886156083,184.11228651010356,80.78894442292267,7.0115420035370315,80.80053869499562,7.023125822265016
LS_03326,80.79582405090332,7.038305282592773,382.69378203094686,73.0378307872092,80.79002658867314,7.032513349393889,80.80162136950453,7.0440971468328595
LS_03327,80.79582405090332,7.037799835205078,869.5899465688547,124.36192503761691,80.79002659513124,7.032007942000757,80.80162136305725,7.043591739328073
LS_03328,80.79335403442383,7.037622451782227,275.8278168232397,71.56310614147367,80.78755655121238,7.0318305100542755,80.79915137402111,7.043414366698603
LS_03329,80.79584312438965,7.037406921386719,274.05118261329426,66.88953635645812,80.7900457029578,7.031614991027089,80.80164046039103,7.043198787808463
LS_03330,80.79348540306091,7.037269592285156,472.9495752233086,83.99962238960214,80.787687920917,7.031477631024208,80.79928273155367,7.04306148443146
LS_03331,80.77838206291199,7.037590026855469,24541.798755068572,1592.8645195260617,80.77258143665425,7.031794030145226,80.78417661826825,7.0433782461734795
LS_03332,80.7859878540039,7.036188125610352,97.27299596940556,36.46532565796021,80.78019030061556,7.030396096452049,80.79178526380831,7.041980129615774
LS_03333,80.78616905212402,7.036062240600586,575.5542495110784,91.40045627565618,80.78037150252247,7.03027012912986,80.79196645814316,7.041854157913551
LS_03334,80.78576278686523,7.03596305847168,385.27232477791534,72.67102998971627,80.77996523365327,7.0301710048551636,80.79156019649754,7.041755043361629
LS_03335,80.79519605636597,7.036470413208008,3821.26786359747,500.5520930082045,80.78939589540157,7.030670842693138,80.80099064436008,7.042254654880855
LS_03336,80.78338432312012,7.035469055175781,95.85183256888345,36.58072971023211,80.77758674767377,7.029676973115777,80.78918175499768,7.041261068549233
LS_03337,80.79431533813477,7.035514831542969,279.7377031376666,66.39588759807472,80.78851786154634,7.029722881379885,80.80011260741794,7.0413067144497905
LS_03338,80.7835865020752,7.03533935546875,282.758527925245,66.45857108136451,80.77778896159951,7.029547273223187,80.78938396075283,7.041131363772668
LS_03339,80.79366874694824,7.035249710083008,384.8283492261043,73.00765547341841,80.78787129784172,7.029457751371589,80.7994660524898,7.041041599912001
LS_03340,80.79324018955231,7.034793853759766,1470.1133172366744,164.42329254479296,80.78744272988673,7.029001800141339,80.79903748319643,7.040585658870318
LS_03341,80.79505825042725,7.034942626953125,22518.42508938716,1507.432289077478,80.78926089229242,7.029150683835064,80.80085560569047,7.040734498926977
LS_03342,80.79268455505371,7.034080505371094,2227.7816714973847,312.65481050875843,80.7868685294153,7.0282848436532595,80.79846327822173,7.039868716005216
LS_03343,80.78975629806519,7.033267974853516,11801.191641975442,953.7074544255458,80.78396110238553,7.0274775042858035,80.7955559004346,7.039061446237974
LS_03344,80.78823280334473,7.032684326171875,95.49699434132943,36.85783370628017,80.78243532171555,7.026892302583868,80.79403014146318,7.038476281002759
LS_03345,80.78862635294595,7.032646179199219,536.6486953008972,96.75299224150348,80.78282654135316,7.026852253066698,80.79442135068317,7.038436222089882
LS_03346,80.79210019111633,7.032463073730469,370.9725195440878,77.66578179544716,80.78630269732201,7.026671092809127,80.79789741852761,7.0382549783692125
LS_03347,80.79160594940186,7.03242301940918,471.00010317888274,84.76305174923888,80.78580851162047,7.026631076603966,80.7974032436775,7.038214974016375
LS_03348,80.78967634836832,7.032554626464844,10834.600424695418,902.580424748762,80.78387971943222,7.0267624927405885,80.79547450117649,7.038346436472396
LS_03349,80.79276943206787,7.032283782958984,1464.8799380188402,208.89402640049542,80.78697637646898,7.026489906475429,80.79857107686307,7.038073775822062
LS_03350,80.79552745819092,7.032283782958984,7744.583803023546,753.6900474738597,80.7897305446299,7.026489947909176,80.80132517883435,7.038073751127798
LS_03351,80.7851791381836,7.02958869934082,190.4622947766953,54.63445532962986,80.77938165947327,7.023796661438758,80.79097647344805,7.03538071230036
LS_03352,80.78690576553345,7.027252197265624,5051.626526170394,511.7125808339826,80.78110847587855,7.021459925828991,80.79270318875959,7.033043934705423
LS_03353,80.78589606285095,7.026763916015625,3999.198524631446,368.85283043444065,80.78009852897662,7.020971864555167,80.79169325362369,7.032555897510003
LS_03354,80.79162510236105,7.0265350341796875,16567.6427267836,1546.3533230854912,80.7858277126557,7.020743052475061,80.79742229399943,7.032326948037556
LS_03355,80.79402828216553,7.023473739624023,866.2404709901783,123.9247527111412,80.78823098770472,7.017681746004315,80.7998254333077,7.029265583226002
LS_03356,80.79429626464844,7.023160934448242,465.9454533525292,84.90045343887202,80.78849897739258,7.017368984701281,80.80009340859219,7.028952815425745
LS_03357,80.79461288452148,7.022497177124023,770.5655357501477,110.84012434936683,80.7888156095302,7.016705171963597,80.80041001621385,7.028288994945464
LS_03358,80.79425239562988,7.022178649902344,96.38738725419168,36.91062720628467,80.78845512037458,7.016386699740454,80.800049527594,7.027970531293379
LS_03359,80.79403343200684,7.022172927856445,673.556838558831,102.61277346512742,80.78823616264039,7.016380974414684,80.79983057496823,7.027964811215764
LS_03360,80.79462814331055,7.021690368652344,1743.8584534576873,283.4973191568642,80.78883086043064,7.015898424711619,80.80042524619165,7.027482247145542
LS_03361,80.79503345489502,7.02052116394043,3516.152957733502,282.0533156305432,80.7892362101431,7.014729137130801,80.80083055638808,7.026312949583668
LS_03362,80.79497146606445,7.017730712890625,190.11143784352535,54.25284311307264,80.78917425613335,7.01193877186605,80.80076853279735,7.023522585176439
LS_03363,80.7947416305542,7.017333984375,1238.212886156083,184.11228651010356,80.78894442292267,7.0115420035370315,80.80053869499562,7.023125822265016
LS_03364,81.0903377532959,7.040319442749023,96.11623070269441,36.758959371243556,81.08454179040959,7.034528888237442,81.09613385985578,7.046109925925202
LS_03365,81.2490701675415,7.03654670715332,95.052545740749,36.34266343590273,81.24327233017485,7.030754236463598,81.25486814240881,7.042339108801756
LS_03366,81.1584300994873,7.0350189208984375,96.3842915497758,36.4694156857245,81.15263337472308,7.0292275390048555,81.1642269678128,7.040810232912988
LS_03367,81.09592946370444,7.033720016479492,858.4846780097718,137.76516854577952,81.09013348493589,7.0279294164114114,81.10172552521799,7.039510591794947
LS_03368,81.02669143676758,7.033222198486328,188.68156497736211,54.3644493916681,81.02089634454185,7.027432428686049,81.03248667251907,7.039011905946606
LS_03369,81.20846900939941,7.032598495483398,366.2642198836442,83.30714713214313,81.2026717142438,7.026806511614158,81.21426645258056,7.038390410867228
LS_03370,81.08440971374512,7.032325744628906,94.60764361005337,36.2050339694819,81.0786139236731,7.0265352618044465,81.09020564732357,7.038116156079856
LS_03371,81.21264266967773,7.031789779663086,2467.2918112400444,191.6348432315043,81.20684533246649,7.0259977457773175,81.21844015038573,7.037581744973683
LS_03372,81.09566593170166,7.031469345092774,278.0494312030545,66.59910744953474,81.08986716486973,7.02568253960517,81.10145914218312,7.0372637088440495
LS_03373,81.07156181335449,7.030755996704102,575.9977573741871,91.31397208628495,81.06576620022625,7.024965649767763,81.07735756995689,7.036546230104521
LS_03374,81.0728645324707,7.030797958374023,368.12687011712507,77.52159939862511,81.06706890285724,7.0250076164737285,81.07866030555903,7.036588228690629
LS_03375,81.07468223571777,7.0298614501953125,275.5627057157105,66.77021716135906,81.06888658491481,7.02407108505518,81.08047800868874,7.0356517419758
LS_03376,81.17424082756042,7.029720306396484,95.31950072665606,36.46127154491137,81.16844397672703,7.023928733740742,81.18003781754375,7.0355118090240945
LS_03377,80.96840190887451,7.020069122314453,1744.9971900398336,223.25115723549112,80.9626067834087,7.014279274494215,80.97419690515997,7.025858877688062
LS_03378,80.9702262878418,7.019758224487305,862.8606070518865,117.76537652557812,80.96443308404176,7.0139607797226455,80.97602315292987,7.02554033813255
LS_03379,80.96983273824057,7.019443511962891,951.1638530888106,163.43560800855101,80.96403764497654,7.013653701574434,80.97562771596725,7.025233269827374
LS_03380,80.96996426582336,7.019077301025391,1373.845129112445,147.7650049759269,80.96416915769201,7.013287482379989,80.97575921634645,7.024867047541032
LS_03381,80.9891414642334,7.014137268066406,1464.3834800532788,197.17724059784607,80.98334666083464,7.0083476841194585,80.99493612450556,7.019926779331202
LS_03382,80.99058175086975,7.013866424560546,9957.176326329429,766.4630375935125,80.9847869671431,7.0080768698656355,80.99637638858638,7.019655929710306
LS_03383,80.97256592341832,7.012836456298827,25796.194160267583,1335.5718898742782,80.96677091616314,7.007046668873834,80.97836075583994,7.01862617252385
LS_03384,80.9899517695109,7.009195327758789,1460.489844002691,159.76337799311975,80.98415703773051,7.003405752721707,80.99574635910926,7.01498483022344
LS_03385,80.968270778656,7.009552001953125,19302.00056215856,792.6587624057968,80.96247234231633,7.003760253648449,80.97406220611411,7.015339864158011
LS_03386,80.98833327823215,7.006763458251953,1362.686557469133,151.27039027985495,80.98253855594648,7.000973862773552,80.99412785704332,7.01255298122193
LS_03387,80.98797416687012,7.006498336791992,384.7577287274153,73.01706684824936,80.98217944369478,7.000708736800354,80.99376874707863,7.012287864205602
LS_03388,80.98770713806152,7.006732940673828,2424.7458358088097,310.833556772527,80.98191240869353,7.000943337450056,80.993501724458,7.012522471321148
LS_03389,80.98663091659546,7.006093978881836,2839.5341798718478,256.5442032322743,80.98083618253335,7.000304362303376,80.99242550899402,7.011883522940532
LS_03390,80.98119596334604,7.003593444824219,14068.036709439968,841.6399862368456,80.97540119481074,6.9978037342922805,80.98699059314616,7.009383029653264
LS_03391,81.07622882298061,7.019039154052734,6004.596376027676,525.7909155193728,81.07043995472154,7.01323545380012,81.08203114531054,7.024816151168496
LS_03392,81.07075500488281,7.016426086425781,1757.9829735553164,208.7943123641608,81.06495959427562,7.010635789059947,81.0765505858746,7.0222163531542146
LS_03393,81.06997728347778,7.015842437744141,4901.463888991604,388.16709286462617,81.06423063605227,7.0100558616406135,81.07582159533614,7.0216364080649205
LS_03394,81.0685977935791,7.015575408935547,187.88923850970465,54.569770883296414,81.06280240636343,7.009785110691437,81.07439332395104,7.021365622280678
LS_03395,81.0689090092977,7.015617370605469,474.56466341676025,83.61889374045359,81.06311361996066,7.009827075214011,81.07470454620895,7.021407594398523
LS_03396,81.07054376602173,7.015571594238281,278.5913571505062,66.83825974074607,81.06474836884249,7.009781278569708,81.0763393339297,7.021361837711867
LS_03397,81.06793006261191,7.01544189453125,977.7349463399901,132.211570424278,81.062134683049,7.009651611168632,81.07372558096864,7.021232106472047
LS_03398,81.06720328330994,7.015342712402344,967.0747519294712,156.6992004948501,81.06140792561703,7.009552476170671,81.07299880328145,7.021132953735476
LS_03399,81.06605577468872,7.01512336730957,283.29990695187917,67.34035265951374,81.06026043522124,7.00933310613801,81.07185127933298,7.020913555708585
LS_03400,81.0676097869873,7.014089584350586,96.38791824590466,36.336573603879934,81.06181443038774,7.008299304676332,81.07340528671209,7.019879792497022
LS_03401,81.06805992126465,7.013689041137695,186.2909119546264,54.21207093051311,81.06226456415554,7.007898749285647,81.07385542149059,7.019479248207858
LS_03402,81.07061958312988,7.013505935668945,383.50894392145926,72.85987334803735,81.06482419701061,7.007715619195784,81.07641511236228,7.019296180695733
LS_03403,81.06877994537354,7.013559341430664,3343.1102210480503,332.101521347769,81.06298460240252,7.007769015470144,81.07457547410792,7.019349532018112
LS_03404,81.06954193115234,7.01220703125,187.97940565686892,54.57397199940614,81.06374657440654,7.006416727772649,81.07533743098412,7.017997263271685
LS_03405,81.06886863708496,7.012022018432617,94.61159594147239,36.20580256973028,81.06307329087616,7.006231723142531,81.07466412637572,7.017812242242464
LS_03406,81.08135414123535,7.010046005249023,95.32274093347084,36.548705715757485,81.07555866722348,7.004255557546157,81.08714975828771,7.015836381749183
LS_03407,81.07650375366211,7.009418487548828,95.76703274673956,36.47204268169658,81.07070834666763,7.00362809886366,81.08229930368402,7.015208804938489
LS_03408,81.07832145690918,7.00901985168457,1855.376807802123,211.00009444257714,81.07252599622049,7.003229439961409,81.08411698764364,7.014810190449545
LS_03409,81.07727003097534,7.008838653564453,280.7274525630577,66.41313187925061,81.07147461782671,7.003048256820266,81.0830655790643,7.014628981711527
LS_03410,81.07782427469888,7.008838653564453,278.06232428124383,66.41388220701121,81.07202884309514,7.00304824831574,81.08361981785903,7.014628986721411
LS_03411,81.07868432998657,7.008659362792969,282.50433397308103,66.1693386207217,81.07288889615802,7.0028689467503416,81.08447988743092,7.014449706164381
LS_03412,81.07673025131226,7.009057998657226,9640.052022817586,607.874349116062,81.07093485791383,7.003267659092336,81.08252581145679,7.014848370771992
LS_03413,81.07690811157227,7.0082550048828125,186.73728860574144,54.278897876849356,81.07111271416021,7.002464611153693,81.08270365198754,7.0140453273492165
LS_03414,81.07542610168457,7.007890701293945,95.76733329077982,36.79204352144994,81.06963072690345,7.002100325574518,81.08122161946119,7.013681005711335
LS_03415,81.04533195495605,7.040586471557617,3810.529392440833,363.66894434948114,81.03953654654327,7.034796468826458,81.05112751767489,7.046376402491706
LS_03416,81.04690361022949,7.040374755859375,966.2239735093399,142.91631996046328,81.04110818000524,7.03456757658427,81.05269918412868,7.046147548998125
LS_03417,81.0474431174142,7.040008544921875,579.3616933415367,98.21770862654044,81.04164770145071,7.034218501455403,81.05323871013879,7.045798487257113
LS_03418,81.04488754272461,7.039920806884766,2631.023800136088,246.7668039954573,81.03908504241765,7.034127029510225,81.05067598570652,7.0457069522888585
LS_03419,81.04836463928223,7.039558410644531,3237.2157593546713,337.155526982787,81.04256923762594,7.033768372662851,81.05416025775702,7.045348381279033
LS_03420,81.04555288950601,7.039066314697266,473.2084927356466,84.27703081330576,81.03975852638871,7.03326867929889,81.05134946482835,7.044848618937205
LS_03421,81.04708480834961,7.0384368896484375,1951.7323008285232,262.5050869909585,81.04128939986518,7.032646864864683,81.05288036046986,7.044226842368271
LS_03422,81.04866027832031,7.038263320922852,1063.6771713292794,136.75917156205082,81.04286485261072,7.032473263018334,81.05445584766107,7.044053279323543
LS_03423,81.05053976603917,7.037990570068359,7262.751721305355,691.6433330610394,81.04474431958374,7.0322005170554,81.05633535407246,7.043780579656497
LS_03424,81.04376029968262,7.035778045654297,669.6208038730268,104.1242461253876,81.03796496528619,7.029988069784939,81.04955577765821,7.04156796640508
LS_03425,81.04304161071778,7.035470962524414,1928.6476636054679,228.71132019394634,81.0372462891817,7.029680978603375,81.0488370761946,7.04126085764937
LS_03426,81.0440538406372,7.035247802734376,2136.42870370613,237.08494557182587,81.03825850540721,7.029457833692723,81.04984931177388,7.041037737713099
LS_03427,81.05574954183479,7.031152725219727,4798.8793062927025,471.6756497124717,81.0499541168458,7.025362576406849,81.06154510856649,7.036942769065644
LS_03428,81.07622882298061,7.019039154052734,6004.596376027676,525.7909155193728,81.07043995472154,7.01323545380012,81.08203114531054,7.024816151168496
LS_03429,81.07075500488281,7.016426086425781,1757.9829735553164,208.7943123641608,81.06495959427562,7.010635789059947,81.0765505858746,7.0222163531542146
LS_03430,81.06997728347778,7.015842437744141,4901.463888991604,388.16709286462617,81.06423063605227,7.0100558616406135,81.07582159533614,7.0216364080649205
LS_03431,81.0685977935791,7.015575408935547,187.88923850970465,54.569770883296414,81.06280240636343,7.009785110691437,81.07439332395104,7.021365622280678
LS_03432,81.0689090092977,7.015617370605469,474.56466341676025,83.61889374045359,81.06311361996066,7.009827075214011,81.07470454620895,7.021407594398523
LS_03433,81.07054376602173,7.015571594238281,278.5913571505062,66.83825974074607,81.06474836884249,7.009781278569708,81.0763393339297,7.021361837711867
LS_03434,81.06793006261191,7.01544189453125,977.7349463399901,132.211570424278,81.062134683049,7.009651611168632,81.07372558096864,7.021232106472047
LS_03435,81.06720328330994,7.015342712402344,967.0747519294712,156.6992004948501,81.06140792561703,7.009552476170671,81.07299880328145,7.021132953735476
LS_03436,81.06605577468872,7.01512336730957,283.29990695187917,67.34035265951374,81.06026043522124,7.00933310613801,81.07185127933298,7.020913555708585
LS_03437,81.0676097869873,7.014089584350586,96.38791824590466,36.336573603879934,81.06181443038774,7.008299304676332,81.07340528671209,7.019879792497022
LS_03438,81.06805992126465,7.013689041137695,186.2909119546264,54.21207093051311,81.06226456415554,7.007898749285647,81.07385542149059,7.019479248207858
LS_03439,81.07061958312988,7.013505935668945,383.50894392145926,72.85987334803735,81.06482419701061,7.007715619195784,81.07641511236228,7.019296180695733
LS_03440,81.06877994537354,7.013559341430664,3343.1102210480503,332.101521347769,81.06298460240252,7.007769015470144,81.07457547410792,7.019349532018112
LS_03441,81.06954193115234,7.01220703125,187.97940565686892,54.57397199940614,81.06374657440654,7.006416727772649,81.07533743098412,7.017997263271685
LS_03442,81.06886863708496,7.012022018432617,94.61159594147239,36.20580256973028,81.06307329087616,7.006231723142531,81.07466412637572,7.017812242242464
LS_03443,81.08135414123535,7.010046005249023,95.32274093347084,36.548705715757485,81.07555866722348,7.004255557546157,81.08714975828771,7.015836381749183
LS_03444,81.07650375366211,7.009418487548828,95.76703274673956,36.47204268169658,81.07070834666763,7.00362809886366,81.08229930368402,7.015208804938489
LS_03445,81.07832145690918,7.00901985168457,1855.376807802123,211.00009444257714,81.07252599622049,7.003229439961409,81.08411698764364,7.014810190449545
LS_03446,81.07727003097534,7.008838653564453,280.7274525630577,66.41313187925061,81.07147461782671,7.003048256820266,81.0830655790643,7.014628981711527
LS_03447,81.07782427469888,7.008838653564453,278.06232428124383,66.41388220701121,81.07202884309514,7.00304824831574,81.08361981785903,7.014628986721411
LS_03448,81.07868432998657,7.008659362792969,282.50433397308103,66.1693386207217,81.07288889615802,7.0028689467503416,81.08447988743092,7.014449706164381
LS_03449,81.07673025131226,7.009057998657226,9640.052022817586,607.874349116062,81.07093485791383,7.003267659092336,81.08252581145679,7.014848370771992
LS_03450,81.07690811157227,7.0082550048828125,186.73728860574144,54.278897876849356,81.07111271416021,7.002464611153693,81.08270365198754,7.0140453273492165
LS_03451,81.07542610168457,7.007890701293945,95.76733329077982,36.79204352144994,81.06963072690345,7.002100325574518,81.08122161946119,7.013681005711335
LS_03452,81.03999283200218,7.083803176879883,4111.560370995776,484.5279600821066,81.03419695070046,7.078013220101977,81.04578887232573,7.089593006968286
LS_03453,81.03981151580811,7.078996658325195,582.5117317158165,97.71351748652988,81.03401567276332,7.073206717723148,81.04560746921389,7.084786501813034
LS_03454,81.04027004241944,7.078998565673828,372.08623886470014,82.61205580383486,81.0344669612351,7.07320482549739,81.04605876882519,7.084784620763219
LS_03455,81.0407509803772,7.07904052734375,1075.2217823097556,137.19872298728217,81.0349551470431,7.073250587302232,81.04654696788275,7.084830394640028
LS_03456,81.04126892089843,7.07890510559082,472.1028493496748,97.07645759104763,81.0354730926336,7.073115148671453,81.0470649229109,7.0846949688810765
LS_03457,81.04214859008789,7.078948974609375,969.5206986217522,126.49385468281486,81.03635274103719,7.073159017462176,81.04794459421602,7.084738859433765
LS_03458,81.04924297332764,7.074363708496094,474.94991672259687,85.02558559088602,81.04344708867278,7.068573653159178,81.05503900236894,7.080153672148544
LS_03459,81.04798126220703,7.073877334594727,387.9013060736636,72.7591545208495,81.0421853992616,7.06808730434029,81.05377726952877,7.079667292304728
LS_03460,81.04924030303955,7.073963165283203,2062.7962684855484,216.44475132017192,81.04344442829357,7.068173109266787,81.05503633186444,7.079753128319966
LS_03461,81.04849052429199,7.073883056640625,1852.901503819804,184.08803107253212,81.04269465497599,7.068092988810417,81.05428653798575,7.079672989359768
LS_03462,81.04555829366049,7.073648452758789,1063.8644224140896,154.54286013398257,81.03976246659126,7.067858452266786,81.0513542711542,7.0794383804103544
LS_03463,81.04690718650818,7.073554992675781,1422.8979557183845,202.24751190696296,81.04111134271709,7.067765015597258,81.05270317831632,7.079344977119154
LS_03464,81.04270426432291,7.073240280151367,481.34637570362986,84.15104850798235,81.03690846827601,7.067450314571464,81.04850019194726,7.07903017227761
LS_03465,81.04164824485778,7.073116302490234,273.5831759140336,71.89470590443959,81.03585247244605,7.0673263502356365,81.04744416686032,7.078906181864798
LS_03466,81.04326261792863,7.073389053344727,1839.934697839166,216.03657092695326,81.03746681012531,7.067599068184605,81.04905855135229,7.079178939648683
LS_03467,81.04079500834146,7.072790145874023,775.0047867198892,110.33951028405254,81.03499925062017,7.0670001883159514,81.04659091572512,7.078579998953012
LS_03468,81.04611333211264,7.070280075073242,279.7138638275755,67.03849763630961,81.0403175463532,7.064490066797114,81.05190928012273,7.076070009790214
LS_03469,81.04577430089316,7.069915771484375,1258.3137584509072,192.40371907783012,81.0399785156795,7.064125767856025,81.05157023192305,7.075705702593302
LS_03470,81.0450382232666,7.069292068481445,280.2473967541441,66.6777615471618,81.0392424608462,7.063502073451369,81.05083414323728,7.075081990209833
LS_03471,81.04434394836426,7.068710327148437,977.7136822857427,136.15619680959097,81.03854605480754,7.062912732712392,81.05013770519122,7.074492632461407
LS_03472,81.0466324488322,7.0656585693359375,1074.1862500605534,149.4363803306822,81.04083670244236,7.059868554476437,81.05242833313264,7.071448511832987
LS_03473,81.04564642906189,7.0653839111328125,1082.18127697623,136.56209310399777,81.03985069474237,7.059593908570202,81.05144229417311,7.071173841669723
LS_03474,81.04086195627849,7.063362121582031,660.8768854058532,130.93916061004944,81.03506631647834,7.057572177573,81.04665774695229,7.069151993191224
LS_03475,81.04034662246704,7.061332702636719,1554.3107836001825,203.74723931902503,81.03455101877947,7.055542764799242,81.0461423856925,7.067122568404304
LS_03476,81.04177822385515,7.062160491943359,21769.81632199941,1381.1351059418992,81.03598335889082,7.056366693838134,81.04757478184871,7.067946532531214
LS_03477,81.03985067514273,7.061168670654297,767.9174821643978,117.24432581038278,81.03405507284398,7.055378726739643,81.04564642338767,7.066958518152648
LS_03478,81.04061508178711,7.061073303222656,189.9141725452803,54.210293642565674,81.03481947031345,7.055283361777471,81.04641083736917,7.066863172104697
LS_03479,81.04272651672363,7.060892105102539,95.93423544779867,36.303640421282346,81.03693088142082,7.055102137572222,81.04852229613097,7.0666820001023
LS_03480,81.04003024101257,7.060810089111328,270.9254173229969,71.3613277221636,81.03423464146687,7.055020154785187,81.04582598747402,7.066599950760931
LS_03481,81.04227879842122,7.060894012451172,464.1263084815495,96.63020285488068,81.0364831699577,7.0551040503986036,81.04807457365018,7.06668390187361
LS_03482,81.04838562011719,7.060800552368164,277.8540668900093,71.84447828840888,81.04258991605835,7.055010510104137,81.05418146827856,7.06659051232949
LS_03483,81.0503568649292,7.063505172729492,58071.68610175913,3347.384838083321,81.04456110569188,7.057715111690187,81.05615277440114,7.0692951616753055
LS_03484,81.04718947410583,7.060497283935547,1760.2172077930643,197.93247659761954,81.0414002230254,7.054701550724144,81.05299173812205,7.066281523699454
LS_03485,81.04832331339517,7.060314178466797,964.5845141846054,142.3096788159264,81.04252762387561,7.054524141979907,81.05411916236812,7.066104142826949
LS_03486,81.0472640991211,7.059902191162109,188.93756271224885,54.03856750631161,81.04146842015653,7.054112176608932,81.05305992216951,7.0656921514610005
LS_03487,81.04703903198242,7.059633255004883,96.82278279362453,36.5446378606543,81.04124335916318,7.053843234096554,81.05283484887983,7.065423203484949
LS_03488,81.04946346282959,7.059778213500977,1259.4065775937959,151.42047213634933,81.04366947351802,7.053980533340407,81.05526102657889,7.065560562527428
LS_03489,81.04841184616089,7.059322357177734,1292.0076955174734,218.66284255994393,81.0426161828821,7.0535322960528966,81.054207698706,7.065112299407238
LS_03490,81.0387749671936,7.059507369995117,4412.455512850361,357.20158320172794,81.03297939943988,7.053717439861476,81.04457068180652,7.065297205298505
LS_03491,81.04708123207092,7.0591888427734375,469.81299613596906,83.65812114677541,81.04128437231017,7.053391200846311,81.05287585171462,7.064971171395686
LS_03492,81.08438510894776,7.058330535888672,3423.4549483325372,343.4885977224838,81.0787671937399,7.052547675674886,81.09035957498642,7.064128568549611
LS_03493,81.04766654968262,7.0587310791015625,6589.202126859085,485.5522895045119,81.04187088040837,7.052941050364473,81.05346236301709,7.064521035529238
LS_03494,81.08661985397339,7.058162689208984,9747.61289627715,647.2205958306109,81.08082347465422,7.052372029330842,81.09241590196541,7.063952972677715
LS_03495,81.0813647111257,7.059181213378906,70309.80470476484,3719.1541922932133,81.07556856220721,7.053390982988517,81.0871608861145,7.064971797197107
LS_03496,81.07830286026001,7.0562286376953125,1863.898570854388,215.72948843037668,81.07250446099435,7.050432510130565,81.08409663516447,7.062013249760886
LS_03497,81.04218983650208,7.058521270751953,40989.63004935864,2492.5369430055744,81.03639423898899,7.0527313095230175,81.04798558107657,7.064311159625816
LS_03498,81.05014204978943,7.055324554443359,7363.308234600184,660.988873702513,81.04434640255475,7.049534427218588,81.05593786091713,7.061114474518431
LS_03499,81.0416488647461,7.05213737487793,189.0294525576883,54.468293795921404,81.03585335220626,7.046347414907632,81.04744452120727,7.057927253885043
LS_03500,81.04084065755208,7.052053451538086,1473.4172873910934,158.29143025503436,81.03504515964903,7.046263505937192,81.04663630659829,7.057843325010215
LS_03501,81.04125531514487,7.051952362060547,1460.4487216710545,183.78093046131247,81.03545473841187,7.046160503886072,81.04704589289778,7.057740333097463
LS_03502,81.04070663452148,7.050968170166016,5666.011845616634,509.44501100219065,81.03491121330475,7.045178186234324,81.04650232981132,7.056758002385181
LS_03503,81.05577850341797,7.050432205200195,282.1240256134447,66.15485009037424,81.04998283081693,7.04464207463826,81.06157430556094,7.056222262251
LS_03504,81.04627922603062,7.050477981567383,1932.939838215478,229.2958845437468,81.04048368982848,7.044687986404957,81.05207493158287,7.056267940095145
LS_03505,81.04690647125244,7.050378799438477,473.4637572307746,85.5703277736963,81.04111091582371,7.0445887697850855,81.05270217056575,7.056168738962837
LS_03506,81.05175669987997,7.050931930541992,21640.47246117037,1491.0907017219422,81.04595741711675,7.045134220979994,81.05754880500271,7.056714309355807
LS_03507,81.04231834411621,7.050205230712891,5104.259874454934,505.72631166752944,81.03652284745164,7.044415266553231,81.04811398466333,7.055995122710536
LS_03508,81.05566740036011,7.0498504638671875,1031.4061991622805,129.65061035246163,81.04987174747046,7.044060335112193,81.0614632049054,7.0556405201655865
LS_03509,81.05696506500244,7.049489974975586,358.87386548042605,77.82283734557222,81.05116939471344,7.043699840586065,81.06276087507455,7.055280057672037
LS_03510,81.05018424987793,7.049537658691406,1241.8453625681825,236.23050534265158,81.04438866477257,7.043730436245274,81.05597997884966,7.055310486436132
LS_03511,81.04775991747456,7.049718856811523,7083.133449571106,532.7490907633075,81.04196420023163,7.0439192887471265,81.05355545926497,7.0554992791661375
LS_03512,81.0553936958313,7.049039840698242,1345.77831093578,187.2985792318796,81.04959805336983,7.0432497152887175,81.06118948375996,7.054829893850951
LS_03513,81.05562273661295,7.048501968383789,1467.0331699851042,145.86182628126247,81.04982710074907,7.0427118400922,81.06141852330875,7.054292024450776
LS_03514,81.0559310913086,7.047828674316406,867.9625274533513,136.97391498744963,81.05013548347645,7.042038522350613,81.06172689676714,7.05361871449636
LS_03515,81.05422306060791,7.047374725341797,1745.1648148277516,239.49332827249654,81.0484274260393,7.041584613589669,81.06001878590537,7.0531647638543165
LS_03516,81.05359554290771,7.045749664306641,4197.524377975178,372.08248715866716,81.04779996861919,7.0399595609414405,81.05939127235726,7.051539696266458
LS_03517,81.10745207468668,7.084564208984375,2541.8714790561553,297.8847486524739,81.10165530263926,7.0787734790530505,81.11324890884711,7.090354929367425
LS_03518,81.11111164093018,7.08393669128418,1863.9708147524714,179.83593547854022,81.10531492643068,7.078145886273079,81.11690860660607,7.089727426449906
LS_03519,81.09536457061768,7.081508636474609,13975.350358052638,1068.6841413599184,81.08956812781616,7.075718007141001,81.10116135945576,7.087299161035801
LS_03520,81.0943078994751,7.079439163208008,1666.44064589806,190.16243714509952,81.08851139507735,7.0736485390977535,81.10010454836518,7.085229667364916
LS_03521,81.11365056037903,7.079448699951172,3331.7301457288604,255.76503503653717,81.1078539117829,7.073657809510016,81.11944754042246,7.0852394123940305
LS_03522,81.09846775872367,7.078948974609375,2743.9767857787824,232.1930219480967,81.09267120665623,7.073158285472749,81.10426444982787,7.084739515997886
LS_03523,81.1152241230011,7.078960418701172,1869.3202927028199,191.84498974246213,81.10942735889311,7.0731695266579,81.12102101373681,7.084751168137426
LS_03524,81.100172996521,7.078584671020508,2451.9227835574825,210.44826951856984,81.09437643082744,7.072794056782593,81.10596970669084,7.084375329228037
LS_03525,81.09395980834961,7.078462600708008,6802.032320637412,476.99995775638496,81.08816333327717,7.072672055827863,81.09975645330708,7.084253175705655
LS_03526,81.10336701075235,7.077695846557617,5788.376086069619,418.4704016059443,81.09756810735425,7.071893803000755,81.10916143883549,7.083475153898541
LS_03527,81.09559488296509,7.077564239501954,2144.0594049831666,225.18969203206052,81.08979845358193,7.071773578880419,81.10139159109815,7.083354739073006
LS_03528,81.10240077972412,7.077289581298827,460.1143147887865,97.46764057814254,81.09660423915585,7.071498907717706,81.10819753696651,7.083080235021069
LS_03529,81.09642629623413,7.077648162841798,5301.789538686302,444.42769412152916,81.09062973681972,7.07185753718166,81.10222289689673,7.0834387177766445
LS_03530,81.09685287475585,7.076745986938477,2642.639448388655,240.7489579554704,81.09105636043957,7.070955355334521,81.10264950818369,7.082536546547949
LS_03531,81.1143741607666,7.076793670654297,1745.4177618326755,199.5445078754033,81.10857745767413,7.071002825105837,81.12017103672873,7.0825844459725324
LS_03532,81.09022521972656,7.076030731201172,1255.812468050003,168.76115241383772,81.08442881105299,7.070240203265724,81.09602177774924,7.081821231801033
LS_03533,81.10048866271973,7.075946807861328,976.8129920192754,118.4432130466477,81.09469212649928,7.0701561318412915,81.10628534335956,7.081737412417058
LS_03534,81.0911922454834,7.076480865478516,11281.514970370321,1083.45453228828,81.08539572861805,7.070690259510715,81.09698873047243,7.082271311726257
LS_03535,81.0897079706192,7.075321197509766,2009.3207134790528,223.05695365259498,81.08391157641573,7.069530653760901,81.09550451246143,7.081111669714088
LS_03536,81.09974352518717,7.075136184692383,1433.466635938977,205.200130063514,81.09394698565971,7.06934551722072,81.10554016370799,7.0809267796304765
LS_03537,81.09668731689453,7.074241638183594,962.2488190736882,156.9521894666563,81.0908908417805,7.068451033197256,81.10248392212664,7.080032220741086
LS_03538,81.09509468078613,7.074100494384766,2350.150958081457,265.41655964407903,81.08929823415747,7.068309984308695,81.10089127180211,7.07989113278007
LS_03539,81.09877967834473,7.074092864990234,5777.582617859883,524.2433031973529,81.09298317750869,7.068302209386215,81.10457630549345,7.079883448301504
LS_03540,81.09752344403948,7.070863723754883,27668.171335207597,2246.2569646441657,81.09172685494525,7.065072879402556,81.10331987043028,7.076654087986876
LS_03541,81.09474074840546,7.0693817138671875,4334.8274239436805,398.71549986181145,81.08894436914791,7.063591098474929,81.10053727886066,7.075172239032821
LS_03542,81.12649726867676,7.067363739013672,556.0580622564785,106.56371548209805,81.12070052246487,7.061572744574194,81.13229415912653,7.073154662589992
LS_03543,81.1258602142334,7.066827774047852,964.397594956313,152.4991842086936,81.12006348259777,7.061036787367049,81.13165709009654,7.072618689857996
LS_03544,81.12651178571913,7.066242218017578,1146.406141513707,157.9406325038219,81.12070721538137,7.060447435947767,81.13230082366569,7.072029354186151
LS_03545,81.12725639343262,7.066007614135742,674.8219398179136,98.99402299542652,81.12145965513005,7.060216610420359,81.1330532759458,7.071798547037337
LS_03546,81.10039615631104,7.071577072143555,60480.39987600319,4130.470482162189,81.09459967644705,7.065786367164912,81.10619278050294,7.077367646103272
LS_03547,81.12514877319336,7.065296173095703,2645.816995926673,224.38273195418267,81.11935206965278,7.05950524371662,81.13094562093055,7.071087128924743
LS_03548,81.08876514434814,7.064262390136719,1953.6725824484179,196.36913899006086,81.0829686737134,7.058471855406106,81.09456130744593,7.070052850231276
LS_03549,81.12829780578613,7.063240051269531,554.0199308231067,115.32592599854993,81.12250108982767,7.057449011711631,81.13409466589691,7.069030973873644
LS_03550,81.0878677368164,7.063543319702148,6659.8545582047755,519.1306023893161,81.08207151211126,7.057752797464738,81.09366410567405,7.069333770408403
LS_03551,81.12845074853232,7.061748504638672,1644.4771111263174,205.96373706371895,81.12265405004823,7.05595750560676,81.13424759203684,7.067539471567946
LS_03552,81.1288104057312,7.0613861083984375,283.53994026711734,66.59937193048214,81.12301372141923,7.055595086826775,81.13460726300036,7.067177061575665
LS_03553,81.09188842773438,7.061031341552734,1553.2489291974885,228.56149273528794,81.0860845028321,7.055238862558384,81.09767713153195,7.066819934384733
LS_03554,81.10136710272894,7.061117172241211,1758.8866890676534,231.7877261998374,81.09557074026948,7.055326509114208,81.10716360382307,7.06690781333384
LS_03555,81.12914776802063,7.060985565185547,861.2799428366237,139.3101128187216,81.12335106095308,7.055194575487691,81.13494460061507,7.066776558480001
LS_03556,81.10206174850464,7.060394287109376,2529.564257711652,292.55081084584674,81.0962654230652,7.054603591324973,81.10785828538631,7.066184912651007
LS_03557,81.10135459899902,7.060127258300781,7659.403256367442,536.1691005427975,81.0955621624302,7.054334579717428,81.10715500072641,7.0659158838660705
LS_03558,81.10153007507324,7.059417724609375,6907.835384034475,590.3001770264849,81.09573372809648,7.053627036580898,81.10732655273226,7.065208345027985
LS_03559,81.10019719600677,7.058509826660156,2155.516320267205,217.9845864813962,81.09440085050235,7.052719151792575,81.10599361956262,7.0643004277435875
LS_03560,81.09765982627869,7.057750701904297,666.3047398437204,115.50201772309931,81.09186355908535,7.051960059326601,81.10345624681364,7.06354127327513
LS_03561,81.10287038485208,7.058197021484375,5119.82347101981,523.0530029051301,81.09707406090965,7.052406315715875,81.10866688755857,7.063987657130465
LS_03562,81.09658145904541,7.057262420654297,2410.904319450373,270.9180049205672,81.09078516478176,7.051471791125072,81.10237781376256,7.063052978744528
LS_03563,81.09601712226868,7.056354522705078,1453.2431618468593,197.713866459164,81.09022090266754,7.050563899802706,81.10181351492191,7.062145073748929
LS_03564,81.0955581665039,7.055553436279297,4111.104129835618,302.11174749062184,81.08976207368242,7.049762820014359,81.10135465449277,7.061343982854039
LS_03565,81.10115957260132,7.055278778076172,5291.204832979155,502.64423627695476,81.09536337437504,7.049488091769738,81.10695608547621,7.061069391733752
LS_03566,81.09631156921387,7.054830551147461,2246.9379104800164,227.90292336812058,81.09051535068058,7.049039924799414,81.10210793172482,7.060621106195022
LS_03567,81.13076933224997,7.054523468017578,1639.2614658890975,281.3905622447125,81.12497266771193,7.0487324216879585,81.13656608316529,7.060314444455501
LS_03568,81.12959480285645,7.054332733154297,95.84716297413078,36.50059753917052,81.12379818384603,7.048541700732865,81.13539156583288,7.060123694900952
LS_03569,81.1282410621643,7.054508209228516,953.4079980265125,163.43663543834876,81.12244445720205,7.048717179536523,81.1340378106216,7.060299140718297
LS_03570,81.12811183929443,7.053800582885742,6281.058424739296,564.4840263899488,81.12231524509701,7.048009617978494,81.13390857744788,7.059591576044703
LS_03571,81.12770756808195,7.053121566772461,186.00967679577536,54.012194323520156,81.1219109885666,7.047330544496377,81.13350429386553,7.058912492745966
LS_03572,81.12855863571167,7.053079605102539,777.7053378561772,111.60816447760139,81.1227620391831,7.047288585432616,81.13435536417151,7.058870554415385
LS_03573,81.12739631107875,7.052621841430664,1148.4821989699922,176.88642225061662,81.12159973882972,7.046830812145451,81.13319302388754,7.058412752836691
LS_03574,81.12714894612631,7.052228927612304,274.5735391278122,66.73133189509474,81.1213457301738,7.046432202345348,81.13293899894757,7.058014136868358
LS_03575,81.12671852111816,7.051998138427734,96.20293265455858,36.67394389135176,81.12092196670481,7.046207140967405,81.13251521944875,7.0577890651786355
LS_03576,81.10242080688477,7.052001953125,879.238234335434,117.25025496351664,81.09662241327956,7.046203661493648,81.10821507234412,7.057784992701257
LS_03577,81.10308774312337,7.052007675170898,1166.9582402322212,169.63751872824068,81.09729146884781,7.046216965985552,81.10888414461982,7.057798313547019
LS_03578,81.12662982940674,7.051914215087891,95.13698926779244,35.92902775345855,81.12083327713603,7.046123206038331,81.1324265255929,7.057705128093293
LS_03579,81.10371629397073,7.051822662353516,3435.2316788200433,366.9968872467099,81.09792002912033,7.0460319452163915,81.10951271560415,7.057613308166425
LS_03580,81.10129737854004,7.051458358764648,95.66989310141463,36.60318843721766,81.09550114144002,7.045667671217009,81.1070937595465,7.057248975085511
LS_03581,81.12600135803223,7.051458358764648,94.69292389795426,36.320993207707396,81.12020481918731,7.045667370020954,81.1317980407831,7.057249276789778
LS_03582,81.100998878479,7.05133056640625,375.4844259880681,82.57636399062794,81.09519215640026,7.045536089374709,81.10678476362666,7.057117385707148
LS_03583,81.10246467590332,7.051280975341797,869.290648649722,118.55407917285093,81.0966684267567,7.045490243425764,81.10826106895313,7.057071575855042
LS_03584,81.10525035858154,7.0515899658203125,2942.1377747036095,271.8946375591512,81.09945407146695,7.045799200163689,81.11104678960577,7.057380600633656
LS_03585,81.12366313934326,7.051239013671875,574.1093333512499,91.32275996946316,81.11786663540889,7.0454480533506505,81.1294597944291,7.057029903161763
LS_03586,81.12573051452637,7.051189422607422,95.67010771304166,36.6595432310383,81.1199339823835,7.0453984371541125,81.13152719056956,7.056980337339418
LS_03587,81.10048961639404,7.051155090332031,365.6244212709999,82.75142540968343,81.09469339279455,7.045364384545195,81.10628598348443,7.056945668707004
LS_03588,81.10180473327637,7.051151275634766,371.9313844213388,82.07485847361039,81.09600086458398,7.045356788885284,81.10759348707981,7.05693810501404
LS_03589,81.12519264221191,7.0510101318359375,96.20312125577094,36.753367023541635,81.11939611889355,7.04521915292483,81.13098930942688,7.0568010400165475
LS_03590,81.12492179870605,7.050968170166016,562.6506039334889,103.57944311677477,81.11912527922136,7.045177157850127,81.13071846208719,7.0567590383457155
LS_03591,81.09878158569336,7.05070686340332,1167.2276892981954,148.24496967024953,81.09298538884752,7.044916206590416,81.10457792643149,7.056497449051273
LS_03592,81.0994987487793,7.050743103027344,4138.9497192515355,436.7862154117532,81.09370254269966,7.044952504526071,81.10529509875337,7.056533764519037
LS_03593,81.09810400009155,7.050340652465819,662.8507838558461,122.16575211383599,81.09230782113097,7.044549983936793,81.10390033289767,7.056131209881851
LS_03594,81.09867072105408,7.050338745117187,1457.081569533091,162.92535051445773,81.09287460626467,7.044548046157275,81.10446713185726,7.056129285963675
LS_03595,81.09739017486572,7.050466537475586,5701.563796084762,344.60808544132556,81.09159400528398,7.044675897873788,81.10318650274806,7.0562571063411434
LS_03596,81.10391044616699,7.049217224121094,12875.081904313165,745.7638650767105,81.09811420534028,7.043426504630785,81.10970683085642,7.055007872666832
LS_03597,81.0869677066803,7.048492431640625,7673.1744188296825,553.6048252859599,81.08117165682974,7.0427018171001015,81.09276384925624,7.054282770823195
LS_03598,81.09635861714682,7.046390533447266,2362.1911923375983,231.67396085439418,81.09054973534303,7.040597998717139,81.10214210451926,7.052179182279783
LS_03599,81.14826011657715,7.086269378662109,273.04429854549875,66.52018797118053,81.14246283825774,7.08047811645778,81.15405748759575,7.092060565398441
LS_03600,81.14733171463013,7.085954666137695,456.4657059809197,92.12544555989984,81.14153448106582,7.080163417532503,81.1531290996954,7.091745843809863
LS_03601,81.14847660064697,7.08582878112793,463.482956892112,97.83912694375368,81.14267935126536,7.080037539118645,81.15427399465338,7.091619993332932
LS_03602,81.1467567284902,7.085689544677734,1150.979805989914,176.5050900466437,81.14095948721267,7.079898303415391,81.15255408503184,7.091480715654146
LS_03603,81.14953556060792,7.085859298706055,954.4125176148282,163.31035250552551,81.1437382992661,7.080068023565951,81.15533296929775,7.091650503619385
LS_03604,81.14867973327637,7.085321426391602,474.4088056062825,84.316024586712,81.14288248787958,7.079530190788765,81.15447712328749,7.091112649947872
LS_03605,81.1486644744873,7.0848388671875,1256.1498105941405,164.5515004138373,81.14286344522806,7.079041880503002,81.1544580677152,7.090624339185921
LS_03606,81.13139237676347,7.084789276123047,3135.9285922138024,314.516754026206,81.1255953189563,7.078998221500826,81.13718951805137,7.090580258352549
LS_03607,81.14894962310791,7.084419250488281,469.7020417295358,84.69775437707698,81.14315238591195,7.078628011355335,81.15474700489935,7.090210477077378
LS_03608,81.16103267669678,7.084245681762695,1075.3066531349439,131.26456478553123,81.15523529430831,7.078454313061369,81.16683020367725,7.090037073278343
LS_03609,81.16117286682129,7.083887100219727,770.9952809085245,110.86580382968091,81.15537548730185,7.078095683279779,81.16697039092587,7.089678446886449
LS_03610,81.14912462234497,7.083169937133789,958.3262146585782,156.4391321133866,81.14332739912632,7.077378639844714,81.1549219905229,7.088961109804484
LS_03611,81.15685653686523,7.083576202392578,2437.962283794254,325.2751413293628,81.15105921393315,7.077784837960554,81.1626540043748,7.089367496416589
LS_03612,81.15955066680908,7.083538055419922,3616.307547500342,389.8219884574721,81.15375331151634,7.077746626471022,81.16534816667837,7.089329350551446
LS_03613,81.14746809005737,7.0830841064453125,2149.1058627694597,289.55950265512973,81.14166708353393,7.077285226577978,81.15326163200545,7.088867656035468
LS_03614,81.16194725036621,7.082771301269531,565.1906212105271,102.95836904450539,81.15614585972092,7.076977967714785,81.16774075356629,7.088560750000427
LS_03615,81.14666895866394,7.082592010498047,360.5384898045398,77.89834538930641,81.14087177061042,7.076800770309484,81.15246628730796,7.0883831803553505
LS_03616,81.16148390088762,7.082454681396484,1343.5610545040445,186.61954081849234,81.1556865693944,7.076663307667468,81.16728144400912,7.0882460787504495
LS_03617,81.14637004004584,7.082319259643555,654.1036954879984,125.00789244207442,81.14057285869518,7.076528001322771,81.1521673611394,7.088110404071611
LS_03618,81.16286706924438,7.082355499267578,769.3101936682756,125.01262042689399,81.1570697049032,7.076564094309848,81.16866461068625,7.088146899053021
LS_03619,81.14927262273328,7.082281112670898,2347.0106719413106,263.6369411317266,81.14347541026885,7.07648979910766,81.15506998261262,7.088072272654339
LS_03620,81.1567497253418,7.082143783569336,2529.1035389725316,313.85203916465235,81.15095242198129,7.076352383853269,81.16254717324999,7.087935039632707
LS_03621,81.13431644439697,7.08154296875,370.8425488709423,77.3062919444544,81.12851942263619,7.075751854598319,81.1401136106933,7.087333963040933
LS_03622,81.15978471438089,7.082057952880859,15423.787791224964,1121.543869324148,81.15397327300674,7.076262888089382,81.16556809563833,7.087845617433744
LS_03623,81.13440036773682,7.081026077270508,1456.8133396005458,203.11467737314607,81.12860335151912,7.075235012766504,81.14019752847925,7.0868171232735095
LS_03624,81.16285419464111,7.080251693725586,1756.3373418709764,174.63009485101168,81.1570567984979,7.074460255494934,81.16865165022502,7.086043059769144
LS_03625,81.15948700904846,7.080253601074219,18196.253851469453,1361.018789814028,81.15368976267844,7.0744622360891825,81.16528453242535,7.086044958419003
LS_03626,81.14028072357178,7.077070236206055,2334.0665280085977,271.88375085795576,81.13448559327044,7.071265762282073,81.14607981301224,7.082848016481341
LS_03627,81.13570213317871,7.073606491088867,572.3063186520635,90.46022297378195,81.12990519531706,7.067815344482929,81.14149921541025,7.0793974869543685
LS_03628,81.1382999420166,7.073570251464844,772.6092744552194,125.00357256327726,81.13250295986059,7.06777911264257,81.14409704248335,7.079361318499541
LS_03629,81.13489039738974,7.073469161987305,776.428798433359,112.68023569528123,81.12909347925988,7.067678065057564,81.1406874760326,7.079260187721581
LS_03630,81.13839618364969,7.0730743408203125,1565.8278996710287,169.89208206040726,81.13259922524357,7.067283134287682,81.1441932976051,7.078865342498711
LS_03631,81.13902282714844,7.0729827880859375,1174.371156835455,145.7870192238673,81.13322592575943,7.0671915892036035,81.14482001109528,7.078773812701916
LS_03632,81.13973379135132,7.072803497314453,337.80618455614814,75.14996944542843,81.13393673349027,7.0670123400246805,81.14553083162154,7.078594580860258
LS_03633,81.15164947509766,7.073234558105469,2230.0718338798442,286.04346121651355,81.1458523474044,7.067443257307872,81.15744674715218,7.079025788496674
LS_03634,81.15065956115723,7.072877883911133,865.9677467150678,135.79614139333842,81.14486245006661,7.067086565550047,81.15645681660169,7.078669072625292
LS_03635,81.13280804951987,7.072710037231445,765.5930386146464,142.32948465158427,81.12701117168167,7.066918966625718,81.1386050982842,7.078501038482911
LS_03636,81.14832425117493,7.072965621948242,2025.8610121341897,245.1311282845518,81.14252716381729,7.067174332684642,81.15412147565705,7.0787567828908085
LS_03637,81.14010651906332,7.072568893432617,570.44244386336,92.76049917203093,81.13430954382366,7.06677773306224,81.14590364508933,7.078359982990693
LS_03638,81.14666175842285,7.072393417358398,457.72229810198826,109.08166572497788,81.1408647022271,7.0666021628406614,81.15245895896174,7.0781845725386265
LS_03639,81.14131546020508,7.071901321411133,386.661422048794,72.86285948957646,81.13551847547514,7.066110146405981,81.14711258926867,7.077692425812647
LS_03640,81.13359387715658,7.07176399230957,463.0519963341505,92.08787606903924,81.12779699706978,7.065972911027841,81.13939091883734,7.077555002093847
LS_03641,81.14188562120711,7.071718215942383,467.40486523905713,96.47733985006685,81.13608867231108,7.065926998594108,81.14768279536052,7.07750929190062
LS_03642,81.15128135681152,7.072160720825195,3134.418862811319,340.72719132976977,81.14548424726243,7.066369424535932,81.15707861068584,7.077951946726334
LS_03643,81.14221572875977,7.071626663208008,387.72758916641186,73.38057166335209,81.13641873653609,7.065835477241045,81.14801286531133,7.077417778592793
LS_03644,81.14265772501628,7.071592330932617,968.9193189603752,131.06118954869504,81.1368607037571,7.065801138606586,81.14845484244232,7.077383450730556
LS_03645,81.13381767272949,7.071268081665039,768.1714447092144,117.26337525142546,81.12802078757025,7.0654769980199985,81.139614702206,7.0770590945611875
LS_03646,81.14311408996582,7.071184158325195,669.8412011693429,103.69300218522613,81.13731709240655,7.065392989545433,81.14891123184367,7.076975312790343
LS_03647,81.13422012329102,7.070817947387695,385.3296735565852,72.67043470147588,81.12842323893128,7.06502685883181,81.1400171519619,7.076608965205379
LS_03648,81.13534355163574,7.07069206237793,677.3916955859435,98.71944090447836,81.12954665515552,7.0649009601380355,81.14114059242462,7.07648309392346
LS_03649,81.1342658996582,7.070322036743164,276.961543888295,71.6236810703746,81.12846902103325,7.06453093387853,81.14006292258362,7.076113041381916
LS_03650,81.1434954404831,7.070461273193359,1746.8662090421935,230.44504721984276,81.1376984431225,7.064670106353232,81.14929257347389,7.076252438886514
LS_03651,81.14782981872558,7.069921493530273,574.7096809178996,90.38356359822149,81.1420327883873,7.06413028258905,81.15362701068497,7.075712720686982
LS_03652,81.14398670196533,7.069929122924805,870.5915336450764,117.76564806408183,81.13818970971413,7.0641378785826205,81.14978383850914,7.075720223081133
LS_03653,81.15894889831543,7.070014953613281,7489.352881972277,524.797210771333,81.15315137599181,7.064223477720548,81.16474587144522,7.075806186325721
LS_03654,81.1455020904541,7.069793701171875,2058.6509948228,209.0426764501205,81.1397050814486,7.0640024752657915,81.15129924375047,7.075584856676148
LS_03655,81.14612126350403,7.069614410400391,637.0664102032583,97.02520475726331,81.14032424412751,7.063823177151451,81.15191841696289,7.075405573638815
LS_03656,81.1342715008158,7.069705963134766,1454.0054816256418,215.2092220137104,81.12847462973856,7.063914888261132,81.14006851577713,7.075496995917152
LS_03657,81.14509010314941,7.068849563598633,2339.0819071362844,258.3435411214235,81.13929311116391,7.063058398510389,81.15088723940566,7.07464076987477
LS_03658,81.14720153808594,7.068305969238281,190.17891066520897,54.18817920837194,81.14140452727685,7.062514707565319,81.152998693153,7.074097130333535
LS_03659,81.14954090118408,7.069164276123047,8549.419134413945,608.8038487522754,81.14374385096357,7.063372929795928,81.15533809568271,7.074955409529412
LS_03660,81.13405466079712,7.068122863769532,278.2064126234545,66.72238276519585,81.12825783903668,7.062331776512357,81.13985167957426,7.073913878921145
LS_03661,81.13345718383789,7.067138671875,190.80094776248364,54.217001346284974,81.1276603554751,7.0613475789278555,81.13925415643455,7.072929666790569
LS_03662,81.14459460122245,7.067539215087891,7687.99851072221,575.4332963398579,81.13879770197231,7.0617480983636645,81.15039178481209,7.073330457648255
LS_03663,81.15869903564453,7.066816329956055,1279.1161886369027,138.18584314884583,81.15290190382163,7.061024943727503,81.1644963116957,7.072607646076278
LS_03664,81.15645170211792,7.066915512084961,2727.714204673093,311.98969364702566,81.15065459064901,7.061124153269691,81.16224894637746,7.072706801007106
LS_03665,81.13254165649414,7.066410064697266,463.85659484442954,96.24624215529919,81.12674484854797,7.060618978657242,81.13833860865914,7.072201044212343
LS_03666,81.15593662261963,7.06641960144043,1254.689426850159,164.5998351525692,81.15013957478446,7.06062824956977,81.16173390535181,7.072210884763028
LS_03667,81.13244342803955,7.066146850585938,276.6086397395374,66.69728428427098,81.12664665467578,7.06035578281443,81.13824040570906,7.071937845982873
LS_03668,81.15014324188232,7.06614875793457,1753.367422125114,196.76054444456022,81.14434619816167,7.060357474815283,81.15594038081319,7.0719399691184455
LS_03669,81.14782619476318,7.06593132019043,1260.9076461432194,150.34843088318374,81.14202920652382,7.060140021588784,81.15362332721142,7.071722459511932
LS_03670,81.14737582206726,7.0657501220703125,1264.9053279196432,146.25665162649813,81.14157885240897,7.059958916571706,81.15317295751973,7.071541343531606
LS_03671,81.13246908187867,7.0654754638671875,559.9689239861661,97.69265614968056,81.12667228482448,7.059684396637498,81.13826601944348,7.071266460452304
LS_03672,81.14666187763214,7.065341949462891,1364.6597700403818,184.1180703918034,81.14085227991984,7.0595469336528875,81.15244635685342,7.0711293429229105
LS_03673,81.15719356536866,7.065069198608398,3538.8120513638846,343.2560175609809,81.15139647368895,7.059277792932751,81.16299080044324,7.070860458601126
LS_03674,81.13196778297424,7.064853668212891,2439.6519961424187,282.6300329330033,81.12617100069237,7.059062606978559,81.13776470729468,7.07064465858859
LS_03675,81.13860511779785,7.064449310302734,865.3603124557654,135.9088564035425,81.13280826074694,7.058658135436032,81.14440211902672,7.070240348835519
LS_03676,81.13256015777588,7.0641727447509775,2561.438348801337,223.36601236584448,81.12676330636745,7.058381727532834,81.13835701015049,7.069963793608133
LS_03677,81.15337491035461,7.064174652099609,1356.3143252422285,173.40926085223717,81.14757789994498,7.058383330155802,81.15917211102952,7.069965902976305
LS_03678,81.14809775352478,7.063995361328125,1265.1766699636735,140.37704430672937,81.14230087984157,7.058204100935764,81.15389495791081,7.069786545425105
LS_03679,81.13781356811523,7.0638179779052725,385.60195928181645,73.28173341241074,81.13201672872499,7.058026845548301,81.14361055167006,7.06960903967137
LS_03680,81.1519595781962,7.065832138061523,26004.10216863898,2002.8075366754424,81.14616256241797,7.06004083401742,81.15775678123704,7.071623372490023
LS_03681,81.13662004470825,7.063728332519531,865.62806847076,124.53129320170454,81.13082325601607,7.057937213437013,81.14241704757725,7.069519378482825
LS_03682,81.13769865036011,7.063636779785156,276.6990530824988,67.12952646068294,81.13190612707267,7.057839926717991,81.1434999425743,7.069422118148945
LS_03683,81.1390495300293,7.063995361328125,4392.984519523824,477.30338249399426,81.13325280796971,7.0582042156069855,81.1448466655616,7.069786439840098
LS_03684,81.13790448506674,7.063501358032227,190.3583393687458,54.08305219033565,81.13210764410361,7.057710224756971,81.14370146122626,7.069292421098922
LS_03685,81.13812899589539,7.063587188720703,780.70887726086,104.60297447317028,81.13233215045052,7.0577960523251555,81.14392597522728,7.069378254135281
LS_03686,81.15416355133057,7.06340217590332,2452.1892584947227,226.22794333031027,81.14836656759282,7.057610782965354,81.15996077820577,7.069193374921937
LS_03687,81.13848400115967,7.063234329223633,1076.8620755380284,131.70644881115334,81.13268716099884,7.057443228641949,81.1442809854732,7.0690254391038705
LS_03688,81.14922595024109,7.063323974609375,1259.9376156971712,163.569333176183,81.14342897421577,7.057532703250765,81.1550230626785,7.069115175162579
LS_03689,81.13574409484863,7.063131332397461,861.1876784508339,144.53411622664345,81.12994728940332,7.057340250761615,81.14154104444414,7.068922394473644
LS_03690,81.13723564147949,7.063137054443359,1952.17377093633,235.92645239369864,81.13143580593574,7.057351650974027,81.14302959757052,7.068933830953636
LS_03691,81.13620426104619,7.062599182128906,875.8452963850436,118.01587678192465,81.1304074523025,7.056808069237055,81.14200120505905,7.068390224171582
LS_03692,81.14490858713785,7.062475204467773,769.0746426497359,116.36570799583228,81.13911167712708,7.05668398591662,81.15070563888197,7.068266352786388
LS_03693,81.13651084899902,7.062246322631836,676.4266998431731,99.24630379432026,81.13071404542633,7.056455206135756,81.14230779670362,7.068037368546097
LS_03694,81.14543978373209,7.062374114990234,2057.883872872757,197.86662799867747,81.1396427803669,7.056582956954179,81.15123675249006,7.068165336745279
LS_03695,81.1556889216105,7.062286376953126,1564.7999704665992,165.30923672102227,81.14989182273739,7.056495073338281,81.16148604205517,7.068077702303748
LS_03696,81.1557970046997,7.061483383178711,1778.9680015164654,169.9409137927815,81.14999997600293,7.055691977227637,81.16159417751273,7.067274608780183
LS_03697,81.13403881920709,7.054792404174805,1460.0916717050811,177.27839253556056,81.12824213723914,7.04900129090695,81.13983563919614,7.060583393277328
LS_03698,81.15732002258301,7.054924011230469,3631.4481930735137,331.2768420674354,81.15152305874206,7.0491325855654505,81.16311713040291,7.06071525374429
LS_03699,81.14342621394566,7.054695129394531,3292.7380532939465,376.1387647867601,81.13762936333647,7.048903860563562,81.14922309141973,7.060486191304513
LS_03700,81.15551257133484,7.054515838623047,3517.5711409392447,359.2547853792434,81.14971566743658,7.048724491223557,81.16130968482173,7.060307115524762
LS_03701,81.16018295288086,7.053068161010742,477.28411997275236,83.59831301092292,81.1543859778647,7.047276757250424,81.16598007183613,7.058859494753015
LS_03702,81.1438570022583,7.052852630615234,2048.242198095232,223.2488432773503,81.13806022832334,7.047061321270223,81.14965392013266,7.058643662468884
LS_03703,81.13574822743735,7.052806854248047,1344.2636433951375,187.10636709367006,81.1299515879418,7.047015694242466,81.14154508121884,7.058597838261848
LS_03704,81.15600395202637,7.052175521850586,2943.0344392079023,266.3026055210639,81.15020705738428,7.046384169423833,81.161801027217,7.05796680552861
LS_03705,81.15999681071231,7.052272796630859,2216.4036781775276,310.1839981745505,81.15419984729287,7.046481424285521,81.16579391652101,7.058064157223017
LS_03706,81.14276480674744,7.052001953125,3325.178858305559,334.32604812799616,81.13696806017815,7.046210841203375,81.14856170384071,7.05779315585255
LS_03707,81.13718795776367,7.05232048034668,3702.7031653539957,484.2593671657528,81.13139127172091,7.046529355578133,81.14298478773041,7.0581115346304495
LS_03708,81.15892132014935,7.057400077467662,70626.38410910574,4189.282815761601,81.15312432340605,7.0516086864575245,81.16471849694234,7.063191393634731
LS_03709,81.1541130065918,7.051816940307617,3605.622177621225,402.86827500607274,81.14831612439363,7.046025610379851,81.15991003919541,7.057608200593034
LS_03710,81.13644224802653,7.051235198974609,560.6965050327323,102.76297288657493,81.13064557048737,7.045444082132441,81.14223904083406,7.057026243062995
LS_03711,81.15869740077427,7.0511016845703125,2399.932299152792,265.4580633687737,81.15290037764237,7.045310192658992,81.16449438555681,7.056892894018148
LS_03712,81.156240940094,7.051059722900391,2523.761649554462,242.58072255001076,81.150452746959,7.045264635899027,81.16204669430594,7.05684727790464
LS_03713,81.15950584411621,7.050563812255859,4207.104602142709,324.97118117746396,81.15370680517513,7.044764954421055,81.16530081879763,7.056347675295238
LS_03714,81.1362419128418,7.050251007080078,190.18595876660007,54.424181304375324,81.13044526451652,7.044459893794917,81.14203870504754,7.0560420498703635
LS_03715,81.14593925476075,7.04997444152832,5293.946476797737,392.84771290553806,81.14014265557765,7.044183214046459,81.15173632500311,7.055765605798947
LS_03716,81.15650367736816,7.0495758056640625,1754.7620670580357,198.57190519067154,81.15070679135268,7.043784446717016,81.16230070725551,7.055367094804499
LS_03717,81.15547037124634,7.0501670837402335,19525.319826680163,1371.5963709887642,81.14967454127388,7.044373694595239,81.16126844709126,7.055956317681805
LS_03718,81.16013560976302,7.049396514892578,4800.593374983559,517.6823807022764,81.1543386544398,7.0436051130559365,81.16593265390739,7.055187849168121
LS_03719,81.1603605694241,7.048362731933594,858.3738448793201,136.3964347352034,81.15457505442023,7.042567546645772,81.16616903324882,7.054150288416834
LS_03720,81.13943243026733,7.0471954345703125,865.0365204778719,138.65969910983193,81.13363571974865,7.041404241184365,81.14522916049226,7.052986474854861
LS_03721,81.14015060000949,7.047382354736328,1833.2050766714349,253.6794888938217,81.1343548913243,7.041574054846518,81.14594835386234,7.053156305990518
LS_03722,81.13825798034668,7.047052383422852,2530.530256060967,325.0412653979529,81.1324613479761,7.041261245652628,81.1440547565309,7.052843450786282
LS_03723,81.14810180664062,7.046886444091797,3499.237152809786,471.82048164635626,81.14230505677699,7.041091514412749,81.15389870031481,7.052673958596725
LS_03724,81.14237213134766,7.046384811401367,646.3358043049952,134.68263806451304,81.13656782822405,7.040584105051544,81.14816131948119,7.052166409949981
LS_03725,81.14297930399576,7.046110153198242,1159.603214122699,159.3476195680271,81.1371826215299,7.040318916538377,81.14877612100983,7.051901236364998
LS_03726,81.1358814239502,7.04682731628418,12985.849253461909,882.0475420801173,81.13008482314467,7.041051466153768,81.14167816856488,7.052633613525811
LS_03727,81.13711452484131,7.0460205078125,1161.1130990270808,185.04405479121664,81.13131791943593,7.04022936294428,81.14291127403834,7.051811540301961
LS_03728,81.14895343780518,7.046916961669922,6981.062419313344,744.4999194628355,81.14315667436969,7.041125693849014,81.15475033945974,7.052708158698781
LS_03729,81.13999652862549,7.04576301574707,4815.8109397466405,555.3125946075122,81.1341998914322,7.03997189200504,81.14579330960566,7.051554139389337
LS_03730,81.14376878738403,7.044769287109375,1057.6280010536987,159.5067200056476,81.13797218087213,7.03897808349048,81.14956566555618,7.050560422475908
LS_03731,81.14050769805908,7.044776916503906,1057.5388854582934,176.2074128688236,81.13471106713227,7.038985778656679,81.14630447275192,7.05056803845994
LS_03732,81.14302635192871,7.04435920715332,1850.0954604619674,211.09987151583974,81.13722972397005,7.038568068138036,81.14882318022224,7.0501503890966255
LS_03733,81.1409126917521,7.04414176940918,14181.348264735765,1135.1306075969862,81.13511594888067,7.038350597904777,81.14670934825165,7.049932867541306
LS_03734,81.15448169708252,7.087930679321289,657.2940640197411,111.77012825725836,81.14868434973789,7.082139343755414,81.16027919342051,7.0937219445312305
LS_03735,81.12335332234701,7.087839126586914,866.5601674219836,129.2309758968985,81.11755635067796,7.082048171229808,81.12915043036097,7.093630011144186
LS_03736,81.15483665466309,7.0876617431640625,95.84063775013689,36.64828740662408,81.14903930425469,7.081870403201545,81.16063414973435,7.093453012621611
LS_03737,81.11293029785156,7.087932586669922,3468.902628546241,376.374938880755,81.10713345706017,7.0821417805854825,81.11872728331237,7.093723364956017
LS_03738,81.15252733230591,7.087440490722656,1052.737242787408,162.12074009441204,81.14673005978547,7.081649137443807,81.15832484323387,7.093231690533645
LS_03739,81.1551284790039,7.087444305419922,1260.6735616799488,158.06857732178588,81.14933112780886,7.081652923094235,81.16092597485793,7.0932355396204425
LS_03740,81.1529049873352,7.086458206176758,2538.3178996465044,369.8311349409776,81.14710767772011,7.0806668896281275,81.15870244531307,7.09224945189129
LS_03741,81.1244798728398,7.083885192871094,1958.2151341358574,192.9881048008743,81.11868292729368,7.078094223862543,81.13027693407584,7.089676091614875
LS_03742,81.11744403839111,7.083576202392578,863.7253126434382,126.43754311443536,81.11164719746453,7.077785347718034,81.12324102389633,7.089367043172108
LS_03743,81.15375709533691,7.082986831665039,675.4210661967942,99.0125479275205,81.14795981772424,7.077195504991753,81.15955451751499,7.0887780878917654
LS_03744,81.1531753540039,7.082456588745117,2959.1894404501754,236.34601963025003,81.14737806009936,7.076665269930316,81.15897273216615,7.088247838629427
LS_03745,81.12406635284424,7.081998825073242,2925.343098175898,319.3744821309425,81.11826945076126,7.076207835996688,81.12986339947257,7.087789693744098
LS_03746,81.15411591529846,7.081279754638672,1364.437286811972,177.60159548588797,81.14831864446883,7.0754883812347895,81.15991330945467,7.0870709728069805
LS_03747,81.15420722961426,7.080066680908203,359.4747518672483,89.78691789217903,81.14840998373245,7.074275348816501,81.16000461999997,7.085857942561619
LS_03748,81.15434265136719,7.079717636108398,384.8789964816696,73.16080816184768,81.14854540835546,7.073920580339455,81.16014003887572,7.085503177368087
LS_03749,81.13758945465088,7.079540252685547,1545.9985694729198,250.687868867055,81.13179241833129,7.073749136332373,81.1433866354636,7.085331324768273
LS_03750,81.15430641174316,7.079233169555664,971.7471537978461,129.91753884695257,81.14850917527468,7.07344179329125,81.16010379269875,7.085024389416278
LS_03751,81.15550136566162,7.071680068969727,575.1520904606397,97.38811795912567,81.14970706794242,7.0658810919543775,81.16130152179643,7.077463716890155
LS_03752,81.15488243103027,7.071224212646484,879.8280564563236,117.95444522343116,81.14908528954517,7.065432872617459,81.16067971683574,7.0770154824055105
LS_03753,81.15564532279969,7.070953369140626,274.38571775296543,71.7121900258451,81.14984761309226,7.065169648801578,81.16144205223937,7.076752277121505
LS_03754,81.15609813871838,7.07050895690918,1453.0287214411333,231.71682062549127,81.15030100579506,7.064717601898267,81.16189544446252,7.076300241223419
LS_03755,81.15169334411621,7.069873809814453,96.73247604514593,36.51707080111033,81.14589625865088,7.064082508553148,81.15749057387221,7.075665040692651
LS_03756,81.1540286064148,7.069744110107422,775.281440701779,117.46116953155718,81.1482315816448,7.063952777726389,81.15982595043974,7.075535366679777
LS_03757,81.15195546831404,7.069704055786133,661.8493342799251,111.13005468034856,81.1461583772728,7.063912751095724,81.15775269455642,7.075495289607505
LS_03758,81.15218734741211,7.069423675537109,189.37910299040675,53.97128026159154,81.1463902616568,7.063632368287485,81.15798457744891,7.075214912431237
LS_03759,81.15074920654297,7.069339752197266,188.40201722395315,54.68595682293552,81.1449521393704,7.063548462432189,81.15654641799534,7.075130971578197
LS_03760,81.15861716270447,7.069427490234375,876.5450885117914,118.14916839465371,81.15281999509953,7.063636104829726,81.16441446751814,7.075218805344052
LS_03761,81.15236377716064,7.06915283203125,469.36200775568204,83.20537666398732,81.14656669270194,7.0633615522638244,81.15816100589522,7.074944100690101
LS_03762,81.15254225875393,7.068716049194336,765.6897335619193,123.24384165649776,81.14674685489648,7.0629095082080715,81.1583411609671,7.074492061000234
LS_03763,81.15115737915039,7.0688018798828125,2336.0632911720227,329.07492399678273,81.1453603138472,7.063010585161027,81.15695458872183,7.074593104222089
LS_03764,81.14549350738525,7.06304931640625,859.8561211240801,127.11376110571626,81.13969657721981,7.057258090355127,81.15129056781204,7.06884047146468
LS_03765,81.15650787353516,7.060527801513672,569.8359649396064,97.038006142072,81.15071085663601,7.054736442552308,81.16230505111325,7.066319091321278
LS_03766,81.15703105926514,7.060094833374023,569.747621521296,111.1461258193186,81.1512340253547,7.0543034678937,81.16282822153109,7.065886129343563
LS_03767,81.15773677825928,7.059499740600586,282.2981718402534,66.11895889940912,81.151939780239,7.053708367856028,81.16353397842414,7.065291046407724
LS_03768,81.15780067443848,7.059232711791992,187.69551985561677,54.57199862047532,81.15200365000155,7.053441321196984,81.16359784294323,7.0650240012838905
LS_03769,81.15735626220703,7.0593719482421875,1253.1981193816723,186.01023593683064,81.15155924139957,7.053580578511543,81.16315342708515,7.0651632478175515
LS_03770,81.15786838531494,7.058872222900391,974.9870640697185,123.94264973455472,81.15207708668682,7.05307516649009,81.16367127209573,7.064657848338577
LS_03771,81.15784984164767,7.057924270629883,2060.925578232682,282.8784796342978,81.15205281019243,7.052132894499446,81.16364697103648,7.063715575704285
LS_03772,81.15551586151123,7.057931900024414,3032.0942604067327,337.6750006859889,81.1497188782499,7.052140552631536,81.16131298257545,7.063723177180339
LS_03773,81.1576611995697,7.057125091552734,1252.3156527549718,162.5819657431932,81.15186420621309,7.051333718311171,81.16345834214385,7.062916394892724
LS_03774,81.15639901161194,7.0571136474609375,1248.1405740056393,204.30517380753162,81.15060202344915,7.051322258667695,81.16219612842323,7.062904904614128
LS_03775,81.15249991416931,7.057395935058594,3515.505072330201,436.2473479049599,81.14670297918494,7.0516046243893555,81.15829699657257,7.063187175677294
LS_03776,81.15329964955649,7.054925918579102,1351.1884432426077,193.5342291492593,81.14750269540582,7.049134627523969,81.15909666944918,7.0607171981308126
LS_03777,81.15371260643005,7.054344177246094,756.5634249702915,124.74128103805697,81.14791568079251,7.048552851464361,81.15950965008533,7.0601354320714975
LS_03778,81.15378443400064,7.053657531738281,857.3865219223685,144.55448566469852,81.14798754495963,7.047866205909728,81.1595814985485,7.059448788231169
LS_03779,81.1540756225586,7.053033828735352,1666.718233105341,191.49146079984817,81.14827872211917,7.047242498996083,81.15987266693223,7.0588250883564125
LS_03780,81.14668464660645,7.049261093139648,1359.553911319374,191.47304453831973,81.1408878882319,7.0434698177743655,81.15248155767198,7.05505222761044
LS_03781,81.14651203155518,7.046302795410156,276.7981635368275,67.26337790024348,81.14071241339627,7.040505835497101,81.15230600338987,7.052088241016988
LS_03782,81.1463475227356,7.0460662841796875,360.29971236745286,78.12630348330704,81.14055080231084,7.040275048117727,81.1521443825257,7.05185744971096
LS_03783,81.14621162414551,7.045894622802734,93.9835387673133,36.21741526413654,81.14041490975976,7.040103388534545,81.15200848232034,7.051685786826533
LS_03784,81.14598846435547,7.045534133911133,577.404020379047,91.08996015769812,81.14019175724695,7.039742902360692,81.15178531524582,7.051325295230489
LS_03785,81.14515407880148,7.045482635498047,2052.8934320942494,230.81617876720713,81.13935740216945,7.0396914137443485,81.1509509385924,7.051273786362622
LS_03786,81.14477503299713,7.04449462890625,1077.6158146868045,130.73392554757228,81.13897835912057,7.038703454716942,81.15057186129037,7.0502858181219255
LS_03787,81.14558124542236,7.044851303100586,3626.8128265520336,335.9837209041554,81.13978550547503,7.039067705889035,81.15137903648647,7.0506500888883386
LS_03788,81.15941524505615,7.043952941894531,7370.728372831864,475.2218829897702,81.15361839508688,7.038161471421444,81.16521223877587,7.049744189730362
LS_03789,81.16077200571696,7.043739318847656,6184.828079910004,366.44998671114513,81.15497512421108,7.037947908531248,81.16656899535914,7.049530659677402
LS_03790,81.21737909317017,7.078102111816406,2051.9692466836464,204.48434529333312,81.21158122516142,7.072310012775371,81.22317734432382,7.08389413785211
LS_03791,81.21747849782308,7.076025009155273,1160.9607812142224,144.94838659138398,81.21168053256,7.070232860049927,81.22327660068974,7.081816986972428
LS_03792,81.21738719940186,7.07451057434082,8530.290096559384,630.4643305360079,81.21158498134542,7.0687127563731575,81.22318100807603,7.080296880588141
LS_03793,81.22003300984701,7.071355819702148,2351.524809444462,193.3280364689546,81.21423499923576,7.065563692879216,81.22583100894613,7.077147880129941
LS_03794,81.2203254699707,7.069065093994141,4402.923095140564,392.21073397560764,81.21452756317984,7.063272729393032,81.22612352104957,7.074856923062432
LS_03795,81.33511543273926,7.040901184082031,6467.343240820169,409.05297712952114,81.32931652043298,7.035107523479041,81.3409144887279,7.0466944396849325
LS_03796,81.32760270436606,7.037761688232422,4042.265874481865,363.022444382277,81.32179380104085,7.031966379613999,81.33339151006344,7.043553116269373
LS_03797,81.32637012004852,7.037586212158203,2252.681825349148,223.4591151504933,81.32057137485195,7.03179287315874,81.33216905049242,7.043379580852725
LS_03798,81.3257646560669,7.037042617797852,2149.2797274499235,219.68062512207302,81.31996590425722,7.031249128562431,81.33156355147544,7.04283582161425
LS_03799,81.33284568786621,7.027797698974609,6790.8848764454815,625.70661509492,81.32704695064153,7.022004244549255,81.33864452494585,7.033591098423158
LS_03800,81.15560150146484,7.044185638427734,1380.8890246907354,162.37968676562653,81.14980469477767,7.038394290470796,81.16139845190635,7.049976916411267
LS_03801,81.14338159561157,7.043828964233399,763.0641787471945,111.8646156416334,81.13758494830384,7.038037764185225,81.14917839974945,7.049620093762789
LS_03802,81.14302277565002,7.043556213378906,760.3996332172354,116.63196034962779,81.13722613626398,7.037765017758892,81.14881957208063,7.049347338624919
LS_03803,81.15512752532959,7.043691635131836,2435.7683040371794,230.6108935153208,81.14933066805376,7.037900292032275,81.16092440114622,7.049482906461984
LS_03804,81.14230298995972,7.043375015258789,1552.9568895047132,189.0651662146438,81.1365063684172,7.0375838286848,81.14809978215445,7.049166132077963
LS_03805,81.14230537414551,7.042747497558594,1463.0610538055798,177.23737882856057,81.1365087470588,7.036956310717893,81.1481021449569,7.0485386141660635
LS_03806,81.15838193893433,7.042745590209961,1270.120141376205,144.16008220820552,81.15258512418927,7.036954208812515,81.16417891217588,7.048536902024178
LS_03807,81.14140009880066,7.042667388916016,1481.9822890421422,154.59139163976923,81.13560349747519,7.036876158061782,81.14719687134719,7.04845843953524
LS_03808,81.15772080421448,7.0427398681640625,1547.0981300147962,197.8891661491625,81.15192398828566,7.03694849451465,81.16351776010087,7.048531171715175
LS_03809,81.15865294138591,7.04248046875,960.2745858816944,147.86231573904885,81.15285611394381,7.036689084012465,81.16444990176753,7.048271783769938
LS_03810,81.13970004187689,7.042253494262695,852.6090356037853,143.64666884257508,81.13390345251219,7.036462338967655,81.14549677459019,7.048044579167685
LS_03811,81.14167976379395,7.042209625244141,1358.4185289378859,154.05002255577193,81.13588315111295,7.036418500298836,81.14747652018843,7.048000788560007
LS_03812,81.1534788608551,7.041450500488281,1336.7469700996614,157.78197581335326,81.14768204112637,7.035659237070967,81.15927567736972,7.047241811450806
LS_03813,81.14151978492737,7.041175842285156,5683.3933998343955,490.41292476325185,81.13572314547383,7.035384665492445,81.14731648447942,7.046966949867927
LS_03814,81.15623679161072,7.040771484375,569.770751444929,98.53392901571296,81.15044001818606,7.0349801287661435,81.16203370407034,7.046562769918847
LS_03815,81.14257335662842,7.040681838989258,1847.9776083516747,211.58480965117684,81.13677672583297,7.034890648733002,81.14837007792046,7.046472958674564
LS_03816,81.14320278167725,7.04054069519043,777.9044078537826,110.72537783413716,81.13740617161726,7.034749441742673,81.1489995354158,7.046331766955862
LS_03817,81.14109230041504,7.040456771850586,952.0157172713673,173.3135651285399,81.13529571704422,7.0346655997111265,81.14688902745843,7.04624787371226
LS_03818,81.14154052734375,7.040189743041992,189.3905705108481,54.530453180067965,81.13574394190833,7.034398551038695,81.14733725644902,7.045980835917087
LS_03819,81.14360745747885,7.040140151977539,96.82728769886735,36.81884754470226,81.1378108487591,7.0343489495398615,81.14940421224155,7.045931284567441
LS_03820,81.14375686645508,7.040000915527344,362.080884185377,82.91675162662285,81.13796025649587,7.0342097433237365,81.14955362008058,7.045792081974458
LS_03821,81.15676760673523,7.039878845214844,2348.287968661084,228.7773203669785,81.15097085899063,7.034087483214985,81.16256453509149,7.045670137173132
LS_03822,81.14274968041315,7.039251327514648,954.3278663777949,143.54290365544915,81.13695308893743,7.0334601062358075,81.14854640908214,7.0450424204479685
LS_03823,81.14459187643868,7.036277770996094,1136.6195857388243,184.26049517248106,81.13879533256068,7.030486597257612,81.1503886221385,7.042068956117291
LS_03824,81.14958122798375,7.036275863647461,2749.741224527019,287.4712251652156,81.14378462735432,7.030484646250033,81.15537803790602,7.042067126017325
LS_03825,81.14526462554932,7.035831451416016,1357.993087577527,155.35012281013647,81.13946805921094,7.030040229080216,81.1510613538107,7.041622604240731
LS_03826,81.1496057510376,7.034357070922852,6165.311010871671,491.94764194717493,81.14380914154135,7.028565832011924,81.15540250408193,7.0401483123146305
LS_03827,81.1404676437378,7.031156539916992,360.7549539140386,82.89645931531987,81.13467118550628,7.025365390538871,81.14626424545021,7.03694764939689
LS_03828,81.16345381736755,7.030799865722656,2244.575701224178,215.09314432592768,81.15765709516337,7.025008423464938,81.16925070279605,7.03659123851202
LS_03829,81.14358425140381,7.031024932861328,5219.535260114253,428.49971228847556,81.13778780706068,7.025233731471627,81.14938093927233,7.0368160658549215
LS_03830,81.14027891159057,7.030525207519531,2036.4339761059846,258.2436396954675,81.13448246753102,7.024734084377385,81.14607550693576,7.036316338662192
LS_03831,81.14028358459473,7.029325485229492,2059.8022943726655,270.505217203779,81.13448715172079,7.023534309229652,81.14608016091083,7.035116563630146
LS_03832,81.14007695515951,7.028596878051758,277.0748076183305,67.09074003003484,81.13428056108032,7.022805716735257,81.14587354684465,7.034387966131102
LS_03833,81.14273309707642,7.028690338134766,4506.751495579124,371.1730568817115,81.13693670893264,7.022899146695542,81.14852976146929,7.034481460441766
LS_03834,81.13970184326172,7.028240203857422,1268.73522543014,156.75225895962114,81.13390527111889,7.022449050399124,81.14549823876735,7.034031290702235
LS_03835,81.15573247273764,7.028291702270508,4526.393289666059,422.65907198819116,81.14993587554858,7.02250033758859,81.16152923284979,7.034082965883929
LS_03836,81.1510419845581,7.027700424194336,973.1846566956933,124.45871937805529,81.14524544186091,7.021909168991202,81.15683867066414,7.033491683836066
LS_03837,81.16244602203369,7.026885986328125,3449.907285475657,271.53127002892876,81.15664935171264,7.021094500445405,81.16824283574667,7.032677290850686
LS_03838,81.15158398946127,7.026987075805664,5407.912339926229,634.686680032318,81.14578742483779,7.021195777717035,81.15738064870766,7.032778305644537
LS_03839,81.15483840306601,7.026264190673828,5297.410945087895,551.0590937935103,81.14904183017015,7.020472852513368,81.16063511449929,7.0320554590939475
LS_03840,81.13201999664307,7.025634765625001,2360.9676694026334,203.6889012396865,81.12622400707681,7.0198437057699845,81.13781672256285,7.031425759919144
LS_03841,81.13988637924194,7.024925231933594,1923.8145264979082,250.46306575728636,81.13408464445158,7.019132167316204,81.14567753265003,7.030714411975611
LS_03842,81.14189338684082,7.024925231933594,1257.1067522411852,164.20615729680682,81.13609699000759,7.0191340502126325,81.14768992702935,7.030716343602397
LS_03843,81.13152384757996,7.024639129638672,761.7615923806447,136.23333573077346,81.1257275769014,7.018848073212204,81.13732025521777,7.030430115354634
LS_03844,81.14620590209961,7.02446174621582,764.6055463099023,125.96277618008918,81.14040945887453,7.018670512329251,81.1520024886561,7.030252910091112
LS_03845,81.13822348912558,7.024425506591797,2852.322533051161,240.68826831181354,81.13242421112535,7.018626739725511,81.14401704630389,7.030208944169908
LS_03846,81.14537966251373,7.023834228515625,1860.1252057229042,254.3789150062869,81.13958323450197,7.0180429828589315,81.15117622841188,7.029625360618608
LS_03847,81.13071091969807,7.023609161376953,1359.6251778659948,197.16995713311132,81.12491467062783,7.0178181148989065,81.13650730323437,7.029400137364789
LS_03848,81.13644361495972,7.0237464904785165,8552.181279791685,711.3604718888616,81.13073964842157,7.017959078914108,81.14233242589688,7.029541242557319
LS_03849,81.1456356048584,7.023517608642578,1937.857537904007,246.56571222818627,81.13983918046574,7.017726381664256,81.15143217257211,7.029308765611167
LS_03850,81.14622974395752,7.023035049438477,870.9439647154315,126.94057747796549,81.14043331846548,7.017243778127944,81.15202631276107,7.0288261764393525
LS_03851,81.14270973205566,7.022441864013672,275.568225599011,72.27841693492844,81.13691335667284,7.016650686336866,81.14850625073706,7.0282329994737225
LS_03852,81.1426682472229,7.021905899047852,474.82713207835474,84.32309404748483,81.13687187566165,7.0161147078130774,81.14846475518289,7.02769701994227
LS_03853,81.15257199605307,7.021501541137695,478.9144298753463,84.84489610618024,81.14677553503432,7.015710231865742,81.15836864402958,7.02729278346067
LS_03854,81.15222191810608,7.021549224853516,1475.5643046481061,157.82471080469415,81.14642543321308,7.015757918294957,81.15801853494706,7.027340461432361
LS_03855,81.15299367904663,7.021282196044922,672.8435449431806,115.87130169788612,81.14719719860578,7.015490880420719,81.15879031225047,7.027073442194168
LS_03856,81.15027618408203,7.021415710449218,4491.987541341791,512.7570781506445,81.14448725706282,7.0156225658962805,81.15608030849131,7.0272050621890605
LS_03857,81.14895820617676,7.022132873535156,21436.590545406576,1406.9957041490227,81.14315757751568,7.016339713223477,81.15475061490218,7.027922177395581
LS_03858,81.14086389541626,7.020112991333008,1362.0349030057755,169.6125481268745,81.13506618249554,7.014310460217854,81.14665897272099,7.025892728644091
LS_03859,81.14005279541016,7.02001953125,767.4550438511243,117.8757450408735,81.13425648276394,7.014228424759772,81.14584925130562,7.025810673591152
LS_03860,81.1617784500122,7.017728805541992,1456.6553586467905,237.85050220409522,81.15598182132969,7.011937329084173,81.16757505730372,7.023520102693228
LS_03861,81.14774070467269,7.015529632568359,767.6403825401474,124.99475354079293,81.14194435089189,7.009738380496531,81.15353719213505,7.021320815167982
LS_03862,81.14832515716553,7.015399932861328,669.4757433762579,124.16799607182632,81.14252886016237,7.009608632492117,81.1541217122619,7.021191081280271
LS_03863,81.14896702766418,7.0149383544921875,359.4349477324035,82.85714295670621,81.1431706628775,7.009147120941654,81.15476351883788,7.020729585218763
LS_03864,81.14922332763672,7.014812469482422,187.44634934971236,54.376037107725985,81.14342696971865,7.009021170840751,81.15501982869392,7.020603641304236
LS_03865,81.14972162246704,7.014408111572266,1843.1057653119535,251.30706031300514,81.14412920307251,7.008614862244883,81.15572206875952,7.020197349653509
LS_03866,81.1439208984375,7.012834548950195,1179.317242755695,130.42745400046462,81.1381246295643,7.007043286155238,81.14971731040976,7.018625628489687
LS_03867,81.1491719563802,7.011663436889648,1566.2089719375845,178.22188662076658,81.14337563730084,7.005872167391366,81.15496841552411,7.0174546365191715
LS_03868,81.14562749862671,7.010951995849609,3729.7672672175236,350.24392396127536,81.13983126064771,7.005160768817051,81.151423935262,7.016743152348809
LS_03869,81.1341028213501,7.00947380065918,1163.4225423415737,144.4399861771028,81.12830671357302,7.0036826529973935,81.13989907215655,7.0152647580084855
LS_03870,81.13233470916748,7.008602142333984,969.1354416291259,156.8736410384595,81.12653862167072,7.002811075934966,81.13813091550614,7.0143931382024745
LS_03871,81.13071759541829,7.008081436157227,958.7422714778576,140.97830229253202,81.12492154161951,7.002290389676547,81.13651378319602,7.01387241284153
LS_03872,81.13325881958008,7.008291244506836,1838.062786761499,271.68736612019086,81.12746273689179,7.002500149291023,81.13905504527129,7.014082233918129
LS_03873,81.13121128082275,7.0078125,473.68580185796026,85.35026689857912,81.125415234707,7.002021447643855,81.13700748146925,7.0136034827608675
LS_03874,81.13309860229492,7.007619857788086,278.24169608707876,71.87938033086093,81.12730252998873,7.001828795849234,81.13889481758993,7.01341087661882
LS_03875,81.13296222686768,7.0074462890625,187.44897515230414,54.414303852030805,81.12716615407909,7.001655215005293,81.13875843401011,7.013237292481382
LS_03876,81.1312153339386,7.00726318359375,671.5294145682681,110.8963162743684,81.12541928095442,7.0014721305892165,81.13701151399098,7.013054165821673
LS_03877,81.13179445266724,7.007225036621094,1749.494910749435,227.49074410010718,81.12599834112426,7.001434016943596,81.13759058722,7.013016066183042
LS_03878,81.12945103645325,7.005653381347656,1062.421698116262,149.63476835245962,81.12365502663195,6.999862324430694,81.13524717645599,7.011444317044708
LS_03879,81.12833786010742,7.006011962890625,14643.004720131865,1098.1764144426277,81.12254186564375,7.000220945207564,81.13413399753442,7.011802910878239
LS_03880,81.12895103601309,7.004789352416992,2426.1885325035028,310.8265395902077,81.12315504914619,6.998998309545854,81.13474716513625,7.010580290099867
LS_03881,81.12859916687012,7.003583908081055,1927.985108008461,227.456330109575,81.12280319974067,6.997792922433197,81.1343952769046,7.009374894525885
LS_03882,81.14535999298096,7.003261566162109,856.6769006847311,139.8448289083504,81.13956377162687,6.997470303028897,81.1511562458687,7.009052679965632
LS_03883,81.14473390579224,7.002866744995117,1934.1207189783586,217.2350973527335,81.13893776295583,6.9970755290940705,81.15053021213464,7.008657890922096
LS_03884,81.14297996248519,7.002773284912109,5479.875124009476,396.4818724734804,81.13718389825131,6.9969820912307386,81.14877630272184,7.008564410740701
LS_03885,81.12997388839722,7.003894805908203,21155.248880120504,1194.0774671418626,81.12417783058284,6.9981037679192095,81.13576994883464,7.0096857732423015
LS_03886,81.13480186462402,7.00206184387207,2358.7745925571044,194.61425051393778,81.12900774901384,6.996263118462537,81.14059993780582,7.007845240570931
LS_03887,81.13539187113443,7.0014286041259775,2353.802861513161,206.1528722527151,81.12959584011541,6.995637500816753,81.14118802738602,7.00721963714181
LS_03888,81.10628032684326,7.045032501220704,3905.820267434468,413.0015227451379,81.10048406751527,7.039241720711434,81.11207664544018,7.050823147148542
LS_03889,81.1060585975647,7.044364929199219,967.1956004690393,124.70191103827582,81.1002624036635,7.038574183486959,81.1118549593438,7.050155604595232
LS_03890,81.10593382517496,7.043966293334961,1865.8148498132828,192.15917127725547,81.10013772145011,7.038175620625964,81.1117302640374,7.0497570387400605
LS_03891,81.10906537373862,7.042757034301758,1662.3067591313359,166.71418703120335,81.10326916151716,7.036966251700744,81.11486175009341,7.048547746360238
LS_03892,81.10376199086507,7.04248046875,673.8770962537232,111.23397726672803,81.09796584028145,7.036689750499356,81.10955829236197,7.04827111579109
LS_03893,81.12478892008463,7.042169570922852,2156.9265031640703,188.0371435087734,81.11899261033133,7.036378595042194,81.13058556750353,7.047960472808575
LS_03894,81.10134696960449,7.041893005371094,1559.3529971263454,183.7749133138639,81.0955508680705,7.036102368311167,81.10714324634371,7.047683674727138
LS_03895,81.1083952585856,7.04315185546875,19416.981607524915,1466.7525203828939,81.10259894726076,7.037361013625694,81.11419152942584,7.048942491891998
LS_03896,81.10201835632324,7.0418548583984375,1459.6838561982113,189.66361164484675,81.09622223131753,7.036064161453643,81.10781462503523,7.047645484265698
LS_03897,81.10276508331299,7.0419921875,4916.749482522744,426.0266095708432,81.09696888292312,7.036201540992917,81.10856129834585,7.047782882013573
LS_03898,81.10412661234537,7.041582107543945,1744.8351387217253,221.74801218199954,81.09833198738369,7.0357856629440825,81.10992442563274,7.047367037289633
LS_03899,81.09508895874023,7.041543960571289,1758.4254167836411,208.56952989739045,81.0892930026299,7.03575329469488,81.1008852191138,7.0473344483085505
LS_03900,81.10924800237021,7.041391372680664,773.5482826768603,111.02082977949698,81.10345180697635,7.035600587857073,81.11504436558076,7.04718208712337
LS_03901,81.10528794924417,7.041851043701172,9925.97714952989,761.4238057914256,81.09949180983902,7.036060307088604,81.11108428333806,7.047641709702314
LS_03902,81.11881097157797,7.04139518737793,5196.137477790537,554.2446391730552,81.11301466296115,7.035604275318691,81.12460745491855,7.047186007619123
LS_03903,81.11652355194092,7.041219711303711,3422.696642597041,344.31500890321433,81.11072716014237,7.035429005371043,81.12231989190893,7.047010681972539
LS_03904,81.1083173751831,7.041351318359375,9839.02179761551,797.9415274554846,81.10252118508896,7.035560369219875,81.11411371996226,7.047141845795385
LS_03905,81.10407876968384,7.040960311889648,578.2960431946108,92.09626339320081,81.09828358094391,7.035161960465124,81.10987600229902,7.046743333709968
LS_03906,81.11045837402344,7.041263580322266,19232.29209387004,1409.3278299710798,81.10466153005656,7.03547138686127,81.11625411492922,7.047052915638713
LS_03907,81.12406635284424,7.042291641235352,28671.394659009267,2162.8127882134168,81.11826995337428,7.036500723148598,81.12986289602954,7.048082583322224
LS_03908,81.10399880409241,7.040592193603516,871.3533914989299,118.12954141209653,81.09820268072426,7.034801472294152,81.1097950910231,7.046382843611512
LS_03909,81.10690863927206,7.040594100952148,1062.1646595961568,153.91706801876265,81.10111246952367,7.034803344344768,81.11270495092651,7.046384786650164
LS_03910,81.11926174163818,7.040315628051758,1170.3639158532817,138.07654657221286,81.11346542562794,7.034524755292816,81.12505820132195,7.0461064986519215
LS_03911,81.10387420654297,7.040105819702148,974.3994682022571,125.44612942104922,81.09807808997941,7.034315063615532,81.10967048498411,7.045896431955863
LS_03912,81.1061019897461,7.039951324462891,576.0765362683924,90.77436457980751,81.10030583855797,7.034181558448497,81.11189828460049,7.045762981153984
LS_03913,81.12011528015137,7.039743423461914,1375.5678942083387,150.0333995624137,81.11431896095793,7.033952553047893,81.12591174300697,7.045534317228001
LS_03914,81.10553534825644,7.039836883544922,6007.186581985025,565.9019994457179,81.09973380667395,7.034042328994438,81.11132623524219,7.045623737763685
LS_03915,81.1107292175293,7.03955078125,3043.5706546982733,266.0863119715155,81.10493301518203,7.033760010068452,81.11652556353421,7.045341545646151
LS_03916,81.12540181477866,7.039554595947266,7856.867627338333,712.0600308072936,81.11962491190594,7.033759951029509,81.13121781831808,7.045341844324014
LS_03917,81.1066780090332,7.03857421875,2136.597329270544,239.59903814786807,81.10088192697435,7.032783420911521,81.11247435185892,7.044364857836153
LS_03918,81.12743043899536,7.0384368896484375,6180.7029271518795,483.2850697192403,81.12163403203809,7.032645883194597,81.13322695920814,7.044227825400192
LS_03919,81.1059205191476,7.037984848022461,2162.9829191932017,206.16402896253854,81.10012438375304,7.032194103794432,81.1117167753034,7.043775522317661
LS_03920,81.12812805175781,7.0372314453125,1062.7067821921164,131.0973010463108,81.12233166671744,7.031440385047418,81.13392458040757,7.043022344266305
LS_03921,81.12680435180664,7.036680221557617,960.461285600909,144.32561851375726,81.12100798982102,7.030889222753567,81.13260085738638,7.042471149825853
LS_03922,81.11541843414307,7.036588668823242,1537.696380490764,210.8624953788875,81.10962221193473,7.03079777994676,81.12121479994669,7.042379430044595
LS_03923,81.11492395401001,7.035881042480469,3612.4813755474215,286.42433825949115,81.10913368329571,7.030082558881502,81.12072624137022,7.041664197149782
LS_03924,81.11364618937175,7.035112380981445,6301.46602741684,517.7593703148192,81.10785003665632,7.029321642104466,81.11944254426814,7.0409032491904995
LS_03925,81.10024147033691,7.034797668457031,3210.4280424417925,269.62783972593525,81.09444544716516,7.0290069497098475,81.10603761985435,7.040588230145433
LS_03926,81.12829099162931,7.032199859619141,1445.858188174013,201.4664845605849,81.12249466848422,7.0264088675400425,81.13408745907857,7.037990830942382
LS_03927,81.12518437703451,7.0317840576171875,2615.266684316885,288.3970340106682,81.11938806807561,7.0259930786568345,81.13098077264351,7.037574966618243
LS_03928,81.12382411956787,7.031566619873047,1717.868553326169,195.70733202546748,81.11802789550985,7.025775657448161,81.12962056151245,7.037357512373195
LS_03929,81.12303485870362,7.031347274780273,1030.9169540183213,135.72929241245484,81.1172385866327,7.025556263718024,81.12883122790254,7.037138099475767
LS_03930,81.12824476682223,7.030717849731445,860.6239557062466,136.05126249341893,81.12244846546706,7.024926795137406,81.13404121752912,7.036508757482923
LS_03931,81.12883043289185,7.030620574951172,1620.1552469482833,210.06279398826007,81.12303407466467,7.024829455482341,81.13462683850177,7.036411432050432
LS_03932,81.12649130821228,7.031166076660156,8432.470826653089,778.542401076235,81.12069502625593,7.02537505483362,81.13228774700823,7.036956974576171
LS_03933,81.12069718043008,7.030263900756836,2828.8317025078663,289.9481965748561,81.11490102109181,7.024472976552297,81.12649357817995,7.0360547555700785
LS_03934,81.12640174229941,7.029993057250977,1321.9408511922377,180.2358935063979,81.12060546849187,7.024202063245788,81.1321981574707,7.035783980872233
LS_03935,81.12730145454407,7.029716491699219,1854.236282368457,200.69936739539833,81.12150515925383,7.0239254864746545,81.1330978631221,7.035507425961606
LS_03936,81.12597632937961,7.029407501220703,1371.6007910827532,143.44534159050357,81.12018006820247,7.023616468819483,81.13177273206783,7.035198376145176
LS_03937,81.12460713637503,7.029043197631836,2054.3822522651303,244.01919055266404,81.1188108980375,7.023252200979216,81.13040351943195,7.034834075072802
LS_03938,81.12468814849854,7.020336151123047,1347.907478576734,174.26151073926638,81.11886255799016,7.014541414995352,81.13045496109503,7.026123290832441
LS_03939,81.12589836120605,7.0187225341796875,462.3037423373025,103.25962644835042,81.12010223649204,7.012931506109021,81.13169462914009,7.0245134120973605
LS_03940,81.12658500671387,7.018815994262695,2351.0506107438296,231.2149589808386,81.12078887249471,7.013024997902392,81.13238128416121,7.024606920534335
LS_03941,81.12941074371338,7.018455505371094,1169.0857258249293,150.2870625130529,81.12361464323571,7.012664427064899,81.1352071143761,7.024246418207879
LS_03942,81.12137381235758,7.018365859985352,1551.7918532888812,172.96060285329528,81.11557765993535,7.012574925301537,81.12716993376276,7.0241567215690575
LS_03943,81.10462188720703,7.018547058105469,5387.467116978442,424.6759604730694,81.09882602327555,7.012756328090861,81.11041789435755,7.024337717408367
LS_03944,81.105836050851,7.016792297363281,2461.481008786668,237.6130079671894,81.10004021158205,7.011001553131402,81.11163206815507,7.022582972191181
LS_03945,81.09618457158408,7.01652717590332,1068.4361148134,137.9705313295208,81.09038533350291,7.010728919101729,81.10197694813326,7.022310103311707
LS_03946,81.0899507522583,7.01646614074707,1464.5576890858526,174.182950810807,81.08415508684782,7.010675557525263,81.09574654825832,7.022256590000153
LS_03947,81.09617869059244,7.016023635864258,2066.249473189613,184.84366675172072,81.09038303593147,7.010233064466143,81.10197463807368,7.02181424869714
LS_03948,81.11203175499325,7.0188541412353525,88059.4671678756,5005.941008372277,81.10623579784257,7.0130632606821806,81.1178278569296,7.0246448300933055
LS_03949,81.0914659500122,7.015447616577148,1134.888080287933,176.98063665834505,81.08567028516765,7.009657029739443,81.0972617580101,7.021238099305911
LS_03950,81.09298324584961,7.014232635498047,864.3828036190889,143.0375104670109,81.08718753489909,7.008442077255548,81.09877901428693,7.020023183977173
LS_03951,81.12499364217123,7.014326095581055,2447.5494535876237,227.12738285479716,81.1191976372969,7.008535117463043,81.13078989730789,7.0201170017549535
LS_03952,81.09449577331543,7.013954162597656,1360.00471523546,162.70120759287946,81.0887000675919,7.008163555714616,81.1002915768576,7.019744699304745
LS_03953,81.09336280822754,7.013679504394531,571.132966895873,103.9337419510308,81.08756715300905,7.0078889116293945,81.09915862778924,7.019470027685068
LS_03954,81.12860679626465,7.00726318359375,473.8639145036002,85.27349777425783,81.12281078274677,7.001477884490903,81.13440295276465,7.013059856616066
LS_03955,81.12800216674805,7.007225036621094,1069.7028563930912,156.0875966501743,81.12220615695104,7.0014339703477715,81.1337983112202,7.013015927843736
LS_03956,81.12874190012613,7.006996154785156,192.86823224324928,54.79552203915299,81.12294589252015,7.001205132076667,81.13453805894919,7.0127871074821915
LS_03957,81.12860488891602,7.006858825683594,190.91383793687348,54.5137593272652,81.12280888057423,7.001067804537109,81.13440104023081,7.012649776633087
LS_03958,81.12810969352722,7.006629943847656,674.461859515991,115.46243375713892,81.12231370609257,7.000838976854579,81.13390584800145,7.012420936978627
LS_03959,81.12770748138428,7.00627326965332,95.59028692922915,36.48229885754095,81.12191149126626,7.000482272038825,81.13350361446305,7.012064222445927
LS_03960,81.12761878967285,7.006143569946289,186.47218200493194,54.27997096397135,81.12182280225827,7.0003525731336875,81.1334149200455,7.011934521400516
LS_03961,81.12743773667708,7.005882263183594,972.4275859606213,123.3161431011919,81.12164175391806,7.000091293848751,81.1332338607503,7.011673237746457
LS_03962,81.09451389312744,7.005151748657227,2233.2239658613175,241.9660818746092,81.08871841154739,6.999361186341115,81.10030970083145,7.010942331791065
LS_03963,81.12268257141113,7.002368927001953,1935.4516962515822,223.3154862339071,81.11688631664859,6.996577963107217,81.12847822000812,7.00815979211473
LS_03964,81.12191200256348,7.002277374267577,3027.197493734865,317.09483295923343,81.11611595500814,6.996486395061455,81.12770783740676,7.00806820542995
LS_03965,81.12415329615274,7.00196647644043,1449.7691744253793,187.33398847894958,81.11835740420095,6.996175508972108,81.12994933308055,7.007757373600836
LS_03966,81.12402439117432,7.001064300537109,3101.121194944219,302.89922404044336,81.11822851105221,6.995273299210335,81.12982041414894,7.006855160771666
LS_03967,81.08153418490761,7.045173645019531,1263.0888113319463,153.54772988611737,81.07573827015712,7.039383222417678,81.08733024594038,7.050964043718764
LS_03968,81.07023938496908,7.044948577880859,3621.642735046106,305.1317195165843,81.06444381387031,7.039158271316069,81.07603550683018,7.05073881576243
LS_03969,81.07973575592041,7.044589996337891,2615.811166373783,291.8021008081615,81.0739393757451,7.038799566416035,81.08553129275174,7.050380343768592
LS_03970,81.08081897099814,7.044454574584961,670.7643355261465,111.17633903269827,81.07502306792415,7.038664136711782,81.0866150081049,7.0502449406430925
LS_03971,81.08193778991699,7.044137954711914,385.6164811711953,73.3748743082318,81.07614188196463,7.038347503243225,81.0877338416231,7.049928334645832
LS_03972,81.0807614326477,7.044008255004883,1062.5996879624518,143.13793676849605,81.07496553870564,7.038217817836342,81.08655746626485,7.049798620452548
LS_03973,81.07384713490804,7.0438232421875,2346.3894319542414,259.44016276400833,81.06805132904023,7.038032897266022,81.07964308233903,7.0496135304704035
LS_03974,81.0732250213623,7.043428421020508,2029.707473824106,203.73424816312635,81.06742922917073,7.037638076214836,81.07902095729435,7.049218694258444
LS_03975,81.08059024810791,7.043235778808594,672.098531647527,110.56857684378515,81.07479436960514,7.037445343902756,81.08638627356612,7.049026142489443
LS_03976,81.08093929290771,7.043159484863281,441.0480493107399,97.0114482803879,81.07514329813834,7.037369044061416,81.08673520873772,7.048949851210562
LS_03977,81.07927322387695,7.042350769042969,5115.455412987431,439.57536699869445,81.07347357126451,7.036554628013338,81.08506542047543,7.048135394438008
LS_03978,81.07236544291179,7.041852951049805,1466.166257801199,177.5573522450545,81.06656968469984,7.036062616436632,81.07816135220803,7.047643213780955
LS_03979,81.07742589314779,7.040998458862306,2138.714801813622,215.96515533848867,81.071630105598,7.035208062796888,81.08322187580737,7.046788784358686
LS_03980,81.04533195495605,7.040586471557617,3810.529392440833,363.66894434948114,81.03953654654327,7.034796468826458,81.05112751767489,7.046376402491706
LS_03981,81.07735300064087,7.040058135986328,758.5364337031775,130.94327219387597,81.07155719757931,7.034267740147522,81.08314894240544,7.045848460132729
LS_03982,81.04488754272461,7.039920806884766,2631.023800136088,246.7668039954573,81.03908504241765,7.034127029510225,81.05067598570652,7.0457069522888585
LS_03983,81.08014464378357,7.039737701416016,5430.482051813538,465.7801191587356,81.07434880095434,7.033947205694539,81.08594060616528,7.045527994112469
LS_03984,81.04836463928223,7.039558410644531,3237.2157593546713,337.155526982787,81.04256923762594,7.033768372662851,81.05416025775702,7.045348381279033
LS_03985,81.0775292714437,7.039518356323242,2147.782612744493,224.8640528843879,81.07173348286199,7.033727958495631,81.0833252184666,7.045308682918644
LS_03986,81.06110048294067,7.039287567138672,5022.121582044053,388.4673842058392,81.05530486074485,7.033497370811653,81.06689618734448,7.045077692454086
LS_03987,81.0808095250811,7.038883209228516,2141.9227783719643,248.4964843296875,81.07501369512288,7.033092746527877,81.08660549517988,7.044673551403719
LS_03988,81.08014106750488,7.0385284423828125,3141.0212510393762,365.9770152246294,81.07434525193514,7.032738012332121,81.08593702671104,7.044318800920608
LS_03989,81.06033134460449,7.037981033325195,571.0141768717111,96.85386291040061,81.05453577891524,7.032190845812027,81.06612705391872,7.0437711489416985
LS_03990,81.06014919281006,7.037454605102539,977.2454483835074,123.35625968858672,81.0543536359395,7.03166440125127,81.06594489329501,7.043244700058603
LS_03991,81.05053976603917,7.037990570068359,7262.751721305355,691.6433330610394,81.04474431958374,7.0322005170554,81.05633535407246,7.043780579656497
LS_03992,81.05966186523438,7.036739349365234,3311.9435401699784,349.74777938390406,81.05386632328982,7.030949158458036,81.0654575507781,7.042529445506689
LS_03993,81.05925636291504,7.03577995300293,1734.103610764911,157.2331142349673,81.05346083507298,7.02998977831018,81.06505202860144,7.041570055679826
LS_03994,81.04304161071778,7.035470962524414,1928.6476636054679,228.71132019394634,81.0372462891817,7.029680978603375,81.0488370761946,7.04126085764937
LS_03995,81.0440538406372,7.035247802734376,2136.42870370613,237.08494557182587,81.03825850540721,7.029457833692723,81.04984931177388,7.041037737713099
LS_03996,81.04234762191773,7.03363037109375,5906.600941136453,459.0617305735927,81.03655235413777,7.02784040392936,81.04814307814621,7.039420266538384
LS_03997,81.05574954183479,7.031152725219727,4798.8793062927025,471.6756497124717,81.0499541168458,7.025362576406849,81.06154510856649,7.036942769065644
LS_03998,81.07622882298061,7.019039154052734,6004.596376027676,525.7909155193728,81.07043995472154,7.01323545380012,81.08203114531054,7.024816151168496
LS_03999,81.07398772239685,7.018409729003906,675.8643919288835,98.81100738920152,81.06819437972786,7.012611742575995,81.07978549981605,7.024192385233403
LS_04000,81.07849636077881,7.017280578613281,2525.9701564414595,318.81565241020064,81.07270082314643,7.011490211318009,81.08429202533881,7.023070964277287
LS_04001,81.07075500488281,7.016426086425781,1757.9829735553164,208.7943123641608,81.06495959427562,7.010635789059947,81.0765505858746,7.0222163531542146
LS_04002,81.07632541656494,7.016660690307617,4521.769912979545,318.74415837222426,81.07052991675982,7.010870304467679,81.08212105040224,7.022451004564987
LS_04003,81.0799171924591,7.015926361083984,1578.713453275182,157.0346398106854,81.0741223776802,7.010143560913063,81.08571358091439,7.021724348855276
LS_04004,81.06997728347778,7.015842437744141,4901.463888991604,388.16709286462617,81.06423063605227,7.0100558616406135,81.07582159533614,7.0216364080649205
LS_04005,81.0685977935791,7.015575408935547,187.88923850970465,54.569770883296414,81.06280240636343,7.009785110691437,81.07439332395104,7.021365622280678
LS_04006,81.06890869140625,7.015623092651367,474.4758267687281,83.28196457560321,81.06311329979314,7.0098328104682075,81.07470422617683,7.02141332964346
LS_04007,81.06793006261191,7.01544189453125,977.7349463399901,132.211570424278,81.062134683049,7.009651611168632,81.07372558096864,7.021232106472047
LS_04008,81.06720328330994,7.015342712402344,967.0747519294712,156.6992004948501,81.06140792561703,7.009552476170671,81.07299880328145,7.021132953735476
LS_04009,81.07983366648355,7.015445709228516,1361.1541786676435,172.14512345092263,81.07403811810661,7.009655242430473,81.08562930706913,7.021236028420379
LS_04010,81.06605577468872,7.01512336730957,283.29990695187917,67.34035265951374,81.06026043522124,7.00933310613801,81.07185127933298,7.020913555708585
LS_04011,81.06877994537354,7.013559341430664,3343.1102210480503,332.101521347769,81.06298460240252,7.007769015470144,81.07457547410792,7.019349532018112
LS_04012,81.01934719085693,7.030845642089844,5878.382540693607,492.6802565694454,81.0135522218994,7.025055943311062,81.02514230950483,7.03663524045196
LS_04013,81.02808570861816,7.029270172119141,95.40757286514628,36.310715450456264,81.02229064832318,7.023480382019505,81.0338809123562,7.035059895205731
LS_04014,81.0177993774414,7.029541015625,6086.536587591591,389.98392964379406,81.01200443613884,7.023751349574698,81.02359445311218,7.035330609092153
LS_04015,81.01901078224182,7.029266357421875,5107.502564638679,451.0408826972511,81.01321582714786,7.023476703945723,81.02480586720682,7.035055993461321
LS_04016,81.02795028686523,7.029092788696289,573.8669919429044,90.8919105064022,81.02215523044411,7.0233029974925705,81.03374548672576,7.034882507413271
LS_04017,81.02904510498047,7.0292205810546875,4014.047834071669,364.7805705924225,81.02325002520102,7.023430776198861,81.03484031165127,7.035010313033696
LS_04018,81.0275514125824,7.028636932373047,4303.740391743877,311.0628300471017,81.02175637271728,7.0228471700532005,81.03334660782694,7.034426670329846
LS_04019,81.01599597930908,7.028385162353516,4693.367085907713,443.5793095527487,81.01020107915333,7.022595514939352,81.02179102288945,7.0341747304689015
LS_04020,81.01921577453614,7.027790069580078,3427.5759586945464,284.39678763201766,81.01342084479448,7.022000399637969,81.02501085323911,7.033579694837978
LS_04021,81.01568953196207,7.027162551879883,665.3684718095944,111.28948098004436,81.00989465051445,7.021372911279732,81.02148455632909,7.032952119784232
LS_04022,81.01550277074179,7.025857925415039,4700.143736990403,420.85830360742904,81.00970790591239,7.020068286778916,81.02129777473228,7.031647491248464
LS_04023,81.03567504882812,7.025896072387695,13891.313208217023,1014.3478735294331,81.02987993699897,7.0201061721375595,81.04147030403003,7.0316858733974925
LS_04024,81.01553583145142,7.024375915527344,4996.243970573784,346.6512338873471,81.00974098543529,7.0185862730419375,81.02133081829217,7.030165478976528
LS_04025,81.01731357574462,7.022127151489258,14357.548777043008,1171.1251671525,81.0115187413958,7.016337486613955,81.02310856231733,7.027916737351158
LS_04026,81.00890445709229,7.018585205078125,5178.240895665144,387.87075934166114,81.00310976675736,7.0127956462749825,81.01469929237021,7.0243746912825
LS_04027,81.01937212262834,7.018587112426758,23128.866478596985,1218.0050453146275,81.01357301032586,7.0127840639317665,81.02516279373981,7.024363366796003
LS_04028,80.99058175086975,7.013866424560546,9957.176326329429,766.4630375935125,80.9847869671431,7.0080768698656355,80.99637638858638,7.019655929710306
LS_04029,81.0175085067749,7.0011138916015625,2052.8937160728597,245.2892631083129,81.01171393788334,6.995324229778484,81.0233032430039,7.006903494366031
LS_04030,81.01654161725725,7.000616073608398,3745.1924103240526,318.4566191472998,81.01074705485992,6.994826416967786,81.02233632388861,7.006405658012384
LS_04031,80.95464897155762,7.043474197387695,3629.023116395768,353.51041806293955,80.94885147053621,7.0376765652667865,80.96044251414146,7.049256498482949
LS_04032,80.95997095108032,7.040817260742187,1966.2015872280501,238.57522282232455,80.95417550475871,7.035027322240417,80.96576635097324,7.046607125270806
LS_04033,80.95752000808716,7.0402374267578125,5390.6722084846315,404.09083117961217,80.95172448415688,7.034447458744688,80.96331537630668,7.046027322330523
LS_04034,80.9640783582415,7.039331436157227,4300.6247269342,398.3162944265918,80.95828292499438,7.033541541614205,80.96987363285987,7.04512124400088
LS_04035,80.963134765625,7.038969039916992,2345.611044341588,204.71694312940645,80.95733933275417,7.03317914092453,80.96893005484942,7.044758866690331
LS_04036,80.96471977233887,7.038749694824219,673.6139113027406,103.34080266928486,80.9589243881998,7.0329598149423225,80.97051506573813,7.04453950173928
LS_04037,80.96416449546814,7.038440704345703,2631.386544609531,277.0175565073469,80.95836908274654,7.032650817890268,80.96995976627369,7.044230518482432
LS_04038,80.96342207590739,7.038114547729492,871.0001165924715,119.05014416388202,80.95762665786586,7.03232466136932,80.96921735156549,7.043904380369801
LS_04039,80.95445251464844,7.03076171875,973.7941587603774,125.6026987624747,80.94865707731357,7.024971695441952,80.96024780850871,7.036551637692915
LS_04040,80.95204230029174,7.031213760375977,10426.751200874782,569.8873159484555,80.94624674100362,7.025406539061662,80.9578375423269,7.036986540392502
LS_04041,80.97912737528483,7.030305862426758,8159.994164869378,554.0552627594848,80.97333222032366,7.024516159043851,80.98492233217327,7.0360954940368625
LS_04042,80.95409970283508,7.029552459716797,11101.9183269865,966.366773953014,80.9483042817832,7.023762451404696,80.9598949914938,7.035342402727409
LS_04043,80.96470483144125,7.027515411376953,4222.911973949579,476.94033907424,80.95890955712706,7.021725577708114,80.97049995511901,7.033305269027673
LS_04044,80.96607208251953,7.028606414794922,52606.14500546075,2922.0058101041072,80.96027680540081,7.022816550284009,80.97186719688219,7.034396207558617
LS_04045,80.95275783538818,7.015220642089844,11021.321885472904,531.9024654724793,80.94696264731483,7.009430612188325,80.95855303287114,7.021010601163496
LS_04046,80.97256592341832,7.012836456298827,25796.194160267583,1335.5718898742782,80.96677091616314,7.007046668873834,80.97836075583994,7.01862617252385
LS_04047,80.96178504398891,7.009515762329102,4938.123361703863,452.12180386365424,80.95598996341822,7.00372584144416,80.96757998556457,7.01530561102662
LS_04048,80.96308258601597,7.007810592651367,2245.199814559644,244.05185759836058,80.95729302323792,7.002007335977757,80.9688829707179,7.0135870742219835
LS_04049,80.98833327823215,7.006763458251953,1362.686557469133,151.27039027985495,80.98253855594648,7.000973862773552,80.99412785704332,7.01255298122193
LS_04050,80.98770713806152,7.006732940673828,2424.7458358088097,310.833556772527,80.98191240869353,7.000943337450056,80.993501724458,7.012522471321148
LS_04051,80.98663091659546,7.006093978881836,2839.5341798718478,256.5442032322743,80.98083618253335,7.000304362303376,80.99242550899402,7.011883522940532
LS_04052,80.97213344573974,7.003814697265625,1457.041874550896,162.20162589342976,80.9663385459495,6.99802489151444,80.97792817252208,7.009604409347461
LS_04053,80.98119596334604,7.003593444824219,14068.036709439968,841.6399862368456,80.97540119481074,6.9978037342922805,80.98699059314616,7.009383029653264
LS_04054,80.96817207336426,7.002946853637695,1754.8321476749447,200.32801298147956,80.96237715075135,6.997157009903182,80.97396685308472,7.008736625260941
LS_04055,80.9145770072937,7.043651580810547,4325.820830255027,378.2776260290691,80.90878093510182,7.03786108705682,80.92037296795556,7.0494420038918415
LS_04056,80.90281200408936,7.024600982666016,472.246711939562,85.02253642741657,80.89701601144971,7.018810325030174,80.90860785338421,7.030391532521174
LS_04057,80.90241622924805,7.024423599243164,1262.523063506328,170.0015458616774,80.89662023400871,7.018632955253035,80.90821208114356,7.030214172415383
LS_04058,80.90654730796814,7.024238586425781,4126.831052674712,388.47686977578934,80.90075136821633,7.018447985772681,80.91234310992226,7.03002910227154
LS_04059,80.89941024780273,7.020925521850586,4325.763757873467,329.8844714844133,80.89361425987052,7.015134841024085,80.90520609246543,7.026716131909948
LS_04060,80.8993124961853,7.018800735473633,3129.1616634077486,360.3465569626704,80.89351653616869,7.013010053173955,80.9051083178114,7.024591346736874
LS_04061,80.89863562583923,7.016704559326172,1347.1162220433905,215.87434111228708,80.8928396819805,7.010913868683377,80.90443142750524,7.022495179006472
LS_04062,80.93238830566406,7.001924514770508,6484.539725227268,353.3628543183562,80.92659290635616,6.996134234628631,80.93818345932662,7.007714725598137
LS_04063,80.94422928492227,7.003305435180664,23556.85575303184,1483.2176388151527,80.938434065395,6.997515276967316,80.95002436335716,7.009095478415905
LS_04064,80.84568405151367,7.037263870239258,473.124554195429,84.80718237430327,80.83988720452822,7.0314725675707095,80.85148075489055,7.043055162038459
LS_04065,80.84675826629004,7.036109924316406,1173.5753565984878,150.43486324179798,80.84096144727434,7.030318605244054,80.85255494235064,7.041901173652682
LS_04066,80.84666991233826,7.034305572509766,3910.1862215191136,352.20339175227963,80.84087309310371,7.028514251609566,80.85246654459297,7.040096822079904
LS_04067,80.84882736206055,7.033361434936523,969.797485192243,126.88423174775487,80.84303060265081,7.027570140846246,80.85462397794734,7.039152659055034
LS_04068,80.84860420227051,7.032693862915039,1259.84130195374,163.8624132916657,80.84280744861634,7.026902566137728,80.85440081241138,7.03848508972436
LS_04069,80.8441456158956,7.032785415649414,2538.604690646595,270.38101529607576,80.83834849313637,7.026986435724987,80.84994196705294,7.038569067209626
LS_04070,80.84775352478027,7.032503128051758,1455.720732997153,238.29900459234693,80.84195676323921,7.026711820983489,80.85355014281177,7.038294365152176
LS_04071,80.89771842956543,7.032192230224609,1057.6527163471812,151.54784136357705,80.89192225477494,7.0264015290385595,80.90351441173024,7.037982859586991
LS_04072,80.84857845306396,7.03192138671875,1753.138107082965,205.0410677874813,80.84278170888827,7.026130053577107,80.8543750537423,7.037712577758649
LS_04073,80.89810371398926,7.03143310546875,1561.5190623462606,179.45045134107338,80.89230757801403,7.025642409353901,80.9038997064765,7.037223730612709
LS_04074,80.81864743232727,7.027482986450195,1668.7666608470017,157.85648050579118,80.81284864082832,7.0216780466230775,80.82444259603858,7.033261293030349
LS_04075,80.81588300069174,7.025457382202148,478.37897431894766,83.92179037337083,80.81008597006898,7.019665689546197,80.82167994069769,7.031249002161565
LS_04076,80.81280255317688,7.022674560546875,383.32740230426555,72.58163400188523,80.80700548985729,7.016882832550331,80.81859946391569,7.0284662188245335
LS_04077,80.88372707366943,7.020193099975586,1844.7662527710195,222.4243283075565,80.87793090410035,7.014402328659457,80.88952309998055,7.025984000970438
LS_04078,80.87478923797607,7.0203857421875,3730.3096093649738,322.244971256898,80.86899295742222,7.014594737691406,80.88058537527371,7.026176626916706
LS_04079,80.89612579345703,7.012519836425781,6275.019658900587,436.2021284508679,80.89034318779198,7.006727207999696,80.90193488903724,7.018308579582447
LS_04080,80.82007646560669,7.011674880981445,11415.77138614335,668.2505313689603,80.81427968110849,7.005883242721348,80.82587320093097,7.017466452500567
LS_04081,80.8981430053711,7.006597518920898,1273.6752306884268,143.74735918263536,80.89234718580475,7.000806821579636,80.90393868988615,7.012388145253774
LS_04082,80.89819240570068,7.005832672119141,1944.7631959583277,197.44398176659928,80.89239755021804,7.000036253480236,80.90398903376827,7.011617576035385
LS_04083,80.79065954685211,7.041618347167969,1078.2514778635086,135.03956508061168,80.7848619840146,7.035826351841811,80.7964569737394,7.0474102741662925
LS_04084,80.79155731201172,7.041444778442383,752.85749986752,135.72206418656097,80.78575975832003,7.035652793637388,80.79735472201207,7.047236694345693
LS_04085,80.79288291931152,7.041082382202148,476.41027721856716,84.31879823047646,80.78708538619937,7.03529036269987,80.79868030873621,7.046874231462613
LS_04086,80.79003118213853,7.040868759155273,860.4351550138207,170.32241844004085,80.78423361693966,7.035076736293241,80.79582860261328,7.046660673536552
LS_04087,80.79250240325928,7.040546417236328,1267.4678643770835,176.4981219950036,80.78670483538609,7.034754444326301,80.79829975338262,7.046338322111523
LS_04088,80.7916259765625,7.040275573730469,480.4086435516485,84.78550603383275,80.78582847434508,7.034483591612266,80.79742340649997,7.046067490394222
LS_04089,80.79092073440552,7.039741516113281,1169.1319270484607,158.32243536044385,80.78512308131424,7.033949448211782,80.79671801678253,7.045533363815928
LS_04090,80.78733932971954,7.039649963378906,3599.2518679158725,376.6267093009221,80.7815383270727,7.033856135311192,80.7931333463381,7.045440136992156
LS_04091,80.78692944844563,7.038482666015625,2049.207788564901,218.2147671072374,80.78113195581744,7.03268490636958,80.7927269549018,7.044268917513167
LS_04092,80.77421589784845,7.036197662353516,3445.5123493870806,279.2610173215387,80.76841820465594,7.030405537670302,80.78001345058375,7.041989853060296
LS_04093,80.77461791038513,7.033138275146484,2794.6443716376316,306.71046869576173,80.76882028135437,7.0273460885112335,80.78041543932754,7.038930393367237
LS_04094,80.77560981114706,7.031526565551758,1934.4659927648333,244.02765925173236,80.76981219494581,7.025734390925254,80.78140728790845,7.037318671559118
LS_04095,80.76168505350749,7.027658462524414,471.00670481620966,92.08566359263908,80.7558873254776,7.021866122600462,80.76748265267082,7.033450734956744
LS_04096,80.7619981765747,7.026945114135742,656.5853405623766,123.30634051719281,80.75620045416179,7.021152803401277,80.76779575559856,7.032737408037936
LS_04097,80.767937819163,7.025503158569336,5600.752993895948,500.4063888403297,80.76214017169609,7.019710892909756,80.7737352942136,7.031295355199376
LS_04098,80.76664797465006,7.017192840576172,278.06153329116756,66.41289048124077,80.76085047979186,7.011400562587466,80.77244542059171,7.02298505299749
LS_04099,80.76685523986816,7.017053604125977,94.16783070338917,36.20406710276631,80.76105770213043,7.011261350074245,80.77265263442293,7.022845835494904
LS_04100,80.76636576652527,7.016876220703125,967.9746911690947,126.31265369492986,80.76056824719159,7.011083850227683,80.7721631866353,7.022668347268554
LS_04101,80.76626968383789,7.015350341796875,190.02426896590728,54.462932471328145,80.76047216089457,7.0095580583231785,80.77206706363346,7.021142557159632
LS_04102,80.78010559082031,7.015308380126953,387.2437123211264,72.97506816758772,80.77430823373884,7.0095162616958415,80.78590280475436,7.021100430164334
LS_04103,80.76730346679688,7.015077590942383,97.09986593595629,36.569898527435704,80.76150595968215,7.009285343457826,80.77310083076992,7.020869817546508
LS_04104,80.79834175109863,7.014982223510742,1265.225079485304,157.0329751984066,80.79254458771663,7.009190324030606,80.8041387135866,7.02077405597409
LS_04105,80.77996563911438,7.014453887939453,781.4181912013752,104.3610673168435,80.77416828330657,7.008661767632468,80.78576283587455,7.020245939208532
LS_04106,80.76589012145996,7.01423454284668,1644.3933206079976,179.14104527567198,80.7600926082562,7.008442175186027,80.77168749153795,7.0200266827103635
LS_04107,80.80065727233887,7.0138702392578125,569.3613103936129,115.79054594964809,80.79485245419977,7.008076463325972,80.8064464963757,7.019660139724344
LS_04108,80.76577997207642,7.012828826904297,1163.3385465254855,176.8174305700159,80.7599824475984,7.007036537340731,80.771577297592,7.018621047031678
LS_04109,80.7795747756958,7.013114929199219,1426.2075544536917,230.76662261853704,80.7737791487725,7.0073113612102516,80.78537367620682,7.018895541708331
LS_04110,80.77911567687988,7.012697219848633,385.64678391462246,73.30344996089387,80.7733183412874,7.006905089978826,80.78491286937958,7.018489281371708
LS_04111,80.76254234313964,7.0115814208984375,276.5547102291097,71.97167577182793,80.75674480634564,7.005789094453159,80.76833970169655,7.017373680892363
LS_04112,80.76299095153809,7.011484146118164,95.14620417392297,36.74375975219448,80.75719343892149,7.005691847345985,80.76878832108835,7.0172764230631435
LS_04113,80.77464771270752,7.011621475219727,969.583290505734,145.2180456752456,80.76885041161279,7.005829289963896,80.78044501904691,7.017413587733209
LS_04114,80.76326179504395,7.011394500732422,95.50157323737453,36.45751783725971,80.75746428680361,7.005602182105607,80.76905916021981,7.0171867513390564
LS_04115,80.77506732940674,7.01123046875,371.4340169632144,76.83240528992303,80.76926996415857,7.005438249254992,80.78086455159306,7.017022536894454
LS_04116,80.76504039764404,7.011081695556641,681.3929027176895,116.46160325540485,80.75924287136773,7.005289398637471,80.7708376943705,7.016873925383039
LS_04117,80.77558612823486,7.0108184814453125,755.5725023364781,125.95043010307894,80.76979449662888,7.0050206419839665,80.78138906087915,7.016604916980532
LS_04118,80.77824211120605,7.0082950592041025,3432.1188743616185,312.19466347416187,80.77243810632076,7.002510550206525,80.78403254340938,7.014094761376742
LS_04119,80.76218223571777,7.007850646972656,189.3166447707412,54.781762225724485,80.75638475991764,7.002058316118434,80.76797956852761,7.013642909865915
LS_04120,80.76346826553345,7.007850646972656,1059.142478320712,177.68596820636412,80.75761655267915,7.002054602327525,80.769211331835,7.0136391667406945
LS_04121,80.7784423828125,7.007761001586914,189.58277057278235,54.446067808296085,80.77264510214947,7.0019688644020155,80.78423952048645,7.013553070477626
LS_04122,80.76254367828369,7.007759094238281,864.4958072905092,143.84582869109414,80.75674616976708,7.001966768174907,80.76834096742512,7.013551353285526
LS_04123,80.77880592346192,7.00739860534668,1940.6038773273547,204.76747467099548,80.77300879545064,7.001606469598717,80.78460319586328,7.013190666890947
LS_04124,80.78872680664062,7.003389358520508,572.128636750185,90.23624837688095,80.78292970457626,6.997597344634464,80.79452376580652,7.009181303960605
LS_04125,80.78968620300293,7.002544403076173,576.9269604930744,103.2110717317261,80.78388514246228,6.996754307989815,80.7954791594077,7.008338244282939
LS_04126,80.7904782295227,7.002414703369141,1453.777873071294,166.39940146243248,80.7846811759842,6.996622709890982,80.79627517054845,7.008206627133732
LS_04127,80.79124283790588,6.999629974365234,189.31915046457758,54.55980900743954,80.78544580869504,6.993837991085927,80.79703971419475,7.00542188939232
LS_04128,80.79084300994873,6.999277114868164,1854.0143429378627,191.05076287754622,80.78504743359778,6.993473683001918,80.79664133936305,7.005057590735732
LS_04129,80.78996467590332,6.999135971069336,283.40159213669307,66.65091724052131,80.7841676875032,6.993343969963373,80.79576161099973,7.004927898675048
LS_04130,80.7160551071167,6.998146057128906,1283.5862083089853,137.5355170314524,80.71025721933316,6.992353182107634,80.72185287415635,7.003938865550395
LS_04131,80.71569442749023,6.997251510620117,387.35095571615904,72.74931905617825,80.70989653591596,6.991458631426219,80.72149217629733,7.003044322934918
LS_04132,80.73161443074545,6.995988845825195,280.56291664836306,67.11699303740718,80.7258166918849,6.990196157777977,80.73741192329545,7.001781472413187
LS_04133,80.88215255737305,6.9962158203125,8548.752384777925,788.5985281777014,80.8763566700702,6.990424929253805,80.88794830191407,7.002006641696291
LS_04134,80.71663904190063,6.994873046875,675.7352441062167,98.43745567168554,80.7108407018751,6.989074457382587,80.7224362587575,7.000660125405198
LS_04135,80.88107748031616,6.994688034057617,1757.2680364147454,219.62199924875733,80.87528160316077,6.988897129816105,80.88687322272511,7.00047886838357
LS_04136,80.7162857055664,6.9937896728515625,673.6933852080999,99.04940430994708,80.71048786543447,6.987996880811794,80.72208340300276,6.999582556621486
LS_04137,80.7177062034607,6.993694305419922,939.4214878150456,129.9504274025951,80.71190840162448,6.9879014517403615,80.72350390318923,6.999487093975952
LS_04138,80.88080358505249,6.99388313293457,16797.661473070173,948.4319781636539,80.87500773470985,6.988092215415683,80.88659934072159,6.999673960666489
LS_04139,80.87972736358643,6.992494583129883,1465.610987439319,180.5145196131137,80.87393148778412,6.986703662608817,80.88552308502742,6.9982854339820175
LS_04140,80.7832543849945,6.990741729736328,1361.6853026434233,177.10652782068172,80.777459524375,6.9849420229559165,80.7890533945148,6.996526109525238
LS_04141,80.78287124633789,6.989166259765625,282.4304748919085,66.38424822326684,80.77707428695767,6.983374175390332,80.78866812645039,6.994958270715805
LS_04142,80.7809100151062,6.989030838012695,469.1778047979326,83.45649034960972,80.77511299725354,6.983238732721675,80.78670688005406,6.994822874719274
LS_04143,80.77255821228027,6.979736328125,673.9738179160605,103.4910299409231,80.76676121836883,6.973944081113649,80.77835506378841,6.985528419015507
LS_04144,80.77723121643066,6.979362487792969,965.4724587079223,136.63397126754163,80.77143428282479,6.973570340427999,80.78302800764092,6.985154567199452
LS_04145,80.78046417236328,6.978790283203125,186.75114374024164,54.28154062630952,80.77466728455269,6.972992452267312,80.78626091779017,6.984576602027387
LS_04146,80.81720161437988,6.978969573974609,112832.41148672436,1862.5391805825088,80.81140516244669,6.973177904489917,80.82299792382283,6.984761178462789
LS_04147,80.84102725982666,6.975065231323242,1078.7507706141118,131.40164949513672,80.8352311426094,6.9692739007087265,80.84682323473523,6.98085660384246
LS_04148,80.75822944641114,6.972677230834961,862.0718299980149,137.57895654345035,80.7524324055891,6.966884860069306,80.76402641161368,6.978469535392855
LS_04149,80.9111328125,6.97258186340332,2164.5202927955424,182.9891738057233,80.90533756094928,6.966791321510105,80.91692790026202,6.978372335461235
LS_04150,80.89863777160645,6.970746994018555,5500.215135404199,482.555642435318,80.8928424024354,6.964956300607897,80.9044329985642,6.976537617119611
LS_04151,80.89787731170654,6.968194961547852,2361.245520997952,217.38297693047198,80.89208196243437,6.96240425892037,80.90367251334784,6.973985594143968
LS_04152,80.70192575454712,6.965984344482423,283.33612718702904,67.0707786650915,80.69613430090305,6.960196986498776,80.7077294638445,6.97178298528816
LS_04153,80.70255851745605,6.96185302734375,281.02847512590705,66.15159719619149,80.69676092527517,6.956059957745427,80.70835596761086,6.9676459395546075
LS_04154,80.7049605846405,6.961627960205078,96.22315560011431,36.605602392746164,80.6991630271231,6.955834964816413,80.7107580073469,6.967420890191635
LS_04155,80.69970067342123,6.961725234985352,870.0960804286642,124.62380139807487,80.69390305958783,6.955932177146407,80.70549816567467,6.967518225852875
LS_04156,80.70320892333984,6.961862564086914,1635.0826491154696,231.15006238725053,80.69741133866397,6.956069603916997,80.709006365989,6.967655570486113
LS_04157,80.70487022399902,6.961357116699219,96.31205967345188,36.401765264890535,80.69907266528298,6.9555641484348705,80.71066764069938,6.967150075781289
LS_04158,80.71043968200684,6.960418701171875,187.11567866197032,54.46709577628407,80.70464220066015,6.954625769861214,80.7162370213572,6.966211566083178
LS_04159,80.7070255279541,6.958932876586914,95.60171401894034,36.38401897697913,80.70122802554495,6.953139934015815,80.71282288839814,6.9647258095203455
LS_04160,80.70711517333984,6.95857048034668,277.4761822440323,72.33270072803901,80.7013176766181,6.952777540095097,80.71291252810404,6.964363413303338
LS_04161,80.70711612701416,6.958263397216797,190.0486517803605,54.72123189860943,80.70131863265817,6.952470428141446,80.71291347627138,6.964056301162441
LS_04162,80.97599067687989,7.00062370300293,5707.562306342847,353.08373864867144,80.97019022758225,6.994824418206104,80.98177968025777,7.006403842786584
LS_04163,81.1278829574585,7.000520706176758,1562.33353922296,158.25514123547285,81.12208703746063,6.994729655567512,81.13367902029758,7.0063116104716485
LS_04164,81.12975072860718,6.998680114746094,664.789560263191,104.33032367621573,81.12395483442167,6.992889078740325,81.1355468161928,7.004471078862277
LS_04165,80.9608055750529,6.998638153076172,956.7134117041226,169.93896970384188,80.95501061247893,6.992848218398426,80.96660038862916,7.004428015853448
LS_04166,80.96147775650024,6.998645782470703,1256.7246122854938,156.06356056714145,80.95568279975927,6.992855855944693,80.96727255962577,7.004435636938221
LS_04167,81.13115739822388,6.998867034912109,3623.42618990266,287.5659430547288,81.12536135223392,6.993075982289434,81.136953372715,7.004658016388226
LS_04168,81.1294379234314,6.9985084533691415,276.38125937662915,66.55034625044823,81.12364199474395,6.992717421652147,81.13523396463589,7.004299414221106
LS_04169,80.96060148874918,6.998416900634766,946.8526511755546,163.43421538090251,80.95480650338975,6.992626942993274,80.96639627905287,7.004206745523844
LS_04170,81.11504141489664,6.998594284057617,1158.827622878874,156.84358988772246,81.10924027223504,6.992807241470399,81.12083189570455,7.004388885661267
LS_04171,81.11952018737793,6.998592376708984,3052.4514546088417,267.91460095745833,81.11372847274463,6.992803372477404,81.12532020485969,7.004385125316204
LS_04172,81.01948881149292,6.998334884643555,2059.9236923912163,206.0306354789213,81.01369423950902,6.992545198100174,81.02528352457007,7.0041245125116856
LS_04173,81.12900936857183,6.9980926513671875,869.3002377114556,124.65351036785523,81.12321346489162,6.992301600082949,81.13480541397215,7.003883582312861
LS_04174,81.13099727630615,6.997121810913086,48171.15920494316,1790.279038193769,81.12520135759715,6.991330720641733,81.13679333035124,7.002912750931133
LS_04175,80.96024831136069,6.9944610595703125,1462.0457236446068,198.38901843735923,80.95445342057755,6.9886711171670965,80.966043106791,7.000250929733979
LS_04176,81.12213659286499,6.994192123413086,1936.81743243768,250.14868043060906,81.11634082827348,6.988401232261783,81.12793251318799,6.999983048583144
LS_04177,81.12741343180338,6.993471145629883,860.4243997226946,143.67395415125475,81.12161761842457,6.987680137967012,81.13320941286388,6.999262081835875
LS_04178,80.95940735226586,6.992713928222656,2452.0027096136714,245.9061970578098,80.95361245069508,6.986923975511024,80.96520211418662,6.998503809262528
LS_04179,81.11809539794922,6.99262809753418,671.8158587413034,98.32810603707233,81.112299703681,6.986829573661563,81.12389125139146,6.998411292381699
LS_04180,80.94802188873291,6.992486953735352,2535.515106454284,250.47860474619452,80.94222684922772,6.9866968493793165,80.95381678556436,6.998276961445662
LS_04181,81.1179552078247,6.992183685302734,1271.8492315274073,145.12484071515254,81.11216046627891,6.9863813923564,81.12375199938627,6.997963107743897
LS_04182,81.02130126953125,6.992002487182617,3893.091657654613,302.3085260936209,81.01550675436381,6.986212770359402,81.02709592736326,6.997792131902014
LS_04183,80.96394542853037,6.989786148071289,1462.503942956701,157.4723050284909,80.9581506170805,6.983996260599475,80.96974009693139,6.995575984384786
LS_04184,80.97571309407552,6.989084243774414,1853.4964516787518,196.60835650599535,80.96991842385847,6.983288767581118,80.98150759783671,6.994868203515535
LS_04185,81.03544990221658,6.979686737060547,2344.6575966762366,210.74871133678363,81.02965536656811,6.973896844865037,81.04124458173344,6.9854765575516256
LS_04186,81.03661727905273,6.979410171508789,1073.0473141286022,137.5956261297088,81.03082273181867,6.97362026497067,81.04241196868696,6.985200006275516
LS_04187,81.03701782226562,6.977718353271484,1856.3837146387366,247.8614723026902,81.03122329186468,6.971928434063257,81.04281249669376,6.9835081857606145
LS_04188,81.10974049568176,6.973533630371094,14377.79428972538,1176.6153360956157,81.1039443836494,6.967743231824815,81.11553525183403,6.979324750371739
LS_04189,80.99060440063477,6.9737091064453125,5590.161050829771,515.6437780688098,80.98481011463366,6.967919534558628,80.99639854435472,6.979498612223831
LS_04190,80.99049015045166,6.971736907958984,6575.2069681877565,529.5948524770942,80.98469684077249,6.965937796238216,80.99628522450871,6.977516877582835
LS_04191,80.97553372383118,6.972057342529297,40382.468050261225,2432.8073055598943,80.96973641407446,6.966259953568379,80.98132517211704,6.977839400847475
LS_04192,81.00984764099121,6.969310760498047,2260.4825737373394,236.85458918117752,81.00405358679112,6.963521179772802,81.015641919385,6.975100270514331
LS_04193,81.11306810379028,6.968549728393555,940.5178413354058,130.59858975613892,81.10727275621652,6.962758893592626,81.11886358036307,6.97434049295153
LS_04194,81.11383652687073,6.968460083007812,4825.019771180082,291.61867307112954,81.10804118586921,6.962669239025426,81.11963202632408,6.974250856923717
LS_04195,81.011559009552,6.967426300048828,3039.397949304195,312.5599272753607,81.00576493646143,6.961636710800774,81.01735326463431,6.973215844286142
LS_04196,81.01037063598633,6.966802597045898,2646.70544082083,260.3448386673037,81.00456989208801,6.961003471932784,81.01615817541668,6.972582576454797
LS_04197,81.00964665412903,6.965984344482423,656.4799651668136,115.99235053067127,81.00385260313273,6.960194764687437,81.01544084900878,6.971773852020026
LS_04198,81.00935554504395,6.965633392333984,660.2119284793483,112.06917266281924,81.0035615007621,6.959843814236543,81.01514973088065,6.971422894604015
LS_04199,81.01289949109477,6.965051651000977,2543.9199487360283,377.0598334621447,81.0071036267841,6.95924677113246,81.01869192896183,6.970825938436578
LS_04200,81.12858638763427,6.963829040527344,1471.0301355879826,147.54475985654622,81.12279095727042,6.958038019365463,81.1343820374952,6.969619992732874
LS_04201,81.1281110218593,6.96324348449707,9252.299295438692,531.049740330457,81.12231546213388,6.957452614106964,81.1339065162833,6.969034576063714
LS_04202,81.13090658187866,6.962306976318359,9340.806708809652,744.5265515737511,81.12511669553207,6.956513982782983,81.13670779360953,6.968096012110077
LS_04203,81.12654113769531,6.960332870483398,2362.9758368892426,243.6221084081738,81.12074573687319,6.954541873609763,81.13233668052418,6.966123797949196
LS_04204,81.14098072052002,6.996618270874023,754.8772261900381,131.08130331523913,81.13518464460195,6.990827099533466,81.14677684584866,7.002409370775922
LS_04205,81.14073371887207,6.996486663818359,95.77002218859633,36.61316191645646,81.13493769426256,6.990695496255563,81.14652988623742,7.002277761542105
LS_04206,81.14048290252686,6.99635124206543,469.6996552465633,84.65958051629659,81.13468685702325,6.990560076692593,81.1462790395365,7.0021423359294825
LS_04207,81.13331460952759,6.995944976806641,2050.972208032414,188.5705201014122,81.1275186942684,6.99015389856845,81.13911069345664,7.001735984848226
LS_04208,81.13484891255698,6.994680404663086,2243.0514683004726,272.2058226109158,81.129052977645,6.9888893082121895,81.14064498211653,7.000471431550458
LS_04209,81.14315819740295,6.9942474365234375,1958.9417438460596,192.3083114800347,81.1373621987069,6.988456240374645,81.14895439284543,7.000038564097941
LS_04210,81.13564395904541,6.993934631347656,2058.621239315377,195.67943456250694,81.12984805566812,6.988143524329218,81.14144006059755,6.999725666864223
LS_04211,81.13740491867065,6.99378776550293,680.5215660785367,102.78915411823468,81.13160896324128,6.987996638213975,81.14320100699292,6.999578823228262
LS_04212,81.14213194847108,6.993522644042968,2354.198275374797,245.12351085411012,81.13633389396426,6.987723830325383,81.14792604487357,6.9993061292591205
LS_04213,81.14443874359131,6.993297576904297,275.94040161356844,66.28736573773058,81.13864268369522,6.987506365646795,81.15023488481641,6.999088720212714
LS_04214,81.14428011576334,6.993072509765625,965.79186444588,149.6205242951591,81.13848411822543,6.987281299398701,81.15007630986047,6.9988636501410335
LS_04215,81.1448221206665,6.992893218994141,3628.8951812905357,339.2036479613992,81.13902609605455,6.987102002558281,81.15061829624646,6.998684366354531
LS_04216,81.14525384319072,6.992584228515625,1156.3573596175215,157.7208780697017,81.13945781436311,6.986792945527198,81.15105001718722,6.998375319717424
LS_04217,81.21865542729697,6.991994857788086,2452.8402173274603,257.4980463447994,81.21285855146827,6.986202757156628,81.22445249924063,6.997786889621632
LS_04218,81.21870613098145,6.991157531738281,1471.3158461788428,151.95575343123633,81.2129092384543,6.985365430945656,81.2245031661517,6.9969495643876805
LS_04219,81.15173880259195,6.983861923217773,1070.5568325267031,131.13593772244442,81.14594286367799,6.978070578799532,81.15753500324001,6.989653108761126
LS_04220,81.15156030654907,6.983314514160156,1355.3886855627325,177.7756896992562,81.14576330199186,6.9775269904294746,81.15735542356298,6.989109516053293
LS_04221,81.15119663874307,6.98301887512207,770.979878658554,110.56288199956774,81.14540064076621,6.9772275816124125,81.15699274608464,6.988810098508582
LS_04222,80.52058539769254,7.182964138970135,3449.3649165031657,385.63956883333896,80.51478238571774,7.1771686796446845,80.52638752755622,7.188759129110898
LS_04223,80.51957739644398,7.182117050851929,1116.802682598107,165.5123468140461,80.5137748547859,7.176321795408445,80.52537999749633,7.187912267619198
LS_04224,80.54080589508419,7.171608954473442,3681.0869522599696,384.24589334607845,80.53500364477699,7.165813938913724,80.54660800279564,7.177403898604718
LS_04225,81.15867349263806,7.058012008667163,28.537925563091097,33.27666240005891,81.15287647079772,7.052220618723649,81.16447065388381,7.063803319923621
