landslide_id,longitude,latitude,area_m2,perimeter_m,min_lon,min_lat,max_lon,max_lat,utm_x,utm_y
LS_00002,80.51683883666992,7.710088729858398,4723.83769808872,320.8035505200199,80.51102853567767,7.704292712067415,80.52264853034659,7.715883865270182,446718.48264792,852278.0739069224
LS_00005,80.88276280854878,7.63932991027832,4509.776772924542,338.4848719388774,80.8769584769458,7.633539096839881,80.88856696885364,7.645120728419026,487069.44783339486,844427.3156439769
LS_00006,80.74507126055266,7.611654281616211,3938.845110433284,342.5034367827832,80.73926550964657,7.605861629740085,80.75087684722853,7.617446859443902,471881.0265546401,841374.3135541024
LS_00011,80.74383745193481,7.618221282958984,3337.8768833296617,320.0736694350086,80.73803156788168,7.612428615159915,80.74964312009395,7.624013879148674,471745.3650903587,842100.3799732524
LS_00020,80.43869334661395,7.600591861936891,3890.725980000792,274.93000158020334,80.43288378121704,7.594795342258157,80.44450257382306,7.606388313051236,438084.79232117446,840183.1975278642
LS_00025,80.44469239758857,7.621555640685408,23693.05080461993,838.1874829621012,80.43888578987497,7.61575732105078,80.45050503868949,7.627350172824334,438749.5160425305,842499.9860122435
LS_00028,80.42002067868671,7.623325347900391,5089.950057232987,560.2356813788874,80.41421064040088,7.617528580706856,80.42583055355836,7.629122046710454,436028.3973308264,842699.212123324
LS_00032,80.41519943086126,7.608426845055674,5213.755697728114,335.0192850943227,80.4093894984035,7.602629517570125,80.42100909922154,7.614223080345162,435494.3686749111,841052.8232186077
LS_00035,80.40518124898274,7.625118255615234,2952.3262929306848,290.55529252792934,80.39937086521967,7.619321303294227,80.41099119816488,7.630915138927787,434391.8278373353,842899.6539478377
LS_00040,80.41499582926431,7.601989746093751,4508.920320793782,343.9506714623173,80.40918007719227,7.596196748756851,80.4207994969665,7.607790306975725,435470.9482341701,840341.199535602
LS_00041,80.41586235591343,7.593391418457031,3393.977949606532,250.00329348262136,80.41005273175244,7.587594622320664,80.42167188119902,7.599188146040311,435565.25251951837,839390.4821190786
LS_00046,80.40971607632108,7.598752975463867,2437.8473033245828,239.0615305654155,80.40390630458262,7.592956407023384,80.41552576081708,7.604550090260606,434888.0560311717,839984.1480700192
LS_00047,80.36613898277282,7.533100128173828,8825.490864781968,416.27935227041,80.36032996534553,7.527302770380761,80.3719485910423,7.5388974126787645,430070.477785729,832732.6314844717
LS_00053,80.68380387624106,7.598594665527344,5534.12459431493,361.0931145708551,80.67799755860398,7.592801229577175,80.68961011202913,7.604388029651408,465122.0392471748,839935.0197426465
LS_00057,80.6759934425354,7.596155166625977,7037.994698869228,568.6513615500147,80.67018704415014,7.590361631656578,80.6817997295663,7.601948630097634,464260.3002081295,839665.9667659085
LS_00059,80.69453430175781,7.603395462036133,2367.363671319081,265.31598466993626,80.68872809994127,7.597602243716447,80.70034051199016,7.609188771466773,466306.0424096083,840464.903471637
LS_00063,80.7437105178833,7.574085235595703,9238.773474850694,734.7191046948858,80.73790530210108,7.568292491909461,80.74951563302335,7.5798777431226,471728.4791036781,837221.1253753087
LS_00066,80.78065518538156,7.512409210205078,33429.42859879057,1915.5106826201545,80.7748511202598,7.506617171772458,80.78645880502141,7.51820145541405,475800.47264575574,830400.6133816488
LS_00073,80.8869047164917,7.443538665771484,2084.0520405902143,233.4543324364778,80.8811030799755,7.437747854611441,80.89270616860354,7.449329402615197,487520.6685502918,822782.5934867099
LS_00076,80.89619318644205,7.437519073486328,6310.726320365378,776.7084446212634,80.89039186257777,7.431728380538765,80.90199455082269,7.443309689897483,488545.43601178576,822116.8832304758
LS_00077,80.90897769927979,7.436395645141602,1021.0501927078744,123.96859841759706,80.90317645360294,7.430605146636612,80.91477878137711,7.442186126218935,489956.1189204084,821992.3791254746
LS_00082,80.89709490117892,7.430517196655273,6966.028925075151,641.7158647350315,80.89129359581135,7.424726536729695,80.90289607444313,7.436307823960782,488644.7559663336,821342.8108998222
LS_00084,80.89128398895264,7.430421829223633,24046.95015859575,1793.8143417160672,80.88548066077,7.424630728355559,80.89708328685943,7.4362121653319235,488003.5373254875,821332.4212845832
LS_00086,80.88670744214738,7.417448043823242,2429.892690653249,238.058742348378,80.88090612096248,7.411657230771262,80.89250851979764,7.423238787107014,487498.16302183346,819898.311549487
LS_00089,80.89321231842041,7.414026260375977,3186.9498552542727,314.4262353927448,80.88741117796522,7.408235550297193,80.89901331846448,7.419816939969294,488215.8861406,819519.8597778726
LS_00092,80.91912937164307,7.434469223022461,3589.043781957716,283.8480484524603,80.91332817264043,7.4286788962320704,80.92493018639637,7.440259613857201,491076.26990008,821779.1981029856
LS_00093,80.86098204718695,7.478647232055664,59352.70705999245,3855.741023639936,80.85517992869475,7.472856261015741,80.86678462780024,7.484438474777558,484661.48790994426,826664.6284721886
LS_00094,80.85299110412598,7.464570999145509,105026.38062108296,4976.2088704991975,80.84718945218495,7.458778787159464,80.85879397908089,7.47036120716913,483779.2881286724,825108.7990463696
LS_00098,80.84632746621173,7.460684674601051,905.4530466711676,111.81691944727636,80.84052509750526,7.4548932988700605,80.8521296916374,7.466475890227244,483043.88230041147,824679.4197780264
LS_00100,80.84213471412659,7.453945159912109,4509.54568799355,431.9487761858586,80.83633237250713,7.44815377343625,80.84793689331899,7.459736472292784,482580.9894746624,823934.5354498696
LS_00102,80.83835124969482,7.445268630981445,4476.794534805167,482.993808479698,80.8325489870169,7.439477219481616,80.84415337186964,7.451060015004265,482163.1663684444,822975.5036968696
LS_00104,80.83584594726562,7.43964958190918,3690.827425392028,426.7240967780598,80.830043722138,7.433858115216312,80.8416480203465,7.445440974598321,481886.4921296975,822354.4246570601
LS_00112,80.85133965810141,7.42982292175293,7672.397447675518,623.0307948679408,80.84553780546987,7.424031711631327,80.85714144302612,7.435614174213507,483595.77815201104,821267.4929606244
LS_00113,80.89238529205322,7.420053482055664,20608.06974390765,985.9672452999478,80.88658401533354,7.414262739118479,80.89818633723337,7.425844149179262,488124.78450807865,820186.1835389466
LS_00117,80.82170508458064,7.426992416381836,8858.636859996386,919.4388855050804,80.81590284785963,7.4212007699317795,80.82750716798724,7.432783989431595,480325.5567390595,820955.7896002757
LS_00126,80.82098020826066,7.44398307800293,4116.113618458342,419.4495467948185,80.81517770015601,7.438191381224938,80.82678249560182,7.449774620985811,480246.3274869669,822834.1252291269
LS_00134,80.85150194168091,7.498687744140625,3785.6479662000834,371.56862003194095,80.84569867020763,7.492896724375664,80.85730415482386,7.504479182562511,483616.24892051297,828880.4338920217
LS_00135,80.77836537361145,7.498706817626953,3411.4413910575654,565.6824862133286,80.77256177232121,7.492914610266991,80.7841691419241,7.504498949192932,475547.0792989845,828885.9438594843
LS_00138,80.76943039894104,7.508712768554687,13554.335136098984,1306.070998122996,80.76362569191929,7.502915926007597,80.77523356367898,7.514500496227106,474561.86089520104,829992.6078930923
LS_00146,80.76694808006286,7.489015579223633,20761.349874908425,1680.9902029051943,80.76114434564401,7.483223227424261,80.77275174324006,7.49480785543322,474286.8357874902,827815.2315240186
LS_00152,80.80588376522064,7.433174133300781,8606.462247582775,610.8131359687255,80.8000812306615,7.4273822854091325,80.81168612076029,7.438965908712249,478580.0028702243,821639.9070443203
LS_00153,80.78423595428467,7.452409744262695,1699.105987725889,154.52199992511896,80.77843291271404,7.446617618339831,80.79003887421709,7.458201796324307,476192.2751559975,823767.4983507476
LS_00159,80.72392904758453,7.440322875976562,9894.646030351814,673.1437317331382,80.71812836963953,7.434524679364884,80.72973553221188,7.446110379948047,469537.0425942199,822435.000282424
LS_00160,80.71707057952881,7.430984497070312,5164.181389391329,560.1784006241602,80.71126743688832,7.425191723266057,80.7228745181315,7.436777592211123,468779.5815760941,821403.1210483143
LS_00163,80.68126410885012,7.491811994877983,5386.552132787348,384.9102880420728,80.67546129384637,7.486019097729236,80.68707094568558,7.497605900210891,464833.26463998284,828130.3101478723
LS_00165,80.70904731750488,7.444787979125977,4422.3815455303165,390.1236808153754,80.70325849816251,7.438987273001367,80.71486615745515,7.450573349945367,467895.23434853245,822929.6699188928
LS_00168,80.86381936073303,7.405738830566406,1460.1415141689213,185.5012293222139,80.85801786799088,7.399947722905662,80.86962054285681,7.411529866730146,484972.0614739959,818604.5816857561
LS_00169,80.86922264099121,7.409107208251953,14536.333708802267,1013.2370438038632,80.86342822826582,7.403312443874338,80.87503085406391,7.414894449128146,485568.4401247625,818976.7726714084
LS_00170,80.86553730684167,7.41473388671875,32991.34552786307,1756.5683871866454,80.85973565174646,7.408942874113883,80.87133852220263,7.4205249735762,485161.9432557537,819598.9166984301
LS_00173,80.81614685058594,7.412872314453125,1903.04493844547,288.78704922547394,80.81034466399304,7.407080606754168,80.82194874692266,7.418663966137429,479711.5692371446,819395.0754211891
LS_00176,80.90801544189453,7.3940887451171875,34567.78960318646,962.1455213436068,80.90221479030288,7.388298201312045,80.91381602174307,7.399879214118845,489848.969221454,817315.4293670253
LS_00180,80.9009937286377,7.401723861694336,3711.622759400217,371.6522886569523,80.89519284313253,7.395933228455931,80.9067944571807,7.407514420182989,489074.2694125533,818159.6471027602
LS_00184,80.28737020492554,7.248645782470703,6113.404270028375,323.3531328551963,80.28156383099764,7.242847764660227,80.29317621711792,7.254443743880988,421329.7305269875,801297.673935613
LS_00185,80.93074617385864,7.174673080444336,5565.246513059348,556.3076878673999,80.92494862974145,7.168882800076548,80.93654358239075,7.18046328709748,492353.7216359082,793059.0183680657
LS_00189,80.67240357398987,7.19975471496582,28742.61256412132,1277.6537243378316,80.66660256345132,7.193961140229316,80.67820452746169,7.20554798179792,463832.05151355354,795844.110068597
LS_00190,80.70130920410156,7.199590682983398,1834.5160522311453,200.2693081138481,80.69550850119808,7.1937976537925055,80.70710976000295,7.205383795315089,467023.3657605379,795823.7905163312
LS_00192,80.69132137298584,7.164762496948242,5693.135844822345,505.4158226208969,80.68552060135403,7.158969226481985,80.69712118222542,7.170555590128413,465918.06643658713,791974.3031988754
LS_00197,80.54301261901855,7.177806854248047,17116.189967777795,1068.265212566101,80.53720840189052,7.172019493822992,80.54881287491234,7.183609408276078,449544.1000481333,793430.0138570493
LS_00200,80.52674751281738,7.153957366943359,641.7875651725375,101.76684155175089,80.5209454568989,7.148162204111031,80.53254967113678,7.159752474835214,447745.51659141085,790795.2508699836
LS_00202,80.50492858886719,7.147193908691406,1431.3067271821274,173.3394003748453,80.49912615328545,7.141398616526217,80.51073069729195,7.152989390529644,445335.504381022,790050.0773654471
LS_00204,80.479847240448,7.145071029663086,10502.087288485534,646.3409717281569,80.47404465157283,7.139275319969198,80.48564972425626,7.150866676580207,442565.7497331005,789818.442404688
LS_00210,80.39598970155458,7.117237091064453,5269.935793898435,451.6800206504815,80.39018648245012,7.111440296457155,80.40179273816912,7.123033548580595,433302.02573828294,786752.6120499374
LS_00211,80.41932845115662,7.124977111816406,5008.483704371512,292.933723010387,80.41352552342555,7.11918071388887,80.42513145360726,7.130773442607575,435880.37537395634,787604.990425753
LS_00213,80.42759919166565,7.121246337890625,5110.037370648767,434.0514817057488,80.42178825142835,7.115438827274367,80.43339388960662,7.127031360181599,436793.1761089893,787191.4041179533
LS_00215,80.41905001231602,7.105777740478516,1290.679246858654,157.5764326711164,80.4132519852136,7.099973728277602,80.42485740015584,7.111566433835304,435846.96231971716,785482.4882196605
LS_00217,80.423348903656,7.098064422607422,4705.230523191475,380.5733232489191,80.41754612532294,7.092267924971143,80.42915123289183,7.103860520303177,436320.63409976463,784629.1685534307
LS_00218,80.4245921997797,7.078104019165039,2250.5994664879227,239.6051482173021,80.41878979158426,7.072307556291805,80.43039433098255,7.083900092851054,436455.2006777294,782422.3276810151
LS_00219,80.4324813570295,7.082193374633789,1896.3982888530077,183.38607964216743,80.42667890513044,7.076396959457914,80.43828337422813,7.08798932167036,437327.01477605785,782873.3441168108
LS_00220,80.44757095972696,7.089103698730469,3195.9562118691624,251.71080031228632,80.4417691283152,7.083308129159999,80.45337343729645,7.094900155327116,438994.3698739016,783635.2858174049
LS_00221,80.43952751159668,7.098320007324219,1789.1119285987154,177.62004449417842,80.4337251346943,7.0925238618127535,80.44532987743705,7.1041160861835895,438107.3223301614,784655.2331290116
LS_00223,80.52363699952329,7.124127717746056,3631.784728370258,258.1385143443193,80.5178351769813,7.118332349567416,80.52943866287879,7.129922658546323,447398.6520866072,787497.9102199879
LS_00226,80.464106798172,7.065547943115234,1982.348077297072,172.5865265959533,80.45830530892519,7.059751797885924,80.46990860443056,7.07134341112932,440817.50092472474,781029.0184626176
LS_00227,80.61561479287988,7.072349548339844,4945.152766620633,381.0306631482969,80.60981473895201,7.0665554644290856,80.62141469117805,7.078143564913913,457550.52090410586,781764.4016752053
LS_00230,80.60960003425336,7.06901741027832,6812.146544884345,710.3313489431908,80.60379992379423,7.063223194099576,80.61539992986101,7.0748114330666505,456885.9636966747,781396.5888818881
LS_00232,80.59076900482178,7.075588226318359,3606.0412896695248,377.3394751005744,80.58496842673713,7.069793687814655,80.59656904822806,7.08138237452295,454806.9536087231,782124.776082274
LS_00233,80.62550163269043,7.065557479858398,2202.471780984655,206.7304116957501,80.61970179009158,7.0597635158702285,80.63130133109748,7.071351378144063,458641.7828556418,781012.6538929327
LS_00235,80.71444830336678,7.138773549369386,2764.121033033972,243.7044460040461,80.70864858899803,7.132980619621772,80.72024792882584,7.144566411813519,468469.8040308065,789099.6101159124
LS_00239,80.6990234375,7.156047821044922,5449.0887545835485,490.3881679478816,80.69322316687504,7.15025489191491,80.70482333233906,7.161841064960288,466767.84641418915,791010.3421024065
LS_00240,80.70384898400816,7.151398160708194,5861.286876989531,516.0346433533506,80.6980487786166,7.145604958904116,80.7096487053733,7.15719101310088,467300.3301512754,790495.9823181651
LS_00244,80.70741415023804,7.125612258911133,5980.033837354093,426.1527760082474,80.70161448207455,7.119819247225892,80.71321364684523,7.131405201962075,467692.17424324097,787645.1353380765
LS_00245,80.73769844902887,7.135631561279297,3624.659964760509,394.1265524041136,80.73189903366271,7.129838911491744,80.74349772954002,7.141424141084733,471036.87142895034,788750.7433109607
LS_00247,80.75073733329774,7.138839721679688,12354.33356017588,597.2035502666006,80.74493810268869,7.133047228136812,80.75653656631067,7.144632143448296,472476.81545308395,789104.601269114
LS_00250,81.06787495386033,7.009748458862305,32743.74731085491,1496.8088478422585,81.0620799654191,7.003957992783444,81.0736707198975,7.015538488195626,507496.70440197043,774827.0662222577
LS_00251,80.9935827255249,6.965194702148437,6305.913491409399,417.6394019251954,80.98780287448886,6.959401354561916,80.99939102139942,6.970980362856399,499291.1530518442,769901.2684292216
LS_00253,80.99533544267928,7.03422737121582,3983.53430751405,378.8046891250001,80.98954046933092,7.02843786982951,81.00113030591285,7.040016802788212,499484.83248350496,777532.5882918957
LS_00256,80.9781092779977,7.00929069519043,2958.91267033962,325.809957296308,80.97230027719941,7.003483815345149,80.98388989249321,7.015063184533223,497582.19506287796,774775.9764733022
LS_00257,81.05954005501488,7.050420761108398,3177.1827059022007,298.1991159317059,81.05374437142035,7.044630585691333,81.06533593850354,7.056210865843159,506575.5529781285,779323.1314056889
LS_00258,81.06703262329101,7.060201644897461,5464.798063017018,422.0571799402138,81.06123593411039,7.054394211893886,81.07282793068275,7.06597467365439,507402.870810792,780404.4896470126
LS_00259,81.05754566192627,7.075288772583008,3944.5555772105126,277.7263813159632,81.05174961717134,7.069498578806708,81.06334175940682,7.081078802591165,506354.95433390373,782072.1849333964
LS_00264,80.99686209360758,6.789178848266602,15111.345978823916,977.3035537329,80.99107012429563,6.783389308489954,81.00265398829198,6.79496831982179,499653.26179662696,750443.4227395668
LS_00269,80.6893478694715,7.034336090087891,1211.8049771232315,168.1937900691733,80.68353699048133,7.028523888576983,80.69513420997114,7.040110223220364,465690.5031071749,777555.9948769774
LS_00273,80.70461511611938,7.02998161315918,7880.732996952515,525.7366827963591,80.69881669174964,7.024188594734632,80.71041343718015,7.035774565332959,467376.38182243425,777073.5235422387
LS_00275,80.72123399902793,7.043214797973633,14304.92228569102,581.5339528509149,80.71543564211562,7.037421969987849,80.7270323344242,7.049007552866039,469212.73154365935,778535.2998642967
LS_00277,80.77864360809326,7.02978515625,6975.418397504763,466.0850976480842,80.77284611942417,7.023993018703669,80.78444109513998,7.035577226194198,475552.45328534953,777047.2932990916
LS_00282,80.8400965643104,6.995906057844112,3145.1412542754983,225.2484342648556,80.8343001420235,6.990114737382328,80.84589278140304,7.00169746428221,482338.3249832967,773299.2964847318
LS_00285,80.85539240292965,6.9795288052968125,2032.4577080356669,170.81670279666557,80.84959638458061,6.973737590993314,80.8611882436809,6.985319949407133,484027.2307294626,771488.2964965433
LS_00287,80.96535046895346,7.036741256713867,25138.6129884807,1111.0698356812402,80.9595551443176,7.0309513895301405,80.97114575622862,7.0425310615339125,496173.22359783016,777810.6292215763
LS_00290,80.96472644805908,7.021625518798828,3705.497744835493,350.2245712922326,80.95892664988855,7.01582991427395,80.97051690074625,7.027409607351573,496104.1793507692,776139.6395797005
LS_00292,80.95984363555908,7.001970291137695,3036.0718415923766,266.4947477467386,80.95404862112858,6.996180345348384,80.96563850353687,7.007760165186561,495564.70654752513,773966.8641022786
LS_00295,81.04488547643027,7.065513610839844,1272.1821781099616,188.3111686627651,81.03908975077692,7.059723617855046,81.0506813346471,7.071303532117808,504956.9528164533,780991.4171980273
LS_00297,81.17777114055312,7.106709150278085,12725.260789483566,1145.6172272837744,81.17197326323826,7.100917530669923,81.18356915629614,7.11250070079173,519630.54153336666,785548.9868150066
LS_00299,81.17133013407388,7.105926513671875,58361.44467702252,2186.7132239515145,81.16553249454601,7.100134972778462,81.17712821030388,7.1117179857797845,518919.31737290055,785462.2002055356
LS_00300,81.17259502410889,7.113002777099609,1615.9724026638842,226.24353063773083,81.1667971708573,7.107211219982371,81.17839309921882,7.118794264575676,519058.7030005554,786244.5155716444
LS_00301,81.16683053970337,7.111457824707031,1833.6724111477145,251.80096526958508,81.16103262484177,7.105666275699992,81.17262837260617,7.117249179382292,518422.2230211791,786073.4914444461
LS_00304,81.15374612808228,7.12211799621582,43472.4179499842,1184.916665726224,81.14794962608511,7.116322854661499,81.15954532685673,7.127905438887883,516976.9846462719,787251.4460581233
LS_00308,81.1630564265781,7.098564147949219,6930.837375463319,605.7658132001384,81.15725876437443,7.092772798345275,81.16885408935555,7.1043556088838455,518005.96808883443,784647.9796305471
LS_00312,81.16763553619384,7.090301513671875,3110.854322258818,410.7475213030659,81.16183800939062,7.084510038234228,81.17343323456464,7.096092959705945,518511.9606995206,783734.7468951194
LS_00315,81.17915855754507,7.08833122253418,2165.343128811821,257.32215946952414,81.17336090355451,7.0825395575800005,81.18495635886441,7.094122759136231,519784.5337515959,783517.4115159106
LS_00321,81.09365940093994,7.062713623046875,2173.617417100996,308.7636611510815,81.08786310914005,7.056923017280872,81.0994558239708,7.0685041324245015,510343.39427147707,780682.6880487556
LS_00327,81.11439590454101,7.081878662109375,3624.745177976713,268.0863811697296,81.10859913042862,7.076087816322207,81.1201928389955,7.087669437232407,512632.938135988,782801.8385499829
LS_00328,81.10617923736572,7.053678512573242,13763.514226742134,938.0943413800934,81.10038291255692,7.047887809595078,81.11197570612832,7.0594692325039485,511726.2671204466,779684.1802401015
LS_00329,81.10938630785262,7.062437057495117,9347.90317412292,764.1596314241266,81.10358983605667,7.056646335503308,81.11518292939361,7.068227835789881,512080.22419442196,780652.4929454166
LS_00330,81.14111920886252,7.082880752256436,9037.988386200132,420.73517518803664,81.13532221227,7.077089680370815,81.14691660073633,7.088671954968821,515584.01061111543,782913.4281348577
LS_00331,81.1775647163391,7.062419891357422,16384.32288598097,782.1553581258509,81.17176741893566,7.056628276800972,81.18336217278505,7.068211436376786,519609.6182754439,780652.9134579654
LS_00332,81.1741590499878,7.067926406860352,4245.775142756967,441.4157259420927,81.16836157284706,7.062134904770089,81.17995638467801,7.073717982476397,519233.2798179359,781261.502150789
LS_00334,81.17853060635653,7.050458908081055,5669.178979556375,333.301147587042,81.17273331313417,7.044667079980351,81.18432778526302,7.056250261387971,519716.7942241194,779330.6995432134
LS_00335,81.17767129989869,7.041851043701172,12157.49507169184,897.4625794707443,81.1718742665827,7.036059430668436,81.1834684986885,7.047642590209428,519622.25469840114,778379.0874393118
LS_00336,81.19094467163086,7.041513442993164,3276.321679263913,255.8801881574991,81.18514750238448,7.035721575933229,81.19674204634491,7.047305055575397,521088.2038913649,778342.344689513
LS_00337,81.19641314482175,7.044598051329725,3147.0479332412942,287.4887061027612,81.19061581212225,7.0388062115234575,81.202210566658,7.050389823474342,521692.008874141,778683.5902971776
LS_00340,81.2208200754053,7.050400665006248,11259.43500993372,964.7923295858424,81.21501971914665,7.0446098749192645,81.22661520976013,7.056194075256162,524387.236815861,779326.2587474759
LS_00341,81.21955915371635,7.02498002584746,22454.772221156512,883.744373394347,81.21376158992041,7.0191886784745385,81.22535639979392,7.0307728415940725,524249.3001275074,776516.0048953635
LS_00346,81.21966489156088,7.032831192016601,5759.229905270022,564.7234813737292,81.21386742061435,7.027039182413098,81.2254624336581,7.038623350233157,524260.57125152234,777383.9368611025
LS_00347,81.20056533813477,7.024534225463867,1723.14805102034,213.80573998822504,81.19476827143433,7.018742403224119,81.20636261424117,7.030326110976055,522151.53276574897,776465.7822233578
LS_00348,81.22142219543457,7.042675018310547,1787.5796749818005,254.87038664386412,81.21562461372531,7.03688287763876,81.22721992086323,7.048467090334003,524454.1398089973,778472.2388762863
LS_00350,81.16990694632898,7.012855529785156,6041.671333319153,592.3419214965126,81.16411041711673,7.007063937336708,81.17570372573796,7.018646906358858,518765.90956617944,775173.3975618561
LS_00353,81.17538070678711,7.017122268676758,14894.392668982982,1448.3691430993276,81.16958399758987,7.011330654174797,81.18117754618599,7.022913755415887,519370.3018230239,775645.2956239163
LS_00354,81.14838886260986,7.009729385375977,6287.693530585089,513.5545061158439,81.14259259378566,7.00393812571204,81.15418530427753,7.015520575882208,516389.3805010023,774827.0058493267
LS_00355,81.1340939203898,7.020551681518555,22687.72865055193,1440.1208690744595,81.12829766066602,7.014760537575289,81.13989029822004,7.026342642119068,514810.1755188351,776022.9021459656
LS_00357,81.131019115448,6.980562210083008,56084.026834937154,1764.9240360133394,81.12522329895424,6.974771160249244,81.13681485664526,6.986353191587855,514471.80621191004,771602.0973161047
LS_00359,81.14018806037438,6.9696002163232285,11338.599427445162,601.2576328351295,81.13439236191242,6.963809056625583,81.14598386564471,6.975391308729352,515484.93028182234,770390.5759577717
LS_00363,81.13713312149048,6.975109100341797,7283.642935908227,514.74675217481,81.131337440243,6.969317976235558,81.14292900855423,6.980900154881101,515147.3094533067,770999.4658818224
LS_00365,81.12383460998535,6.937723159790039,4352.997290579493,436.86553462315646,81.1180395232868,6.931932194776067,81.12962983821221,6.943514055258339,513679.47563179233,766866.1717267474
LS_00366,81.05505164464316,6.925617218017578,11797.025120886176,810.497322157086,81.04925756439366,6.919827103510107,81.06084592288272,6.931407310367068,506081.46937908744,765526.4723615205
LS_00368,81.09670738008117,6.921538776331795,12937.201823221363,983.8285355405046,81.0909128284158,6.915748135837812,81.10250209056252,6.927329347142624,510683.20863206306,765076.3504415926
LS_00371,81.1243839263916,6.909837722778319,2822.3425287700434,248.0154944068136,81.11858914053632,6.90404682788058,81.13017877602303,6.915628702932801,513740.9630695317,763783.5520441408
LS_00373,81.13429737091064,6.92680549621582,5905.098972926981,493.2013801158878,81.12849568688704,6.921010591565764,81.14008598045712,6.932592702673448,514835.5951630759,765659.5765682334
LS_00377,81.12760776943631,6.917520523071289,2474.25474590602,342.32646236518315,81.12181288751343,6.911729512470465,81.13340279062173,6.92331146416747,514096.88090179715,764632.9521678176
LS_00378,81.13019680976868,6.93525505065918,3263.43336204051,324.430979524556,81.12440164175007,6.92946406670871,81.13599204775524,6.941046079701262,514382.3564500284,766593.5190566008
LS_00380,81.01707663536072,7.044254302978516,3590.8180252110155,242.3036759492877,81.01129020935586,7.038472278211963,81.02288057473517,7.050051513728995,501885.9536914129,778641.0645776202
LS_00382,80.51899562162512,6.828834533691406,84619.18359037623,2929.70349361564,80.51319704063678,6.8230403938264965,80.52479287016685,6.834630458627503,446852.8381984313,754853.7115761922
LS_00383,80.78709506988525,7.496311187744141,177466.49171766776,2926.037861607695,80.78129167450561,7.490519095932947,80.79289875493336,7.502103210840826,476510.10159057844,828620.6310772607
LS_00384,80.778323514895,7.490402221679687,20508.874932044848,708.4282091390158,80.77251988160705,7.484610014904328,80.78412702596546,7.496194352828555,475541.99771265185,827967.8753054223
LS_00387,80.70615339279175,7.487209320068359,384718.77224491554,10886.59326412968,80.70034880642197,7.481416199469075,80.71195770179982,7.493002370963313,467579.03080043016,827619.5688993573
LS_00388,80.73374334971109,7.582000732421875,118463.32178374076,2170.6512590941197,80.72793807169008,7.576207332327671,80.73954887876758,7.587792842942718,470629.5206385538,838096.8484592634
LS_00389,80.74659543255575,7.566495895385742,47847.673798076925,2191.895122360353,80.7407903312464,7.560703271545568,80.75240037800054,7.5722884458280815,472046.22977699153,836381.9344837954
LS_00391,80.73427402973175,7.562740325927734,7750.712239658404,422.5175512949628,80.72846875734805,7.5569475482458,80.74007901740039,7.568533037543607,470686.7584563285,835967.5654525413
LS_00392,80.720205783844,7.558691024780273,17643.63764838319,776.5222973372992,80.71440032192443,7.552898272515617,80.7260108311294,7.564484120540275,469134.5374714306,835520.885369011
LS_00394,80.5287234817726,7.698383331298828,88943.62388776592,1877.678971020025,80.52291256142931,7.69258637731389,80.53453191492054,7.704177215510581,448027.6865789649,850982.5350829217
LS_00395,80.52746987342834,7.691951751708984,51322.81606996315,1216.2924904273025,80.52166078031044,7.68615628785068,80.5332799799887,7.697747150684692,447888.6505455263,850271.6533514861
LS_00398,80.53521728515625,7.70665168762207,10172.17492725198,627.5182432250939,80.52940628310468,7.700856315474905,80.54102570999733,7.712446997647865,448744.8315997148,851895.8472868437
LS_00399,80.522237385111,7.702453226025369,22317.54298343853,948.7030656565096,80.51642745270097,7.696657688671099,80.52804708894313,7.708248696092033,447312.8874324164,851433.2706289914
LS_00406,80.51782274246216,7.692764282226562,4826.220264504468,502.3605892024689,80.51201312379203,7.686968526579364,80.52363259213688,7.698559634935058,446824.8271527298,850362.6680791772
LS_00408,80.51663139106137,7.723439294006633,12434.811508979396,488.176910309068,80.51082114933199,7.717643671480711,80.52244153637979,7.729234845281775,446697.27767124237,853754.0564416001
LS_00410,80.78383135795593,7.517913818359375,11198.224375023285,659.9075116892275,80.77802737010728,7.5121216792897885,80.78963512355591,7.523705882730098,476151.1902921776,831008.9725885655
LS_00411,80.77731394767761,7.525936126708984,11366.905810653336,528.6531501920933,80.7715090491301,7.520143902473348,80.78311718963455,7.531728275192496,475432.6046257614,831896.1981022028
LS_00412,80.77090573310852,7.534248352050781,19514.25289052489,816.8686131566109,80.76510128506393,7.528456045389832,80.77670981818477,7.54004058483773,474726.1090002961,832815.4794174231
LS_00413,80.73470843279803,7.550577163696289,19720.93386609673,1128.2687587236962,80.72890359019361,7.54478418440276,80.74051350295068,7.556369657707577,470733.86067949585,834622.8938348739
LS_00414,80.76038551330566,7.561759948730469,6261.322188104463,397.1971420620866,80.75458048489484,7.555967332167918,80.76619004543963,7.567552150117593,473567.17299276055,835857.5127127476
LS_00415,80.76023533765007,7.546304702758789,5732.321401438081,368.23471922939626,80.754430807942,7.540512115615343,80.76603994681975,7.552096932646676,473549.6664901143,834148.9417490553
LS_00418,80.75083995395237,7.551637649536133,9009.320182700749,480.3343826287714,80.74503523004574,7.54584508446652,80.7566447575376,7.557430144512887,472513.5180972885,834739.0809701623
LS_00422,80.55881834030151,7.606395721435547,16710.972660764925,850.3226593350698,80.5530097266977,7.600599898972878,80.56462568068805,7.612189878696638,451336.1818909408,840809.4966095412
LS_00423,80.56533039317412,7.598711013793945,11557.705277685847,703.3025317414844,80.5595228732341,7.5929157829320895,80.57113844450541,7.604505590986843,452053.6439580475,839959.2057128898
LS_00424,80.42015886306763,7.160312652587891,119606.05337785374,3065.134339219428,80.41435507401185,7.154515192563258,80.42596194790272,7.166107956175346,435976.9909855441,791511.31576637
LS_00425,80.4126812616984,7.158815383911133,5418.83310608239,307.1663041581477,80.406877521283,7.153018890001475,80.4184845273346,7.1646118241424,435151.1140561664,791346.8365661148
LS_00426,80.41714143753052,7.17840576171875,9846.46054178976,559.0670794631109,80.41133771588959,7.172609300555009,80.422945154626,7.184202161736432,435646.3511306646,793511.9831184272
LS_00427,80.4091240564982,7.181352615356445,2553.419751979239,190.64897779729137,80.40332006974585,7.1755557852822704,80.41492777526989,7.18714883682096,434761.5383884906,793838.9000568008
LS_00428,80.43612957000732,7.182634353637695,26968.84032101732,1029.7658457508512,80.43032594023133,7.176837746744233,80.44193305314278,7.1884301733118985,437743.48070272134,793976.8432056399
LS_00429,80.50764274597168,7.078098297119141,64964.002790932114,2344.7503634070567,80.50184120890609,7.072302230462578,80.51344383555379,7.083892856409416,445627.07392792834,782411.1637737293
LS_00430,80.50019580451819,7.098190352339829,32284.009086535883,1351.8183954828924,80.49439433618628,7.092395307780595,80.505997673153,7.103986131190814,444807.0500020637,784633.2390968475
LS_00431,80.46913814544678,7.112323760986329,73986.96607356601,1750.0434991674022,80.46333414372648,7.10652452819592,80.4749385808779,7.118116089580571,441379.07699622936,786199.5229095244
LS_00432,80.46488035212056,7.119646191745137,23631.522299177068,1015.3808048220614,80.45907782419394,7.113850519563212,80.47068255764623,7.125442189447081,440909.8294551694,787009.5722705754
LS_00435,80.45715522766113,7.121408462524414,19984.264947677253,704.478450960115,80.45135315634525,7.115613469130716,80.46295811635545,7.12720532017189,440056.99268077227,787205.389368526
LS_00437,80.46358442306519,7.135490417480469,15102.97348358909,971.961456812934,80.45778138241958,7.129694207321723,80.46938657431704,7.141285929023071,440768.7582468326,788761.3468073253
LS_00438,80.45675033993192,7.132932662963867,14044.318100606632,795.2392689980572,80.45094766221916,7.127136371932244,80.4625529434543,7.138728248490193,440013.7809058045,788479.4651114558
LS_00442,80.43839059557234,7.14216423034668,5346.942448860716,356.3347983292681,80.43258725594309,7.136368377837002,80.44419321315998,7.147960692607246,437987.6586265229,789502.4640155771
LS_00444,80.44451625530536,7.140819549560548,106687.55208668546,2824.934287046687,80.4387135591508,7.135023560796802,80.45031933790435,7.146615731854844,438663.88937671995,789352.9866350768
LS_00445,80.60800814628601,7.462882995605469,27309.300033559917,1256.183149039064,80.60220427899672,7.457087770067775,80.6138149680552,7.468676385815854,456747.8367664837,824938.7062056327
LS_00446,80.5976402759552,7.469381332397461,32496.641163730284,1211.456735298708,80.59183458433368,7.463586859360685,80.60344571205937,7.475175738398347,455604.4892144478,825658.1367275785
LS_00448,80.58819484710693,7.429960250854492,42408.56601195864,1834.049781004613,80.58238939377944,7.424166002404032,80.59399966186595,7.435755079739719,454558.22230269946,821301.0402484774
LS_00449,80.59042644500732,7.449811935424805,17559.915225864683,1054.5528931925264,80.58462077658173,7.444017591442615,80.59623153984677,7.455606631796376,454806.509658987,823495.4436315063
LS_00450,80.54981117248535,7.483945846557617,36572.43816061504,1225.454855198335,80.54400689238444,7.478152449694051,80.55561961427082,7.489742528044661,450328.6745284397,827273.3794731366
LS_00453,80.58150027348445,7.504936218261719,31982.36233473602,1479.9857972516672,80.57569401107088,7.499141771704061,80.58730653297154,7.510731084586213,453827.34680575697,829590.4504106841
LS_00454,80.5020604133606,7.501981735229491,39700.1737871137,1461.2923453116036,80.49622464743761,7.496171543718063,80.50783905753798,7.507762821187264,445062.2589272398,829272.9788076346
LS_00455,80.49555673245587,7.494291305541992,8823.026557049032,555.9006732118819,80.4897495340712,7.488495574522668,80.50136388678655,7.500087001801054,444343.7122150383,828423.5973826303
LS_00456,80.48192291259765,7.496492385864258,21932.369577405465,866.5637764121525,80.4761146976846,7.490696464626732,80.48772944798868,7.502288229348522,442839.7118479423,828668.684918882
LS_00457,80.49215126037598,7.487865447998047,102512.25100100624,2529.4759299300845,80.48634202388244,7.4820676670928705,80.49795627880637,7.493659170020091,443967.1488374701,827713.6316103411
LS_00458,80.48411451198731,7.484566029326954,30431.64240715817,1581.692020045061,80.47830626908143,7.478769777711248,80.48992062817298,7.490361473429322,443079.9732885574,827349.9025542096
LS_00459,80.49026536941528,7.47978401184082,10072.54135188308,648.3282124032382,80.48445816630678,7.473988405395925,80.49607223937826,7.485579944369951,443758.0308231785,826820.444334051
LS_00460,80.48187611897787,7.474332809448242,11521.720425694726,743.0442264239654,80.47606835359241,7.468536895167051,80.48768247848244,7.480128632513458,442831.6627833217,826218.8771238188
LS_00461,80.48822911580405,7.47068977355957,46461.16772870184,2114.859014599903,80.48243481171153,7.46489967221282,80.49404867799868,7.476491249244609,443532.1850419327,825815.30861469
LS_00462,80.49826453256114,7.483051256576662,45578.330453210096,2269.1314552320528,80.49245689593738,7.477255800350048,80.50407086472241,7.488847147293032,444641.0587166684,827180.633819445
LS_00463,80.50466012954712,7.479448318481445,9565.812199282973,819.7500544047185,80.49885302487156,7.473652460898843,80.51046673480622,7.485243646485701,445346.2852217265,826781.5189554703
LS_00464,80.49598817825317,7.474393844604492,29963.49054015408,1675.3858318671778,80.49018637069526,7.468594301896215,80.50180015103527,7.480185693817619,444388.7951956983,826223.8179498874
LS_00466,80.50303014119467,7.463291168212891,14131.563303447716,682.2458022882677,80.4972227447223,7.457495467002798,80.50883603995705,7.469086672991088,445164.4201444501,824995.5025196595
LS_00467,80.52005990346274,7.434429168701172,10976.54382562341,624.8627843678076,80.51425366499542,7.428633758184835,80.52586573364648,7.44022451332218,447040.06000069063,821802.6561526922
LS_00468,80.52569453301004,7.423229631553039,10970.115799123205,430.5341017714513,80.51988880900834,7.417433739774817,80.53150042698438,7.429024344374368,447660.5130167516,820563.8517105876
LS_00469,80.52196453735891,7.410823822021484,15201.973590195008,883.4434391806676,80.51615890466411,7.40502866455072,80.52777026798928,7.416619345940387,447247.42250998854,819192.8030420353
LS_00470,80.53060119628907,7.419328689575195,60231.43459483005,3135.1482250142776,80.52479544060294,7.413533538221854,80.53640682978784,7.425124018567181,448201.51754525886,820132.0179645576
LS_00471,80.56470600763956,7.451332092285156,16172.68925642854,918.6714117949005,80.55889620962732,7.445536167291743,80.57050765181683,7.45712584459157,451968.55874989124,823666.2128736251
LS_00472,80.55422306060791,7.453863143920898,3658.5054967303568,265.19699349906193,80.5484171635736,7.448068137884154,80.56002893511432,7.459658076034227,450812.1037704156,823947.1790560286
LS_00473,80.57905750274658,7.421758651733398,27851.951024029364,872.4080964959116,80.57325207459787,7.415963971785232,80.5848623410703,7.42755326658446,453549.05837348726,820395.2887907085
LS_00475,80.56129096536075,7.434946060180664,8468.896794353093,500.00764521100257,80.55548549486133,7.4291508880859425,80.56709656516581,7.4407406328927,451589.9303440561,821855.0798216459
LS_00476,80.5552303314209,7.438432693481445,17945.831290804457,753.1291213166836,80.54942452581011,7.432637712009399,80.56103584243313,7.444227609403227,450921.53403138614,822241.2009251363
LS_00478,80.54602209726968,7.440439224243164,34905.95656504789,1713.8833695351464,80.5402161653948,7.434643937517902,80.55182776458031,7.446234063259809,449905.65114328824,822464.0587254876
LS_00481,80.54976643456354,7.448110580444336,1683.048164418026,184.3322841297257,80.54396051176325,7.442315649456588,80.55557223271671,7.453905691299016,450319.6931035937,823311.7203002378
LS_00483,80.54121718571103,7.449026107788085,111626.63468068773,5289.100225102715,80.53541346481968,7.443229598248897,80.54702542179248,7.454819851177713,449376.4254647342,823413.9039041311
LS_00487,80.54228115081787,7.460329055786133,56961.651212987534,2061.311356534966,80.53647514574737,7.454534486264436,80.54808739252994,7.4661247252899905,449495.1244008924,824663.3475210321
LS_00489,80.53840696161444,7.46583366394043,7433.389347286539,599.8894567979977,80.53260055869772,7.460038334678869,80.54421305506382,7.471628675044285,449068.2727059876,825272.3397107807
LS_00490,80.53001689910889,7.46977424621582,2872.2072293447195,249.2932188140513,80.52421016953382,7.46397918305482,80.53582298322553,7.475569734262882,448142.96579402074,825708.9585216457
LS_00491,80.55608574549356,7.465656280517578,18380.4525686168,1303.3921461100922,80.55027971362442,7.459861355619028,80.56189176842472,7.471451260020086,451018.9515221572,825250.7266909359
LS_00492,80.4260425567627,7.145772933959961,7060.721619910695,584.8060886650662,80.42024829735134,7.139970880147561,80.4318546381505,7.15156348548451,436624.6537057628,789903.0956867166
LS_00493,80.42188102006912,7.140827178955078,13388.212238103337,845.553643436729,80.4160808292828,7.135028567070509,80.42768713178022,7.146621261123058,436164.44310616323,789356.9038259395
LS_00498,80.42878341674805,7.137628555297852,76712.52679693983,2494.854063302009,80.42298041962067,7.131832256941088,80.43458647573196,7.143424786966803,436926.1883067375,789002.3374995261
LS_00501,80.4135851201998,7.113090726227487,4838.089456689451,284.7182261328848,80.40778226480867,7.107294571634943,80.41938800405465,7.118887413955043,435244.4898952488,786291.7190751666
LS_00503,80.42542376885046,7.111034393310547,11943.195238814422,695.10111045801,80.4196210236693,7.105237971177836,80.43122643499663,7.116830538549686,436551.5466755417,786062.746148779
LS_00506,80.4378801981608,7.131376266479492,106550.7158136107,3004.192688347274,80.43207613717742,7.125577357820597,80.44368181310006,7.137169668593043,437929.84556909016,788309.8977533595
LS_00507,80.4450671672821,7.134368896484375,24839.547394440266,1287.7254519523342,80.43926329205051,7.128574502153694,80.45086888302467,7.140166651194206,438723.864293838,788639.779190318
LS_00508,80.45237796956843,7.126243591308594,3850.1538427411137,316.4267572530774,80.44657539630029,7.120447820640246,80.4581805977266,7.132039788972091,439530.0874678882,787740.5451190473
LS_00511,80.39810562133789,7.073503494262695,16272.94428852617,1213.0473661761976,80.39230303936968,7.067706897029691,80.40390805896905,7.079300030358185,433529.41110999417,781917.4298372462
LS_00512,80.38669012465598,7.059900938810831,9982.893417437375,510.5734034871281,80.38088767128482,7.05410422535039,80.392492582065,7.065697595667693,432266.70647497533,780415.2725411002
LS_00514,80.39446425437927,7.062171936035156,3488.205829107869,262.05817907036936,80.38866191525669,7.056375304146414,80.40026671101333,7.067968501885935,433125.6307308969,780665.2152698482
LS_00515,80.40339810507638,7.066415786743164,6872.212328138646,474.672611058594,80.39759569373736,7.060619457458135,80.40920040109152,7.072212459063146,434112.9063774561,781133.1117208671
LS_00516,80.4090830485026,7.064132690429688,5377.375990791302,385.8057295065889,80.40328695516399,7.058324778086045,80.41489147092831,7.069917646599598,434740.43773574615,780879.9090804678
LS_00520,80.41873127680559,7.071090698242188,18448.56182875043,1132.7514489202883,80.41292897547187,7.065294337145454,80.42453345950771,7.076886996823999,435806.9629541235,781647.7930538282
LS_00521,80.41299314744819,7.094780177424172,11567.842988181208,525.8136663854203,80.40719290410992,7.088983029074319,80.41879816003184,7.100575856430717,435176.55352403945,784267.5216235273
LS_00522,80.4076279534234,7.082780838012695,9973.932852144048,616.3571847676712,80.40182912620611,7.076967171807644,80.41343417930194,7.088560102877956,434582.35947742587,782941.715234902
LS_00524,80.40022792816163,7.088373184204102,143318.3302317454,4811.047861636422,80.39442513482787,7.082576600860921,80.40603050900151,7.0941697097287095,433765.91914394905,783561.0134076603
LS_00525,80.43972385138795,7.077718734741211,9841.210333705882,816.7474826679545,80.43392171219467,7.07192253987258,80.44552589457093,7.083514729583146,438126.25650115876,782377.6928366566
LS_00526,80.45799228123256,7.102626800537109,5646.084565924624,408.49615073603945,80.45218483104918,7.096836588832305,80.46378926477016,7.108428394399677,440146.99412029266,785128.9326710781
LS_00527,80.46600303649902,7.082357406616211,5308.486118246665,387.6937259284613,80.46020095763042,7.076561582755066,80.47180466069005,7.088153175545933,441029.05490800197,782887.0904958122
LS_00528,80.42681485956365,7.045862197875977,3810.418198838903,358.6534583559952,80.42101304272255,7.0400658292454565,80.43261666289091,7.051658266285863,436696.28265011916,778857.6194073944
LS_00530,80.42414919535318,7.037765502929688,11371.401609015791,613.9641290087372,80.4183533197302,7.0319654136872005,80.42995678281193,7.0435578989098575,436400.76876388956,777962.8742515517
LS_00532,80.41841556912377,7.0351409912109375,1657.8773901376453,193.9777817583156,80.41261374181092,7.02934478107593,80.42421726491659,7.040937392573735,435767.14256868896,777673.5122618688
LS_00533,80.38370381868802,7.021490097045898,9878.817827000648,503.835505679909,80.37790283541335,7.015692655672273,80.38950677644083,7.027286029742728,431931.2906535984,776169.2749368767
LS_00534,80.35498305729458,7.110134124755859,8857.318498378781,539.6374672341494,80.34917989432606,7.104337483606311,80.36078689243266,7.115931659011303,428772.5821934507,785973.4671070349
LS_00535,80.31842752603384,7.113092422485352,12055.914157376232,599.0328264122974,80.31262383683017,7.107294890874904,80.32423174544283,7.118889900115173,424736.15790644527,786306.3056569921
LS_00536,80.4946448802948,7.124645233154297,12064.624133388668,433.37363554225226,80.48884282262392,7.118850122182386,80.50044699930942,7.130441107891512,444197.2443008564,787558.5238352438
LS_00538,80.51465155861595,7.113746643066406,21869.09370241688,986.5582071743304,80.508849506635,7.1079513637614165,80.520452924142,7.119541870153024,446405.2265637398,786351.3051576501
LS_00539,80.53235816955566,7.1112213134765625,9976.13586476082,605.8501639134613,80.52655661331391,7.105426694526932,80.53815954967146,7.117016784874251,448360.2463780894,786070.1144979863
LS_00541,80.54652995447958,7.14044189453125,39758.64416471094,1750.1522529425322,80.54072814886845,7.134647103684895,80.55233153481024,7.146236894432752,449928.38196688105,789298.9071933746
LS_00543,80.54171514511108,7.144201278686523,19441.07835707729,842.7254482511304,80.53591318923166,7.138406513466299,80.547516789271,7.14999642151178,449397.13881812757,789715.0354071674
LS_00545,80.55671934423776,7.152458190917969,13744.541120201036,738.2942620265202,80.55091847406153,7.146663384313638,80.56252194172993,7.158252947924415,451054.78291228355,790626.2197373176
LS_00546,80.55005232493082,7.155225753784179,13192.850859140312,870.4165883896662,80.5442631788375,7.149421515701295,80.55586687759082,7.161011239170739,450318.9227773065,790932.8899238459
LS_00547,80.54162543160575,7.184303283691406,26979.063987270823,1244.052973232614,80.53582368153937,7.178508555852779,80.54742836223629,7.190098510156396,449391.65598109405,794148.3524775164
LS_00549,80.53565002716694,7.186132431030273,5900.189411988667,500.6014864114154,80.52984733553596,7.180337525011627,80.5414522070297,7.1919276226116615,448732.1128912256,794351.2308597285
LS_00553,80.53138219393216,7.17323112487793,64511.55046432232,3647.844437770997,80.52557950982381,7.167435845194128,80.53718413407972,7.179026028957863,448259.44238652545,792925.458597527
LS_00554,80.5445146220071,7.240501403808594,20192.91378928086,692.2358277008877,80.53871227285879,7.234706394289598,80.55031840584057,7.246296341390199,449716.8539809652,800360.789825897
LS_00555,80.51682207319472,7.228322982788086,166912.7188844662,3519.541829897027,80.51101879244493,7.222527227198693,80.52262525379884,7.234117819072477,446658.2464993827,799017.6036353094
LS_00556,80.50757722854614,7.213836669921875,10705.779911411955,938.1119501220936,80.50177346500922,7.208040980549366,80.51337975137832,7.219631773869869,445635.88210223615,797417.2124308727
LS_00557,80.5027644057013,7.219661293495024,9275.429754594708,781.3834866085258,80.49696098226168,7.213865807204224,80.50856754102283,7.225456721372675,445105.22925032914,798061.7102860373
LS_00558,80.47463130950928,7.286098480224609,21572.325807075547,895.8829833869326,80.46882404201696,7.280301838089594,80.48043308916803,7.291893504035198,442007.7578004499,805409.9754438348
LS_00559,80.4793062210083,7.294301986694336,9946.7943784296,501.3883260101996,80.47350150453619,7.288506172595373,80.48511066655512,7.300097738098461,442524.8525282411,806316.29505193
LS_00560,80.47703239473401,7.299944243295888,3564.431316616564,286.1439627013278,80.47122760128184,7.294148232607423,80.48283697327315,7.3057398596715375,442274.5797492917,806940.3505413325
LS_00561,80.46704750061035,7.308248519897461,4806.654815468864,468.4490016553741,80.46123505466171,7.302443011482993,80.4728448943643,7.314034887604162,441173.49728676525,807859.7008114969
LS_00563,80.48981778761919,7.312150955200195,19561.49664022582,881.5415105620217,80.48401302685409,7.306354987270343,80.49562243037009,7.31794632502259,443687.4026073169,808288.213398805
LS_00565,80.49958923127916,7.308341979980469,3369.221877315307,315.1823497780037,80.49378466541553,7.302546544914031,80.50539372975743,7.31413764416278,444765.5083708597,807865.9124154628
LS_00566,80.42170492808023,7.348995208740234,7579.401905124047,579.7779874506787,80.41589945942069,7.343181504002143,80.42751151409858,7.354774517522332,436174.292542177,812370.5679809072
LS_00567,80.41574340396457,7.351896286010742,40911.0979483068,1407.612267713737,80.40993714249046,7.346099249740947,80.42154942096394,7.357692409527631,435516.72288390854,812692.1470332249
LS_00568,80.410209514878,7.377836227416992,35019.92382199823,1357.5623808808257,80.40440327426431,7.37203951229545,80.41601641320678,7.383632843749315,434909.7215265684,815560.7118350271
LS_00569,80.41974547931126,7.399856567382813,14964.662138595932,777.1056047513049,80.41393680061682,7.394060929471152,80.42555033136298,7.405654066616348,435965.33278135303,817993.7668501601
LS_00570,80.41955500004383,7.383712265528583,13109.841987621096,580.0578425748799,80.41374803922022,7.377916244917968,80.42536111993365,7.389509362185733,435941.9852047151,816208.9780707958
LS_00571,80.40824728012085,7.413234710693359,4066.899687716665,270.79312690114114,80.40244012754492,7.4074379621097695,80.41405431196601,7.419031395278592,434698.3612432201,819474.4487769692
LS_00572,80.40708285630352,7.419260025024414,47977.60916273883,1721.887499374359,80.40127578090063,7.413463294430468,80.4128901637318,7.425056764866804,434570.7490151555,820140.7446055581
LS_00574,80.41882010868618,7.425264358520508,7934.714764902245,680.5694846223253,80.41301210211132,7.419468191239563,80.42462637240173,7.431061388971563,435866.88503833546,820802.8345633097
LS_00575,80.41871121724446,7.438764572143555,3750.121035818628,300.30246965317457,80.41290374693075,7.432967934692478,80.42451840194283,7.444561155434066,435856.82717210124,822295.3550270319
LS_00578,80.41388151380751,7.447751998901367,12777.502501877598,841.9788348794011,80.40807394508388,7.441955288597889,80.41968897156978,7.45354863941479,435325.1851319146,823289.6566945543
LS_00580,80.40353965759277,7.450004577636719,10351.595756475026,465.7275831551616,80.39773191135828,7.444207743785139,80.40934725150956,7.455801347303563,434184.31693116843,823540.2161155212
LS_00582,80.39831209182739,7.405426025390624,2556.179846097117,236.03315404281105,80.39250481331344,7.39962916428434,80.4041190152033,7.411222823071188,433600.77619949187,818612.6373249961
LS_00584,80.41796389493075,7.406587600708008,5080.353096095719,314.14591824874424,80.41215667796077,7.400790976804711,80.42377044124595,7.412384166809812,435769.69144247804,818738.1665506846
LS_00587,80.43477401733398,7.422859191894532,26468.661783680705,1069.6395353236528,80.42896696650533,7.41706275359217,80.44058078402635,7.428655563635264,437627.1139066947,820534.657936172
LS_00590,80.71396479887122,7.097555160522461,9230.163086623175,724.6145122894242,80.70816556990246,7.091762181124698,80.71976384494968,7.1033479642901565,468413.5968985974,784543.0148189729
LS_00592,80.68941446940104,7.112661361694336,59350.99039102009,2348.297826246084,80.68361601161222,7.106866762313707,80.69521526934953,7.118453141347777,465703.6386718594,786214.7285008382
LS_00596,80.71424039204916,7.113895416259766,3986.516659841992,277.9885726329239,80.70844087760263,7.108102631830868,80.72003957203255,7.119688416593176,468445.14491378673,786349.3847507109
LS_00597,80.70824599266052,7.114147186279297,3944.418008502166,280.4025219003154,80.70244636373828,7.108354190199827,80.71404520877716,7.119940118969299,467783.2285264249,786377.6306803407
LS_00598,80.72340461186,7.104339599609375,1896.6128535630664,243.1527780177581,80.71760543134943,7.098546785909149,80.729203656403,7.110132345982101,469456.4757493679,785292.3903904014
LS_00600,80.72545659542084,7.131608963012695,23694.252387716104,677.2454752164382,80.71965694481096,7.125816474627766,80.73125583156838,7.137401998010967,469684.8612086972,788306.8381459218
LS_00601,80.70618335125312,7.057876894741186,9171.3038247849,563.387685080789,80.70038452482436,7.052083812696334,80.71198195485121,7.063669761050786,467551.5254281684,780157.1865514187
LS_00603,80.69694232860934,6.966331481933594,1721.3405766400351,205.39056750392163,80.69114461496201,6.960538390261045,80.70273990371312,6.972124506212578,466524.42289311264,770037.6682823835
LS_00614,80.69082570075989,6.959262847900391,27022.671048677814,2134.0994891931578,80.68502799023372,6.953469686943872,80.69662324116233,6.965055941971676,465848.26616668154,769256.6832352552
LS_00616,80.69813251495361,6.982725143432617,6250.773315562208,417.4981795287971,80.69233455801391,6.976931953533758,80.70393023937949,6.9885180508929325,466657.0508142284,771849.8691618064
LS_00617,80.69887948036194,6.990184783935548,4006.132834225171,260.3060779795724,80.69308049123462,6.98439933781155,80.70467634691262,6.995985421851791,466740.08522391785,772674.4644247688
LS_00618,80.6915205001831,6.978525161743164,1174.0086013397015,129.02048429606353,80.6857225859923,6.972732110693283,80.69731831483853,6.984318360850866,465926.4062337642,771386.0424682058
LS_00624,80.68851238886515,6.970615386962891,4043.263439143328,339.49394114773213,80.68271446137548,6.964822298780479,80.69431005765468,6.976408614733786,465593.5600873814,770511.8510216874
LS_00627,80.68063749116043,6.972019195556641,2820.542564852168,363.44535585894266,80.6748394853475,6.966225864391709,80.68643530216649,6.977812365542029,464723.80735868146,770667.6205306839
LS_00629,80.67468917269667,6.971042633056641,5874.594143070655,431.7294956142276,80.66889119599689,6.965249270515316,80.680487126911,6.976835910135269,464066.6858577138,770560.1120581031
LS_00630,80.659035382952,6.980684280395508,6937.537161041219,513.6063646644974,80.65323712108143,6.974890738182561,80.66483366642458,6.9864777500119954,462338.34413727035,771627.2002936027
LS_00632,80.63629544453153,6.920558929443359,49290.61099022855,1831.970959538575,80.63049730527734,6.914764149978127,80.64209283074219,6.926351644646873,459821.4390609262,764982.311481125
LS_00633,80.3853660583496,7.00132942199707,15257.889633479555,617.0060968984017,80.3795646034042,6.995532743055226,80.3911679647481,7.007126046262542,432111.9700016526,773940.214786977
LS_00635,80.75893676752187,7.610076083293343,3560.314609834869,219.78385813087317,80.75313124712396,7.604283758803328,80.76474218117806,7.615868629082364,473410.32190748194,841198.9661465088
LS_00636,80.78824440638223,7.583492279052734,1416.717363585667,150.21056211675435,80.78243963005487,7.57770031155644,80.79404906820236,7.589284415531228,476641.58292162605,838258.4300802369
LS_00638,80.76516990661621,7.578369140624999,8146.932583798998,516.906640895845,80.75935733193643,7.57257316602653,80.77096722709618,7.584157865791896,474095.9527609129,837693.3748593505
LS_00642,80.77593358357748,7.551660537719727,6305.105479142775,471.37882171863816,80.77012907605076,7.545868294064282,80.78173795746308,7.55745270877118,475281.7770557717,834740.1088588976
LS_00643,80.75072202512196,7.539272308349609,3337.138169050731,262.0457337111387,80.74491736341172,7.5334797407523215,80.7565265534479,7.545064799588567,472499.7275395404,833372.0974181612
LS_00648,80.76921281004263,7.525251388549805,28558.01362753277,1825.658814756957,80.76340835636609,7.519459399638812,80.77501668643033,7.531043980050929,474538.81819402886,831820.9635648655
LS_00654,80.7782429854075,7.519775390625,25785.470862347534,1796.914471248748,80.77243916157353,7.5139828526622,80.78404710960672,7.52556719996965,475534.75425082434,831215.0774135436
LS_00656,80.76683289664132,7.499721527099609,17655.516847007548,519.1850602315404,80.76102893620107,7.493929172996459,80.77263662893861,7.505513807052872,474274.7554707364,828998.778875712
LS_00663,80.80828971332974,7.5079345703125,54129.92974224115,3466.319244339061,80.80248619612554,7.502142794654055,80.81409304776976,7.513726367691466,478849.08661066595,829904.5138204107
LS_00664,80.82964587211609,7.528877258300781,2060.0606577023013,203.9353649065998,80.82384234534511,7.523085708307311,80.83544921442832,7.534668732606206,481206.1657227855,832218.7453037292
LS_00665,80.81823938914707,7.509019851684569,9770.182950822007,429.7156100972255,80.81243599390734,7.503228156175917,80.82404261838818,7.514811473207512,479946.8627137925,830024.0237082775
LS_00668,80.81822766198053,7.500040054321289,19753.736885919483,999.8534055061932,80.81242439687186,7.494248359106121,80.8240307778838,7.505831675453324,479945.15755608375,829031.3119394588
LS_00669,80.82372177668981,7.504903793334961,5499.946244965417,451.2178406258374,80.81791850704231,7.499112168054805,80.82952487824721,7.510695343415489,480551.5381054121,829568.7485351551
LS_00674,80.82993638515472,7.506071090698242,2104.892271629792,180.4109483223788,80.82413307979711,7.500279636360212,80.83573932211992,7.511862651593923,481237.2367953876,829697.5219604982
LS_00677,80.80878591092343,7.49390417722813,5070.133309413356,317.51129382316924,80.8029826029949,7.488112559687636,80.81458906068653,7.499696117952295,478903.1553052028,828353.436114569
LS_00681,80.81592750549316,7.493194580078125,5464.241260015789,640.3374461304622,80.81012538460298,7.487402830713901,80.82173163919168,7.498986205400883,479691.0645091917,828274.6539656377
LS_00682,80.8214943408966,7.483427047729492,5315.615486736702,537.2288157199313,80.81569132846981,7.477635356425812,80.82729717521525,7.489218587046322,480304.8235638499,827194.6054823867
LS_00684,80.81303024291992,7.486446380615234,21658.52563466062,1342.4656701842152,80.80722709328106,7.480654619485489,80.8188332395348,7.492238067774067,479371.08769002213,827528.7790055235
LS_00687,80.8085527420044,7.481807708740234,198.6177913863729,54.42213217882477,80.80275341262966,7.476004473424109,80.81435954784509,7.487588035824354,478876.84715561965,827016.1888055335
LS_00689,80.79803085327148,7.479486465454102,14216.087461213276,792.0422703654206,80.79222749459792,7.473694623779278,80.80383383729303,7.48527845537978,477715.802153202,826760.0954387948
LS_00691,80.79240290348585,7.482621484710473,5635.027513679521,307.5954827601193,80.78659970418494,7.476829613637964,80.79820627623423,7.488413589818189,477095.0050947253,827106.9593698047
LS_00694,80.78815786043802,7.476295471191406,2781.22250972414,218.93907026790205,80.78235461022099,7.470503389962098,80.7939611192025,7.482087473327183,476626.2943501726,826407.8444254862
LS_00696,80.79643499034725,7.466485977172852,14471.655666658462,672.3749500177842,80.79063202575557,7.460693862618339,80.80223805691006,7.472277732596746,477539.05832923617,825322.9790533873
LS_00697,80.82017103830972,7.470369338989258,11971.228867870888,475.8391524853485,80.81436831014639,7.464577929421961,80.82597383787873,7.4761611926552,480158.228769082,825751.1434430681
LS_00700,80.76127580495981,7.486162185668945,10442.571733748857,553.2974667165017,80.75551496898277,7.480346875134881,80.76712243192968,7.491931645808204,473660.825639849,827500.1251789309
LS_00701,80.77071088903091,7.47163200378418,2887.6697053077587,239.19130171579903,80.76490730299142,7.465839812144478,80.77651413106727,7.477424339311014,474700.9962822658,825893.2637954495
LS_00704,80.77006459236145,7.482839584350586,1824.218054623476,235.62298199204983,80.76423703274874,7.477037822064091,80.77584418271977,7.488622369431181,474630.3327224017,827132.2957387379
LS_00707,80.80989289283752,7.438129425048828,10856.346824917178,543.6747143323634,80.80409033430176,7.432337714989878,80.8156952555633,7.443921236927229,479022.6318576265,822187.5188264177
LS_00709,80.80184719779274,7.438518524169922,5977.130900186968,412.2913363912741,80.79604466628835,7.432726486002308,80.80764980334823,7.444310212940485,478134.8455478299,822230.9228719302
LS_00713,80.79052543640137,7.440807342529297,6202.194453784873,412.2845016176452,80.7847219121785,7.43501559221376,80.79632739963358,7.446599607666729,476885.66124165436,822484.5256516003
LS_00714,80.78897308795482,7.457703459927811,2406.74941485775,203.70597870530776,80.78317004508568,7.4519113955605985,80.79477602909286,7.463495454110815,476715.2595009757,824352.4632694062
LS_00719,80.74896621887936,7.480589710315995,13713.864083788105,1105.9362485906938,80.74316218064428,7.474797133654351,80.7547698071045,7.486382216858297,472302.3113919637,826884.8448291958
LS_00721,80.76075204213461,7.494974136352539,4893.089521879949,360.12586349888824,80.75494860539612,7.48918170374449,80.76655632399543,7.500766491599801,473603.56723988696,828474.316394276
LS_00723,80.75172935527999,7.498182347332937,7976.875644876571,361.945888213249,80.74592527533716,7.492389972406771,80.75753331219406,7.503974991400203,472608.28100385226,828829.5363984858
LS_00724,80.75132751464844,7.504810333251953,50062.55499466101,2254.6738729812,80.74552410001074,7.499016569994437,80.75713232850718,7.510601601489788,472564.3608018142,829562.285187264
LS_00725,80.73015766143799,7.513053894042969,8535.268359287968,545.4811198147138,80.7243530812303,7.507261070609597,80.73596207663314,7.518846644836131,470229.26937394956,830474.9928076693
LS_00726,80.72294413248699,7.506515502929687,11882.656885707574,819.6949349048826,80.71713946174194,7.500722717842812,80.72874846127996,7.512308472776109,469432.96401100093,829752.6685776178
LS_00727,80.68571066856384,7.476890563964844,40486.01873360046,1274.5257699290792,80.67990432934005,7.471096250394749,80.69151345783469,7.48268293223547,465322.68819306267,826480.3851697933
LS_00729,80.73804622226291,7.44932746887207,6865.297689158528,541.3442541874965,80.73224262463955,7.443534758458276,80.74384967589225,7.455120106727756,471095.39809001994,823429.5091702021
LS_00731,80.72914004325867,7.445343017578125,25969.589978455588,1217.008909284117,80.72333636848677,7.439550195195425,80.73494353647868,7.451135766688587,470112.39224087336,822989.620915286
LS_00732,80.72616147994995,7.425601959228516,1922.453060685539,235.8541990581705,80.72035802513729,7.419809052383605,80.73196473096348,7.431394690375589,469782.3752230998,820807.4520324605
LS_00733,80.67742681503296,7.433176040649414,8861.285992499103,653.7228074722757,80.67162293273903,7.427382922961399,80.68323106933384,7.438969786750885,464405.1445275013,821648.3864984063
LS_00734,80.57511196136474,7.430171966552734,11099.854134075302,523.3514997867957,80.56930531869803,7.42437151336032,80.58091591555417,7.435960913368798,453114.55220899946,821325.8088960273
LS_00735,80.58714616298676,7.437583923339844,6231.76655001446,409.29319992603865,80.5813409317417,7.431789489630232,80.59295143700079,7.443378599860789,454443.286146152,822143.955761868
LS_00736,80.68782301930909,8.066608511327221,16129.38746567534,498.0548614147762,80.68201016318146,8.060815460988154,80.69363609575386,8.072402411990645,465603.7926998665,891674.6861287192
LS_00738,80.38659428650479,7.93372917175293,34484.81341578485,1080.5666877466508,80.38078143314426,7.9279300751573185,80.39241138724195,7.939524862541349,432391.06696098135,877021.4751480167
LS_00739,80.4246678352356,7.75471305847168,5781.246086391261,363.41393589945005,80.41885616938896,7.748916255483881,80.43047980649776,7.760509799847183,436560.5104948606,857224.138026147
LS_00740,80.52242897273777,7.7180633544921875,8039.469128275953,845.0175275149704,80.51661886144257,7.712267807566053,80.52823894472155,7.723858827744805,447335.94589531474,853159.0053248593
LS_00741,80.70362754761072,7.755289675098206,3873.563536803332,318.9338284925801,80.69781918606672,7.749496327276263,80.70943564629633,7.761082697255996,467320.6758511033,857256.3098422477
LS_00742,80.73126999537149,7.608530044555664,5764.102440926679,318.78872582199773,80.72546401435785,7.602737216547847,80.73707562235946,7.614322801578884,470358.50385405455,841029.8484408198
LS_00743,80.72527281443277,7.607919692993164,4573.795855735559,371.0329201054911,80.71946684869734,7.602126696932146,80.73107859471777,7.613712436377671,469696.95422095,840962.7890098201
LS_00746,80.72177440098355,7.613288879394531,3912.226948215752,444.596523554868,80.71596837344468,7.607495862622234,80.72758035950362,7.619081694589653,469311.44991451036,841556.6032976427
LS_00747,80.75984989513051,7.627031326293945,3830.105785262269,382.5274122476262,80.75404491842775,7.621238858940449,80.76565629958768,7.632823710728684,473512.0835754855,843073.3207345004
LS_00748,80.70978705088297,7.607723236083983,14892.150660102616,1202.435147442667,80.70398082403139,7.601930130748421,80.71559296424876,7.6135162688815585,467988.81020676054,840942.1854373442
LS_00750,80.70607606349353,7.61233993544924,5708.538944776648,514.6680692861216,80.70026980576479,7.606546782254096,80.71188217057373,7.618133018101799,467579.8225952226,841452.842080109
LS_00751,80.71580998102823,7.617454528808594,4636.965317366039,445.903445243697,80.7100035075276,7.611661507969146,80.7216157639586,7.623247495591833,468653.86620210414,842017.5472211282
LS_00753,80.6948053571913,7.612249374389648,12441.405355283743,1083.6805629297478,80.68899887859406,7.606456162564835,80.70061153125371,7.618042688092945,466336.63133417704,841443.6914869957
LS_00756,80.6711903933821,7.623472213745117,7742.015487087151,561.5596830900458,80.66538341812004,7.617678753401618,80.67699699289871,7.629265891420867,463732.78702344635,842686.3003146122
LS_00757,80.54575843811035,7.673934936523437,9996.459224543554,539.9611162582928,80.53994553859569,7.668138258989652,80.55156375433965,7.679728638452477,449903.47226046916,848277.6523279869
LS_00758,80.56683353985663,7.634022325133049,11579.41450896891,660.0015046177044,80.5610255073013,7.628227786938829,80.57264204524364,7.639817591769141,452223.36379004375,843862.7974747879
LS_00760,80.56136016845703,7.626548767089844,27768.26775567682,1537.1940175427617,80.55555140441257,7.620753480178805,80.56716786799393,7.632343416026901,451618.8201715611,843037.1851400512
LS_00762,80.57057881355286,7.621932983398437,11722.730925802474,626.4289513448047,80.56477062402095,7.616138100215045,80.57638672265037,7.627727798560858,452635.13130903774,842525.8759574248
LS_00764,80.5650282965766,7.61796760559082,6977.405202627902,524.1164221989986,80.55921732537207,7.612173128448856,80.57083345176758,7.623762963205707,452022.4603444362,842088.1054480673
LS_00768,80.55786868504116,7.618295669555664,13940.89011534303,556.5228762578773,80.55206138494923,7.612500614055021,80.56367770164265,7.624090629699735,451232.7745461756,842125.1751636302
LS_00773,80.56665579477945,7.605730056762695,1167.9159806933333,134.4997769763017,80.56084144483856,7.599927500432758,80.572457181953,7.611517282169784,452200.62191659753,840735.0323382163
LS_00774,80.5507743358612,7.60614013671875,2493.685718838324,227.24371848320567,80.54496596466596,7.600345007561567,80.55658211429864,7.611935189463455,450448.8543685499,840782.1536339138
LS_00777,80.54564630063093,7.631688864925612,10886.236844653198,789.6744135984468,80.53982137093561,7.625892529380094,80.55143837918195,7.637482867564479,449886.17256279435,843607.230925641
LS_00782,80.54644648234049,7.623512268066406,5565.573007006325,515.0429288532554,80.54063976471737,7.617717085691382,80.55225651875986,7.629307394642415,449973.4821403052,842703.1910079453
LS_00783,80.54443448607685,7.655160903930664,13068.920596871563,916.4469526002034,80.53862556580802,7.649365673236196,80.55024327626134,7.660956066380511,449755.25470672105,846202.2780367978
LS_00784,80.53933891822354,7.667060019524175,3495.3166133270283,334.6202669414182,80.53352974455929,7.661264716410416,80.54514792582584,7.672855251207504,449194.65811489965,847518.3624717637
LS_00787,80.51201629638672,7.678369522094727,528.6457811624591,110.7946570720504,80.506206524951,7.6725739608683154,80.51782572477012,7.6841651994971025,446182.6566513231,848771.9984924241
LS_00788,80.46756818860311,7.668241988956066,8222.94705295069,379.6022222033433,80.46175821262482,7.662445782113304,80.47337824090903,7.674038126913767,441279.1710018941,847658.1870399709
LS_00789,80.41247081756592,7.644655227661133,5962.753776512243,342.61962580847205,80.40665988407532,7.638857856325746,80.41828060432121,7.650451541478741,435198.83342451847,845058.4685943432
LS_00791,80.44712734222412,7.602775573730469,9129.259569136257,580.9616139011393,80.44132135446088,7.596973439328765,80.45294000054793,7.608566204342501,439015.44481701625,840423.4201380509
LS_00792,80.4467651685079,7.611679077148437,82715.29194095921,1574.7535960011685,80.44095735789455,7.605887150759061,80.45257627012052,7.6174799372731075,438976.7523255041,841407.7935844515
LS_00797,80.44182613917759,7.605497360229492,12778.002166678163,928.2368115462413,80.43601647235954,7.599700878947014,80.44763532879199,7.61129377919262,438431.0662565726,840725.0762563698
LS_00798,80.31356048583984,7.604629516601562,7194.543578750575,541.1080915260437,80.30774873903081,7.598831906874246,80.31937072414222,7.610427952557387,424282.07475561474,840649.4698192123
LS_00799,80.42898120378193,7.595722198486328,3896.705902152182,270.9669939511016,80.42317167348253,7.589925321572612,80.4347905660701,7.601518525298382,437012.74597703235,839646.2331812948
LS_00801,80.5376968383789,7.59345817565918,8968.684397588497,429.95745898555487,80.53188309085482,7.587659078075774,80.54349920853721,7.599249574997832,449004.8349980503,839381.6441746156
LS_00802,80.56432723999023,7.517568588256836,8470.166107017372,405.65326957342666,80.55852065760419,7.511774264868358,80.57013396225317,7.523364017567875,451934.0166845389,830988.8304307996
LS_00803,80.56818215052286,7.528720855712891,14895.345340384716,1047.0254357220504,80.56237456546133,7.522925250408646,80.5739880873547,7.534514918106797,452360.53756078513,832221.3160796942
LS_00804,80.57385047276816,7.535280227661133,2713.0833814778284,239.23972633187904,80.56804352666725,7.529485424511895,80.57965709125614,7.541074957057396,452986.6024370215,832945.8548847672
LS_00806,80.55919089220991,7.572536468505859,4684.004096937861,270.6596456747998,80.55338321792638,7.566741459894893,80.56499820164672,7.578331396054646,451373.4727531059,837066.2266852796
LS_00808,80.57833077470727,7.571705696928868,8584.708044852838,374.8573571056628,80.57252352128884,7.565910934000319,80.58413800010365,7.577500388975703,453484.77997821465,836972.2887897508
LS_00809,80.59354572687005,7.584734220595652,6276.501433693908,450.1152902940489,80.58773848652127,7.578939634528673,80.5993529493443,7.590528718330749,455164.5487802321,838411.0205647859
LS_00811,80.57283673967635,7.541784286499023,7121.907767135591,494.3729706487077,80.56702964778056,7.535989619290591,80.57864342080896,7.547579183443391,452875.4673079966,833665.001712743
LS_00816,80.58064235913041,7.593875146113655,5493.743890417092,426.27236673146217,80.57483543616709,7.588079979451463,80.58645048363323,7.599669397032976,453742.1473341499,839422.9247325904
LS_00817,80.58811211159525,7.6018328931205,5374.7170133895215,303.63533342685867,80.5823042380319,7.596038777404844,80.59391932192854,7.607628013776129,454566.95933893713,840301.88149741
LS_00818,80.59601974487305,7.541149139404297,14951.006662998452,727.6704687401277,80.59021308113111,7.535354613119935,80.60182625443468,7.546943596033691,455432.9874294761,833592.350264328
LS_00819,80.61436875661215,7.536079406738281,23615.07212511823,1131.7856289802282,80.6085603924643,7.530285128981464,80.6201729620118,7.541873646879915,457456.78186939005,833030.0526447818
LS_00821,80.60980138778686,7.529449462890625,31677.93554979455,1811.417555263074,80.60399502164671,7.523655114226942,80.61560752055682,7.535243741289242,456952.2433469883,832297.5490705005
LS_00822,80.6021700521414,7.544652039789659,2234.997993748308,237.68459842301448,80.59636341963197,7.53885767346217,80.60797653653655,7.550446505040524,456111.8516194922,833978.979002783
LS_00823,80.60206937789917,7.53776741027832,1313.618567158068,138.01326647672988,80.59626286292524,7.531972960726107,80.60787578924658,7.543561788892573,456100.0514296655,833217.881239517
LS_00825,80.56065702438354,7.59068489074707,2109.741603981065,186.8860850000322,80.55484923794388,7.584889896539036,80.56646469924155,7.596479814175907,451537.2376564957,839072.4169303951
LS_00826,80.56742525100708,7.592483520507812,6623.858023141407,539.8035215752735,80.56161238963197,7.586684797259396,80.57322773138655,7.598274546591859,452284.035068935,839270.5094909144
LS_00827,80.5690218601128,7.555891264324417,4052.011215835775,329.81286760522585,80.56321473377261,7.550096392552362,80.57482900011499,7.561686065863226,452456.1443108959,835224.9734340454
LS_00828,80.60900515362732,7.512670516967773,2726.0664983059246,297.6144139652483,80.60319887410844,7.506876311532308,80.61481092404128,7.518464944483339,456862.7424476015,830442.6887841425
LS_00829,80.6392912864685,7.5771636962890625,5944.292733567696,353.57233154194563,80.63348459899476,7.571369701630362,80.6450976889654,7.582957622035601,460210.05673375353,837569.6286046033
LS_00830,80.63866424560547,7.603670120239258,9103.47195709664,484.0907257534703,80.63285724250606,7.597876106603354,80.64447109321709,7.609464062298429,460143.3277591751,840500.0123375873
LS_00831,80.63676756620407,7.597873687744141,5552.906994375779,353.2489586393271,80.630960728891,7.592079305580551,80.64257446484216,7.603667305275259,459933.57693296357,839859.3823491245
LS_00832,80.6855123837789,7.605295181274414,3641.180645762961,325.7686070138362,80.67970179084661,7.599496043870936,80.69131448782143,7.611082804106474,465311.0356081892,840675.6319103636
LS_00835,80.69129123687745,7.597919464111328,16075.07561252763,809.3822473399786,80.68548499934361,7.592126123424816,80.69709734170927,7.603712731361652,465947.88599399093,839859.7799760052
LS_00838,80.70310926437378,7.598613739013672,20087.308124170308,1190.5009153865612,80.69730313925865,7.592820550907537,80.7089151972562,7.604406856131555,467251.5374323317,839935.6217702748
LS_00839,80.71765041351318,7.594842910766602,39511.41367243126,2566.890658465171,80.71184455711345,7.58904990862255,80.72345613568493,7.6006358385173725,468855.23681782844,839517.6817552447
LS_00840,80.70379824108548,7.587017059326172,2186.53093596023,182.004137685142,80.69799230569775,7.581223882058413,80.7096040227056,7.592810163756759,467326.6597688236,838653.5468236669
LS_00841,80.68438259760538,7.571434020996094,28476.601073602375,1285.3067146567228,80.67857628738376,7.565640306494372,80.6901880677351,7.577227076227056,465183.69235540484,836932.3363339043
LS_00850,80.689215696775,7.583560943603516,9955.498648266386,775.9102180865699,80.6834095546661,7.577767697271496,80.69502154943943,7.58935435042026,465717.8040355302,838272.594881787
LS_00856,80.68073544135461,7.582586288452148,2897.9959108822213,223.732469247783,80.67492918353844,7.576793046406557,80.6865413682508,7.588379915661932,464782.2700201778,838165.524519037
LS_00859,80.67922744750976,7.575376510620117,26233.06764005145,1647.6374348720517,80.67342134670844,7.569583146123209,80.68503336875335,7.581170049617976,464615.33460472396,837368.5986847207
LS_00860,80.67587290819998,7.568724047990028,6416.253487478287,293.2952925863091,80.67006682454743,7.56293085247047,80.6816787467103,7.574517837483268,464244.7407565105,836633.436566591
LS_00861,80.6971256619408,7.566131591796875,7117.335063494197,873.8731184566833,80.69131990876866,7.56033839120348,80.70293121563368,7.571924832810168,466589.0069100291,836345.1487990615
LS_00862,80.71489715576172,7.562582015991211,10579.811193787533,505.2151520106934,80.70909170187163,7.556788987108696,80.72070245500238,7.568374972739099,468549.1938315109,835951.4165123045
LS_00866,80.69390106201172,7.513055801391601,30456.29886575024,1489.1761922321966,80.6880960261038,7.507262517983314,80.69970594434986,7.518849013139717,466229.1750427557,830477.8324093511
LS_00867,80.70770586453952,7.517221450805664,1805.725620573885,192.61182448453928,80.70190096568601,7.511428258214206,80.71351064800992,7.523014405337983,467752.5310253116,830937.3068340869
LS_00868,80.63301229476929,7.514089584350586,5651.401917438789,289.77462768554165,80.62720688531427,7.508295530013383,80.63881837152273,7.519883562029423,459511.5441760794,830597.2777329114
LS_00869,80.66323770053476,7.570392110794747,1706.0383838268956,207.5360768049925,80.6574310804291,7.564598417349271,80.66904337137196,7.576185724940496,462851.0472968385,836818.9016886393
LS_00870,80.65849113464355,7.563951492309569,26866.505214617257,1352.2875225132805,80.65267377218724,7.558150115690403,80.66428600412968,7.569737539927839,462326.8788283846,836107.291868849
LS_00872,80.64743121465048,7.553106307983398,6811.466253505637,411.7363068464207,80.64162507383674,7.547312424611582,80.65323728373991,7.558900121517273,461105.83245712984,834909.31555635
LS_00874,80.63642018181937,7.566593170166016,23079.246546778028,944.637693193205,80.63061676982154,7.560793420370351,80.64222963613203,7.572381405676896,459892.3626032379,836401.3052313064
LS_00875,80.6679561708431,7.558617954930213,2091.0755963744928,188.16998224406237,80.66215003488094,7.552824330651791,80.6737618770389,7.564411510790498,463370.5642774419,835516.8557235963
LS_00877,80.6960666179657,7.558990478515625,1901.4813817342076,168.36047496269245,80.6902594706636,7.55318958002937,80.70187060597642,7.564776044903724,466471.628319148,835555.7745794244
LS_00880,80.69058333502875,7.540063858032227,14104.003605145042,1080.0129578261974,80.68477786645856,7.534270525677593,80.69638861653678,7.545857119847861,465865.250440141,833463.847942521
LS_00881,80.68166875839233,7.545356750488281,4712.908397284095,354.46585907885503,80.67586329598291,7.539563420502347,80.68747441998042,7.551150244215811,464882.2141815382,834049.6885621875
LS_00888,80.72369027137756,7.597911834716797,17439.301695777445,1647.9381093871848,80.71788444664807,7.592118910250393,80.7294959549199,7.603704686150324,469521.68880995474,839856.5241376185
LS_00889,80.73985966769132,7.591634750366211,14076.061355110529,729.3557446717119,80.73405347883488,7.585841584078007,80.74566439533247,7.597426940988028,471304.8479761189,839161.4850501647
LS_00891,80.74466342926026,7.545726776123047,1687.1364371180216,216.28684635305623,80.7388587297521,7.539934218400657,80.75046825312397,7.551519434798068,471831.758184481,834086.0265539065
LS_00892,80.71918034553528,7.527103424072266,4581.734903672155,471.3772998340309,80.71337544939895,7.521310457412138,80.72498511183576,7.532896317350512,469019.16879457375,832028.9342324097
LS_00895,80.7366840839386,7.529033660888672,6850.769004488365,748.0732330115057,80.73087837356825,7.523240922967726,80.74248764179055,7.534826337242108,470950.3736489286,832241.121172105
LS_00897,80.74010072435652,7.522937774658204,9176.570204184103,722.1975732081931,80.7342965171164,7.517145295493414,80.74590553017981,7.528730620113064,471326.9075424092,831566.994255657
LS_00898,80.74411273002625,7.514604568481445,3036.2245172199227,311.5657207500344,80.73830830139036,7.508811921802445,80.7499169829241,7.520397140892552,471768.99202990293,830645.4964386196
LS_00900,80.7601387500763,7.516788482666016,14528.315219597658,526.1262515603756,80.75433455101593,7.51099604094833,80.76594288211041,7.522580851283353,473537.2206099226,830885.9277481784
LS_00903,80.75258286794028,7.526662826538086,3824.678526359147,243.46782298381356,80.74677837778391,7.520870517256731,80.75838717347092,7.532455524142046,472704.2272669024,831978.0008661344
LS_00904,80.7990057889153,7.535552978515625,5095.117892362234,518.7376059181116,80.79320176740168,7.529761087529033,80.8048096115631,7.541344904092196,477826.2126673005,832958.1800108001
LS_00907,80.74749406178793,7.582094192504883,1967.6458393233645,165.295160234866,80.74168883578729,7.576301578725768,80.7532992907164,7.587886735394486,472146.3624313062,838106.2744636132
LS_00910,80.80723920735446,7.4433441162109375,7415.170206435274,630.874000368396,80.80143660778569,7.437552205392578,80.81304173734168,7.4491357957439455,478730.06103589165,822764.1257870457
LS_00913,80.79719066619873,7.428308486938477,1344.3373705579709,136.5171276053006,80.79138810004387,7.422516597918001,80.80299308054808,7.434100441446934,477620.5020041492,821102.4431693259
LS_00918,80.80743106206259,7.4267425537109375,378.5561633858738,71.1824270685394,80.80162866423683,7.4209507259623,80.81323334177274,7.432534308892093,478750.43287246814,820928.8264253535
LS_00921,80.79049698919312,7.467473983764648,2265.5451354116594,262.2303752905169,80.78469380990306,7.461681936285329,80.79630001971643,7.473265958051899,476883.9206780991,825432.509603093
LS_00922,80.7836856376834,7.466779708862305,2924.9712721975293,201.40669543735663,80.7778823732015,7.460987458800303,80.7894887382476,7.472571654146293,476132.3307757726,825356.1207731172
LS_00923,80.76666005452475,7.460443496704102,2027.553077892092,205.2412010776857,80.76085661328935,7.454651216920848,80.77246324046261,7.466235843931228,474253.3836500236,824656.6125624568
LS_00926,80.76471309661865,7.479866027832031,8054.485675221291,651.990823356791,80.7589092659053,7.474073931206056,80.770516471179,7.485658613499087,474039.7024387928,826803.8819255825
LS_00929,80.74143977695041,7.507238388061523,3735.398025316391,370.7533354423889,80.73563542568881,7.501445709405706,80.7472439734073,7.513030993912788,471473.61362411396,829831.3375426001
LS_00930,80.72831925286187,7.468873977661133,1444.1636096332268,161.3189665607311,80.72251526189949,7.4630811405535775,80.73412309289802,7.474666742808149,470023.423660801,825591.0230053822
LS_00932,80.74243207411332,7.477466583251953,5034.31914446723,434.0314461952582,80.7366282102261,7.471673858705954,80.74823591767526,7.483259106737525,471581.16305694927,826539.9999116599
LS_00934,80.75322010937859,7.472360610961914,4024.0328537941377,277.3443592490186,80.74741642500041,7.466567956653088,80.75902371862541,7.478152928904408,472771.1553036532,825974.8537725566
LS_00935,80.75768197377522,7.477462768554687,3966.2971241663786,470.2022170322886,80.75187883183052,7.471670040100639,80.76348615089063,7.483254900602499,473263.77529578883,826538.6229772817
LS_00936,80.76692997720357,7.449204198202767,1675.8923176573714,164.65446694124074,80.76112678111313,7.4434118541017,80.77273309627813,7.454996470961559,474282.5111775388,823414.0966203681
LS_00940,80.75041365623474,7.433605194091797,13025.251695997273,540.8522082856554,80.74460691580697,7.427805012684256,80.75621322655905,7.439390042719833,472459.0781384274,821690.626811491
LS_00941,80.74236845970154,7.432159423828125,1366.2594289524186,179.43398945929175,80.73656501847289,7.426366941990936,80.74817149356011,7.437952174492284,471571.22201363323,821531.3057205547
LS_00943,80.74547331541487,7.421886444091797,19845.8660474058,784.2206899596848,80.73967018860148,7.416094108197933,80.75127630656166,7.427679258560678,471913.18251099775,820395.4332747946
LS_00944,80.73560854593913,7.421636581420898,998.4685963042616,128.42467529500212,80.7298052722185,7.415843845944749,80.74141163226338,7.427429244630167,470824.58919074154,820368.4478014034
LS_00945,80.73113738789277,7.436969757080078,1607.668359718745,194.0937578793057,80.72531627482314,7.431161787033115,80.73692316438884,7.442747305067667,470332.2250641132,822063.8237235191
LS_00955,80.76094695499965,7.463031768798828,629.3415617926219,98.3842126738607,80.75514336374853,7.457239427819188,80.76675020670157,7.468824200755434,473623.15454036236,824943.0826947744
LS_00958,80.74192911035874,7.467899322509766,4608.862757198669,414.44534618804886,80.73612531282274,7.462106656122408,80.74773277185504,7.473691913298115,471525.04846479016,825482.3725739376
LS_00959,80.75590324401855,7.455356597900391,4954.322048628544,427.1427123471676,80.75009970351185,7.449564195524477,80.76170646597558,7.46114909398181,473066.16459635453,824094.8993972202
LS_00961,80.76477704729353,7.427213668823242,739.8076420605628,121.51652272431568,80.75897409897293,7.421421298618957,80.77057987300236,7.433005963468614,474043.65854318644,820983.1792256098
LS_00962,80.7743401924769,7.425815582275391,6753.43245662373,612.2624863495339,80.76853737841981,7.420023334045031,80.7801428722418,7.431607756527908,475098.8575650104,820828.0729132136
LS_00963,80.71684424082437,7.469509124755859,6479.035505821224,630.8179198449827,80.71104137367308,7.463716368291174,80.72264951271875,7.475302260936802,468757.3347250705,825662.0354792735
LS_00964,80.71793879632543,7.463301702122099,6632.340896089693,349.2116039920471,80.7121347688026,7.457508735873291,80.72374271029685,7.469094598019594,468877.6670756188,824975.7268883298
LS_00965,80.64698787835928,7.498443603515625,3421.72635314554,365.54470682854594,80.64118245359792,7.49264973338963,80.65279315326836,7.504237402875011,461052.0480571192,828866.3315178489
LS_00967,80.69505047798157,7.506599426269531,3016.957777045704,327.56133912276937,80.68924500537216,7.500806151784786,80.70085471622261,7.512392614344248,466355.4907486388,829763.9883003229
LS_00968,80.72647666931152,7.488121032714844,7384.873166779749,432.55358997824766,80.72067239044483,7.482328300677839,80.73228079511642,7.493913957873336,469821.43816380383,827718.9121371548
LS_00969,80.71799475647683,7.487739562988281,15255.40263190871,739.8596828280213,80.71219023188327,7.481946440759283,80.72379884151556,7.493532312793765,468885.5717094073,827677.3318334202
LS_00970,80.69677734375,7.477235794067383,6220.418800833031,335.0348340502233,80.69097276329984,7.471442558221415,80.70258162184491,7.483028961326086,466543.7743605026,826517.6942311056
LS_00972,80.7067288108494,7.453058242797852,8602.482022076549,638.4173292027093,80.7009247775663,7.447265135311706,80.71253272198155,7.458851275106373,467640.0065211448,823844.117496457
LS_00973,80.6857678623976,7.446743645871538,10877.064941928307,518.3494290640425,80.67997098538348,7.44094663652713,80.69157928420442,7.452533299337134,465326.62505396246,823147.6272778308
LS_00975,80.70222358289647,7.466077391986605,3217.8587081868013,304.7566740565901,80.69641930680149,7.460284226490437,80.70802772147611,7.471870486404662,467143.8595570286,825283.7197501136
LS_00976,80.68927640625925,7.458181381225586,3897.816254271858,270.75658137152004,80.68347211952569,7.452388064822895,80.69508064405062,7.463974646273061,465714.6620943311,824411.7987248163
LS_00977,80.68421459197998,7.462635040283203,4136.971902395108,258.8799422175466,80.67840756755753,7.456834021334617,80.69001634163855,7.468420732581583,465156.4868170415,824904.5488619028
LS_00978,80.67593245072798,7.439023971557617,1745.4294211052743,218.9784667815325,80.67012811373301,7.433230336411506,80.68173644800466,7.444817241141628,464240.718035759,822294.9977472224
LS_00979,80.70799255371094,7.430011749267578,7327.266932377659,502.4628229570429,80.70219009347211,7.4242186697767645,80.71379737657716,7.435804766211612,467777.76929313806,821296.233799157
LS_00980,80.6918251991272,7.430044174194336,12031.726513256504,579.9956063129097,80.6860213145084,7.424250887509646,80.69762900453729,7.43583738925938,465993.73170058656,821301.0267173741
LS_00982,80.67246278127035,7.422922134399414,12400.683867442798,525.3890860230987,80.66665867911196,7.417128771817969,80.67826665915334,7.428715753255693,463856.53672335664,820515.2155449474
LS_00983,80.63471513894888,7.429759979248047,9182.744233285996,379.009931436462,80.62891041581665,7.423965982735902,80.64051952477742,7.4355539084216655,459691.6862090283,821274.3982905378
LS_00984,80.6375803580651,7.441802978515625,8098.131249248454,442.6612597538836,80.63177564244552,7.436008816504149,80.6433850117614,7.447596680002548,460008.95030149305,822605.5017279625
LS_00986,80.64732101985386,7.486650466918945,3876.124962691929,259.5070160015856,80.6415154995387,7.48085632368344,80.6531258640138,7.492443976456062,461087.7576671903,827562.5594346167
LS_00988,80.66028467814127,7.470697402954102,7115.174821640554,351.5363085277362,80.65448014441084,7.464903416611672,80.66608974228275,7.476490733376583,462516.7366794264,825797.8102935706
LS_00989,80.57917366027831,7.442434310913086,9701.583224212549,495.77681477847153,80.57336793449409,7.436639902812683,80.58497877154157,7.44822921441054,453564.04817719193,822681.0021916181
LS_00991,80.56663219134012,7.4663543701171875,6858.631144867485,480.8436062631465,80.56082616765055,7.460559516180535,80.57243798094261,7.4721491607868655,452182.7333567762,825326.7442088239
LS_00992,80.60148652394614,7.462381362915039,2679.6021598085663,210.10968021557704,80.59568120311673,7.456586941807355,80.60729204063611,7.468175719175624,456028.18328923464,824883.8947974667
LS_00994,80.5584699789683,7.483261108398437,10795.77543846021,573.6576700397945,80.5526636213433,7.477465939962932,80.56427610944505,7.489055803469656,451283.98155895993,827196.711899252
LS_00995,80.60476614634196,7.492900848388672,3215.638206331418,261.02109060416205,80.59896080015882,7.487106728089091,80.61057240478864,7.498695450179571,456393.0900367401,828257.5412264597
LS_00997,80.60228900909424,7.498577117919922,2739.6454000957388,231.73773402446244,80.5964829646586,7.492782690151959,80.6080947894842,7.5043714789593725,456120.34671261645,828885.3081188982
LS_00998,80.5837230682373,7.488969802856445,5770.533574951991,395.3363105212921,80.5779169816646,7.483174988259596,80.58952900173986,7.494764230917688,454070.91646076617,827825.1014138339
LS_00999,80.57211770855628,7.455502249476268,6404.261981934936,460.0138632336384,80.56631204850706,7.449707466680948,80.57792342348819,7.4612969650631396,452786.8461312586,824126.4320088754
LS_01000,80.57250428199768,7.488399505615234,18513.896960101007,1176.7841455592095,80.56670032847113,7.482606640884421,80.57831261182692,7.494196161613808,452833.0307406083,827763.2419340793
LS_01001,80.53212265014648,7.460811614990234,21449.005763319445,1832.7388837091016,80.52631477384553,7.455014898849098,80.53792728444995,7.46660538829918,448374.2640830231,824717.8711731544
LS_01004,80.26781749725342,7.375051498413086,14890.563985661196,612.7174110775088,80.2620085379656,7.369252453410923,80.27362496364016,7.380849139936312,419193.83992429,815276.122188029
LS_01006,80.27009989906387,7.367245044254605,3486.475540879248,260.57863298414816,80.26429179423027,7.3614467061043936,80.27590794317582,7.373043323442951,419444.3362171872,814412.6510375642
LS_01007,80.27143232869297,7.356506920468678,3263.670416521448,255.8932291025936,80.26562420843521,7.350708604702389,80.27724001942575,7.362305169151081,419589.46353133733,813225.236536094
LS_01009,80.27504207561543,7.338029861450195,11459.666611437238,445.8345573201983,80.26923425515825,7.332231613223977,80.2808494551807,7.343828056258487,419984.57917787804,811181.824558354
LS_01010,80.28748798370361,7.349533081054687,18626.33867567813,572.6286758682429,80.28168028993494,7.343735648376009,80.29329552732366,7.355331824690597,421360.356415235,812451.3792031279
LS_01012,80.35672549377259,7.340847825715903,9756.300616605697,435.7218220640028,80.35091932374837,7.33505052968769,80.36253269029382,7.346645067788382,429001.02171521063,811479.6141837348
LS_01013,80.36866855621338,7.402988433837891,6274.305858855559,310.5221010160343,80.36286142577092,7.397191225790042,80.37447626691234,7.408785587643035,430328.9575383766,818347.6865847379
LS_01014,80.38126412367765,7.391730641061947,8317.043972072934,598.3886365488142,80.37545694672623,7.385933736717944,80.38707116861586,7.397527780059784,431717.27318818634,817101.1305374282
LS_01016,80.28776741027832,7.362358093261719,5914.343988983909,363.23942527423947,80.28195953690135,7.356560856901157,80.29357513320954,7.36815705203201,421393.4549186191,813869.2193779459
LS_01017,80.2826280593872,7.370246887207032,6884.026383283371,388.8734265419944,80.27682517191536,7.364450599116096,80.28844111359788,7.376046929883795,420827.6146553102,814742.2855293674
LS_01018,80.34858640034994,7.368619918823242,4756.861056928802,383.14275611626175,80.34277818221537,7.362821915468774,80.35439252575188,7.374416693998133,428107.13156934275,814551.2602581381
LS_01019,80.42202223902163,7.419939041137695,2626.824024545733,337.3340070280627,80.41621507724622,7.414142345907594,80.4278291198386,7.425735458594256,436219.4840844844,820213.6372227176
LS_01020,80.41652505214398,7.365314483642578,3085.511557743073,282.2251822742025,80.41071866486242,7.359517870771377,80.42233130105208,7.371111032425259,435604.9297084082,814175.4677700629
LS_01022,80.41948175430298,7.370317459106444,11514.580718179855,566.4718139143903,80.41367478775811,7.364520882394586,80.42528749378656,7.3761139811498815,435931.9749902356,814728.1408985159
LS_01024,80.40907308790419,7.386220932006836,4237.589481813301,418.80995785706233,80.40325608447931,7.380419345011139,80.41486948678777,7.392012716807447,434785.52759407216,816487.8412183366
LS_01025,80.42690693248403,7.335424423217773,2422.660657127188,209.3747723323681,80.42110095279433,7.329627966257749,80.43271250464005,7.341220835775692,436746.53219626425,810869.5313669646
LS_01026,80.40683913230896,7.350906372070312,12453.456596312371,680.808537212057,80.40103330312253,7.345111089632475,80.41264576585209,7.3567044595049556,434533.79663439695,812584.000312767
LS_01027,80.54189462247102,7.406675338745117,8421.801183496058,588.3065530380366,80.53608943724711,7.400880458948767,80.54770019809254,7.412470649488596,449446.33803692064,818731.8625891646
LS_01028,80.53955161601736,7.395036768884024,4745.909062067031,261.8167796075978,80.5337462032358,7.389241618487931,80.54535669829043,7.4008318535484765,449186.4410641859,817445.4633164997
LS_01029,80.48346928187779,7.39732551574707,2445.633156945976,253.83211812791407,80.47766319556098,7.391529689790552,80.48927511836648,7.403121289211771,442997.5196799011,817705.28260667
LS_01030,80.46249866485596,7.363710403442383,3576.682020306432,260.6754952829298,80.45669258365004,7.357914788132452,80.46830407377128,7.369506848125942,440678.73413413414,813991.7685658642
LS_01031,80.49748420715332,7.384458541870117,3202.4800132578603,265.63387492087867,80.49167269953433,7.378659071700044,80.50328392382478,7.390250316029171,444542.5908673242,816281.0348706922
LS_01032,80.47597460387004,7.375822409952921,4790.763334437881,469.000233334871,80.47016941955117,7.370026751661465,80.48178092309577,7.38161850394178,442167.6162558496,815329.019030469
LS_01033,80.53455185890198,7.376594543457031,2312.9907060448263,218.2021916795534,80.52874679867274,7.370799344017734,80.54035690444813,7.382389680426515,448632.5435031739,815407.2133379186
LS_01034,80.5309997740246,7.386512756347656,5599.089427406405,490.3761543803605,80.52519464429868,7.380717704077964,80.53680511144633,7.392308137887633,448241.6754915327,816504.1017996364
LS_01036,80.52604039510092,7.389726638793945,10448.175276019876,426.47550942535815,80.52023517702474,7.383930738614518,80.53184585413024,7.395521296627877,447694.7300075945,816859.9822381312
LS_01037,80.54763078689575,7.410251617431641,5542.491734448325,299.21864805253267,80.54182527764982,7.404456555018616,80.55343599737051,7.416046609208911,450079.76087631646,819126.5784489876
LS_01040,80.5671649509006,7.413253784179687,1718.3215496170587,225.9510446047408,80.56135972517455,7.407458958453965,80.57297004878848,7.419048537205149,452235.776109487,819456.3249936365
LS_01041,80.62193981729644,7.3869125862411344,3494.4151348140763,235.79280915662105,80.61613562359933,7.381118650737307,80.6277438719909,7.392706858997349,458277.9102169784,816538.7653983628
LS_01042,80.63371658325195,7.417196273803711,5310.172494487872,327.398463947876,80.62791154427339,7.411401938271025,80.6395203324631,7.42298987920885,459580.3492824805,819885.561888016
LS_01043,80.69679737091064,7.403215408325195,8491.689106247255,502.3951773093157,80.690993776101,7.397422396096399,80.70260061003084,7.4090087588082865,466540.3766118021,818334.7267910065
LS_01045,80.68190383911133,7.4081573486328125,7113.201549693212,417.4437071718502,80.67610009305017,7.402364079836584,80.6877074337939,7.4139508168598365,464897.1906878791,818882.2072503995
LS_01047,80.68432393084979,7.3925331219392785,9199.2845761022,557.5779609254214,80.67852050521537,7.386739249054667,80.69012735981808,7.398325916595279,465163.0315319044,817154.7570576045
LS_01048,80.70727030436197,7.387825012207031,5078.488214864266,382.0930582010664,80.70146711488013,7.382031819238789,80.71307326893358,7.393617912547681,467694.997777791,816632.5464719128
LS_01050,80.67943492479529,7.384856882502091,22104.688569074588,1261.5673960819836,80.67363156774518,7.379063598897385,80.68523833522889,7.39065038340568,464622.88094590686,816306.5335544933
LS_01052,80.68743908405304,7.37567138671875,4157.738456674221,370.3498273057387,80.68163581380485,7.369878156175636,80.69324213255466,7.381464736489963,465505.50596601923,815290.4500149797
LS_01053,80.6849912405014,7.36956787109375,4273.821589537933,300.9546949147744,80.67918726062753,7.363774821290883,80.69079347462134,7.375361458829642,465234.8811472191,814615.8965904441
LS_01054,80.66879606246948,7.368413925170898,6384.137393162506,381.5584276231787,80.66299267085118,7.362620370964628,80.67459925534074,7.374207408960086,463447.42913851363,814489.6206333424
LS_01055,80.66463343302408,7.373064041137694,8138.376040064237,486.8670523318796,80.65883016337975,7.367270274740512,80.67043697750712,7.378857418738823,462988.4109357311,815004.0344195637
LS_01056,80.6908028125763,7.367462158203125,1535.9322993263424,156.3244146299276,80.6849996924772,7.361668877879674,80.69660570492047,7.37325537000771,465876.10512241436,814382.6621543091
LS_01058,80.69860363006592,7.368227005004883,3001.9920167340683,294.5018185963254,80.69280000494713,7.36243382965634,80.70440584409567,7.374020128518058,466737.09074792045,814466.6275486739
LS_01060,80.78706979751587,7.355558395385742,4932.844911675517,453.41163956294713,80.78126346760084,7.349773946516738,80.79286675261775,7.361358030627645,476499.8394629536,813060.5052634977
LS_01062,80.77309052149454,7.392601013183594,22974.823111272668,941.872263075514,80.76728755678525,7.386808263489998,80.77889218680355,7.398392708510431,474959.08275065146,817156.2943003657
LS_01063,80.78574085235596,7.418706893920898,1898.7668346642704,226.4381415988863,80.77993825707523,7.412914792926975,80.79154326984091,7.424498924923817,476356.5255253001,820041.5880309833
LS_01064,80.76930440266926,7.415014266967773,2630.4472815482786,210.07717693307623,80.76350172962019,7.40922195655753,80.77510705931736,7.420806503385672,474542.5436518424,819634.2796459267
LS_01066,80.76132369041443,7.413476943969727,6529.948313825368,583.5121362103437,80.75552034262304,7.407684690204626,80.76712583264836,7.419269438051097,473661.76900122006,819464.7949589923
LS_01067,80.74866930643717,7.404802322387695,3357.578678639461,315.02391520581483,80.74286632329235,7.399009934791071,80.75447189820194,7.410594998458171,472264.7908542841,818506.5900081116
LS_01068,80.74161950747171,7.390893936157227,3672.984197606913,302.7035606776297,80.73581676048316,7.385101282942916,80.74742213695825,7.396686518477749,471485.9233634338,816969.4702461532
LS_01070,80.72485385443035,7.380628585815431,1463.6208520977798,235.8957544747932,80.71905101460374,7.374835725011598,80.73065653411221,7.3864213759379185,469635.0034665331,815835.7477112336
LS_01071,80.78538370132446,7.373653411865234,5241.568028479627,505.0737453024639,80.77958166809196,7.367861415043873,80.79118547934289,7.379445545624757,476314.7121482401,815060.9808587269
LS_01073,80.77554321289062,7.368520736694336,1372.924970934676,152.1323290191136,80.76974117682133,7.362728574509993,80.78134509841136,7.374312951259253,475228.41468324553,814494.1020669763
LS_01074,80.76500606536865,7.36882209777832,1403.0192754185307,169.74654666712982,80.75920390430537,7.363029740745383,80.7708080989312,7.374614382088608,474065.52131860156,814528.015288352
LS_01075,80.7907964070638,7.345613479614258,11205.24623108232,504.21019001554646,80.78499495815919,7.339821448850563,80.79659788369521,7.351405437065241,476910.61701546365,811960.9114525086
LS_01076,80.77352571487427,7.316688537597656,4453.590879676976,270.3772307854677,80.76772437479173,7.310896294712727,80.77932696230782,7.322480707751565,475002.86305817316,808764.2157255475
LS_01077,80.75919075012207,7.257665634155273,8331.01855676134,544.7222135683301,80.7533894503869,7.251873219125562,80.76499082742578,7.263457969646992,473417.15162205853,802240.1229033378
LS_01079,80.75445365905762,7.265110015869141,2903.193930706478,294.6617338967648,80.74865291925056,7.259317646932019,80.76025461049649,7.270902516887777,472894.66850546363,803063.3705293146
LS_01080,80.75928429194859,7.248662948608398,2197.0284098821207,256.51469699986643,80.75348352021744,7.242870445491468,80.76508465686774,7.254455190691291,473426.94982728467,801244.8823179072
LS_01082,80.73854528154646,7.249822616577149,6605.028994183299,377.56579034082455,80.73274440020283,7.244029954140676,80.74434607863007,7.255615210129198,471137.5912338954,801374.3481873834
LS_01083,80.73121738433838,7.245939254760742,1274.0282451902915,154.59909262646568,80.72541643252026,7.240146564134607,80.73701818818179,7.2517319984265,470328.3930356306,800945.5191819624
LS_01086,80.68650172758393,7.244492227926887,4604.274313481265,261.3351025239199,80.68070000961727,7.238698933235929,80.69230282174814,7.250285460204028,465391.9612477029,800788.7150986476
LS_01087,80.63737201690674,7.252676010131836,4698.861951219827,487.6928924253223,80.63157112891513,7.246883168390218,80.64317535556725,7.258470894574498,459969.0380194833,801697.4667243513
LS_01089,80.6417191416156,7.299037917064686,2155.3306765557595,223.7367925456599,80.63591642399568,7.293244052232586,80.6475217943513,7.304831707561803,460452.98776234,806822.392383342
LS_01090,80.54089164733887,7.329256057739258,6165.675143425128,345.8156354504544,80.53508724962873,7.323461223813049,80.54669589533093,7.335051354529654,449326.8584648335,810173.1392281504
LS_01091,80.59824040806538,7.282352657250239,3286.746619449361,221.05056346571777,80.59243733155277,7.276558042897467,80.60404330808662,7.288146740927422,455652.09476131503,804981.8715788116
LS_01092,80.53979158401489,7.312541961669922,4535.885289241979,362.8687437939868,80.53398746180277,7.306746859511118,80.54559567495735,7.318336998463895,449203.54744617525,808325.4943695512
LS_01093,80.4746732711792,7.325590133666992,3477.2616858885985,217.86515110182697,80.46886812738617,7.319793902940964,80.48047826533247,7.331385620163959,442017.4803555162,809775.8720074025
LS_01095,80.48633575439453,7.303348541259766,3153.24919338014,306.3796136650442,80.48053146413584,7.2975527978104,80.492140707947,7.309144207476339,443301.9450198407,807315.5230728551
LS_01096,80.4879057000272,7.277123359818569,3787.982091630293,282.6957504124565,80.48210112552253,7.27132741678204,80.4937096094747,7.282918755420332,443471.9511952885,804416.0737688084
LS_01098,80.49349212646484,7.280860900878906,3811.086866836392,299.7813091805949,80.48768782532646,7.275065263043499,80.4992962789062,7.286656473495281,444089.0931002171,804828.5723174381
LS_01101,80.4888403148698,7.259832331597695,3748.7987190623526,279.9159117470726,80.48303625949856,7.2540368374083775,80.49464424636179,7.265628131709289,443572.96458329546,802504.3975541497
LS_01102,80.47998650868735,7.260215759277344,8499.33238450127,401.3718197545696,80.47418225266654,7.254419623186697,80.48579046023877,7.266011127880943,442595.6135656324,802547.8978188053
LS_01103,80.500383913517,7.260608673095703,8897.169704901935,662.634676966894,80.4945807818882,7.254812267261957,80.50618851550074,7.266403288431659,444847.39152146416,802588.8030708118
LS_01106,80.50134355122401,7.254238596597468,7609.363128583611,413.7861494917015,80.49553981801239,7.248443065854681,80.50714735443206,7.260034056363713,444952.5542346467,801884.4627449383
LS_01108,80.4943778514862,7.2546539306640625,1399.8128338517051,170.25220033131018,80.48856990776069,7.248850691124402,80.5001776210082,7.260441847571451,444183.63186559046,801931.2297384877
LS_01109,80.51932702281258,7.237613677978516,13088.42112923125,646.0928085930731,80.51352425500097,7.231818379068905,80.52513090979491,7.243408922433386,446935.8785299259,800044.4106339503
LS_01110,80.52988076210022,7.242694854736328,2891.665073979431,213.6135948370776,80.52407745786743,7.2368996731684625,80.53568399972305,7.248489971448492,448101.5702492045,800604.923408584
LS_01111,80.50891957964217,7.245180130004883,5525.994101111457,346.843034295215,80.5031158539124,7.23938469643167,80.51472296257822,7.250975495980658,445787.82050169713,800882.1218670057
LS_01112,80.41763601547632,7.246837615966797,9760.828346197482,482.6690971839501,80.41183126076314,7.241041105939148,80.42344057070302,7.252634060466852,435710.61422669666,801077.2681706676
LS_01114,80.40262764335698,7.243858337402344,3817.013224807409,239.15477884040365,80.39682291361426,7.238061662775198,80.40843249271394,7.249654963733012,434053.2917780158,800750.0501560997
LS_01115,80.38912880420685,7.2463531494140625,2401.13945968755,186.8655606469557,80.3833173006744,7.240543246476582,80.39492726419489,7.252136866633942,432563.4086817634,801027.8425505225
LS_01116,80.37091255187988,7.25166130065918,5017.513689465712,291.75183073576096,80.36510716135398,7.245863952412541,80.37671769751616,7.257458005644033,430553.1768703732,801617.4259800174
LS_01117,80.41152627032037,7.311168587851328,2521.3432798078165,223.79794181447213,80.40572073839047,7.305372188155105,80.4173319783431,7.316965385313522,435045.3684703184,808190.1547285374
LS_01118,80.42030954360962,7.296802520751953,2172.121370872299,192.441430907264,80.41450409736895,7.291006003033781,80.4261147294743,7.302598970768278,436012.8392883255,806600.6779466894
LS_01119,80.43754196166992,7.3034515380859375,2801.1561958484126,241.2414859211057,80.43173693021701,7.297655468393189,80.44334733892603,7.309248038454853,437915.95857093844,807333.3397017013
LS_01120,80.43831384181976,7.316787719726562,2691.332507962004,278.71166915916297,80.4325083436936,7.310991401104264,80.4441191047298,7.322583972249725,438003.00038135296,808807.5909004698
LS_01121,80.32756354014079,7.247730255126953,6584.423320114359,344.03288269964605,80.32175764542977,7.241932308279199,80.33336907865338,7.253527359834545,425766.90037718246,801189.6900740376
LS_01122,80.31266069412231,7.248573303222656,5190.478661837984,301.6047313479052,80.3068595428557,7.242760314753695,80.31847134360686,7.254355711720643,424121.7772712351,801285.3568066205
LS_01124,80.24319161309137,7.259210586547852,20407.64026558935,973.2520243027774,80.23738464652256,7.253412048305938,80.24899834402733,7.265009061283378,416454.3454453854,802473.5803802675
LS_01125,80.2333241454325,7.280961507508325,50864.12870452183,1076.8489080554996,80.22751012787032,7.275171416633016,80.23912466855607,7.286768702288336,415369.064405062,804880.1372605496
LS_01126,80.25398283738356,7.286270141601562,3214.561567592076,248.3577858370904,80.24817575408579,7.280471694302927,80.25978997059094,7.292068517342011,417650.60862275417,805463.2284053714
LS_01127,80.21993083953858,7.328950881958008,3864.101459653848,322.10324476336,80.21412272403529,7.323152000020802,80.22573894109881,7.334749698080103,413899.7164966325,810188.2747162286
LS_01128,80.21831618414984,7.305402755737305,9679.93857791686,505.1229547306651,80.2125086488042,7.299603460603643,80.2241242295712,7.311201143500785,413716.9638394504,807585.1491069351
LS_01129,80.02109225856819,6.5635623931884775,19975.54383648112,703.3868023336205,80.01529207989697,6.557762427155068,80.02689141242844,6.569362380199895,391776.1328503221,725608.3233979234
LS_01130,80.47867886225382,6.710338592529297,7388.319763212837,415.2203183142219,80.47287742921402,6.704537442551266,80.48447111186299,6.716128244431652,442383.9907318571,741758.6246146286
LS_01131,80.44670896530151,6.80072021484375,5416.497903169596,388.00761073187306,80.44091057115209,6.7949243715868,80.4525072755928,6.806515999564022,438861.9484916073,751754.2257920885
LS_01132,80.37711165351719,6.791537093175133,6608.290705986249,455.3720491610407,80.37131264296376,6.785740500741678,80.3829106280858,6.79733363319834,431169.9359707298,750748.361396677
LS_01133,80.2830720477634,6.811496734619141,8963.156925713412,632.7166134545738,80.27727252141642,6.805694158132845,80.28887305979208,6.817289354757357,420781.19760397647,752969.3507241854
LS_01134,80.21994209289551,6.8545989990234375,5675.401739812085,374.0301238077729,80.21414050242187,6.848800974151009,80.22574354362165,6.86039761310697,413812.8050778556,757745.364641384
LS_01135,80.22099614143372,6.7825469970703125,10369.632973185457,499.8660301445673,80.21519559018326,6.7767487416852745,80.22679667914491,6.788345196092472,413916.41274868575,749779.4167083807
LS_01136,80.14593410491943,6.827991485595703,7689.107501122072,465.1311158762248,80.140132090151,6.8221920279243,80.15173598050183,6.833790170275418,405630.00519395206,754817.6152571609
LS_01137,80.18163276918264,6.910475544643042,13722.377683792189,743.2118279192856,80.17583113547997,6.904675981443594,80.18743650952904,6.916273568687302,409590.37618483,763929.9562340197
LS_01138,80.1638355255127,6.913236618041992,31898.89843047149,1237.4785450623533,80.1580325399085,6.907437603626085,80.16963837012608,6.919035578067322,407624.61586557346,764238.6300956109
LS_01139,80.26647066186976,6.928232192993164,12889.352717516822,526.926955692513,80.26066855781579,6.922434856816447,80.27227258091895,6.934030652109917,418966.45212078455,765877.7688182787
LS_01140,80.25687656402587,6.893758773803711,4119.561777094533,338.03445595506867,80.2510747612969,6.88796078386001,80.26267806282988,6.899556714903155,417900.578789375,762068.2004398069
LS_01141,80.21404893057687,6.86766242980957,13341.001702446158,592.4819270518774,80.20824740417628,6.861864004390856,80.21985092337657,6.87346079874035,413164.0072511264,759190.6682283126
LS_01142,80.30947971343994,6.908729553222656,4411.096257801736,348.4095290004019,80.30367855528348,6.902932111640137,80.31528111480365,6.914526929607917,423714.79662933544,763714.5509363883
LS_01143,80.40152479807536,6.907268524169922,6146.591808781545,410.5675892086981,80.39572435660305,6.901472367198081,80.40732484934058,6.913065156043031,433883.66041108186,763539.2711596593
LS_01144,80.47185039520264,6.956560134887695,2787.7302512632705,208.80099293104303,80.4660502444889,6.95076446153759,80.4776504641718,6.962355749073028,441659.14823516057,768979.3116973988
LS_01145,80.52240371704102,6.898357391357422,20399.64663650781,766.0999729305004,80.51660420955098,6.8925616641651954,80.52820176183315,6.904151735635111,447237.0706033142,762539.064953988
LS_01147,80.70773158754622,7.035194396972656,18939.18987929852,745.142202623315,80.7019331369162,7.029401753491568,80.7135299430937,7.040987653021718,467720.94159907027,777649.5708019091
LS_01149,80.66660751615251,7.03278923034668,14923.850486747697,1062.8813078433805,80.66080854197907,7.026995761245926,80.67240625877929,7.038582631357071,463178.8311702123,777386.7205218823
LS_01151,80.66424500314812,7.042726516723633,12947.70085618048,708.1687163264663,80.65844607530806,7.036933015730497,80.67004410618694,7.048519948257125,462918.69185473357,778485.459811519
LS_01153,80.67846441268921,7.011676788330078,2887.6521053630318,277.5590100927317,80.67266587693052,7.005883468893356,80.68426276718229,7.017470046056562,464486.7655560795,775051.8587848953
LS_01155,80.68359184265137,7.015146255493164,17463.825681548296,960.1035113874136,80.67779331821771,7.0093528066725845,80.68939017734188,7.020939265289172,465053.3485671798,775435.0174096315
LS_01156,80.68802242279052,7.008388519287109,2272.0917531218847,213.13653889415096,80.682224071426,7.0025952260586015,80.69382065154556,7.014181576210058,465542.2055177677,774687.6341748505
LS_01160,80.70399585137,7.023632049560547,4057.552523217455,330.0777793006834,80.69819762903379,7.0178391849476105,80.70979422519709,7.029425166760928,467307.5432506726,776371.6345567316
LS_01164,80.69241523742676,7.043186187744141,9322.484834505482,478.75458137883743,80.68661647739243,7.037393020842424,80.69821385373183,7.048979287820336,466029.9206548865,778534.1340302784
LS_01166,80.67907953262329,7.042682647705078,4251.06630651105,376.8467497722194,80.67328063902147,7.036889322321132,80.68487831815756,7.04847590455198,464557.05432922946,778479.4589946816
LS_01170,80.67694249519934,7.019767761230469,7341.877042632823,604.7656111941167,80.67114380192406,7.01397434520783,80.6827409373747,7.025560963340903,464319.28578760475,775946.4176944995
LS_01173,80.66996383666992,7.021120071411133,1779.963915126101,169.4363787624855,80.66416501237644,7.015326649347172,80.67576234729162,7.026913432640233,463548.6112916236,776096.4503201348
LS_01174,80.62777727621574,7.047220230102539,2223.6982384574503,200.58542238131255,80.62197769665775,7.041426188108772,80.63357670365065,7.053013982021659,458891.48214159533,778985.2864396264
LS_01175,80.55598643331817,7.020761489868164,8136.212343917176,401.0972437721038,80.5501862293289,7.014966740906882,80.56178621606757,7.026556182661293,450959.9368038319,776067.2035483017
LS_01176,80.55503178929385,7.044909962904845,3305.884823030864,221.63925019290613,80.54923129129915,7.039114934800919,80.56083193695832,7.050704424320838,450857.0354766794,778736.915835076
LS_01177,80.55698519739612,7.039436340332031,9484.620601747662,722.5384944263209,80.55118481756607,7.033641685915345,80.56278527335897,7.045231124316559,451072.20341478015,778131.6020450727
LS_01178,80.4933385848999,7.040075302124023,2526.6621172228074,258.5676544764128,80.48753758385487,7.034279943730487,80.49913952700406,7.045870851901773,444042.8020000369,778209.3795450777
LS_01180,80.3835757862438,6.965570449829102,8865.505270604312,812.9710811763995,80.37778940848385,6.959758658737623,80.38939185091002,6.9713519421466525,431909.05071700946,769987.2226169088
LS_01182,80.37121696472168,7.04945182800293,16579.716090313166,851.0658032234286,80.36541443833455,7.0436549455744055,80.37701941643967,7.055248648256621,430556.2438584637,779262.3657065108
LS_01183,80.31084871292114,7.000862121582031,17716.79502763022,823.2275325908179,80.30504521876381,6.995065710632511,80.31665023195261,7.006660675991758,423880.8792286154,773899.9683947612
LS_01184,80.27097000394548,7.036985397338867,3154.678851204762,318.3968108269499,80.26516635205464,7.031187405346323,80.27677323502725,7.042783326875168,419482.1230904383,777900.2351733014
LS_01186,80.19695896572537,7.026302337646484,6363.558772939496,549.1717929834829,80.19115480450408,7.020503543042996,80.202763024667,7.032101070737333,411305.432599435,776732.5355169234
LS_01187,80.1837154812283,6.979860305786133,20220.315593654293,941.427598276642,80.17791177989088,6.9740614237772025,80.18951900861448,6.985659130894598,409833.6962035261,771600.5490793242
LS_01188,80.26615524291992,7.139726638793945,5704.862680082945,369.60847392167216,80.26034978094589,7.133928839851185,80.27195960629729,7.145525080831594,418968.28084873565,789259.7071235315
LS_01189,80.3114595413208,7.133691787719727,7455.248143708314,413.2453138311728,80.30565515150124,7.127894491707445,80.31726378554288,7.139489697702943,423970.0638895619,788584.8058522367
LS_01190,80.32130889503424,7.136677203414976,3671.8374700826334,230.45857830670369,80.31550448927244,7.130879677207911,80.32711298210377,7.142474665538839,425058.18373395747,788913.2460878403
LS_01191,80.30806849079747,7.125312805175781,3059.2602184061125,248.90324129973155,80.30226420639251,7.119514923963645,80.31387268603868,7.13111019064831,423594.2114733607,787659.0275867898
LS_01192,80.31939208507538,7.093280792236328,1354.190240696293,167.79097200273338,80.31358822670744,7.087483285578418,80.32519556939991,7.099078235712758,424839.4584961242,784115.8813651557
LS_01193,80.37830090522766,7.066734313964844,3072.968640676142,318.0201255558703,80.3724982047257,7.060937496813158,80.38410349091794,7.072531068582355,431341.1827131547,781171.9512829264
LS_01194,80.37861347198486,7.080646514892578,3184.2762940500006,352.2603715948348,80.37279810533174,7.074859226982223,80.38440376264565,7.086452815319211,431377.7572908456,782709.9439116383
LS_01195,80.406616797814,7.0745697021484375,2645.1460398857857,268.4699046389039,80.40081425254937,7.068773349798,80.41241910705729,7.080366291075792,434469.53168637544,782034.0945554705
LS_01196,80.42427253723145,7.054384231567383,3526.159117744843,406.1978226530924,80.41847051161328,7.048587946912602,80.43007441890842,7.060180454744213,436416.65623868356,779800.0944697399
LS_01197,80.4427564740181,7.064764022827148,2185.2657105289595,251.7725503652539,80.43695444169492,7.058967774466939,80.44855820589747,7.070559875848403,438459.45785798226,780945.1214281102
LS_01199,80.47356887847658,7.05401611328125,7011.163453064251,599.8602155768285,80.4677674876809,7.048220386516656,80.47937025704833,7.059811766875748,441861.05507014575,779752.9672183607
LS_01203,80.51497438218858,7.142343521118164,5671.357329422717,480.8392563827094,80.50917222326358,7.136548222216922,80.52077640131446,7.148138755316462,446444.19624107477,789512.6813257163
LS_01205,80.56038093566895,7.063503265380859,5013.53665655857,287.68250300422494,80.55458035719988,7.0577085409205935,80.56618136998608,7.069297925665471,451449.7516025713,780791.845423693
LS_01206,80.61682205200195,7.066423416137695,3768.20427082988,281.77902092309387,80.61102215182076,7.060629348958741,80.62262191985857,7.072217416040934,457683.3069678295,781109.1621141568
LS_01207,80.62774538993835,7.078805923461914,8147.777839457283,536.2888793966825,80.62194549560334,7.073011827015859,80.63354533159686,7.084599647174828,458890.7501154266,782477.0594451061
LS_01209,80.55658249855041,7.138164520263672,7494.433867755431,647.772794804035,80.55078529527778,7.13237097579503,80.56238838343629,7.143960527538982,451038.15152081096,789046.0625674137
LS_01211,80.63430559635162,7.137584686279297,42672.00895371837,1581.4164748742724,80.62850502666966,7.131790481495494,80.6401062572903,7.143378192787902,459620.35623332957,788974.4321090475
LS_01212,80.59545564651489,7.129203796386719,3809.6461211279097,272.018290880334,80.58965406462879,7.123409088326741,80.60125599585271,7.134997714343258,455329.7014983873,788051.5087947221
LS_01213,80.55367024739584,7.127172470092774,10056.65233669949,803.7208127665863,80.54786914478612,7.121377177021328,80.55947200769681,7.132966785720292,450715.4010647052,787831.196936729
LS_01214,80.54955377578736,7.075685501098633,6079.745878472785,424.8770065653349,80.54375284882585,7.069890641129708,80.55535443693839,7.081480290986583,450255.31097639154,782139.7360878359
LS_01215,80.60878232809213,7.111787796020508,16862.682366073772,644.0465492743768,80.60298243762664,7.105994321018574,80.61458359158672,7.1175826164526965,456799.6436188472,786124.9083457849
LS_01217,80.61968231201172,7.05443000793457,5079.118055733234,494.647732075334,80.61388254702534,7.048635980291403,80.62548193303779,7.0602239701210205,457998.10580963956,779783.0415799562
LS_01218,80.61489629745483,7.093000411987305,1183.8716531040666,153.4182801169975,80.60909603256496,7.087206414060305,80.62069654563517,7.098794549010549,457473.0648992034,784047.4070338254
LS_01219,80.62046602037218,7.099897384643555,2762.61998348381,270.22905050549514,80.61466569254037,7.094103465436622,80.62626625591737,7.105691474691581,458088.761240351,784809.3561150971
LS_01221,80.62302625179291,7.112522125244141,3531.0326917958923,311.5465818274591,80.61722614938425,7.106728319705568,80.6288269854182,7.118316278803615,458372.6228699141,786204.782523814
LS_01222,80.61384642464463,7.120234418442621,1955.758886062228,191.5373315649949,80.60804563101952,7.1144402957209145,80.61964688866738,7.126028478661419,457359.63629056036,787058.2088130428
LS_01223,80.61913903554282,7.129053115844727,882.0618427165372,137.971997159746,80.6133382875093,7.1232591180987725,80.62493965313493,7.13484718301646,457944.8762398096,788032.6265506822
LS_01225,80.64966187110315,7.142446517944336,9252.48584688656,443.8354544157101,80.64386144136775,7.136653263769162,80.65546243397884,7.14824061251825,461316.4116941879,789510.5872500103
LS_01226,80.66020425160727,7.141401290893555,1971.9795048460344,166.46069685316118,80.6544038378458,7.135607709545186,80.6660045505869,7.147194805599974,462480.4071663902,789394.1666370158
LS_01228,80.71150461832681,7.144285202026367,13754.521710642475,798.6048455503577,80.70570474317307,7.138492234129691,80.71730429846765,7.150078100053587,468145.1454320564,789709.1177878949
LS_01230,80.71244049072266,7.133119583129883,1450.0196280607804,195.78160739453625,80.70664079781466,7.127326630156503,80.71824003802885,7.138912467870378,468247.7128274699,788474.710231229
LS_01232,80.65420818328857,7.121408462524414,4842.366867542643,389.8577192295809,80.64840794614705,7.115614918397388,80.66000827506736,7.12720214360186,461816.6690741654,787184.4695354863
LS_01233,80.64470863342285,7.104957580566406,3235.291343275181,242.75697531388096,80.63890849993228,7.09916382775326,80.65050862189426,7.110751266880529,460766.291913525,785366.6342961482
LS_01235,80.63230419158936,7.090387344360352,19038.006323963124,1237.842541071512,80.62650382416032,7.084593171840146,80.6381038569157,7.096180893612016,459395.21312437515,783756.9750904306
LS_01236,80.63571882247925,7.083034515380859,9485.163790287132,745.4339654907168,80.62991881140329,7.077240665814608,80.64151857010444,7.088828301124306,459771.65949095006,782943.8289779153
LS_01238,80.66898941993713,7.081157684326172,6537.4079154271885,616.6806027174299,80.66319000258719,7.075364229696768,80.67478892339722,7.086951075767623,463445.69602035085,782733.5987312775
LS_01241,80.68376964992947,7.071811676025391,11799.72224151059,912.4985300315458,80.67797049881133,7.066018394461366,80.68956882436115,7.077604883604091,465077.2268337367,781699.2746740759
LS_01244,80.70974690573556,7.062788009643555,2806.9344098421857,236.32662587113725,80.70394810536767,7.056995042670287,80.71554557782281,7.068580908789414,467945.41803633136,780699.8549954018
LS_01246,80.72364012400308,7.056558609008789,3755.588781897658,308.13080924460434,80.71784137278108,7.050765808095735,80.72943835251445,7.0623513400361055,469479.3423116852,780010.2739386642
LS_01247,80.69245648384094,7.076946258544922,2512.396331220649,251.71464939687277,80.686657436569,7.071153080747399,80.69825568907339,7.082739366362433,466036.9382480444,782266.2518327539
LS_01249,80.67836093902588,7.089570999145508,3064.119311513672,289.395083617506,80.67256140779674,7.083777733741214,80.6841603255579,7.0953643624968326,464481.2704745686,783662.9525632577
LS_01250,80.70186685167141,7.119441817865253,1572.5979644057104,178.45319060296436,80.6960672772853,7.113648742820426,80.70766641393892,7.125234827440748,467079.18668117945,786963.3935893984
LS_01253,80.67599296569824,7.121009826660156,3697.288192581848,533.6680451340244,80.67019359227778,7.115216639954859,80.68179339025933,7.126803345021953,464222.2026231662,787138.6576427425
LS_01254,80.68199646472931,7.119634628295898,1559.228328043054,218.0074822197327,80.6761965947021,7.113841313653499,80.68779621289394,7.125427874335966,464885.0285301331,786986.1707362287
LS_01255,80.72292065620422,7.177570343017578,6882.264771047599,372.90777329375663,80.7171135455267,7.17177394646142,80.72871369847245,7.183359552648848,469407.9004613449,793387.9683095746
LS_01257,80.739772605896,7.185617446899414,1855.961696639764,232.471521897171,80.73397255256852,7.179824812186444,80.74557250676034,7.191410012050653,471269.0281812825,794276.4735678221
LS_01259,80.73712175233024,7.191871643066406,1712.6951116523176,194.42267965698568,80.73132156714827,7.186078973880084,80.74292175038538,7.1976642408904175,470976.7498942555,794968.0330906044
LS_01260,80.73036766052246,7.191089630126953,4642.654665290314,373.9130304171779,80.72456731233812,7.185296875457301,80.73616763969534,7.196882306617536,470231.00360512576,794882.0164558861
LS_01274,80.73050438274038,7.205875396728516,7378.956840158447,458.97954132769655,80.72470400660497,7.200082794096922,80.73630472020356,7.211668228403725,470247.06204694195,796516.5543726186
LS_01279,80.7284746170044,7.20042610168457,29506.689018299054,1677.6625992474314,80.7226744086797,7.194633501360373,80.73427502813469,7.206218982742025,470022.6116319505,795914.2745541979
LS_01280,80.7649981469819,7.215417861938477,18473.650821366435,1106.2643052428668,80.75919802140048,7.209625660838672,80.77079814108379,7.221210254690986,474055.81864358427,797569.3559777202
LS_01281,80.72097698847452,7.212038040161133,2325.000100264443,251.5945766763427,80.71517641733745,7.206245171651438,80.72677752628246,7.21783084108781,469195.62410536135,797198.458798722
LS_01283,80.73535537719727,7.199501037597656,8391.767141487677,459.2266548369972,80.7295553797898,7.19370786422279,80.74115580690585,7.205293177474646,470782.21868060017,795811.5644635446
LS_01289,80.705557346344,7.2112274169921875,6275.094248327455,568.6850153265359,80.699756318651,7.205434063922937,80.71135778212712,7.217020108441352,467493.2105629942,797109.9147877144
LS_01290,80.69167073717378,7.2008204234320825,38914.08874427283,1698.3962150303785,80.68586991794224,7.19502695704131,80.6974714433445,7.206613332991742,465959.3230795085,795960.4436168241
LS_01292,80.69194869995117,7.211198806762695,30191.811874152623,1793.3872815325442,80.68614775588705,7.205405584183711,80.69774954970471,7.216991959338664,465990.7852515845,797107.7435510784
LS_01294,80.68141038647661,7.206387364649467,26672.61774428911,1253.6073724453988,80.67560932009494,7.200594017215263,80.68721124206658,7.21218064504445,464826.96079090616,796576.6411651
LS_01295,80.65793157305036,7.203378677368164,13381.81996691414,886.80119718825,80.65213027144142,7.19758505619602,80.66373268170133,7.209172249602251,462234.5667705329,796245.907233234
LS_01296,80.66656875610352,7.207118988037109,4065.14881611741,290.3477947336365,80.66076751689513,7.201325324044444,80.67236981786228,7.212912311417454,463188.451463957,796658.691221928
LS_01298,80.65650097529092,7.213235855102539,4323.429668730454,282.29034959119366,80.65069966136288,7.207442398313796,80.66230236884111,7.219029633090529,462077.44217513275,797335.7313999013
LS_01300,80.63676810264587,7.213600158691406,2865.8386325882507,259.07186288668214,80.63096659818433,7.207806048062663,80.64256979197398,7.219393759064966,459898.92215990525,797377.6921336034
LS_01303,80.64518594741821,7.201904296875,3847.7304002086153,323.3622756627426,80.63938591124617,7.196104791270084,80.650988589609,7.207692290755319,460827.2657221006,796083.988187334
LS_01308,80.63432994255652,7.19202995300293,1976.661630962878,254.52757043267837,80.62852856739782,7.186235947894542,80.64013124394023,7.197823700913215,459627.8356978216,794993.3275404355
LS_01310,80.65251159667969,7.188409805297852,7759.611711379757,454.1473135032306,80.64671045193224,7.182616114807888,80.65831259465892,7.194203428274149,461634.92003209214,794591.5582386187
LS_01313,80.67230180788394,7.174496632858304,32172.30126891352,1317.4568238188738,80.6665010797599,7.168703317574951,80.67810237655465,7.180290145374138,463818.81796640117,793051.8577431357
LS_01314,80.68136011237672,7.177290668170304,4457.548956577271,306.47814652442713,80.67555898482753,7.1714971212953245,80.68716013700208,7.183083732588129,464819.17082462023,793360.0311100256
LS_01315,80.68462216854095,7.187400817871094,5292.615624266293,316.6620866649695,80.67882140812601,7.181607514820454,80.69042274894514,7.193194053475795,465180.1051415331,794477.4493916584
LS_01316,80.67122631072998,7.183656692504883,2602.331449714896,211.46613548477467,80.66542542188355,7.177863064595405,80.67702698722924,7.1894499242114565,463700.79715185,794064.5795813284
LS_01319,80.64101274555782,7.1495002413934365,19974.41821924922,692.292614620507,80.63521182999281,7.143706430817043,80.64681321602654,7.155293991329418,460361.9894534877,790291.1067722833
LS_01320,80.68652454325786,7.158760875782246,2933.936043353981,221.120694555891,80.6807241959725,7.152967487235896,80.6923247343091,7.164553962908638,465387.9795056671,791311.1891525635
LS_01321,80.6725262800644,7.159586913124437,10230.630014051285,556.5501732306886,80.66672579522843,7.1537935746585735,80.6783266923954,7.165380387462335,463842.4268694903,791403.5841582771
LS_01324,80.64363861083984,7.184930801391602,9001.218616186436,382.6830191830096,80.63783757154859,7.179136674005146,80.64943983523258,7.190724198170179,460654.9706998822,794207.7090454921
LS_01325,80.62716286385108,7.187479019165039,17244.788889259897,634.0911736936025,80.62136133429478,7.181685020390847,80.63296406155858,7.193272941701284,458836.1267553401,794490.8615602975
LS_01327,80.61996777852377,7.195934295654297,4615.797614742472,277.6720436222831,80.61416612028749,7.190140212986887,80.62576924596931,7.201728313578275,458042.50304851413,795426.2438290111
LS_01328,80.63040781021118,7.206483840942383,8449.532828153167,520.0978438389459,80.6246061760383,7.200689698123981,80.63620933282627,7.212277556646761,459196.0946972554,796591.548697975
LS_01329,80.62773591963972,7.211854934692383,57814.0855395306,2034.6017430851396,80.62193009288762,7.206045494276878,80.63353345735376,7.217633421381013,458901.59138042177,797185.5616205988
LS_01330,80.61273701985678,7.179269790649414,2264.2020833781594,195.4609645264154,80.60693552788389,7.173475627008309,80.61853838157968,7.185063886606298,457242.6206591277,793584.6543040624
LS_01331,80.6257459640503,7.175600051879883,3692.545893446797,255.0833444841272,80.61994451278956,7.169805786149151,80.6315469573553,7.181393731834228,458678.6164005837,793177.7729677286
LS_01332,80.55658448397458,7.173046112060547,8531.378639517927,525.5946598028611,80.55078235718138,7.167251287987147,80.5623863805724,7.178840876401596,451042.0882311763,792902.2397471686
LS_01333,80.54745038350424,7.16944694519043,5925.513160655609,328.7731837140047,80.54164844828033,7.163651698413339,80.55325259106353,7.175241498888359,450033.17128160066,792505.3339461355
LS_01334,80.61438179016113,7.162832260131836,5711.369703846057,489.13922496739184,80.60858130873318,7.157037618756107,80.62018368481718,7.16862582514112,457422.69431405305,791767.3357482369
LS_01335,80.54371695085005,7.149808883666992,5239.215241990861,381.0771059211265,80.5379150201493,7.14401391626786,80.54951872349193,7.155603783393167,449618.7928507795,790334.7403686634
LS_01336,80.49992911020914,7.142875671386719,41375.81497100797,2145.024868722699,80.49412676261795,7.137079811928054,80.50573130713575,7.1486706974053575,444782.94310576085,789573.2869899622
LS_01338,80.53167957729764,7.157100677490234,50655.56518439109,2382.614304315442,80.5258817090513,7.151292007883931,80.5374858913604,7.162882166189126,448290.45942479215,791142.1893098118
LS_01342,80.52653063668146,7.163166046142578,1131.2327721051813,124.5654203949847,80.5207272252592,7.157363243359816,80.53233169239589,7.168953529829832,447722.61790260614,791813.303890143
LS_01343,80.54208183288574,7.193647384643555,2183.890278168495,185.13476978016897,80.53627438408401,7.187846651951022,80.5478793060819,7.199436605847658,449443.0806908706,795181.3006037028
LS_01344,80.37957791487375,7.228626251220703,3561.76321900383,379.4816250728489,80.37377299110274,7.222829313847573,80.38538268601926,7.234423126965756,431506.3331339828,799069.4924895244
LS_01346,80.37117055294476,7.221136744169927,6012.550509107597,393.9963604649501,80.36536596937935,7.215339728904942,80.37697565206585,7.226933724464058,430576.9939974586,798242.7701332544
LS_01347,80.38386025148279,7.210805892944336,4399.37107879404,277.62236441000897,80.37805574500912,7.205009329269833,80.38966484743972,7.216603013508778,431976.4518616861,797098.7420019334
LS_01348,80.43857645988464,7.204046249389648,5903.512895603725,324.6140446604614,80.4327726954414,7.198250016084223,80.44438033733785,7.209842416969186,438016.552974448,796343.6527905519
LS_01349,80.39493009779189,7.195093154907227,3712.181963369672,258.44281912150973,80.38912657299838,7.189296847357051,80.40073498528766,7.200890249470154,433196.3382918028,795360.0087306247
LS_01350,80.42436049534724,7.167879104614258,4006.609755231538,375.5170504810406,80.41855686544687,7.162082875465845,80.43016384868635,7.17367555329884,436441.97652857116,792347.2247407335
LS_01351,80.42762875556946,7.154319763183594,5578.732173157844,579.9004823193226,80.42182488755351,7.14852407630481,80.43343142495118,7.160116658056576,436800.97951492557,790847.7521258201
LS_01353,80.43739318847656,7.154850006103516,3898.077078891928,274.7246408474209,80.43157441718805,7.149044263985162,80.44318074275209,7.160636620775712,437879.2362447687,790905.0417640536
LS_01355,80.4436867237091,7.155895233154297,3807.021514635282,339.00892029277946,80.43788356626983,7.150099094825541,80.44948977409601,7.161691306876782,438574.3040752462,791019.7488935082
LS_01357,80.45124626159668,7.151451110839844,3276.976072443789,410.43647882572975,80.44544323292276,7.145655064172461,80.45704914428721,7.157247094454626,439408.43448456214,790527.4385963973
LS_01358,80.41314690696198,7.16555754996621,10862.555837203714,1137.483752881313,80.40734313143105,7.159761177609528,80.41895031107833,7.171354111450771,435203.48198455264,792092.1373091752
LS_01359,80.28786512215933,7.219482421875,5952.059459545471,510.0992109774961,80.282059454754,7.213684446598105,80.29367101142567,7.225280356586612,421379.3228462139,798073.404538407
LS_01360,80.28125,7.219560623168945,3002.7267335047604,283.1470021440736,80.27544428636058,7.213762565794555,80.28705599661266,7.225358627125376,420648.9806461745,798083.1963197833
LS_01361,80.29504618644714,7.208282470703125,6659.584562154663,356.96217103389176,80.28924068787364,7.202484576437285,80.30085176696642,7.2140803001753,422170.2483150979,796833.9537863374
LS_01362,80.22227878570557,7.219060897827148,2394.698944691566,229.1993848321806,80.216472138052,7.213261895053487,80.22808517690859,7.224859296187303,414138.00563454337,798038.6340271612
LS_01363,80.25745391845703,7.18058967590332,6101.856588729318,387.870816668598,80.25164932147543,7.174790328701551,80.26326048240983,7.1863868510204405,418014.71961946716,793778.9140276962
LS_01364,80.17978950988561,7.18057042978141,3439.949162026237,264.20998241522767,80.17398299699859,7.174771266385092,80.18559590586224,7.186369534899622,409439.163918618,793791.4055675892
LS_01365,80.65724563598633,7.179887771606445,31034.9660346368,1124.6674224543806,80.65144482037866,7.174094142727747,80.66304662273004,7.185681336353056,462156.891427417,793649.0591082575
LS_01366,80.66224417479143,7.189014434814454,80121.79621473246,1697.6337728251528,80.6564431464644,7.183220861101186,80.66804507067532,7.194807940705144,462709.5243837576,794657.5955338704
LS_01368,80.5831111272176,7.087043762207031,54602.08887895232,2341.1019087908508,80.57731039717417,7.081249290125252,80.58891150121386,7.092838167246786,453962.38450655685,783391.9339883305
LS_01369,80.62018752098083,7.222286224365234,9486.641610625473,474.9970380559347,80.61438554410024,7.216492132106899,80.62598937018124,7.228080249126962,458069.18754669704,798339.4266389422
LS_01370,80.67173194885254,7.090856552124023,69365.74016536413,1540.1772584072291,80.66593232181648,7.085062366220979,80.67753143104831,7.096649153502985,463749.32121558074,783805.5812387391
LS_01372,80.69276898406272,7.063652038574219,166960.0294468375,3272.4523238719653,80.68696993395997,7.057858870423655,80.69856783313648,7.0694451409026,466070.4790124266,780796.5740733513
LS_01373,80.68682366032755,7.058298110961914,56873.2241912985,1754.3877508023284,80.68102463327016,7.052504601347716,80.69262253455014,7.0640910098084015,465413.4942045527,780205.142918236
LS_01374,80.64433002471924,7.158428192138672,16777.125244979015,551.6128968766388,80.63852917288818,7.152633951540032,80.65013071611479,7.164221439455244,460729.03845853236,791277.8015198266
LS_01376,80.69023027420045,7.549356460571289,101839.65397597906,3239.0487027647278,80.68442726337761,7.543559840502931,80.69603828015022,7.555146448731516,465827.02977388544,834491.1797730903
LS_01378,80.70451164245605,7.535984039306641,39565.09867407553,1321.0108907438826,80.6987064243959,7.530190884446299,80.7103167064497,7.541777122174059,467401.5253632311,833011.7572538094
LS_01379,80.7767162322998,7.473899841308594,17732.296128538197,733.1576571954773,80.77091278769757,7.468107796980231,80.78251952413225,7.479692171743793,475363.7364110936,826143.6321156194
LS_01380,80.86250718434653,7.293048858642578,46670.47590024042,1414.116818427411,80.85670723620782,7.28725773188958,80.86830696679165,7.298839913102193,484823.4344994059,806146.9165776704
LS_01381,80.67151363079364,7.044641494750977,19871.96004785747,706.1934158137155,80.66571454991724,7.038847373372621,80.67731245887359,7.0504341356307245,463721.6080018683,778696.5872351333
LS_01383,80.92212613423665,7.129976272583008,28260.889510765523,943.873017714876,80.91632424983162,7.124180160528576,80.92791827831782,7.135760873220398,491401.15091268526,788118.0571533389
LS_01384,80.80995305379233,7.180273056030273,23971.71449077963,1280.4964791299917,80.80415394777232,7.1744812798983135,80.8157520428651,7.186064760991062,479017.24106901605,793681.853459229
LS_01385,80.91303372383118,7.420356750488281,1283126.3531479826,17103.393965761024,80.90723300876925,7.414566692290228,80.91883480600332,7.426147570531393,490403.3344744072,820219.2098042779
LS_01386,80.91469836235046,7.410720825195312,49078.48823570645,1646.6595239418507,80.90888948136461,7.404922806781306,80.9204909804326,7.416503644434166,490586.8215751791,819153.9355482062
LS_01387,80.92017936706543,7.416847229003907,142917.66857053532,5999.440004166715,80.91437852761344,7.411056822678896,80.9259800472307,7.422637517393844,491191.78175564663,819831.0886986351
LS_01388,80.92679858207703,7.422145843505859,16924.543034253315,940.8480402373556,80.92099776566498,7.41635554458925,80.93259925425372,7.427936067031372,491922.31012029405,820416.7174376913
LS_01391,80.92624568939209,7.399169921875001,21996.619375679347,778.1761348203554,80.9204487172262,7.39338342873685,80.93204961309716,7.404963971378703,491860.87732395047,817876.7715314707
LS_01393,80.92104816436768,7.404809951782227,17684.55187148668,620.5052735683184,80.91524749926063,7.399019465500876,80.92684867815139,7.4106001407230755,491287.4172089782,818500.3672171836
LS_01395,80.94468720753989,7.4248046875,6575.38749021347,500.2562673023606,80.93888658589727,7.419014562681916,80.95048768094045,7.430594621351807,493896.33613555913,820710.3630095982
LS_01396,80.96832545598349,7.152654647827148,36322.79697408683,2156.4782338856985,80.96252865657578,7.146864844856376,80.97412210756438,7.1584443987415805,496502.66317834996,790624.4831284015
LS_01397,80.93919753483985,7.1600341796875,37594.58127552954,1842.9580280130333,80.93340027765444,7.15424402710625,80.9449946454989,7.165824307011093,493286.618034541,791440.5938745424
LS_01401,80.97244135538736,7.159934997558594,11146.901576337028,597.6026142683106,80.96664966152608,7.154143329529105,80.97824319352145,7.165722777201328,496957.16743885685,791429.276779809
LS_01404,80.97716858603738,7.146902084350585,18455.35722722316,1152.5808349508095,80.97137199590072,7.14111239878214,80.98296507945788,7.152691733430308,497479.0436822268,789988.4952244952
LS_01410,80.93173967997234,7.131681442260742,44589.13902471536,2835.195628531484,80.92594277861319,7.125890965828687,80.93753661148786,7.137471439307758,492462.7091127007,788306.3909085733
LS_01411,80.93164745966592,7.1244049072265625,67900.8462490273,2478.685447064996,80.92585055164186,7.11861488787816,80.93744420216676,7.130195365547357,492452.4070822091,787501.9917341819
LS_01412,80.97134304046631,7.140388488769531,5456.937974519805,304.1174672257955,80.96554643512025,7.134598683018639,80.97713950004182,7.146178166212828,496835.7646654531,789268.471259106
LS_01413,80.92149114608765,7.169593811035156,9277.02445032945,761.9068739541551,80.91569353752521,7.163803431434734,80.92728859173808,7.175384150780548,491331.78226246603,792497.6826516823
LS_01417,80.8998670578003,7.152120590209961,21778.868863822518,1293.113356366326,80.89408435456197,7.146324264320882,80.90567949999473,7.157905524489508,488943.82855048956,790566.5270118271
LS_01418,80.92040379842123,7.1490631103515625,13193.93843160816,829.7402932134474,80.91460637834533,7.143272773697876,80.92620093555709,7.154853524752564,491211.3344140727,790228.0879141244
LS_01420,80.67227249145508,7.630966186523437,4081.1176775439385,383.3840364755272,80.66646430352414,7.6251630578641665,80.67807806092785,7.636750172739138,463852.77107799164,843514.6784627471
LS_01421,80.68909601064829,7.614225387573242,8381.844483812656,694.206555626956,80.68328951893739,7.608432012905662,80.69490237384736,7.620018686116665,465707.0340333697,841662.5904636921
LS_01422,80.76373195648193,7.592615127563477,13474.157528889891,583.8868825111913,80.75792671585496,7.586822268225394,80.76953704180035,7.5984070091145455,473938.1892727396,839268.3590282765
LS_01423,80.7436169896807,7.606006622314453,232929.6791909925,7067.251627211859,80.73781126586935,7.600213952263644,80.74942248418398,7.611799217523609,471720.247610067,840750.0563331143
LS_01426,80.72297634395389,7.584799292363844,7241.909946125385,494.4906300400514,80.71717035449085,7.579006360820794,80.72878151663215,7.590592149378062,469442.0126210946,838406.9740145693
LS_01430,80.69785176790677,7.594436645507812,67708.88435366962,2740.79192801234,80.69204560030876,7.58864316647421,80.7036576769154,7.600229604408377,466671.2834201737,839474.2410484347
LS_01433,80.68756471361434,7.590307235717773,5087.479180966015,293.32529618888435,80.68175847487457,7.584513851220245,80.69337070024302,7.596100550355089,465536.2215294659,839018.5348952841
LS_01435,80.69258642196655,7.575634002685548,64911.01971072269,2918.94295098621,80.68678132933769,7.569840681498992,80.69839301679754,7.581427244119676,466089.0074607897,837395.999657385
LS_01439,80.89002497990927,7.556201934814453,5288.097719066179,368.49002755129527,80.88424107416304,7.550401635275099,80.8958471091299,7.561983086459544,487868.0901353638,835237.3359532313
LS_01443,80.85826365152994,7.523595809936523,698.9095861478074,131.56001486294377,80.85246059012827,7.517804671889817,80.86406657275505,7.529386954462514,484363.1584946851,831633.7576151433
LS_01444,80.88078673680624,7.520381927490234,2833.545174892869,243.84772035929268,80.87498399886238,7.514591001997993,80.88658930803345,7.526172699402712,486847.88978017564,831277.7242638627
LS_01446,80.89240582784018,7.52092170715332,2214.93665443429,215.45011945574643,80.88660332917156,7.515130969932066,80.89820834963652,7.526712364623179,488129.7731406805,831337.0644401954
LS_01447,80.9008430334238,7.492534637451172,3624.436774200711,310.5554329050722,80.89505588990154,7.486732625542075,80.90665992666969,7.498313804862173,489059.89141698775,828198.6781108691
LS_01448,80.91089057922363,7.4875736236572275,6350.130233882373,528.007094500263,80.90508853322352,7.481783200142557,80.91669217599342,7.49336411950333,490168.33908322395,827650.005315733
LS_01450,80.91975426673889,7.496986389160156,22425.80217146876,844.7668407592093,80.91395231724037,7.491196173681513,80.92555598050764,7.502776859990301,491146.4821504968,828690.389022662
LS_01452,80.9185375066904,7.48466682434082,3138.5208563767937,268.8304844152018,80.91273574231482,7.478876447690891,80.92433910795488,7.490457168686567,491011.9843965099,827328.497911625
LS_01453,80.89542073469896,7.481538772583008,8100.224655162629,590.5851271519106,80.88961872426341,7.475748108122491,80.90122260815069,7.487329430498133,488461.35287506407,826983.2341468993
LS_01454,80.88873985835484,7.47697639465332,4216.869733762122,495.666613059591,80.88293779758672,7.471185587461356,80.89454173275512,7.482767083685577,487724.0968014385,826479.048351027
LS_01458,80.86162992624136,7.45952033996582,92576.12417925456,4137.613759021373,80.85582825192644,7.45372773863761,80.86743242041992,7.465309936426927,484732.3078285932,824550.1449177082
LS_01459,80.87018274793438,7.448799133300781,3916.620979922546,379.6565287297784,80.86438083985946,7.443008107035003,80.87598450057129,7.454590085250859,485675.6755941503,823364.6394479476
LS_01461,80.82982326854359,7.435331344604492,8158.708109099054,735.7009111055414,80.82402102477204,7.429539800696804,80.83562536128703,7.441122813775892,481221.73684895335,821877.2983801417
LS_01467,80.8177705563997,7.433139801025391,11742.427134484244,889.791928826774,80.81196822142843,7.427348058039064,80.82357280722341,7.438931378514726,479891.66849528806,821635.5543356506
LS_01469,80.82463894392315,7.4184417724609375,14801.831819693534,1268.1541357874837,80.81883726923286,7.412650021325208,80.83044128502985,7.424233165221714,480648.9287585054,820010.3946580713
LS_01474,80.8228383594089,7.396306991577148,5174.976106761457,332.7180839348065,80.81703655209463,7.390515261406057,80.82864002113331,7.402098448942303,480449.25840230746,817563.4954486266
LS_01475,80.81784194580902,7.3996653710754945,2692.406504386033,240.13341270979535,80.81204017669839,7.3938736786249795,80.82364386262445,7.405456993349221,479898.0274401772,817934.983493962
LS_01477,80.83280881245932,7.401613235473633,1951.02092735748,190.69211708076696,80.8270070459513,7.395821731200136,80.83861040300144,7.407404665804552,481549.7751800248,818149.6692981301
LS_01478,80.83780517578126,7.407087326049805,4146.444163041891,332.11417716327406,80.83200331720549,7.401295885213366,80.84360669311204,7.412878692934544,482101.3663363478,818754.6198886619
LS_01480,80.83344167785992,7.416470371869377,1120.6006253934684,129.38904925755725,80.82763968434278,7.410678877048398,80.83924342262587,7.422261796493934,481620.23032392707,819792.0840616927
LS_01482,80.83589066609943,7.431235199147365,8995.973582674487,504.2230517238448,80.83008859494834,7.425443640771517,80.84169266622708,7.437026498563162,481891.0818339081,821424.2205787153
LS_01487,80.87220055716378,7.414831161499023,10329.332747033865,604.2568253282899,80.8663991339994,7.409040109082135,80.87800183606267,7.420622037863642,485897.24212575867,819609.4531357269
LS_01495,80.91593382285703,7.393345458150286,4726.098685094114,383.5954077958432,80.91013326252535,7.387554988168568,80.9217342705315,7.3991357976836,490722.7937220089,817233.0873025407
LS_01497,80.93371684734637,7.3972015380859375,85801.96116209443,4402.575702149957,80.9279165029928,7.391411392252679,80.9395171540738,7.402991742971482,492685.3214521419,817659.0398563645
LS_01498,80.93109202384949,7.406164169311523,2398.2587048427536,246.17416589157645,80.92529145698671,7.400373901842209,80.93689241220129,7.411954317737323,492395.8123821763,818649.8897048441
LS_01499,81.005344581604,7.407743453979492,3746.535948795986,436.8087861445808,80.9995449720797,7.401954030517425,81.01114433016866,7.413532798221838,500589.78726958955,818823.8913660719
LS_01504,80.89888191223145,7.422098159790039,1689.9708613899072,194.3553064016301,80.89308073201535,7.416307500950597,80.90468294077075,7.427888743530041,488841.73474019684,820412.0514275851
LS_01505,80.86601452827453,7.439104080200195,2104.75560992773,211.6903351664405,80.86021270283362,7.433313001680356,80.87181621159111,7.44489508765809,485215.4194479365,822292.9985571301
LS_01507,80.85603419939676,7.407722473144531,7757.4489038295505,409.1693915752379,80.85023264154106,7.4019312645206385,80.86183556854928,7.413513607226908,484113.0150875164,818824.1417785654
LS_01511,80.87324369521369,7.402860641479492,20915.386498666143,1172.0659691472763,80.8674424039392,7.397069654646317,80.87904476077213,7.408651557603419,486011.9758097631,818286.0939064758
LS_01515,80.88165264594846,7.41212272644043,2598.390195444134,337.6633656564609,80.87585139426938,7.406331872617829,80.88745378150682,7.417913559308964,486940.20843466104,819309.74986649
LS_01517,80.84413480758667,7.429807662963867,9612.472812941664,786.4408417867517,80.83833270377492,7.4240163069895075,80.84993652564398,7.435598953957137,482800.74209819717,821266.0793266841
LS_01522,80.79936246871948,7.38502311706543,7489.097643462537,318.9629009594861,80.79356051829618,7.379231190796675,80.80516428094435,7.39081497123311,477857.9957685963,816317.173119266
LS_01524,80.80768687370508,7.3589957897849265,8110.600641177141,341.237808472276,80.8018853912395,7.353203811581973,80.81348824809857,7.36478737753687,478775.4266724971,813439.4750674953
LS_01525,80.82265663146973,7.364473342895508,831.2499191536425,119.20589528318136,80.81685524406433,7.358681711994678,80.8284578684109,7.37026490086416,480427.8044514702,814044.3292729962
LS_01526,80.82904259363809,7.391700744628907,3479.872388321272,440.6200141481716,80.82324421968764,7.385916822452313,80.83484740798889,7.397499851970845,481133.73555934156,817054.0121130341
LS_01527,80.83939317018303,7.37741457348266,11871.21102851537,655.3447892903838,80.8335918567337,7.371623062927362,80.84519440092834,7.383205828887813,482275.42317458935,815474.2677418281
LS_01529,80.85050463676453,7.367725372314453,137557.25864345086,4613.358107757287,80.84470345823138,7.361934766408233,80.85630546248642,7.373517250100868,483501.3292981088,814402.7131311884
LS_01530,80.84549827575684,7.371814727783203,12484.67154851362,865.632553537245,80.8396971308515,7.366023384820143,80.85129937094906,7.377605995643841,482948.9702478119,814854.9740343664
LS_01534,80.83787751197815,7.360805511474609,1789.3649204215303,195.68625937774212,80.83207636049482,7.355014073307764,80.84367850167305,7.366596876889744,482107.4882661493,813638.2173831328
LS_01537,80.83254528045654,7.356651306152344,3600.9573473930577,285.917904574248,80.82674410582554,7.350859800923766,80.83834627180374,7.362442739150269,481518.8275125827,813179.1921649426
LS_01538,80.84169673919678,7.353796005249023,13365.893181050724,1134.2511692420692,80.8358957200875,7.348004615692289,80.84749757844526,7.359587322298007,482528.72095140617,812863.1748583971
LS_01539,80.84373452952227,7.365300570044776,2529.2154077241817,246.51417356417693,80.83794349026162,7.3595122829389314,80.84954560199328,7.371094938071029,482754.0683481625,814134.9100640755
LS_01540,80.83580708503723,7.350429534912109,4349.365255726906,379.2261244002066,80.83000604394503,7.344638070444962,80.84160796220576,7.356220925822251,481878.5658954342,812491.250204903
LS_01543,80.85548496246338,7.356555938720703,4883.885006869843,351.79053671204866,80.84968404819438,7.350764724295844,80.86128562979943,7.362347081639391,484050.57218876155,813167.7668683742
LS_01544,80.86170554161072,7.359268188476562,1686.0370652964689,160.0995945113764,80.8558999576629,7.353469422722193,80.86750145284867,7.365051622259867,484737.2015234378,813467.3852367224
LS_01550,80.86864709854126,7.363790512084961,86209.90405236337,4015.8779425223815,80.86284634565409,7.357999464507446,80.87444778386924,7.369581487306453,485503.4511636678,813967.0906541594
LS_01552,80.86020147800446,7.37584114074707,27695.46985933114,1808.2453267064784,80.85440023263574,7.37005011319842,80.86600220534005,7.381632350356857,484571.77922057937,815299.553841379
LS_01562,80.87141949789864,7.376794815063477,9689.647219662806,599.5879894374023,80.8656185634761,7.371003846667874,80.87722027526425,7.382585798070923,485809.83686823363,815404.6089814882
LS_01563,80.88972846984863,7.393680572509766,25909.88603094465,1450.6948881415467,80.88392753922126,7.3878897532307075,80.89552922969179,7.399471235116624,487830.88213684206,817270.7648430025
LS_01567,80.87083053588867,7.352399826049805,21426.81612177495,880.3222742988031,80.86502993373693,7.346608805797313,80.87663101529046,7.3581907737809,485744.0594969616,812707.7968784091
LS_01568,80.89751633008322,7.358909606933594,4624.187914441507,315.9468617141665,80.89171596617734,7.353118925903227,80.90331653881692,7.36470021371154,488689.4369553981,813426.6808930855
LS_01573,80.8781943321228,7.379573822021484,16784.324905744685,748.339548717921,80.87239349701738,7.373782844157141,80.88399510930634,7.385364622533856,486557.5935686393,815711.6145409999
LS_01574,80.8843822479248,7.375110626220703,3300.048592173562,248.71019324194452,80.87858160770806,7.369319863104901,80.89018294367465,7.380901483975565,487240.36163216457,815218.0329077941
LS_01580,80.90021018981933,7.378316879272461,11379.022750081416,430.3961999258422,80.89440959658924,7.372526234424374,80.90601061194717,7.384107450224915,488987.2230743163,815572.0579031638
LS_01583,80.91734838485718,7.386873245239258,12539.851510679438,580.8525556017206,80.91154877237935,7.381075191126158,80.92314957301043,7.392655965735499,490878.7664622784,816517.5644993534
LS_01586,80.92290878295898,7.383750915527344,10829.058155330908,982.5952140924476,80.91710843931268,7.377960540942661,80.9287090147824,7.389541173453485,491492.3393044374,816172.2857013977
LS_01589,80.92890103658041,7.392242431640625,5570.338398531919,379.971169959943,80.92309563782572,7.386450248626794,80.93469628263591,7.3980307249354915,492153.7847518376,817110.9000256028
LS_01592,80.9294533839129,7.377835095002713,3674.800537024384,323.0719964950559,80.9236531994176,7.3720448247198975,80.93525345075268,7.383625290576793,492214.487696639,815518.1813447219
LS_01593,80.93071413040161,7.36488151550293,3039.751934392935,253.65288320072625,80.9249141422143,7.359091259419825,80.9365140209003,7.370671696424467,492353.4013541934,814086.1620915004
LS_01595,80.90427843729654,7.373266220092773,3136.368433071936,284.5939133891639,80.8984780508588,7.367475625482508,80.91007882867133,7.379056738033617,489436.074450131,815013.6167826651
LS_01596,81.00549666777901,7.368350982666016,5983.844690116117,361.48076597482674,80.99968039635972,7.362574895116215,81.01127872676851,7.374153685961351,500606.6240613104,814469.1168410828
LS_01597,80.96722888946533,7.317922592163086,8540.18862553955,525.9693859320817,80.96142993546879,7.312132781374693,80.973027651247,7.32371229785927,496382.9021372934,808894.4780977471
LS_01598,80.95453698294503,7.310134887695312,3163.695848020365,316.18267124802946,80.94873810983525,7.304344926325659,80.9603359488143,7.315924770495542,494981.95095647353,808033.6842147438
LS_01599,80.96692848205566,7.327594757080078,5005.345718220146,437.6794299104284,80.96112934490834,7.321804921860377,80.97272731945706,7.333384442199487,496349.82345321804,809963.7199549226
LS_01601,80.96479415893555,7.342931747436523,3042.558001969785,282.9153419760635,80.95899486701073,7.33714192523538,80.970593295312,7.348721494330289,496114.38647580665,811659.2139393977
LS_01602,80.80658388137817,7.348134994506836,4851.330056844625,384.3251356442977,80.80078325211925,7.342343158252193,80.8123858474774,7.353926750233883,478653.17608323845,812238.8791878616
LS_01604,80.80491173267365,7.326927185058594,2456.850459622099,222.4671393767773,80.79911064311055,7.32113533257553,80.81071271676056,7.332718963076028,478467.6052461396,809894.4618337916
LS_01606,80.8115873336792,7.33070182800293,7512.442036453276,463.4236541447588,80.80578621364235,7.324910144367905,80.81738821967895,7.3364936079191825,479204.5862059307,810311.4291988033
LS_01612,80.82600593566895,7.329877853393555,41601.63321254529,1563.3263113920332,80.82020514598074,7.324086264664578,80.83180676709553,7.335669365622317,480795.96053201286,810219.6977572454
LS_01613,80.81914036614555,7.320877075195312,2124.577915408501,282.34339067527026,80.81333952218158,7.315085402305409,80.82494107780632,7.326668674878752,480037.792328837,809224.9734489815
LS_01614,80.81989786359999,7.312158584594727,6929.890674764827,429.0171274798105,80.81409717127369,7.306366922733836,80.82569847717463,7.317950175264187,480121.0148212989,808261.1231247775
LS_01616,80.84850172996521,7.352069854736328,1805.4653135216429,184.00983774158036,80.84270084670193,7.346278551108064,80.85430248677562,7.357861085411901,483279.696929384,812672.0914378508
LS_01620,80.85115242004395,7.343767166137695,26793.051827118205,971.6281047796018,80.84535166845957,7.337975895959868,80.8569530215959,7.349558363083282,483571.93946473696,811754.1429958735
LS_01621,80.84500535329184,7.346267700195312,35671.213672680075,2043.1667218550945,80.83920422821147,7.340476256192612,80.85080580326856,7.352058878860482,482893.5919232732,812030.8034329743
LS_01627,80.8240966796875,7.345998764038086,2696.433592612972,206.40998366213387,80.81829555626018,7.34020715249178,80.8298976530298,7.351790303119057,480585.93066645344,812001.9249419909
LS_01628,80.80959812800089,7.33961296081543,872.8434153652422,141.53169829164486,80.8037969175386,7.333821167659732,80.81539921030479,7.345404682517586,478985.4515043195,811296.6362661157
LS_01629,80.81602355412075,7.338438034057617,1317.5238473608265,153.2567696132257,80.81022237011588,7.332646323115868,80.82182446981226,7.344229676212309,479694.57134298934,811166.4536356167
LS_01631,80.80795599619547,7.314655303955078,2601.361128960608,227.8596672139905,80.80215509865398,7.308863492341487,80.81375677041859,7.320447044530724,478803.03026517795,808537.6768737359
LS_01635,80.84847679138184,7.33116340637207,8242.686984444023,600.519818493667,80.84267611871682,7.32537196982728,80.85427720650529,7.33695450444111,483276.16350838804,810360.9148468422
LS_01642,80.86453444617135,7.350898742675781,1524.6782612136508,197.72800542254052,80.85873376980469,7.34510764191177,80.870334971821,7.356689769824674,485049.13268222584,812542.0596901822
LS_01645,80.86084222793579,7.345563888549805,4772.054725642232,394.8733049909451,80.85504167758,7.339772740063378,80.86664283242901,7.351354961790268,484641.45128101355,811952.4244011597
LS_01646,80.87094731026508,7.345462799072266,4221.920495591681,406.45762823051217,80.86514682148946,7.339671742332586,80.8767477169765,7.351253707790674,485756.72651658737,811940.9153661293
LS_01649,80.86520494416345,7.33909747541801,20430.75331421838,640.4571779582924,80.85940439104085,7.333306382673108,80.87100526446375,7.3448884940830785,485122.7409880136,811237.4251243761
LS_01653,80.87688048680624,7.33897590637207,34724.912376950946,1604.217955804155,80.8710801693521,7.333184962422393,80.88268074303643,7.344766777785268,486411.36278785614,811223.6153647779
LS_01655,80.85513324737549,7.328714370727539,4082.7883383651706,331.4000796787516,80.84933280738134,7.322922953595633,80.86093366214025,7.334505320076301,484010.7604441915,810089.9352497736
LS_01661,80.87133062802829,7.321142196655273,2141.967192577064,184.23176811990064,80.86553040038469,7.315351230440076,80.87713064563344,7.326933187725104,485798.26188597194,809252.2994493844
LS_01663,80.89069080352783,7.321390151977539,3918.5127951660456,289.2384839673479,80.88489081870813,7.3155993816276,80.89649057930055,7.3271808484973295,487935.129030282,809279.1449767129
LS_01666,80.8963451385498,7.317068099975586,861.6935344829576,117.88809113817886,80.89054388678757,7.311269771704,80.90214339029345,7.322851095782957,488559.11001167283,808801.2019356678
LS_01667,80.89753804210893,7.311304032295682,7109.296855287493,367.1620266659872,80.89173832654338,7.305513347922031,80.90333764903603,7.317094642585942,488690.6316306557,808163.9644097894
LS_01674,80.8774141898522,7.310346603393555,19639.470882777576,830.9214761189203,80.87161418209197,7.304555601179462,80.88321398975766,7.316137405420679,486469.4041040709,808058.6774439011
LS_01675,80.86535739898682,7.311882019042969,3812.7747340883216,346.2872517087441,80.85955728188247,7.306090928307658,80.87115743489151,7.317673037008394,485138.6658905971,808228.7951772367
LS_01676,80.8710175620185,7.314470291137695,3669.2829169085626,241.38447142212647,80.86521742418536,7.308679272296934,80.876817502023,7.320261237912398,485763.4960293329,808514.7413491639
LS_01678,80.87421024762668,7.327611923217773,9232.866368772486,454.9157116850434,80.86840996828852,7.321820945197927,80.88001031067445,7.333402829153624,486116.2973660954,809967.4270887108
LS_01679,80.86576925662132,7.332857388239706,7014.791217866234,376.31945643675886,80.85996885523124,7.327066302482629,80.8715695498107,7.33864839987141,485184.8176085806,810547.5745436709
LS_01681,80.88943547259726,7.310418343147739,59699.85930394074,1970.6707651725,80.88363564034049,7.304627499734178,80.89523514526987,7.316208999823937,487796.2751739369,808066.2646287857
LS_01686,80.89262580871582,7.305526733398437,12300.800949747165,920.5122075184114,80.88682608610071,7.299736064303426,80.8984253821013,7.311317484257856,488148.28478767845,807525.4207749012
LS_01687,80.9338120866864,7.309020667714401,11394.594373665132,633.28394036502,80.92801283646793,7.303230443191819,80.93961117607293,7.31481081647861,492694.3903490365,807910.7929252815
LS_01689,80.93356018066406,7.31834602355957,9049.07097778572,623.2007065230755,80.92776176798571,7.312546260916497,80.9393603566037,7.324126637985984,492666.7379373908,808941.6974602552
LS_01690,80.9398078918457,7.31184196472168,6749.608616147666,453.94290551477513,80.9340086989056,7.306051794112031,80.94560695884682,7.317632013742672,493356.23003950005,808222.5890328815
LS_01692,80.91498756408691,7.330436706542969,3902.0946382731577,347.84982909307905,80.90918804608349,7.3246462429590755,80.92078742496325,7.336227090539061,490617.04613102373,810278.6458979779
LS_01693,80.90250206517355,7.346993195044886,1134.5138727490846,126.264854170521,80.89670191638035,7.341202576374616,80.90830204817443,7.352783738978745,489239.3989521346,812109.2178231984
LS_01695,80.90606331825256,7.352165222167969,3582.684894527144,240.35286405392847,80.90026313483382,7.346374569795033,80.91186331153077,7.357955640614156,489632.56573291804,812680.8929512698
LS_01696,80.91620445251465,7.34893798828125,13177.319873173485,1000.1475138567516,80.91040446117405,7.343147544744612,80.92200429371331,7.354728357225249,490751.73821727687,812323.9054857315
LS_01697,80.95367342138755,7.272852833521591,2709.749068629835,204.7603990542974,80.94787486596566,7.267062857296884,80.95947176178497,7.278642736545219,494886.2110872104,803912.2388224667
LS_01698,80.95443334579468,7.292474746704102,524.5358563902668,90.611564934062,80.94863457108328,7.286684792533999,80.96023195490254,7.298264645576934,494970.31452724803,806081.3919511887
LS_01699,80.94577119694722,7.291899461199605,5680.312372584801,343.01225955948377,80.93997231755769,7.286109387928279,80.95156990746275,7.297689461820309,494014.1713830741,806017.9009972652
LS_01700,80.9501235144479,7.287925720214844,1678.4782142046226,194.5863978298433,80.94432476701736,7.282135699923369,80.95592214301212,7.293715664320497,494494.5360694817,805578.5566422892
LS_01701,80.9477502822876,7.300027847290039,1397.5261829191124,141.91372847112342,80.9419513288423,7.294237780522591,80.95354907903524,7.305817801355031,494232.7288939988,806916.4520045448
LS_01703,80.9404524826422,7.302263259887695,15968.436526221092,939.2752706904428,80.93465340833899,7.2964730940965135,80.94625140282182,7.308053300196023,493427.2375089004,807163.6723260554
LS_01704,80.9140062059675,7.302705764770508,11254.558272000726,723.293352623598,80.90820678678021,7.296915288266335,80.91980546629772,7.308496166736617,490508.14608476125,807213.0616401293
LS_01707,80.89964970675382,7.287429809570312,29849.11465304513,2091.612810551202,80.89385034511794,7.2816391014433215,80.90544899058271,7.293220346393701,488923.12221909896,805524.6612264548
LS_01709,80.92484378814697,7.284866333007812,1625.3084793491046,196.7716269263508,80.91904221984326,7.279083621319445,80.93064016005349,7.290664228991461,491704.052922327,805240.7337568308
LS_01710,80.91744790253816,7.283439636230469,45302.61594404472,2519.825903218708,80.91164878621,7.277649201153578,80.9232468768036,7.2892299965293,490887.64561532217,805083.1577471135
LS_01713,80.91644859313965,7.275047302246094,14554.314556931116,1298.636661353623,80.91067137384503,7.269270205905694,80.92226927155477,7.280851027863698,490777.16727578617,804155.4224355698
LS_01716,80.93074497809778,7.296815872192383,5721.548127954376,341.76299115033504,80.92494587520169,7.291025560481547,80.93654397554863,7.302606015174136,492355.6452761236,806561.627349177
LS_01717,80.92141962051392,7.289543151855469,13571.885776177567,675.6046558054092,80.91562050444708,7.283752703054255,80.92721865288345,7.295333396370315,491326.17370139074,805757.8110598372
LS_01718,80.91563405990601,7.296531677246094,3893.06123483688,238.859109963502,80.90983472143733,7.290741220717196,80.92143319869858,7.302322059201466,490687.69836566685,806530.4941445095
LS_01720,80.90750741958618,7.284759521484376,2887.13194632054,242.3548774976622,80.90170820159265,7.278968961005078,80.91330657850246,7.290550007720005,489790.41352343105,805229.280959007
LS_01728,80.90127754211426,7.279203414916992,8629.984454246658,478.7592577469371,80.8954783609996,7.273412774569338,80.90707675097109,7.284993979724212,489102.60765555664,804615.2097698775
LS_01733,80.93990128918698,7.2791786193847665,3246.7484281238576,246.0822804717901,80.93410250912011,7.273388468639189,80.94569991891876,7.284968695722038,493366.0579125673,804611.7199721622
LS_01736,80.94035761367871,7.262189865112305,64880.9770117893,4248.861320392103,80.93455905962595,7.256399717716391,80.9461560184437,7.267979938324818,493416.18148075277,802733.6424712563
LS_01737,80.93456506729126,7.269756317138672,1301.9048913888066,139.19069853101763,80.9287663368276,7.263966097237323,80.94036363826265,7.27554646241332,492776.87299524934,803570.1858733292
LS_01741,80.92660903930664,7.265567779541016,2898.5256148226918,261.5682052605708,80.92081019429418,7.25977740108379,80.93240758903042,7.271357968812422,491898.56019175163,803107.2864780072
LS_01742,80.90957609812418,7.266115188598633,8661.656316043633,523.4485164476489,80.90377708991423,7.260324722772428,80.91537492985289,7.27190572076128,490018.3482268948,803168.1413521608
LS_01743,80.90525150299072,7.27154541015625,3194.5998267925897,231.3720189422401,80.8994523835862,7.265754748824635,80.91105047387512,7.277335854959211,489541.0929671299,803768.5388546383
LS_01745,80.89939419428508,7.266729354858398,235218.47919639747,4780.947741651517,80.89359483735109,7.260938349093449,80.9051929504133,7.272519603782399,488894.40920696646,803236.2731661175
LS_01758,80.89177888234457,7.272483825683594,73155.99311871843,3076.9996523493564,80.88597953191733,7.266692796729676,80.89757798689214,7.278274242497152,488053.9275305028,803872.6122502298
LS_01759,80.88478174209595,7.271381378173828,3930.394667584387,295.96839074431006,80.87898235862006,7.265590530752486,80.8905809613479,7.277172152860161,487281.5107416867,803750.9294779593
LS_01770,80.86018689473471,7.266633987426758,6157.014966746357,493.6474832072489,80.85438729943031,7.260842831117786,80.86598639690583,7.2724250712708605,484566.41567487497,803226.8790370491
LS_01771,80.86226344108582,7.273597717285156,3767.89998219923,337.1321655252008,80.85646367732585,7.267806688104413,80.86806290469775,7.27938887601064,484795.8745441872,803996.6361519431
LS_01773,80.85452140494132,7.274134145171983,11675.855905628514,496.43957827019744,80.84872148472948,7.268343068424074,80.86032092062572,7.279925450523528,483941.2829682697,804056.2047020578
LS_01774,80.85988159974416,7.285633087158203,22945.87319184685,847.958041324856,80.8540817411526,7.279841928102309,80.86568134347924,7.291424175530319,484533.3654659142,805327.2052332642
LS_01779,80.85472774505615,7.306600570678711,3970.9425012514894,259.5746712155394,80.84892755998388,7.300809346243312,80.8605278425771,7.312391723073738,483965.2147442351,807645.3044755032
LS_01781,80.85725712776184,7.300457000732422,2617.232510905643,204.99461997365836,80.85145703257625,7.294665807464265,80.86305708991804,7.30624812065807,484244.1870988507,806966.0538978367
LS_01782,80.86831295490265,7.303157806396484,4946.419336437923,326.5588618682165,80.86251313367697,7.297366643138878,80.87411298290989,7.30894867766745,485464.60743961844,807264.2518962699
LS_01785,80.8707259950776,7.297504119541474,1732.6266475902803,163.1809184045029,80.8649261264582,7.29171303502853,80.8765257665026,7.303295009026413,485730.7759721569,806639.1696370194
LS_01791,80.8965585231781,7.299823760986328,1547.3069018298563,160.53498834921,80.89075893715403,7.294033014984471,80.90235798436342,7.30561433620552,488582.2245142025,806894.8661370665
LS_01793,80.88918099403381,7.297561645507812,512.6347040028352,85.91067355774871,80.88338133360458,7.29177085460722,80.89498050858417,7.303352362738305,487767.8371991045,806644.9868906862
LS_01794,80.8923614025116,7.292690277099609,9982.272740660112,566.519896715084,80.88656185233684,7.286899526340601,80.8981608195365,7.298480954722105,488118.7615088108,806106.381191062
LS_01798,80.88599556279937,7.291467666625977,9949.809792275728,532.7148612754376,80.88019594761919,7.285676835818178,80.89179504390532,7.297258425131498,487416.0597798932,805971.3963955687
LS_01804,80.86907575853029,7.281942796575333,7956.742795690372,421.4317520562952,80.86327614100246,7.276151624454058,80.8748754152229,7.287733640872512,485548.12428988155,804918.945941385
LS_01810,80.8824609120687,7.280004501342773,13750.756214648973,683.8285789764595,80.8766614235703,7.274213538191297,80.88826030973533,7.285795217849054,487025.57078012876,804704.2650192007
LS_01812,80.89188507172372,7.281929655938815,6373.995419154659,376.07039752842775,80.88608571104162,7.2761387423651955,80.89768440948562,7.2877201842084895,488065.8989322934,804916.8275536066
LS_01815,80.86989707946778,7.262332916259766,1934.2057058750704,221.92015783569587,80.86409763906626,7.256541881217145,80.87569638041609,7.268123878051381,485638.16161070723,802751.0845558448
LS_01816,80.87834893238707,7.265227139067115,5375.896050527023,304.3821619040032,80.87254950035955,7.259436287208171,80.8841481046895,7.271018071666188,486571.2344730631,803070.7760854271
LS_01817,80.8244394659996,7.3040008544921875,16789.30238573618,781.0246870181255,80.8186313649878,7.29819215503585,80.83023234105129,7.3097752929786814,480621.9495729027,807359.100166861
LS_01820,80.83102111139334,7.296753310273881,13737.729473304946,802.2954203321897,80.8252207445182,7.290961788194314,80.83682136447646,7.302544760304436,481348.12137466914,806557.6177758736
LS_01822,80.83900799070085,7.304496765136719,14493.456119746728,913.0330972527604,80.83320760728807,7.29870538206572,80.84480823052668,7.310288154256944,482230.02055960917,807413.3218717049
LS_01823,80.84862364085325,7.278972132900453,2321.4324652455134,204.36805490475857,80.84282367010148,7.273180904446063,80.85442338081876,7.284763434438644,483290.43327894266,804591.2492240166
LS_01824,80.8267126083374,7.268362045288086,4116.099014606829,268.8899045461715,80.82091247465462,7.262570471925925,80.8325124557616,7.274153549287904,480871.3443947314,803419.1899548374
LS_01826,80.82073930104573,7.268474578857422,28630.172196506606,2136.1928198173505,80.81493920700053,7.262682885857814,80.82653934026115,7.274266112213016,480211.97246438457,803431.8870090501
LS_01827,80.80176399728177,7.298141232057933,7343.960826654287,510.4631020366441,80.79596288076807,7.292349787052162,80.80756427043492,7.303933491281735,478118.7788427782,806712.3649783459
LS_01828,80.79275131225586,7.282131195068359,21171.007393156426,825.4093094966314,80.78695064225153,7.27633919662921,80.7985518335168,7.287923122305527,477123.14528706257,804942.924587994
LS_01833,80.80216481950548,7.280055999755859,11680.700166290528,1046.5816735186509,80.79636429122812,7.274264097957736,80.80796519301258,7.285847788895568,478162.1457636643,804713.0492160708
LS_01834,80.78897709316678,7.273014068603516,1656.179292634366,223.14657391969908,80.78317640226899,7.267221971103195,80.79477744661622,7.278805988578572,476706.0613699066,803935.2318727971
LS_01835,80.79233090082803,7.267150878906249,8008.588602019498,736.7744898972549,80.78652918415833,7.261358274540777,80.79812999037277,7.272942207463717,477075.9785075546,803286.8936237014
LS_01836,80.80027215073748,7.265602111816406,4082.040786077367,382.0961867645704,80.79447175338736,7.259810263909735,80.8060723212394,7.271393999250719,477952.51931383525,803115.2855755857
LS_01839,80.78186583518982,7.264324188232422,4055.689468371323,291.2464988840657,80.77606539688315,7.258532053145728,80.78766638841557,7.270116244925652,475920.6128833169,802974.9499752067
LS_01840,80.7973508633248,7.246827816844908,3597.138354786824,283.6153495255742,80.79155070118053,7.2410358775684704,80.80315084758331,7.252619681723812,477629.11688174034,801039.9599686401
LS_01842,80.7918643951416,7.23875617980957,867.7976710442219,227.70738634208504,80.78606430703644,7.23296419612915,80.79766437728549,7.244548134364581,477023.0423872551,800147.9272837923
LS_01845,80.7903561592102,7.232353210449219,18011.519964895808,736.2834701751823,80.78455620923852,7.226561375293122,80.79615614862709,7.238145349365363,476856.2150056562,799440.1659070711
LS_01853,80.7989044825236,7.23643684387207,6710.653505453511,364.11986159994206,80.79310450860733,7.2306449257578,80.8047043435871,7.242228689386193,477800.1167907462,799891.1788457208
LS_01855,80.79506797790528,7.227746963500977,2517.409493609116,265.6089177964774,80.78926804241729,7.221954946201976,80.80086774440079,7.233538802902024,477376.1526399605,798930.7161382107
LS_01856,80.80169615523363,7.231103897094727,15756.09299692564,1473.3886772932694,80.79589627034865,7.225312013668255,80.80749589630543,7.236895707217444,478108.04699257493,799301.4953837175
LS_01857,80.80532956123352,7.222316741943359,8396.515637524433,770.5529421461702,80.79952972313343,7.216524994520654,80.81112902900105,7.228108596652079,478508.7468440231,798329.917753703
LS_01862,80.80290222167969,7.242031097412109,8840.488695795864,419.8431636008826,80.79710220638775,7.236239229176131,80.80870208907392,7.2478228948843,478241.71587979683,800509.4209451411
LS_01868,80.79724049568176,7.220493316650391,49384.85290115837,3041.3748135642204,80.79143572570202,7.214695816895245,80.80303518385593,7.226279618580496,477615.6358702883,798128.7306390173
LS_01870,80.76928636149134,7.25518836682509,2288.589778525616,215.6199208655609,80.76348586020872,7.249396279964468,80.7750869221416,7.26098078044255,474531.4693190815,801965.685061978
LS_01871,80.79109938939413,7.222087860107422,3087.351489937881,326.84540034305724,80.78529959068926,7.216295761575652,80.7968992423622,7.227879714990166,476937.7442751948,798305.3108327099
LS_01873,80.84623696511252,7.255695343017578,23471.457106490725,873.9164717217732,80.84043698397639,7.24990456242031,80.8520361451002,7.261487151573794,483026.10768295766,802018.1309549129
LS_01874,80.83436393737793,7.24687385559082,11356.330864262549,485.0543262089524,80.8285642738538,7.241082489141404,80.84016350082855,7.252665373961933,481715.08557964093,801043.392954509
LS_01881,80.84580345153809,7.246055603027344,5101.098689498291,474.8430117513802,80.84000393055975,7.24026426694711,80.85160285064104,7.251846866619465,482977.89005839993,800952.4920715843
LS_01885,80.85399250454373,7.23979377746582,1615.796139246971,205.71481760411567,80.84819316780624,7.234002543110555,80.85979171998741,7.245584938394808,483881.6779229045,800259.960809915
LS_01891,80.84714221954346,7.238449096679687,23325.20211199876,989.3773733820158,80.84134259123283,7.232658035977277,80.85294127941955,7.244240602054861,483125.3972552222,800111.5575202501
LS_01893,80.83822458440608,7.223468780517578,5726.309016270313,506.697054178433,80.83242527215907,7.217677390289996,80.844023792008,7.229260177563293,482140.35159159056,798455.8531759502
LS_01895,80.84440272194999,7.232526779174805,92934.64743640216,3353.409141895697,80.83860326088991,7.226735425297381,80.85020186298186,7.238318059406915,482822.7481338515,799456.9594285643
LS_01897,80.85616755485535,7.232810974121094,3853.922637756101,299.96974119213866,80.85036828368523,7.227019767466654,80.86196659970122,7.238602108507062,484121.54639209434,799487.9493431033
LS_01901,80.85161905288696,7.229015350341797,50377.67439297129,2844.237328411466,80.84582026911063,7.223223736298535,80.85741859981226,7.234806190648209,483619.2744247192,799068.5119620359
LS_01902,80.85883868017862,7.227071762084961,8349.229571161342,385.77901983616766,80.85303954597947,7.221280737623145,80.86463764604697,7.232863012127429,484416.23045123275,798853.3988568758
LS_01913,80.84652210684384,7.221763610839844,2198.3757009015144,272.4813466258642,80.8407228705186,7.215972252530985,80.85232113951527,7.227554833554638,483056.31844358705,798267.0332378368
LS_01916,80.85201644897461,7.219045639038086,3631.0650585040894,340.0940804494806,80.8462174520333,7.213254381990329,80.85781551354906,7.224836826339583,483662.78766899934,797966.3664522846
LS_01918,80.82055568695068,7.254035949707031,18539.17402737813,1841.1633189852816,80.81475572509511,7.248244299610503,80.8263554838559,7.259827528830497,480191.0719667335,801835.7290153838
LS_01919,80.80662973110492,7.253147125244141,3497.0039690038,288.65373101285525,80.80082961992983,7.247355302176363,80.81242970196321,7.258938877381165,478653.7328897525,801738.1024650732
LS_01920,80.81133290176484,7.259049272375158,2528.943364117311,195.8089532576049,80.80553281132204,7.25325750750247,80.81713293142512,7.264840966792278,479173.1921119312,802390.3564886226
LS_01921,80.81345280733976,7.251237869262695,23904.994779516885,2217.089730957003,80.80769637181199,7.245425146885113,80.81929623237347,7.257008551246557,479406.8525111358,801526.7221701421
LS_01931,80.82597773415702,7.241996765136719,3680.974813135982,329.76060825898406,80.82018331950998,7.236199460799901,80.8317826275639,7.247782553721692,480789.105704539,800504.5855591551
LS_01934,80.82043127218881,7.244350433349609,6255.099250105026,591.0750497308953,80.81463143677645,7.23855878142116,80.82623094476278,7.250142012574224,480176.9142885811,800765.0175637905
LS_01942,80.81826877593994,7.235410690307617,19047.656904039013,1540.263673596395,80.81246910442715,7.229619011631629,80.82406843211446,7.241202295357116,479937.7945678518,799776.8398171487
LS_01950,80.81451225280762,7.223976135253906,86873.84709558212,2153.191846083314,80.80870892305703,7.218180599147586,80.82030804487708,7.229763974503311,479522.5770660374,798512.9378158135
LS_01952,80.87707778385708,7.230016708374023,27709.41084676721,1280.019681951533,80.87127889207784,7.224225821867121,80.88287661275758,7.235807641003917,486429.86174487683,799178.3726283482
LS_01954,80.88946437835693,7.234004974365234,3758.625129106892,339.0607670997321,80.883665611226,7.228214184062743,80.895263124892,7.23979569282199,487797.40279642964,799618.9162003614
LS_01958,80.8974110285441,7.228092193603516,14831.346284250469,1470.3117843208947,80.8916121683139,7.222301656737265,80.90320932952666,7.2338829671651235,488674.5281189057,798965.0658056018
LS_01959,80.87875690157452,7.243661880493164,3953.894885791685,403.5552264892488,80.87295781497568,7.237870956426039,80.88455584783998,7.249452732451733,486615.63223340944,800686.7680746119
LS_01961,80.87145709991455,7.218658447265625,5509.506590492547,377.8591145066865,80.86565833933722,7.2128674291828,80.87725590601578,7.224449389405636,485809.00468532473,797922.912404763
LS_01963,80.91521906852722,7.257968902587891,97724.86554005822,4098.746278166482,80.90942017732168,7.252178438438314,80.9210176634171,7.263759295682902,490641.0925929426,802267.466072396
LS_01964,80.92161850477096,7.256018726727328,5137.272668654842,321.27704634398066,80.91581984421276,7.250228428347946,80.92741711807462,7.261809124516225,491347.4850515516,802051.7512280715
LS_01965,80.92213702201843,7.247341156005859,16349.851283120708,986.4098549883586,80.91633842560053,7.241550776720203,80.92793546196062,7.253131461846119,491404.55952812964,801092.4547360992
LS_01968,80.93590032789442,7.254343032836914,14245.60585370271,1497.6289320368471,80.93010181550089,7.248552810851621,80.94169868465482,7.26013314657826,492924.02671004576,801866.2593364379
LS_01971,80.9335880279541,7.247739791870117,8420.387880206012,554.304903490585,80.92778950238923,7.2419495576639905,80.9393862596319,7.253529953684619,492668.664637344,801136.322269693
LS_01973,80.94296336174011,7.245279312133789,7564.016483737389,461.24232539453146,80.93716506517063,7.239489195295897,80.94876152170842,7.251069355101722,493703.5905653098,800864.1810805309
LS_01974,80.9219822883606,7.240900039672852,5796.7417905976645,601.1200621885566,80.91618376945212,7.235109657323382,80.9277806433333,7.246690347864006,491387.3559177034,800380.406451446
LS_01978,80.9074649810791,7.231826782226562,4826.941316817703,436.27998280718646,80.90167021949209,7.22602858744327,80.91326722437634,7.237609644933712,489784.5350286602,799377.6784500357
LS_01979,80.91835534572601,7.232688903808594,45429.49923778809,3029.3943789122227,80.91254557454114,7.226894575747707,80.92414232809179,7.238475359748677,490986.8020217261,799472.7540053424
LS_01980,80.92465209960938,7.228570938110352,55290.81181020207,4162.819800546238,80.91885361523276,7.222780339965242,80.93045010379291,7.234360966235815,491681.8600289262,799017.4023694325
LS_01981,80.9291169166565,7.232952117919922,12640.840907781869,882.5031776387434,80.92331860336712,7.227161874869704,80.93491509225458,7.238742387628601,492174.835606389,799501.6526375782
LS_01982,80.93350591659546,7.224514007568359,49382.46442127253,3725.769409529631,80.92770793642286,7.218723966512366,80.9393040974001,7.23030437097864,492659.22488841886,798568.7658593575
LS_01987,80.9747462272644,7.246858596801758,5521.487894835039,350.52638178287805,80.96894829436262,7.241068883061532,80.98054398488321,7.252648236810518,497212.186349094,801038.4496309294
LS_01989,80.97486186481657,7.258007049560547,13064.107787373205,1449.1342980473432,80.96906380318273,7.252217339177197,80.98065977698455,7.263796685301737,497225.02006823645,802270.885258222
LS_01990,80.9583911895752,7.259166717529296,4946.247139648192,334.4243070685594,80.95260752924501,7.253363446983412,80.96420395136248,7.2649432108837235,495406.84606654587,802399.217793067
LS_01993,80.9522476196289,7.256317138671875,5149.609455718706,417.2177590390359,80.9464588424385,7.250521418988421,80.95805534756491,7.2621013398911956,494728.630366124,802084.2699457348
LS_01997,80.9568862915039,7.250450134277344,14264.709294762202,1030.81530946845,80.95108809580344,7.244660210900597,80.96268433247295,7.256240016486626,495240.63031557505,801435.6343963324
LS_02000,80.92878388298882,7.217164993286133,18128.579584389743,939.4635519355872,80.92298578527216,7.211374693463383,80.9345818762198,7.222955218673746,492137.7973924598,797756.4282600153
LS_02004,80.9316552480062,7.209062576293945,16384.23757705409,1048.3188532723386,80.92585733134482,7.203272228468097,80.93745314189282,7.214852683649443,492454.65980092366,796860.6768185832
LS_02006,80.93738822937011,7.214973449707031,27678.59882441703,2303.2397527932617,80.93159020106542,7.209183259303478,80.9431860190497,7.220763568738728,493087.6775197489,797514.0189510902
LS_02008,80.93834301630656,7.192584991455078,5326.14851289321,355.16597870738946,80.93254534122157,7.186794809301266,80.94414056138868,7.198375101189393,493192.75179396465,795039.0150788452
LS_02009,80.93344402313232,7.179931640625,2729.529692707968,217.85935222476488,80.9276463926564,7.174141347576664,80.93924141213076,7.18572176573517,492651.674251421,793640.2946783674
LS_02012,80.9268134640109,7.191509246826172,16227.871858465582,1397.3832730042311,80.92101565218556,7.185718935531719,80.93261113412275,7.197299516651077,491919.8102649628,794920.2817071984
LS_02013,80.92904949188232,7.168920516967773,21360.82282122102,1445.5089267762307,80.92325199462164,7.163130199535821,80.9348468427769,7.17471073042261,492166.29346916795,792423.1158850178
LS_02014,80.91643953323364,7.175907135009766,6128.090434800926,528.4982198424058,80.91064854039736,7.170122370547324,80.92224388227795,7.181703214351911,490774.1568535008,793195.7030763379
LS_02019,80.92049645966497,7.21739387512207,4993.496092784384,473.7309382828304,80.91469826826749,7.211603468563238,80.9262945735719,7.223184201907094,491222.87632513937,797781.8817950677
LS_02022,80.8542947769165,7.213712692260742,2899.840819657295,252.6656516802105,80.84849596349837,7.207921460468988,80.86009382975675,7.219503848125706,483914.1246332155,797376.7393211307
LS_02028,80.84930725097657,7.198064804077148,7047.557021078147,667.5943906310453,80.84350843401833,7.192273511756415,80.85510601829142,7.203856023011992,483362.9292257963,795647.0772296909
LS_02030,80.84987115859985,7.205778121948242,1542.5653761383169,180.55861269552932,80.84407220421139,7.19998683747725,80.85566997453954,7.211569334912957,483425.4670808561,796499.7475537639
LS_02031,80.84534653027853,7.211952209472656,9241.509582720084,976.3346931622816,80.83954742876308,7.206160869292256,80.85114547186726,7.217743479192497,482926.1688258311,797182.4467308499
LS_02034,80.8236359187535,7.18385124206543,3564.2124504239305,414.4644664535402,80.81783693975973,7.178059657194183,80.82943479059,7.1896428019756105,480528.0998940683,794076.8106584705
LS_02036,80.80470437781756,7.186225891113281,97940.1702873007,6264.329802105532,80.7989051040473,7.180434019196335,80.81050348323376,7.192017630345683,478438.0220374196,794340.1712168069
LS_02037,80.82142066955566,7.218950271606445,15407.673909808578,805.564417259868,80.81562113909928,7.2131585587913,80.8272199583883,7.224741762369763,480285.0352414823,797957.0333874495
LS_02038,80.8051028060913,7.212974548339844,28013.614066867824,1741.016630590511,80.79930177402461,7.207182707627552,80.81090084121769,7.218766313752841,478483.2720292598,797297.1658427985
LS_02039,80.8091757774353,7.208354949951172,8585.287753357987,624.0420192288867,80.80337629294932,7.202563282459063,80.81497513879155,7.214146787243413,478932.7178408948,796786.2878264596
LS_02040,80.81458314259848,7.212667465209961,46766.198965644486,2575.8859448373887,80.80878356980969,7.20687580879723,80.82038239449476,7.218459180696485,479529.8948222873,797262.7822379768
LS_02045,80.79814863204956,7.210044860839844,24437.98528827873,2162.9344529302366,80.7923489959086,7.204252937571238,80.80394815822471,7.215836714627207,477715.38216482813,796973.627895141
LS_02047,80.80099296569824,7.203516006469727,7662.731922037175,562.9417395991763,80.79517817251741,7.197716488652689,80.80677709421992,7.2093001947191215,478029.08654420776,796251.7371502498
LS_02050,80.82551431655884,7.203708648681641,3054.6941253422165,569.8950601783205,80.81971508224719,7.197917062910462,80.83131340286822,7.209500163499093,480736.3266978715,796271.9269066378
LS_02053,80.79353383008171,7.216024398803711,3515.405076571115,322.0929407233721,80.78773375095224,7.210232603029708,80.7993331836559,7.22181649509008,477206.1998013825,797634.8831750477
LS_02055,80.79237608909607,7.188804626464844,7569.646641022329,541.795544181462,80.78657677988019,7.183012635624592,80.79817552956447,7.194596550184442,477077.01790539024,794625.8442869844
LS_02056,80.79460516997746,7.194934844970703,9039.603803035385,439.462558955608,80.78880566376006,7.189142879139419,80.80040451861433,7.200726740280159,477323.427590911,795303.4175170835
LS_02059,80.77664506435394,7.197589874267578,14187.331258560253,853.2160671853461,80.7708455355453,7.19179798499764,80.78244490137709,7.203382287775503,475340.6798888481,795597.8556614936
LS_02061,80.77319073677063,7.187261581420898,6768.664503071147,472.1820099288566,80.76739123761581,7.181469473746522,80.77899041792321,7.193053858240445,474958.73984144867,794456.2682480129
LS_02065,80.76910076141357,7.195363998413086,4195.722608956531,305.68694581073447,80.76330092915781,7.189571720164947,80.77490042183845,7.201156207209126,474507.6287048137,795352.2024694277
LS_02067,80.77123035996723,7.207366943359375,41365.601174705305,1537.8116723315331,80.7654296309381,7.201573878398008,80.77702938602077,7.213158316840918,474743.41186200717,796678.9900828715
LS_02073,80.76898841857911,7.201440811157227,9364.260213284217,468.93467306521967,80.76318846300745,7.195648529799906,80.77478811772153,7.207233021441072,474495.5648575697,796023.9903635936
LS_02087,80.82809329032898,7.213840484619141,1176.597803234988,132.42488897310645,80.82229396605423,7.208048930297566,80.83389248663543,7.2196319680907,481021.4746489499,797391.8732851486
LS_02088,80.83597588539124,7.215080261230469,2303.903701145221,274.7259496065498,80.8301766473244,7.209288802854358,80.84177500458382,7.220871645399188,481891.7659190718,797528.6077460293
LS_02092,80.85631117224693,7.183517456054688,6624.792032538403,779.6922461324519,80.85051258133451,7.177726232676984,80.86210961531833,7.189308570265386,484135.68640116305,794038.6513271324
LS_02095,80.84266511599222,7.184062957763672,2163.920704090301,228.4130705931157,80.8368621313948,7.178258308236422,80.84845951724483,7.189840983504774,482629.0776318799,794099.4502634909
LS_02097,80.86506126403808,7.169942855834961,8169.528386762697,650.0440574566434,80.85926294047763,7.164151791955854,80.87085940730297,7.175733913174653,485101.32178142475,792537.7171613509
LS_02099,80.81859636306763,7.201728820800781,1739.014022732439,210.05922531341372,80.81279704041755,7.195937091570121,80.82439548062638,7.207520362840861,479972.4773147904,796053.3582696688
LS_02100,80.79305839538574,7.181606292724609,2478.5846227466045,189.46667091621995,80.7872590494709,7.175814216551822,80.79885759466949,7.1873981127769495,477151.9896285124,793830.0479557157
LS_02101,80.75473315335283,7.164863275327239,22457.76663620147,644.7994522552616,80.74893334640727,7.1590712477098,80.76053239211544,7.170656075466929,472919.56337768346,791981.2226904164
LS_02102,80.7616935143104,7.163412094116211,10648.782107886384,416.1580344547261,80.75589412144667,7.15761994582618,80.7674929595781,7.169204603632754,473687.99287522555,791820.3926588336
LS_02104,80.74024963378906,7.147932052612305,8801.051196221571,359.1906827775968,80.73445008318481,7.142139432006069,80.74604903845093,7.153724604940885,471319.3395380632,790110.3824457052
LS_02108,80.79614513397217,7.161989212036133,7358.265788031266,510.5040738526499,80.79034609705559,7.156197334099515,80.80194405603987,7.167781150465292,477491.828412059,791661.2655971048
LS_02109,80.7988512732766,7.156270980834961,7009.7705191934565,451.2593153683696,80.79305222622918,7.150479073168547,80.80464997044031,7.162062822147172,477790.34525981045,791028.9951915881
LS_02111,80.81585884094238,7.149930953979492,14226.813289553107,680.9507261120891,80.81006009848598,7.144139252355444,80.82165726157919,7.155722583893181,479667.94657234085,790327.332503625
LS_02112,80.88942309788295,7.122678756713867,173470.669779476,6171.031954146849,80.88362765538292,7.116890060088029,80.8952223079477,7.1284715827916925,487789.8776960698,787312.0733535065
LS_02113,80.86551690101624,7.111965179443359,15874.328255961063,682.4691243716708,80.85971922021218,7.106174090013861,80.87131418809132,7.117756201708594,485149.7589648132,786128.4153970715
LS_02114,80.88448086906882,7.1163177490234375,52715.02004481276,2758.173812644184,80.87868350440174,7.110526938573916,80.8902781166625,7.122108583787279,487243.9704995598,786609.0145350229
LS_02116,80.88966163212373,7.110750293371959,4997.471017350406,255.48046331533692,80.8838643952609,7.104959408249498,80.89545873792443,7.116540926465091,487815.9025419914,785993.4078315065
LS_02117,80.88085849285126,7.105480194091797,8952.431845003453,410.4169004025081,80.87505866825379,7.099678034496003,80.88665309325586,7.111259769837618,486843.6660044495,785411.0536866239
LS_02122,80.88993740081787,7.100439071655273,43865.45465874696,2711.3012469481914,80.88414031073486,7.094648247706909,80.89573438423938,7.10622976029797,487846.0834378715,784853.5235808532
LS_02123,80.86699843406677,7.093032836914063,4052.0777840945498,381.7362772933277,80.86120700411372,7.087234137769736,80.87280145219343,7.098816213571427,485312.7562248691,784035.4486338743
LS_02126,80.86060774400806,7.089003621837065,26325.611882848007,778.9871979539565,80.85481039427881,7.083212471405991,80.86640489651863,7.094794703772666,484606.902947986,783590.2370081244
LS_02128,80.80259439680312,7.070430755615234,291217.1010481012,7438.195338072645,80.7967965906738,7.06463902950097,80.80839202996599,7.076222670416148,478199.5917792802,781539.375920631
LS_02129,80.76465413009231,7.066427063036132,10052.826616214012,412.6052719921023,80.75885607406951,7.060634972734954,80.7704523257846,7.072219526943058,474009.4288526013,781098.724327207
LS_02130,80.76378536224365,7.073184967041016,39262.01887854878,1946.374026361629,80.75798696567828,7.067392745113408,80.769583412395,7.0789773224337855,473913.8644718863,781845.8441730819
LS_02131,80.77529011837271,7.074802398681641,21556.79921879246,1307.7614450942867,80.76949194260435,7.069010214050969,80.78108815378589,7.080594514962934,475184.47399330593,782024.0182487202
LS_02132,80.77919054031372,7.082714080810547,27183.256617266743,1424.451349276262,80.77339233725006,7.076921942883962,80.7849886579924,7.088506151983982,475615.62919287337,782898.4302894925
LS_02133,80.79360269245348,7.068508148193359,10238.27591337576,465.3591109950906,80.78780509698007,7.062715805014019,80.79940070436787,7.074299662707834,477206.4982028224,781327.2670745129
LS_02134,80.78178495519302,7.058378219604492,55641.10705957036,3121.791953870442,80.77599212264138,7.052578952307567,80.78758775490529,7.064163092143489,475900.87506717467,780208.0227373472
LS_02137,80.82279949188232,7.074489593505859,48640.54777164404,1921.4486273138216,80.81700256759271,7.068696001423262,80.82859762091125,7.08027915366358,480431.11151064886,781987.17198936
LS_02139,81.02340564727783,7.092325210571289,118855.48171036525,3988.785569573293,81.0176098914416,7.086535512173681,81.02920161479341,7.0981148839888935,502584.6664109492,783955.1829050913
LS_02143,81.03216902414957,7.096206665039063,27555.069143930603,1854.0714444186465,81.02637268920819,7.090416737689302,81.03796472810008,7.101996325795112,503552.3692561449,784384.3239775837
LS_02145,80.83325583140055,7.232975006103516,7605.387792214267,626.2867984422069,80.82745558531444,7.227183904954701,80.83905447673652,7.238766816334562,481592.1955605479,799506.9458603148
LS_02147,80.83444786071777,7.240814208984375,7696.0069336597235,339.26732947233694,80.82864825354699,7.235022732066712,80.84024732001231,7.246605614365406,481724.1060168519,800373.5068862766
LS_02156,80.81430880228677,7.230684280395508,8335.172223224647,514.6155418875564,80.80850908154096,7.224892717759538,80.82010838386282,7.236476099019251,479500.4188793787,799254.5202079279
LS_02159,80.85690629482269,7.257022857666016,7332.743130761646,574.6886636042891,80.85112628856017,7.251220314323791,80.86272521646205,7.262802636278979,484203.94312742987,802164.4998138415
LS_02162,80.86293836073442,7.259273529052734,14585.672503929636,735.1042803808351,80.8571388831288,7.253482326631815,80.86873771933942,7.265064498024728,484869.8969322075,802413.1015537773
LS_02168,80.87784147262573,7.258377075195312,14957.983911845871,633.3751260300895,80.87204223197506,7.252586245571408,80.88364067060517,7.264168043335408,486515.01305893454,802313.530111784
LS_02170,80.87270501943735,7.253141403198242,704.7416901226559,107.87672536868874,80.866905734142,7.247350432047058,80.87850416544123,7.258932359015073,485947.840597053,801734.8928950169
LS_02173,80.89633178710938,7.255481719970703,11835.622455666704,841.2074519772198,80.89053288668399,7.249690894174077,80.90213078475767,7.261272227669388,488556.0740231129,801992.946353673
LS_02176,80.88827586174011,7.245565414428711,10060.015606272882,504.4314453093522,80.88247682177847,7.23977460937356,80.89407466509745,7.251356146562466,487666.51020608767,800896.9303890471
LS_02177,80.86296744140726,7.243881381730896,7947.140836869515,401.9145537971757,80.85716804179782,7.23809026140367,80.86876647602627,7.249672432516707,484872.59343471157,800711.5288552615
LS_02181,80.9161946773529,7.245441436767578,10237.849368084857,526.7814130510983,80.91039602129983,7.239650981237986,80.9219931585311,7.251231816559773,490748.5337466458,800882.5616629435
LS_02183,80.90913009643555,7.24787712097168,2310.3873184115187,307.8950595947314,80.9033315116307,7.242086697188073,80.91492889002845,7.2536677099076545,489968.7113338057,801151.971230891
LS_02185,80.91570640441984,7.251716613769531,20962.099120878323,820.3314352292571,80.90990766235677,7.245926154243156,80.92150497424578,7.257507000526007,490694.76088528056,801576.2788644524
LS_02188,80.93609309196472,7.230781555175781,2481.66837586617,277.0092519149909,80.93029486745922,7.224991349982877,80.9418911244101,7.236571687528499,492944.939715294,799261.587855245
LS_02189,80.95741083962577,7.265522003173828,7306.374614009495,716.7922256658243,80.95161245764437,7.259732073327635,80.96320906918776,7.27131186019326,495298.6922377857,803101.7907794701
LS_02199,80.91044569015503,7.237703323364258,867.7905238254476,117.14119696888828,80.90464708991969,7.231912796189378,80.9162441719736,7.243493777770307,490113.7205298011,800027.2512197756
LS_02207,80.85336153847831,7.24882698059082,14083.633304171382,1026.3265237536193,80.84756205516675,7.24303577407179,80.85916085867004,7.254618185144471,483812.34531588963,801258.5862197921
LS_02210,80.8097458912776,7.242771148681641,11831.155264704808,492.7506054528102,80.80394590782403,7.236979364229406,80.815545640044,7.248562860417756,478997.2484991144,800590.9104060356
LS_02213,80.76035363857562,7.190956115722656,8179.647436267041,405.6970520193955,80.75455364921622,7.185163879880099,80.7661532406949,7.196748579553697,473541.64425205137,794865.4148217934
LS_02220,80.82896788915,7.220180511474609,4333.994844832829,310.9684733075504,80.82316852771629,7.214388880169009,80.83476719185445,7.22597189688521,481118.29359989124,798092.7145754164
LS_02221,80.8076159954071,7.194648742675781,2591.735874716438,247.3303677539213,80.80181665104035,7.18885693707994,80.81341517790253,7.20044047805055,478759.8771395864,795271.164940208
LS_02222,80.82194876670837,7.190267562866211,1071.602679525691,161.33757245150397,80.81614964460638,7.184475967742455,80.82774770376976,7.19605915486437,480342.1010087586,794786.1937603325
LS_02230,80.81731920242309,7.178726196289063,31685.21071568054,1216.1555086866758,80.8115202479173,7.172934510091711,80.82311812141954,7.1845178097848175,479830.45956681215,793510.5206654979
LS_02233,80.79974476496378,7.142742156982422,2785.2842749215893,241.72673407709587,80.79394600051481,7.136950260206751,80.80554337211728,7.148533984628713,477888.34915107855,789533.3690833044
LS_02234,80.81584933825901,7.141088485717773,4693.542408419253,448.90545202148377,80.81005079018566,7.135296786022514,80.82164772491144,7.146880116523941,479666.5065196634,789349.8177001657
LS_02235,80.80973807778585,7.140224973990126,6784.71747884919,357.0731814610792,80.80393945627911,7.134433198838229,80.81553651831872,7.146016678662864,478991.67337737983,789254.6324707319
LS_02236,80.82558465003967,7.141559600830078,2000.881548230404,183.2265743283804,80.81978618222895,7.135768020982522,80.83138289045733,7.14735111316211,480741.480345077,789401.4802499828
LS_02237,80.82424795627594,7.13258171081543,5136.54399115784,443.2839263594482,80.81844960452104,7.126790168976509,80.8300461139837,7.13837329287942,480593.50716569234,788409.051331817
LS_02241,80.82616138458252,7.168985366821289,15605.946466509247,1207.252261438254,80.82036739218312,7.163186014154904,80.83196479492563,7.1747690950038345,480806.3079619114,792433.3133124094
LS_02242,80.82695627212524,7.159954071044922,2474.2494343105027,294.21746502839864,80.82115773509796,7.154162427462399,80.8327548848299,7.165745487938483,480893.6964702587,791434.8902409953
LS_02244,80.86525519688925,7.178363800048828,3676.0472108598506,306.7917193729317,80.85945679786644,7.172572623227254,80.87105347697803,7.184154739380898,485123.00748803356,793468.6265237747
LS_02248,80.98433846235275,7.162803649902344,8419.962408204194,749.0380232054825,80.97854173352277,7.157014044082885,80.9901350391867,7.168593191848116,498270.7735319377,791746.3368032563
LS_02253,80.98293844858804,7.149410247802734,95085.79959972826,4632.988447564878,80.97714190389844,7.143620426668878,80.98873490599338,7.155199615549767,498116.1398575319,790265.7381752412
LS_02261,80.97576653515851,7.153465270996094,1950.8124641608144,259.1676398235241,80.96996981481712,7.147675556329007,80.98156309960099,7.15925492337816,497324.27284110815,790714.0453930383
LS_02264,81.21138694069603,7.16339111328125,5200.258877712916,455.1599350793009,81.20558791928174,7.157599027252721,81.21718609917323,7.169183028171073,523339.7408109441,791816.6187497618
LS_02265,81.13307075977752,7.142341765208037,9152.86320358647,683.713676922357,81.12727297406336,7.136550691649779,81.13886868500245,7.148132767638507,514693.3161259918,789486.4236430527
LS_02266,81.12618255615234,7.135847091674805,1810.123964398924,188.03708860937172,81.12038494177847,7.130056102656111,81.13198031619899,7.141638009122292,513932.9344453144,788768.2400815138
LS_02268,80.93015766143799,7.159587860107422,33954.82428146226,2774.855133442188,80.92436028140473,7.153797555024999,80.93595486374652,7.165378060648735,492288.49063765083,791391.3962539152
LS_02269,80.91748725666719,7.163539886474609,9215.515822892332,1158.0661616284576,80.91168966884646,7.15774945851214,80.92328466824343,7.169330278993164,490889.58948922955,791828.5143536328
LS_02275,80.93529065450033,7.154325485229492,3390.340057762683,387.3081790372183,80.92949342069852,7.148535259108515,80.94108774080009,7.160115638123104,492855.1587207445,790809.5717426285
LS_02279,80.93776241938272,7.14845085144043,171842.601939914,8130.147787378812,80.93196546109445,7.142660500714153,80.94355957001005,7.15424081973736,493127.9893558621,790160.1091061564
LS_02286,80.93154096603394,7.148637771606445,36024.933149204626,3045.8449574270358,80.92574341746032,7.142847603656079,80.93733768635025,7.1544280776559575,492441.0455361077,790180.8701265624
LS_02289,80.94948589353633,7.141214370727539,9384.683447039675,479.8979969693907,80.94368901408531,7.135424319339152,80.95528264656463,7.147004348238251,494422.3584731814,789359.977493327
LS_02292,80.93909435272217,7.139425277709961,50685.893961424204,4027.8165712638142,80.93329735978554,7.133635112602553,80.94489120614233,7.145215401023073,493274.9239605532,789162.3368588361
LS_02299,80.93110903987179,7.139276504516602,8767.38835407508,813.2097493681104,80.92531193660551,7.133486209237589,80.9369059781343,7.145066696418693,492393.1993259885,789146.0145133378
LS_02304,80.93747644424438,7.133819580078125,10162.851761666388,806.3108850438056,80.93168685588546,7.128021749360649,80.94328059987912,7.139602079460427,493096.19376005494,788542.6663544765
LS_02315,80.95101307206886,7.132053375244141,2192.8339064313477,374.1994288460772,80.94521631775373,7.126263341912819,80.95680967995791,7.137843335728996,494590.87818379677,788347.2367216112
LS_02316,80.94076324911678,7.128568649291992,48330.72759706822,3680.963057818154,80.93496689921058,7.122778171863079,80.94656042854531,7.134358421891303,493459.0460268848,787962.142711782
LS_02318,80.94680881500244,7.120870590209961,3286.1313524543043,275.9028196222677,80.94101209499958,7.11508055831728,80.95260527893157,7.126660660365692,494126.50288186874,787111.062798907
LS_02320,80.94348417917888,7.106544494628906,3514.9417537153545,265.0174273941024,80.93768766301247,7.100754363770705,80.94928056746478,7.112334552769665,493759.19512165093,785527.3977286469
LS_02333,80.92022347450256,7.142507553100586,13825.841840363411,1136.8349959889238,80.91442620045278,7.136717138676613,80.92602059510159,7.148297895668417,491191.29830094945,789503.3920268873
LS_02338,80.91151396433511,7.142719268798828,5531.437173492504,527.7137940814179,80.90572499069401,7.136924931852376,80.91731960693339,7.148505904838813,490229.6222368518,789526.9722108013
LS_02344,80.89700781504314,7.135843276977539,6512.652700948812,706.3931318367305,80.89121036407072,7.130052543650483,80.90280516499536,7.141633877385475,488627.72288618056,788767.1822176786
LS_02347,80.88595008850098,7.1366024017333975,15525.483886764006,1531.3655364554825,80.88015242815597,7.130811602844117,80.8917475221422,7.142393209833795,487406.7608544354,788851.3887556683
LS_02351,80.87566618485884,7.167331695556641,1081.0635854231066,141.8512234196165,80.86986809891687,7.161540728356379,80.88146423563921,7.173122587142469,486272.14205040515,792248.7290345383
LS_02353,80.87213921546936,7.17315673828125,667.3863467007533,100.41706951979631,80.8663409486595,7.167365755478028,80.87793732278782,7.178947701292881,485882.9035256828,792892.7805075614
LS_02355,80.96441010066441,7.148239135742188,24917.31364335661,1582.8954570934366,80.95861331720356,7.14244927218133,80.97020675446582,7.1540289257830505,496070.3124117701,790136.3919368308
LS_02356,80.96253371238708,7.140628814697266,1707.3410234009318,161.42551250384213,80.95673699611741,7.13483892631742,80.96833028763463,7.146418629676193,495863.06103003526,789295.1083906728
LS_02362,80.98097356160483,7.139345169067383,3071.782082761627,222.2757819537188,80.97517709793497,7.133555519700774,80.98676989513602,7.145134762247149,497899.1398707598,789153.0801849593
LS_02367,80.9858922958374,7.1341552734375,7566.168834494683,701.0849877137371,80.98007574488373,7.1283618681891845,80.99166828823476,7.139940990334551,498442.23883300327,788579.332325878
LS_02369,80.97553052902222,7.168357849121093,2905.9661902919606,296.35991266442426,80.96973362139667,7.162568128739053,80.98132728948393,7.174147495505259,497298.30197428784,792360.3811497242
LS_02372,81.02826452255249,7.133562088012695,6749.799350808772,578.8458959062715,81.02246816926,7.127772324777942,81.03406105187145,7.1393518008950485,503120.94959689793,788513.8291359606
LS_02377,81.01759004592896,7.138465881347656,2720.9754771743974,290.0121562132742,81.01179372722325,7.13267622429906,81.02338646620848,7.144255431247967,501942.26033590426,789055.871095276
LS_02379,81.01044864654541,7.144193649291992,4424.362490730436,554.6290954195861,81.00465236572126,7.138404099667188,81.01624506996194,7.149983124971994,501153.7058587175,789689.0358461599
LS_02381,81.0246514014478,7.141456604003906,2003.5275016207652,439.16798339309,81.01885497795946,7.135666872672505,81.03044796951423,7.147246255184743,502721.9445110416,789386.5228425524
LS_02382,81.01741260171602,7.144703414979711,4894.375955621319,561.1720051574042,81.0116162391238,7.138913771444848,81.02320913112587,7.150492971206281,501922.6412210829,789745.4122776126
LS_02387,81.0474256515503,7.158462524414063,4785.4197229795245,399.82582336429545,81.041644599543,7.152670606181371,81.05323859301376,7.164250552641287,505236.4255283636,791266.6777205038
LS_02390,81.03584098815918,7.169914245605469,2173.295815568728,243.60258797339188,81.03004406458656,7.164124382846787,81.04163805811902,7.175704034570053,503957.2249704569,792532.5191238928
LS_02394,80.94061782308485,7.029989185856289,12055.814610513691,557.823193153323,80.93482210022212,7.024198940320142,80.94641315206741,7.035779222433659,493441.59603745927,777064.4843413515
LS_02395,80.94748973846436,7.033788681030273,11886.841893944134,551.3900866271064,80.94169416976997,7.027998557165655,80.95328514774071,7.039578669499969,494200.6050687024,777484.4153988976
LS_02396,80.95929082234701,7.02400016784668,6255.574332789824,436.15844891525575,80.95349554746318,7.018210219449006,80.96508599114507,7.029790045128785,495503.8592642659,776402.1977787445
LS_02397,80.91424369812012,7.09377098083496,9117.93371039871,681.7713985685527,80.90844673345497,7.087980489078489,80.92004003871439,7.099561404274104,490530.02834095305,784115.81844592
LS_02399,80.92746537923813,7.097747802734375,6400.45498941237,375.8037097867991,80.92165951042912,7.091951858887056,80.93325258968325,7.1035324470850165,491990.15324954654,784555.1953902331
LS_02401,80.94947814941406,7.090240478515625,4973.083315960049,414.9176322611252,80.94368193981553,7.084450335058874,80.95527428441744,7.096030380572259,494420.88788124995,783724.9605388128
LS_02402,80.91305828094482,7.086477279663086,2758.676153401004,297.35923239017035,80.9072616336596,7.080686791329379,80.91885478359028,7.09226773714696,490398.9729462201,783309.5454288255
LS_02404,80.95951843261719,7.107728958129883,4202.83596837617,306.6969841383301,80.95372210002648,7.101939026672128,80.96531463577725,7.11351881713288,495529.8022186439,785658.151276106
LS_02405,80.97739887237549,7.112129211425781,7758.817725420413,624.1779435778247,80.97160269281837,7.1063395031436905,80.98319489363547,7.117918846653657,497504.282812651,786144.4518489866
LS_02407,80.97000285557338,7.129690170288086,5151.006520826275,387.109272997611,80.96420633560524,7.123900352102341,80.97579916378865,7.13547987305191,496687.7076217359,788085.8116685146
LS_02410,80.98811752455575,7.126903533935546,30733.91387905596,1815.312961314444,80.98232128963689,7.1211139625779625,80.9939135941301,7.132693031793885,498687.92613649205,787777.6662540393
LS_02412,80.9814762387957,7.125965118408203,12100.253044733154,702.5618422849168,80.97568633856332,7.120171688423573,80.98727878550365,7.131750924044204,497954.5850754761,787673.9512469872
LS_02417,81.0078049659729,7.115383148193359,17122.014054933617,1463.380850658676,81.00199539223217,7.109585995969231,81.01358730439789,7.121164968192868,500861.8530218927,786504.1113513086
LS_02419,81.00164604187012,7.108699798583984,2138.0504987455674,232.32877296043785,80.99586166005543,7.102904628694343,81.00745335463458,7.114483450771966,500181.7646190563,785765.2797408984
LS_02424,80.98209424452348,7.119876861572266,16042.547323251854,1360.1498591591703,80.97629806898301,7.114087212026189,80.98789034740989,7.125666435010429,498022.79989670205,787000.9093034695
LS_02426,81.00867938995361,7.089748382568359,8342.390583253511,608.4431252524862,81.00288382902932,7.083958845242473,81.0144751208848,7.0955378516565535,500958.4632105775,783670.2661758324
LS_02427,80.9983925819397,7.116619110107422,10712.811179472204,646.1426524302537,80.99259661816419,7.1108296679748335,81.00418851165605,7.122408484892732,499822.5034667221,786640.73636989
LS_02432,81.02527364403807,7.120949550874434,3992.45853023125,371.8162359186076,81.01947747229471,7.11515981091296,81.03106996194326,7.126739217442927,502790.77508672007,787119.5300057143
LS_02433,81.02999446297491,7.116257476768617,52823.884908745255,3513.9563816462187,81.02419828867536,7.110467685967152,81.03579077798744,7.122047212147803,503312.0926853228,786600.8659504488
LS_02435,81.03906137803023,7.107324600219727,28295.245279703988,1859.570490978942,81.03326986425664,7.101529002339797,81.04486235444027,7.113108757753011,504313.3763923213,785613.4372260562
LS_02437,81.02093243598938,7.112663269042969,4238.584463210266,288.0592440321239,81.01513643001007,7.106873581707967,81.02672860259047,7.118452883367687,502311.45014501014,786203.4816870346
LS_02440,81.0466119978163,7.11149787902832,3837.225942187156,284.3871002871645,81.04081568730791,7.105707872078117,81.05240847067456,7.1172878136212425,505147.1118818389,786074.8581616383
LS_02441,81.0260623296102,7.149759292602539,3696.146273026496,410.03304603733767,81.02026575361155,7.143969548236488,81.03185899050467,7.155548962665868,502877.68365608255,790304.3706661406
LS_02444,81.03457145690918,7.103496551513672,2831.403027648235,372.9316691668253,81.02877537696557,7.097706684262346,81.04036765900256,7.109286329322447,503817.60564750107,785190.218316632
LS_02450,81.02814435958862,7.106365203857422,8284.458795147455,885.9773172045691,81.02234833461344,7.100575425225349,81.03394052872297,7.112154909237591,503107.8643331069,785507.2913107582
LS_02453,81.03874299791124,7.095592498779297,16712.11222830593,1348.4576393585749,81.03294720621435,7.089802765542159,81.04453939314676,7.101382517177876,504278.3274882131,784316.4852309582
LS_02454,81.04427509307861,7.093866348266602,5051.82993086632,386.4913628563126,81.03847346703137,7.088080182138774,81.05006574789225,7.099660071503154,504889.2462608663,784125.719119691
LS_02463,81.03544683456421,7.088932037353516,6860.937438858537,837.4657141044012,81.02965093639843,7.083142164832773,81.04124287400315,7.094721837101236,503914.39361943596,783580.1621693479
LS_02467,81.02943019917585,7.090150633998488,2305.446349231285,261.002059535632,81.023634347125,7.084360807134543,81.03522616579669,7.095940329562572,503249.9680250789,783714.8279124396
LS_02469,81.01818970271519,7.087490081787109,2552.8612710009047,219.04646062040203,81.01239403178245,7.081700431412704,81.02398550406194,7.093279675562412,502008.6948583666,783420.6482924754
LS_02470,81.03595806558532,7.124881574220552,5763.439316319161,693.7268036326858,81.0301617366423,7.119091723330598,81.04175459235186,7.130671394893374,503970.54029059195,787554.2820706833
LS_02471,81.04382991790771,7.130847930908203,7257.14967969058,813.0386053510748,81.03803340495844,7.125057971309095,81.04962660797204,7.136637837001181,504839.69886453566,788213.9209776069
LS_02472,81.0748176574707,7.11512565612793,2721.2033619274216,222.91528185860523,81.06902097675848,7.109335300267118,81.08061455244034,7.120915940537135,508261.64752399764,786476.3072155884
LS_02474,81.07091369628907,7.093564987182617,5579.794689702672,570.9915026765111,81.06511722071888,7.087774675256743,81.0767101540822,7.099355224203348,507830.9220485295,784092.7697145157
LS_02476,81.07693099975586,7.096010208129883,19067.13751616567,1217.219756958165,81.0711421128126,7.0902143680463325,81.08273525680787,7.101795065213539,508495.3618462705,784363.1876121967
LS_02480,81.07883405685425,7.102813720703125,17022.22603016874,1115.3500395445994,81.073029453666,7.097021308469883,81.08462281659826,7.1086020507231,508705.385494976,785115.3315114535
LS_02482,81.06885582467784,7.102329254150391,4780.574525397923,793.8602453150083,81.06305934640177,7.096538979274193,81.07465245034126,7.108119475127007,507603.5295520024,785061.5995429482
LS_02483,81.0985860824585,7.167856216430664,20665.28373738465,1328.094159376188,81.09278839640847,7.1620655701483855,81.10438390677449,7.173646789840817,510885.00181385793,792306.0234953689
LS_02485,81.1079190572103,7.166780471801758,5545.190661946671,409.1855825747215,81.10212129383804,7.160989760108477,81.11371700880512,7.17257121185263,511915.4952858269,792187.3343077967
LS_02490,81.10166606903076,7.161163330078125,8460.246605460503,756.0015101150592,81.09586843954735,7.155372619451787,81.10746385505341,7.166953916694951,511225.2307245618,791566.2159116725
LS_02492,81.11203521840713,7.161666870117188,3771.730853375994,320.45770576645583,81.10623743785104,7.155876056502196,81.11783312387806,7.167457610979055,512370.1048574973,791622.1471689817
LS_02500,81.1121145248413,7.154975891113281,2111.293837957565,187.47880581156323,81.10631684685669,7.149185076428821,81.1179123632798,7.160766633606065,512379.04166005796,790882.4783746153
LS_02502,81.09772205352783,7.139566421508789,102043.04662325305,3868.851195083873,81.09192516737879,7.133775663339431,81.10351993274027,7.145356866072878,510790.2675489365,789178.6393294928
LS_02503,81.10665875704228,7.150616041779947,22731.43074979227,694.1207243580621,81.10086119181757,7.14482529459225,81.11245646124536,7.156406717122039,511776.7581475334,790400.3649328253
LS_02504,80.73668150468306,7.098600387573242,6602.549099892139,484.6501619314812,80.73088208944176,7.092808272901452,80.74247984599026,7.104393511447197,470922.2494584673,784657.076760843
LS_02505,80.74018360319592,7.103456497192383,1645.068063840659,171.81300591107197,80.73438466261852,7.0976638820259845,80.74598246090993,7.109249038349716,471309.28294222505,785193.6923641915
LS_02507,80.73944282531738,7.089906692504883,1866.5545504190509,165.4461216153558,80.7336440206825,7.084114074119318,80.74524148524155,7.095699242661041,471226.6390257716,783695.8330781105
LS_02510,80.77723693847656,7.130590438842773,8881.795624152574,506.874929713788,80.77143806295338,7.12479826932615,80.78303566844201,7.136382539027554,475402.4342936394,788191.161784567
LS_02511,80.78179909632756,7.111362457275391,39558.00927313968,1537.0070678655234,80.77599904064184,7.105569304696696,80.78759603743121,7.1171534584828,475905.18806401757,786065.3084252831
LS_02513,80.76432657241821,7.105794906616211,5335.390449156662,421.8873070913372,80.75852777203055,7.100002669172929,80.77012504812372,7.111587244159041,473975.4629229423,785450.7731424461
LS_02514,80.76095056533813,7.0958251953125,6361.320069261888,336.5044915931731,80.75515185313732,7.090033014333245,80.76674895279898,7.10161766749437,473602.0925382118,784348.833070379
LS_02515,80.76904207865397,7.100334167480469,1522.6752940171502,168.4551046893217,80.76324348596295,7.094541902853915,80.77484050670984,7.106126362170488,474495.88055718946,784846.8376196853
LS_02518,80.77441701022062,7.093072891235352,1894.1565234832897,200.02894210060077,80.76861859317474,7.087280692633128,80.78021529636605,7.098865019924726,475089.0337016984,784043.8270251752
LS_02523,80.79635753631592,7.104501724243164,18893.351681655546,1528.110331750774,80.79056323308012,7.098710318150903,80.80215969915578,7.1102941170140666,477512.47555734793,785306.1373520367
LS_02529,80.80473899841309,7.100175857543945,31455.18052401482,1101.433693277384,80.79894106381792,7.094383812219061,80.81053721486411,7.105967406821609,478437.8131467823,784827.5245056719
LS_02533,80.78084969520569,7.089962005615234,7970.159909551291,469.568454930476,80.77505149909437,7.084169650358011,80.7866479664656,7.095753821365815,475799.2314885048,783699.5851769801
LS_02534,80.79299926757812,7.096014022827148,1929.047377410756,224.42971330837463,80.7872010397333,7.090222047977059,80.79879736874382,7.101805926503676,477141.21311810607,784368.0057606178
LS_02535,80.82348537445068,7.102266311645508,3482.5833809997885,332.0055727497583,80.81768746282765,7.096474777137909,80.82928321115078,7.108057916103359,480508.02358072845,785057.7888701044
LS_02536,80.83655325571695,7.099828720092773,2389.916632863791,237.74083426370177,80.83075534669156,7.094037366724852,80.84235071359677,7.105620186883916,481950.9791440729,784787.7900197771
LS_02537,80.85275868936019,7.09330940246582,71497.95839289903,3972.208782396545,80.84696134334921,7.087518326425377,80.85855614745516,7.099100750626021,483740.2804604657,784066.4970804062
LS_02540,80.84839963043135,7.09804437753795,6041.463377457048,306.23864198914544,80.84260197318049,7.092253235684421,80.85419700488,7.103835766513111,483259.0836818038,784590.0911004165
LS_02544,80.84717285550875,7.091159820556641,20799.835943994716,946.493581222497,80.84137535983955,7.085368504230267,80.85297024559041,7.0969510647716,483123.36241813377,783829.0659543476
LS_02546,80.8486430644989,7.112106323242188,8526.53346785999,550.7375334223696,80.84284385216448,7.106303580991443,80.85443923748173,7.117886106347008,483286.4735989579,786144.5939264846
LS_02547,80.81632295021643,7.1290283203125,2786.78114998772,299.2496648589425,80.81052456860452,7.123236626036961,80.82212118042084,7.134819943232296,479718.27096954954,788016.5729744124
LS_02548,80.81765548695631,7.117795235922562,12060.73022518839,680.6246452229394,80.81185441468926,7.112004045786677,80.82345070456576,7.123587328941482,479864.92087594746,786774.7234278737
LS_02551,80.84933423995972,7.131748199462891,3843.035660194772,341.98938372965995,80.84352828474745,7.125953227702551,80.85512415725327,7.137535736840976,483363.5044470647,788315.9289757195
LS_02554,80.84296887772899,7.122015392109029,6043.687410118195,511.21424209543017,80.83717087019402,7.116223972771184,80.84876664898474,7.12780663745796,482660.2743597821,787240.2254003028
LS_02555,80.83635256025526,7.128593444824219,3016.189791584607,230.58472308924263,80.83055442559869,7.122801934176576,80.84215053567637,7.134384761350124,481929.9416044498,787967.6665961153
LS_02556,80.83131017440405,7.124696731567383,4698.759815809852,462.7177651234786,80.82551203397306,7.118905221087466,80.83710816741494,7.130488171387989,481372.9991350687,787537.0946917011
LS_02565,81.03915618447697,7.117372512817383,4635.467568182324,474.1128876191524,81.03335988064698,7.111582591776424,81.04495262659083,7.123162345794767,504323.7514647155,786724.2055928658
LS_02571,81.1083533498976,7.136543273925781,9749.473381688587,724.6060694699348,81.10255595413216,7.130752504246569,81.11415090567066,7.142333970471421,511964.2331945895,788844.7006652558
LS_02577,81.09474740028381,7.146087646484375,6033.631375245854,372.4308182604831,81.08895004532745,7.140297046422878,81.10054490334943,7.151878174344396,510461.66394488706,789899.4749430296
LS_02580,81.11672680194562,7.146255493164063,15047.632490026012,1093.8910565954627,81.11092916922857,7.14046462091336,81.12252457649728,7.152046293121419,512888.5479415437,789918.5871179791
LS_02591,81.10561034896156,7.156700134277344,8881.73255423079,928.6061380264536,81.09981281752532,7.15090969860877,81.11140821672168,7.16249109435946,511660.84334612096,791072.9191132293
LS_02592,81.09899374956936,7.151543643889411,1950.333333662113,171.38036810124154,81.09319627293401,7.145753026618467,81.10479137583563,7.157334258986189,510930.4011756257,790502.7198751853
LS_02601,81.09317337839227,7.153238296508789,124335.70660943998,6495.009920996141,81.08737592143757,7.147447741684339,81.09897092302224,7.15902882930651,510287.7060194032,790689.9251411927
LS_02602,81.14730930328369,7.10113525390625,2764.7306702267183,233.66851777990703,81.14151191561245,7.095343877585925,81.15310692130105,7.106926303591097,516266.9531027878,784931.6265855661
LS_02605,81.14399113125272,7.094497680664063,19216.509410824587,944.8344100811094,81.13819337440447,7.088705958368988,81.14978812930055,7.100288303141711,515900.76376962254,784197.7454053364
LS_02613,81.12920316060385,7.098775863647461,10369.085989908606,721.6231234528541,81.1234059757237,7.092984836937204,81.13500047734173,7.104566819603701,514267.61171948013,784670.2059846886
LS_02615,81.11664022718156,7.100042343139648,12656.896864349366,1165.3962965334651,81.11084313872233,7.094251402742878,81.1224373639657,7.105833077030086,512880.278304046,784809.84396669
LS_02620,81.1119626151191,7.106292724609375,153009.7181545904,6142.071611487211,81.10616177154795,7.100498258972274,81.11775604056616,7.1120798175620665,512363.5740957529,785500.6789296978
LS_02621,81.11298743538234,7.088438034057617,7224.429514639436,596.6043294972964,81.10719059030242,7.082647204159304,81.11878443079164,7.094228789880389,512477.2218708923,783526.9203331545
LS_02622,81.10157928466796,7.094587326049805,4120.981162351957,335.03393694417844,81.09578260400383,7.088796639536481,81.10737632001494,7.100377944238004,511217.2676837564,784206.4158436102
LS_02623,81.11075496673584,7.124750137329102,14360.878970272865,1276.2575721621238,81.10495764545847,7.118959336902592,81.11655235525971,7.130540863813786,512229.72968595364,787541.0636360211
LS_02624,81.09800910949707,7.131706237792968,13325.781688992813,1133.758152205312,81.09221182404617,7.125915542058511,81.103806396001,7.137496753126964,510822.1483411254,788309.723718616
LS_02625,81.10015296936035,7.120761871337891,154749.28262588268,6763.537704407084,81.10191062215044,7.114969414770634,81.11350515493596,7.126550866976864,511059.1355564709,787099.9044430756
LS_02626,81.10187816619873,7.126855850219727,2308.945152619121,306.3825148409918,81.0960809759192,7.121065182135493,81.10767551999801,7.132646489600538,511249.4876485155,787773.618917918
LS_02627,81.09800552471805,7.1106858013047285,5572.368376796163,375.3853655463736,81.09220856733926,7.104895158209934,81.10380260407234,7.116476372478782,510822.24526354606,785985.9719089716
LS_02628,81.10657930374146,7.111368179321289,5126.886495519001,349.0228028344676,81.10078222409516,7.105577431049903,81.1123764897953,7.117158856598412,511768.98716923746,786061.6161527773
LS_02630,81.1025824546814,7.1059417724609375,1624.6914980497015,164.45615994462423,81.0967854883386,7.100151121365398,81.10837951743407,7.111732449161204,511327.7687704408,785461.642236614
LS_02632,81.08730551401774,7.090259552001953,8680.902614061783,717.3820702288854,81.08150869726576,7.084468985317228,81.09310195185024,7.096049939361097,509641.1225633373,783727.672107315
LS_02633,80.98519468307495,7.097949981689453,957.7568916122644,133.74361297558772,80.97939878921449,7.092160367435661,80.9909904393282,7.103739522735053,498365.08088103007,784576.9452923059
LS_02634,80.74843508402506,7.067190170288086,1722.1175212788137,176.46041858624065,80.74263664518807,7.061397663870654,80.75423330618652,7.072982607574727,472218.3028565645,781184.0205159025
LS_02635,80.74891376495361,7.075508117675781,1334.1800973957425,147.1471055281713,80.74311525705924,7.069715616296586,80.75471212135604,7.081300551708911,472271.6626285435,782103.5236427095
LS_02638,80.74577383561568,7.061893463134766,1721.6934351940677,227.0637814128083,80.73999389444933,7.056068559786678,80.75159048131336,7.067653564726204,471924.08515197,780598.640272431
LS_02642,80.74553108215332,7.047353744506836,3993.3636059541327,430.6676402315005,80.73973130220277,7.041561200397308,80.75132752146132,7.053146205886749,471896.3993254133,778991.3202112322
LS_02644,80.74515353308783,7.055093765258789,17991.078151261103,1805.3680181681168,80.73935520127405,7.0493012245672855,80.75095162892578,7.060886242114434,471855.16965212557,779846.9855338002
LS_02646,80.75619257776015,7.044586726104017,7173.011593771057,362.39581331904594,80.75039445970518,7.038794528714343,80.76199035265252,7.050379278264199,473073.7045623025,778684.8044506027
LS_02651,80.75678482055665,7.054666519165039,1649.1418866859028,193.15622869903356,80.7509866763933,7.048874115715095,80.76258281435787,7.060458854691962,473139.693258591,779799.0686838242
LS_02656,80.7689847946167,7.082143783569336,3738.038853161544,485.66060298471007,80.76318649966312,7.076351468134575,80.77478305207087,7.087935923174622,474488.55385981407,782835.9331224941
LS_02669,80.78849673271179,7.085353851318359,37019.68073815115,989.4717438689738,80.78269844682075,7.079562050256689,80.79429461050384,7.091146035255462,476643.46563377307,783189.7726886579
LS_02678,80.77741050720215,7.068998336791992,22484.965773661464,1391.1636992418037,80.77161276753648,7.063205584447901,80.78320877825382,7.074789832616273,475418.330480767,781382.2800615412
LS_02685,80.78713766733804,7.071611404418945,3248.586505695643,283.1964458629303,80.78133965008716,7.065819433087301,80.79293549330866,7.077403447522386,476492.6863930269,781670.6460757846
LS_02687,80.79522075653077,7.058877944946289,412.879294567919,94.11792490741172,80.78942301855722,7.053086001852559,80.80101834004729,7.064669818365804,477384.7220681314,780262.5930706287
LS_02688,80.79944944381714,7.054676055908203,5025.5683126759095,393.49155817183095,80.79365178364303,7.048884228979945,80.8052468955359,7.060467942650338,477851.52923970856,779797.881907148
LS_02689,80.78736644871356,7.0452280691379805,22724.96686837906,2054.662691302945,80.78156878716129,7.03943603258527,80.7931639484298,7.051020034929264,476516.6217551223,778754.0214313427
LS_02691,80.77442407608032,7.0454864501953125,3838.972277894172,283.158034901773,80.76862623862469,7.039694258663311,80.78022171754627,7.051278571813205,475087.2650681999,778783.255262763
LS_02695,80.80698617299399,7.055692672729492,19347.600106227084,1563.7285457789956,80.80118858279812,7.049900781496279,80.81278353869637,7.061484313556912,478683.9227434589,779909.915162214
LS_02696,80.8192024230957,7.0885009765625,2906.1322254118622,271.80279971507605,80.81340460099379,7.082709320990529,80.82500010052362,7.0942925623954025,480034.4755679427,783536.2475563788
LS_02701,80.84955374002456,7.084453582763672,33297.53101324668,2295.9605195897498,80.84375634036341,7.07866229627696,80.85535099677065,7.090244798506436,483386.0428956648,783087.623448605
LS_02704,80.8500150792739,7.077749252319336,4333.080438854541,285.51158876500665,80.84421771652003,7.071958041586236,80.8558121907214,7.083540532375169,483436.7500771815,782346.4614500237
LS_02706,80.844560286578,7.067794799804688,2412.372014061676,256.4940548902938,80.83877398266526,7.06199777414504,80.85036833575077,7.073580397058387,482833.9932099223,781246.2217078325
LS_02707,80.84627188806948,7.061845779418945,11501.321988372709,653.1203044264759,80.84047474742334,7.056054364589911,80.85206890783955,7.0676369458958295,483022.7975872303,780588.5112558679
LS_02710,80.84410095214844,7.052814483642578,22353.20735497349,1793.6880933643847,80.83830388410667,7.047023132431794,80.84989786763121,7.058605766024106,482782.7125754069,779590.2064211528
LS_02712,80.83386500700303,7.069917678833008,4692.640517387698,448.8799805023588,80.82806759432789,7.064126201119587,80.8396622620833,7.075709084320529,481652.93910692516,781481.3081153607
LS_02713,80.83606112003326,7.060909271240234,2593.1756824237705,272.2707531697654,80.83025082630623,7.055104470052737,80.84184521101713,7.066687299526929,481895.11625988735,780485.367155697
LS_02715,80.82388085278555,7.06312998881133,6142.081646063823,551.5269227066121,80.81808336903973,7.057338440855044,80.82967810597081,7.068921565507508,480550.0554199373,780731.3522586373
LS_02716,80.83023250102997,7.083806991577148,4207.081906767355,439.2215012564848,80.82443483268263,7.078015422045094,80.83602994362214,7.089598394790512,481252.34392362926,783016.879820193
LS_02718,80.81494474411011,7.078145980834961,3813.28484878336,353.1929414253683,80.8091484337134,7.072343096508279,80.8207437710416,7.083926439727945,479563.841451385,782391.7140313667
LS_02721,80.80897331237793,7.075162887573242,4330.990703450506,321.79713302484475,80.80317553714558,7.069371109069378,80.8147709432081,7.080954596524564,478904.2620955765,782062.2072348589
LS_02729,80.8127965927124,7.053863525390625,1056.191133974418,166.71954485538745,80.80699818289712,7.048054628776604,80.81859295122459,7.059638020251626,479325.5354856671,779707.4462076171
LS_02732,80.82701241629465,7.05775260925293,1711.0304784715368,245.34004647794225,80.82121509572809,7.051961099533283,80.83280961955678,7.063544147715379,480895.6740912954,780136.7678641004
LS_02735,80.87429523468018,7.054206848144531,8936.170598054849,475.2643351382398,80.86849821919569,7.048415712635176,80.88009150312416,7.05999761203547,486117.37705973675,779743.1220201433
LS_02736,80.87255054050021,7.059858322143555,7493.048078875942,614.3380792611842,80.86675372562644,7.054067316880074,80.87834719526374,7.0656492585127335,485924.866395933,780367.9281759318
LS_02740,80.85640621185303,7.082389831542969,19704.373631664672,1107.12639316709,80.85060883271278,7.076598733319392,80.8622032691445,7.088181068325564,484142.70048036677,782859.2419150834
LS_02745,80.86268107096355,7.080942153930664,6645.776284444387,438.8712053305091,80.85688395711885,7.075151028573623,80.86847820331383,7.086733210379223,484835.59758857917,782698.9957245131
LS_02747,80.85918998718262,7.069828033447266,5809.895957606114,330.36362921017235,80.85340038452789,7.064042586830518,80.8649944332295,7.075624853738597,484449.6975888086,781470.4760221102
LS_02750,80.8604789013724,7.063757209251844,3607.293544679408,329.7406222199004,80.8546818852411,7.057966055820996,80.86627574827928,7.0695482915392205,484591.83757980354,780799.3207477517
LS_02751,80.85612869262695,7.058755874633789,5500.908758258053,506.2310763599762,80.85033167488213,7.052964670423989,80.86192551689311,7.06454701202193,484111.2459671373,780246.5835109081
LS_02752,80.87594589820276,7.085092544555664,1782.4275057941934,208.0936174234668,80.87014882066568,7.0793016073133535,80.88174284770265,7.090883464566932,486300.5836874465,783157.3978129363
LS_02754,80.88918685913086,7.0689697265625,10449.396400372583,699.751923149403,80.88339014021486,7.063178923731766,80.89498343377358,7.074760458209173,487762.373195645,781374.6974274808
LS_02758,80.89495086669922,7.056316375732422,11042.969561893804,621.2573255496951,80.88915437843983,7.050525595063989,80.9007472109493,7.062106990016257,488398.60559000616,779975.7597756473
LS_02759,80.88802642822266,7.056768417358398,22319.104428654493,998.3611595021398,80.88222990091565,7.050977600775838,80.89382291425187,7.062559164915162,487633.89696506754,780025.9095385207
LS_02760,80.94420521599906,7.085903167724609,8141.459987054571,1028.666380879061,80.93840896095492,7.080113042891522,80.95000132698485,7.091693220248764,493838.5417114032,783245.5505302232
LS_02762,80.92070073149667,7.083144675882875,2437.6565304261817,232.7825073317168,80.91490422495811,7.077354260063134,80.92649710223031,7.088935018332644,491242.8710833204,782940.9849140131
LS_02764,80.911542263248,7.07168279315603,4054.2255332699287,506.6989825788428,80.90574582971932,7.065892284725615,80.91733864313272,7.077473270630792,490231.2468805084,781674.0904417459
LS_02765,80.92725009918213,7.078218460083008,2605.143968796526,215.9980536800452,80.92145371954521,7.0724281836308895,80.93304631096562,7.0840087816542985,491966.0420609545,782396.288199994
LS_02766,80.92259772167876,7.072253952740915,2121.1228619469507,180.65933282929325,80.91680138296586,7.066463610466128,80.92839393870351,7.078044324446893,491452.15808230627,781737.0128494469
LS_02767,80.93528925455533,7.067541122436523,4847.190608941832,423.7305772504132,80.92949311886063,7.0617508845050345,80.94108524315209,7.073331287175742,492853.662829919,781215.8099169052
LS_02768,80.94425787244523,7.078596115112305,3266.2624376167805,302.5852970064676,80.93846168608735,7.072806017467456,80.95005386692105,7.084386195726698,493844.25970960926,782437.7772965305
LS_02775,80.95462350209554,7.07847785949707,3135.6898350870106,345.63204114582766,80.94882747019393,7.072687862101233,80.96041939151105,7.084267784120291,494988.9606793285,782424.580023197
LS_02777,80.95086116790772,7.06898307800293,17290.79531439532,1191.5189777669557,80.94506519575839,7.063193062749962,80.95665697179932,7.07477308090895,494573.3658233431,781375.0034065963
LS_02781,80.93101024627686,7.089305877685546,2796.5845952796453,248.0633914113801,80.92521378480117,7.08351563782405,80.93680656305145,7.095096140326596,492381.466940758,783621.9057259507
LS_02785,80.90386127864613,7.057785034179688,5839.869379523266,589.4489305498612,80.89806488147241,7.051994410432483,80.90965753278309,7.06357558712893,489382.68623043946,780137.9032541687
LS_02786,80.91825301637869,7.05509686803981,75852.01493578841,3820.3447041895897,80.91245683847833,7.049306444625603,80.92404906897862,7.0608872690716975,490972.02188783354,779840.4316437811
LS_02792,80.91605154673258,7.046607971191406,23973.39268407488,1211.6548759271147,80.91026449032101,7.0408135921872,80.9218565610251,7.052394472112035,490728.7269119992,778902.0536973831
LS_02793,80.98410511016846,7.077848434448242,918.1817717859192,121.75983226048297,80.97830945048102,7.0720588022076205,80.98990062432314,7.083637993528496,498244.68563192064,782354.7845134325
LS_02795,80.96024417877197,7.07484245300293,2342.4138689585466,237.0629782401533,80.95444826115387,7.069052514209953,80.96603995199328,7.08063229840474,495609.6317092658,782022.6402083219
LS_02796,80.99090801585805,7.068090438842773,12411.031803173371,932.7405180150104,80.98511249070638,7.062300901522281,80.99670325165013,7.073879928277945,498995.92727866484,781276.0483825144
LS_02799,80.94921832614475,7.060537338256836,62141.09747153772,2546.1223215376467,80.94345897560606,7.054724427980637,80.95505057891111,7.066304488495192,494391.8371984265,780441.372698634
LS_02800,80.94676730212043,7.053806304931641,3604.16212299254,252.3746676975055,80.94097145570078,7.0480162064652125,80.95256295224563,7.059596330382762,494121.0690709456,779697.3083806327
LS_02801,80.96388387680054,7.056577682495117,12772.783143995925,972.720547353568,80.95808825129485,7.050787771636479,80.96967939464261,7.0623674724694965,496011.4192326509,780003.4943405625
LS_02811,80.95403909683228,7.055461883544922,4441.18475619622,424.924552237516,80.94822668834887,7.049666174555292,80.95981804724629,7.061246119150377,494924.1722394087,779880.2419705013
LS_02812,80.97568925221762,7.050289154052734,7273.661348274275,371.6897784816871,80.96989383513004,7.044499411833638,80.98148452946883,7.056078823423747,497315.14135071915,779308.2332254682
LS_02814,80.96544753180609,7.070920944213867,2123.920961605,204.98961049924176,80.9596517272687,7.065131079346503,80.97124319088637,7.076710736185333,496184.2232687392,781589.0836918618
LS_02815,80.98018278394426,7.082769393920898,2393.803127846445,243.53156666440367,80.97438702487462,7.076979721744572,80.98597841941864,7.088559008383799,497811.55603768275,782898.7980475244
LS_02818,80.97228002548218,7.065149307250977,8240.767011834621,733.1566966613625,80.96648437292704,7.05935952620697,80.97807552277763,7.070939016132774,496938.7268272773,780950.9968415071
LS_02822,80.9817123413086,7.051931381225586,2139.195451564518,197.4272921628015,80.97591697340609,7.046141714031598,80.98750755958172,7.057720975971085,497980.3334103353,779489.7457979918
LS_02823,80.96906667947769,7.052936553955078,2134.0388825116797,317.8898245955356,80.96327115358419,7.047146722828476,80.97486207780088,7.058726297015422,496583.7692922861,779600.9380675618
LS_02826,80.96010947227478,7.046207427978516,7625.407254318415,558.0678114503035,80.95431388248946,7.040417454208325,80.96590485988338,7.051997251918816,495594.484719967,778857.1298498131
LS_02827,80.98163961481166,7.0582122802734375,3167.622945962945,337.7173336208288,80.97584416972542,7.052422613265208,80.98743491431897,7.064001874300259,497972.3289129757,780184.0793863968
LS_02833,80.98827819824218,7.056804656982422,973.8293547922348,194.29051600906408,80.98248285473461,7.05101507338423,80.99407339959048,7.062594170562405,498705.4721429743,780028.4474789315
LS_02836,81.00103616714478,7.049036026000977,11785.361309083026,782.6436580917228,80.99524107787565,7.043246571768679,81.00683128237692,7.054825407708603,500114.4337368412,779169.6341863341
LS_02837,80.99389987521701,7.049802780151367,8172.18493406831,372.0337122881778,80.98810469032355,7.04401326780209,80.99969492140455,7.05559222890142,499326.3066375862,779254.4006517322
LS_02840,81.00983344184027,7.049539566040039,1578.3326684116885,274.4112523180777,81.00403835513656,7.043750002662542,81.01562867224811,7.055329056373823,501085.9988100957,779225.3102186866
LS_02842,81.00187707172634,7.062285726459541,15347.979100681843,943.2748596933832,80.99608182765246,7.056496264669635,81.00767236197578,7.068075114990701,500207.2968880195,780634.3463894046
LS_02845,81.04387887433404,7.138389485747866,7207.21962343862,875.8402193681333,81.03808216909783,7.132599407478897,81.04967556423404,7.144179271774432,504845.0253345808,789047.6192705511
LS_02847,81.04018878936768,7.142942428588867,2451.670680838051,279.1221863709374,81.03439218765,7.137152541239386,81.0459856058604,7.148732311781272,504437.5289248454,789550.8973210758
LS_02850,81.08089256286621,7.1569366455078125,5170.165718113289,467.93598458638377,81.07508761150135,7.151142316227817,81.08668240156294,7.162723097605754,508931.65122239414,791098.5114262447
LS_02851,81.18435321384005,7.117040634155273,13170.68422628733,1086.4224276716204,81.17855512548344,7.111248932937855,81.19015144489204,7.122832264904154,520356.92045304243,786691.3919297546
LS_02852,81.21524975034926,7.101467132568359,6765.893444445934,688.2675501801164,81.20945145232159,7.095675008627,81.22104812194803,7.107259088293415,523769.4380452899,784971.2494812461
LS_02853,81.15476197462816,7.108091354370117,1482.0463332282347,194.97976997275308,81.14896437127706,7.102299983661594,81.16055973742797,7.113882592155795,517089.6756996762,785700.8737333812
LS_02860,81.03421650879773,7.080686569213867,33051.00998555324,2467.2655238583006,81.02841796685973,7.074892804775811,81.04000966677825,7.086472449554715,503778.59587893175,782668.64060864
LS_02864,81.0362298488617,7.070095062255859,8726.202930096186,644.9877913186217,81.03043419864039,7.064305176428894,81.04202568312539,7.075884875089782,504001.02417679224,781497.799098086
LS_02866,80.99621001879373,7.078800201416016,4281.970986614989,791.0570394676331,80.99041449841425,7.073010719727795,81.00200544470377,7.084589609589252,499581.4632988148,782459.9711078502
LS_02867,80.99680455525717,7.071348190307617,10823.188544765746,1084.2545265169754,80.99100913545065,7.065558714249328,81.00259989572065,7.0771375929256,499647.1137254828,781636.1739891263
LS_02873,81.00434684753418,7.069185256958008,25254.751528077773,2099.904029288481,80.99855154849423,7.063395766090283,81.0101422547924,7.0749746744353645,500480.042714291,781397.0695210416
LS_02881,81.00704746246338,7.057062149047852,11920.18601350357,535.7235776862246,81.00125231694699,7.05127262192956,81.0128427522052,7.062851603091578,500778.3045291955,780056.9020154219
LS_02885,81.02986827492714,7.064033508300781,8927.416869790995,705.1077814054713,81.02407275846677,7.058243689931752,81.03566393364298,7.069823233473005,503298.5300354386,780827.6634459349
LS_02888,81.03110949198404,7.058336257934571,6462.35860377037,464.72307203767286,81.02532296155047,7.052550248114702,81.03691402533975,7.064129824789236,503435.6470174379,780197.8594119485
LS_02893,81.0238435910927,7.047536420287211,6125.401867325568,733.7189782155732,81.0180483561952,7.041746683248025,81.02963897034232,7.053326084421677,502633.2817927304,779003.9247327555
LS_02895,81.02144321124594,7.05282325160263,3978.636069445504,368.3802543750508,81.01564796411037,7.047033556204797,81.02723865067058,7.058612895837858,502368.1574267763,779588.3540361968
LS_02898,81.02118861076428,7.063309376573791,4649.1677226540905,333.4068098460767,81.01539321101234,7.057519675640514,81.0269841529618,7.0690990045619575,502339.98703920544,780747.5604496626
LS_02905,81.01284472147623,7.058668136596679,980.0434253952096,191.0929226499404,81.00704949545339,7.052878538260313,81.01864011461501,7.064457662430243,501418.5347627688,780234.4524662594
LS_02909,81.02788305282593,7.0773468017578125,1819.6664179295933,421.26376673246847,81.02209737239299,7.071553206358684,81.03368883171282,7.083132695712422,503079.20205144864,782299.3928888992
LS_02912,81.02830076217651,7.052532196044922,9944.37765500583,420.0212586382471,81.02250539621596,7.04674243207244,81.03409624522929,7.058321941372537,503125.49749844894,779556.2191440342
LS_02913,81.03791813850403,7.051624298095703,8373.800024001202,580.9340140439127,81.03212267267763,7.045834388460561,81.04371373672933,7.057414135587807,504187.6356836275,779455.9292885129
LS_02917,81.03383731842041,7.045246124267578,448.7737127012167,81.35714215744856,81.02804802540287,7.039448634179449,81.03963882935305,7.051028283134516,503737.00564078015,778750.8080701431
LS_02920,80.70048634211221,6.951122283935547,13412.01738957482,473.9035504759708,80.69468879483291,6.945328993547116,80.706283611288,6.956915017906019,466914.8312409674,768356.0749934149
LS_02922,80.70274194081625,6.957555770874023,6178.328788566085,399.911645804225,80.69694439184435,6.951762624664392,80.70853931994277,6.963348599801508,467164.4403336561,769067.1256079364
LS_02925,80.71025186033103,6.945306777954102,1738.0268417038917,169.93865330159554,80.70445457237645,6.939513849131671,80.71604901166549,6.95109964180466,467993.17524260125,767712.5130066914
LS_02929,80.69972610473633,6.944972991943359,825.7003647443935,114.0990885139762,80.69392869533023,6.939179939605785,80.70552337246858,6.950765978281105,466830.4214384465,767676.3376520246
LS_02931,80.74001095357019,6.951135766127286,3641.323693610512,301.7845071788924,80.73421396267408,6.945343183242223,80.74580785137064,6.956928280203228,471280.869612608,768354.9854904051
LS_02933,80.7397301197052,6.939876556396484,2838.028069547,248.1244828957856,80.73393302939368,6.934083976436757,80.7455266387334,6.945669075241047,471249.1639764895,767110.3262563074
LS_02934,80.82184278106948,6.9100002510763705,6111.561156664483,644.9673991590181,80.81604738904906,6.904208570842009,80.82763830794497,6.915791724413236,480318.5750958998,763803.405886243
LS_02935,80.8333067771716,6.913684844970703,69172.43096594642,3986.4019609492657,80.82751134502615,6.907893369662573,80.83910208394752,6.91947625189013,481585.17450964416,764210.2666023284
LS_02936,80.96232562564728,6.953288012248986,7038.084069900287,508.2120337586603,80.95653123476019,6.947498088154048,80.9681198526842,6.959077864598631,495838.4139310983,768585.1882375415
LS_02940,80.95885467529297,6.938331604003906,8087.814767852408,530.3079833081231,80.95306043742872,6.932541635599917,80.96464877159725,6.944121501608735,495454.8622293613,766931.8444617928
LS_02947,80.95303541819254,6.935752868652344,5981.905711898799,564.5803909131429,80.94724115363857,6.92996281252382,80.95882956559826,6.941542820516296,494812.0068850462,766646.8345831678
LS_02951,81.01432580947876,6.952539443969727,4020.0191647285214,359.7780921922613,81.008537722984,6.94674217498332,81.02012575298438,6.958321382835631,501582.4597208945,768502.2950862838
LS_02952,81.05648040771484,6.950689315795898,2712.278159588324,443.5363214425265,81.05068597673478,6.944899170455285,81.0622749877691,6.956479404598416,506238.9726158004,768298.118435822
LS_02954,81.06024174690246,6.944976806640625,8356.65805272369,532.0180828091563,81.05444733673683,6.939186607706269,81.06603629796668,6.9507669346363485,506654.5403794181,767666.6726227613
LS_02955,81.39784248669943,6.862627029418945,43619.35114226188,1217.8846125875127,81.39205092580795,6.856829070235757,81.40364574851736,6.868417297460106,543955.1820512095,758581.0390352868
LS_02956,80.9472427368164,6.911970138549805,12124.965370256255,534.2630395641435,80.94144868245412,6.906180025489041,80.95303665018749,6.91776018097873,494171.8200980383,764017.810834936
LS_02957,80.98191952187227,6.8956495665484425,4844.535584312655,277.2251658032101,80.97612608321066,6.889859869367723,80.98771281336309,6.901439192740006,498002.55224588414,762213.3504251704
LS_02958,80.95602416992188,6.892698287963867,4660.303034215302,343.54904986501623,80.95023048640273,6.886908277751923,80.96181777026075,6.898488227547612,495141.72286434035,761887.2841753763
LS_02959,80.86290862825182,6.895292282104492,4986.947833679827,330.04839020378944,80.85711381745054,6.889501159250491,80.86870339537249,6.901083337421479,484854.75290925667,762175.9914865491
LS_02960,80.84861119588217,6.90864372253418,2804.8511098332765,281.7113747396542,80.84281598602395,6.902852428878914,80.85440623557669,6.914434947222449,483275.7011761347,763652.4232606685
LS_02962,80.83480357422548,6.896663665771484,9729.174922110466,439.08592420873225,80.82900835044065,6.890872209577339,80.84059862971313,6.902455054678891,481749.87590177,762328.5764840285
LS_02967,80.84029706319174,6.890583038330078,12230.875659389374,699.6684423000834,80.83450202066415,6.884791727080634,80.84609201858278,6.896374441582533,482356.54740119225,761656.178038252
LS_02975,80.82606983184814,6.893510818481445,10033.863509440796,1115.6532655848864,80.82027455929392,6.887719258408263,80.83186496684095,6.899302309795901,480784.8832797308,761980.3829995235
LS_02976,80.78053555995858,6.888136729374578,3129.196780983337,308.7877535986492,80.7747397936791,6.882344580996715,80.78633113991084,6.893928703515939,475754.1425248157,761388.3673423588
LS_02978,80.77783718109131,6.910163879394531,3415.2247665565337,275.1450713306012,80.7720411931452,6.904371665839461,80.78363315550097,6.915955858109597,475457.1654028683,763823.5377444816
LS_02981,80.76953053474426,6.89085578918457,1277.6403779530106,135.15683718555786,80.76373461434753,6.885063564744257,80.77532628690132,6.896647946078652,474538.4748929215,761689.5234851185
LS_02982,80.76053352355957,6.89207649230957,1054.5095862358964,240.35494258623584,80.75473749845345,6.886284162368338,80.76632941245406,6.897868754773583,473544.57616204483,761824.9575801209
LS_02986,80.75392525536674,6.89399528503418,10167.15056779628,1110.7135842141906,80.74812912779083,6.888202877873584,80.75972124472258,6.899787625561732,472814.6226707875,762037.4456270867
LS_02987,80.72764921188354,6.875530242919922,1569.073885493614,192.66436994449813,80.72185297615054,6.869737467439195,80.73344524093302,6.881322819643756,469910.5644698333,759997.7629996104
LS_02988,80.74282196684,6.8720119813998926,5391.102043842516,381.77476823562085,80.73702598959122,6.866219449532664,80.74861781294815,6.877804447460758,471586.65954279783,759607.9022915193
LS_02989,81.28516781951282,6.852880987994729,1897.348405758417,179.23802295937716,81.27937192623011,6.847088137093956,81.29096391795659,6.858673774986865,531506.967405758,757494.775114586
LS_02990,80.95189247131347,6.859888076782227,3751.793947684369,231.03973152546268,80.9460991072024,6.854097985460244,80.95768569023635,6.865678045091088,494684.90430320386,758260.29072867
LS_02991,80.84161631228963,6.854281253840542,2072.6562955920595,229.7397072344887,80.83582174411104,6.848489918417416,80.84741081145224,6.860072599054997,482500.9666288434,757643.0996209272
LS_02992,80.67655112526634,6.812318801879883,3054.593432287796,223.3365908663856,80.67075499336566,6.806525335099428,80.68234684448119,6.818111828227065,464260.4703396743,753013.4080763848
LS_02993,80.84182825922144,6.812959476605112,642.3348029874222,94.21326108154864,80.83603416724553,6.807168106548652,80.84762221173366,6.81875077912657,482522.8831864704,753075.127533654
LS_02994,81.04041116887873,6.821775436401367,4870.805236720024,410.5969540862722,81.034618496247,6.81598546824357,81.04620397075954,6.827565356211996,504465.12752072944,754047.0191280175
LS_02999,80.86709894452775,7.372674942016602,18056.92175093233,1427.8116740327025,80.86131598512284,7.366870522428949,80.87291769720245,7.378452583687004,485332.8835409737,814949.3023791803
LS_03025,80.87931227684021,7.387340545654297,45347.19065985739,2998.1229129926865,80.87351071457535,7.381549004459595,80.88511250401434,7.393130753576227,486681.201926868,816570.181562451
LS_03027,80.82481575012207,7.358299255371094,2996.942745093038,249.63369457535137,80.81901441632571,7.352507652983551,80.83061682175467,7.364090786679341,480665.8252037321,813361.6975110046
LS_03033,80.84438451131186,7.392374038696289,2743.997689162068,206.1929516150205,80.83858311334727,7.386582554237878,80.85018592880951,7.398165193880372,482826.8464658652,817127.8232158341
LS_03035,80.84169960021973,7.385923385620117,490.0796043342682,83.51182632948606,80.83589816874598,7.3801320260893215,80.84750088077779,7.391714733816944,482530.2954278879,816414.8155842841
LS_03036,80.83503079414368,7.385677337646484,585.7705401780853,100.0986909311614,80.82922928613813,7.379885862115509,80.84083216132113,7.391468739246477,481794.32778074016,816387.8821649841
LS_03037,80.7972960472107,7.3776702880859375,9389.221310853636,656.8821018852973,80.79149421393707,7.3718782339827005,80.80309783200595,7.383462065205029,477629.5787571995,815504.4280999326
LS_03040,80.8031188249588,7.354804992675781,1112.413164395872,148.7279231090871,80.79731731039104,7.349013116773654,80.80892017078729,7.360596797088708,478271.0697526092,812976.4064497651
LS_03041,80.79272409585806,7.357791900634766,582.1695955866691,100.104033172687,80.78692240699422,7.351999894836803,80.79852560902015,7.363583837226777,477123.99631556176,813307.1239532947
LS_03044,80.8523907104096,7.399995803833008,12902.946326841224,1066.043697509832,80.84658922636325,7.394204549124833,80.85819204059392,7.405786984894511,483710.6625688953,817970.0993808396
LS_03048,80.8786985874176,7.4179534912109375,5136.446269436202,473.4889227188716,80.8728972307002,7.412162603723839,80.88449984896229,7.423744365614612,486614.3997046335,819954.4217210141
LS_03051,80.90582055311937,7.136035919189453,8551.730201116145,1052.582637083908,80.90002318726614,7.1302453252416536,80.91161777470208,7.141826440795991,489600.8204044368,788788.2703065013
LS_03052,81.01475286483765,7.162021636962892,4659.271425530146,401.7133781536657,81.00895630899676,7.156232042360695,81.02054957199157,7.16781116763046,501628.900582003,791659.8840592067
LS_03053,81.02542736416771,7.156360626220703,5047.9581451920585,484.9500003562122,81.01963074540015,7.150570885568922,81.03122413347467,7.162150281362956,502807.53333396255,791034.1261435401
LS_03054,81.0350104967753,7.151657104492188,2322.1387526528497,272.21211869531504,81.02921381625984,7.145867248869797,81.04080732561124,7.157446886679351,503865.6836397883,790514.2341219889
LS_03055,81.08585279638118,7.152473449707031,6611.527699648554,617.3573471219303,81.08005552314366,7.146682993328442,81.0916503230929,7.158263899213304,509479.42167474655,790605.2160838009
LS_03056,80.76676359176636,6.924915313720703,1468.1444043825943,201.42305541534327,80.76095998499555,6.9191194109032095,80.77255257966638,6.9307038685180045,474234.63374347443,765454.8501197485
LS_03060,81.0177993774414,7.029541015625,6086.536587591591,389.98392964379406,81.01200443613884,7.023751349574698,81.02359445311218,7.035330609092153,501965.83565787174,777014.5620305131
LS_03065,81.0275514125824,7.028636932373047,4303.740391743877,311.0628300471017,81.02175637271728,7.0228471700532005,81.03334660782694,7.034426670329846,503042.8960409353,776914.6707927263
LS_03084,80.90658577283224,7.0438232421875,2435.7563323148693,288.7980270297514,80.90078958306312,7.038032650429041,80.9123818159194,7.049613762731054,489683.2637577523,778594.4090680977
LS_03087,80.89941024780273,7.020925521850586,4325.763757873467,329.8844714844133,80.89361425987052,7.015134841024085,80.90520609246543,7.026716131909948,488890.2486323837,776063.3027161515
LS_03096,80.97311687469482,7.044681549072266,2262.969517925816,211.509564886328,80.967336534512,7.038887979295324,80.97892715217509,7.050467456332196,497031.014423611,778688.3461983908
LS_03107,80.94690036773682,7.041084289550782,8762.449682018989,463.3672950619391,80.94110470848238,7.0352941224451735,80.9526958832951,7.046874247008704,494135.60470791353,778290.9285910471
LS_03111,80.95752000808716,7.0402374267578125,5390.672208484632,404.09083117961217,80.95172448415688,7.034447458744688,80.96331537630668,7.046027322330523,495308.4438970692,778197.1907426609
LS_03139,80.95409970283508,7.029552459716797,11101.9183269865,966.366773953014,80.9483042817832,7.023762451404696,80.9598949914938,7.035342402727409,494930.5841189553,777016.0382729715
LS_03142,80.96607208251953,7.028606414794922,52606.14500546075,2922.0058101041072,80.96027680540081,7.022816550284009,80.97186719688219,7.034396207558617,496252.8551227169,776911.3434095768
LS_03144,80.90654730796814,7.024238586425781,4126.831052674712,388.4768697757893,80.90075136821633,7.018447985772681,80.91234310992226,7.03002910227154,489678.5832299185,776429.3881893029
LS_03162,81.00890445709229,7.018585205078125,5178.240895665144,387.87075934166114,81.00310976675736,7.012795646274983,81.01469929237021,7.0243746912825,500983.4674729002,775803.4058950442
LS_03168,80.96996426582336,7.019077301025391,1373.845129112445,147.7650049759269,80.96416915769201,7.013287482379989,80.97575921634645,7.024867047541032,496682.6570719515,775857.9023554442
LS_03170,80.99058175086975,7.013866424560546,9957.176326329429,766.4630375935125,80.9847869671431,7.008076869865636,80.99637638858638,7.019655929710306,498959.7754421211,775281.7618138221
LS_03188,80.96178504398891,7.009515762329102,4938.123361703863,452.12180386365424,80.95598996341822,7.00372584144416,80.96757998556457,7.01530561102662,495779.2041088931,774800.9722853784
LS_03194,80.95442295074463,7.006540298461914,2155.7459497997925,212.36695260476677,80.94862779988308,7.000750264578537,80.9602179286796,7.012330215616228,494966.03769428557,774472.1174181098
LS_03200,80.95275783538818,7.015220642089844,11021.321885472904,531.9024654724793,80.94696264731483,7.009430612188325,80.95855303287114,7.021010601163496,494782.2230684858,775431.7182400806
LS_03234,81.07673025131226,7.009057998657226,9640.052022817586,607.874349116062,81.07093485791383,7.003267659092336,81.08252581145679,7.014848370771992,508474.7740256971,774750.8887665783
LS_03244,80.71708869934082,7.039152145385742,94.87487487198148,36.41921451018501,80.71129028448495,7.0333592996544825,80.72288697055372,7.0449449791030725,468754.6439706717,778086.4567334392
LS_03246,80.84379539489746,7.040365219116211,386.9540815000751,73.48782221802902,80.83799848875762,7.034573863830667,80.84959216355345,7.046156504182433,482748.5068671772,778213.9869592501
LS_03249,80.84666991233826,7.034305572509766,3910.1862215191136,352.20339175227963,80.84087309310371,7.028514251609566,80.85246654459297,7.040096822079904,483065.75441037456,777544.0055252517
LS_03257,81.1584300994873,7.0350189208984375,96.3842915497758,36.4694156857245,81.15263337472308,7.029227539004856,81.1642269678128,7.040810232912988,517497.4812263935,777623.0517932037
LS_03261,81.08440971374512,7.032325744628906,94.60764361005336,36.2050339694819,81.0786139236731,7.026535261804447,81.09020564732357,7.038116156079856,509322.4998235375,777323.2079337216
LS_03267,81.17424082756042,7.029720306396484,95.31950072665606,36.46127154491137,81.16844397672703,7.023928733740742,81.18003781754375,7.035511809024095,519243.8871484375,777037.9257588251
LS_03268,80.93238830566406,7.001924514770508,6484.539725227268,353.3628543183562,80.92659290635616,6.996134234628631,80.93818345932662,7.007714725598137,492532.2478115607,773962.1513347419
LS_03271,80.74286766052246,7.034168243408203,1363.790475019504,165.0039688215563,80.73707014865893,7.028375673378822,80.74866609224763,7.039960737081285,471601.44672437024,777533.8530495812
LS_03275,80.75023460388184,7.028696060180664,1471.384532873739,158.19819130938956,80.74443671853642,7.022903583259781,80.75603234580018,7.03448846920366,472414.7588149814,776928.4749910176
LS_03276,80.74008393287659,7.02783203125,571.4814936988978,96.93068541933316,80.73428593460707,7.022039433833285,80.7458817817203,7.033624561245663,471293.61155604426,776833.5686880809
LS_03303,80.79505825042725,7.034942626953125,22518.42508938716,1507.432289077478,80.78926089229242,7.029150683835064,80.80085560569047,7.040734498926977,477365.61412624636,777616.6127397217
LS_03331,80.77838206291199,7.037590026855469,24541.79875506857,1592.8645195260617,80.77258143665425,7.031794030145226,80.78417661826825,7.04337824617348,475523.9756419326,777910.1158855304
LS_03348,80.78967634836832,7.032554626464844,10834.600424695418,902.580424748762,80.78387971943222,7.0267624927405885,80.79547450117649,7.038346436472396,476771.0993671549,777352.8892642095
LS_03354,80.79162510236105,7.026535034179688,16567.6427267836,1546.3533230854912,80.7858277126557,7.020743052475061,80.79742229399943,7.032326948037556,476986.0315195542,776687.3427940108
LS_03361,80.79503345489502,7.02052116394043,3516.152957733502,282.0533156305432,80.7892362101431,7.014729137130801,80.80083055638808,7.026312949583668,477362.1778342609,776022.3593693695
LS_03365,81.2490701675415,7.03654670715332,95.052545740749,36.34266343590273,81.24327233017485,7.030754236463598,81.25486814240881,7.042339108801756,527507.994551156,777796.3051006849
LS_03371,81.21264266967773,7.031789779663086,2467.2918112400444,191.6348432315043,81.20684533246649,7.0259977457773175,81.21844015038573,7.037581744973683,523485.06088707893,777268.4531628758
LS_03373,81.07156181335449,7.030755996704102,575.9977573741871,91.31397208628496,81.06576620022625,7.024965649767763,81.07735756995689,7.036546230104521,507903.5591528143,777149.4409227833
LS_03389,80.98663091659546,7.006093978881836,2839.534179871848,256.5442032322743,80.98083618253335,7.000304362303376,80.99242550899402,7.011883522940532,498523.3901560819,774422.5551043208
LS_03390,80.98119596334604,7.003593444824219,14068.036709439968,841.6399862368456,80.97540119481074,6.9978037342922805,80.98699059314616,7.009383029653264,497923.09069062024,774146.1502211128
LS_03415,81.04533195495605,7.040586471557617,3810.529392440833,363.66894434948114,81.03953654654327,7.034796468826458,81.05112751767489,7.046376402491706,505006.5276390192,778235.8060965071
LS_03430,81.06997728347778,7.015842437744141,4901.463888991604,388.16709286462617,81.06423063605227,7.0100558616406135,81.07582159533614,7.0216364080649205,507728.8037562441,775500.7694025963
LS_03452,81.03999283200218,7.083803176879883,4111.560370995776,484.5279600821066,81.03419695070046,7.078013220101977,81.04578887232573,7.089593006968286,504416.45697289903,783013.2229908262
LS_03460,81.04924030303955,7.073963165283203,2062.7962684855484,216.44475132017192,81.04344442829357,7.068173109266787,81.05503633186444,7.079753128319966,505437.78185112006,781925.5378461072
LS_03466,81.04326261792863,7.073389053344727,1839.934697839166,216.0365709269533,81.03746681012531,7.067599068184605,81.04905855135229,7.079178939648683,504777.6505874243,781862.0059194877
LS_03483,81.0503568649292,7.063505172729492,58071.68610175913,3347.384838083321,81.04456110569188,7.057715111690187,81.05615277440114,7.0692951616753055,505561.2128233949,780769.4524091951
LS_03495,81.0813647111257,7.059181213378906,70309.80470476484,3719.154192293213,81.07556856220721,7.053390982988517,81.0871608861145,7.064971797197107,508985.6818770576,780291.936020416
LS_03497,81.04218983650208,7.058521270751953,40989.63004935864,2492.5369430055744,81.03639423898899,7.0527313095230175,81.04798558107657,7.064311159625816,504659.3282295372,780218.4081763867
LS_03506,81.05175669987997,7.050931930541992,21640.47246117037,1491.0907017219422,81.04595741711675,7.045134220979994,81.05754880500271,7.056714309355807,505715.9593533587,779379.537083935
LS_03517,81.10745207468668,7.084564208984375,2541.8714790561557,297.8847486524739,81.10165530263926,7.0787734790530505,81.11324890884711,7.090354929367425,511866.0494012278,783098.5349806694
LS_03519,81.09536457061768,7.081508636474609,13975.350358052638,1068.6841413599184,81.08956812781616,7.075718007141001,81.10116135945576,7.087299161035801,510531.28123487154,782760.4589997595
LS_03526,81.10336701075235,7.077695846557617,5788.376086069619,418.4704016059443,81.09756810735425,7.071893803000755,81.10916143883549,7.083475153898541,511415.09972642676,782339.1551372326
LS_03534,81.0911922454834,7.076480865478516,11281.51497037032,1083.45453228828,81.08539572861805,7.070690259510715,81.09698873047243,7.082271311726257,510070.63248854125,782204.5613149566
LS_03541,81.09474074840546,7.069381713867188,4334.8274239436805,398.71549986181145,81.08894436914791,7.063591098474929,81.10053727886066,7.075172239032821,510462.6644113425,781419.8495659719
LS_03546,81.10039615631104,7.071577072143555,60480.39987600319,4130.470482162189,81.09459967644705,7.065786367164912,81.10619278050294,7.077367646103272,511087.16584627575,781662.670795632
LS_03547,81.12514877319336,7.065296173095703,2645.816995926673,224.38273195418267,81.11935206965278,7.05950524371662,81.13094562093055,7.071087128924743,513820.89091172133,780968.9979074632
LS_03550,81.0878677368164,7.063543319702148,6659.854558204776,519.1306023893161,81.08207151211126,7.057752797464738,81.09366410567405,7.069333770408403,509703.76672510384,780774.2839074874
LS_03557,81.10135459899902,7.060127258300781,7659.403256367442,536.1691005427975,81.0955621624302,7.054334579717428,81.10715500072641,7.065915883866071,511193.2862004438,780396.9510352821
LS_03563,81.09601712226868,7.056354522705078,1453.2431618468593,197.713866459164,81.09022090266754,7.050563899802706,81.10181351492191,7.062145073748929,510603.91722499015,779979.7618030559
LS_03570,81.12811183929443,7.053800582885742,6281.058424739296,564.4840263899488,81.12231524509701,7.048009617978494,81.13390857744788,7.059591576044703,514148.4689037776,779698.2829029179
LS_03595,81.09739017486572,7.050466537475586,5701.563796084762,344.6080854413256,81.09159400528398,7.044675897873788,81.10318650274806,7.056257106341144,510755.6900966849,779328.8944951171
LS_03597,81.0869677066803,7.048492431640625,7673.174418829682,553.6048252859599,81.08117165682974,7.0427018171001015,81.09276384925624,7.054282770823195,509604.6810969576,779110.4359339778
LS_03602,81.1467567284902,7.085689544677734,1150.979805989914,176.5050900466437,81.14095948721267,7.079898303415391,81.15255408503184,7.091480715654146,516206.47376424784,783224.1253565177
LS_03606,81.13139237676347,7.084789276123047,3135.9285922138024,314.516754026206,81.1255953189563,7.078998221500826,81.13718951805137,7.090580258352549,514509.8000555781,783124.0951492205
LS_03625,81.15948700904846,7.080253601074219,18196.253851469453,1361.018789814028,81.15368976267844,7.074462236089183,81.16528453242535,7.086044958419003,517612.4994319319,782623.6596852392
LS_03626,81.14028072357178,7.077070236206055,2334.0665280085977,271.88375085795576,81.13448559327044,7.071265762282073,81.14607981301224,7.082848016481341,515491.6090531235,782271.0636260967
LS_03642,81.15128135681152,7.072160720825195,3134.418862811319,340.72719132976977,81.14548424726243,7.066369424535932,81.15707861068584,7.077951946726334,516706.6201835882,781728.7109741115
LS_03653,81.15894889831543,7.070014953613281,7489.352881972277,524.797210771333,81.15315137599181,7.064223477720548,81.16474587144522,7.075806186325721,517553.46129077044,781491.7844800297
LS_03656,81.1342715008158,7.069705963134766,1454.0054816256418,215.2092220137104,81.12847462973856,7.063914888261132,81.14006851577713,7.075496995917152,514828.22679329733,781456.7681531277
LS_03662,81.14459460122245,7.067539215087891,7687.99851072221,575.4332963398579,81.13879770197231,7.0617480983636645,81.15039178481209,7.073330457648255,515968.33148469497,781217.5816822154
LS_03676,81.13256015777588,7.0641727447509775,2561.438348801337,223.36601236584448,81.12676330636745,7.058381727532834,81.13835701015049,7.069963793608133,514639.40899464657,780845.0325415039
LS_03680,81.1519595781962,7.065832138061523,26004.10216863898,2002.8075366754424,81.14616256241797,7.06004083401742,81.15775678123704,7.071623372490023,516781.74746761326,781029.1280379948
LS_03683,81.1390495300293,7.063995361328125,4392.984519523824,477.3033824939943,81.13325280796971,7.0582042156069855,81.1448466655616,7.069786439840098,515356.07627820206,780825.6322125937
LS_03699,81.14342621394566,7.054695129394531,3292.7380532939465,376.1387647867601,81.13762936333647,7.048903860563562,81.14922309141973,7.060486191304513,515839.73708245606,779797.6646036918
LS_03707,81.13718795776367,7.05232048034668,3702.703165353996,484.2593671657528,81.13139127172091,7.046529355578133,81.14298478773041,7.0581115346304495,515150.8709857706,779534.9468486145
LS_03708,81.15892132014935,7.057400077467662,70626.38410910574,4189.282815761601,81.15312432340605,7.0516086864575245,81.16471849694234,7.063191393634731,517550.8913635715,780097.2436034422
LS_03717,81.15547037124634,7.0501670837402335,19525.319826680163,1371.5963709887642,81.14967454127388,7.044373694595239,81.16126844709126,7.055956317681805,517170.0423148435,779297.5280536094
LS_03728,81.14895343780518,7.046916961669922,6981.062419313344,744.4999194628355,81.14315667436969,7.041125693849014,81.15475033945974,7.052708158698781,516450.4296084915,778938.0017214562
LS_03733,81.1409126917521,7.04414176940918,14181.348264735763,1135.1306075969862,81.13511594888067,7.038350597904777,81.14670934825165,7.049932867541306,515562.49971936387,778630.936757989
LS_03735,81.12335332234701,7.087839126586914,866.5601674219836,129.2309758968985,81.11755635067796,7.082048171229808,81.12915043036097,7.093630011144186,513621.9477891635,783461.0041308177
LS_03744,81.1531753540039,7.082456588745117,2959.1894404501754,236.34601963025003,81.14737806009936,7.076665269930316,81.15897273216615,7.088247838629427,516915.4076356061,782866.9596133357
LS_03745,81.12406635284424,7.081998825073242,2925.343098175898,319.3744821309425,81.11826945076126,7.076207835996688,81.12986339947257,7.087789693744098,513700.8605331202,782815.3962117204
LS_03775,81.15249991416931,7.057395935058594,3515.505072330201,436.2473479049599,81.14670297918494,7.051604624389356,81.15829699657257,7.063187175677294,516841.72509082954,780096.5488791356
LS_03788,81.15941524505615,7.043952941894531,7370.728372831864,475.2218829897702,81.15361839508688,7.038161471421444,81.16521223877587,7.049744189730362,517605.94707737205,778610.7191884437
LS_03792,81.21738719940186,7.07451057434082,8530.290096559384,630.4643305360079,81.21158498134542,7.0687127563731575,81.22318100807603,7.080296880588141,524006.8669130949,781991.3734876586
LS_03794,81.2203254699707,7.069065093994141,4402.923095140564,392.2107339756077,81.21452756317984,7.063272729393032,81.22612352104957,7.074856923062432,524331.6374679544,781389.5409834526
LS_03795,81.33511543273926,7.040901184082031,6467.343240820169,409.05297712952114,81.32931652043298,7.035107523479041,81.3409144887279,7.0466944396849325,537010.8175854032,778283.6211848982
LS_03796,81.32760270436606,7.037761688232422,4042.265874481865,363.022444382277,81.32179380104085,7.031966379613999,81.33339151006344,7.043553116269373,536181.3311279061,777935.9664782112
LS_03799,81.33284568786621,7.027797698974609,6790.8848764454815,625.70661509492,81.32704695064153,7.022004244549255,81.33864452494585,7.033591098423158,536761.1702296413,776834.8712437176
LS_03812,81.1534788608551,7.041450500488281,1336.7469700996614,157.78197581335326,81.14768204112637,7.035659237070967,81.15927567736972,7.047241811450806,516950.41735820076,778333.8619647817
LS_03826,81.1496057510376,7.034357070922852,6165.311010871671,491.9476419471749,81.14380914154135,7.028565832011924,81.15540250408193,7.040148312314631,516522.9156748339,777549.5653571644
LS_03829,81.14358425140381,7.031024932861328,5219.535260114253,428.4997122884756,81.13778780706068,7.025233731471627,81.14938093927233,7.0368160658549215,515857.9945143206,777180.9990294931
LS_03837,81.16244602203369,7.026885986328125,3449.907285475657,271.5312700289288,81.15664935171264,7.021094500445405,81.16824283574667,7.032677290850686,517941.32456578495,776724.131477263
LS_03839,81.15483840306601,7.026264190673828,5297.410945087895,551.0590937935103,81.14904183017015,7.020472852513368,81.16063511449929,7.032055459093948,517101.1229996288,776655.1091953969
LS_03841,81.13988637924194,7.024925231933594,1923.814526497908,250.4630657572864,81.13408464445158,7.019132167316204,81.14567753265003,7.030714411975611,515449.7879819043,776506.5718110562
LS_03857,81.14895820617676,7.022132873535156,21436.590545406576,1406.995704149023,81.14315757751568,7.016339713223477,81.15475061490218,7.027922177395581,516451.82856428594,776198.1938224812
LS_03860,81.1617784500122,7.017728805541992,1456.6553586467903,237.8505022040952,81.15598182132969,7.011937329084173,81.16757505730372,7.023520102693228,517867.9439343622,775711.8064734531
LS_03861,81.14774070467269,7.015529632568359,767.6403825401474,124.99475354079291,81.14194435089189,7.009738380496531,81.15353719213505,7.021320815167982,516317.590183701,775468.1829126073
LS_03869,81.1341028213501,7.00947380065918,1163.4225423415735,144.4399861771028,81.12830671357302,7.0036826529973935,81.13989907215655,7.0152647580084855,514811.50865626556,774798.2770543874
LS_03884,81.14297996248519,7.002773284912109,5479.875124009476,396.4818724734804,81.13718389825131,6.9969820912307386,81.14877630272184,7.008564410740701,515792.20649206545,774057.8451432348
LS_03885,81.12997388839722,7.003894805908203,21155.248880120504,1194.0774671418626,81.12417783058284,6.9981037679192095,81.13576994883464,7.0096857732423015,514355.6424556587,774181.4085551344
LS_03887,81.13539187113443,7.0014286041259775,2353.802861513161,206.1528722527151,81.12959584011541,6.995637500816753,81.14118802738602,7.00721963714181,514954.1393615946,773908.9467044477
LS_03894,81.10134696960449,7.041893005371094,1559.3529971263454,183.7749133138639,81.0955508680705,7.036102368311167,81.10714324634371,7.047683674727138,511192.8813115578,778381.2099636933
LS_03895,81.1083952585856,7.04315185546875,19416.981607524915,1466.752520382894,81.10259894726076,7.037361013625694,81.11419152942584,7.048942491891998,511971.2714287934,778520.5466431967
LS_03899,81.09508895874023,7.041543960571289,1758.4254167836411,208.56952989739045,81.0892930026299,7.03575329469488,81.1008852191138,7.047334448308551,510501.74626961886,778342.4789032892
LS_03903,81.11652355194092,7.041219711303711,3422.696642597041,344.31500890321433,81.11072716014237,7.035429005371043,81.12231989190893,7.047010681972539,512869.02199840563,778307.1700407278
LS_03907,81.12406635284424,7.042291641235352,28671.394659009267,2162.8127882134168,81.11826995337428,7.036500723148598,81.12986289602954,7.048082583322224,513702.029123239,778425.8830580981
LS_03920,81.12812805175781,7.0372314453125,1062.7067821921164,131.0973010463108,81.12233166671744,7.031440385047418,81.13392458040757,7.043022344266305,514150.761802571,777866.6146711408
LS_03924,81.11364618937175,7.035112380981445,6301.46602741684,517.7593703148192,81.10785003665632,7.029321642104466,81.11944254426814,7.0409032491905,512551.4057777751,777631.9452137937
LS_03925,81.10024147033691,7.034797668457031,3210.4280424417925,269.62783972593525,81.09444544716516,7.029006949709848,81.10603761985435,7.040588230145433,511070.95667063753,777596.816288535
LS_03932,81.12649130821228,7.031166076660156,8432.470826653089,778.542401076235,81.12069502625593,7.02537505483362,81.13228774700823,7.036956974576171,513970.17700468696,777196.0574192689
LS_03933,81.12069718043008,7.030263900756836,2828.8317025078663,289.9481965748561,81.11490102109181,7.024472976552297,81.12649357817995,7.036054755570079,513330.27645528,777096.1556810081
LS_03938,81.12468814849854,7.020336151123047,1347.907478576734,174.26151073926638,81.11886255799016,7.014541414995352,81.13045496109503,7.026123290832441,513771.347619257,775998.7891912605
LS_03943,81.10462188720703,7.018547058105469,5387.467116978442,424.6759604730694,81.09882602327555,7.012756328090861,81.11041789435755,7.024337717408367,511555.1443253315,775800.4686291197
LS_03946,81.0899507522583,7.01646614074707,1464.5576890858526,174.182950810807,81.08415508684782,7.010675557525263,81.09574654825832,7.022256590000153,509934.80830148695,775570.0937932333
LS_03947,81.09617869059244,7.016023635864258,2066.249473189613,184.84366675172072,81.09038303593147,7.010233064466143,81.10197463807368,7.02181424869714,510622.6772639212,775521.3127927225
LS_03948,81.11203175499325,7.0188541412353525,88059.4671678756,5005.941008372277,81.10623579784257,7.0130632606821806,81.1178278569296,7.0246448300933055,512373.5327950906,775834.6047615916
LS_03951,81.12499364217123,7.014326095581055,2447.549453587624,227.1273828547972,81.1191976372969,7.008535117463043,81.13078989730789,7.0201170017549535,513805.2653982165,775334.4053435258
LS_03962,81.09451389312744,7.005151748657227,2233.223965861317,241.9660818746092,81.08871841154739,6.999361186341115,81.10030970083145,7.010942331791065,510439.0466804109,774319.4238483683
LS_03966,81.12402439117432,7.001064300537109,3101.121194944219,302.89922404044336,81.11822851105221,6.995273299210335,81.12982041414894,7.006855160771666,513698.60082249757,773868.3276447708
LS_03968,81.07023938496908,7.044948577880859,3621.642735046106,305.1317195165843,81.06444381387031,7.039158271316069,81.07603550683018,7.05073881576243,507757.269391792,778718.3631126995
LS_03983,81.08014464378357,7.039737701416016,5430.482051813538,465.7801191587356,81.07434880095434,7.033947205694539,81.08594060616528,7.045527994112469,508851.3100907563,778142.4932782426
LS_03986,81.06110048294067,7.039287567138672,5022.121582044053,388.4673842058392,81.05530486074485,7.033497370811653,81.06689618734448,7.045077692454086,506748.046341698,778092.4146545777
LS_03991,81.05053976603917,7.037990570068359,7262.751721305355,691.6433330610394,81.04474431958374,7.0322005170554,81.05633535407246,7.043780579656497,505581.7170978527,777948.8965816346
LS_03996,81.04234762191773,7.03363037109375,5906.600941136453,459.0617305735927,81.03655235413777,7.02784040392936,81.04814307814621,7.039420266538384,504677.0030876572,777466.8009810682
LS_03997,81.05574954183479,7.031152725219727,4798.879306292703,471.6756497124717,81.0499541168458,7.025362576406849,81.06154510856649,7.036942769065644,506157.1858397696,777193.060475714
LS_03998,81.07622882298061,7.019039154052734,6004.596376027676,525.7909155193728,81.07043995472154,7.01323545380012,81.08203114531054,7.024816151168496,508419.2125114608,775854.263476579
LS_04023,81.03567504882812,7.025896072387695,13891.313208217023,1014.3478735294332,81.02987993699897,7.02010617213756,81.04147030403003,7.0316858733974925,503940.12841210945,776611.7383927414
LS_04027,81.01937212262834,7.018587112426758,23128.866478596985,1218.0050453146275,81.01357301032586,7.012784063931767,81.02516279373981,7.024363366796003,502139.5861073399,775803.6516051599
LS_04030,81.01654161725725,7.000616073608398,3745.1924103240526,318.4566191472998,81.01074705485992,6.994826416967786,81.02233632388861,7.006405658012384,501827.03624734306,773817.0027164506
LS_04041,80.97912737528483,7.030305862426758,8159.994164869378,554.0552627594848,80.97333222032366,7.024516159043851,80.98492233217327,7.036095494036863,497694.7461664817,777099.1273237013
LS_04046,80.97256592341832,7.012836456298827,25796.194160267583,1335.5718898742782,80.96677091616314,7.007046668873834,80.97836075583994,7.01862617252385,496969.96082586504,775167.9804566036
LS_04054,80.96817207336426,7.002946853637695,1754.8321476749447,200.3280129814796,80.96237715075135,6.997157009903182,80.97396685308472,7.008736625260941,496484.5946888334,774074.7492857411
LS_04063,80.94422928492227,7.003305435180664,23556.85575303184,1483.217638815153,80.938434065395,6.997515276967316,80.95002436335716,7.009095478415905,493840.1096340131,774114.6357249682
LS_04073,80.89810371398926,7.03143310546875,1561.5190623462606,179.45045134107338,80.89230757801403,7.025642409353901,80.9038997064765,7.037223730612709,488746.1995414188,777224.9139029237
LS_04074,80.81864743232727,7.027482986450195,1668.7666608470015,157.85648050579118,80.81284864082832,7.0216780466230775,80.82444259603858,7.033261293030349,479970.5641673338,776790.894582553
LS_04076,80.81280255317688,7.022674560546875,383.3274023042656,72.58163400188523,80.80700548985729,7.016882832550331,80.81859946391569,7.0284662188245335,479324.8134372792,776259.590447735
LS_04077,80.88372707366943,7.020193099975586,1844.7662527710197,222.4243283075565,80.87793090410035,7.014402328659457,80.88952309998055,7.025984000970438,487158.08010181616,775982.7364681865
LS_04078,80.87478923797607,7.0203857421875,3730.3096093649738,322.244971256898,80.86899295742222,7.014594737691406,80.88058537527371,7.026176626916706,486170.93301282095,776004.2867138453
LS_04079,80.89612579345703,7.012519836425781,6275.019658900587,436.2021284508679,80.89034318779198,7.006727207999696,80.90193488903724,7.018308579582447,488527.28710353613,775134.1603039857
LS_04080,80.82007646560669,7.011674880981445,11415.77138614335,668.2505313689603,80.81427968110849,7.005883242721348,80.82587320093097,7.017466452500567,480127.72322480363,775043.2925910662
LS_04082,80.89819240570068,7.005832672119141,1944.763195958328,197.44398176659928,80.89239755021804,7.000036253480236,80.90398903376827,7.011617576035385,488755.3805287171,774394.8660318566
LS_04087,80.79250240325928,7.040546417236328,1267.4678643770835,176.4981219950036,80.78670483538609,7.034754444326301,80.79829975338262,7.046338322111523,477083.61232579313,778236.2217168779
LS_04091,80.78692944844563,7.038482666015625,2049.207788564901,218.2147671072374,80.78113195581744,7.03268490636958,80.7927269549018,7.044268917513167,476468.01900190796,778008.3561349055
LS_04096,80.7619981765747,7.026945114135742,656.5853405623766,123.3063405171928,80.75620045416179,7.021152803401277,80.76779575559856,7.032737408037936,473713.8910877176,776734.2353940795
LS_04097,80.767937819163,7.025503158569336,5600.752993895948,500.4063888403297,80.76214017169609,7.019710892909756,80.7737352942136,7.031295355199376,474369.8194236166,776574.5015439008
LS_04104,80.79834175109863,7.014982223510742,1265.225079485304,157.0329751984066,80.79254458771663,7.009190324030606,80.8041387135866,7.02077405597409,477727.3055037933,775409.8860708277
LS_04105,80.77996563911438,7.014453887939453,781.4181912013752,104.3610673168435,80.77416828330657,7.008661767632468,80.78576283587455,7.020245939208532,475697.6690394491,775352.3921190285
LS_04106,80.76589012145996,7.01423454284668,1644.3933206079976,179.14104527567198,80.7600926082562,7.008442175186027,80.77168749153795,7.020026682710364,474143.03751388827,775328.8964751697
LS_04118,80.77824211120605,7.008295059204103,3432.1188743616185,312.19466347416187,80.77243810632076,7.002510550206525,80.78403254340938,7.014094761376742,475506.98643005255,774671.6392741285
LS_04120,80.76346826553345,7.007850646972656,1059.142478320712,177.68596820636412,80.75761655267915,7.002054602327525,80.769211331835,7.013639166740695,473875.1913349103,774623.3068774788
LS_04128,80.79084300994873,6.999277114868164,1854.0143429378627,191.05076287754625,80.78504743359778,6.993473683001918,80.79664133936305,7.005057590735732,476898.30991631915,773674.091571525
LS_04130,80.7160551071167,6.998146057128906,1283.5862083089853,137.5355170314524,80.71025721933316,6.992353182107634,80.72185287415635,7.003938865550395,468637.7457250869,773553.387108816
LS_04132,80.73161443074545,6.995988845825195,280.56291664836306,67.11699303740718,80.7258166918849,6.990196157777977,80.73741192329545,7.001781472413187,470356.17921124236,773313.9031075331
LS_04138,80.88080358505249,6.99388313293457,16797.661473070173,948.431978163654,80.87500773470985,6.988092215415683,80.88659934072159,6.999673960666489,486834.45287993836,773074.3349170637
LS_04140,80.7832543849945,6.990741729736328,1361.6853026434233,177.10652782068172,80.777459524375,6.9849420229559165,80.7890533945148,6.996526109525238,476059.69685129804,772730.9075634121
LS_04144,80.77723121643066,6.979362487792969,965.4724587079224,136.63397126754165,80.77143428282479,6.973570340427999,80.78302800764092,6.985154567199452,475393.8190184734,771473.2738961339
LS_04146,80.81720161437988,6.978969573974609,112832.41148672436,1862.5391805825088,80.81140516244669,6.973177904489917,80.82299792382283,6.984761178462789,479808.79447324574,771427.939739923
LS_04147,80.84102725982666,6.975065231323242,1078.7507706141118,131.40164949513672,80.8352311426094,6.969273900708727,80.84682323473523,6.98085660384246,482440.3451157327,770995.3732900217
LS_04148,80.75822944641114,6.972677230834961,862.0718299980149,137.57895654345035,80.7524324055891,6.966884860069306,80.76402641161368,6.978469535392855,473294.5663101367,770735.2701392687
LS_04149,80.9111328125,6.97258186340332,2164.5202927955424,182.9891738057233,80.90533756094928,6.966791321510105,80.91692790026202,6.978372335461235,490183.9521976738,770718.811713216
LS_04150,80.89863777160645,6.970746994018555,5500.215135404199,482.555642435318,80.8928424024354,6.964956300607897,80.9044329985642,6.976537617119611,488803.7362805101,770516.251334331
LS_04158,80.71043968200684,6.960418701171875,187.11567866197032,54.46709577628407,80.70464220066015,6.954625769861214,80.7162370213572,6.966211566083178,468014.94503610895,769383.0885543571
LS_04162,80.97599067687989,7.00062370300293,5707.562306342847,353.08373864867144,80.97019022758225,6.994824418206104,80.98177968025777,7.006403842786584,497348.1490425826,773817.8816940273
LS_04170,81.11504141489664,6.998594284057617,1158.827622878874,156.84358988772246,81.10924027223504,6.992807241470399,81.12083189570455,7.004388885661267,512706.4888158295,773595.0230530886
LS_04174,81.13099727630615,6.997121810913086,48171.15920494316,1790.279038193769,81.12520135759715,6.991330720641733,81.13679333035124,7.002912750931133,514468.8846882736,773432.7069056093
LS_04176,81.12213659286499,6.994192123413086,1936.81743243768,250.14868043060903,81.11634082827348,6.988401232261783,81.12793251318799,6.999983048583144,513490.2888557158,773108.5760884287
LS_04178,80.95940735226586,6.992713928222656,2452.0027096136714,245.9061970578098,80.95361245069508,6.986923975511024,80.96520211418662,6.998503809262528,495516.4304837948,772943.6092825036
LS_04180,80.94802188873291,6.992486953735352,2535.515106454284,250.4786047461945,80.94222684922772,6.9866968493793165,80.95381678556436,6.998276961445662,494258.8716709694,772918.6417159339
LS_04182,81.02130126953125,6.992002487182617,3893.091657654613,302.3085260936209,81.01550675436381,6.986212770359402,81.02709592736326,6.997792131902014,502352.7871891016,772864.8218492352
LS_04184,80.97571309407552,6.989084243774414,1853.496451678752,196.60835650599532,80.96991842385847,6.983288767581118,80.98150759783671,6.994868203515535,497317.42392458406,772542.2362308399
LS_04185,81.03544990221658,6.979686737060547,2344.6575966762366,210.74871133678363,81.02965536656811,6.973896844865037,81.04124458173344,6.9854765575516256,503915.647437572,771503.4531539239
LS_04188,81.10974049568176,6.973533630371094,14377.79428972538,1176.6153360956157,81.1039443836494,6.967743231824815,81.11553525183403,6.979324750371739,512121.6393714811,770824.511417682
LS_04190,80.99049015045166,6.971736907958984,6575.2069681877565,529.5948524770942,80.98469684077249,6.965937796238216,80.99628522450871,6.977516877582835,498949.5642714069,770624.4913988239
LS_04191,80.97553372383118,6.972057342529297,40382.468050261225,2432.8073055598943,80.96973641407446,6.966259953568379,80.98132517211704,6.977839400847475,497297.5141520396,770659.9737458538
LS_04194,81.11383652687073,6.968460083007812,4825.019771180082,291.61867307112954,81.10804118586921,6.962669239025426,81.11963202632408,6.974250856923717,512574.21175154776,770263.7551304
LS_04195,81.011559009552,6.967426300048828,3039.397949304195,312.5599272753607,81.00576493646143,6.961636710800774,81.01735326463431,6.973215844286142,501276.7928156508,770147.9742966787
LS_04202,81.13090658187866,6.962306976318359,9340.806708809652,744.5265515737511,81.12511669553207,6.956513982782983,81.13670779360953,6.968096012110077,514459.9358471099,769584.0383637974
LS_04211,81.13740491867065,6.99378776550293,680.5215660785367,102.78915411823468,81.13160896324128,6.987996638213975,81.14320100699292,6.999578823228262,515176.72925173934,773064.3407222953
LS_04215,81.1448221206665,6.992893218994141,3628.895181290536,339.2036479613992,81.13902609605455,6.987102002558281,81.15061829624646,6.998684366354531,515996.01052223955,772965.6971096289
LS_04217,81.21865542729697,6.991994857788086,2452.8402173274603,257.4980463447994,81.21285855146827,6.986202757156628,81.22445249924063,6.997786889621632,524151.18517116737,772869.535010493
LS_04220,81.15156030654907,6.983314514160156,1355.3886855627325,177.7756896992562,81.14576330199186,6.9775269904294746,81.15735542356298,6.989109516053293,516740.60454329255,771907.0357756071
LS_04222,80.52058539769254,7.182964138970135,3449.3649165031657,385.63956883333896,80.51478238571774,7.1771686796446845,80.52638752755622,7.188759129110898,447068.4555742961,794002.6860765963
LS_04224,80.54080589508419,7.171608954473442,3681.0869522599696,384.2458933460785,80.53500364477699,7.165813938913724,80.54660800279564,7.177403898604718,449299.76509338757,792745.0743367702
