landslide_id,longitude,latitude,utm_x,utm_y
NEG00000,80.33851904596158,7.226569635417856,426972.97513221577,798848.5047590978
NEG00001,80.6562799019373,7.637471580565116,462089.3959722401,844235.232514785
NEG00002,81.02159184493,6.853423545595261,502385.5779209174,757545.4506419647
NEG00003,80.46074629996858,7.405374806706724,440490.9011428084,818598.1325236941
NEG00004,80.39029178602102,6.762554175737358,432622.3903516753,747542.3998862512
NEG00005,80.37433631100667,7.277106685254067,430935.03491905215,804429.9981416411
NEG00006,80.653854535594,7.612593269618775,461819.6823003511,841485.1107208924
NEG00007,80.56945954388696,7.28830465704108,452475.7132178038,805642.7957827809
NEG00008,80.19470957279842,6.8555429127066505,411024.9076535062,757854.3243878235
NEG00009,80.50935282848104,6.71349577611669,445774.4867959457,742104.1502396755
NEG00010,80.40831771952554,7.031077812438923,434651.28326380835,777225.7165568505
NEG00011,80.96706735876762,6.833889255214552,496361.28464415617,755386.0875295148
NEG00012,80.31166797708654,6.9449662656490645,423962.3609924214,767720.3141190801
NEG00013,80.4858338344691,6.745527215729505,443178.86356496206,745647.8792274112
NEG00014,80.45445128012052,7.372286340736127,439791.7173368517,814940.941647844
NEG00015,80.68988539477445,7.224681277846128,465764.00545417983,798598.3735012533
NEG00016,80.4037862638959,7.191669530025078,434173.65823702415,794980.2318264268
NEG00017,80.97518809815422,7.095593160315284,497260.06136293284,784316.4529672747
NEG00018,80.98033975764639,7.201115876473958,497829.4490054864,795981.6709100484
NEG00019,80.51764687268118,7.033455712122203,446726.7905574689,777474.7403120435
NEG00020,80.52611982789364,7.088576221292074,447668.7976473314,783567.3845516166
NEG00021,80.51580483719277,6.878434025243017,446505.80343629274,760337.2743104219
NEG00022,81.19172270407657,7.015857025956388,521175.29256205086,775506.1329625027
NEG00023,80.30833049390674,7.351932848197962,423661.2555220006,812713.0817343956
NEG00024,80.37571866651251,7.145571632533272,431067.74440770916,789888.0694152076
NEG00025,81.05333399903613,7.176657063731195,505888.55259141186,793278.1077411216
NEG00026,80.67683536205391,6.95600942633946,464302.6165313782,768898.0570919862
NEG00027,81.211889619992,6.9821163295996564,523404.3681966229,771777.1494799673
NEG00028,80.96100650837026,7.3549026129607595,495696.4645579015,812982.6065647884
NEG00029,80.18498473069934,7.305736489418855,410037.6348245701,807628.5659156893
NEG00030,81.07263110920526,6.895343551677811,508023.9567592449,762180.0944333676
NEG00031,80.14299919799166,6.8115083574827615,405302.4521051511,752995.852697237
NEG00032,80.68683316817781,6.798542611451966,465395.61100882717,751489.739433594
NEG00033,80.47720091849372,6.729902153871438,442222.9544394841,743921.54539657
NEG00034,81.00864758967917,7.37926938342121,500954.3431910802,815676.1333348843
NEG00035,80.56861112285156,7.052952676458989,452357.60731515824,779624.6296475346
NEG00036,80.88156190713241,7.67404201983918,486938.05239816994,848264.7749227637
NEG00037,81.31592253238007,7.030078773445983,534891.9017425163,777085.7454354397
NEG00038,80.54439489314733,7.005782838188658,449678.049665352,774412.5420310291
NEG00039,80.34065297196209,6.909822470580308,427158.98063435615,763830.4962160942
NEG00040,80.13054721818888,6.839766328905059,403932.05570247624,756122.4615491864
NEG00041,80.89948094090666,7.07467136249237,488899.3353695546,782004.7383737804
NEG00042,80.68278522591456,8.05059785667732,465047.3405532696,889905.0800356395
NEG00043,81.33904758535532,7.057773756035672,537443.7427051192,780149.1744946423
NEG00044,80.27609787864967,7.181071592031044,420073.4108907081,793828.899593513
NEG00045,80.90348861919679,7.207716532076434,489344.9972836713,796712.4361565198
NEG00046,80.4678921422644,7.4447860136296145,441284.7288562769,822954.2181848132
NEG00047,80.53318728051492,7.075511100995793,448447.8317090294,782122.2382845285
NEG00048,80.19115293587274,7.306748156958059,410718.7337747401,807739.1875165012
NEG00049,81.00981258162555,7.4266668101074105,501082.79543348344,820915.8492948421
NEG00050,80.70714700850662,7.651022083573642,467700.8529676322,845729.1131446803
NEG00051,80.36905520154164,7.542795038125386,430393.765216327,833803.9931248243
NEG00052,80.59105976047336,7.207036498260707,454851.95749514777,796656.3476086055
NEG00053,80.84723103067212,6.86663823018881,483121.7457390885,759008.9162250094
NEG00054,80.34829177833274,7.217459157265418,428050.4832091045,797839.7444050319
NEG00055,81.13474017594835,6.881429057411024,514885.9291736124,760643.3891471919
NEG00056,80.24974155070926,7.025700779864355,417135.4130324629,776656.3621207272
NEG00057,80.3911618214245,7.527583769117908,432830.32908000547,832118.8443373017
NEG00058,80.45032189181597,7.239086951622901,439318.0076997051,800215.9148237628
NEG00059,80.25148279893769,7.205405731693784,417359.8938612198,796523.5664170176
NEG00060,80.40871013623618,7.2921473687171,434731.75991030876,806087.6956354062
NEG00061,81.26870212619679,7.064350743857839,529674.4477065654,780871.1847052884
NEG00062,80.34073945730158,7.149325332275506,427205.8222104361,790308.4392094257
NEG00063,80.86653671252031,7.039301329263969,485260.0665726995,778095.598939665
NEG00064,80.32970210250951,7.083601543096278,425976.51519503444,783044.1408241285
NEG00065,80.92757790588769,6.930132740436168,491999.7193689858,766025.9039703567
NEG00066,81.22669566829057,7.1102926644741515,525032.9080401446,785947.49593931
NEG00067,80.6353376036195,7.452460766982723,459762.4431782587,823783.9329211308
NEG00068,80.27921702067775,7.384873349171974,420453.7501114097,816359.9474639235
NEG00069,80.28869502560012,7.146095432346623,421458.35520836397,789959.9108284446
NEG00070,81.21303282475834,6.966930472300207,523531.3999212554,770098.4530049423
NEG00071,80.50929651721549,7.376404075898251,445845.2436658972,815389.1427648533
NEG00072,80.50846035167626,6.870857288305591,445693.5004309294,759500.4940913994
NEG00073,81.11171923650045,6.950979469818742,512340.79531652795,768331.2778080201
NEG00074,81.02103865340749,6.782872050750855,502324.7984641629,749746.2836628007
NEG00075,81.00840756111026,6.991936678979144,500928.63969610096,772857.5020372033
NEG00076,80.30713811366834,7.584010140194179,423569.9762296383,838370.9760339159
NEG00077,81.36929577008199,6.861141805003781,540801.3120766622,758414.3272404419
NEG00078,80.43246794249974,6.772958721911412,437284.68872861785,748686.9917307063
NEG00079,80.58129387769898,7.152497485996293,453768.25374046405,790628.0223434202
NEG00080,80.1527418446801,7.169098988622797,406450.233686378,792528.5654002366
NEG00081,80.46067499079042,7.160596697411729,440450.7393125579,791537.2711999987
NEG00082,80.8875600141501,7.606433089062359,487597.6045027667,840790.438114458
NEG00083,80.39491659264041,7.0210870860992545,433169.70749909687,776123.1073144943
NEG00084,80.97853874778559,6.788012190809644,497628.5289650734,750314.5053153594
NEG00085,80.651676838543,7.359506351248993,461557.3154179369,813506.3228149127
NEG00086,80.27896429856447,7.4033518583577465,420429.1668205202,818402.9202303779
NEG00087,80.54911018169595,6.872675194377076,450184.8768073883,759697.0434052375
NEG00088,81.42759667053237,6.854182488948405,547243.4293565978,757650.3340817409
NEG00089,80.45088441971498,7.661914478649051,439438.20370756637,846960.9683663809
NEG00090,80.63347354038687,6.942971204238685,459511.6111316746,767460.1925311836
NEG00091,80.73285238915788,7.281987349261686,470511.2361120037,804930.4922033906
NEG00092,80.68172426093949,7.74165516710767,464904.37138680957,855750.7374984067
NEG00093,80.73223237095792,6.89586338382701,470418.17696598254,762245.2487004461
NEG00094,81.18944884313773,7.153387321594666,520917.9492254787,790709.6642906475
NEG00095,80.82712296150143,6.997063013459546,480905.4058411289,773427.7013212757
NEG00096,80.93191034798937,6.944069998517867,492478.5343657797,767566.5456870465
NEG00097,80.69748981348903,7.770342109455575,466645.0831318407,858920.8607535528
NEG00098,80.50394530456244,7.13071920091498,445224.97035669675,788228.8949573186
NEG00099,80.67475619573585,6.7810115316659045,464059.81218086754,749552.6059407386
NEG00100,80.18804435109546,7.288264902575949,410371.9044108445,805696.3189444209
NEG00101,80.99709536529603,7.3933712809238745,499679.4562895418,817235.0672278978
NEG00102,80.77433505715189,7.233742856794961,475087.6213189603,799594.6350530181
NEG00103,80.70619039483495,7.0789303764782305,467553.7719673289,782484.6121211026
NEG00104,80.38617369957488,7.5510878176007274,432283.6501758241,834718.111284879
NEG00105,80.87176162720411,7.605268200913181,485854.96437862515,840662.1444753158
NEG00106,80.87279574401444,6.8778721563050755,485946.5268196006,760249.9590795654
NEG00107,80.76113154122315,7.397673276632666,473639.6261631664,817717.7200612399
NEG00108,80.02262686338022,6.575138966012279,391948.30645463127,726887.9021434747
NEG00109,80.40017711473553,7.667891396112665,433846.44262477156,847629.2270261883
NEG00110,80.23673416027943,7.341432645387657,415756.8414699964,811565.0428625186
NEG00111,80.75220842049913,7.368737449937617,472653.12984149787,814519.420722305
NEG00112,80.75823754851268,7.378440885669454,473319.1036003246,815591.7640424692
NEG00113,80.75235986651835,7.3218258312874065,472666.97817394335,809333.3697434254
NEG00114,80.91090170683422,6.9364667605527925,490157.67309800937,766726.4200912893
NEG00115,80.69225688876016,7.747320495488793,466066.2475161467,856376.194761228
NEG00116,80.45300754527574,7.200795546433185,439609.42128087947,795982.3470285868
NEG00117,80.45517616548729,7.753751102840313,439924.5020931609,857113.351519121
NEG00118,80.53569707156112,7.343835651874344,448755.1736179141,811785.5273096052
NEG00119,80.75539597590914,6.9298109844496425,472979.1372661942,765996.6840675763
NEG00120,80.88666221948195,7.2057920725129545,487487.2822716384,796500.1183529197
NEG00121,80.77222607884178,6.8773983614969145,474835.5625959344,760201.7043945121
NEG00122,80.5800505912295,7.684573942782371,453686.6403174767,849449.9708833889
NEG00123,80.86934151171118,6.919710272783755,485566.1709081914,764875.1126724342
NEG00124,81.35268389191111,7.015736498380606,538953.2319651978,775503.1251993759
NEG00125,80.57487644778703,7.046088180672094,453048.8684127624,778865.1263834442
NEG00126,80.36780247840838,6.961051574303293,430165.9759045389,769489.9502059682
NEG00127,80.5200982510098,7.34951307945543,447034.1751500739,812414.9914923626
NEG00128,81.14288287345944,7.12964267858533,515777.1803973345,788082.8956174975
NEG00129,80.39920765954798,7.777950785108474,433756.665377869,859797.101282456
NEG00130,80.37206839965769,6.915627967666078,430630.56950170716,764467.6182526442
NEG00131,80.97413400902737,7.384918688724108,497145.4797525084,816300.7284048364
NEG00132,80.6259542938573,7.285951136460762,458711.64266732143,805377.0587196089
NEG00133,80.19724475264401,7.241421037020468,411378.3836494687,800515.5217204794
NEG00134,80.1896019184925,6.9690988896284685,410481.9075761133,770409.675054466
NEG00135,80.88516116342865,7.193157669158709,487321.2116277434,795103.4555489691
NEG00136,80.86416286948575,7.616080297323681,485017.174896423,841857.6754126756
NEG00137,80.34646905596072,7.147368762197001,427838.1924244363,790091.229959782
NEG00138,81.41289691274078,6.8825588490941865,545616.5809852034,760785.8829014116
NEG00139,81.15063031114248,6.953575014742322,516638.9302082023,768619.3975895281
NEG00140,81.11600314401379,6.957296736200941,512813.83623243525,769029.7435528134
NEG00141,80.36012707810173,7.9476688896431025,429476.1418645563,878567.0253225778
NEG00142,80.55222422662354,7.559091760043683,450603.4215065939,835580.6649560694
NEG00143,80.49866143364429,7.730564524017816,444716.547096951,854544.0692677983
NEG00144,80.71458280063788,7.017666968845338,468476.4369373346,775711.4815324153
NEG00145,80.4445932926205,7.111136460918095,438668.4498285956,786071.445737781
NEG00146,80.23436278573746,7.380057150688929,415502.40413656406,815835.7324614095
NEG00147,80.44277514245911,7.779254943970877,438560.75637868175,859934.7129417718
NEG00148,81.14521500760338,7.168311421756468,516033.3477367144,792357.7121265836
NEG00149,80.71943882043972,7.634159055762291,469055.3300044041,843863.9859090946
NEG00150,80.1630011570923,7.182069046501354,407585.70859325334,793960.4422362203
NEG00151,80.70166707164444,6.930144658749505,467043.8001296908,766036.9640058692
NEG00152,80.63297710848444,7.52665691267409,459508.8269485896,831986.6150376187
NEG00153,81.18113412026514,6.982044365289447,520007.24598903616,771767.7776989975
NEG00154,80.37365638854551,7.968659326658838,430970.8509921925,880885.4017705296
NEG00155,80.38451185036622,7.177075199483517,432043.37623232446,793369.5928462946
NEG00156,80.67108965512375,7.767358849517638,463733.90343028534,858593.223748471
NEG00157,80.42650443622138,7.223470282464348,436686.4085391403,798492.6923731422
NEG00158,80.45192116114973,7.335020183004571,439507.4336840934,810821.3922480182
NEG00159,80.51336607446376,6.707031970684695,446217.32540368696,741389.1400928202
NEG00160,80.33761872121202,7.012693468490947,426839.69434233574,775203.7175424984
NEG00161,81.03106376065419,7.361527057936698,503428.31592849805,813714.8589992838
NEG00162,80.89851550398024,7.176103260266739,488795.1823245012,793217.7834348473
NEG00163,80.62317682633339,7.5698044644765385,458431.733665221,836757.56202661
NEG00164,80.93100160232812,6.962618538180332,492378.449434352,769617.0343581293
NEG00165,80.36307367667972,7.077237103199011,429661.0499095159,782335.34434628
NEG00166,80.77742439501846,6.949856466884487,475413.620431346,768211.4563541758
NEG00167,80.37427663336614,7.003088652545189,430887.3239338534,774136.3191537055
NEG00168,80.61904507237362,7.250413435733601,457945.6651334101,801448.9962732934
NEG00169,80.41061482335688,6.934899604017612,434891.69929961534,766592.6870456531
NEG00170,80.70375956441318,6.851478129924136,467269.5606787993,757340.4335936165
NEG00171,80.52864582743875,7.366542385069692,447979.55903360894,814296.6116728621
NEG00172,80.71317286312954,7.40208334799576,468347.4120966983,818208.3787770179
NEG00173,80.52601704990242,6.853729152660614,447631.3797055171,757605.0303732362
NEG00174,80.19284697908355,7.219779927105231,410888.6096684671,798123.7767344232
NEG00175,80.52405995760444,7.341382548673275,447470.4762346525,811515.6792470351
NEG00176,80.50863576854792,6.908537770243604,445717.1668384697,763666.0512682324
NEG00177,80.45349279334555,7.267439035215202,439671.84612775064,803349.89059211
NEG00178,81.14244203422737,6.915096140722858,515735.7113794238,764365.4103745975
NEG00179,81.16143903302415,6.988970867848812,517831.54842710984,772532.6904823363
NEG00180,80.86291488693803,7.032009150910354,484859.8284459569,777289.5861696149
NEG00181,80.2693991867831,7.051225909909112,419311.08671963133,779474.8731497456
NEG00182,80.26606948066137,7.281823747186338,418984.07066324685,804969.4639883122
NEG00183,80.30908968301885,7.226348013897413,423723.8070549003,798828.8271562643
NEG00184,80.69710999913497,7.341192575831355,466570.22564211447,811478.0898976871
NEG00185,80.51099654361106,7.09444628323755,445999.3585421877,784218.0569886855
NEG00186,81.03703723477557,6.835694163368422,504092.21508830145,755585.6454773254
NEG00187,80.25744399152657,6.914056108382931,417966.7669500674,764312.077986931
NEG00188,80.49166723871146,6.972892581617526,443850.17076158524,770782.4755817023
NEG00189,81.08505302011584,7.1942424870409765,509390.25852863985,795222.6612456002
NEG00190,80.40822416652378,7.271745795667627,434675.1624929737,803832.2980615011
NEG00191,80.64659307042054,6.963803162526094,460962.5995503089,769762.0308971569
NEG00192,80.22936954397981,7.22880483374395,414922.7080203379,799114.5683617519
NEG00193,80.29810584331112,7.019512860914507,422476.4004214663,775963.9776610292
NEG00194,80.37354747679399,7.093058799281173,430820.1282535131,784082.9150758517
NEG00195,80.73004800707564,7.016142053997244,470184.44311970414,775541.8941177019
NEG00196,80.20021636483325,7.03796418871384,411667.4333341773,778021.2214872111
NEG00197,80.57312024237916,7.253721999217084,452876.1938011422,801819.2711276175
NEG00198,80.50054506578219,6.696966703451343,444799.18361461576,740277.8562388736
NEG00199,80.86897849970097,7.650620637958589,485549.499335899,845675.9431418594
NEG00200,81.40085839119686,6.889085378858611,544285.9462575293,761506.2500779118
NEG00201,81.23059758638927,6.994541203075728,525470.1033453986,773151.6563112088
NEG00202,80.36496062631304,7.388362234147716,429917.4429271166,816731.2690725584
NEG00203,80.2908994670158,7.129135485314036,421698.89626324846,788084.5209720099
NEG00204,80.54048948443184,7.296404682229175,449278.7621126387,806541.4159718246
NEG00205,81.16328498834557,7.141554498544857,518029.5289807897,789400.465933239
NEG00206,80.13063590202607,6.916286891889545,403957.2291084247,764582.4356617335
NEG00207,80.76762422539645,6.945590206561866,474330.82677574933,767740.3533819697
NEG00208,80.46572010131092,6.726918724315213,440953.7580420096,743593.0989927119
NEG00209,80.65761865669668,7.071393837724521,462189.1860194176,781655.1267001977
NEG00210,80.4504984636337,7.303690389956111,439346.170904669,807357.9811885953
NEG00211,80.65640661281421,6.809124376287175,462034.3230742458,752661.808935995
NEG00212,80.64907793224391,7.084361265820366,461247.0633541924,783089.3644421156
NEG00213,81.15616704375867,6.940521514340786,517251.0061183367,767176.5746108697
NEG00214,81.00172719991504,7.2811648686058055,500190.65453482757,804830.8551260269
NEG00215,80.31758822950712,7.193766061618424,424656.7015360159,795225.3091035028
NEG00216,80.16858052318307,6.845472965256723,408135.83370868943,756745.941621391
NEG00217,80.45701008841037,7.390958996103976,440076.63637402497,817004.9192526113
NEG00218,80.66376230913916,6.948890298112139,462857.96718216885,768112.0568825593
NEG00219,80.73885495137365,7.1715508079848265,471166.82615734765,792721.4853971099
NEG00220,80.70693467449013,7.406809935885405,467659.3402488701,818731.3513660543
NEG00221,80.59017108798017,7.035987239972028,454737.0755335944,777746.9627531101
NEG00222,80.52791309726265,7.6030688195302325,447926.7562879615,840445.2935592593
NEG00223,80.77699043101018,7.294117706659028,475384.0486258179,806268.8461785343
NEG00224,80.30474048527185,7.113791910141269,423224.78682505287,786385.8864416392
NEG00225,80.56941811799744,7.370505676867272,452479.8529275442,814730.2176478327
NEG00226,80.15684374667948,6.880916601653798,406845.82889367366,760666.7642637049
NEG00227,80.47017315510652,7.341893336449315,441522.89745862765,811578.8188923215
NEG00228,80.7162332967569,7.277407503985107,468676.42589759215,804425.3119297323
NEG00229,80.26880389677365,7.169938849442199,419266.0722530173,792599.3849539149
NEG00230,80.77222566672582,6.9999913301859,474842.02570744674,773754.0016473287
NEG00231,80.66920729756792,6.937818099338171,463458.5926124012,766887.6231018073
NEG00232,80.33549710980377,7.165716658217687,426629.56663757097,792121.406869341
NEG00233,81.02350045420546,6.906314356682207,502596.1636171812,763392.3272613568
NEG00234,80.84370947073718,6.787140294011811,482729.8254691488,750220.8522275573
NEG00235,80.28500828889307,7.409159783273044,421097.2260187047,819043.9490830238
NEG00236,80.45491484157223,7.638544751509782,439879.4585745329,844376.772117542
NEG00237,81.23867143846246,7.015930550437491,526360.6849853086,775516.639779887
NEG00238,80.041036485338,6.538358410954141,393975.9641685511,722817.5162036092
NEG00239,80.60565485589669,7.01915576604225,456445.6165103889,775884.7863824246
NEG00240,80.92093048335713,7.2040293385814715,491270.5362870891,796304.4555251917
NEG00241,80.72346197039793,7.651597907498383,469500.30675150274,845791.5806275009
NEG00242,80.53510941236698,7.272766368578339,448682.2030393865,803928.7748305966
NEG00243,80.72520703346773,7.7432347354787945,469699.2809878561,855922.0181963017
NEG00244,80.39410416053953,7.347600855165842,433127.7136095086,812220.4433012337
NEG00245,81.26064958924938,7.030937219771599,528787.2116142509,777176.8854387325
NEG00246,80.91109131802241,7.194380176559655,490184.0606693204,795237.9634193539
NEG00247,81.23126183364107,7.078434051768741,525538.8859417625,782425.844017077
NEG00248,80.46723123945522,7.258655462075047,441187.31524945324,802377.0380866315
NEG00249,80.57140878851186,7.716563132050822,452737.122502044,852987.4147826497
NEG00250,80.35642400199467,7.097831410178378,428929.81877179473,784613.1333981334
NEG00251,80.52621517268835,7.524437738079602,447730.0016037922,831752.5998808014
NEG00252,80.25318640716694,7.402104517967617,417584.02835821896,818269.7131405234
NEG00253,80.43654417273478,7.730881518723669,437866.6154265013,854587.6769161923
NEG00254,80.7174523569673,7.2439368490208595,468808.6867394234,800725.0773484802
NEG00255,80.72572494652766,7.267502862266453,469723.50562382664,803329.7166804577
NEG00256,80.66892139365464,7.612227307724426,463481.56473945884,841443.3520085348
NEG00257,80.57316649080475,7.682378625947148,452927.18451342743,849208.0225282775
NEG00258,80.30509276851278,7.342744427735068,423302.31890771165,811697.7989914345
NEG00259,80.45073753548915,7.284291285952443,439369.950071784,805213.3220443318
NEG00260,81.19910703273446,7.061682996354094,521988.7190354803,780572.4130746456
NEG00261,80.35409086153535,7.951262100219942,428811.4499898771,878965.3160279982
NEG00262,80.89986854230325,7.593157106369676,488954.9263817859,839322.4498240594
NEG00263,80.50732383958939,6.8120785888640265,445561.2766484137,753002.6499152781
NEG00264,80.33010948970883,7.105897639911244,426025.0661502096,785509.0065265899
NEG00265,80.19090628639161,7.318899597488629,410693.921576928,809082.6847164823
NEG00266,80.35328414736958,6.971949183819256,428563.8305579541,770696.885828749
NEG00267,80.8991995643804,7.164399678760175,488870.4248236619,791923.9650224713
NEG00268,80.75211309602462,7.301531663578886,472638.5056650201,807089.8841338217
NEG00269,80.34541935142883,7.018104905532293,427702.14905121236,775800.7626475488
NEG00270,80.52991734945024,7.617983457775393,448149.63054862147,842093.91300579
NEG00271,80.26732461353267,7.126640472706762,419095.1131002622,787812.7477722683
NEG00272,81.35808202620758,7.009431754577908,539549.9844601246,774806.595668229
NEG00273,80.20500751864712,6.795214845582951,412151.78221225797,751182.7895200176
NEG00274,80.20315518881297,7.309560785007538,412044.1872498049,808047.7859658811
NEG00275,80.88189333856954,7.650638164059378,486973.89325296594,845677.4683796908
NEG00276,80.13602599777438,6.903613807830453,404550.20073052996,763180.2349522948
NEG00277,80.46626104118687,6.986206771571858,441045.4213198469,772257.4725603007
NEG00278,80.87517918064866,6.893890316901154,486210.31081778446,762020.6374456417
NEG00279,80.92247607141128,7.023268454711124,491437.82474979525,776321.8222900269
NEG00280,80.35964540575365,7.008293630136819,429271.98851192347,774713.9237513524
NEG00281,80.58022653888615,7.060442230435731,453641.1765710538,780451.4275632083
NEG00282,80.51117528515175,7.537425525107397,446072.30294133344,833190.2643341583
NEG00283,80.66672063571693,7.320647303045088,463214.4501882987,809209.1905289999
NEG00284,80.2551712874159,6.776970921404901,417692.19385448255,749157.023833873
NEG00285,80.64195498695463,7.22383301408198,460472.4537609797,798508.4783939427
NEG00286,80.67259702778136,8.09085184187266,463928.3013381794,894356.1903405144
NEG00287,80.15015911390412,6.818535399250657,406095.03863301454,753771.3475236908
NEG00288,80.17366550967697,6.883842941554507,408705.028990578,760987.0478702682
NEG00289,80.41871087589016,6.876592682146662,435778.222269698,760145.6570176481
NEG00290,80.21845022423952,6.99042771395947,413672.6511541676,772762.3428005283
NEG00291,80.75464788133019,7.224935388488719,472913.709940383,798622.1065377663
NEG00292,80.39334731603117,7.7568781844782055,433107.14693045896,857468.3133184882
NEG00293,80.690792421937,7.639202240265591,465896.12908243237,844423.6763943412
NEG00294,80.38472130060542,7.3633728345352205,432094.4929703105,813965.5172386862
NEG00295,80.86118454631064,7.5568726396494625,484686.57183372776,835312.3904003203
NEG00296,80.25885128612106,7.212269024092022,418174.6885338187,797281.0216977731
NEG00297,80.62028584536388,7.364484832623086,458093.26859812567,814059.5166524035
NEG00298,80.44774071698448,7.770761691567905,439107.04942894675,858995.0209453077
NEG00299,81.24582322252839,7.005611277184861,527151.184351848,774376.2770605304
NEG00300,81.17968867281762,6.973298350205402,519847.95632365014,770800.8712161524
NEG00301,80.68900298411508,7.726809363569944,465705.79046015634,854108.9144904958
NEG00302,81.3494542414746,7.000182837404222,538597.7986927201,773783.4231246498
NEG00303,80.66595394180018,7.640001064825289,463156.6227111942,844514.0319896018
NEG00304,80.19917883641635,7.0545232574994525,411555.9747225805,779852.1434700547
NEG00305,80.70513766353058,6.923533757510922,467426.7387213498,765305.9051226665
NEG00306,80.69249493803026,7.658057551384198,466085.3978894367,846508.0203934016
NEG00307,80.31738835907264,7.379081607987496,424665.59219234705,815713.0037460808
NEG00308,80.8349786268547,6.985781691000796,481772.64404874836,772180.2739644792
NEG00309,80.98969249912882,7.2522151816465295,498862.1481751057,801630.5433060788
NEG00310,80.39653988241903,7.216799674062205,433377.2459270329,797759.5054084104
NEG00311,80.3343584647129,7.116395897031096,426495.9635996133,786668.9578635275
NEG00312,80.60252009546645,7.310832182564144,456127.2860548857,808129.8809041304
NEG00313,80.73988016309228,7.159094787669696,471279.24135873443,791344.4276540771
NEG00314,80.66848029444081,7.7501742230686155,463444.7046903962,856693.6517813784
NEG00315,80.4691732541589,7.528759826501229,441437.303813776,832237.6477397225
NEG00316,80.4487396071747,7.455033423580604,439172.69947480195,824089.6961384764
NEG00317,80.29069818480282,6.969789342740788,421649.902656668,770468.0363514817
NEG00318,80.60816363313938,7.254008915366844,456744.7676367741,801847.4998784658
NEG00319,81.06718752390154,6.954449884832991,507421.6499733672,768713.9902147261
NEG00320,80.63041456075118,7.167136415436397,459193.32966796035,792241.7034819544
NEG00321,80.69889020680841,7.783142480311214,466800.49886550044,860335.8554847726
NEG00322,80.29790139510479,7.000565107728076,422450.68529280776,773869.248554676
NEG00323,80.27658146856965,7.154255647681545,420122.1364365195,790864.1538074447
NEG00324,80.78664968887414,7.5662128948205885,476464.733764573,836348.2788905153
NEG00325,81.03926065029316,6.9490463876955575,504336.84816471906,768116.3064529002
NEG00326,81.05540650979609,7.1910669481173315,506117.1838258008,794871.1109260485
NEG00327,80.31382372510551,7.017074241908979,424212.11427096033,775691.8075659727
NEG00328,80.19104568463975,7.044528235293923,410655.76299572125,778748.668473056
NEG00329,81.31678139992434,6.870488048202353,534998.5634571804,759443.3816806013
NEG00330,80.22182502847967,6.897258133627457,414028.5288229845,762461.2471324462
NEG00331,80.9876482888919,7.329849067111943,498636.7212556447,810212.81405333
NEG00332,80.42573918873204,7.23465956457916,436603.48308772297,799729.8078945684
NEG00333,80.49433105033029,7.345642532058864,444189.746160061,811990.2222556674
NEG00334,80.2649833803008,7.331957870698167,418873.21735983936,810512.3302851022
NEG00335,80.20478979385894,7.046199105882866,412174.1293533848,778930.7887199292
NEG00336,80.48419157893034,6.940575568876129,443020.50097697304,767210.7029221483
NEG00337,80.65181886426363,7.263123194204596,461564.75000246766,802851.1514196051
NEG00338,80.69629990838133,6.927717155697021,466450.7241142838,765768.9849325382
NEG00339,80.16738923578824,7.177062232293475,408069.23085046303,793406.012341744
NEG00340,80.25326743971722,7.305258206383036,417575.10945304536,807562.624176513
NEG00341,81.28424415480288,6.8782178269524135,531403.2537778567,760295.632187323
NEG00342,80.75769074086753,6.842691829824658,473227.75290723046,756365.7955010236
NEG00343,80.35132367712059,7.228775461097795,428387.00410347467,799090.3354774811
NEG00344,80.37494112330108,7.430346675512248,431025.4575858533,821371.2975230285
NEG00345,81.16161832771117,7.000593576834306,517850.9108884255,773817.5521614348
NEG00346,80.49897486877605,7.451130160640934,444715.4250827246,823651.5746071689
NEG00347,80.55299599406882,7.264013381131532,450655.73072063015,802959.1333649363
NEG00348,80.75476662069599,6.867167945027067,472906.05328882585,759071.716705376
NEG00349,80.75169017583505,7.183848453968191,472584.7156559626,794080.1837865885
NEG00350,80.4491493384311,6.951508190763416,439150.8032653456,768423.6726209505
NEG00351,80.77669026504101,7.56573285530915,475366.0495010597,836295.7617207186
NEG00352,80.80796910569846,7.562233333215042,478816.3528666764,835907.2433220079
NEG00353,80.31629486712694,6.805525344149086,424451.4793705044,752303.8712040548
NEG00354,81.1344299608113,7.179002074871161,514842.2104468664,793539.1761194405
NEG00355,80.21416160740868,6.82297579641354,413168.38040956086,754250.2729743461
NEG00356,80.15423884341571,7.205225396708767,406622.9129627317,796522.3662077591
NEG00357,81.3920575579841,6.825806655721645,543319.3501140724,754510.0813281038
NEG00358,80.47654089714074,7.097848854416719,442194.7468500932,784598.368537942
NEG00359,80.62773486707124,7.466048106902501,458924.79810476175,825286.7270232236
NEG00360,80.29576438693947,7.578814759145155,422314.3409923526,837798.6068184616
NEG00361,80.65644128679368,7.577892267823539,462101.96738889115,837648.6399376027
NEG00362,80.58928510082853,7.239981008712437,454659.31008178776,800298.5511072465
NEG00363,80.4545911347352,7.020117492715882,439760.7256571091,776007.8281758183
NEG00364,80.46857217947392,7.197115693896534,441327.407105324,795573.5043243661
NEG00365,80.53711438021887,7.127654441473352,448887.2853229503,787886.2789456347
NEG00366,80.2088847729893,7.2966288898040235,412674.14903006307,806616.9430767889
NEG00367,80.57966272028456,7.053738819565353,453578.24069544807,779710.423577438
NEG00368,80.66640301491165,6.846850839828766,463141.78435705544,756831.6038330988
NEG00369,81.1930651274158,7.075959585834984,521320.8141333759,782150.373174999
NEG00370,80.59172401724037,7.015158323651307,454906.5823309035,775444.188690939
NEG00371,81.12875064234603,7.187614754882988,514214.89682300447,794491.1078975477
NEG00372,80.44440356234422,7.656529540375637,438722.6407786485,846366.5563058285
NEG00373,80.65959503465193,6.953556943434354,462398.00063566095,768628.2750392187
NEG00374,80.44429928182156,7.346114725199652,438667.6859403405,812048.9643238082
NEG00375,80.34902851626573,7.13014016328053,428118.12626950163,788186.1365084256
NEG00376,81.20227914791064,7.073239552645084,522338.4833631483,781850.1125999093
NEG00377,81.2229094339466,7.014074963174549,524619.8981708314,775310.6528620364
NEG00378,80.96385103580094,7.207398762735959,496009.09836523316,796676.3395726228
NEG00379,80.397976025067,6.932970584393177,433495.1941877941,766381.1825317054
NEG00380,80.91362707550918,7.103751646143563,490462.1408982999,785219.164894974
NEG00381,80.5018116819692,7.293520894515071,445009.01420138596,806227.1391679525
NEG00382,80.03197450197334,6.560114134350755,392978.604034441,725224.74691466
NEG00383,80.80691173337259,7.542065341865235,478698.72221878363,833677.7268815093
NEG00384,80.3930574180146,7.644061594105233,433057.47554761893,844995.8083249324
NEG00385,80.96948203953029,6.8398841916012385,496628.1238754692,756048.7849417173
NEG00386,80.21431424176328,7.030227981874706,413223.14132402063,777163.290939534
NEG00387,80.7419633901125,7.014070854332148,471500.351846626,775312.1870792514
NEG00388,80.99422755073768,7.175143624709992,499362.66773084016,793110.4626600443
NEG00389,81.20795099442137,7.189818939216979,522959.04338940314,794737.99106562
NEG00390,80.25263318253677,7.228921870312366,417491.1698049571,799123.2259612521
NEG00391,80.48312603940334,7.433836752805317,442964.3394782408,821741.7502790231
NEG00392,80.90288781070225,7.561186046580992,489287.17938356625,835787.9893530279
NEG00393,80.4011651289069,6.970384778496726,433852.7353674678,770516.958609734
NEG00394,80.24050962991306,6.825229571073043,416080.28098139015,754494.7746812667
NEG00395,80.4369884077942,7.662687591090875,437905.6813111539,847048.4230171931
NEG00396,80.20839149397459,7.287305819720192,412617.88827381533,805586.2966663212
NEG00397,80.30595068293918,6.832086381016661,423312.62973452575,755241.9188945937
NEG00398,80.4632922748272,7.184574674825792,440742.8339472895,794187.7482489132
NEG00399,80.8190899948618,7.376854407892139,480034.73190187104,815413.1995310289
NEG00400,80.94238208830477,7.370790622536093,493641.19727348053,814739.2213518859
NEG00401,80.93803637537343,6.907444586625172,493154.7130612441,763517.6509127563
NEG00402,80.36768475219661,7.119555609658347,430176.674778788,787013.111229888
NEG00403,80.9476028932357,7.505033166096134,494219.13048099785,829579.488194383
NEG00404,80.22317978270654,7.045799191517172,414205.23518542375,778883.1571307398
NEG00405,80.3969243380955,7.305844937163033,433432.7890811321,807603.7368735085
NEG00406,80.23551731836884,6.83403615205446,415530.1696228276,755469.2614431698
NEG00407,80.48194214329979,6.819408306389212,442757.49842334515,753815.8852491218
NEG00408,80.74714480105244,7.205363564205207,472084.1833139806,796458.9215713864
NEG00409,80.61049768337344,7.358421963989556,457012.40913939127,813390.1914594928
NEG00410,81.03087693565035,7.182216448067517,503409.0493511143,793892.455590252
NEG00411,80.67973591299405,7.259778642927344,464646.24709507206,802479.1403087835
NEG00412,80.9739300084821,7.426214064823007,497123.23438002204,820865.871547099
NEG00413,80.65572547531187,8.065001029388382,462067.0399294102,891499.8158235963
NEG00414,80.31442383979024,6.884025807641051,424257.1002851756,760982.6692165164
NEG00415,80.40291897093232,7.610387533083517,434140.0412340821,841271.4376695625
NEG00416,80.65285349911233,7.429090805251389,461693.1775193638,821198.8115660687
NEG00417,80.96716605026117,7.192629479571465,496374.96386989503,795043.6045876804
NEG00418,80.4491645695726,7.443725425495409,439218.0339008711,822839.4968675845
NEG00419,80.49517168796753,7.426924523260976,444292.7077371498,820976.050635461
NEG00420,80.46252406969597,7.419298841119047,440688.9547019718,820137.2422440455
NEG00421,80.30900102754241,7.331869192420588,423731.8462868516,810494.809861874
NEG00422,80.9686068564367,6.848297918132774,496531.48714537243,756978.893511693
NEG00423,80.72511609041945,7.639871482800634,469681.91539563943,844495.0965620833
NEG00424,80.98503890640964,7.238641442460094,498348.3855768547,800130.0118722705
NEG00425,80.39108227295966,7.441987438400363,432808.4515564842,822655.7581284074
NEG00426,80.39059099353203,7.751709723814122,432802.3885464436,856897.3426754635
NEG00427,80.87696895590811,7.655791524909359,486430.9400827962,846247.3244836463
NEG00428,81.25453873372773,7.007885460893122,528113.6827331044,774628.1953474983
NEG00429,80.61827921339133,7.284935858735143,457864.33590216044,805265.5281154631
NEG00430,80.90411865529649,7.6474591751746885,489425.07079087663,845325.4221830897
NEG00431,80.13653848826216,6.827046722746599,404591.57309129706,754715.014382481
NEG00432,80.59547468642154,7.268593585093527,455345.437866157,803461.0711082247
NEG00433,80.26618580639757,7.113335789339189,418967.0197117251,786342.035573915
NEG00434,81.22687703061294,7.196469270358327,525048.2375651512,795474.166212753
NEG00435,80.5890841202902,7.161191430086308,454629.2924442812,791588.3628801978
NEG00436,80.60924534762209,7.149340273404132,456854.28799954016,790276.2787031037
NEG00437,80.39136073339249,7.665190389292472,432873.6388322932,847331.9832229693
NEG00438,80.17486629565056,7.2108775302233346,408901.5916722065,797143.093164541
NEG00439,80.40437931859702,7.301738351782601,434255.0953969975,807148.6435334119
NEG00440,80.6793353085527,6.799272275875025,464567.15566950245,751570.9443593518
NEG00441,80.56893325878205,7.676997631193195,452459.7210364393,848613.605170234
NEG00442,80.21177750810081,6.7570590352162885,412893.07794852083,746963.2226281415
NEG00443,80.67207939778038,7.2251490815652515,463798.2780272051,798651.4653958452
NEG00444,80.86160417223381,7.202595533947674,484720.7119089442,796147.5102934861
NEG00445,80.47299322527225,7.224383059018376,441819.0090605299,798587.4037880519
NEG00446,80.75817470794858,7.294400742384363,473307.1612433453,806301.2051156749
NEG00447,81.03310158986126,7.3545156850177795,503653.2759587683,812939.779983673
NEG00448,80.99108675980392,6.861672607853918,499015.2364030143,758457.3059300107
NEG00449,80.37760862538366,7.516957192335052,431333.35435631376,830946.1235908114
NEG00450,80.8619884351087,7.501817066347497,484773.33196665556,829226.0006675008
NEG00451,80.39584296629846,7.232601969100954,433302.61950149457,799506.6077868933
NEG00452,80.83871347931398,7.47793118801999,482204.4559994646,826586.3083968641
NEG00453,80.85963119597074,7.00043325850061,484496.12054801494,773799.0756181724
NEG00454,80.73329840891286,7.372692746410922,470566.42278620414,814957.8784576068
NEG00455,81.08064513654175,6.968110803842396,508907.94437715254,770224.3886356428
NEG00456,80.68764310184689,6.997870006503984,465499.5363658179,773524.8598787044
NEG00457,80.18225125600223,7.02679449511968,409680.97838865285,776789.7582326585
NEG00458,80.49491125588969,7.374783944448727,444257.42295342684,815211.8044597253
NEG00459,80.61851397508137,7.138688530386404,457876.7361057184,789097.8743439042
NEG00460,80.50557027957699,7.410284584818591,445438.16004400386,819135.1693977983
NEG00461,80.7038746741189,7.552380009960474,467332.4839341519,834824.3894842901
NEG00462,80.26106021261867,6.945318106904252,418371.6657750506,767767.6323888951
NEG00463,80.89343628817599,7.668614603440787,488247.4713463113,847664.4305998055
NEG00464,80.58285872025095,7.472158498986864,453973.7870949236,825966.6734177691
NEG00465,80.28184304852982,6.890732645368875,420658.4876929093,761729.4259555063
NEG00466,80.00016876807385,6.59039245120265,389468.62267108593,728579.2511308526
NEG00467,80.6177629705348,7.452708904838925,457823.2204337711,823813.0042967601
NEG00468,80.54397204097704,7.365893593464449,449670.9804749512,814223.131441508
NEG00469,80.63348624959302,7.272081768146705,459541.81240083824,803843.1176511195
NEG00470,80.36643816200741,7.343656517674804,430073.502245381,811788.6021155755
NEG00471,81.07417374060893,7.077275618993975,508191.2129258217,782292.0847986076
NEG00472,80.55223344632756,7.509384151897496,450598.80749919324,830085.3679263492
NEG00473,80.19658477535542,7.298179445046042,411316.6549222526,806790.7699772135
NEG00474,80.39051278332872,6.789466547855635,432650.5475590234,750517.5756408374
NEG00475,80.82028471669416,7.0385147017635195,480151.8625449085,778010.3503164016
NEG00476,80.97531686208289,6.799376449150639,497272.57419611036,751570.7908972362
NEG00477,80.74086103513834,6.986965220767405,471376.946280761,772315.790375696
NEG00478,81.01190786445245,6.939131456651335,501315.40556225844,767020.0845392215
NEG00479,80.38301666305401,7.344270689291105,431903.44194197224,811853.9489284762
NEG00480,80.5366250062079,7.754170525652589,448905.7901776202,857149.059136301
NEG00481,80.72666286367591,7.0878729936336935,469815.2037151713,783471.8229570587
NEG00482,80.63206253190026,7.015316852189711,459361.9824508109,775458.027881209
NEG00483,80.80568536342071,6.924909691670335,478534.29598288215,765452.2944004807
NEG00484,80.52395996574403,6.800539474076835,447398.2873133926,751725.1647400642
NEG00485,80.97198690084957,7.21053133329442,496907.33179401566,797022.5744414093
NEG00486,80.45653101537194,6.700709488267958,439934.9783470541,740696.784524688
NEG00487,81.29844538796652,7.0480466328203235,532960.3620367397,779070.7929789915
NEG00488,80.5001933792167,7.667435518154328,444877.3251010459,847564.7033396218
NEG00489,80.94519705052339,7.453277253165762,493952.9861721555,823857.9612262942
NEG00490,81.17014949555215,6.951252730912049,518795.1570964807,768363.4072935474
NEG00491,80.95414864700629,6.8462255751671055,494934.0306769502,756749.9329783849
NEG00492,80.72325514833898,7.071903964593951,469437.8337079268,781706.6989592763
NEG00493,80.22703184284536,6.890969866636763,414602.6773509233,761765.107061908
NEG00494,80.25555818167054,6.798967696177123,417738.68504705984,751588.8047722345
NEG00495,80.47963938960973,6.945890542106218,442518.26866757,767798.826550106
NEG00496,80.53711914645724,6.8091213699974995,448853.29669231013,752672.4752736875
NEG00497,80.6653569658818,7.402434604292655,463070.70055386785,818250.8971601027
NEG00498,80.31149203652232,6.923553055829356,423939.4899012544,765353.025775401
NEG00499,80.28391712511053,7.395779022648029,420974.4225654489,817564.807929089
NEG00500,80.40809349114397,7.66603511436179,434719.27528310614,847422.7931822789
NEG00501,81.3214985501349,7.003595834181674,535509.7552517222,774158.52049612
NEG00502,80.24653213917306,7.330938557680276,416836.3765416768,810403.0139836079
NEG00503,80.78965477693703,6.971740159913261,476765.7081259991,770630.017060418
NEG00504,80.39687158702533,6.763207334915356,433349.6266699795,747613.7012795463
NEG00505,80.96236094411348,7.383298624713595,495846.21202715597,816121.7254615922
NEG00506,80.49259169402474,6.9821077695291365,443953.3836132596,771801.1108223059
NEG00507,81.19012946039565,7.176003030275104,520992.06494639034,793209.8145514416
NEG00508,80.47366889449262,6.811134499574037,441842.32852232247,752902.2032549294
NEG00509,80.52253656138275,6.876104340396807,447249.2886578875,760078.9807904144
NEG00510,80.472807551104,7.49060766692582,441833.19111897564,828019.3057107646
NEG00511,80.43431856532813,7.40622211174559,437574.5095387064,818695.4299920164
NEG00512,80.14213950808444,6.843309714155557,405213.7089310024,756511.9111436743
NEG00513,80.30728073268185,7.239768938906423,423526.3489945218,800312.887843707
NEG00514,80.63641864510925,7.115325215109877,459851.7429687451,786513.4785960726
NEG00515,80.55889420550025,7.102468824888514,451289.6476599338,785099.6479555004
NEG00516,80.5387367460465,6.993749502602625,449051.78451107285,773082.8663230308
NEG00517,80.50366169785514,7.348286686355818,445219.9109782415,812281.3880561388
NEG00518,81.33902407059387,7.012913918429442,537444.7398900881,775189.9808806778
NEG00519,80.55655231337052,7.113813999510597,451032.23379393655,786354.1069602475
NEG00520,80.76026020198731,7.357308667396571,473541.07129283866,813255.4928437256
NEG00521,80.98906787539093,6.825222041712798,498792.09191177785,754427.853233954
NEG00522,80.703752125549,7.717255203812067,467331.48584998975,853051.5287833185
NEG00523,80.4807602534164,6.789859505015978,442623.3950379715,750549.403530679
NEG00524,80.98098863407321,6.91751230914632,497899.8084890261,764630.1954256339
NEG00525,80.27886628168851,6.8024441576461845,420314.9536517657,751969.2420248516
NEG00526,80.81166693097921,6.893730243890702,479193.7119665071,762005.243494225
NEG00527,80.27235002745753,6.846111340316732,419602.1574629788,756797.9213896395
NEG00528,80.50709015374846,6.694786809232088,445522.3364459602,740036.140213782
NEG00529,80.74274305468997,6.883832288827007,471578.6437858872,760914.6071472511
NEG00530,80.50103760427464,6.684332072196655,444852.20415421575,738881.0523014349
NEG00531,80.71713619579585,6.873088977908434,468748.9132741191,759728.5615304187
NEG00532,80.89916803173773,7.566434733385939,488876.97020965826,836368.3220415156
NEG00533,80.96420563132394,7.273812909738716,496048.82435871626,804018.2677181679
NEG00534,80.47782385664613,7.683909202208754,442412.3872010406,849388.8758781803
NEG00535,80.74657030289352,7.351100206768753,472029.78502775775,812569.9846383535
NEG00536,80.55408508085969,7.532271852018333,450805.6761984988,832615.4480054049
NEG00537,81.03623283642682,6.9324999002775005,504002.5265793868,766287.1272025141
NEG00538,80.38428022261057,7.535573253934618,432072.33716339036,833003.1873360855
NEG00539,80.67099075966071,7.315941164021983,463685.38759077777,808688.580542722
NEG00540,80.27935388674099,7.292956295545391,420452.52785502,806197.8791742277
NEG00541,80.91585283094925,7.318136596649895,490712.2924508813,808918.8728625949
NEG00542,80.38995958363269,7.897482630759714,432756.1240366931,873013.6135613876
NEG00543,80.34111877368733,7.539302330944129,427311.08853780176,833422.406493216
NEG00544,81.10707080963623,6.88004738080987,511829.08182852814,760489.8772115306
NEG00545,80.21917074015445,7.362666000158569,413822.31068111624,813915.9029732085
NEG00546,80.81602426799334,6.857334827954981,479673.5482786969,757981.6695032491
NEG00547,80.32350005813856,6.92679677073694,425266.60544271383,765709.7255158745
NEG00548,80.55652372762835,7.19179717097772,451037.3860427025,794975.1875711121
NEG00549,80.40062387013838,7.0486100018715385,433803.98632281064,779165.0273663411
NEG00550,80.20642187172476,7.350743054564347,412412.8329738586,812600.1968179058
NEG00551,80.20004729467269,6.825747266176611,411609.2222185569,754559.2406606029
NEG00552,80.46817508388376,6.82686047106003,441237.1815333974,754641.3798099634
NEG00553,80.46188808019939,7.374110687755116,440612.73014670715,815141.6328278881
NEG00554,80.18700793607886,6.953927362783804,410192.46781097824,768732.8456986393
NEG00555,80.51023153092603,6.916983506673734,445894.42146181373,764599.546492757
NEG00556,80.44919599018881,7.727411036844211,439261.302379083,854202.1724929379
NEG00557,80.3720183376206,6.95111172098606,430630.22920391156,768390.4507061103
NEG00558,80.40188870871411,7.645408170980754,434031.7610948093,845143.3172333296
NEG00559,81.03015741488655,6.9621165585113065,503331.185514704,769561.092297788
NEG00560,80.15213437567779,6.928952889657995,406334.93677853607,765978.4765634297
NEG00561,80.18764008212432,7.153831752141962,410300.78614534385,790833.6826430503
NEG00562,80.53953946816561,7.350487735025257,449180.0212802557,812520.488770112
NEG00563,80.93902645405676,6.919632985478937,493264.26233255933,764865.0178661667
NEG00564,80.30835059890552,7.385911514672747,423669.2910352981,816469.6288242178
NEG00565,81.11346978930148,7.181392063608941,512527.9607086718,793802.7579935852
NEG00566,80.35966570497514,7.197608491551038,429303.1550419016,795643.389991553
NEG00567,80.38143396871818,6.7738032922712,431645.0764438818,748787.2452155368
NEG00568,80.98068817581773,7.185869227517703,497867.84430294245,794296.1909867183
NEG00569,80.47539372369921,7.1285318561306354,442071.9077920096,787990.5663204871
NEG00570,80.7252557440764,7.148692157897075,469663.80861472455,790195.37181864
NEG00571,80.8792523414422,7.571828518806948,486680.1825998976,836965.161942183
NEG00572,80.46329997432,6.980412426369493,440717.6153610635,771617.2724193669
NEG00573,80.99778408195395,7.170085649131728,499755.3392682293,792551.3134369951
NEG00574,80.32480633064927,7.32701088750302,425475.6090458309,809955.0426482956
NEG00575,80.6495751902777,7.313962410970947,461321.43178194785,808471.6140223631
NEG00576,80.74821076037166,7.198186961366454,472201.4314228687,795665.4936541617
NEG00577,80.42371340015424,6.995786656446593,436346.9338491271,773322.0850510305
NEG00578,80.61510575781105,7.559959539925055,457540.41935365356,835669.9684545264
NEG00579,80.41836762639953,7.931037507029761,435892.7938598141,876718.8522373133
NEG00580,80.42780849884096,7.723566180874333,436902.19860783993,853780.2106519188
NEG00581,80.32486176189785,7.2634009412979985,425471.20461183967,802922.6089670698
NEG00582,80.23461956142467,7.373047388666261,415529.41492699273,815060.6989209349
NEG00583,81.36705495930377,7.0156336214815465,540540.517369022,775492.9699941511
NEG00584,80.37308980727704,7.135736622894423,430775.9793378342,788801.167434485
NEG00585,80.4407325149142,6.9446294742470025,438220.1202201266,767664.3108198307
NEG00586,80.88286602897612,6.874340522214846,487058.9937296732,759859.2663250279
NEG00587,80.48092452227769,7.704080316944188,442757.05464225804,851618.4648180756
NEG00588,80.62831232398472,6.890123103596543,458936.90488809766,761618.3626309494
NEG00589,80.25913044616944,7.254505878186336,418213.11341906147,801950.536918845
NEG00590,80.78849248695346,7.297032077231202,476653.810365475,806590.4147716399
NEG00591,80.21071747793935,7.3553035896788765,412887.85702894855,813103.5644926444
NEG00592,80.34768539516855,7.431071332921651,428017.8128651867,821455.7485097795
NEG00593,80.35072616115329,7.077318854985106,428297.40837691043,782346.2682028911
NEG00594,80.28505429586019,6.943002280758328,421021.9664744484,767507.5400468924
NEG00595,80.4391896492334,7.38508038019628,438109.12745297945,816357.45438986
NEG00596,80.16742726379125,6.978130822468727,408034.04922150075,771412.487559416
NEG00597,80.4298132990024,7.0655869631693085,437030.11270775157,781037.8290815555
NEG00598,80.35227722221771,6.988151286222843,428455.06195488764,772488.234900303
NEG00599,80.04078238199615,6.574703291047927,393955.54974375566,726835.8491456859
NEG00600,80.5506721299062,6.921932417626303,450362.5755549517,765142.2365793488
NEG00601,80.17237933935635,6.897327799566686,408565.5046481432,762478.143229624
NEG00602,80.50498353644944,7.331807121063004,445363.7928099402,810459.374711365
NEG00603,81.18342700302993,7.133260007769992,520253.9327096909,788484.3653363152
NEG00604,80.18196467477806,7.21441552823991,409686.03747292864,797532.838267124
NEG00605,80.41825213499092,7.009199157248533,435745.53149406414,774805.60783958
NEG00606,80.61936861423165,7.499473169541615,458004.8615716835,828982.69741385
NEG00607,80.7635033345255,7.291089194348987,473895.15011197346,805934.8055606134
NEG00608,80.44245327925677,7.043214013427457,438423.1256895881,778562.7670736865
NEG00609,81.00305322889191,7.166842126680936,500337.11106780265,792192.7512155983
NEG00610,80.45032446235709,7.257278197724279,439320.7257982396,802227.0053946441
NEG00611,80.59790138759847,7.614621850266524,455648.0905721793,841714.7134865946
NEG00612,80.19238570178277,7.184264873740234,410830.7413203479,794197.3864822221
NEG00613,80.53655240040413,7.567560357599847,448875.53795439884,836518.700618795
NEG00614,80.55029602944741,7.271259754361109,450358.47414797096,803760.5230160573
NEG00615,80.73172721649897,7.346859343303948,470391.3095250445,812102.1140576802
NEG00616,80.96499660591512,6.7972228773237715,496132.194032546,751332.7932855963
NEG00617,80.34287438908154,6.781158731994492,427384.95554283843,749606.0039170949
NEG00618,80.12966827569545,6.856887538585465,403838.36077018856,758015.5290934389
NEG00619,81.11022393323206,6.903139253528316,512176.84709780244,763042.6757730056
NEG00620,80.49723862593422,6.701897662157098,444434.29776667303,740823.343118046
NEG00621,80.46140585692888,7.657836427032692,440598.07852510456,846508.6527224808
NEG00622,80.37890104420809,7.197289273730337,431426.88925634616,795605.1699577968
NEG00623,80.37780821463186,7.958974547357729,431426.8290142419,879813.983984752
NEG00624,80.50454055975294,7.7049423827040755,445361.57448134176,851710.6784667824
NEG00625,80.44174014907595,6.938700612492134,438330.6608238245,767008.7356610466
NEG00626,81.02399799588736,6.98057418936621,502650.7128379509,771601.4781125912
NEG00627,80.5302749846863,7.059538092847188,448124.4259090041,780356.7383974864
NEG00628,80.35995837994926,7.435045200397486,429372.81328024593,821893.1051823938
NEG00629,80.18399095030982,7.036499584954831,409875.0083330607,777862.3947960387
NEG00630,80.39261815470398,6.797084750162322,432884.2596081175,751359.4884309645
NEG00631,80.64599755392206,6.977632164477395,460897.9642070604,771290.8549632101
NEG00632,80.32726994057971,7.58119424339654,425790.3488152563,838056.1664060951
NEG00633,81.05959005396737,6.90699995129379,506583.0783087045,763468.4647333219
NEG00634,80.42507714353582,7.308530777474021,436540.7657069204,807896.6031310331
NEG00635,80.69164021085108,8.086832413470201,466026.07214642287,893910.189839063
NEG00636,81.01561490300551,6.787438817486285,501725.45074436057,750251.0967369139
NEG00637,80.64617243686287,7.331209131691465,460947.3447902872,810378.5351356452
NEG00638,80.85142665147339,6.825962884671917,483583.89832071395,754512.266281566
NEG00639,80.73736381630879,7.214918567602396,471004.9397525609,797515.8237248312
NEG00640,80.88844493857721,6.983516253204472,487678.1893923234,771928.1037915325
NEG00641,81.04289153939342,6.851286134526056,504738.8989848599,757309.3266823932
NEG00642,80.97257287300492,7.406069515700589,496973.33988823,818638.9298418735
NEG00643,80.86128477142778,7.578693359819915,484698.39733983466,837724.6590817366
NEG00644,80.28637689089403,6.798793521172336,421144.3205181387,751564.4186375787
NEG00645,80.59593821971657,7.635819748762562,455433.7405712694,844058.3909712597
NEG00646,80.4196317784455,7.28486852419399,435936.3279519321,805281.4296608989
NEG00647,80.84991483558983,6.939228929202488,483420.78552102885,767033.4667202169
NEG00648,81.21244517903577,7.010982076452427,523464.2917608897,774968.2062865276
NEG00649,80.37222637091676,6.816534436787267,430633.6715295772,753512.5675141866
NEG00650,81.059301654795,6.79420963833982,506552.7573650568,750999.9543521479
NEG00651,80.2117178721268,6.963835528700125,412924.0589587029,769823.6399111195
NEG00652,80.58807275640719,7.374475840840101,454539.0680421682,815167.1817843555
NEG00653,81.27288775504134,6.82477836015008,530151.9474926343,754387.3251647556
NEG00654,80.45591752339384,6.925171857157161,439895.12651969,765511.2968833729
NEG00655,81.00574690103883,6.907716595717279,500634.8750084909,763547.2791248551
NEG00656,80.35177899003065,7.352969626776714,428456.9864739073,812820.5272276845
NEG00657,80.23631432430011,7.198129929254048,415683.77718387113,795721.947266218
NEG00658,80.97691297045085,7.436275196043571,497452.4555867513,821978.0975055352
NEG00659,81.0044153419649,7.26338076717135,500487.400494945,802864.8632592561
NEG00660,80.74576608182959,7.358276402633866,471941.4758088976,813363.3583526956
NEG00661,80.28544380013146,6.9984932346418125,421074.2819347596,773642.2662504215
NEG00662,80.53120630397066,6.866037573497064,448206.06354040664,758965.1572227967
NEG00663,80.80495986243538,7.119988575001452,478463.12555862975,787017.7641383033
NEG00664,80.44596018206293,6.838451000313859,438783.9958433756,755925.4872636278
NEG00665,80.15808400148315,6.893022962073374,406985.22375343955,762004.9739104247
NEG00666,80.22221030885129,7.178114535483785,414122.7441224045,793511.7231729277
NEG00667,80.88015781770838,7.49801930455999,486777.8289121853,828805.5722499401
NEG00668,80.23142253452467,6.8818788954518535,415086.1717456514,760759.2650695591
NEG00669,80.39119987502353,7.632004618799117,432850.70839321695,843663.129919395
NEG00670,80.69676387165481,7.178839758407552,466520.01931009843,793530.1281414543
NEG00671,80.42071355291998,7.266930606379194,436053.2037147663,803298.1793910065
NEG00672,80.28253631912105,7.239011662921051,420794.38814302965,800233.4032104587
NEG00673,80.98914038993573,6.934431639332712,498800.3782590454,766500.5346292659
NEG00674,80.42074454962793,7.315667443094717,436063.53907864424,808686.1995054442
NEG00675,80.19767359947936,6.8746053606309285,411355.946406641,759961.2535492948
NEG00676,80.98659991735636,6.877094488432092,498519.5632233652,760162.1435743318
NEG00677,80.46061777673272,7.455167062113088,440483.41931024456,824102.8517145534
NEG00678,80.33331820312011,6.888802386272119,426345.3920174917,761507.7830123478
NEG00679,80.57705800972268,7.561126487124832,453343.23929925496,835802.8700249855
NEG00680,80.85052253762977,7.021862754005064,483490.8120486113,776168.3511774841
NEG00681,80.94214031877256,6.891175655395889,493607.86862735695,761719.1266913491
NEG00682,80.77821782451385,7.343190249398124,475522.2048493629,811693.6933756978
NEG00683,80.21115434169742,7.239734035876632,412913.7296218697,800326.3216677301
NEG00684,80.17268580404834,6.8102749105059335,408582.7795680061,752853.7672148753
NEG00685,81.04983980038752,6.970408719201491,505505.2038832446,770477.9449125141
NEG00686,80.64498904183611,7.117683316747341,460798.3360526703,786773.4296095655
NEG00687,80.84304950058781,7.486955063236704,482683.2278294064,827583.718333574
NEG00688,80.52429061435954,7.283443954707849,447489.16545175307,805110.4398068901
NEG00689,80.65743270840619,7.001831883379208,462163.0181032167,773965.1627659531
NEG00690,80.5947478569012,7.624875412341754,455301.3102694896,842848.5925876461
NEG00691,80.85432159558279,6.796140802291839,483902.77182149177,751215.4564972658
NEG00692,80.14186791245332,6.861864815839433,405187.3639109814,758563.3791946404
NEG00693,79.98596474166287,6.5655055470179535,387892.62834903784,725830.8833910449
NEG00694,80.69860823577937,8.060891756968347,466791.67120556405,891041.7868044367
NEG00695,80.5668338040356,7.002107522977966,452156.11816310533,774003.8926266795
NEG00696,80.66014109530094,7.089826578016648,462469.2441494651,783692.640046779
NEG00697,80.5581243449267,7.358637137272097,451232.12161671504,813419.350393212
NEG00698,81.22817000722651,7.165621178561387,525192.6863333541,792064.0347601677
NEG00699,80.1754864192734,7.030435143590793,408934.4717974886,777193.5706074449
NEG00700,81.15283391864732,6.968856048080104,516881.7996076687,770308.7439808192
NEG00701,80.25132557550974,7.377777792848766,417374.1410888286,815580.5541612724
NEG00702,80.86138202536088,7.63140365308055,484710.9911441903,843551.7681936943
NEG00703,80.41028662302553,7.004284747581465,434865.02269366477,774263.4062422776
NEG00704,80.3051119524402,7.379033753994743,423310.6706669583,815709.8051314969
NEG00705,80.53164550389802,6.911510618193468,448259.5177643141,763992.1378886661
NEG00706,81.06120571082054,6.968986905370723,506760.6802354679,770320.916080922
NEG00707,80.9103140408417,7.622499567382097,490107.7979281787,842565.9959632879
NEG00708,80.42959276392095,7.653059121565594,437088.58054407773,845985.0226405069
NEG00709,80.33197798502191,7.145779788945439,426237.7875167833,789917.8579213019
NEG00710,80.13745683435883,6.795967745788879,404686.9180751707,751278.8056884436
NEG00711,80.15100024344716,7.1970579147983145,406263.6493017635,795620.0382891779
NEG00712,80.54998842020171,7.223759442100237,450319.3140936531,798509.3480119518
NEG00713,81.38504614206929,6.883352398965262,542539.5284634032,760871.0409555964
NEG00714,80.371753368571,7.361050399467375,430662.86534100666,813710.7516876684
NEG00715,80.80632710806188,7.569851430830287,478635.59212167526,836749.5035232323
NEG00716,80.32634208974409,7.013159093464161,425594.2037100712,775256.9673599445
NEG00717,80.86159391066786,7.54227464706996,484731.21876865404,833698.5749438163
NEG00718,80.3562825983252,7.19219766735354,428928.78220830695,795045.7247554325
NEG00719,80.65646378655511,7.31979638981828,462082.2705044622,809115.9741001151
NEG00720,80.79103878162604,7.552042662633074,476948.1573326946,834781.5251900803
NEG00721,80.19272350159672,7.351997177752788,410901.0981274509,812741.553969824
NEG00722,80.25545564204215,7.065550841199555,417773.58086051285,781061.0129034916
NEG00723,80.4220700514665,7.921402163136989,436299.4048407349,875653.0315434199
NEG00724,80.3930250685946,7.466676043382893,433026.5902691843,825384.9064023932
NEG00725,80.46568694914947,6.700662802157156,440946.9294810388,740690.5127727429
NEG00726,80.35718673194168,6.775923972742762,428965.82674698374,749025.1704688675
NEG00727,80.36427102779528,7.017314677185766,429784.266212993,775710.535484673
NEG00728,80.49089815292818,7.458406295935143,443825.12141563423,824456.9918554794
NEG00729,80.50037467108386,7.165104833537977,444834.8112733221,792030.6977775276
NEG00730,80.25477769274305,7.142037337044532,417712.30722078006,789517.185086552
NEG00731,80.34641986736244,7.563316887676775,427899.9191865522,836076.4858862251
NEG00732,80.3015245473205,6.819323168765757,422821.5060431798,753831.6048193675
NEG00733,81.00580816575115,7.18161803679649,500641.2666365122,793826.1920006551
NEG00734,80.79541731702575,6.899184636709631,477398.7706360328,762608.9476672997
NEG00735,81.0544797069848,6.985795387244604,506017.52226648404,772178.9435071679
NEG00736,80.91693192529192,7.450940297654535,490834.1328311487,823600.1002767514
NEG00737,80.84209459901359,7.51407203525364,482578.94915341825,830581.520200233
NEG00738,80.46634254143774,7.611774539311264,441136.26251637656,841415.6341405438
NEG00739,80.41845401504851,7.718912875609646,435869.9073206816,853267.1575545317
NEG00740,81.31072389171413,7.013161064266742,534318.9748742677,775215.138480461
NEG00741,80.43746907636876,7.668597100032404,437959.55135866225,847701.6791729007
NEG00742,80.76292604058341,7.656795592420244,473853.186664457,846363.590539574
NEG00743,80.24887985774008,6.843674885531945,417008.3810301516,756532.5484073806
NEG00744,80.28195524589765,7.312137565496077,420743.0679986366,808318.0343750443
NEG00745,80.3555315114558,7.040424476278651,428822.4711767946,778266.7221760366
NEG00746,80.33308187536248,7.006111702600441,426337.542058707,774476.7874628888
NEG00747,80.57715603912075,7.518248570576332,453349.46326604515,831062.6164770828
NEG00748,80.94640739594048,7.328322664826238,494084.8748928179,810044.4072859659
NEG00749,81.20946462968925,7.002439031107292,523135.5137187205,774023.6478686075
NEG00750,80.20965796434804,6.791291116307801,412664.989665408,750748.1569184235
NEG00751,80.55139207274111,7.419994940965316,450495.92629026657,820203.2998039193
NEG00752,80.20048080519189,6.965573261180226,411683.026718124,770017.843771126
NEG00753,80.93515789256243,7.333835270075459,492843.3317742555,810653.9795024713
NEG00754,80.92917796352417,7.331811078125583,492183.2872555751,810430.3084468485
NEG00755,81.0995107099811,6.975279068183773,510991.642956009,771017.2130752478
NEG00756,80.48123385216833,7.589885742690793,442775.9569970479,838993.7446523894
NEG00757,80.68043967197521,7.5321528252924566,464745.5538719089,832590.0828590605
NEG00758,80.30168613385318,7.606631059332218,422972.5651509389,840872.8501429479
NEG00759,80.40227733364634,7.0184930132158065,433982.3504508427,775835.2829155761
NEG00760,80.96158218014261,7.4073866761088,495760.4986508927,818784.6298047366
NEG00761,80.59993891880151,7.09598683947737,455821.5831713951,784378.9529542603
NEG00762,80.7519336510921,6.912643888704113,472595.66948236665,764099.1084818457
NEG00763,80.43452028751561,6.766256947865847,437510.62902450905,747945.8411755838
NEG00764,80.66404854114515,7.5490098614567716,462938.67035402806,834455.0012017414
NEG00765,80.52095274545,7.739361285975865,447175.79908613133,855513.756629842
NEG00766,80.5728184177109,6.999591551151971,452816.8873646326,773725.148083439
NEG00767,80.71545531134855,6.919140088311654,468566.2415846432,764819.5012656583
NEG00768,80.34044101872949,7.323723009947734,427200.8267730079,809588.9869046009
NEG00769,80.58069049205369,7.655950670782975,453754.12085020373,846285.5218856465
NEG00770,80.4434463705536,7.762715530462923,438632.36609847064,858106.0940910922
NEG00771,81.17312276391642,6.980625363705527,519122.40314842184,771610.5788770287
NEG00772,80.33545272258587,7.524431170896298,426683.4732357768,831779.2526443163
NEG00773,80.5789594756079,7.111838262379523,453506.3933576087,786133.377512739
NEG00774,80.74224325864893,6.902486770165493,471524.54015967157,762976.8362495095
NEG00775,80.21444919316487,6.909343709476097,413215.8111450051,763798.7185002426
NEG00776,80.64569002915906,7.017217024288078,460867.292267934,775666.9307194275
NEG00777,80.94661997384823,7.392439217804132,494109.18353887054,817132.3811429783
NEG00778,81.32560663188181,7.049795670345575,535959.9500458809,779266.1509540856
NEG00779,80.21472808857831,7.002442004241826,413263.70912496635,774091.2868343614
NEG00780,80.4685589015028,6.819534702078267,441278.69932622055,753831.4665871295
NEG00781,80.91516269043652,7.5755413432981005,490641.5792915074,837374.6761713678
NEG00782,80.63961486611372,7.636759261377023,460251.23722406715,844157.9854236188
NEG00783,80.3371483978655,7.246241633415089,426824.81944344565,801023.5599603527
NEG00784,81.0376652168976,7.420029772778455,504156.33118478046,820182.2987140326
NEG00785,80.73186487879276,7.460017468387559,470414.04673080443,824611.6967164848
NEG00786,80.95437200349191,7.181054046828873,494962.30787426664,793764.0910650678
NEG00787,80.01437770544996,6.5956846282048645,391040.72994725284,729161.2337535949
NEG00788,80.86104996906268,6.926797511481787,484650.4324125704,765658.8416910253
NEG00789,80.55670140206703,7.303696412333645,451069.0779976129,807345.7348146162
NEG00790,80.40336716076915,7.947289985763463,434241.97794075543,878518.0238492753
NEG00791,81.16148437765253,6.949599257517885,517838.04536916915,768180.2859635006
NEG00792,80.70464040868744,6.799897914806051,467363.3890516854,751638.3272363397
NEG00793,80.19575396806485,7.313124445599735,411227.8915565455,808443.2318701631
NEG00794,80.69697880059965,7.2460979129626715,466548.6866612303,800965.4375945773
NEG00795,80.3176211148017,6.972542779268465,424624.4131311061,770768.0567934796
NEG00796,81.02890367191038,6.786682436778862,503193.8681591114,750167.5496281129
NEG00797,80.69101603215317,6.93730049232488,465867.7066489846,766828.7780424604
NEG00798,81.01070864772177,6.780790839432176,501183.32450846146,749516.1777094292
NEG00799,81.0002488395819,6.905800785447517,500027.4900622094,763335.4899523216
NEG00800,80.76743526625819,7.300045221487876,474329.6751986846,806924.6584508307
NEG00801,80.532622714001,6.799398016337585,448355.4071431535,751598.0442736169
NEG00802,81.11251436126075,7.188359117143871,512422.2846103762,794572.9231616035
NEG00803,80.19959903812627,7.008171114314628,411593.62157860666,774727.4999817909
NEG00804,80.70722173919394,7.257627318433975,467680.2637079608,802239.2619066158
NEG00805,80.31582420342058,6.89727252687295,424413.9187240255,762446.9217599216
NEG00806,80.40130444099212,7.475149053779633,433941.43872477935,826320.3882417931
NEG00807,81.18667508049614,7.011763760808108,520617.9732482854,775053.4092218317
NEG00808,80.92171863979141,6.8428116717902965,491350.8797385212,756373.0026000743
NEG00809,80.39446959412652,7.316944522952167,433163.47625336365,808831.2043425165
NEG00810,80.42830954324545,7.213032869919899,436884.25111701706,797338.5553323841
NEG00811,80.66932287353696,7.4499663767127275,463512.2800421576,823505.2253495605
NEG00812,81.08217927594039,6.89833405572965,509078.7388040952,762510.8542709778
NEG00813,80.39675288034451,7.291997123000173,433411.81509006966,806072.8318959845
NEG00814,80.51976552645337,6.9209574429929015,446948.1265478612,765037.7912002158
NEG00815,81.21822330968509,7.125775026477609,524096.5341175213,787658.5884950443
NEG00816,80.56351260773822,7.256509508992284,451815.87134324084,802128.4417688561
NEG00817,80.6314063874286,7.293338204143555,459314.13689733343,806193.2054867465
NEG00818,81.2409469436884,7.073708599072849,526608.7161674391,781903.9985270072
NEG00819,80.46943541362305,6.931242639033162,441389.2418298514,766180.7382011816
NEG00820,80.44081753809647,7.025212292386361,438240.0860664666,776572.8596723501
NEG00821,80.45698442856744,7.5218853627793285,440091.60714148503,831479.3000571514
NEG00822,80.91076570055682,7.586051185124018,490156.7847993142,838536.6310203952
NEG00823,80.9943986828299,7.379495868161579,499381.84206575505,815701.1654821299
NEG00824,80.65427062745376,7.654956801956043,461869.3324545881,846168.4298538347
NEG00825,80.85260382270816,6.819679975660759,483713.75382629706,753817.6754533162
NEG00826,81.15163437665244,6.918899715350933,516751.0667053385,764786.1960940085
NEG00827,80.61442389633571,7.3044247195264855,457440.6073947811,807420.3904476091
NEG00828,81.05093030356478,6.849016219054007,505627.0937673129,757058.4836269044
NEG00829,80.32905593723103,6.97711665471892,425888.2798503387,771271.9051950033
NEG00830,80.20028200120056,7.348720923432143,411734.7339568556,812377.8382950368
NEG00831,81.0367123811422,6.914101150098567,504055.65746338514,764253.2194095805
NEG00832,80.84288812207542,7.167438972955144,482653.0697161065,792261.6973349488
NEG00833,80.38125961715141,7.595769303013057,431748.54692694114,839658.6657064153
NEG00834,80.33055678228942,7.35825600286699,426115.50084337924,813408.4128985925
NEG00835,80.84146123931042,7.562970785297011,482511.0353789517,835987.280898171
NEG00836,80.53136470579447,7.0217411711302145,448240.5861097202,776178.1549362612
NEG00837,80.768969288121,6.957348343689102,474480.043006763,769040.1096697964
NEG00838,80.72922552937344,7.153709254981449,470102.4663664421,790749.7444593965
NEG00839,80.5068553177122,7.521982359756291,445593.7822061143,831483.5104489044
NEG00840,80.33606486501756,7.086560218576917,426679.67705480324,783370.225764628
NEG00841,80.50001952041637,6.901917638390462,444764.5066205339,762935.1848891088
NEG00842,81.08486030807381,7.184242600227604,509369.1870884085,794117.1943117328
NEG00843,80.27015161054202,7.163534210946949,419413.7605954264,791891.0764494075
NEG00844,80.4205645833336,7.207577561026843,436028.39855738607,796736.5328799938
NEG00845,81.01322621390601,7.348679562159743,501459.7376775658,812294.4934456102
NEG00846,80.50994013228555,7.587476703474527,445942.26500340336,838723.7351012204
NEG00847,80.83958839573089,6.87000094811964,482277.4928507471,759380.9283063146
NEG00848,80.28904205167879,7.098726024024396,421488.6178006885,784722.9070023504
NEG00849,80.3174924385214,6.979151143202708,424611.25589035515,771498.6589608699
NEG00850,80.51916978148063,7.315293748385786,446927.64756461326,808632.0887049213
NEG00851,80.25990408153524,7.051868605231686,418262.4857219857,779547.5791631764
NEG00852,80.29275109874042,7.0506123505110425,421890.14255769557,779403.0681956981
NEG00853,80.95434226699895,7.167675963015152,494958.87754564075,792285.1790893021
NEG00854,80.25261998466759,6.921014866440102,417435.01823668997,765082.2401007104
NEG00855,81.31754180859764,6.847828353130643,535084.2336232397,756938.4637827957
NEG00856,80.53469168703202,7.2581672880369865,448634.4330237324,802314.8741150507
NEG00857,80.32020095999432,7.0290821020292125,424918.43557280453,777018.3015918098
NEG00858,81.00683939569218,7.254602605601661,500755.00142504135,801894.4604021342
NEG00859,80.64737101234216,6.9002421389716275,461043.3128269425,762735.4060281481
NEG00860,80.65164397040081,7.6023823513333255,461574.9424200087,840356.4743012345
NEG00861,81.26121506262004,7.0634158604529045,528847.6569607825,780767.3650019463
NEG00862,80.44330863634416,7.192322250921979,438537.4426393419,795046.8953972887
NEG00863,80.39468710840552,7.516201035301603,433217.5277274697,830859.8855586383
NEG00864,80.36702562598983,7.964915069673991,430239.41406529315,880472.5580052101
NEG00865,80.61534281695506,6.9196590929255315,457506.68192192854,764884.6572694792
NEG00866,80.85727464079795,6.788902945441663,484228.8434767677,750415.243843033
NEG00867,80.43789410209052,7.685557598012243,438008.88562037726,849576.6859973504
NEG00868,80.7796241312707,7.605207500125284,475691.91013769084,840659.5259705256
NEG00869,81.0089412862223,7.35664733206186,500986.8054267949,813175.3045854303
NEG00870,80.74939281267503,6.85604267145456,472311.69629821903,757842.1591047792
NEG00871,80.503406988804,7.590300171029104,445221.944076034,839036.6985038446
NEG00872,80.380261696279,7.358309248005263,431601.51233903243,813406.3945336202
NEG00873,80.25669991059203,6.930446838275978,417887.39417168044,766124.2877770286
NEG00874,80.54478045865682,6.828065672441067,449701.8378203066,754765.9468036821
NEG00875,80.37664205069808,7.154127795998368,431170.9880482341,790833.846207063
NEG00876,80.68686527060544,7.346104276201909,465439.8900839839,812021.8540498514
NEG00877,81.30054138639555,6.82107416819788,533207.7372750649,753979.6541205249
NEG00878,80.85597826472063,6.920934090447214,484089.97253258777,765010.8277603646
NEG00879,80.4735897232269,7.2713493418757755,441890.882227978,803779.5564820247
NEG00880,80.5587191174958,7.390703487137621,451301.269899213,816964.269536215
NEG00881,80.14482379871953,7.177918190368822,405577.71933534736,793505.2319532711
NEG00882,80.50637970809487,7.647539616994066,445557.0943040348,845364.3478401584
NEG00883,80.66718931544054,6.961931204137985,463237.5449683456,769553.4374642039
NEG00884,80.862243554337,7.5350041077389145,484802.63322439394,832894.7980539924
NEG00885,80.29221430377399,7.087780369694423,421837.10233543854,783512.2718957867
NEG00886,80.24338612283917,7.3537704914263164,416493.3772248747,812927.8408966666
NEG00887,80.70238585554544,7.77625947084218,467185.3874012272,859574.6534550978
NEG00888,80.89560934798311,7.465721435083233,488481.748967448,825234.638288762
NEG00889,80.91838635362298,6.9974405144941425,490985.63683193224,773466.7056730406
NEG00890,80.27614166358597,7.2824832379475115,420096.0772301375,805040.581984429
NEG00891,81.20328822012837,7.198013484075942,522443.8403650824,795643.6514686425
NEG00892,80.2026379839296,6.996937602170837,411927.1950465672,773484.9854563947
NEG00893,80.22808122284617,7.160818835165415,414767.7860577355,791598.4647852445
NEG00894,80.40300700563515,7.7292539454510125,434168.02750728035,854412.777287086
NEG00895,80.26506909152967,7.0215830954062755,418827.6876807819,776198.4453278386
NEG00896,80.65605826758467,7.44161062319305,462047.89573534083,822582.6088490513
NEG00897,80.16242011852454,6.940846927220369,407473.6199352995,767291.4383941495
NEG00898,80.9366933016857,7.438486616968963,493014.4393101202,822223.0002853635
NEG00899,80.67989458481102,6.7773204189020735,464627.3527065733,749144.186174679
NEG00900,80.42608033515772,7.786443578581706,436721.0172235335,860731.9176963471
NEG00901,80.50516991551413,7.041573822936454,445349.6969270932,778373.6423979615
NEG00902,80.8795839770329,7.486637574827561,486714.17224936635,827547.3489427508
NEG00903,80.78437773728125,7.621640124179576,476217.1547055659,842475.8933195595
NEG00904,80.16431692714637,7.020939220131937,407698.8705000491,776145.9068899398
NEG00905,80.50044352110478,6.87699751417403,444808.46802164783,760180.2128937873
NEG00906,80.44156622501089,7.2229343453669745,438349.2010635978,798431.3776432687
NEG00907,80.28554546602588,7.08235634928655,421099.6831540445,782913.7455251061
NEG00908,80.41401521736385,6.9290834973707875,435266.55374067905,765949.2403627222
NEG00909,80.45925802251182,7.761840109116407,440375.74411129,858007.0567076392
NEG00910,80.2570444967506,7.343959915882765,417999.1205367877,811840.6853145192
NEG00911,80.44595670313748,7.576971455046886,438882.6700135745,837570.8254493944
NEG00912,80.88212200385372,7.352707749203457,486990.26645491866,812741.4934882557
NEG00913,80.46529704154972,7.630937417898191,441023.56025197566,843534.3141919237
NEG00914,80.61995002338772,7.358087481868375,458055.6043840717,813352.3169514996
NEG00915,80.65811433528961,6.993481051147493,462237.6343978853,773041.9364382315
NEG00916,80.31750575088215,7.2646320645869595,424659.3392253987,803059.9327988947
NEG00917,80.87243662509589,6.8384666198623965,485905.69332879374,755893.8396057434
NEG00918,80.41587257558133,7.2206634332394914,435512.22002745594,798183.8772862582
NEG00919,80.73966749063266,7.121409386385825,471253.40639397583,787178.3835324611
NEG00920,80.4777409317506,6.979637852599267,442312.6720569482,771529.851039418
NEG00921,80.9966557196138,7.163129587652158,499630.7505612448,791782.3402180915
NEG00922,80.27401815433659,6.825301295626339,419783.00818307407,754496.9995613396
NEG00923,80.39281784781622,7.610655158283969,433025.8561972634,841302.5759526609
NEG00924,80.72248797062488,7.775429036642145,469401.7820520615,859481.342430208
NEG00925,80.61992908315837,7.150129467982211,458034.0364927113,790362.536241836
NEG00926,80.3509156470103,6.955829120192644,428299.74741606216,768915.1188073717
NEG00927,80.79230738738588,6.865354311390503,477053.57585760334,758869.2654826331
NEG00928,80.71428169522828,6.8561120312589825,468432.4239318507,757851.9940612997
NEG00929,80.93373290823824,7.053994674627676,492681.57460559363,779718.3164026538
NEG00930,81.04810019689614,6.915955996714667,505313.6616300356,764458.3776945657
NEG00931,80.36717188640498,7.171281313385641,430127.89609235583,792731.6618201263
NEG00932,81.10664102328356,6.885849979578774,511781.4563060703,761131.3217055371
NEG00933,80.84029382582476,6.793180455773734,482352.61426268786,750888.6908538048
NEG00934,80.52363465715551,7.653480582201987,447460.96625142876,846018.9980290555
NEG00935,80.52169152632034,7.569084066574144,447236.3337793305,836688.9256715416
NEG00936,80.47812802427755,6.988151636976348,442356.4728170694,772471.0105370813
NEG00937,80.67380713915503,6.943808226638589,463967.1805450157,767549.467833909
NEG00938,80.76351036403766,6.939764161174657,473876.0690848158,767096.5253140691
NEG00939,80.38322052744098,6.758011133386749,431840.2941698669,747041.1437906438
NEG00940,80.29642947086847,6.889057303754517,422269.79330283025,761541.8109371802
NEG00941,80.30282836622322,7.176678768925233,423024.1508214552,793338.6737614238
NEG00942,80.72866397831089,7.02393560463171,470032.0779731866,776403.5424857496
NEG00943,80.27607928902104,6.925898323475438,420027.58690082113,765618.1196135595
NEG00944,80.65222084192509,6.89644054771503,461578.7978345648,762314.7540748182
NEG00945,80.57825170346447,7.610381972531054,453480.2150640249,841248.0495358715
NEG00946,80.87683409644178,6.856245750905767,486392.0685202139,757859.1261655693
NEG00947,80.30094337004921,7.24176383642833,422827.0330280606,800534.5060852509
NEG00948,80.43420961710294,6.790522088128322,437479.4234015902,750628.411414844
NEG00949,80.53012148346984,7.1390260282885,448116.37981141335,789144.1967846977
NEG00950,80.53091475812458,7.433757664250604,448237.8081283014,821727.1362198449
NEG00951,80.65178986148493,6.826317238704584,461525.55589601776,754562.8052459678
NEG00952,80.46303537692656,6.929996717539953,440682.06248114764,766043.7952731558
NEG00953,80.51065508945408,7.32083039803779,445988.46956767666,809245.1895022825
NEG00954,80.73608517651466,7.775798026486315,470901.03328228806,859521.1764591855
NEG00955,80.4907916409116,7.1104451666408295,443770.01897549623,785989.1545908427
NEG00956,80.30253822110173,6.931193473745554,422951.54121566744,766199.1483504529
NEG00957,80.2658721294923,7.156180733890187,418939.9179979994,791078.8572632853
NEG00958,80.99225145153585,7.281472029400809,499144.687948925,804864.8180659012
NEG00959,80.20379407311933,6.901292188172159,412037.11957337486,762910.525179749
NEG00960,80.72628597833273,7.751119313907548,469818.8156927745,856793.5929789536
NEG00961,80.58597571909733,7.1159144428023895,454281.58202606725,786583.299761073
NEG00962,80.87990137585713,6.963521058598084,486733.94662577054,769717.9340407461
NEG00963,80.28836903995936,7.322559203197491,421452.87337540166,809469.0884225543
NEG00964,80.32302742117494,7.392659086945352,425290.23891425214,817213.1257661211
NEG00965,80.70279976634406,6.868773066832506,467164.7000331386,759252.4083411989
NEG00966,80.36187845980982,7.278220554391385,429559.9724123582,804555.0626818085
NEG00967,80.52820525124224,7.6264138275995546,447961.79902450857,843026.1232860212
NEG00968,80.48736842343504,7.239314541753949,443407.9168544896,800236.2975757223
NEG00969,80.02239115234276,6.539690501669145,391914.6080082379,722968.7601579442
NEG00970,80.76031644560389,7.115153460447796,473533.1728054112,786485.5697723413
NEG00971,80.36472314401851,7.929601314363515,429979.6603310231,876568.7344600686
NEG00972,80.77479785203452,7.652709608539844,475162.2952840537,845911.1789081614
NEG00973,80.89670063544294,7.202526024684595,488595.46307316294,796138.8015410636
NEG00974,80.42499854972539,7.469572963814796,436555.06960192113,825700.4440171411
NEG00975,80.92636675199755,7.565689611585366,491877.3178892812,836285.3477884915
NEG00976,80.90214299473988,7.660828877739153,489207.5075900206,846803.4904310661
NEG00977,80.14843792512926,6.792414390622309,405899.7520626197,750883.8073079503
NEG00978,80.64297468149849,7.419697829561094,460602.2229273106,820161.2779804448
NEG00979,80.2016264580328,7.333139565753563,411880.0644210031,810654.9201427221
NEG00980,81.13794324138352,6.9029974691631315,515239.11171274027,763027.7991124974
NEG00981,80.9360370671697,6.874935296763245,492933.36268930783,759923.9051001915
NEG00982,80.38850846038592,7.601980649368259,432549.144603105,840344.2298786077
NEG00983,80.24439181255876,7.368337730360138,416607.10170909355,814538.1727817466
NEG00984,80.51590221942072,7.053821261757954,446536.4315734633,779726.3628558405
NEG00985,80.59637662046137,7.481633694095961,455466.2993858871,827012.7812254016
NEG00986,80.49429618395548,6.845598450503472,444125.62631247414,756709.7567049741
NEG00987,80.26550282071705,7.237682376158549,418913.6097511862,800089.4445697693
NEG00988,80.95778302729005,7.334621951817065,495340.49227397447,810740.6479163405
NEG00989,80.66031598361413,7.492848226352221,462522.08129028114,828246.5979146552
NEG00990,81.18535159209766,7.157825051704313,520465.3529759028,791200.0614828574
NEG00991,80.99925493955458,7.301826033961646,499917.7613196175,807114.9038240656
NEG00992,80.381401335295,7.51106991927888,431750.8899919332,830294.6615270752
NEG00993,80.80613892150268,6.8122750141456105,478579.36180108885,753000.8999015678
NEG00994,80.82512871846045,6.789963826779382,480676.7505970554,750533.6838879895
NEG00995,80.83482957003943,6.777716261293927,481748.2351354361,749179.3886274829
NEG00996,80.89222367990091,7.3452113772623955,488104.9508882309,811912.5006090566
NEG00997,80.6746162171442,7.148141442097908,464072.2920457143,790138.1349187243
NEG00998,81.07518394584339,6.816422199553163,508307.34937959816,753455.7017106053
NEG00999,80.24641768194898,7.038917526859831,416770.6305776944,778118.1424559541
NEG01000,80.84517893541415,7.553048260508568,482920.75854387216,834890.2017246896
NEG01001,80.68051546575927,8.090744540562724,464800.7166261993,894343.6346199873
NEG01002,80.5950238093562,7.569879260102197,455326.066155242,836768.622112468
NEG01003,80.74290149003899,7.234398300173629,471617.5187485833,799668.9343356775
NEG01004,80.61751737604843,7.407715518829967,457791.82661205274,818838.9636337849
NEG01005,80.81855184197502,6.9628305191042,479957.25017539837,769643.7590400343
NEG01006,80.21795011242244,6.8347753109238925,413589.13602890365,755554.0973729513
NEG01007,80.21194511626113,7.199643890824088,412993.3723395061,795893.8930837731
NEG01008,80.50858985869051,7.639481062982666,445799.8481018419,844473.1665475253
NEG01009,80.46994771352986,6.796791647342573,441429.4022437118,751317.0468516863
NEG01010,80.79286781961112,7.602646065849669,477152.59783532115,840375.6376584084
NEG01011,80.52274812617868,7.6167698065235285,447358.695579582,841960.6065601658
NEG01012,80.4486813286008,7.588248771619338,439184.81956781936,838817.1995208323
NEG01013,80.39993608909066,7.5327428599832755,433799.1618809722,832687.8697122403
NEG01014,80.54933072994645,7.743184625625056,450305.53173413576,855933.0211143286
NEG01015,80.70222323372185,8.035571946253436,467187.95015250135,888242.3073944431
NEG01016,81.29828665774212,6.86860692158325,532955.3428538272,759234.1160171569
NEG01017,80.31029153471019,7.189279153235298,423850.30724002596,794730.4658946521
NEG01018,80.86855170189624,6.850079439138386,485476.80361750093,757177.7069532432
NEG01019,80.22766038461354,6.897645713926311,414673.3169162537,762503.0487406072
NEG01020,80.99125469125988,7.235392412112038,499034.5638050224,799770.8212728803
NEG01021,80.5510982083013,7.106081480884922,450429.1226205349,785499.8550566164
NEG01022,80.7351284325082,7.227274428679597,470758.9451866262,798881.8912364547
NEG01023,81.06917517759726,6.810629419987244,507643.5099760698,752815.2352855481
NEG01024,80.2924913346483,6.92998354778656,421841.40967144765,766067.0279790058
NEG01025,80.66739243356874,7.238986769159631,463281.959681103,800181.5893236537
NEG01026,81.01546673528665,7.176476243752265,501707.66696670745,793257.8049699877
NEG01027,80.56440821006701,7.268758138639793,451916.0407656807,803482.4437560135
NEG01028,80.24706515351548,7.304180606583836,416890.2592224642,807444.6270524781
NEG01029,80.22316945318559,7.189629672709726,414230.8100894733,794784.6262862873
NEG01030,80.34618336651637,7.117142772187351,427801.91105536494,786749.6651654573
NEG01031,81.24038800447613,6.970467790483968,526552.8439167946,770490.9443579458
NEG01032,81.1775932528318,7.129108649718086,519609.947003204,788025.1903608951
NEG01033,81.01925099786915,7.402735389776966,502124.41733329545,818270.2998880628
NEG01034,80.3761800321148,7.467612285699785,431167.9905926778,825491.007276377
NEG01035,80.93250864003755,7.498370835598656,492553.6973431496,828843.2015123679
NEG01036,80.28153416839429,7.132010142281217,420665.1927988106,788403.9295415975
NEG01037,81.0027043622022,7.195035508495162,500298.57384295744,795309.4557916354
NEG01038,80.32639266355746,6.916947229405338,425584.6249930118,764620.3688119163
NEG01039,80.95080892552578,7.33687859244747,494570.78446035035,810990.1938241742
NEG01040,80.49423060277024,6.964436378132815,444132.3228665206,769847.3330453078
NEG01041,80.79269406917982,6.856380291669681,477095.86887124536,757877.1996704318
NEG01042,80.54368823197177,7.0531616073825525,449605.10182506917,779650.3452202728
NEG01043,81.22055001114747,7.17085465239509,524351.065990428,792642.1745448972
NEG01044,80.2448099347782,6.925549604854646,416572.97003133,765584.9440762732
NEG01045,80.46515872996666,7.245849987658413,440956.85485467355,800961.6310989439
NEG01046,80.24699170465355,7.389255999653112,416897.95932647394,816850.362961647
NEG01047,80.60323009513678,7.193714771275161,456194.3363622893,795182.4445120646
NEG01048,81.168347532956,6.923253433189067,518597.2054984306,765268.1059979885
NEG01049,80.15166001468563,6.799952386423307,406257.2887710301,751716.5641097629
NEG01050,80.75506496956804,7.088125901352768,472951.70106889925,783498.0309871605
NEG01051,80.22959341453803,7.361213968394921,414972.42008840997,813753.3734620049
NEG01052,80.55974432538272,7.229403874106842,451396.9772334121,799132.2922277048
NEG01053,80.60538309636107,6.909861930913582,456405.5105288988,763802.4952298308
NEG01054,80.56196851009567,7.292715148646683,451649.28896978777,806131.1754904813
NEG01055,80.26155508766954,6.919140683025379,418421.83390008006,764873.4970608047
NEG01056,80.36820627943467,7.910376112306912,430360.35771427676,874442.6559749129
NEG01057,80.36048760434187,7.9402769105578965,429514.61829270236,877749.722163908
NEG01058,80.5425112496706,7.717957021691839,449550.54922954855,853144.8228813361
NEG01059,80.83081769988306,6.8489719766030905,481307.6711091382,757056.5856108431
NEG01060,81.10805446638089,6.926928610301598,511936.58063634764,765672.4469566352
NEG01061,80.19300819624932,6.842895033632546,410834.56458607235,756456.3341515327
NEG01062,80.99233314069464,7.340043912717571,499153.81534017494,811339.8237512527
NEG01063,80.34739718964182,7.159580912529148,427942.59478289256,791441.1897931127
NEG01064,80.6395088745827,6.972086005247938,460180.76677382016,770678.2779847535
NEG01065,80.87460352097264,6.884451711678593,486146.4402995196,760977.2514572669
NEG01066,80.50591199096998,6.7918833994577765,445402.989017233,750770.2383621832
NEG01067,80.88594186894728,7.009706830617265,487402.41463652323,774823.4526797608
NEG01068,80.5035935175547,7.714384680209382,445258.34707449115,852754.6839103366
NEG01069,80.63112721113353,7.364252766014643,459289.75906415173,814032.859642367
NEG01070,80.69246322902613,7.253662032431437,466050.7625390707,801801.9805393247
NEG01071,80.29966766484928,7.029360904656097,422650.53819140384,777052.467320018
NEG01072,80.35644614551887,7.267208404078116,428958.562415763,803338.4682283069
NEG01073,81.01550936354681,7.424037225776557,501711.43217677344,820625.1704111322
NEG01074,81.26078057837644,7.024924455717579,528802.0488540046,776512.1957673964
NEG01075,80.5570235779533,7.20142705660008,451093.6049125176,796039.7246110797
NEG01076,80.97986780910256,6.878065166407241,497775.8065808781,760269.474173382
NEG01077,80.66124007312351,7.306160822720753,462608.32356404717,807608.1633998521
NEG01078,80.91069625944411,7.007359350223706,490136.46083058894,774563.354320415
NEG01079,81.25186641386445,6.988543793065072,527819.6695921721,772489.861875915
NEG01080,81.20439900907917,7.183821243106021,522567.1770745105,794074.7805037296
NEG01081,80.65563741925033,6.9600457252051156,461961.3494406685,769345.9149913914
NEG01082,80.9330222695505,6.893884098789878,492600.58063042903,762018.6662329354
NEG01083,80.33417537579012,7.329464123313031,426510.163572196,810224.7175578593
NEG01084,80.19818781961837,6.884883883434435,411414.6680403806,761097.5164557395
NEG01085,80.89485331329816,6.881513813438466,488383.5293307679,760651.9385487435
NEG01086,80.361833143247,7.101396791100607,429527.71779268567,785006.4737923824
NEG01087,81.21345037190962,7.148260973003436,523568.34644725954,790144.1170400293
NEG01088,80.4165093288679,7.6801484371868565,435649.60194985056,848981.8271420402
NEG01089,80.52553042017675,7.204549311628669,447616.9159344754,796388.383425643
NEG01090,80.28586834934815,7.118267406494419,421141.45923528075,786883.851538009
NEG01091,80.95619242633911,7.366999561884521,495165.28698560834,814319.9528332965
NEG01092,80.85206837257232,6.851283737392665,483655.66379241133,757311.3671326571
NEG01093,80.70773095942383,7.632878771960323,467763.89761655946,843723.3067846586
NEG01094,80.2295864800086,7.349540872115789,414969.43296108744,812462.8209330832
NEG01095,80.22538002483874,7.314668397202486,414498.4863703867,808608.191887036
NEG01096,80.39207646060967,7.53476174985607,432932.3433328817,832912.2668038319
NEG01097,80.49373361127118,7.158322454650444,444100.7066871684,791281.6984305804
NEG01098,80.14823949985848,6.93683747179536,405906.1970740891,766850.9514615291
NEG01099,81.0763132165933,6.936152003568397,508430.01608464663,766691.3786548743
NEG01100,80.2377645812725,6.945703715817522,415798.19375516666,767814.3407041499
NEG01101,80.64395675085147,6.813700006847405,460659.01955738536,753168.6304277855
NEG01102,80.47685161847673,7.031152692192815,442220.7804069835,777224.9800205721
NEG01103,80.44525891582407,6.72410079971487,438692.0575247152,743284.0939014168
NEG01104,80.6155811116266,7.372602366676634,457574.8005496426,814957.3597728362
NEG01105,80.89736457524664,7.625650149061878,488679.5762487444,842914.6099768877
NEG01106,80.55497219032087,7.327211321928431,450880.7764422436,809945.5265672599
NEG01107,80.4037762627944,7.200733510504706,434173.8602694858,795982.2862333591
NEG01108,80.76540378787693,7.2720758967830195,474103.8352943928,803832.7992369203
NEG01109,80.74405508639889,7.302149536850849,471749.10419107234,807158.6864512481
NEG01110,80.24566725863518,7.232716625729833,416722.7882957317,799544.0309353559
NEG01111,80.3814446756087,7.25398220608899,431716.24327271595,801872.4133740774
NEG01112,80.36864037214556,6.985644230380106,430262.17270317196,772208.6175717931
NEG01113,80.40612099413642,6.9951824326403,434403.63380053925,773257.7036493453
NEG01114,80.4744798019579,7.391364411399407,442004.66807869443,817047.4264340262
NEG01115,80.32321927095268,7.614250652146705,425349.20238894067,841711.4762715151
NEG01116,80.51632939973287,7.3020756665451945,446612.5596450506,807171.1413417116
NEG01117,80.72630239622411,7.392510307462493,469795.6717169399,817149.1691819516
NEG01118,80.24042450056922,6.7775416970916975,416062.59628541826,749222.6508455469
NEG01119,81.01851413848696,6.798838669625184,502045.76884359587,751511.3113090175
NEG01120,80.36305238795836,6.787189523678083,429615.6731453234,750269.7478472433
NEG01121,80.50062928682335,6.9609577053366225,444838.7377123493,769462.0123884664
NEG01122,80.2138781577978,7.191951682862569,413205.3447014945,795043.0934705423
NEG01123,80.60341414819895,7.238382550396206,456218.95060842525,800120.4562426021
NEG01124,81.18925217190521,7.069315421168821,520900.03418241104,781415.7045656195
NEG01125,80.53825015377674,6.8741736637317175,448985.1759376931,759863.841907299
NEG01126,80.46276515866131,7.229903704090923,440690.5293146646,799199.0429418645
NEG01127,80.2090930089347,7.248599635105156,412687.85662617226,801306.8796674146
NEG01128,81.2394837602211,7.120221023738762,526444.4748503518,787045.7674891936
NEG01129,81.01367207259923,7.261817087361518,501509.23712906626,802692.0223052123
NEG01130,80.6037700600046,7.134212583846873,456248.27938141295,788604.4326635832
NEG01131,80.81160450241664,6.875949111752185,479186.04030061234,760039.6028451017
NEG01132,80.25182305742548,7.1191574788956515,417381.9369654972,786988.2002377547
NEG01133,80.58528750712217,7.410121627692682,454235.34829545673,819108.152371432
NEG01134,80.40989928718133,7.483579511062506,434891.0548296359,827251.1337139361
NEG01135,80.26901604622492,6.913739586787271,419245.1942890401,764275.1057922173
NEG01136,80.41858336324573,6.976589286561613,435777.66310570453,771200.4741507163
NEG01137,80.49244727208935,7.6551566741476735,444021.39767518506,846208.2302413093
NEG01138,80.6929799668635,8.041651030967852,466169.92802636005,888915.1216605521
NEG01139,81.04194949842666,7.368027007165685,504629.6405001495,814433.515513955
NEG01140,80.49606887589044,6.861015394878565,444323.28183224966,758413.8947278189
NEG01141,80.57047678807825,7.186112933353967,452577.33213295107,794345.3231741629
NEG01142,80.82606821342745,6.966186692183523,480787.647111202,770014.4613095918
NEG01143,80.39692390147333,6.780337507805136,433357.75853183476,749507.4599673754
NEG01144,80.49347641426769,7.436996887934303,444106.90463164204,822089.792402959
NEG01145,80.47977858515694,6.6762979009896535,442501.551957387,737995.311075642
NEG01146,81.2404185429749,7.058048105367568,526551.2560741535,780172.7353265238
NEG01147,80.34121672614489,7.21352096807444,427268.7251875023,797405.4815193316
NEG01148,80.29028382920052,7.165355804364748,421637.0839388758,792088.9810735909
NEG01149,80.00844213203608,6.550622824879441,390374.6252693428,724180.4644198057
NEG01150,80.25304980817018,6.958451320505343,417489.0242540125,769220.9688679236
NEG01151,80.917943579598,7.569471773390568,490948.21330654447,836703.6297556518
NEG01152,80.65465252804059,7.079571387629764,461862.2895389162,782559.3874450757
NEG01153,80.71885992251148,7.3587644373919785,468971.98957855545,813419.0872358237
NEG01154,80.82335244637702,7.046762074064198,480491.01482405135,778921.9455007864
NEG01155,80.72628021498349,6.91924895104451,469762.0887417629,764830.8339176496
NEG01156,81.17793141641317,6.965287132403746,519654.18732456455,769915.1823016058
NEG01157,80.9569210617005,6.962079710635128,495241.50350006693,769557.1294694549
NEG01158,80.76461999464154,6.872909012229333,473994.99465395976,759705.8276143703
NEG01159,80.8440983857932,6.9560860457635645,482778.8810233697,768897.1724071368
NEG01160,80.89252426960267,7.535022208256717,488143.22320783546,832895.8615849939
NEG01161,80.97458245202641,7.194476037562594,497193.783989513,795247.6847734835
NEG01162,80.88971137188211,6.9574212163705305,487817.39953559084,769043.3534112363
NEG01163,80.52999094297014,7.55668876160846,448150.4083404677,835317.5908372846
NEG01164,80.35737654180431,7.319730921141073,429069.5406233809,809144.9341036546
NEG01165,81.0642341520866,7.17874766663033,507091.99548045435,793509.3728016141
NEG01166,80.56711686093361,7.030985879031711,452190.3292845552,777196.3571820151
NEG01167,81.00047869811192,7.3805199675409145,500052.828709034,815814.3741375281
NEG01168,80.63434285083127,7.121732554018909,459623.0817767526,787221.9860499002
NEG01169,80.48014215755366,6.932856338532689,442572.2288816645,766357.8252901516
NEG01170,80.302157611851,7.195885950402425,422953.3236840334,795462.2443058543
NEG01171,80.53999745561732,7.743473392199233,449276.38210544013,855966.0473253024
NEG01172,80.66645189164886,7.5146803929027755,463200.9089342416,830659.6426983434
NEG01173,80.45651731504846,7.620093088031854,440053.64062403847,842336.6355507743
NEG01174,80.23395569997153,7.215983194391008,415426.6644480209,797696.1890463991
NEG01175,80.98003575887456,7.227912997101674,497796.016237775,798944.0286565433
NEG01176,80.64601111616597,7.6366848880322,460956.71516782284,844149.1788486778
NEG01177,80.91562149956596,7.372784726885183,490687.8968090047,814960.1359671692
NEG01178,80.35240130270016,7.276947966053509,428513.57730752724,804415.8591715954
NEG01179,80.81964133416835,6.835305114379221,480072.2651956711,755546.2132465475
NEG01180,80.7692209644752,7.267533431419869,474524.94488215446,803330.4190078111
NEG01181,80.3618489522698,7.303909015647502,429560.72952936904,807395.0449822128
NEG01182,80.45329132963326,7.175611286297791,439637.42904474284,793198.1307978603
NEG01183,80.6505886816152,7.396258702136326,461440.4013379812,817569.401811396
NEG01184,80.65064876527445,7.341711779096579,461442.3161273974,811539.2174857906
NEG01185,81.04819770570246,7.183556708736895,505321.379335246,794040.7829613828
NEG01186,80.9817249950979,7.353506950777036,497983.0641209832,812828.1722772649
NEG01187,80.92431207660373,6.865002352524053,491637.8092552499,758826.0465890135
NEG01188,80.43403103282523,7.215654359631741,437516.29445772734,797627.58094167
NEG01189,80.35712506639425,7.928776167914583,429142.0236816238,876478.7967530169
NEG01190,80.29051938621028,6.87976067372445,421615.29128415557,760514.9945358193
NEG01191,80.9918247312942,7.36725401274139,499097.7575670017,814347.8532018545
NEG01192,80.38594028064048,7.642457205344961,432272.21144676843,844819.5464394978
NEG01193,81.38960968552968,6.874216554182171,543044.5344689039,759861.4957997553
NEG01194,80.4936796476857,7.173088869854705,444096.5476825232,792914.1547654598
NEG01195,81.18611072113387,6.996917296693243,520556.29052160826,773412.1505806483
NEG01196,80.23786338243835,6.92084461184687,415804.69539541256,765066.0054967952
NEG01197,80.70734364765968,7.3419336101683985,467699.7700435482,811559.2608545601
NEG01198,80.29492710012504,6.990350861847586,422120.455045416,772740.5075196506
NEG01199,80.61750932017864,7.618718469418067,457811.29937152273,842165.6404028612
NEG01200,80.694860262659,7.525887534076128,466335.98992189823,831896.3140950614
NEG01201,80.73932623814898,6.914591664594618,471203.0149185658,764315.173954362
NEG01202,80.95781286063564,7.209790206118204,495342.49879183056,796940.764962711
NEG01203,80.27592369588845,6.936357671954699,420012.16099710984,766774.4774038671
NEG01204,80.81603625539597,6.99723684496019,479680.86182243715,773447.3824150393
NEG01205,80.35770746734813,7.208298527631862,429088.60596341395,796825.5223594621
NEG01206,80.71212226295772,7.504592298882199,468238.8590315253,829540.8266866098
NEG01207,80.6492654739702,6.996215421871447,461260.46292055835,773344.9364079281
NEG01208,80.87471578258594,7.567919472002323,486179.6241705819,836533.1600895901
NEG01209,80.36580505472135,7.183267307445343,429978.8074469257,794056.9694790471
NEG01210,80.36940866374057,7.283431694698423,430392.0420558358,805130.0111549362
NEG01211,80.87213887896651,7.500203708843295,485893.1694789695,829047.3060022243
NEG01212,80.38407736016832,6.765720795956304,431936.06434174115,747893.3401224549
NEG01213,80.55798133630304,7.637358953782276,451247.35844151,844232.6618998182
NEG01214,80.48879818087502,7.448029426262537,443592.0743912465,823310.0655518111
NEG01215,80.55913434526633,6.999493240713156,451305.4136357217,773715.6751865702
NEG01216,80.4161688310942,7.772880069900589,435626.09417264647,859233.8870274981
NEG01217,80.2681017054379,6.8262437645187966,419129.3967444414,754602.1823144174
NEG01218,80.47944004085004,7.158475299672019,442522.4625660015,791300.3580697775
NEG01219,80.54796900439871,7.256529143362459,450099.9708687447,802132.29294875
NEG01220,80.69903818998486,6.916173148719573,466752.4126666422,764492.6294537821
NEG01221,81.06110677106615,6.849519349969837,506751.44591169804,757114.2337789333
NEG01222,80.25770515368004,7.221178169763521,418049.7478855336,798266.1923141725
NEG01223,80.77228743985452,7.585700002266239,474881.51509013015,838503.3852692047
NEG01224,80.63821001007086,7.46553229816461,460080.5787624102,825228.741801941
NEG01225,80.70009019943038,8.051487975251343,466954.197602661,890002.0474268252
NEG01226,81.19398825090653,7.143882830770216,521419.61140473903,789659.1720695666
NEG01227,80.52586717742741,7.579710317129372,447698.25428753725,837863.185342461
NEG01228,80.22479777041549,7.344997686505991,414440.00248074287,811961.4472204142
NEG01229,80.65356768342053,6.9080597202663085,461728.5264357192,763599.1227382665
NEG01230,79.99659749409732,6.551882214665757,389065.24491818016,724322.3053083466
NEG01231,81.10211327547565,6.983710825696981,511278.91266468144,771949.3766937889
NEG01232,80.90258396556038,7.669541245259813,489256.36002849264,847766.631182526
NEG01233,80.30688399127595,6.813117567671873,423412.74457083235,753144.6992977931
NEG01234,80.36107055152074,7.562151973710797,429515.99495032924,835945.2981037974
NEG01235,80.95045833259572,6.840034428571469,494526.2290349769,756065.5679030467
NEG01236,80.2615027860193,7.06123450030523,418440.6987128351,780582.7531310923
NEG01237,80.98411934608279,7.368494223033412,498247.37747039745,814484.9792392928
NEG01238,81.00170558261743,6.878018234246329,500188.4318477476,760264.239551954
NEG01239,80.69910558904992,7.357946549774934,466791.7238757327,813330.0883281121
NEG01240,80.63447654000389,7.355305009254399,459658.6005888705,813043.3774316284
NEG01241,80.88846305155091,7.149489194097091,487684.58407537866,790275.9224637623
NEG01242,80.55115236667203,6.841593724082085,450407.29177612026,756260.800131529
NEG01243,80.49911522567074,7.410429542920313,444725.8255186704,819151.9929177582
NEG01244,80.6534974963308,7.0256818594755615,461730.31093796744,776602.0621706706
NEG01245,80.52955994261893,7.564308490222226,448103.7710568125,836160.0251325826
NEG01246,81.20638115066197,7.095279274805772,522790.4032294729,784286.7505782647
NEG01247,80.5169873403983,7.596784640018305,446720.7956433916,839751.8859885276
NEG01248,80.8564368198485,7.569168401481534,484163.27356899687,836671.8518409485
NEG01249,80.39042916268504,7.142051917398326,432691.60210480716,789496.7775198082
NEG01250,80.41091359178115,7.265667624729906,434971.17832065583,803159.9476658439
NEG01251,81.07997609446905,6.9796529657481186,508833.82667018945,771500.321848817
NEG01252,80.42503815735428,7.7723181665592,436603.984208008,859170.4277955692
NEG01253,81.04734205092008,6.894027005965395,505230.14951756207,762034.2042987117
NEG01254,80.20239739089094,6.782817502535341,411861.08416111185,749812.6627078919
NEG01255,80.6006267294649,7.05336795676858,455893.493891505,779667.3910618033
NEG01256,81.04510538779016,6.791038727798181,504984.1202039394,750649.2550325713
NEG01257,80.51813672316113,7.197698425255355,446799.80910234404,795631.8634232528
NEG01258,80.75582119842065,6.994262349577441,473029.7914807405,773121.5866140842
NEG01259,81.13618643265231,6.9511919058009335,515043.50274819403,768355.4694926197
NEG01260,81.25066575251188,7.068206523936517,527682.3364759954,781296.3227154289
NEG01261,80.82473269285221,7.459900473463516,480661.0892034174,824593.6150436288
NEG01262,80.34272876963007,7.2581379721968515,427442.7929909101,802337.8623705775
NEG01263,81.4208903947134,6.859763323294433,546501.9257807105,758266.6337662382
NEG01264,80.5822813492566,7.617360608008444,453925.44700469065,842019.1231047965
NEG01265,80.80665555908067,7.600713683412708,478673.3440493801,840161.3094221822
NEG01266,81.20737226442698,7.148930324552164,522897.18961302604,790217.8057853507
NEG01267,80.38402852457847,7.967189375349869,432113.7619128636,880721.1693830721
NEG01268,80.18802176738292,6.925459026200246,410299.0788856778,765585.2766254724
NEG01269,80.73318180102575,7.159918067342682,470539.69899377204,791435.8637990946
NEG01270,81.32071958678908,7.072973924014586,535418.4567083301,781828.0987895632
NEG01271,80.5128530060821,6.859617662693246,446177.56024627364,758257.4596820023
NEG01272,80.2100077017813,6.782933933040524,412702.13340674405,749824.1585230889
NEG01273,80.53751769595863,7.229441956172254,448943.17168792326,799138.9349291486
NEG01274,80.34600868085981,6.810369036908296,427735.68409906497,752834.8121614191
NEG01275,80.65334244019273,6.802728828884217,461695.23345589975,751955.0382323435
NEG01276,80.43598085593568,7.050782003555636,437709.28287859354,779400.2813354887
NEG01277,80.4316100907614,7.271106931124018,437256.6789631224,803758.3611570204
NEG01278,80.24484081559307,7.215225138247976,416628.3398568904,797610.3765807154
NEG01279,80.23514660051232,7.1774976700221895,415551.0346593693,793441.121454363
NEG01280,81.26611015259759,6.87276004592996,529400.1326899233,759691.1378687902
NEG01281,80.4963045899297,7.32887150244901,444405.4878797561,810135.900854886
NEG01282,80.65145922878405,7.2214246795636,461521.51468061283,798241.4244355164
NEG01283,80.20751286879866,6.93127458255542,412453.5100110939,766224.5886612975
NEG01284,80.42709747893451,7.660222118525564,436814.41644232074,846777.2943155346
NEG01285,80.84309335116265,6.823106033583856,482663.03397048573,754196.7441995189
NEG01286,80.25754340925018,7.355386966732335,418056.2834489266,813103.93738651
NEG01287,80.83484329795498,6.962132125815903,481756.7813054265,769565.8940462263
NEG01288,80.72725197097219,7.646419121967137,469917.9505409533,845218.7942850263
NEG01289,80.6545426240484,7.331624271106261,461871.22542283597,810423.7094255765
NEG01290,80.49945805624992,7.7189801196384265,444802.8902716981,853263.261442886
NEG01291,80.66887799162133,6.931625370870462,463421.7373525566,766203.0545376565
NEG01292,80.6091414372055,7.389858708665981,456865.76712460775,816865.6804368914
NEG01293,80.49952297860503,7.743636570558008,444813.2529874338,855989.1279405393
NEG01294,80.90799304844622,7.169315325736212,489841.44048748765,792467.173584775
NEG01295,80.34964962976824,7.044240806958757,428173.41404266213,778689.5313730595
NEG01296,80.3452278075491,7.331183301455752,427730.39579397324,810412.9878691345
NEG01297,80.33972884377455,7.131771485107438,427091.44750783656,788367.9448121226
NEG01298,80.39251349395617,7.332326479647942,432949.85903627856,810532.0344556688
NEG01299,80.95315390264582,7.358621446626846,494829.85082199256,813393.800347629
NEG01300,80.97162989366392,6.897265110908149,496865.8121679458,762391.9978183901
NEG01301,80.61269719562405,7.421695977883208,457261.24481463945,820384.9779468144
NEG01302,80.44335840398385,6.709513400662932,438480.1809678209,741671.6905105698
NEG01303,81.04193123055957,6.926487468538748,504632.0689025157,765622.5273511701
NEG01304,80.96191450779901,6.907615301668568,495792.59606754605,763536.2458131035
NEG01305,80.68925129086134,7.630113215793206,465725.4252837467,843418.9959131464
NEG01306,80.62659971915716,7.02021121695849,458759.0473578763,775999.5713139197
NEG01307,80.44545600535818,7.361863124785883,438797.51358636207,813789.8433076163
NEG01308,80.85532433686235,7.551839981619448,484039.9167710204,834756.2425249687
NEG01309,80.77940478418574,7.630936655757843,475669.1671981385,843503.9054737545
NEG01310,80.81299825123139,7.5779845072451195,479371.8873910548,837648.2922779201
NEG01311,80.9710927999552,6.788638254561005,496805.7548729047,750383.7566345092
NEG01312,80.80153229821568,6.995839482221302,478078.8015327804,773293.5592368821
NEG01313,81.02460922525981,6.795685505699157,502719.27937985177,751162.7728976327
NEG01314,80.99944281015753,6.979036022950851,499938.45506701426,771431.3718657524
NEG01315,81.06854249470474,6.9889449883763906,507570.7687469388,772527.3238640904
NEG01316,80.5960686222274,7.389256091618922,455422.99867410236,816800.3475158473
NEG01317,80.21142383384205,6.829944961969744,412867.11058841605,755021.2496920006
NEG01318,81.23893155602251,7.139297204562637,526382.4070460048,789154.5711770048
NEG01319,80.29400156911623,7.110697050572162,422038.3436113216,786045.5294553811
NEG01320,80.98676526869704,6.797037334626342,498537.58782521286,751312.1625138551
NEG01321,80.75064066737139,7.174303237252575,472468.2673424355,793025.0382499301
NEG01322,80.56634231547663,7.352460719935244,452138.45835755736,812735.6516834502
NEG01323,80.86433257167741,7.6377328548394745,485036.64532195893,844251.3576228346
NEG01324,80.48785478848711,6.887949541177726,443418.9125748498,761392.4331805031
NEG01325,80.16180626510301,6.80737514954819,407379.9641993574,752535.2499453783
NEG01326,80.76332605408439,7.122551974183895,473865.9264914292,787303.289655422
NEG01327,80.41657973090145,7.783987271778509,435673.094355121,860461.7917359173
NEG01328,80.17323200001377,7.166457074386413,408712.2774480222,792232.353920926
NEG01329,80.46168378140382,6.795878664757892,440516.10223349376,751217.1239287091
NEG01330,80.18866375086354,7.002580859718729,410384.64472297346,774111.5290752912
NEG01331,80.3697533432701,7.323317242492774,430436.2573363923,809539.4848936042
NEG01332,80.49713025867425,7.022463393799609,444459.48443882767,776261.9161407327
NEG01333,80.2613920914609,7.171185471340681,418447.8866058456,792738.517125926
NEG01334,80.39880848024703,7.394093339006456,433653.8638869858,817359.6850614741
NEG01335,80.71251833404324,6.929049303755279,468242.45256953785,765915.135758852
NEG01336,80.4502003914605,7.351382581905231,439319.721834957,812630.5390964156
NEG01337,80.7411871027891,7.166080963916988,471423.9811749346,792116.6568424967
NEG01338,80.85832890244305,7.490923802432366,484369.19038603903,828021.886965227
NEG01339,80.1737944873148,7.00493189074832,408742.6215514019,774374.3155395349
NEG01340,80.57311021738897,7.1028467436086995,452859.5582083895,785139.9565557331
NEG01341,80.2132638745503,6.890967831668082,413081.50273570337,761767.3663956161
NEG01342,80.37566169772364,7.354430351130398,431093.2077247783,812978.2704711305
NEG01343,80.74207867606818,6.847720516297882,471503.09548328054,756922.5984135446
NEG01344,80.43961564541182,7.584856889001007,438184.2819601384,838443.4927380235
NEG01345,80.77267877397898,6.865940534504866,474884.97529590287,758935.0546475108
NEG01346,80.36386178251571,7.955120374082202,429889.04561232,879390.2118793511
NEG01347,80.6688786122411,7.537758422859924,463470.57390822034,833210.736230748
NEG01348,80.21453771090887,6.843911397940269,413213.7162978205,756564.7600213692
NEG01349,80.05654306081152,6.5700388194366655,395697.1247835391,726316.8353934492
NEG01350,80.6813490157191,6.924801151727704,464798.8898460668,765447.7088808775
NEG01351,81.00116892974391,6.775368972239241,500129.17024609586,748916.8017429772
NEG01352,80.38613092369833,6.924391588772816,432185.40690523013,765434.4300219656
NEG01353,80.86976627816843,7.5472331042990675,485632.94896111137,834246.4522951785
NEG01354,80.76892097117745,6.937594616840879,474473.6405144062,766856.3937597147
NEG01355,80.73909771715698,6.924347462968138,471178.3613708679,765393.664737689
NEG01356,80.59932300378142,7.553833012463385,455798.6960338206,834994.2397370953
NEG01357,80.27940999640313,6.781722154505261,420371.6293790347,749678.2494953255
NEG01358,80.63461930867986,7.030051028123269,459645.6474955502,777086.6531354373
NEG01359,80.421489878464,7.6753034939824705,436198.17859340785,848445.4484145417
NEG01360,80.45877570945797,6.783445250284265,440193.2161292754,749842.9633865642
NEG01361,80.72348157399557,6.944251560642245,469454.5295534845,767594.9880585974
NEG01362,80.33466974436664,7.5402931173770265,426599.75649106357,833533.0231088225
NEG01363,80.76647541531719,7.328316571836607,474225.3487071181,810050.0807962399
NEG01364,80.38520597657326,7.516683593671417,432171.53721698915,830914.6918784261
NEG01365,80.67379706421704,7.255188162912202,463990.2894458541,801972.1323850903
NEG01366,80.54530831124968,7.540386370437389,449838.31764648383,833513.526089506
NEG01367,80.60978096154007,7.290799502386786,456926.81546538824,805914.5576358392
NEG01368,80.52792204778814,7.26065514921606,447887.3998890121,802590.6830882307
NEG01369,80.15805133468248,6.99108631207256,407000.8717006858,772846.6610739051
NEG01370,80.30112346133866,7.626041602195637,422913.9661523571,843018.9320984266
NEG01371,81.27122565424922,7.011536921313277,529956.5250483023,775032.8879486717
NEG01372,80.39619317914283,7.168738542850212,433331.95690470794,792446.2329342857
NEG01373,80.86929039077921,7.509901407687073,485579.21663711563,830119.4720289691
NEG01374,80.53951605671737,6.830489978590787,449120.4069574469,755034.5046395282
NEG01375,80.46837916512507,7.023079321254346,441283.9995612496,776333.5126934549
NEG01376,80.27282925466943,7.207302725674895,419717.1102610284,796729.4837498681
NEG01377,80.60002166918538,7.562483502768608,455876.6497431213,835950.4968136338
NEG01378,80.57686924211214,7.310199948685943,453295.9027019836,808062.5669991528
NEG01379,80.62476318664707,7.305815472580331,458581.9890617365,807573.1752330678
NEG01380,80.20262741509327,7.2748871470858365,411979.15578273096,804214.4285057792
NEG01381,80.55781020748236,7.7117297483275,451236.957545358,852454.5986808079
NEG01382,80.27476089713777,6.796159782571953,419860.24510676484,751275.1558013087
NEG01383,80.96887304932136,7.416211434857123,496565.13253502053,819760.1309983148
NEG01384,81.00627081150239,6.99788503504309,500692.6206916659,773515.0683559654
NEG01385,80.74996896434574,6.922525215172797,472379.1998375307,765191.5747791335
NEG01386,80.65808995010505,7.662691868073088,462291.25246036425,847023.2176422176
NEG01387,80.90275314188123,7.630735203555878,489274.0485336652,843476.6239636685
NEG01388,80.37863892985379,7.620606666600204,431463.3983655417,842404.9943623715
NEG01389,80.71686458942332,8.04592334532231,468802.0865743255,889385.5430579269
NEG01390,81.36325164919238,6.876865585623831,540132.2059331196,760152.0512704671
NEG01391,80.71031457229128,6.970331431029381,468001.7971026782,770478.9270140505
NEG01392,81.20300500065822,6.963934130310347,522423.8738469258,769766.72844265
NEG01393,80.2312193799676,6.800357397075819,415049.31995672657,751746.6486311745
NEG01394,80.83620593222915,7.536138600179954,481930.18846414547,833021.2069450237
NEG01395,80.27351932206946,7.258858488207058,419802.4005708284,802429.1771477174
NEG01396,80.68831016514893,7.768458353302283,465632.7680493908,858713.3413892102
NEG01397,80.99238182507979,6.9401010680693425,499158.45791175077,767127.2616918306
NEG01398,81.09841078075986,6.894529587031669,510871.99931965093,762090.62409427
NEG01399,80.75755339616377,6.920365978961088,473216.93137207674,764952.4434052946
NEG01400,80.39918797295192,7.368553659297204,433691.94140505267,814536.1074985001
NEG01401,81.35259683077977,7.060888039444243,538939.8521940911,780494.5647001298
NEG01402,80.53310700415899,7.338274639759133,448468.6632053518,811171.0446686534
NEG01403,80.90923230630573,7.314446452924504,489981.4720220911,808511.0762585008
NEG01404,81.00743262473338,6.817916574257731,500821.25514107343,753620.2578015468
NEG01405,80.56243317602437,7.3095333663658835,451702.38514253555,807990.3984522694
NEG01406,81.11452797444893,6.898329578947368,512652.4588110999,762511.0961979114
NEG01407,80.34623090844484,7.388121216184916,427850.31753722404,816707.6129795638
NEG01408,80.37328578549236,7.332482618251506,430827.5810583949,810552.2136553841
NEG01409,81.23463891296466,7.1104001521882,525910.0408760577,785959.8155895466
NEG01410,81.07250160136054,6.919203050122349,508009.24792465,764817.6688389467
NEG01411,81.10344393471811,7.001613602101516,511425.4556657856,773928.5011395317
NEG01412,80.55539632985892,7.310228078900055,450925.73508670443,808067.9605873884
NEG01413,80.61776035007914,7.469643170850761,457824.55311536836,825685.1072504139
NEG01414,81.28271906874096,7.041013294311824,531224.0009071431,778292.1902476079
NEG01415,80.52274941680923,6.794541177332882,447263.8666663681,751062.1887108083
NEG01416,80.78835954141253,7.407898261668066,476644.92939128773,818846.5630580926
NEG01417,80.23259191680634,7.134926892108734,415261.09717490437,788735.0975517638
NEG01418,80.48194215229204,6.721199920441932,442745.92633652687,742958.9583644834
NEG01419,79.99073123690815,6.542648979074049,388414.5636800849,723302.7668563892
NEG01420,80.5545234717762,7.72612177786674,450876.16311108647,854046.062019891
NEG01421,81.34346143248762,7.03034331519366,537933.4341090283,777117.1322281023
NEG01422,80.96225818156793,6.825815452980188,495829.85044615867,754493.6018575709
NEG01423,80.21705639125328,7.0150362964641415,413523.2165504985,775483.2405481215
NEG01424,80.30890726228017,7.039083319865805,423672.65854113764,778125.8079686709
NEG01425,80.49991203287759,7.69543756999266,444849.9069562657,850660.4773758625
NEG01426,81.12550397912638,6.879906479103652,513865.5680060327,760474.796184659
NEG01427,80.8118155742315,7.525884657119571,479238.9399642563,831888.7206403746
NEG01428,81.25893755979129,6.859122688254402,528608.506157527,758183.1342056409
NEG01429,80.4017330693409,6.945380448988809,433911.9755690043,767752.5948120529
NEG01430,80.65487417483871,8.078210231227423,461974.4757107315,892960.2233915462
NEG01431,80.75379639559802,7.123793158809642,472813.70691845124,787441.0500869225
NEG01432,80.98488466537106,7.434255232835778,498332.0867837203,821754.7553690234
NEG01433,80.97465578691519,6.922580152450239,497200.24671090656,765190.4587094743
NEG01434,80.64712263107091,7.038353929892107,461027.2825494787,778003.4690819586
NEG01435,80.29854560234298,6.834633208055846,422494.7929017742,755524.6659244023
NEG01436,80.46036545262575,6.829806957397623,440374.61358001473,754968.0745913179
NEG01437,80.86202305285121,7.022737164561811,484761.02892043313,776264.6250798712
NEG01438,80.25957835967745,7.309151723297318,418272.45894528524,807991.9300408778
NEG01439,80.93260073618141,7.447546760614879,492562.9986929131,823224.6545066966
NEG01440,80.97554008930035,7.233664929479977,497299.7438727539,799579.915423337
NEG01441,80.95353660088853,6.972717521368288,494867.77180036745,770733.1367243412
NEG01442,80.99932792249344,7.427961182659373,499925.8380362741,821058.9284337797
NEG01443,80.99401520167135,6.871997202434471,499338.7943847889,759598.6426561205
NEG01444,81.24719467443981,7.0160597942692515,527302.053928076,775531.414912988
NEG01445,80.81515659815994,7.601938550850415,479611.10327600874,840296.3092179772
NEG01446,80.73855489981598,7.319818576529761,471143.1302975094,809112.3320534206
NEG01447,80.94028130723186,7.509414153174604,493411.4200124586,830063.9053932286
NEG01448,80.7126238898081,7.734242606749544,468311.08740759216,854928.8418060603
NEG01449,80.90457876114193,7.098859160898414,489462.85506725474,784678.5105733955
NEG01450,80.50325283604678,6.736600645355956,445102.9026254275,744659.0573387673
NEG01451,80.30848560850168,7.065497997448888,423630.4144810304,781046.142011035
NEG01452,80.49347102674659,7.029177468731577,444056.1252098257,777004.5982516352
NEG01453,80.40165630948987,7.526567482120043,433988.0141334708,832004.8908085516
NEG01454,80.91774254755768,6.892979369849259,490912.5226253602,761918.9158063811
NEG01455,80.42896889298866,7.462480369787514,436992.15092348034,824915.7588595942
NEG01456,80.3992413509279,7.9138501374225205,433781.8862236485,874821.6694224172
NEG01457,80.38434647640723,7.288348099978332,432041.75895154313,805671.2663428428
NEG01458,80.4595851731303,7.035832414374156,440314.3278473008,777744.4969899581
NEG01459,80.27391201814648,7.015599134980841,419803.40612837346,775535.3644359363
NEG01460,80.8912423894075,7.619048035837981,488004.1303437905,842184.9131812656
NEG01461,80.72419211862785,7.168033465966545,469547.64893654943,792333.5952598153
NEG01462,80.45632890651214,7.478148627614085,440013.2954409159,826644.1276496855
NEG01463,80.92924082440051,6.916316319792796,492183.19038277055,764498.5226891879
NEG01464,80.4810933852019,7.67066283928127,442771.20122179756,847923.9960016491
NEG01465,80.23560435841098,7.038009965006643,415576.12074239994,778019.7446729155
NEG01466,80.47920605356748,7.508831464345925,442541.5674163045,830033.1667168748
NEG01467,80.91138902753437,7.1137646195118,490215.21277227707,786326.1174863453
NEG01468,80.29132638962963,7.056376535950137,421733.755196751,780040.5666230331
NEG01469,80.69379124373772,6.807311745722371,466165.0871724427,752458.6504193633
NEG01470,80.55345092710847,7.539040763527551,450736.47844372806,833363.8388549392
NEG01471,80.53143169004366,6.815959080496317,448225.572486819,753428.9849342196
NEG01472,81.19059847384041,7.089613342211495,521047.7933963601,783659.6497305658
NEG01473,81.03077198706065,6.927592006206991,503399.31895762373,765744.535481434
NEG01474,80.83250657256778,7.562715908863105,481523.20130075596,835959.4742863593
NEG01475,81.17854863366752,7.161668597073847,519714.04579550517,791624.6597962565
NEG01476,79.98985053005333,6.553566087751382,388319.609230767,724509.9724703709
NEG01477,81.2324450147323,7.104046186486875,525668.1305774039,785257.2756222356
NEG01478,80.73388186812332,6.95987034626852,470604.37178462365,769320.947588959
NEG01479,80.893180459185,7.573837707738089,488216.6661998229,837186.8747447223
NEG01480,80.28225176258286,7.071175589394061,420734.01885543554,781678.2131424309
NEG01481,80.29820235291491,7.059277032506786,422493.6596851294,780360.0823752752
NEG01482,80.54297576858303,6.9025823572357945,449510.2844844517,763003.9063621095
NEG01483,80.54447078693882,6.838001883298127,449668.65989645646,755864.4190677283
NEG01484,80.46030359084136,6.9373817677295895,440381.20454475697,766860.5622083655
NEG01485,80.28967490082479,7.30554491443869,421594.04754774424,807587.8234029799
NEG01486,80.41643336684979,7.5701967849975835,435624.7952936888,836826.115929132
NEG01487,81.34795503557856,7.007668549227045,538431.5941159667,774610.8348291168
NEG01488,80.3764933286081,7.287792214329892,431174.7798436116,805611.0001045672
NEG01489,80.85933598938293,6.815930040621763,484457.49181601516,753402.9130340114
NEG01490,80.64919495361575,7.252454446766527,461274.1841962337,801671.9470908049
NEG01491,80.4941810230086,7.51474390046493,444194.53058725584,830684.8711290496
NEG01492,80.58918164566984,7.530559441927344,454677.4964886651,832422.3430595546
NEG01493,80.43533545913742,7.464780750687622,437694.98874524777,825169.1708727175
NEG01494,80.56695182342774,7.178017222586574,452187.29599270434,793450.7049686104
NEG01495,80.83971143284417,7.316198180971174,482308.12578691,808706.8674627211
NEG01496,80.55934092173862,7.704160928638171,451404.8990805566,851617.6670119383
NEG01497,81.06260929099928,6.824085546696044,506917.8192090283,754302.6539858768
NEG01498,80.22310117870724,7.353463119736117,414254.3599005847,812897.6937783067
NEG01499,80.29621607432505,7.151363552078161,422289.75383233954,790541.0538701771
NEG01500,80.58634729669706,7.65118772006103,454377.517274174,845758.3614153843
NEG01501,80.58970856075253,7.0652592685339375,454688.83600329596,780983.0167767039
NEG01502,80.42426092408655,6.925319913915842,436397.925145059,765531.7856184676
NEG01503,81.38277557619566,6.862559250463491,542290.5125844874,758572.1911491762
NEG01504,80.40875707602123,6.940563234820083,434687.25071156793,767219.0680398451
NEG01505,80.78858063860483,6.938491234126812,476645.4181935574,766954.499131739
NEG01506,80.34880870971466,6.791159561727579,428042.2346886695,750710.7368467047
NEG01507,80.82772603041909,7.5391293748215,480994.81084208045,833352.1958139179
NEG01508,81.00839615946178,7.231593198784765,500926.89969596977,799350.8264566503
NEG01509,80.27118589438452,6.77930807909687,419462.38132618985,749412.7206892866
NEG01510,80.31227372374752,6.930588500568946,424026.97414736735,766130.6971392998
NEG01511,80.76375025939545,7.1479725984046345,473914.20776759123,790113.4671254004
